area_id,msoa_name,la_code,la_name,raw_population_density,raw_car_access_hhshare,raw_share_work_from_home,raw_share_students,raw_share_routine_semiroutine,mean_age_adult,raw_prob_female,scaled_population_density,scaled_car_access_hhshare,scaled_share_work_from_home,scaled_share_students,scaled_share_routine_semiroutine,scaled_mean_age_adult,scaled_prob_female
W02000001,Isle of Anglesey 001,W06000001,Isle of Anglesey,62.8,0.8630968082300184,0.20816326530612245,0.05273603629146584,0.26566487099518005,53.79872910623014,0.5039857227840571,-0.7385763534300872,0.6348996398241148,-0.4925119732106015,-0.24719603888037903,0.0038108420907842304,0.6562949398195984,-0.5343496819376176
W02000002,Isle of Anglesey 002,W06000001,Isle of Anglesey,53.1,0.9011289770783442,0.30970724191063176,0.03888280394304491,0.20463672873311428,57.52071629213483,0.5117850408548082,-0.7435072959980442,1.0668380727353353,0.6555194254488073,-0.4337328434688836,-0.811892645207336,1.502527080665835,0.06109871774923681
W02000003,Isle of Anglesey 003,W06000001,Isle of Anglesey,2298.2,0.6803312629399586,0.12175980975029727,0.05821505893673322,0.38056290594178493,49.32469512195122,0.5159439375411532,0.39777715341641895,-1.4408027356460775,-1.4693683387742393,-0.17341980017947176,1.5395404959148302,-0.3609227902879013,0.378614730544513
W02000004,Isle of Anglesey 004,W06000001,Isle of Anglesey,99.2,0.9045468232460102,0.235790841182202,0.05146124523506988,0.2417407878017789,55.722714766126565,0.5118259224219489,-0.7200726101853825,1.105655188937171,-0.18016134804140685,-0.26436137937257187,-0.3159589783220171,1.0937329057796734,0.06421987058718644
W02000005,Isle of Anglesey 005,W06000001,Isle of Anglesey,100.0,0.8890060638017401,0.2877245508982036,0.04686393883618859,0.1952428146679881,57.866020984665056,0.5195441735081485,-0.7196659345096746,0.929155886271086,0.40698848985636743,-0.32626511590084506,-0.9374519065297191,1.581035660789568,0.6534791129937785
W02000006,Isle of Anglesey 006,W06000001,Isle of Anglesey,152.4,0.8252714708785784,0.1740942609810837,0.06419221803837188,0.28958221265913575,51.497051682275405,0.5095170454545455,-0.6930286777508141,0.20531023078786145,-0.8776878151863511,-0.0929360451037935,0.32349055507323393,0.13298485928334985,-0.1120541424537778
W02000007,Isle of Anglesey 007,W06000001,Isle of Anglesey,68.5,0.8936243936243936,0.22540592168099333,0.04885877318116976,0.2578459343794579,52.10606060606061,0.508558166521613,-0.7356787892406691,0.9816071191791966,-0.2975707115369126,-0.29940423498603064,-0.10069723611712714,0.2714493137878993,-0.185260917831907
W02000008,Isle of Anglesey 008,W06000001,Isle of Anglesey,831.4,0.8593637020968908,0.23960695389266817,0.06869479882237488,0.20490677134445534,55.026785714285715,0.5193212365591398,-0.34786269799382313,0.5925020574126297,-0.13701730977411022,-0.03230780970534093,-0.8082832497444347,0.9355062644718721,0.6364587211705284
W02000009,Isle of Anglesey 009,W06000001,Isle of Anglesey,55.9,0.9136690647482014,0.2666117517847337,0.04996998799519808,0.2382953181272509,54.42075716136462,0.5017430278884463,-0.7420839311330668,1.2092581865681522,0.16829233961346235,-0.2844414843869707,-0.36201120152133537,0.797719427995241,-0.7055709444202115
W02000010,Gwynedd 001,W06000002,Gwynedd,3111.9,0.6141263940520446,0.21473354231974923,0.5843221408735167,0.13696036354455945,32.98196517412935,0.5163087637840975,0.81141715007071,-2.1927037758571273,-0.4182300260015461,6.910727167662044,-1.7164564258793753,-4.076610851598534,0.4064678326432248
W02000011,Gwynedd 002,W06000002,Gwynedd,1265.2,0.7724321133412042,0.18610960390667391,0.13227752639517346,0.2571644042232277,47.21250732278852,0.5080577772472246,-0.12734281284127125,-0.3947962049442112,-0.7418452826650747,0.8238475286408882,-0.10980658312540642,-0.841150451985318,-0.22346374402160354
W02000012,Gwynedd 003,W06000002,Gwynedd,72.3,0.8454622084855297,0.23492462311557788,0.06761406133133882,0.23679880329094988,50.10968307287863,0.5121208429772202,-0.7337470797810571,0.43462020246075195,-0.18995459793985905,-0.0468601764820263,-0.38201365162906065,-0.18244769054347873,0.08673593815591306
W02000013,Gwynedd 004,W06000002,Gwynedd,206.1,0.8938790293371967,0.2500784436774396,0.06661605617764281,0.20971721389257925,51.063853211009175,0.5083268482490272,-0.6657305730189285,0.9844990644476879,-0.018629203796340296,-0.060298534235011886,-0.743986769194494,0.03449272284096322,-0.20292119197127031
W02000014,Gwynedd 005,W06000002,Gwynedd,72.5,0.8723040054775761,0.2438078185616234,0.06648745519713262,0.23476702508960573,50.38761588245583,0.5057846336398695,-0.7336454108621301,0.7394674956956753,-0.0895233598349329,-0.06203017457482431,-0.4091704436076835,-0.11925680225922562,-0.3970096503405166
W02000015,Gwynedd 006,W06000002,Gwynedd,1378.1,0.7449700924415443,0.19360953154616842,0.057019502754205746,0.29298794104510945,50.40181008475794,0.5204932472108045,-0.06995070810700874,-0.7066874967419564,-0.6570529325353588,-0.1895182257588367,0.3690115953385501,-0.11602960409819883,0.7259372961714441
W02000016,Gwynedd 007,W06000002,Gwynedd,77.4,0.8385797950219619,0.24610798277575355,0.05581039755351682,0.24675076452599387,52.68874656907594,0.5177784770295784,-0.7311545223484198,0.35645534949230445,-0.06351826501597647,-0.20579909183220213,-0.2489955196003714,0.40392897191000554,0.5186748733205454
W02000017,Gwynedd 008,W06000002,Gwynedd,63.9,0.867620206938527,0.22713950762016413,0.056447688564476885,0.2661800486618005,52.36042125117888,0.508843717001056,-0.7380171743759889,0.6862727223684687,-0.2779712123150734,-0.19721782893358206,0.01069671807625769,0.3292808275772577,-0.16346022006939387
W02000018,Gwynedd 009,W06000002,Gwynedd,28.2,0.7938549481957842,0.1909824046920821,0.057796508127633955,0.3034316676700783,52.40652131969902,0.4995888834073343,-0.7561650764044493,-0.15149307509889598,-0.6867545871051727,-0.17905567840078876,0.508602674349169,0.33976215320478637,-0.8700317180848559
W02000019,Gwynedd 010,W06000002,Gwynedd,28.5,0.8325718015665796,0.2241318835496317,0.04561590344337948,0.2600283990060348,56.453566621803496,0.5058558558558559,-0.7560125730260588,0.2882214475970952,-0.3119746754823974,-0.3430701855288375,-0.0715263660755834,1.2598996064102144,-0.3915721038593294
W02000020,Gwynedd 011,W06000002,Gwynedd,46.4,0.8824771287825475,0.24587912087912087,0.04677182685253118,0.2553191489361702,56.06531963072636,0.5227518124325158,-0.7469132047820969,0.8550055539033491,-0.06610572172268374,-0.3275054239144272,-0.13447030574282787,1.1716276522023823,0.8983701979529268
W02000021,Gwynedd 012,W06000002,Gwynedd,101.5,0.8161912993373668,0.20734528629265472,0.04404669260700389,0.3035019455252918,53.66696415290793,0.5041919257061782,-0.7189034176177226,0.10218502954789364,-0.5017598441558456,-0.3641999527760116,0.509542009702543,0.6263368198774804,-0.5186068696976285
W02000022,Gwynedd 013,W06000002,Gwynedd,31.1,0.8616305160807779,0.25421530479896237,0.04103852596314908,0.24120603015075376,57.06888265919103,0.5103584939650514,-0.7546908770800086,0.618246686487196,0.02814113766762232,-0.4047055748071301,-0.32310656080826455,1.3997980481854548,-0.04781273513399774
W02000023,Gwynedd 014,W06000002,Gwynedd,32.9,0.9077649077649077,0.3362646566164154,0.045475011256190905,0.20418730301665916,55.85481798715203,0.5041635124905375,-0.753775856809666,1.142203574847317,0.9557710697999586,-0.34496732965582805,-0.8178996791855236,1.1237679343698892,-0.5207761111146031
W02000024,Gwynedd 015,W06000002,Gwynedd,10.2,0.8636363636363636,0.31554441260744986,0.047699451245251163,0.24081891093288307,53.699858040965324,0.49815108293713684,-0.7653152791078747,0.6410274711769613,0.7215130516919637,-0.3150147585069376,-0.3282808047605259,0.6338155842904748,-0.9798023392188698
W02000025,Gwynedd 016,W06000002,Gwynedd,24.8,0.7922168172341904,0.2435328898743533,0.05188316679477325,0.2753651037663336,54.86845983787767,0.506201044386423,-0.7578934480262074,-0.1700976338679743,-0.09263163642535631,-0.25868011325686746,0.13346436595286934,0.8995092449626368,-0.3652182667351266
W02000026,Gwynedd 017,W06000002,Gwynedd,25.6,0.8287356321839081,0.2579022988505747,0.04005231322543731,0.2566617623017819,58.68273525334976,0.5132259919493962,-0.7574867723504997,0.2446533566438474,0.06982539191351572,-0.41798514509876705,-0.11652490606607456,1.766724065807743,0.1711098771244552
W02000027,Conwy 001,W06000003,Conwy,1260.9,0.6425360775964041,0.25284008156131665,0.04592251422378759,0.2974803576266594,55.65333503705597,0.5098528015194682,-0.12952869459820063,-1.8700497027067728,0.012593199623671192,-0.3389416042857577,0.42905733384768385,1.0779587094350203,-0.0864204383619848
W02000028,Conwy 002,W06000003,Conwy,1371.1,0.740790354989953,0.15910898965791567,0.06094929881337648,0.2973750449478605,55.485617021276596,0.5298852287971382,-0.07350912026945194,-0.7541575543140255,-1.0471076328032174,-0.13660266200264487,0.42764972227425424,1.0398262902561073,1.4429795240610133
W02000029,Conwy 003,W06000003,Conwy,679.5,0.8988682000730194,0.22138910812943963,0.04793070259865255,0.21270452358036573,58.27014303820388,0.5178333333333334,-0.4250802419188407,1.0411620067519278,-0.34298382449490444,-0.311900908436764,-0.7040583224214787,1.6729169740365424,0.5228629443784697
W02000030,Conwy 004,W06000003,Conwy,2858.6,0.7843601895734598,0.24302973977695166,0.0448843590748726,0.22206977655821247,59.68804664723032,0.5272016320979259,0.6826534642497294,-0.25932681912103445,-0.09832012853853549,-0.35292059050898233,-0.5788821458199643,1.995291970684578,1.238097078511904
W02000031,Conwy 005,W06000003,Conwy,784.0,0.8487953475491554,0.14864010120177104,0.051656208959579744,0.31577411352692253,54.540803382663846,0.5139500734214391,-0.37195823177951,0.4724752842879105,-1.1654663287948746,-0.2617361501649719,0.6735720762356503,0.8250131734533821,0.22639075551146565
W02000032,Conwy 006,W06000003,Conwy,1649.5,0.8735483870967742,0.23518005540166206,0.04270011273957159,0.22068771138669674,56.862802446157936,0.5274830094193395,0.06801401487686076,0.7536001697664992,-0.18706674289949446,-0.3823319453158368,-0.5973548591992704,1.3529435881482268,1.2595791714620799
W02000033,Conwy 007,W06000003,Conwy,3533.4,0.6812101910828026,0.18630234208658622,0.05969360802958267,0.29019193519985914,51.60931174089069,0.5033778927698721,1.0256843967092546,-1.4308205848469573,-0.7396662318768474,-0.153510813145207,0.33164011991852477,0.15850834042087159,-0.5807552017465071
W02000034,Conwy 008,W06000003,Conwy,949.8,0.835076187630714,0.27349678925861065,0.05519937451133698,0.22001563721657544,53.64999251160701,0.5123255510629973,-0.28767469798906947,0.3166642270836122,0.24613289170984756,-0.21402665078389804,-0.6063378172899297,0.6224781423392715,0.10236462530178769
W02000035,Conwy 009,W06000003,Conwy,711.1,0.8310381355932204,0.20711297071129708,0.06286672254819782,0.2616652696283878,51.50554803788904,0.5182104316546763,-0.4090165527283828,0.2708033171774514,-0.5043863473785345,-0.11078413189068168,-0.04964791745468967,0.13491659328489278,0.5516529731901312
W02000036,Conwy 010,W06000003,Conwy,674.4,0.8069620253164557,0.18541321335543454,0.04023829431438127,0.269126254180602,56.997130701494015,0.5237462342725501,-0.4276727993514779,-0.002633556354973747,-0.7497185041528083,-0.41548086904441706,0.05007576562555774,1.3834845012173729,0.974290539691861
W02000037,Conwy 011,W06000003,Conwy,310.9,0.8511642542479547,0.18468871015787905,0.05547021676053934,0.28281276668373445,51.059057730590574,0.5108393551973318,-0.6124560595012073,0.4993793993614664,-0.7579095603536338,-0.210379700639477,0.23300999177017273,0.03340242095158899,-0.011100801009064016
W02000038,Conwy 012,W06000003,Conwy,75.8,0.8563400070249385,0.2913185615691972,0.054018195602729344,0.22365428354814254,54.59489516864175,0.5166639832555144,-0.7319678736998355,0.5581613886963895,0.4476214967109998,-0.22993148322425777,-0.5577035906579207,0.8373114983975479,0.433587494115429
W02000039,Conwy 013,W06000003,Conwy,236.4,0.8184540010887316,0.2775698243593435,0.05646879756468798,0.2578386605783866,53.22652910832719,0.5129447774518556,-0.6503277318014956,0.12788295523095664,0.29218163177145723,-0.19693359162719742,-0.1007944579016981,0.5261993739209939,0.14964021516038534
W02000040,Conwy 014,W06000003,Conwy,14.1,0.9368949444245249,0.34191616766467064,0.047721952097965065,0.18224383216279488,54.08188976377953,0.4979536152796726,-0.7633327351887992,1.4730388326413353,1.0196656734014826,-0.3147117796020724,-1.1111965916502464,0.7206744332119711,-0.9948782470816299
W02000041,Conwy 015,W06000003,Conwy,19.2,0.868619022031166,0.27889997566317837,0.04673028346898681,0.24263261296660119,53.88010273046769,0.5083313776108894,-0.760740177756162,0.6976164516099725,0.3072199975399921,-0.32806481466333387,-0.3040388236189312,0.6747960718244957,-0.2025753923451996
W02000042,Denbighshire 001,W06000004,Denbighshire,3145.3,0.8015463917525774,0.1684027777777778,0.045666734321087886,0.31296935254718894,55.79571150097466,0.5198771540692715,0.8283958595315105,-0.06413991651371036,-0.9420343342101849,-0.34238573663895544,0.6360835794961964,1.110329465660165,0.6789009178809337
W02000043,Denbighshire 002,W06000004,Denbighshire,809.5,0.756993006993007,0.20066571564431765,0.0577716643741403,0.27968821641448877,53.938704028021014,0.5289744567289363,-0.358995444616324,-0.5701410144444342,-0.5772774385053485,-0.17939020497726813,0.19124718437686583,0.6881196806947026,1.3734455256305491
W02000044,Denbighshire 003,W06000004,Denbighshire,2511.7,0.8409455128205128,0.17625402669121032,0.049777777777777775,0.2611111111111111,56.024096385542165,0.5302887337233441,0.5063087243709368,0.3833232476311516,-0.8532700315631007,-0.28702963701915635,-0.05705481234454983,1.1622551226147049,1.4737855971555445
W02000045,Denbighshire 004,W06000004,Denbighshire,3389.0,0.6184636742248959,0.13497128270580727,0.05762273901808786,0.34069767441860466,52.59465096307201,0.5024043487351035,0.9522794372439976,-2.1434444762250275,-1.320002652274312,-0.18139551748062732,1.0067009374736426,0.382535366253738,-0.6550816021149685
W02000047,Denbighshire 006,W06000004,Denbighshire,3024.2,0.6411439114391144,0.09140316205533597,0.08459657701711491,0.3748166259168704,46.147710843373495,0.5228171038447719,0.7668353291212429,-1.8858607933319187,-1.8125731833864576,0.1818131129152976,1.462735591135223,-1.083242904037082,0.9033549500284934
W02000049,Denbighshire 008,W06000004,Denbighshire,122.9,0.8856036606828581,0.24339498018494055,0.0481972038263429,0.2253495217071376,52.46442617089739,0.5112646440372485,-0.708024843292539,0.89051415965373,-0.09419080969116046,-0.30831241109679575,-0.5350450002627704,0.3529274178194928,0.021368391404403442
W02000050,Denbighshire 009,W06000004,Denbighshire,210.2,0.8681088625261688,0.1684894053315106,0.05220808383233533,0.2541167664670659,52.67944757405052,0.5207647704121611,-0.6636463601809259,0.6918224749897577,-0.9410549442453654,-0.25430503425589324,-0.1505413761828035,0.4018147495671994,0.7466670643715584
W02000051,Denbighshire 010,W06000004,Denbighshire,165.8,0.8681644764730818,0.26527125160187953,0.04611650485436893,0.2173433362753751,55.15277190012696,0.5232974910394266,-0.6862168601827086,0.6924540929543658,0.1531369719463181,-0.3363294780008133,-0.6420558502506364,0.9641505220784635,0.9400306931758239
W02000052,Denbighshire 011,W06000004,Denbighshire,269.0,0.7260579064587973,0.1659367396593674,0.05654761904761905,0.3236607142857143,50.32274368231047,0.5067945643485212,-0.633755698016403,-0.9214767192259883,-0.969914758878332,-0.19587224311378965,0.7789845548631243,-0.13400616545378893,-0.31990526521273194
W02000053,Denbighshire 012,W06000004,Denbighshire,49.9,0.8980044345898004,0.24577373211963588,0.05167464114832536,0.22679425837320574,53.73146440427887,0.5103655641715461,-0.7451339987008753,1.0313520611053273,-0.06729722129755025,-0.26148795671064273,-0.5157346183134288,0.6410016166853397,-0.04727295164208996
W02000054,Denbighshire 013,W06000004,Denbighshire,38.4,0.9360398314821907,0.357511172224132,0.050315668643581404,0.17600918308781327,54.584504437869825,0.49730963639328224,-0.7509799615391749,1.4633271555148755,1.1959789860682548,-0.2797868188233156,-1.1945290478587922,0.8349490586827145,-1.0440435963922674
W02000055,Denbighshire 014,W06000004,Denbighshire,697.3,0.8412033511043412,0.2085792994883904,0.07369542066027689,0.2470713525026624,53.02358682391216,0.5079838568169854,-0.41603170813434226,0.3862515650959145,-0.4878083923569637,0.03502665745271992,-0.24471053367647708,0.4800583542906392,-0.2291072889431934
W02000056,Denbighshire 015,W06000004,Denbighshire,28.4,0.9108597285067873,0.3077541181197268,0.05129411764705882,0.21341176470588236,53.1209695860965,0.5026995757809487,-0.7560634074855223,1.177352031058682,0.6334378848946036,-0.26661178891180987,-0.694605322034096,0.5021993287778316,-0.6325421351515634
W02000057,Denbighshire 016,W06000004,Denbighshire,30.1,0.8438906195915542,0.26645547342485043,0.04759228030728874,0.23796140153644368,55.815808297567955,0.5032868366201699,-0.7551992216746434,0.41677137436073886,0.166525494645634,-0.31645783863505966,-0.3664743379939896,1.1148986794580251,-0.5877069939583336
W02000058,Flintshire 001,W06000005,Flintshire,158.0,0.8858974358974359,0.19843821773082224,0.04428212736818078,0.2723122574754622,54.30328596802842,0.5166634184369518,-0.6901819480208595,0.8938506195416456,-0.6024609858771528,-0.3610297722048324,0.09265995550636619,0.7710111416795017,0.4335443723570708
W02000059,Flintshire 002,W06000005,Flintshire,183.2,0.8731831395348837,0.22405816259087905,0.04757480022300688,0.27355510128228955,51.917848055252634,0.4987076174547666,-0.677371664236064,0.7494519851037523,-0.3128081466366438,-0.31669321179446874,0.10927183307331738,0.22865725087926508,-0.9373130363225175
W02000060,Flintshire 003,W06000005,Flintshire,659.3,0.7807244501940491,0.1302039082412914,0.05801456142378366,0.37408991101352135,49.84673338580906,0.5112537202380952,-0.4353488027304625,-0.3006185891560052,-1.37390142359925,-0.17611954305917707,1.4530223038064387,-0.24223201152835755,0.02053440070607683
W02000061,Flintshire 004,W06000005,Flintshire,651.1,0.7141158989598811,0.13695090439276486,0.05277001479533125,0.3968436626664475,47.99489633173844,0.5148099606815203,-0.4395172284064674,-1.0571043250421885,-1.297621532979113,-0.24673851089150683,1.7571494471939255,-0.6632662484809132,0.29203989153614535
W02000062,Flintshire 005,W06000005,Flintshire,677.4,0.8995967741935484,0.18864229765013055,0.04660766961651917,0.311897738446411,51.473744510215774,0.516049787094661,-0.42614776556757367,1.049436558885308,-0.7132112657799478,-0.32971583701410007,0.621760361933899,0.12768573354111562,0.3866959431161794
W02000063,Flintshire 006,W06000005,Flintshire,70.7,0.9342589968829697,0.315990818668707,0.047326279668287105,0.18615956534172148,54.96574585635359,0.5067242442936459,-0.7345604311324726,1.44310188492541,0.7265600095915058,-0.3200395954388081,-1.0588588161422938,0.921628223770801,-0.3252739351094511
W02000064,Flintshire 007,W06000005,Flintshire,581.5,0.7518882175226587,0.11816891412349184,0.0627269060104881,0.40762404195240015,47.96052112120016,0.5073529411764706,-0.47489801219304556,-0.628117060274411,-1.50996612770009,-0.11266679216209284,1.9012402330511575,-0.671081806824588,-0.2772753089000721
W02000065,Flintshire 008,W06000005,Flintshire,1073.9,0.8842838196286472,0.18251859723698194,0.055145826349312775,0.3348977539389876,49.62763695829926,0.5054295532646048,-0.2245891337948977,0.8755244787096509,-0.7824443270146799,-0.2147476885016204,0.9291790732006059,-0.29204584205564127,-0.42411869234823485
W02000066,Flintshire 009,W06000005,Flintshire,440.6,0.7415014164305949,0.14036996735582155,0.04949367088607595,0.40645569620253164,48.907764013246656,0.503505028954587,-0.5465237655770809,-0.7460818969514573,-1.258966442181652,-0.2908551984770692,1.8856240981466206,-0.45571637422086214,-0.5710488354919108
W02000067,Flintshire 010,W06000005,Flintshire,842.9,0.9310850439882699,0.26062573789846516,0.04957634757526591,0.2305750856318731,51.555321020228675,0.5148630839068677,-0.34201673515552355,1.407054710099854,0.10061592862344493,-0.2897419387678859,-0.46519999829299036,0.1462329937177254,0.2960956486205974
W02000068,Flintshire 011,W06000005,Flintshire,606.8,0.8154488517745303,0.16614542611415167,0.04375569735642662,0.35711030082041934,51.10223996451541,0.4961494031574894,-0.46203689394878655,0.09375291414345066,-0.9675554007895664,-0.36811826749332033,1.2260724617483234,0.0432203468163329,-1.132623010290925
W02000069,Flintshire 012,W06000005,Flintshire,420.1,0.9203377386196769,0.29828042328042326,0.05394032134659526,0.1995026778882938,52.82220986281053,0.5158920300271522,-0.5569448297670931,1.2849955591363207,0.5263306048715057,-0.23098007712159574,-0.8805144813448756,0.4342732270458444,0.37465178841762214
W02000070,Flintshire 013,W06000005,Flintshire,949.7,0.9155684610230065,0.3041825095057034,0.05793307534714318,0.1847256999772365,52.21757877280265,0.5104921426555001,-0.2877255324485329,1.2308299842136823,0.5930581502246579,-0.17721677090988164,-1.0780238920363605,0.29680411816303304,-0.03760916372864778
W02000071,Flintshire 014,W06000005,Flintshire,1060.1,0.9103269666558756,0.22845992194536174,0.04522613065326633,0.23936348408710217,53.89387290752479,0.5081687739735757,-0.23160428920085727,1.171301355381589,-0.2630429304488773,-0.34831856142802176,-0.3477340718862521,0.6779268634765971,-0.21498956429502628
W02000072,Flintshire 015,W06000005,Flintshire,734.2,0.8538812785388128,0.2212701612903226,0.0517860917353625,0.2939124920735574,48.144366197183096,0.5079269860313651,-0.39727379259232015,0.5302371508364161,-0.34432860840670154,-0.25998725017136415,0.3813691646522541,-0.6292827343231429,-0.23344915806295097
W02000073,Flintshire 016,W06000005,Flintshire,1590.5,0.8090650317495074,0.23610493552690084,0.055028235011414156,0.2638471704914093,52.5476795197414,0.5196097753251873,0.03802168379341088,0.02125067982196377,-0.17661027409381036,-0.21633108159481398,-0.02048458268918582,0.3718559245837527,0.6584875632990378
W02000074,Flintshire 017,W06000005,Flintshire,1749.2,0.8352542372881355,0.20690385429902583,0.04648850217526414,0.3008079552517091,50.58224040428348,0.513752156703542,0.11869597096194473,0.3186863702412569,-0.5067505664616361,-0.3313204526838312,0.4735340766497529,-0.0750069116655389,0.2112805635851968
W02000075,Flintshire 018,W06000005,Flintshire,361.8,0.9374297489696516,0.32584615384615384,0.05196304849884527,0.18302540415704388,51.11611329956856,0.5115701195837863,-0.5865813196342988,1.4791127075774995,0.8379820220668293,-0.2576044886338258,-1.1007500832419488,0.04637459250185346,0.044690292585937104
W02000076,Flintshire 019,W06000005,Flintshire,141.6,0.9103685196752029,0.26885823304960377,0.051459912889175674,0.2161638974028069,53.62204107226838,0.5065555859054903,-0.6985187993728694,1.171773280769871,0.19369050811946553,-0.2643793197015479,-0.6578202560763544,0.6161230945731646,-0.3381503643574953
W02000077,Flintshire 020,W06000005,Flintshire,180.8,0.8918918918918919,0.23830966401108417,0.059185700099304864,0.22184707050645483,52.908151549942595,0.5158887785501489,-0.6785916912631874,0.9619307739689835,-0.15168415232866359,-0.1603499045540783,-0.5818588397897891,0.45381295522253506,0.37440355046134505
W02000080,Wrexham 003,W06000006,Wrexham,1169.7,0.8389241462677546,0.15798001620307858,0.06548757170172084,0.3274378585086042,49.436679174484055,0.5076825396825397,-0.17588972162888927,0.3603662107968989,-1.059871530946127,-0.0754938246099843,0.8294699473466237,-0.3354620619773973,-0.2521117111088662
W02000081,Wrexham 004,W06000006,Wrexham,1529.9,0.8171595168679717,0.16882621951219512,0.06265930331350893,0.3111724723874257,49.75410176531672,0.5146886016451234,0.007216001358545453,0.11318125657229804,-0.9372470053811472,-0.11357707726804478,0.6120664398906416,-0.2632927649925682,0.2827745886783153
W02000082,Wrexham 005,W06000006,Wrexham,1633.9,0.8243694925554543,0.15630026809651473,0.061523276854745845,0.323901957558809,48.1675527630095,0.5165493875423508,0.060083839200558806,0.1950662947934705,-1.0788623527817214,-0.1288739220921204,0.7822090177397026,-0.6240110296508486,0.424838545374621
W02000083,Wrexham 006,W06000006,Wrexham,702.3,0.8385964912280701,0.16928487690504104,0.06107749927974647,0.30178622875252087,49.16993830622546,0.5093796754517206,-0.4134899851611685,0.35664497141817225,-0.9320615369188948,-0.13487641467336078,0.48660970170674406,-0.39610834707275777,-0.1225418219669142
W02000085,Wrexham 008,W06000006,Wrexham,3270.3,0.7965559655596556,0.1714840903570561,0.07445830597504924,0.272225869993434,53.09942182001006,0.5056028686687584,0.8919389338608535,-0.12081711727831088,-0.9071977667604655,0.0452990751315695,0.09150529852784103,0.4973002221138327,-0.41088671756426853
W02000087,Wrexham 010,W06000006,Wrexham,4890.9,0.5865176640230714,0.0704110704110704,0.08257244938467646,0.4372766971020246,46.076713925033985,0.5258708643054948,1.715762183925919,-2.506261270591184,-2.0499046444638096,0.15455779147564805,2.2975782718092534,-1.0993847850267462,1.1364979970063585
W02000088,Wrexham 011,W06000006,Wrexham,2082.7,0.7278841179513709,0.1504603637996856,0.08560742485108741,0.3181881146973265,47.194677114293434,0.4964277483291081,0.2882288932726317,-0.9007360947979547,-1.1448868844389553,0.1954244001681194,0.7058376687975958,-0.8452043336224366,-1.111372410495225
W02000089,Wrexham 012,W06000006,Wrexham,4093.5,0.6734486266531028,0.09745656006043818,0.06555232558139534,0.41337209302325584,47.007105300554215,0.5027868091035764,1.3104082041641745,-1.518970119260154,-1.7441349440066245,-0.07462189945234651,1.9780688096696384,-0.8878507183558566,-0.6258822013103166
W02000090,Wrexham 013,W06000006,Wrexham,167.2,0.8562447611064543,0.17253660466956866,0.062039045553145336,0.2915401301518438,50.755564977740086,0.5103472465801473,-0.6855051777502199,0.5570796630410548,-0.8952982970064991,-0.12192898372059445,0.34966012320109563,-0.03559978382455691,-0.048671430379024945
W02000091,Wrexham 014,W06000006,Wrexham,809.3,0.8592758491974617,0.15384615384615385,0.056818181818181816,0.29839341692789967,51.40821347464043,0.5117779929009358,-0.359097113535251,0.5915042956531712,-1.1066079691099544,-0.19222905621039924,0.4412613044836146,0.11278657732241472,0.060560633160773834
W02000092,Wrexham 015,W06000006,Wrexham,447.8,0.7558372248165444,0.1307277628032345,0.07031393427574811,0.33706627501376907,49.64880740477038,0.5208147487362474,-0.5428636844957109,-0.583267448124273,-1.3679788518667682,-0.01050579656704041,0.9581635734231898,-0.28723252289436907,0.7504827201540641
W02000093,Wrexham 016,W06000006,Wrexham,107.7,0.8603351955307262,0.2300995024875622,0.05741360089186176,0.25120772946859904,50.89300635785649,0.5063329772623226,-0.7157516811309871,0.6035354894808321,-0.24450623328555635,-0.1842116081086236,-0.1894236284745241,-0.004351069756644852,-0.35514569127303186
W02000094,Wrexham 017,W06000006,Wrexham,665.6,0.7602721800575766,0.14696485623003194,0.06642274134534197,0.35533352096819587,50.05319440636139,0.5065737723339702,-0.4321462317842636,-0.5328988345308048,-1.1844062392879737,-0.0629015607482481,1.2023239832939727,-0.19529097097750675,-0.3367618994127266
W02000095,Wrexham 018,W06000006,Wrexham,53.2,0.9297101449275362,0.3384565075212557,0.050548225236944806,0.17970637427987363,54.84713261648746,0.5107249099733835,-0.7434564615385807,1.3914397251098372,0.9805516007982391,-0.27665539341147355,-1.145112309338044,0.894660281407982,-0.019838260468166332
W02000096,Wrexham 019,W06000006,Wrexham,48.7,0.8686725663716814,0.19648191171589777,0.04798356982823002,0.29088872292755785,53.38605656638443,0.5202786377708978,-0.745744012214437,0.698224564668834,-0.6245785038789032,-0.3111890396234215,0.34095339996152,0.5624695854001674,0.7095526781329303
W02000097,Powys 001,W06000023,Powys,17.6,0.9289415247964471,0.3581479800272356,0.04480832698654481,0.19801980198019803,55.68271334792122,0.49769040713288215,-0.7615535291075776,1.3827103629677338,1.2031785795578975,-0.3539443792137516,-0.9003346332392246,1.0846381711462534,-1.0149731923536602
W02000098,Powys 002,W06000023,Powys,52.0,0.9275786393562546,0.28704596592735454,0.04477892756349953,0.2257761053621825,54.768301478543094,0.5085449608688708,-0.7440664750521424,1.3672318189062065,0.39931657391173925,-0.354340248877501,-0.5293432737781218,0.876737209861515,-0.18626911941066526
W02000099,Powys 003,W06000023,Powys,170.2,0.7531188443860801,0.17068339385935952,0.044797687861271675,0.3675939306358382,52.32826274848747,0.5115228197017623,-0.6839801439663157,-0.6141406015295894,-0.9162502458034371,-0.354087637363341,1.3661968876772312,0.321969260605179,0.041079125711977166
W02000100,Powys 004,W06000023,Powys,12.2,0.8608045567817728,0.3621329733378333,0.037163443306788016,0.22715206674251043,55.07494529540482,0.5072463768115942,-0.7642985899186051,0.6088661127238774,1.248231940643332,-0.4568844106234745,-0.5109521438056359,0.946455841511528,-0.2854110946128279
W02000101,Powys 005,W06000023,Powys,43.3,0.9319010944466963,0.2881854987118145,0.041366143402630465,0.21807382265591854,55.20618766537757,0.5041561257679797,-0.7484890730254646,1.4163227473131652,0.4121998532563823,-0.40029413430347816,-0.6322921532749964,0.9762951467440583,-0.5213400594093173
W02000102,Powys 006,W06000023,Powys,23.4,0.9228475587029444,0.334107498341075,0.04249182849452028,0.22707171697750433,54.520611826151836,0.49902470741222366,-0.758605130458696,1.3135000537913344,0.9313827651975684,-0.3851365382469897,-0.5120261005260881,0.8204224150115249,-0.9131044188495814
W02000103,Powys 007,W06000023,Powys,30.5,0.9409623938536191,0.3085217391304348,0.04204753199268738,0.21897217144017875,55.184251660805,0.5101899827288429,-0.7549958838367894,1.5192336142052043,0.6421164205599511,-0.3911190878539922,-0.6202848037314963,0.9713077700595403,-0.06067792988812855
W02000104,Powys 008,W06000023,Powys,267.3,0.7590682196339434,0.1815955213435969,0.04313650306748466,0.31058282208588955,52.87357169185404,0.497660158141036,-0.6346198838272821,-0.5465724375468505,-0.7928803976156863,-0.37645585407049553,0.6041851610343396,0.44595086814946394,-1.0172825883320715
W02000105,Powys 009,W06000023,Powys,1324.4,0.7318435754189945,0.12036199095022625,0.06777525825144873,0.41521793902746285,47.112282422162295,0.5180023228803716,-0.09724881283889439,-0.8557677980761846,-1.4851717367282906,-0.044689624683677376,2.002740427825429,-0.8639376159347862,0.5357646563531481
W02000106,Powys 010,W06000023,Powys,17.6,0.886892880904857,0.3134715025906736,0.03477785870356883,0.24180626365622723,55.66228761604484,0.5062394084116469,-0.7615535291075776,0.9051560740969594,0.6980772373243285,-0.4890068292596396,-0.3150838266161372,1.0799941705221894,-0.36228931868891034
W02000107,Powys 011,W06000023,Powys,18.6,0.8986246672582077,0.3182122905027933,0.039843472073995016,0.22305229455709713,56.6168468981218,0.5037840049089793,-0.7610451845129429,1.0383961591661186,0.7516754275813048,-0.42079723689632287,-0.5657497887086853,1.2970230597928778,-0.5497500778201379
W02000108,Powys 012,W06000023,Powys,16.4,0.8993957703927492,0.33492975734355046,0.03744098974442455,0.24238971186716587,56.93972347366786,0.5043683261683539,-0.7621635426211392,1.0471537212414002,0.9406790246532007,-0.45314718711494484,-0.30728544503871985,1.3704323764042226,-0.5051393624163888
W02000109,Powys 013,W06000023,Powys,441.3,0.771265189421015,0.26553419758605273,0.039654081417422486,0.29951487028053153,55.17693079237713,0.5005359056806002,-0.5461679243608366,-0.408049177484991,0.15610977502215145,-0.4233474235247876,0.4562506745787386,0.9696432951827767,-0.7977301537726195
W02000110,Powys 014,W06000023,Powys,11.7,0.8859231013663806,0.3669441874807277,0.042783505154639176,0.21872852233676976,55.22484718321493,0.5054093567251462,-0.7645527622159225,0.894142107057915,1.3026263526647315,-0.381209048201114,-0.6235414229887943,0.980537580405966,-0.4256606216542014
W02000111,Powys 015,W06000023,Powys,26.1,0.8941117007834218,0.37221269296740994,0.04105612385955212,0.19339231407243573,55.82559531728083,0.5185491493383743,-0.7572326000531823,0.9871415574452999,1.3621907889313722,-0.40446861528173267,-0.962185738055467,1.1171238592424946,0.5775127856601427
W02000113,Powys 017,W06000023,Powys,744.1,0.7965006729475101,0.2488771466314399,0.05263921113689095,0.2718967517401392,52.20845501321096,0.5042393410852714,-0.3922411811054362,-0.12144508578404906,-0.032210774796812634,-0.24849981077158292,0.08710629673956442,0.29472973740184033,-0.514986885059813
W02000114,Powys 018,W06000023,Powys,29.1,0.9180487804878049,0.3882926829268293,0.044068364611260055,0.15398793565683647,57.344866250200226,0.513400576368876,-0.755707566269278,1.2589994348441949,1.5439872280785236,-0.3639081344969777,-1.4888655237581738,1.46254576154207,0.18443873642298403
W02000116,Ceredigion 001,W06000008,Ceredigion,38.1,0.8820449645826918,0.3318815331010453,0.05200064798315244,0.19893082779847723,54.08023635515472,0.5188807389296387,-0.7511324649175654,0.8500973845062672,0.906216545857631,-0.25709820335105316,-0.8881578421811279,0.720298513723165,0.6028283952660242
W02000117,Ceredigion 002,W06000008,Ceredigion,1549.8,0.5849440488301119,0.30147551978537895,0.5500954198473282,0.1137881679389313,34.04220893422441,0.4939248690224055,0.017332058791776784,-2.5241331117465733,0.5624535855946499,6.449856880411349,-2.0261765003115615,-3.8355535071987776,-1.302457767479755
W02000118,Ceredigion 003,W06000008,Ceredigion,1132.6,0.7621681415929203,0.2438846294267981,0.19062674353728845,0.2293100241770504,46.280072463768114,0.5163337978015172,-0.19474930608983834,-0.5113660458617623,-0.08865495495334955,1.609532503972409,-0.48210883743009003,-1.0531491256875496,0.40837908507261367
W02000120,Ceredigion 005,W06000008,Ceredigion,43.8,0.8768183225007737,0.32881462799495587,0.04356370782836554,0.1957091385522437,56.008951005025125,0.5071378091872791,-0.7482349007281474,0.7907374358466235,0.8715428657809423,-0.37070344849499826,-0.9312190112702784,1.1588116642848636,-0.2936998215976482
W02000122,Ceredigion 007,W06000008,Ceredigion,37.6,0.9047285464098074,0.3876425156307466,0.037429249589191166,0.19664049662223845,56.8769987699877,0.5101105845181675,-0.7513866372148827,1.107719052791669,1.5366365954241463,-0.45330527087384886,-0.91877045889004,1.3561712686604284,-0.0667396826023755
W02000123,Ceredigion 008,W06000008,Ceredigion,33.7,0.8749625187406297,0.291934989267096,0.08311406902956199,0.23587679925708094,54.13184855233853,0.5157675267135783,-0.7533691811339581,0.7696607265181556,0.4545906777087794,0.16185081849766456,-0.3943371777573877,0.7320330786034633,0.3651464319042963
W02000124,Ceredigion 009,W06000008,Ceredigion,112.9,0.808566642737497,0.2657404670410878,0.04850644012058098,0.2619895861879967,55.86867501304121,0.5179292055805373,-0.7131082892388865,0.015590382885271658,0.15844180710207378,-0.30414847673554624,-0.04531309520947852,1.12691847199892,0.5301824273966167
W02000125,Ceredigion 010,W06000008,Ceredigion,41.4,0.9163958641063515,0.32338940019041573,0.0433083176985616,0.22482801751094433,56.521889055472265,0.5155788342734354,-0.7494549277552707,1.2402269553049512,0.8102065652660426,-0.3741423324708742,-0.5420154367812005,1.2754334157501017,0.3507404786534052
W02000126,Pembrokeshire 001,W06000009,Pembrokeshire,28.8,0.9208138575749244,0.33765203595980964,0.04781164235158168,0.21132457027300303,54.79862764318723,0.5043784967161274,-0.7558600696476685,1.2904029308859855,0.9714564418065273,-0.3135040807133518,-0.7225028085782205,0.8836321758967691,-0.5043628796084372
W02000127,Pembrokeshire 002,W06000009,Pembrokeshire,48.9,0.8587176602924634,0.2831723436705643,0.04195976798716525,0.24768604220659016,55.831266973668676,0.514852513502285,-0.74564234329551,0.5851648401818067,0.35552234675968175,-0.39230084939066723,-0.2364945776189095,1.1184133687672475,0.29528863825946833
W02000128,Pembrokeshire 003,W06000009,Pembrokeshire,34.9,0.900909375979931,0.32998522895125554,0.03791164658634538,0.21204819277108433,55.05520334003402,0.4963382617106536,-0.7527591676203964,1.0643440221148612,0.8847773942883976,-0.4468096897611496,-0.7128308544060352,0.9419673045221508,-1.1182043749399033
W02000129,Pembrokeshire 004,W06000009,Pembrokeshire,31.4,0.9333552199606041,0.30930930930930933,0.040382037533512063,0.1968833780160858,54.96984357361716,0.5132179930795848,-0.754538373701618,1.4328375219040757,0.6510204966482577,-0.4135453351485332,-0.9155241008555721,0.9225598820166071,0.1704991937050467
W02000130,Pembrokeshire 005,W06000009,Pembrokeshire,1666.9,0.6935889377749842,0.1512547267102097,0.05713211802292802,0.3431685773350874,48.06243154435926,0.5114059937378858,0.07685921082350534,-1.2902328505804885,-1.1359060113856574,-0.1880018365258413,1.0397270800210436,-0.64791142195839,0.032159905774913
W02000131,Pembrokeshire 006,W06000009,Pembrokeshire,726.6,0.8245116572148709,0.14089456869009584,0.05385011147316069,0.3146973074944263,51.91626990641931,0.5324080499653019,-0.40113721151154424,0.19668088533782316,-1.2530354276235836,-0.23219477280485523,0.6591794632001919,0.22829844247958658,1.635587366650836
W02000132,Pembrokeshire 007,W06000009,Pembrokeshire,45.0,0.8978219090326713,0.2998741346758968,0.05005899207820664,0.2189448845440755,54.809024979854954,0.513970482877203,-0.7476248872145856,1.0292790843201487,0.5443487166648908,-0.2832430249356182,-0.6206495209829795,0.8859961175300843,0.22794894017106007
W02000133,Pembrokeshire 008,W06000009,Pembrokeshire,44.9,0.9180327868852459,0.28739082969432317,0.038124010933678606,0.23809523809523808,55.65111141792075,0.5150416817687568,-0.747675721674049,1.2588177925178399,0.40321551943247597,-0.443950157360065,-0.36468547561525666,1.0774531467107997,0.30973091904867733
W02000134,Pembrokeshire 009,W06000009,Pembrokeshire,175.1,0.9023991275899673,0.1850415512465374,0.04556526723026222,0.2668004012036108,53.89361997226075,0.5157225156024964,-0.6814892554526055,1.0812634089221789,-0.7539204251822329,-0.34375201321740817,0.01898836374910098,0.6778693560378849,0.36171000402448467
W02000135,Pembrokeshire 010,W06000009,Pembrokeshire,809.5,0.7679929783499122,0.12855673637298595,0.05124747134187458,0.34221173297370194,51.639277578913116,0.5141496598639456,-0.358995444616324,-0.4452122887407166,-1.3925239464414287,-0.26723989161709083,1.0269378773113818,0.16532138248560577,0.24162842458863468
W02000136,Pembrokeshire 011,W06000009,Pembrokeshire,116.9,0.8920768623321926,0.2546528803545052,0.03745996379334354,0.24411641832613842,57.69016133298069,0.5111405516078525,-0.7110749108603475,0.9640315177482045,0.033088260026297625,-0.45289169739482493,-0.2842062486562406,1.5410521567901692,0.011894404342103456
W02000137,Pembrokeshire 012,W06000009,Pembrokeshire,1183.3,0.7764105642256902,0.11703847397348852,0.045454545454545456,0.37457912457912457,50.42638436482085,0.5106068743286788,-0.1689762351418568,-0.34961219644571095,-1.5227466079403276,-0.3452429061527977,1.4595611430485458,-0.11044238829419427,-0.028849834955555757
W02000138,Pembrokeshire 013,W06000009,Pembrokeshire,1532.8,0.7792061344158773,0.12282471626733922,0.0527930461459798,0.35293365716477054,50.21209487147647,0.5078181629905768,0.008690200682986142,-0.31786238454678006,-1.457328765782503,-0.2464283887158813,1.1702473510889748,-0.15916331280473742,-0.24175738512827027
W02000139,Pembrokeshire 014,W06000009,Pembrokeshire,97.9,0.9132327336041788,0.2659245516388373,0.041224613519248256,0.2132464383146408,56.69641040546432,0.5138529259451061,-0.7207334581584076,1.2043026924092175,0.16052302260389686,-0.40219986514924067,-0.6968150782036194,1.3151126430688962,0.21897391357845128
W02000140,Pembrokeshire 015,W06000009,Pembrokeshire,72.8,0.811778992106861,0.2037037037037037,0.047978067169294036,0.31339958875942425,51.685191347753744,0.5133241758241758,-0.7334929074837397,0.052073633632816425,-0.5429306874960654,-0.31126313412994844,0.641834126140321,0.17576035096122644,0.17860584415416123
W02000141,Pembrokeshire 016,W06000009,Pembrokeshire,215.8,0.7639841212558643,0.23376623376623376,0.03997601439136518,0.2662402558464921,57.10451710451711,0.5247148288973384,-0.6607996304509713,-0.4907416262306108,-0.20305106500160533,-0.4190125255933464,0.011501448626672068,1.407899906534229,1.048239071351114
W02000142,Carmarthenshire 001,W06000010,Carmarthenshire,34.7,0.8869096934548467,0.23864541832669323,0.049829642248722314,0.2651192504258944,54.14154035231463,0.5053879310344828,-0.7528608365393235,0.9053470173619826,-0.1478881960401299,-0.2863312705702048,-0.003481934399063643,0.7342366091995612,-0.4272963920000182
W02000143,Carmarthenshire 002,W06000010,Carmarthenshire,13.7,0.8997134670487106,0.3711755233494364,0.057547956630525435,0.21288573811509592,55.63150492264416,0.4977594550994802,-0.763536073026653,1.0507618613993899,1.3504648025461163,-0.18240247869116266,-0.7016362049777957,1.0729954079697224,-1.0097016415796718
W02000144,Carmarthenshire 003,W06000010,Carmarthenshire,32.8,0.9051204819277109,0.34921107472462043,0.046153846153846156,0.215993907083016,55.581607169090645,0.5097291611885354,-0.7538266912691295,1.1121703375469674,1.102140110932548,-0.33582666923326543,-0.6600923504171082,1.0616506395156777,-0.09585990941866505
W02000145,Carmarthenshire 004,W06000010,Carmarthenshire,22.1,0.8902439024390244,0.3696338383838384,0.05070189925681255,0.1958711808422791,55.63891960195862,0.5123465500211655,-0.7592659784317213,0.943214250476342,1.3330348888621073,-0.2745861391108578,-0.9290531504694685,1.0746812117182478,0.10396781623757485
W02000146,Carmarthenshire 005,W06000010,Carmarthenshire,25.0,0.9372759856630825,0.36440402728158494,0.04554384711555635,0.16520807287015538,55.04005548812207,0.502375478927203,-0.7577917791072805,1.477366389034805,1.2739079218552043,-0.34404043974853526,-1.3388969238036477,0.9385232842952103,-0.6572857026219209
W02000147,Carmarthenshire 006,W06000010,Carmarthenshire,66.0,0.8560801144492132,0.23328343313373254,0.09110755348566439,0.22995197205646922,49.38462629414268,0.5125752745306411,-0.7369496507272559,0.5552097402555195,-0.20850949103471986,0.26948483563296394,-0.473528548001371,-0.3472968207146955,0.1214300663857233
W02000148,Carmarthenshire 007,W06000010,Carmarthenshire,942.4,0.7586206896551724,0.16342412451361868,0.0759971678074109,0.2957281095114468,49.854520422212026,0.5225037821482602,-0.2914364479893666,-0.5516551189601057,-0.9983217720417166,0.0660201863994879,0.4056367471279904,-0.2404615485587146,0.8794340250088181
W02000149,Carmarthenshire 008,W06000010,Carmarthenshire,216.9,0.7280534351145038,0.23001453488372092,0.046766532700036535,0.25758129338692,54.516620498614955,0.5127887149279181,-0.660240451396873,-0.8988131282061653,-0.24546685626232387,-0.32757671083610135,-0.10423443342469454,0.8195149455664005,0.13772543244647356
W02000151,Carmarthenshire 010,W06000010,Carmarthenshire,124.5,0.8329215565163681,0.20290344361917623,0.05054509415262636,0.3050875454245127,52.17164775451494,0.5076258604400053,-0.7072114919411234,0.29219367977551963,-0.5519782325583352,-0.2766975541468868,0.5307351727141262,0.28636122784786683,-0.25643895663936067
W02000152,Carmarthenshire 011,W06000010,Carmarthenshire,250.5,0.8628198149156233,0.1988748241912799,0.05735870173475098,0.27252378287632906,54.263355704697986,0.519473015139258,-0.6431600730171457,0.6317537751056481,-0.5975248198708211,-0.18495083727077757,0.09548720865128872,0.7619325848401253,0.6480464409965858
W02000153,Carmarthenshire 012,W06000010,Carmarthenshire,59.8,0.9134512325830654,0.28117738187451585,0.047567125528145016,0.21711871337058744,54.714285714285715,0.5083044982698962,-0.7401013872139914,1.2067842260527328,0.3329677959377288,-0.316796553239968,-0.6450581649200807,0.8644561692388949,-0.20462752824142222
W02000154,Carmarthenshire 013,W06000010,Carmarthenshire,549.1,0.8075920023181686,0.20519877675840978,0.061709107951882516,0.2987033276050617,52.540212670360944,0.513206584152099,-0.49136837705921127,0.004521209916053347,-0.5260277566922309,-0.12637166571027303,0.4454035773882433,0.37015825943312314,0.16962816529564342
W02000156,Carmarthenshire 015,W06000010,Carmarthenshire,184.7,0.8940248027057497,0.2003671649619722,0.05581999134573778,0.28184047309966825,51.60196353436185,0.5089073634204275,-0.6766091473441118,0.9861546397745671,-0.5806527796027202,-0.2056699093208738,0.22001429441149095,0.15683764994514174,-0.15860105697118804
W02000157,Carmarthenshire 016,W06000010,Carmarthenshire,189.8,0.8991869918699187,0.2345758354755784,0.04876871076774505,0.25929502655721876,52.28283774291735,0.5090513403897517,-0.6740165899114747,1.0447825846297445,-0.19389790581072633,-0.3006169450879939,-0.08132863830302191,0.31164141749569,-0.1476089605855595
W02000158,Carmarthenshire 017,W06000010,Carmarthenshire,224.1,0.9058454295802275,0.232574679943101,0.054154609342703594,0.25258371227780074,51.24084507042254,0.5129076086956522,-0.656580370315503,1.120403703206956,-0.21652248150400308,-0.22809464236886967,-0.17103221208324132,0.07473364593466288,0.14680252137755703
W02000159,Carmarthenshire 018,W06000010,Carmarthenshire,196.3,0.8349587396849212,0.20812603648424544,0.05479992115119259,0.30376503055391285,52.9017617770969,0.5171188630490956,-0.6707123500463489,0.315330348864447,-0.4929328731780744,-0.21940537767661272,0.5130584099622886,0.45236017452108346,0.4683158437840435
W02000160,Carmarthenshire 019,W06000010,Carmarthenshire,342.5,0.8848964677222899,0.20933050590730082,0.05903767014878126,0.2541943653054764,54.05243161094225,0.5186201489611917,-0.5963923703107493,0.8824824373406566,-0.4793154360574234,-0.16234316022608145,-0.149504188407532,0.713976818605647,0.5829333379958079
W02000161,Carmarthenshire 020,W06000010,Carmarthenshire,1082.6,0.7997281377435432,0.1548235294117647,0.0660332541567696,0.3522565320665083,51.46815795480484,0.5187680461982676,-0.22016653582157553,-0.08479016631747138,-1.0955579996767708,-0.06814609096019768,1.1611968821820602,0.12641557260040742,0.5942247319787245
W02000162,Carmarthenshire 021,W06000010,Carmarthenshire,198.1,0.8338718362950996,0.21535637809727745,0.0540964887239509,0.28161575792178134,55.04912858515164,0.5207014125669751,-0.6697973297760064,0.30298618440730807,-0.4111883968205682,-0.2288772492168715,0.21701074641777937,0.9405861464008393,0.7418299328196257
W02000163,Carmarthenshire 022,W06000010,Carmarthenshire,3350.1,0.7818648417450813,0.14727668845315905,0.06479331165815141,0.3262888992104041,51.33088725817211,0.5224887556221889,0.9325048325127059,-0.287666949678844,-1.1808807403343726,-0.08484218799722502,0.8141129321800656,0.0952056651813601,0.878286806646795
W02000164,Carmarthenshire 023,W06000010,Carmarthenshire,502.5,0.8328295042321645,0.203394877903514,0.058644448005127386,0.2837686268226246,52.28512014787431,0.5170141223940821,-0.5150572351691903,0.2911482248201797,-0.5464221965662169,-0.16763798242539266,0.24578603934038712,0.31216034578225665,0.46031929141315714
W02000165,Carmarthenshire 024,W06000010,Carmarthenshire,2818.1,0.7568345323741007,0.12898703119523308,0.059358998672482455,0.3559643466717239,50.042010640249494,0.5167754668286018,0.6620655081670223,-0.571940840239791,-1.3876591382751673,-0.15801640134939265,1.2107556134759214,-0.19783371544891065,0.4420988427466851
W02000166,Carmarthenshire 025,W06000010,Carmarthenshire,919.1,0.8325545171339563,0.17715148465022648,0.057115198451113264,0.31973447655925874,48.83149096791588,0.513094718463553,-0.3032808770443561,0.288025145073018,-0.8431235910712125,-0.18822966226224358,0.7265063753426252,-0.47305783705113597,0.16108764359614472
W02000167,Carmarthenshire 026,W06000010,Carmarthenshire,2212.0,0.6900870303544895,0.15051944914230492,0.05717393932068174,0.3869213102864741,48.789956485946135,0.5006305170239597,0.3539578493589041,-1.3300046661043683,-1.1442188799861484,-0.18743870360129955,1.6245270677711778,-0.48250112952922547,-0.7905069359881236
W02000168,Swansea 001,W06000011,Swansea,418.2,0.8397458524532297,0.22834912043301758,0.06916920731707317,0.2629573170731707,50.09319526627219,0.514276941971139,-0.5579106844968992,0.3696984811568425,-0.26429562528557327,-0.02591979552605454,-0.03237838298421079,-0.18619636327810463,0.25134593147187817
W02000169,Swansea 002,W06000011,Swansea,137.8,0.831592039800995,0.21823274764451234,0.059507889810109654,0.2655790318266916,51.650513186955955,0.5153837731304062,-0.7004505088324814,0.2770941105435431,-0.37866886523639,-0.15601154960461622,0.002663513883051785,0.16787591375422678,0.335848299054597
W02000170,Swansea 003,W06000011,Swansea,1689.1,0.8162247309004989,0.22598870056497175,0.06126101321585903,0.24655837004405287,51.586779071323434,0.5161327494814474,0.08814446082439657,0.10256471804387786,-0.2909819558110195,-0.13240535937168618,-0.2515670684635544,0.15338530580133025,0.3930298071794264
W02000171,Swansea 004,W06000011,Swansea,365.2,0.910941475826972,0.29671864091226435,0.062124542124542124,0.18842490842490842,49.37908777969019,0.5110690185864805,-0.5848529480125406,1.178280450616244,0.5086734748626792,-0.12077775368052025,-1.0285801908328873,-0.34855605904845094,0.006433129046701877
W02000172,Swansea 005,W06000011,Swansea,938.7,0.815736830406757,0.22432893054963784,0.0686298076923077,0.2856971153846154,50.02134359692092,0.5104867817773876,-0.2933173229895151,0.09702354116480208,-0.309746910226564,-0.03318292949142533,0.2715622597351578,-0.20253258071828384,-0.03801844647158366
W02000173,Swansea 006,W06000011,Swansea,870.5,0.89086996618506,0.26681503461918893,0.057197330791229746,0.23546234509056244,47.80261927034612,0.51158374477782,-0.32798642434360464,0.9503245731729936,0.17059060569055384,-0.18712373233243546,-0.39987678123249654,-0.7069824197546449,0.045730524553551324
W02000174,Swansea 007,W06000011,Swansea,1290.1,0.8705854467883385,0.22683419340363473,0.05705249841872233,0.25401644528779255,51.862660944206006,0.5155633948952065,-0.11468503243486619,0.7199495042275671,-0.2814230202780214,-0.1890739319168368,-0.15188227126415324,0.21610989249367848,0.3495617405925695
W02000175,Swansea 008,W06000011,Swansea,3329.7,0.7067251461988304,0.1940391182862465,0.05643044619422572,0.3244750656167979,49.78297400126823,0.5152380952380953,0.9221346027821571,-1.141042482194724,-0.6521961297731604,-0.19745000122155718,0.7898691926061226,-0.256728364627948,0.32472634364011216
W02000176,Swansea 009,W06000011,Swansea,2504.2,0.7573326648282778,0.17563817980022198,0.05848592511615196,0.3067778081443017,52.66917095030974,0.5180507432658992,0.5024961399111761,-0.5662834570782483,-0.8602326460998058,-0.16977252780945137,0.5533272612797798,0.39947825326174075,0.5394613694264003
W02000177,Swansea 010,W06000011,Swansea,1075.5,0.8554216867469879,0.2113508720070943,0.05860415556739478,0.29799325164269225,49.23627230209596,0.5112190938973846,-0.22377578244348215,0.5477318540739896,-0.45647367038200903,-0.16818052891524332,0.4359126865093422,-0.3810266295566522,0.017890810718323227
W02000178,Swansea 011,W06000011,Swansea,2637.4,0.6420392584514723,0.1181026137463698,0.09429657794676806,0.3971102661596958,44.733793517406966,0.53017724927081,0.5702076399165241,-1.8756921703703437,-1.5107157035708039,0.31242574774411197,1.7607128753290089,-1.4047115781538129,1.4652741813818602
W02000179,Swansea 012,W06000011,Swansea,743.2,0.8835542816194912,0.2656875834445928,0.06744653628221532,0.22939133613598978,52.92702273929138,0.5130421361321191,-0.39269869124060747,0.8672389795134124,0.15784391807625084,-0.04911593792210578,-0.481022020004433,0.4581035145837857,0.15707318171369633
W02000180,Swansea 013,W06000011,Swansea,2377.0,0.7505179047055341,0.15175219023779724,0.07583774250440917,0.3557800224466891,48.07035175879397,0.5164794007490636,0.43783470747363684,-0.6436799584406296,-1.1302818102419236,0.06387348981312128,1.2082919318434582,-0.6461106795908639,0.4194953187381348
W02000181,Swansea 014,W06000011,Swansea,874.1,0.7629918894562931,0.1916386939273726,0.06736946137374403,0.3482128150222369,48.97687678175483,0.5242338328608074,-0.32615638380291956,-0.5020105877852535,-0.6793347413013184,-0.05015376842827105,1.1071484715243212,-0.440002874111036,1.0115168454321295
W02000182,Swansea 015,W06000011,Swansea,5005.7,0.7518290898448932,0.19896936730604065,0.05915538362346873,0.34332688588007737,49.35860880463732,0.5095668349720968,1.7741201433899876,-0.6287885843354648,-0.5964559385062952,-0.1607581225343031,1.0418430355037274,-0.3532121650573469,-0.10825290133523885
W02000183,Swansea 016,W06000011,Swansea,3553.4,0.6422222222222222,0.1835873388042204,0.1559589767770836,0.3226452905811623,44.822524809600736,0.4839467501957713,1.0358512886019495,-1.8736142167113647,-0.770361395882084,1.142723439414612,0.7654123793685561,-1.3845376045201727,-2.0642493540398803
W02000184,Swansea 017,W06000011,Swansea,1408.7,0.7824415251521948,0.2185719074756956,0.06871995727256543,0.2896564002136372,50.938199345842655,0.5118854274324524,-0.05439536351118551,-0.2811174486985583,-0.3748344070205284,-0.03196904566898382,0.3244821475529966,0.005924021764249962,0.06876285280129868
W02000185,Swansea 018,W06000011,Swansea,223.1,0.8887375113533151,0.30349840981372106,0.0544392523364486,0.1939252336448598,54.8836739276892,0.5139220365950676,-0.6570887149101378,0.9261058860412872,0.5853238861897974,-0.224261862179649,-0.9550627233680947,0.9029683250586119,0.22425024998986492
W02000186,Swansea 019,W06000011,Swansea,4887.4,0.5708984892658362,0.11834319526627218,0.09282371294851795,0.38502340093603743,44.94650521152667,0.5238203010071291,1.7139829778446973,-2.6836511505875666,-1.507995747665779,0.2925932982872784,1.5991595697883794,-1.3563493825558195,0.9799452543957637
W02000188,Swansea 021,W06000011,Swansea,1345.9,0.685243328100471,0.2347623213764946,0.14575563180665374,0.30986125615396093,45.49722870478413,0.49170381376919264,-0.0863194040542474,-1.3850154957373835,-0.19178954176178878,1.0053331669476147,0.594540694970434,-1.2311367212982827,-1.4720269252118112
W02000189,Swansea 022,W06000011,Swansea,2861.2,0.7703088502465611,0.32043204320432045,0.07178145887823308,0.1890438825922697,53.82779080999034,0.518015285696955,0.6839751601957796,-0.4189104998038041,0.7767714094782657,0.00925474329236385,-1.0203069685431456,0.6629024176429414,0.5367543183107676
W02000191,Swansea 024,W06000011,Swansea,5480.3,0.74822695035461,0.3557028445180889,0.29718564420345983,0.13103537309579139,43.188819095477385,0.4793849658314351,2.015380488003637,-0.6696987541647368,1.1755344746848886,3.0443714159897324,-1.7956499781017952,-1.755977433547767,-2.412524315365943
W02000192,Swansea 025,W06000011,Swansea,4250.6,0.4917025199754149,0.26833527357392317,0.2566276570336757,0.22868402197277288,42.0659868729489,0.4247040771591407,1.3902691399812928,-3.5830945403298697,0.18777805601365422,2.498249244866582,-0.4904759966153187,-2.0112649098399413,-6.5872030959989765
W02000193,Swansea 026,W06000011,Swansea,8393.9,0.6297343131712831,0.2816254416961131,0.4897205465960852,0.13898805859903976,37.187432286023835,0.4588862424861064,3.4964932989314264,-2.0154417282401464,0.3380334508477662,5.636896002367131,-1.689354209331243,-3.1204545674409125,-3.977524216751416
W02000194,Swansea 027,W06000011,Swansea,1668.1,0.8537794299876085,0.3836424957841484,0.2508349446299877,0.10493935665319037,49.86858760826116,0.5265412268624752,0.07746922433706695,0.5290804378501829,1.4914133479927316,2.420249104934812,-2.144449905935256,-0.23726322885167184,1.187677639654977
W02000195,Swansea 028,W06000011,Swansea,552.3,0.8869927948426242,0.3700854700854701,0.06304657311368721,0.10982306284319707,59.00208530805687,0.5231513476157568,-0.4897416743563801,0.9062908153176683,1.3381409265754278,-0.108362404675975,-2.0791741819418674,1.8393315915664519,0.9288731962049939
W02000196,Swansea 029,W06000011,Swansea,2529.1,0.8009305417082087,0.31929522990975506,0.06778384485031068,0.19374882319713801,56.15439599714082,0.526122969098439,0.5151539203175813,-0.07113424029613209,0.7639188760221695,-0.04457400425129689,-0.9574206292795111,1.191880082015998,1.1557452432592064
W02000197,Swansea 030,W06000011,Swansea,48.6,0.9164733178654292,0.4255573248407643,0.05604606525911708,0.12994241842610366,58.685620557681794,0.5125744540039708,-0.7457948466739006,1.2411066120884626,1.9652921681402964,-0.2026257746133952,-1.8102584341759562,1.7673800694799575,0.1213674222816768
W02000198,Swansea 031,W06000011,Swansea,1644.9,0.8661742983751847,0.4100502512562814,0.06805778491171749,0.11958266452648475,58.09120961682945,0.5212238147739802,0.06567562974154098,0.6698512692172238,1.7899729816006027,-0.04088534138775734,-1.9487271318987467,1.6322346168236936,0.7817133630544543
W02000200,Neath Port Talbot 002,W06000012,Neath Port Talbot,116.1,0.8282153983088563,0.17353787152444872,0.049215406562054205,0.3162149310508797,52.48167659184608,0.508874585527599,-0.7114815865360553,0.2387449635245021,-0.8839782184919828,-0.2946020884828456,0.6794640529242069,0.356849478783376,-0.1611035249629785
W02000201,Neath Port Talbot 003,W06000012,Neath Port Talbot,129.4,0.7936170212765957,0.16086159486709442,0.04282753856781027,0.350218742804513,52.70206162713367,0.5119227857683573,-0.7047206034274132,-0.15419525548286261,-1.0272931063598842,-0.38061612865847766,1.1339597462350026,0.40695628756771657,0.071615020276422
W02000202,Neath Port Talbot 004,W06000012,Neath Port Talbot,241.5,0.8484222389181066,0.2572192513368984,0.057499269077088,0.257967059740766,51.23977272727273,0.5090733900754778,-0.6477351743688584,0.46823781999699476,0.062103023549602045,-0.1830580672507876,-0.0990782718826436,0.07448983766933079,-0.14592555057970072
W02000204,Neath Port Talbot 006,W06000012,Neath Port Talbot,621.0,0.8779993240959784,0.2591973244147157,0.05709740144953156,0.21088916386777443,53.97936210131332,0.5183277794607695,-0.4548184007049732,0.8041502911674105,0.0844666346480895,-0.18846930278243498,-0.7283224601352313,0.6973637126288074,0.560612033804288
W02000205,Neath Port Talbot 007,W06000012,Neath Port Talbot,716.7,0.8039065492148603,0.21941830624465355,0.05939987752602572,0.2845478669116146,53.71574601926479,0.5204188481675392,-0.4061698229984282,-0.03733516815061297,-0.36526522926087734,-0.15746595864234664,0.25620137945187427,0.637427879878432,0.7202572109577574
W02000206,Neath Port Talbot 008,W06000012,Neath Port Talbot,3119.2,0.6181491464510332,0.18849449204406366,0.04956584659913169,0.3352026049204052,52.38749350424389,0.5034827377347062,0.8151280656115436,-2.147016626798167,-0.7148823198624914,-0.2898833367090935,0.9332537181009994,0.33543598328426744,-0.5727506857158289
W02000207,Neath Port Talbot 009,W06000012,Neath Port Talbot,484.9,0.8765323992994746,0.2510656436487639,0.04745838956365272,0.255510571300045,53.691468470434216,0.518955991617451,-0.5240041000347618,0.7874901527375626,-0.00746816203164711,-0.31826070679273466,-0.13191175023102764,0.631908128977838,0.6085736530082358
W02000208,Neath Port Talbot 010,W06000012,Neath Port Talbot,788.8,0.8369589101296419,0.258020873598763,0.23337740838685303,0.2230827351718927,43.505219399538106,0.4746735881705207,-0.3695181777252632,0.3380466575475901,0.07116596905615134,2.1851795598005648,-0.5653429187840263,-1.6840405639949438,-2.7722201583951622
W02000210,Neath Port Talbot 012,W06000012,Neath Port Talbot,2252.7,0.7564341663558374,0.18998410174880764,0.06299372088312741,0.3182094389305246,49.00912879539591,0.5103526366871562,0.3746474743605381,-0.5764878717595876,-0.6980411563589741,-0.10907407152426284,0.7061226889659793,-0.43267004646094376,-0.04825991612053391
W02000211,Neath Port Talbot 013,W06000012,Neath Port Talbot,847.7,0.7119431538671768,0.17478510028653296,0.0476569971310169,0.34523430028689833,49.65578589108911,0.5049872122762148,-0.33957668110127676,-1.0817805961799465,-0.8698773547276989,-0.315586412443847,1.0673375782785228,-0.2856458921182803,-0.4578897517233491
W02000212,Neath Port Talbot 014,W06000012,Neath Port Talbot,179.2,0.8137535816618912,0.2073170731707317,0.0524749373433584,0.3041979949874687,50.77052438465066,0.5109215458187928,-0.679405042614603,0.07449941538205102,-0.5020788148216094,-0.2507117933437721,0.5188454220723897,-0.03219860851055569,-0.004825858305837088
W02000213,Neath Port Talbot 015,W06000012,Neath Port Talbot,748.4,0.8629441624365483,0.23756906077348067,0.05256637168141593,0.25610619469026547,52.69583048530417,0.5157754406754554,-0.39005529934850686,0.6331660130860514,-0.16005723165004082,-0.24948060997645766,-0.12395063494043236,0.40553957326244827,0.365750632924461
W02000214,Neath Port Talbot 016,W06000012,Neath Port Talbot,3293.8,0.7390457643622201,0.13838782412626832,0.058884297520661155,0.38391012396694213,51.33123067408782,0.5259397328362846,0.90388503183477,-0.7739711953614182,-1.2813760694215826,-0.16440835622087224,1.584279485414843,0.09528374432860996,1.141755848535886
W02000215,Neath Port Talbot 017,W06000012,Neath Port Talbot,3487.0,0.6922202001819836,0.17106336687517,0.0518236683285227,0.3656520598268171,49.79276399897724,0.5155870231427666,1.0020972075182024,-1.3057778586326227,-0.9119543636902842,-0.25948127312289393,1.340241799875296,-0.25450250776536865,0.3513656678166454
W02000216,Neath Port Talbot 018,W06000012,Neath Port Talbot,827.9,0.7736497034030596,0.20864237342792646,0.054904586541680615,0.30984265148978907,50.67959117456197,0.5013904338153504,-0.3496419040750447,-0.3809678075855565,-0.4870952938015805,-0.21799603529343453,0.5942920246212723,-0.05287321086780993,-0.7324901666726475
W02000217,Neath Port Talbot 019,W06000012,Neath Port Talbot,128.4,0.820614828209765,0.26122594440484675,0.05710414246999613,0.294618660472319,50.10874079667737,0.5111771142723152,-0.7052289480220479,0.1524238717422776,0.10740171679175212,-0.18837853346697842,0.39080782695031335,-0.18266192674775272,0.014685825315713517
W02000218,Bridgend 001,W06000013,Bridgend,457.6,0.7153739612188366,0.116107931316435,0.05526116578349735,0.40045420136260407,48.99128014842301,0.5086271567891973,-0.5378819074682902,-1.042816277394812,-1.5332670959477075,-0.21319461778464155,1.8054079865548784,-0.43672812027599783,-0.1799937721591183
W02000219,Bridgend 002,W06000013,Bridgend,1139.7,0.7490015360983102,0.1641742522756827,0.05697577276524645,0.34820384294068507,50.94789806849538,0.5118483412322274,-0.19114005946793158,-0.6609016394478885,-0.9898410107730333,-0.19010705962807353,1.107028550485619,0.008129126302215153,0.06593146185479981
W02000220,Bridgend 003,W06000013,Bridgend,207.5,0.7881502890173411,0.13837037037037037,0.05065637065637066,0.3799227799227799,49.893265183403486,0.5124029065397143,-0.6650188905864397,-0.2162819530526127,-1.2815733973229058,-0.2751991916772349,1.5309845575123395,-0.2316525278469317,0.10827042301388796
W02000221,Bridgend 004,W06000013,Bridgend,248.8,0.7761699507389163,0.14808099123602297,0.05384864165588616,0.3777490297542044,48.49413443246671,0.5070239334027055,-0.6440242588280248,-0.3523448886786711,-1.171787489512089,-0.23221456421604536,1.5019301651074755,-0.5497593217587555,-0.3023938065168894
W02000222,Bridgend 005,W06000013,Bridgend,310.9,0.8183217859892224,0.17485493230174082,0.06276636962417667,0.31189461449050754,52.85327608736233,0.5076125688370586,-0.6124560595012073,0.12638136369362094,-0.8690878510193448,-0.11213540596933753,0.6217186070708118,0.4413364533272347,-0.25745372019075086
W02000223,Bridgend 006,W06000013,Bridgend,423.2,0.8246876183263915,0.23085106382978723,0.05032336297493937,0.27910266774454323,50.28754182247589,0.5155703580349709,-0.5553689615237255,0.19867930849025092,-0.23600926430970637,-0.2796832129680999,0.18342072801831732,-0.1420096710333882,0.35009334994506147
W02000224,Bridgend 007,W06000013,Bridgend,628.8,0.814336917562724,0.19229480737018426,0.052061561846855405,0.32737982139464183,48.54042473919523,0.5128481304816126,-0.45085331286682223,0.08112446997390013,-0.6719168829642945,-0.2562779848486481,0.8286942220091471,-0.5392347435141948,0.1422615849719831
W02000225,Bridgend 008,W06000013,Bridgend,829.3,0.7997364953886693,0.17653249144961852,0.05397489539748954,0.3548117154811716,50.526679306608884,0.5155405405405405,-0.3489302216425561,-0.08469524698344699,-0.8501217770160306,-0.23051452996167712,1.1953495197156903,-0.08763929976483154,0.3478168971603253
W02000226,Bridgend 009,W06000013,Bridgend,417.6,0.8725787631271879,0.23516813022060398,0.058979616451574,0.26812206006513084,51.60075196804136,0.5092398361802017,-0.55821569125368,0.7425879695523451,-0.18720156608396257,-0.1631248659608319,0.03665368506481254,0.15656218785729517,-0.13321802079403136
W02000227,Bridgend 010,W06000013,Bridgend,446.1,0.7921259842519686,0.16772756206238065,0.05568841817560642,0.3267851042022549,49.485009993337776,0.5182432432432432,-0.5437278703065898,-0.1711292409833613,-0.9496681581755718,-0.20744157084423523,0.8207452189786595,-0.3244735522742145,0.5541580137239487
W02000228,Bridgend 011,W06000013,Bridgend,1615.2,0.9055404178019982,0.2780132225800983,0.046914325984093425,0.21856438135507902,44.57938856015779,0.44265395050563183,0.05057779528088907,1.1169396275705328,0.29719458376090696,-0.3255866419298539,-0.6257353349482756,-1.439817136288206,-5.2167982398574395
W02000229,Bridgend 012,W06000013,Bridgend,2887.9,0.8173465637633224,0.169236700077101,0.05318515578487795,0.32585830521928955,51.4261221344635,0.5092214787008323,0.6975479608725275,0.11530558303868693,-0.9326062123690043,-0.2411485466365163,0.808357603455598,0.11685829567737213,-0.13461954482647054
W02000230,Bridgend 013,W06000013,Bridgend,207.1,0.9198294243070363,0.31373307543520307,0.048653163499686784,0.16976404259761954,53.602012072434604,0.5095103909827404,-0.6652222284242937,1.2792225387097456,0.701034516018722,-0.302172814333555,-1.27800173255305,0.611569295067209,-0.11256218617646283
W02000231,Bridgend 014,W06000013,Bridgend,3497.2,0.6940604198668715,0.23164945576332682,0.05170147509858332,0.32057835548415364,49.93440068007934,0.5015628756912719,1.0072823223834766,-1.2848781405525729,-0.22698284010623332,-0.261126631699287,0.7377856795517922,-0.2222999487868503,-0.7193248824612615
W02000232,Bridgend 015,W06000013,Bridgend,729.7,0.8948436865611044,0.2941988950276243,0.05026288117770768,0.23596214511041008,50.20045276805927,0.5091352009744214,-0.3995613432681765,0.9954548564050936,0.48018584330698194,-0.2804976136009353,-0.3931964432108883,-0.1618102649855498,-0.14120652251528304
W02000233,Bridgend 016,W06000013,Bridgend,4449.5,0.811866316184754,0.23039215686274508,0.056284042767803105,0.2919104296953803,49.28475777865301,0.5066859996777832,1.4913788798541432,0.05306538946748771,-0.241197554396866,-0.1994213553906653,0.3546095550174946,-0.3700029568309097,-0.32819376670312933
W02000234,Bridgend 017,W06000013,Bridgend,3815.3,0.8860465116279069,0.31976744186046513,0.06227192466156563,0.2100058858151854,49.63383027522936,0.5169172932330827,1.1689867379367886,0.8955437004085708,0.7692575890051047,-0.11879321557294674,-0.7401283739488427,-0.29063772763102935,0.452926751650439
W02000235,Bridgend 018,W06000013,Bridgend,1307.7,0.8312026515151515,0.3014154870940883,0.04074258659357089,0.1936207326189883,58.86098498078938,0.5196249454862626,-0.10573816756929463,0.27267175517769443,0.5617748706491424,-0.40869046316853436,-0.9591326907549873,1.8072509781592223,0.6596457476496891
W02000236,Bridgend 019,W06000013,Bridgend,1086.0,0.816875,0.2632515119174671,0.04922923918448533,0.25078733631692357,55.790512575612865,0.5165972122431384,-0.21843816419981735,0.10994994545305542,0.13030228837020774,-0.29441582919530285,-0.19504261255543195,1.1091474364055578,0.42848978017375744
W02000237,Vale of Glamorgan 001,W06000014,Vale of Glamorgan,88.4,0.9355590062111802,0.44549929676511957,0.05113524185587364,0.11885488647581441,54.25638563472249,0.5055392636037798,-0.7255627318074377,1.4578663332595716,2.1907512321427944,-0.26875108620133614,-1.9584546292779326,0.7603478676063992,-0.41574272341117946
W02000238,Vale of Glamorgan 002,W06000014,Vale of Glamorgan,152.3,0.9012474012474012,0.45763965963743986,0.05261221486387049,0.1177336276674025,58.03404550981414,0.5245576571079926,-0.6930795122102776,1.0681830381041344,2.3280072096472613,-0.24886332149445103,-1.973441399090748,1.6192377680321868,1.0362396004239236
W02000239,Vale of Glamorgan 003,W06000014,Vale of Glamorgan,74.0,0.9350610664283586,0.44508218105922254,0.05289974524202008,0.12408212198411508,53.134502923976605,0.5124204219198601,-0.732882893970178,1.4522111383025382,2.186035423847155,-0.24499166204247755,-1.888587284885577,0.5052762726024764,0.10960765595952872
W02000240,Vale of Glamorgan 004,W06000014,Vale of Glamorgan,2620.7,0.8371781115879828,0.3410418126605933,0.06147426981919332,0.21168289290681502,51.13187702265372,0.5187284650439036,0.5617182851861238,0.3405361693812499,1.0097804292755284,-0.1295338125483261,-0.7177134603997495,0.04995863738641902,0.5912028607317785
W02000241,Vale of Glamorgan 005,W06000014,Vale of Glamorgan,4574.2,0.8104245481294662,0.47278770253427504,0.053429688425542,0.13398886387868736,53.69051655928563,0.5145468842146649,1.5547694508050955,0.0366909608382379,2.4992672829211116,-0.23785586112747262,-1.7561735555529048,0.6316917021690055,0.27195499952849805
W02000242,Vale of Glamorgan 006,W06000014,Vale of Glamorgan,418.6,0.8715316315205327,0.3918918918918919,0.03933411903358869,0.16632292280494992,55.04309981749263,0.5187439143135346,-0.5577073466590452,0.730695500652288,1.5846790055762823,-0.42765578702925744,-1.3239958151360935,0.9392154439486465,0.5923823539637103
W02000243,Vale of Glamorgan 007,W06000014,Vale of Glamorgan,3579.4,0.7427841634738186,0.1808566895822316,0.06395348837209303,0.32585825027685494,48.071833648393195,0.5327202737382378,1.049068248062453,-0.7315134996065357,-0.8012334490593751,-0.0961505922930792,0.8083568690938128,-0.6457737567199846,1.6594244693632003
W02000244,Vale of Glamorgan 008,W06000014,Vale of Glamorgan,986.5,0.8755803156917363,0.39231638418079096,0.061909377271625876,0.16816089168887813,54.43660993400486,0.5210588466837237,-0.26901845136597435,0.7766771616834113,1.5894782117177058,-0.12367499550201669,-1.299429482742627,0.8013237192137884,0.7691186740763264
W02000245,Vale of Glamorgan 009,W06000014,Vale of Glamorgan,2804.7,0.8106659142212189,0.2494160394497794,0.06457426039945938,0.29043399909896384,48.2228453364817,0.51123459772892,0.6552536905989167,0.039432200546269246,-0.02611818421041713,-0.08779176112281835,0.33487555130034174,-0.6114396932960463,0.01907446954503146
W02000246,Vale of Glamorgan 010,W06000014,Vale of Glamorgan,1206.2,0.9121909633418585,0.34394637620444074,0.043762246897452645,0.20182887001959504,56.351261204919744,0.5096226415094339,-0.15733514392472112,1.1924711132964223,1.0426187152993813,-0.36803007649039854,-0.8494225463244756,1.2366394156504064,-0.10399228354172964
W02000247,Vale of Glamorgan 011,W06000014,Vale of Glamorgan,352.1,0.8612869198312236,0.310687432867884,0.07743785850860421,0.21879267959573886,53.06723022057852,0.52955409609402,-0.5915122622022557,0.6143443998156544,0.6666012250122645,0.08541940190687841,-0.6226838956589953,0.48998113025683304,1.4176987961349263
W02000248,Vale of Glamorgan 012,W06000014,Vale of Glamorgan,6731.5,0.7224108658743633,0.2312318540024886,0.06201550387596899,0.31639833035181875,46.523737137511695,0.5161290322580645,2.6514212448106282,-0.9628968391535793,-0.23170414362032515,-0.12224597755457356,0.6819153720009304,-0.9977494512094897,0.3927460112507905
W02000249,Vale of Glamorgan 013,W06000014,Vale of Glamorgan,5769.8,0.7463187806768277,0.2662107396149949,0.05318098462406545,0.27225278600648894,50.76240032436816,0.5302304357745836,2.162546248150395,-0.6913701929837268,0.16375859396454334,-0.24120471222948545,0.09186505854837043,-0.03404569733215701,1.4693347695345227
W02000250,Vale of Glamorgan 014,W06000014,Vale of Glamorgan,367.7,0.8908603259748298,0.3173881411422335,0.05798955335252105,0.22748107877624987,49.631754294638206,0.5015894836326145,-0.5835820865259538,0.9502150875079405,0.7423577961988668,-0.1764562822103673,-0.5065545617502645,-0.29110972321087925,-0.7172934669006098
W02000251,Vale of Glamorgan 015,W06000014,Vale of Glamorgan,1999.2,0.7840952746830581,0.3270868824531516,0.047384890478319175,0.23368350469378632,49.14847826086957,0.5213334541172208,0.24578211962063068,-0.2623355069261212,0.852009396665286,-0.3192503880579781,-0.42365280097050806,-0.4009875095247268,0.7900839117207742
W02000252,Rhondda Cynon Taf 001,W06000016,Rhondda Cynon Taf,112.2,0.7572667006629271,0.16963503649635037,0.05714285714285714,0.32816326530612244,51.24182227519534,0.5125299629548922,-0.7134641304551308,-0.5670326244035062,-0.9281027181016003,-0.18785723192633072,0.8391657505041975,0.07495582350960593,0.11797069916640461
W02000253,Rhondda Cynon Taf 002,W06000016,Rhondda Cynon Taf,645.4,0.7696592398427261,0.20830519918973667,0.06557377049180328,0.29613960867266,50.34719618203511,0.5089430894308943,-0.44241479259588545,-0.4262882462834842,-0.49090730338801386,-0.07433313904166591,0.41113685393741056,-0.12844663766460354,-0.15587351136186087
W02000254,Rhondda Cynon Taf 003,W06000016,Rhondda Cynon Taf,612.6,0.7741477272727273,0.21114106019766396,0.060250152532031725,0.2802013422818792,50.69766064554338,0.5121398918102906,-0.45908849529990503,-0.3753116576385331,-0.45884575145554923,-0.14601681965061444,0.19810563596885253,-0.0487649304388863,0.08819024442536097
W02000255,Rhondda Cynon Taf 004,W06000016,Rhondda Cynon Taf,619.3,0.7980392156862746,0.23431105047748976,0.05397777385782325,0.2804727465161404,51.21863247863248,0.5074540454479665,-0.45568258651585225,-0.10397156903039975,-0.19689150032873165,-0.23047577086349122,0.20173323091355305,0.06968338429608721,-0.26955638064024023
W02000256,Rhondda Cynon Taf 005,W06000016,Rhondda Cynon Taf,594.0,0.7340307144446918,0.16076487252124647,0.055396845112408395,0.3491491740156502,49.17445104937523,0.5162804634438674,-0.46854370476011126,-0.8309280523576001,-1.0283866255788323,-0.2113676659349049,1.1196638663565996,-0.39508232841498836,0.40430720883640286
W02000257,Rhondda Cynon Taf 006,W06000016,Rhondda Cynon Taf,603.6,0.7336561743341404,0.18406135378459487,0.05740585774058577,0.31715481171548116,50.33647441104793,0.5130362808663264,-0.4636635966516177,-0.835181774228134,-0.7650022982861301,-0.18431587133471705,0.6920265184907856,-0.13088434278366096,0.1566261543435568
W02000258,Rhondda Cynon Taf 007,W06000016,Rhondda Cynon Taf,265.1,0.6864761904761905,0.1498401096391046,0.04693921695868484,0.3553969284014709,51.11207078154624,0.5023663453111306,-0.6357382419354785,-1.3710136478625696,-1.151899326489255,-0.3252514795109615,1.2031714884371076,0.045455484372358634,-0.6579830196212236
W02000259,Rhondda Cynon Taf 008,W06000016,Rhondda Cynon Taf,2695.9,0.689967105263158,0.12885662431941924,0.07013327507100721,0.3631199475639065,49.17371890282798,0.5185185185185185,0.5999457987026566,-1.3313666777272934,-1.3891334865628895,-0.012938412286194937,1.3063975318617442,-0.3952487894770895,0.5751742385591321
W02000260,Rhondda Cynon Taf 009,W06000016,Rhondda Cynon Taf,425.2,0.688076923076923,0.13887576759565423,0.05439864003399915,0.36655333616659586,51.47878286069137,0.5190517998244074,-0.5543522723344559,-1.3528338292509166,-1.2758594997307224,-0.22480871571789673,1.3522882791900332,0.12883125444066149,0.6158882467959946
W02000261,Rhondda Cynon Taf 010,W06000016,Rhondda Cynon Taf,574.1,0.7591499409681228,0.17849327914973429,0.05640460059870805,0.3118008507956515,51.18130527599878,0.5166056485355649,-0.47865976219334266,-0.5456443131171964,-0.8279535901761024,-0.19779801782008793,0.6204653594699331,0.06119666012999165,0.4291338591533678
W02000262,Rhondda Cynon Taf 011,W06000016,Rhondda Cynon Taf,915.0,0.7667934093789607,0.17082785808147175,0.06238317757009346,0.32266355140186914,50.42594692674076,0.5090566037735849,-0.3053650898823585,-0.4588360172098475,-0.9146169685917941,-0.11729517081804708,0.7656564538984266,-0.11054184434939109,-0.1472071211616596
W02000263,Rhondda Cynon Taf 012,W06000016,Rhondda Cynon Taf,696.3,0.7712727272727273,0.18527918781725888,0.054598825831702544,0.3324853228962818,48.187632033800654,0.5056444026340545,-0.416540052728977,-0.4079635686976209,-0.7512337641533807,-0.2221131701521827,0.8969344669998938,-0.6194458005247048,-0.40771575659769455
W02000264,Rhondda Cynon Taf 013,W06000016,Rhondda Cynon Taf,827.6,0.7010869565217391,0.13805468399820708,0.06185792349726776,0.34797814207650274,48.57130657557643,0.5043645251396648,-0.3497944074534351,-1.205076453627995,-1.2851424703441827,-0.12436783183157378,1.104011827787275,-0.532213439783464,-0.505429556562797
W02000265,Rhondda Cynon Taf 014,W06000016,Rhondda Cynon Taf,889.5,0.7317559153175592,0.14308093994778068,0.06227496999599947,0.35044672623016404,49.529136924075274,0.5096823324630113,-0.3183278770455445,-0.8567633701928782,-1.2283168481777085,-0.11875220947849133,1.1370069776999745,-0.31444083985425214,-0.09943510527806475
W02000266,Rhondda Cynon Taf 015,W06000016,Rhondda Cynon Taf,346.3,0.7719729563614013,0.2074283915643689,0.05027467954053604,0.3154652904944232,49.00668296658517,0.514743162108072,-0.5944606608511374,-0.40001093637610147,-0.5008202762512559,-0.28033874606402936,0.6694443408134255,-0.43322613084470957,0.2869400734109814
W02000267,Rhondda Cynon Taf 016,W06000016,Rhondda Cynon Taf,770.8,0.7435344827586207,0.1345158906134516,0.06626506024096386,0.3639720171006607,49.09454338764684,0.5071800536531482,-0.3786683804286886,-0.722991983588005,-1.32515120404673,-0.06502477131852571,1.3177863119685724,-0.41325015873705795,-0.29047461660290524
W02000268,Rhondda Cynon Taf 017,W06000016,Rhondda Cynon Taf,916.2,0.7383406971035837,0.20137299771167047,0.06032513771328765,0.32151014375923687,50.387151420380505,0.5030826140567201,-0.3047550763687968,-0.7819787756813037,-0.5692810801965513,-0.14500712777862584,0.7502399820626738,-0.11936240249821499,-0.6032986133131347
W02000269,Rhondda Cynon Taf 018,W06000016,Rhondda Cynon Taf,1151.6,0.7469135802469136,0.15426917510853835,0.06066039145375766,0.3645599880472135,49.97996515679443,0.5154953635919961,-0.1850907587917782,-0.6846149433627081,-1.1018253940350249,-0.14049286281137818,1.3256451445293538,-0.21194039547533794,0.34436780821825397
W02000270,Rhondda Cynon Taf 019,W06000016,Rhondda Cynon Taf,1028.0,0.8177822853279243,0.25795165394402036,0.05952380952380952,0.27197802197802196,50.10984915705413,0.509253640776699,-0.2479221506886325,0.12025415409048126,0.0703833885456555,-0.15579718717649485,0.08819255652066382,-0.18240992959472432,-0.13216409212769906
W02000271,Rhondda Cynon Taf 020,W06000016,Rhondda Cynon Taf,1542.5,0.707710940654017,0.16712328767123288,0.04963735267452402,0.3524478694469628,50.004631671812966,0.5001834862385321,0.013621143250943178,-1.129846630760535,-0.956499936855516,-0.28892049175876894,1.1637543018036018,-0.20633220910371303,-0.8246360436073921
W02000272,Rhondda Cynon Taf 021,W06000016,Rhondda Cynon Taf,803.3,0.7798330701556508,0.281195462478185,0.06963552980931692,0.2664735698769008,50.0548951048951,0.5114896190284217,-0.36214718110305943,-0.31074215845465825,0.3331722108268535,-0.01964066113899489,0.014619929071689089,-0.19490429964060205,0.038544380029107615
W02000273,Rhondda Cynon Taf 022,W06000016,Rhondda Cynon Taf,1414.3,0.6707105719237435,0.21052631578947367,0.3023415977961432,0.2401285583103765,40.589537905321436,0.49865746068277716,-0.05154863378123099,-1.5500667173463993,-0.465795901591007,3.1137974592117255,-0.3375080730464565,-2.34695079706094,-0.941142315926663
W02000274,Rhondda Cynon Taf 023,W06000016,Rhondda Cynon Taf,644.6,0.8153846153846154,0.18805216659655027,0.06087484811664642,0.3145808019441069,48.96691568836713,0.5087977980929913,-0.44282146827159324,0.0930233694859692,-0.7198831433396851,-0.13760515692355027,0.6576222474606562,-0.4422676313392625,-0.16696595481113233
W02000275,Rhondda Cynon Taf 024,W06000016,Rhondda Cynon Taf,408.7,0.7853915662650602,0.18722304283604135,0.04787769060551197,0.3140213236773285,50.11772825872609,0.512473153808029,-0.5627399581459293,-0.24761328172884126,-0.7292570140730136,-0.3126147265231573,0.6501442486823393,-0.18061853463746638,0.11363353593234196
W02000276,Rhondda Cynon Taf 025,W06000016,Rhondda Cynon Taf,972.7,0.840410474168436,0.27521241226449944,0.05306893295561851,0.22776203966005665,52.27628451270799,0.5124500461112819,-0.2760336067719338,0.37724671389870396,0.2655293063952195,-0.24271351246146064,-0.5027992324182425,0.31015147307822166,0.11186935079157188
W02000277,Rhondda Cynon Taf 026,W06000016,Rhondda Cynon Taf,611.2,0.798306148055207,0.3029564157269125,0.04899930986887509,0.26483781918564525,51.27962006332278,0.5112359550561798,-0.4598001777323937,-0.10093996834546914,0.5791962334195363,-0.2975118777373635,-0.007243550525605363,0.08354954013696798,0.019178096341294092
W02000278,Rhondda Cynon Taf 027,W06000016,Rhondda Cynon Taf,818.7,0.9331866923288424,0.3340625683657843,0.059851403412217945,0.16675839295542103,49.903425950903696,0.5060348681269558,-0.3543186743456843,1.4309235221672822,0.9308747978705094,-0.1513860637931932,-1.318175311558774,-0.22934237265163548,-0.3779051948573165
W02000279,Rhondda Cynon Taf 028,W06000016,Rhondda Cynon Taf,1291.0,0.8484756097560976,0.22937516905599134,0.05215311004784689,0.2794258373205742,48.77025544585488,0.5168002067717756,-0.11422752229969488,0.46884396255533545,-0.25269537015362276,-0.25504526829201546,0.18774021965588208,-0.48698036400817735,0.4439876437210253
W02000280,Rhondda Cynon Taf 029,W06000016,Rhondda Cynon Taf,408.7,0.8915786762812259,0.2848446683459278,0.06123528633778601,0.2368734294405502,47.74274183049082,0.5132114882506528,-0.5627399581459293,0.9583735258779282,0.37442924109520387,-0.13275177741384994,-0.3810161968775917,-0.7205961727275277,0.17000257464903554
W02000281,Rhondda Cynon Taf 030,W06000016,Rhondda Cynon Taf,632.0,0.8435394978567055,0.30817972350230416,0.05281860765627524,0.2119205298013245,52.52245603015076,0.5105185582205547,-0.449226610163991,0.4127836193495409,0.6382496754012948,-0.24608419738702436,-0.7145372004583983,0.3661211043036783,-0.03559243536908145
W02000282,Rhondda Cynon Taf 031,W06000016,Rhondda Cynon Taf,601.2,0.8978562421185372,0.34410714285714283,0.05756578947368421,0.19594298245614036,50.29160419790105,0.5153127999301981,-0.4648836236787411,1.0296690115779144,1.044436303809611,-0.18216235555629406,-0.9280934485246058,-0.14108604811873218,0.33042976398509466
W02000284,Merthyr Tydfil 002,W06000024,Merthyr Tydfil,819.7,0.7474007561436673,0.14963417512390842,0.05850714941624033,0.35668372032008394,48.87358393408857,0.5088713125267208,-0.3538103297510496,-0.6790819958667309,-1.154227571821164,-0.1694867379649922,1.2203707774295915,-0.4634875674344703,-0.16135340618559638
W02000285,Merthyr Tydfil 003,W06000024,Merthyr Tydfil,813.6,0.8412248369719308,0.22025052192066805,0.059072345390898486,0.24314469078179696,51.43214588634436,0.5161445204657304,-0.3569112317783215,0.38649558410028484,-0.35585640208600405,-0.1618762505042058,-0.2971943803155533,0.11822785774071604,0.3939284772542341
W02000286,Merthyr Tydfil 004,W06000024,Merthyr Tydfil,2080.2,0.6240417049984668,0.1716390423572744,0.05816921954777535,0.3462800875273523,49.02029553142247,0.5092771263173519,0.2869580317860448,-2.080093740675986,-0.9054459172910626,-0.17403703758121544,1.0813155934595684,-0.4301311739549322,-0.13037106003557364
W02000287,Merthyr Tydfil 005,W06000024,Merthyr Tydfil,952.1,0.8077765607886089,0.20361083249749248,0.05703309692671395,0.2962470449172577,49.68695025234319,0.5036778005546847,-0.2865055054214095,0.006617274876755267,-0.5439806666708726,-0.18933517725167776,0.412572849137858,-0.27856035344635344,-0.5578583780882962
W02000288,Merthyr Tydfil 006,W06000024,Merthyr Tydfil,196.1,0.7418817651956703,0.16725248974809606,0.04562565878632736,0.34226773076343925,50.27513537245719,0.5015464555239392,-0.6708140189652758,-0.7417622051084394,-0.9550392097304731,-0.34293882770162476,1.0276863449965614,-0.1448304052904488,-0.7205785000560516
W02000289,Merthyr Tydfil 007,W06000024,Merthyr Tydfil,880.2,0.8277072643802322,0.21757636454682022,0.05624123422159888,0.27643758765778403,49.86261107313739,0.5076604077871213,-0.3230554817756476,0.23297399175283706,-0.3860897722256324,-0.1999977818315981,0.14779920915636224,-0.23862205569873485,-0.2538013975134212
W02000290,Caerphilly 001,W06000018,Caerphilly,396.0,0.7120782899819726,0.15675675675675677,0.04602926552067055,0.3743429464412559,50.25072886297376,0.5104739613809245,-0.5691959344977905,-1.08024583012736,-1.073701403480603,-0.33750417471658606,1.4564043808804334,-0.15037947672437696,-0.03899723519234858
W02000291,Caerphilly 002,W06000018,Caerphilly,241.8,0.7280617164898746,0.1353562904875554,0.05086505190311419,0.3615916955017301,49.869770580296894,0.5096655848737124,-0.6475826709904681,-0.8987190750819727,-1.3156498483271457,-0.27238925303143424,1.2859708812972441,-0.23699426796912157,-0.10071372030006988
W02000292,Caerphilly 003,W06000018,Caerphilly,1318.1,0.7365079365079366,0.175945601359966,0.05678165845296765,0.34540389972144847,49.41117597998332,0.5119354284732955,-0.10045138378509337,-0.8027937794940597,-0.8567570130291651,-0.1927208513141352,1.0696044480385798,-0.3412604760510691,0.07258024292216131
W02000293,Caerphilly 004,W06000018,Caerphilly,2214.7,0.7252994011976048,0.19899874843554444,0.05703734099302421,0.34201887566680345,49.72957353527302,0.5120860927152318,0.35533037976441784,-0.9300912049047039,-0.5961237626320943,-0.18927802997022986,1.0243601423196709,-0.2688695108501722,0.08408288724787377
W02000294,Caerphilly 005,W06000018,Caerphilly,301.7,0.8414735099337749,0.2610878661087866,0.05109179563281747,0.28471486114055544,52.38141157160443,0.5114244912531238,-0.6171328297718468,0.3893198092943482,0.10584063730037224,-0.26933609910060086,0.2584334279766477,0.33405319322591787,0.03357212101562794
W02000295,Caerphilly 006,W06000018,Caerphilly,616.0,0.8585601628084457,0.21224489795918366,0.054607063729962206,0.31004822103479734,50.09914725722286,0.5004201680672269,-0.45736012367814693,0.5833761118895713,-0.44636603132221087,-0.22200224504970598,0.5970396716662286,-0.18484311680171758,-0.8065662822702104
W02000296,Caerphilly 007,W06000018,Caerphilly,2458.7,0.7754093296261971,0.17818889970788704,0.05519855000823859,0.3334981051244027,50.708580593424216,0.5122413093466793,0.47936646085529533,-0.3609834044776866,-0.8313948298048008,-0.214037752898515,0.9104713364625793,-0.04628216776089406,0.09593308927346456
W02000297,Caerphilly 008,W06000018,Caerphilly,621.0,0.8097290640394088,0.2247428917120387,0.05684380032206119,0.29355877616747184,49.75019725422124,0.5142895299145299,-0.4548184007049732,0.028792218350737264,-0.30506676642923475,-0.19188409745046467,0.37664139009756054,-0.2641804958251182,0.25230697328084783
W02000298,Caerphilly 009,W06000018,Caerphilly,1958.6,0.8370860927152318,0.26913730255164037,0.061562073669849934,0.2795020463847203,50.27805362462761,0.5147655703289014,0.22514332907846002,0.33949109388600696,0.19684559975029728,-0.12835151448819737,0.1887588316778699,-0.14416691058765843,0.28865085621424874
W02000299,Caerphilly 010,W06000018,Caerphilly,601.9,0.803892765332354,0.22331940751993923,0.05727130570758405,0.32935887412040654,51.41628787878788,0.5056900144253886,-0.4645277824624968,-0.03749171427431522,-0.3211603310371128,-0.18612764389838804,0.8551462841253581,0.11462237631001757,-0.404233469055326
W02000300,Caerphilly 011,W06000018,Caerphilly,1457.7,0.8167917709202113,0.22163367716754948,0.055838301584993456,0.3159808055838302,51.38442069741282,0.5023266913256175,-0.029486478374083067,0.10900469727538864,-0.3402187866829269,-0.2054233579431086,0.6763347267992608,0.10737704424120395,-0.661010451250602
W02000301,Caerphilly 012,W06000018,Caerphilly,826.8,0.8318014705882353,0.2465381482487103,0.05575511478994222,0.2815867562080275,48.031432076050294,0.5046010336568764,-0.35020108312914294,0.27947265504371793,-0.058654919241200296,-0.2065434863393226,0.21662310887598657,-0.6549594705200651,-0.48737302690104667
W02000302,Caerphilly 013,W06000018,Caerphilly,577.4,0.8399351401436183,0.2667844522968198,0.054990814451928965,0.24470300061236988,51.084274337335074,0.5152123707199519,-0.47698222503104803,0.3718482567502845,0.17024484942319362,-0.2168349576157108,-0.2763659769597561,0.0391356763456667,0.32276237409530545
W02000303,Caerphilly 014,W06000018,Caerphilly,382.9,0.8393085787451985,0.26734397677793903,0.04738111647139903,0.3111647139903515,49.12108454024924,0.49796090563915063,-0.5758552486875057,0.36473228212271575,0.17657069654995436,-0.3193012058868914,0.6119627409852731,-0.40721575419307754,-0.9943216557431348
W02000304,Caerphilly 015,W06000018,Caerphilly,308.0,0.8056930693069306,0.20481927710843373,0.056948109058927,0.3269569041336851,50.05041836515769,0.5128205128205128,-0.613930258825648,-0.01704532635876749,-0.5303182870468734,-0.19047955748634368,0.823041500628254,-0.1959221325515667,0.14015308113154432
W02000305,Caerphilly 016,W06000018,Caerphilly,2236.4,0.7916058394160583,0.20344456404736275,0.04769475357710652,0.34519077901430845,50.4007722007722,0.5126159856747518,0.3663614574679919,-0.17703662286857344,-0.5458604571590747,-0.3150780136363312,1.0667558719950385,-0.11626557771748675,0.1245382080707009
W02000306,Caerphilly 017,W06000018,Caerphilly,990.2,0.7767441860465116,0.21979938944614041,0.04468881609733271,0.3322414599906411,51.85749774164408,0.5089478859390364,-0.26713757636582575,-0.34582319122107374,-0.36095679565961597,-0.35555361948536923,0.8936749900572796,0.21493598518573653,-0.1555073161289703
W02000307,Caerphilly 018,W06000018,Caerphilly,488.8,0.7518905293482175,0.19714795008912656,0.06073752711496746,0.3600867678958785,47.71331784746419,0.5084511370620775,-0.5220215561156863,-0.6280908044404867,-0.617048436702622,-0.13945421425629653,1.2658559859272864,-0.7272860184752901,-0.19343221176064124
W02000308,Caerphilly 019,W06000018,Caerphilly,1152.1,0.8,0.23966289175664998,0.057724719101123596,0.29353932584269665,49.508446641944786,0.5207478340173278,-0.18483658649446083,-0.08170257598072327,-0.13638488994604725,-0.18002233334982584,0.3763814166302368,-0.3191449887047108,0.7453740347619904
W02000309,Caerphilly 020,W06000018,Caerphilly,610.1,0.7995185694635488,0.26590756865371734,0.05703490464195754,0.293810723281756,51.50488315312173,0.5213536279001034,-0.46035935678649187,-0.08717027234849177,0.1603310171220095,-0.18931083597040382,0.38000892075012044,0.1347654248815764,0.7916241036483427
W02000310,Caerphilly 021,W06000018,Caerphilly,161.8,0.8085485307212823,0.3280141843971631,0.06137440758293839,0.22701421800947869,50.476544356711564,0.5165437700888637,-0.6882502385612476,0.015384681340039135,0.8624932459625161,-0.13087847940884983,-0.5127946329931777,-0.0990379972518879,0.42440967407345137
W02000311,Caerphilly 022,W06000018,Caerphilly,3077.7,0.7425424506654429,0.2532074558218349,0.055952077491715525,0.29288809584501657,49.80986883198001,0.5201064156349126,0.7940317649342017,-0.7342586770399012,0.016746643286576775,-0.20389134046550425,0.3676770622053605,-0.2506135477212378,0.6964041702335498
W02000312,Caerphilly 023,W06000018,Caerphilly,2982.6,0.8054226475279107,0.2777951769495772,0.0613682092555332,0.2684439973172367,51.266177669111656,0.515972894482091,0.7456881939844376,-0.02011655692468019,0.29472941311712136,-0.13096194124352337,0.040956705433780535,0.08049327329261698,0.3808254833289048
W02000313,Caerphilly 024,W06000018,Caerphilly,1167.1,0.8501679731243001,0.3762131303520457,0.05696644920782852,0.19151910531220875,50.224870115202165,0.5127987954074911,-0.17721141757493966,0.4880644488781907,1.4074187569458612,-0.19023260336865308,-0.987223087408051,-0.15625872949806416,0.1384950388883887
W02000314,Blaenau Gwent 001,W06000019,Blaenau Gwent,802.0,0.7924914675767918,0.13438880706921943,0.04462809917355372,0.36143250688705236,51.903640256959314,0.5158514492753623,-0.36280802907608456,-0.16697837871702817,-1.3265879795592714,-0.3563711861486085,1.2838431627838216,0.22542696152953282,0.3715536016925524
W02000315,Blaenau Gwent 002,W06000019,Blaenau Gwent,901.3,0.7593891869583161,0.13043478260869565,0.0470479704797048,0.3726937269372694,51.412092815707275,0.5038109756097561,-0.3123294108288545,-0.5429271517978798,-1.37129121438952,-0.3237870895557086,1.4343608768369216,0.11366858548958533,-0.5476909669504115
W02000316,Blaenau Gwent 003,W06000019,Blaenau Gwent,380.6,0.7771350799591698,0.1537077033837293,0.04970972423802612,0.3557692307692308,50.90257320319432,0.5175675675675676,-0.5770244412551655,-0.34138373617076,-1.1081732562233533,-0.2879459928216819,1.2081476900459815,-0.002175948885182617,0.5025727345830471
W02000317,Blaenau Gwent 004,W06000019,Blaenau Gwent,1507.2,0.7925624636839047,0.13944687045123727,0.05280424933604124,0.36025620996719265,50.113480578827115,0.5106601592602107,-0.004323420939663252,-0.16617206269094378,-1.2694027503301455,-0.2462775353105028,1.2681207523668814,-0.18158428843375854,-0.024781732216282045
W02000318,Blaenau Gwent 005,W06000019,Blaenau Gwent,595.0,0.7858560794044664,0.11985313401521112,0.05537590945836702,0.3666127728375101,50.226835376301565,0.5126964933494559,-0.46803536016547653,-0.24233771939365192,-1.4909247489537052,-0.21164956909718705,1.353082711036409,-0.15581190713560003,0.13068466416214594
W02000319,Blaenau Gwent 006,W06000019,Blaenau Gwent,569.9,0.7534749541043797,0.1526869491043503,0.05427286356821589,0.33883058470764615,50.24157057363888,0.5155940594059406,-0.4807948094908086,-0.6100961970603043,-1.1197136547996978,-0.2265023233489215,0.9817453754677193,-0.15246170817850233,0.351902859864556
W02000320,Blaenau Gwent 007,W06000019,Blaenau Gwent,495.9,0.7695840086439762,0.13930885529157666,0.055819477434679333,0.36787410926365793,49.0619379170293,0.49674086828188413,-0.5184123094937796,-0.4271426610349447,-1.2709631160168122,-0.20567682924571692,1.3699417613585827,-0.42066334847303316,-1.0874668878457856
W02000321,Blaenau Gwent 008,W06000019,Blaenau Gwent,594.9,0.7419437340153452,0.14223904813412655,0.046262341325811,0.38603667136812414,50.128563596491226,0.5080691977243701,-0.46808619462494,-0.7410584136689744,-1.2378350714014612,-0.33436575800456514,1.612702964595974,-0.17815500894116412,-0.2225918338394213
W02000322,Blaenau Gwent 009,W06000019,Blaenau Gwent,571.2,0.764034253092293,0.15081042988019733,0.0422840621611854,0.41127574990964944,49.98093556928509,0.5005251312828207,-0.4801339615177834,-0.49017226961694216,-1.1409291228318994,-0.3879341573835644,1.950049041658364,-0.2117197621957328,-0.7985527382418266
W02000323,Torfaen 001,W06000020,Torfaen,337.6,0.7825278810408922,0.16185199841709538,0.052686164696121134,0.3287699647376063,49.97807723250201,0.5112144874563881,-0.5988832588244595,-0.28013668876910547,-1.0160958457171063,-0.24786757082334773,0.8472749084051217,-0.2123696345177987,0.0175391263922377
W02000324,Torfaen 002,W06000020,Torfaen,284.4,0.8172043010752688,0.16262626262626262,0.05171184022824536,0.3436162624821683,49.74617790132036,0.5099403578528827,-0.625927191259028,0.11368987916482481,-1.0073422036724957,-0.26098706296054974,1.04571084951082,-0.26509433712554287,-0.07973584387036724
W02000325,Torfaen 003,W06000020,Torfaen,1274.4,0.7505713352921972,0.16251280300443838,0.0606961693195732,0.3702991079237362,48.139821795750514,0.518114955053119,-0.12266604257063157,-0.6430731373054792,-1.0086249504457638,-0.14001110602015618,1.4023543466085957,-0.6303159508177407,0.5443636962188497
W02000326,Torfaen 004,W06000020,Torfaen,453.7,0.7930948211158368,0.20997442455242968,0.04513031550068587,0.3322359396433471,50.966230646022424,0.5113866967305524,-0.5398644513873658,-0.16012598007560713,-0.4720354491245763,-0.3496087334213874,0.893601204974334,0.012297226715535682,0.030686652340295332
W02000327,Torfaen 005,W06000020,Torfaen,515.1,0.8769516728624536,0.2502970297029703,0.042273180458624125,0.23469591226321038,55.346676881823406,0.5165394402035624,-0.5086520932767925,0.7922519207681077,-0.01615792357856047,-0.38808068188941336,-0.4101209392041777,1.0082368178086438,0.42407910372741603
W02000328,Torfaen 006,W06000020,Torfaen,2320.5,0.8634969325153374,0.2189922480620155,0.05227492739593417,0.2867053888351081,51.07108264333698,0.5079556090386416,0.40911323787677384,0.6394439259377903,-0.37008213901446413,-0.2534049710470019,0.28503886477722595,0.03613640877814999,-0.23126389984904236
W02000329,Torfaen 007,W06000020,Torfaen,1329.1,0.7768969422423556,0.24064738657468823,0.05049279757391963,0.309628506444276,49.51023714832818,0.514813437461262,-0.09485959324411118,-0.3440883106226659,-0.1252544319837066,-0.27740173902139925,0.5914297572485815,-0.3187378986277336,0.2923053305033033
W02000330,Torfaen 008,W06000020,Torfaen,1687.0,0.8005540166204986,0.22290520867033323,0.050491358861402914,0.28126058963063366,54.243169398907106,0.5153270235909027,0.08707693717566366,-0.0754105059223662,-0.3258431620679312,-0.27742111160021987,0.2122635592525073,0.7573430202038245,0.3315156866167147
W02000331,Torfaen 009,W06000020,Torfaen,4223.9,0.7349624060150376,0.16932038834951457,0.06400481540930979,0.40308988764044945,47.181192209325204,0.5230151374729688,1.3766963393045448,-0.8203466574743191,-0.9316600532008981,-0.09545946250685995,1.8406366271225374,-0.8482702657254779,0.9184740676134342
W02000332,Torfaen 010,W06000020,Torfaen,2316.6,0.6986498132720482,0.19117189928504819,0.043457110426463434,0.375871574509486,49.69640896973498,0.5140541247221859,0.4071306939576983,-1.232755543933096,-0.6846122075187544,-0.37213880583458137,1.4768360571500905,-0.2764098165776533,0.23433467829458782
W02000333,Torfaen 011,W06000020,Torfaen,1562.0,0.8439770554493308,0.24168975069252077,0.055959159630865896,0.2953072845081484,50.110003832886164,0.5103348822304118,0.023533862846320683,0.41775304251393414,-0.11346971785173582,-0.20379597791230836,0.400011990908824,-0.1823747624504159,-0.04961540165912765
W02000334,Torfaen 012,W06000020,Torfaen,507.6,0.8754004983980064,0.28904731043421905,0.05721574344023324,0.26293731778425655,51.23683274021352,0.5117691723614275,-0.5124646777365531,0.7746349431506264,0.421943286103282,-0.18687580198500917,-0.03264569391825025,0.07382140131560151,0.05988721837156082
W02000335,Torfaen 013,W06000020,Torfaen,684.8,0.8589624106865485,0.33811129848229343,0.04456556588650208,0.22459121513305547,52.16416524833669,0.5153968675338466,-0.42238601556727656,0.5879445160424481,0.9766487517166703,-0.357213210540725,-0.5451805425551067,0.2846600029629182,0.3368480071704519
W02000336,Monmouthshire 001,W06000021,Monmouthshire,58.5,0.8373719710217337,0.3536836682122617,0.04147527695217509,0.1806268576060524,56.31895777178796,0.5126179245283019,-0.7407622351870166,0.3427378671164838,1.1527061605294648,-0.3988246271809924,-1.1328091090220398,1.2292948972492366,0.124686232197066
W02000337,Monmouthshire 002,W06000021,Monmouthshire,3169.2,0.7760727479397556,0.21364509929532352,0.06058171300016069,0.29390968986019606,52.18308766485648,0.5287266064651224,0.8405452953432807,-0.3534488389927196,-0.4305356969972694,-0.14155228540350814,0.3813317102070378,0.2889622093493801,1.3545230965654471
W02000338,Monmouthshire 003,W06000021,Monmouthshire,151.7,0.8926934483688326,0.3087681549220011,0.042200557103064064,0.19721448467966574,55.81049986775985,0.5066901408450705,-0.6933845189670584,0.9710342003320804,0.6449023373154613,-0.38905857126165166,-0.9110985219318355,1.1136917532391346,-0.32787760426281154
W02000339,Monmouthshire 004,W06000021,Monmouthshire,396.9,0.8408138839018552,0.27726510067114096,0.05475251861585633,0.2428821725799387,54.62164691203993,0.5185084623042809,-0.5687384243626193,0.3818283134590432,0.28873650017754343,-0.22004366318634985,-0.30070320435636183,0.8433937829290321,0.5744064846836857
W02000340,Monmouthshire 005,W06000021,Monmouthshire,27.9,0.9352708058124174,0.4572611653356995,0.04022146230255658,0.16104868913857678,56.78224167578553,0.5072829131652661,-0.7563175797828396,1.454593187594321,2.3237280455142275,-0.41570751576639536,-1.3944913379395119,1.334627266845822,-0.28262168236845736
W02000341,Monmouthshire 006,W06000021,Monmouthshire,63.4,0.9178390545863815,0.407426915986305,0.04089727807413487,0.16687183695800847,55.67459274829217,0.48803079514014197,-0.7382713466733063,1.2566175386772158,1.7603141937546887,-0.4066075085370286,-1.316659016533337,1.0827918691398757,-1.752447988290417
W02000342,Monmouthshire 007,W06000021,Monmouthshire,71.8,0.9412064138457623,0.46298819255222523,0.04645569620253165,0.1330379746835443,55.7656383367882,0.5043803418803419,-0.7340012520783745,1.5220049947548038,2.3884764164703496,-0.3317621922844547,-1.7688831613800253,1.1034920218860689,-0.504222008308066
W02000343,Monmouthshire 008,W06000021,Monmouthshire,2093.7,0.8064600156290701,0.25535625311410065,0.04514143338707313,0.30660999560310714,50.52101315975661,0.5127263827704356,0.29382068381361387,-0.008334973976996044,0.041040420656389257,-0.34945902864864575,0.5510842751754843,-0.08892755663989667,0.13296660826655088
W02000344,Monmouthshire 009,W06000021,Monmouthshire,122.3,0.9321938918464556,0.4061597690086622,0.04674597620713786,0.17620713785864242,53.727174060507394,0.505817369843695,-0.7083298500493199,1.4196481019758687,1.7459881395100718,-0.3278535085106385,-1.1918831800524408,0.6400261628179946,-0.3945103651462364
W02000345,Monmouthshire 010,W06000021,Monmouthshire,2319.2,0.8089407744874715,0.22368045649072754,0.04280926264472883,0.3391224862888483,52.88965114581813,0.5154947106409459,0.40845238990374855,0.019839466928592522,-0.3170783995550219,-0.3808622179614486,0.9856469384009632,0.4496066977028809,0.34431795787821073
W02000346,Monmouthshire 011,W06000021,Monmouthshire,325.3,0.9117466174661747,0.38465310125030644,0.0565684899485741,0.1972884525479196,50.25277566539924,0.5102093564228483,-0.605135897338467,1.1874245943356228,1.5028390065655193,-0.19559121186598252,-0.9101098657832738,-0.14991411510116537,-0.05919882171650529
W02000347,Newport 001,W06000022,Newport,571.7,0.860062446778314,0.37205479452054796,0.052317782083768076,0.1769265166194664,53.58253262584253,0.5211391293438715,-0.47987978922046604,0.6004378310442264,1.360405627655848,-0.2528279232989299,-1.1822679477654656,0.6071404421537613,0.7752479511584975
W02000348,Newport 002,W06000022,Newport,3670.6,0.8039634146341463,0.2518562518562519,0.046530093695410515,0.2868032396379228,52.77646698330014,0.5203209259502828,1.0954292750931414,-0.0366893369809203,0.0014702612661632232,-0.33076041376504645,0.28634674075267563,0.4238731120204237,0.7127812204890761
W02000349,Newport 003,W06000022,Newport,1615.1,0.6548928778228141,0.1530550514216576,0.06201313578738354,0.3957537803574156,47.41836734693877,0.523023143683703,0.05052696082142553,-1.7297112185441075,-1.115551979904554,-0.12227786438550248,1.7425820563596408,-0.7943460541595945,0.9190853114844962
W02000350,Newport 004,W06000022,Newport,141.8,0.9174334742601343,0.35901509134233517,0.04644502552608642,0.19773378159631427,49.549640638323794,0.5087860226930415,-0.6984171304539424,1.2520112872894111,1.2129819283054486,-0.33190587527747967,-0.9041575879601869,-0.3097791091342935,-0.1678649620053726
W02000351,Newport 005,W06000022,Newport,4701.3,0.7412898443291327,0.23448800913589646,0.05471928397070789,0.30553295362082994,49.99132321041215,0.5153012432260121,1.6193800487831718,-0.7484847607565103,-0.19489084895669834,-0.22049117495484552,0.536688508430081,-0.20935802494349717,0.3295474533842502
W02000352,Newport 006,W06000022,Newport,3391.4,0.703778677462888,0.2576259946949602,0.06467753891771683,0.3237583395107487,47.69534632034632,0.5074319352465048,0.953499464271121,-1.174506077013637,0.06670156461393169,-0.08640109327766551,0.7802894157610177,-0.7313720303575519,-0.2712444107933502
W02000353,Newport 007,W06000022,Newport,4497.8,0.7915456598902872,0.263621353880022,0.0633862976251495,0.27934392619169657,47.04538603249037,0.514269880853422,1.5159319237750013,-0.17772009296354932,0.13448363126963478,-0.10378793979913421,0.1866453937116958,-0.8791471994769706,0.2508068418737236
W02000354,Newport 008,W06000022,Newport,3914.6,0.7753201396973225,0.2515576323987539,0.05805128205128205,0.2953846153846154,53.07888040712468,0.520711080428029,1.219465356184019,-0.3619963511298539,-0.0019058573862857332,-0.17562509177562408,0.40104559709888427,0.49262992022030927,0.7425680374001471
W02000355,Newport 009,W06000022,Newport,1307.1,0.9026636793627085,0.4086587092858588,0.055959571058794524,0.15814125477628496,50.36775427273814,0.5139675717913655,-0.10604317432607555,1.0842679727322901,1.7742405479495198,-0.20379043794523105,-1.4333521693609852,-0.1237725438973772,0.22772668979127497
W02000356,Newport 010,W06000022,Newport,3192.8,0.6330188679245283,0.1185223191380195,0.07073474470734745,0.43711083437110837,47.85401108166707,0.5107230973619282,0.8525422277766609,-1.9781384274847837,-1.5059706169205425,-0.004839492034366014,2.295361346911881,-0.6952979618712898,-0.019976646488649247
W02000357,Newport 011,W06000022,Newport,8133.2,0.7273273273273273,0.22375832053251407,0.0704647676161919,0.3280359820089955,45.93103448275862,0.4845447959430089,3.363967863110149,-0.9070596697317999,-0.31619808771589014,-0.00847479263639449,0.8374644791645683,-1.132506507417632,-2.018590825960661
W02000358,Newport 012,W06000022,Newport,2032.7,0.8607169529499626,0.4338590280012874,0.058595194085027724,0.14417744916820702,52.06932100959829,0.5163479333744602,0.2628116635408946,0.6078711796718075,2.0591491964872377,-0.16830119723604267,-1.6199927012249593,0.2630961879399989,0.40945828253720956
W02000359,Newport 013,W06000022,Newport,7369.7,0.7361471861471862,0.20536357091432686,0.08138891960632534,0.3342917173504368,42.07802739726027,0.4916130125381227,2.975846765106522,-0.8068908886049307,-0.5241646342143194,0.13862130405983392,0.9210787748728552,-2.0085273725632113,-1.478959255351413
W02000360,Newport 014,W06000022,Newport,4255.7,0.5981546293350302,0.2911802853437095,0.07018751075176329,0.2580423189403062,47.230961923847694,0.46314858490566035,1.3928616974139296,-2.374098085769002,0.4460581794778536,-0.012208116978322338,-0.09807235577180085,-0.8369546082645466,-3.6521105139613255
W02000361,Newport 015,W06000022,Newport,781.4,0.775228383258976,0.18737901664730933,0.062082557757582396,0.36099857659038653,47.19795221843003,0.5124543058743518,-0.3732799277255603,-0.36303844610863223,-0.7274936122574474,-0.12134308236759966,1.278043240926219,-0.8444597049478663,0.11219456757078715
W02000362,Newport 016,W06000022,Newport,1914.3,0.8694066953927743,0.3897185525560023,0.05472636815920398,0.18017057569296374,50.14221375368093,0.5123872261205785,0.2026236635361409,0.7065622048436578,1.5601077618553423,-0.2203957848067611,-1.1389077830747287,-0.17505150504268926,0.10707328239260136
W02000363,Newport 017,W06000022,Newport,2627.0,0.7296779141104295,0.24598511555033295,0.05571786310517529,0.287771285475793,52.33159373745484,0.5113302196851756,0.5649208561323228,-0.8803636173566621,-0.06490737185781692,-0.20704508842518907,0.299285662642585,0.3227265952719043,0.026374843797086888
W02000364,Newport 018,W06000022,Newport,1681.4,0.6397660818713451,0.19418540866703238,0.10491007707679133,0.2789037967456466,42.89075865937456,0.4986546119900979,0.08423020744570914,-1.9015090606367486,-0.6505422064575695,0.4553388357096858,0.18076261388753062,-1.8237445451326895,-0.9413598028250905
W02000365,Newport 019,W06000022,Newport,3582.1,0.7335650159281784,0.24753004005340454,0.06135160386172532,0.31890376829648087,45.930087009616855,0.5337065547002566,1.0504407784679666,-0.8362170772416164,-0.04744083275434729,-0.13118553650432244,0.7154031104920341,-1.1327219251998815,1.7347232858941108
W02000366,Newport 020,W06000022,Newport,179.7,0.9344558027660854,0.39900923215492007,0.0563943161634103,0.15763765541740674,49.822601649544204,0.49970354559468755,-0.6791508703172856,1.4453370460354626,1.6651459162697948,-0.19793649999155444,-1.440083289431363,-0.24771861043957386,-0.8612776942914013
W02000367,Cardiff 001,W06000015,Cardiff,705.7,0.9196357878068092,0.4509256025148446,0.0608187134502924,0.10077972709551657,54.5271375464684,0.5159172957006892,-0.4117616135394104,1.277023372872108,2.25209971964268,-0.1383610224879876,-2.2000476057880975,0.8219061047713836,0.3765807269143141
W02000368,Cardiff 002,W06000015,Cardiff,4433.7,0.8863726658720699,0.41228070175438597,0.055955913522679104,0.14285714285714285,49.372585669781934,0.5205191160996142,1.4833470352589142,0.8992478949727281,1.8151899101728666,-0.20383968746927553,-1.637639944321628,-0.35003438073868054,0.7279122878699105
W02000369,Cardiff 003,W06000015,Cardiff,1216.7,0.9185700099304865,0.4064909449524834,0.06412253374870197,0.14018691588785046,43.70598092291828,0.5132210311383358,-0.15199752568105632,1.2649191348107405,1.7497323338453814,-0.09387435931076824,-1.6733302565283488,-1.6383953628580517,0.17073113798594872
W02000370,Cardiff 004,W06000015,Cardiff,1289.0,0.8722316865417377,0.4150170648464164,0.05080409356725146,0.12207602339181287,57.11548959399522,0.5290076335877862,-0.11524421148896437,0.7386461560571063,1.8461265629693078,-0.27321007036120076,-1.915400842646812,1.4103946150857902,1.3759784531672437
W02000371,Cardiff 005,W06000015,Cardiff,3320.4,0.765869140625,0.34989148782252233,0.05441618813234892,0.20071096527208093,51.29812851720979,0.518457481872116,0.9174069980520542,-0.4693331097834191,1.1098326952351387,-0.2245724267341821,-0.8643644856858052,0.08775762785308679,0.5705143217442395
W02000372,Cardiff 006,W06000015,Cardiff,1191.6,0.9184896613724902,0.46378621378621376,0.07093058502576538,0.10230372840254623,51.14468648807772,0.5165339126237026,-0.16475697500638845,1.2640066012561588,2.3974986496352373,-0.00220245929799957,-2.179677770910071,0.05287100134884667,0.42365709393736073
W02000373,Cardiff 007,W06000015,Cardiff,4801.0,0.6851787573759112,0.22619469026548672,0.07643549589858314,0.3098434004474273,47.67444829472916,0.5264436821040595,1.6700620048682555,-1.3857488374957652,-0.28865308656737465,0.07192237005108656,0.5943020352054833,-0.7361234118304486,1.1802304667393981
W02000374,Cardiff 008,W06000015,Cardiff,2883.0,0.9037875489769265,0.4450137958218368,0.06751863684771033,0.11906283280085198,53.74533906986273,0.5207060420909708,0.6950570723588172,1.0970319694924489,2.1852622770555006,-0.0481450880324773,-1.9556752141390024,0.6441561648807291,0.7421833794452862
W02000375,Cardiff 009,W06000015,Cardiff,3452.8,0.7778556412053259,0.23212536728697356,0.09238634288844258,0.27588095672813584,45.779982126899014,0.5177033492822967,0.9847118223816943,-0.33320018774567595,-0.22160230065525,0.28670401473401147,0.1403592679485458,-1.1668498170784014,0.5129391543147104
W02000376,Cardiff 010,W06000015,Cardiff,1011.4,0.7948890383322125,0.40219496449322145,0.055068135150270675,0.18629830128803435,51.00762388818298,0.5142642642642643,-0.2563606709595692,-0.13974872060785692,1.7011630280118244,-0.21579381749516283,-1.0570044684425877,0.021708406867564253,0.25037803656083796
W02000377,Cardiff 011,W06000015,Cardiff,1014.2,0.8560700876095119,0.3193675889328063,0.06382275132275132,0.22007275132275134,46.311902834008094,0.5242805755395683,-0.2549373060945919,0.5550958635674741,0.7647369494640113,-0.09791099526706894,-0.6055744288947607,-1.0459121630096246,1.01508547194701
W02000378,Cardiff 012,W06000015,Cardiff,4486.6,0.8615972001272669,0.42779369627507163,0.06833938593595246,0.1325519973588643,52.43580813677379,0.5167579116036854,1.5102384643150923,0.6178683109912346,1.9905760373711552,-0.03709352198355682,-1.7753787449550098,0.3464208128599325,0.44075856780370504
W02000379,Cardiff 013,W06000015,Cardiff,5981.1,0.6807112485504445,0.20127504553734063,0.09153416415986249,0.32466695315857325,44.351942262789215,0.5333951762523191,2.269959460996717,-1.4364871682174447,-0.5703885035559455,0.2752292417012943,0.7924339656959388,-1.4915293957711664,1.7109507205442405
W02000380,Cardiff 014,W06000015,Cardiff,297.1,0.9352251696483652,0.4169088507265522,0.059861857252494245,0.12570990023023793,51.897962241534316,0.5191090863072639,-0.6194712149071666,1.454074889170074,1.8675146320853642,-0.15124530054662555,-1.8668303651646936,0.22413600621215551,0.6202618528255432
W02000381,Cardiff 015,W06000015,Cardiff,3098.2,0.7139807897545358,0.20148200423429782,0.06901960784313725,0.31019607843137254,48.99943063199848,0.5264931087289434,0.8044528291242139,-1.0586387854791275,-0.5680486790751901,-0.02793418517420827,0.5990159368700962,-0.4348750238464556,1.184004002377012
W02000382,Cardiff 016,W06000015,Cardiff,4858.4,0.678453947368421,0.2098360655737705,0.07834915029794748,0.339439417347164,47.80876068376068,0.5301406563965171,1.6992409846002896,-1.4621237586275337,-0.47359970194486756,0.09769014523640972,0.9898830458739888,-0.7055861061291422,1.4624804540021072
W02000383,Cardiff 017,W06000015,Cardiff,6046.1,0.7106191851138915,0.22668863261943986,0.07946788027306144,0.31507089095046387,47.76976063371793,0.5159354580610748,2.303001859647975,-1.0968171561720441,-0.28306869495274917,0.11275408912376698,0.6641727878630685,-0.714453169391953,0.37796735435122614
W02000384,Cardiff 018,W06000015,Cardiff,2881.4,0.8785127539991353,0.435,0.06188012074169901,0.10974557999137559,52.17904564315353,0.504564606741573,0.6942437210074016,0.8099814103093086,2.0720487472367113,-0.12406894107866237,-2.0802098194378473,0.2880432140632092,-0.4901540839404128
W02000385,Cardiff 019,W06000015,Cardiff,3455.0,0.8795725441841348,0.4212812160694897,0.17072730554051616,0.09402634903447031,50.020072053525475,0.5039953508644487,0.9858301804898906,0.8220176450438815,1.9169475267577158,1.3415822174497052,-2.2903134049956577,-0.20282167921216981,-0.5336146144600201
W02000386,Cardiff 020,W06000015,Cardiff,4351.3,0.8353808353808354,0.44005805515239477,0.04725168756027001,0.1438444230151077,54.983328234934234,0.5172004744958482,1.4414594406610115,0.3201241683849393,2.129233883423729,-0.3210439944936334,-1.6244439360876899,0.9256257587230469,0.47454656869154316
W02000387,Cardiff 021,W06000015,Cardiff,5434.8,0.8528317486564696,0.41739446870451236,0.10670230263157894,0.13733552631578946,50.28511904761905,0.5149872988992379,1.9922508089477562,0.5183174442721986,1.8730049103381363,0.4794715449347677,-1.7114419920550155,-0.142560513863169,0.3055789929018484
W02000388,Cardiff 022,W06000015,Cardiff,2145.2,0.8216374269005848,0.2906676503135374,0.05424726661059714,0.24032800672834315,51.59398496240601,0.5264700810484566,0.32000043043730314,0.16403771574290058,0.44026245303134653,-0.22684699198374256,-0.33484224111972233,0.15502363939382813,1.1822459261747118
W02000389,Cardiff 023,W06000015,Cardiff,4233.7,0.7530899683817189,0.32356020942408376,0.06916253195008269,0.25244324161780185,47.664652122641506,0.523086053412463,1.3816781163319654,-0.6144685516952044,0.8121376927438997,-0.026009680803117777,-0.17290974600410242,-0.7383506725016372,0.9238882310442657
W02000390,Cardiff 024,W06000015,Cardiff,3583.0,0.8550847457627119,0.3986671893375147,0.15248429468874927,0.1151722825052351,52.5353480841878,0.5206797050336647,1.0508982886031377,0.5439051524911224,1.661278863715839,1.0959360848523625,-2.0076763946765928,0.36905224563833683,0.7401726448550126
W02000391,Cardiff 025,W06000015,Cardiff,7414.0,0.7322709163346613,0.33963328631875883,0.49224898640591463,0.1080372048652516,32.08548520221672,0.53935209771641,2.998366430648841,-0.8509144076169624,0.9938559744694809,5.670941997616297,-2.103043998823624,-4.280434811210853,2.165739116231706
W02000392,Cardiff 026,W06000015,Cardiff,3436.0,0.8526203777600425,0.46395518753044324,0.0986316217314727,0.11014767646660344,52.086049543676666,0.5176618049225159,0.9761716331918304,0.5159168655902449,2.399409025517797,0.37079806079076605,-2.0748353891354268,0.26689959254600415,0.5097673997685993
W02000393,Cardiff 027,W06000015,Cardiff,4258.4,0.7220910623946037,0.274133871510259,0.06612685560053981,0.28532870638133795,47.237148217636026,0.5305815004519434,1.3942342278194435,-0.9665289069022737,0.2533355880477063,-0.06688572704031032,0.2666380969213041,-0.835548090623586,1.496137228214136
W02000394,Cardiff 028,W06000015,Cardiff,9720.6,0.6800549261929283,0.3248820754716981,0.6464590490967528,0.07691455170120802,28.576656775469832,0.5360986312819978,4.170914072633342,-1.4439411436065617,0.8270823874291747,7.7474142321284685,-2.519030063266885,-5.078203111615792,1.9173492744235112
W02000395,Cardiff 029,W06000015,Cardiff,4108.7,0.7530864197530864,0.47025067955300515,0.08030557108254145,0.14141978759083287,47.340058160668846,0.5140116888955493,1.3181350420026223,-0.6145088541322445,2.4705843207306293,0.12403377915591828,-1.6568516663199913,-0.8121504546142992,0.2310948636298999
W02000396,Cardiff 030,W06000015,Cardiff,10626.3,0.687778158165012,0.4151186790505676,0.280229746070133,0.13165054413542926,36.66626847842318,0.489888238424694,4.6313217719940285,-1.356226958061802,1.847275388343458,2.816056537759924,-1.7874275885005744,-3.2389465295593376,-1.6106392274138313
W02000397,Cardiff 031,W06000015,Cardiff,4279.3,0.7198764160659115,0.27288488210818307,0.07319373703074891,0.26504433125825316,50.286468767073394,0.5262256809338521,1.4048586298473098,-0.9916810581898552,0.2392148189176907,0.02827137761529061,-0.004483305636090776,-0.1422536412367079,1.163586902936479
W02000398,Cardiff 032,W06000015,Cardiff,5162.6,0.5085995085995085,0.3535645472061657,0.7706437478934951,0.04710144927536232,25.77776847043056,0.516118501591447,1.853879410288179,-3.391192289992363,1.1513594075283413,9.419588372409216,-2.9175126438361865,-5.714559209598214,0.39194203473282585
W02000399,Cardiff 033,W06000015,Cardiff,11677.7,0.5165590501978754,0.3938467807660962,0.33238520926452664,0.15867533522958147,35.821167517773105,0.4656630424681721,5.165795278792999,-3.3007942919607154,1.6067805017311692,3.518341261023408,-1.426213638314424,-3.4310889415134755,-3.460141200991132
W02000400,Cardiff 034,W06000015,Cardiff,3311.6,0.7289749285940972,0.5079072219293621,0.0691800878477306,0.11035871156661786,45.491164803461956,0.49896743447180303,0.9129335656192683,-0.8883475549410481,2.8963199917038165,-0.02577328680014735,-2.072014689362446,-1.2325154117508386,-0.9174769909654328
W02000401,Cardiff 035,W06000015,Cardiff,6638.0,0.7783562662699889,0.4684159378036929,0.05957271980279376,0.14071487263763352,48.9186,0.5097675985180196,2.6038910252122798,-0.3275144955420844,2.4498411786253573,-0.15513859956865098,-1.6662735750371882,-0.4532527009704037,-0.09292536486977507
W02000402,Cardiff 036,W06000015,Cardiff,10882.1,0.5188518608611044,0.3076057605760576,0.3102509827638343,0.21136982159056547,35.180350877192986,0.4586096993711775,4.761356319301597,-3.2747544137516438,0.6317605907403321,3.220299058335024,-0.7218979784757078,-3.5767852082017764,-3.998637236343006
W02000403,Cardiff 037,W06000015,Cardiff,2491.7,0.6751768686557982,0.2655467138225759,0.08478887569950823,0.2959131761912837,43.54627615062761,0.5152759948652118,0.49614183247824184,-1.4993421525956008,0.15625128053534984,0.18440245674770053,0.4081103524276145,-1.6747058885553725,0.3276198366494433
W02000404,Cardiff 038,W06000015,Cardiff,3646.2,0.5949720670391061,0.37215713301171605,0.08198924731182795,0.26804915514592936,44.01271829916477,0.5173988348291607,1.0830256669840534,-2.4102430391695306,1.3615626416421132,0.14670484796308556,0.03567923631658647,-1.5686554595178066,0.4896906289748718
W02000405,Cardiff 039,W06000015,Cardiff,6226.9,0.5861492137838742,0.15487651737128505,0.08685927306616961,0.37371854613233924,43.70736185055994,0.5411599027013186,2.3949105623579365,-2.5104458286572595,-1.094958930748072,0.21228081028224519,1.4480586326637142,-1.6380813947286117,2.3037581809043792
W02000406,Cardiff 040,W06000015,Cardiff,4616.5,0.7258906285454958,0.43111954459203033,0.07794909446891826,0.18587860988742047,44.713377324535095,0.523085971963533,1.5762724271581454,-0.923376525677213,2.0281772661463298,0.09230330596834378,-1.0626140729034228,-1.4093534099869047,0.9238820127269018
W02000407,Cardiff 041,W06000015,Cardiff,3655.8,0.6613084112149532,0.1828358208955224,0.08567387350979996,0.3390583956354819,47.530837438423646,0.53755833207888,1.0879057750925472,-1.6568488095991558,-0.7788578738090854,0.19631914589631366,0.9847903013231102,-0.7687748198848364,2.0287919025661885
W02000408,Cardiff 042,W06000015,Cardiff,10666.2,0.5240304938680809,0.28083735909822866,0.13057541709227102,0.24157303370786518,41.079663865546216,0.4713845329044364,4.651604721319956,-3.215939713107659,0.3291235814752856,0.8009282544644194,-0.3182011832186754,-2.2355156093805397,-3.0233270727311865
W02000409,Cardiff 043,W06000015,Cardiff,3957.8,0.7241512345679013,0.2520973154362416,0.06567164179104477,0.30127931769722816,48.754873496474495,0.5304576885083965,1.2414258426722398,-0.9431311474000403,0.004195667224798291,-0.07301528058363506,0.47983431742949306,-0.4904776087068816,1.4866846551842425
W02000410,Cardiff 044,W06000015,Cardiff,11230.5,0.6315104166666667,0.2796633179473256,0.1706021251475797,0.24601534828807556,40.658266569555714,0.48347202958853447,4.938463576072341,-1.9952701896791025,0.3158501589678681,1.3398966360699804,-0.25882510915775353,-2.3313246270158814,-2.100492474696496
W02000411,Cardiff 045,W06000015,Cardiff,4365.6,0.710372534696859,0.1864730607565915,0.07551219512195122,0.3295609756097561,46.940332759609866,0.519860521528199,1.4487287683642884,-1.0996184109475688,-0.7377361282896422,0.05948992308020789,0.8578475770623555,-0.903032143613597,0.6776310863553405
W02000412,Cardiff 046,W06000015,Cardiff,3586.7,0.6690751445086704,0.3283531409168082,0.09072431633407244,0.25535846267553586,44.61081866037394,0.4922897876054699,1.0527791636032862,-1.5686405714335505,0.8663254055877828,0.2643244635364321,-0.13394483744065352,-1.4326711791248798,-1.4272900418196406
W02000414,Powys 020,W06000023,Powys,8.5,0.944954128440367,0.4500998003992016,0.03719655442443226,0.15074393108848866,56.059447179098825,0.5035911140805077,-0.7661794649187538,1.5645684881871091,2.242763402614936,-0.45643856217985,-1.5322249599318871,1.1702924898107432,-0.5644765621211736
W02000415,Merthyr Tydfil 008,W06000024,Merthyr Tydfil,350.5,0.6504599211563732,0.1360741169658367,0.06414725979640218,0.380978942964719,47.760765550239235,0.5296003419534089,-0.5923256135536714,-1.7800571339532978,-1.30753427748373,-0.09354141766855104,1.5451012558834882,-0.7164982943128805,1.4212294923721391
W02000416,Powys 021,W06000023,Powys,61.8,0.8415713360673429,0.21321865097329107,0.043583535108958835,0.2794880664130059,54.38439434129089,0.5114503816793893,-0.7390846980247219,0.3904308389334846,-0.4353570175715627,-0.3704364698237011,0.18857197506947404,0.7894519661418717,0.03554875701727803
W02000417,Neath Port Talbot 020,W06000012,Neath Port Talbot,311.0,0.8366944322665497,0.2046189376443418,0.05071770334928229,0.3187799043062201,50.80160670625218,0.5093338573393594,-0.6124052250417438,0.3350429331431441,-0.5325832760975181,-0.2743733335478974,0.7137475416829345,-0.0251317223990364,-0.1260398613383861
W02000418,Carmarthenshire 027,W06000010,Carmarthenshire,38.9,0.903546631638206,0.31836007130124777,0.04109855862874951,0.23178807947019867,55.062376887721605,0.5096695226438188,-0.7507257892418575,1.0942958263562776,0.753346201195041,-0.40389722182997734,-0.44898709605938714,0.9435982845105069,-0.10041308646427298
W02000419,Denbighshire 017,W06000004,Denbighshire,4181.9,0.8186682520808561,0.1546938775510204,0.0509561060408518,0.31051716644936983,52.248419055649244,0.5200246457178065,1.3553458663298856,0.13031624369675596,-1.0970238119485196,-0.2711631891446135,0.6033076063573525,0.30381597426947204,0.6901613467146669
W02000421,Ceredigion 011,W06000008,Ceredigion,15.0,0.9121297037630104,0.35100722158874953,0.055646986216827815,0.1897757663032298,55.06908445846063,0.5068338121354575,-0.7628752250536279,1.1917753768372694,1.1224469086922515,-0.20799946123429172,-1.010524594818525,0.9451233198378337,-0.3169088453064685
W02000422,Cardiff 048,W06000015,Cardiff,1430.7,0.7478054567022538,0.49920413847990447,0.08574861090253792,0.12389247634779997,37.08052686723544,0.45458237444158656,-0.04321178242922115,-0.6744857361642852,2.7979250558422373,0.19732550124169296,-1.8911220926178656,-3.14476061603559,-4.306108243755445
W02000423,Cardiff 049,W06000015,Cardiff,4972.0,0.6239620403321471,0.42447861807457343,0.21036691904484567,0.16901572510192195,38.979757548032936,0.47662247034194,1.7569889305507969,-2.080998507145281,1.9530965729022183,1.8753382862320065,-1.2880037606047237,-2.712950949667417,-2.6234303847735694
W02000424,Wrexham 021,W06000006,Wrexham,433.4,0.9067340067340067,0.2846079380445305,0.051206387779899325,0.19336920673494185,55.60498338870432,0.5112241843759353,-0.5501838466584512,1.1304954396223774,0.3717528261259859,-0.26779309076796276,-0.9624945912349558,1.066965463930841,0.01827944947868005
W02000425,Wrexham 022,W06000006,Wrexham,130.8,0.9164636268708667,0.3417503586800574,0.0462331151650188,0.2267093719537669,49.35654065814523,0.4149790293588975,-0.7040089209949246,1.2409965496562787,1.017791077518191,-0.3347592946541679,-0.5168692120564791,-0.3536823794740475,-7.329673668041596
W02000426,Wrexham 023,W06000006,Wrexham,3392.1,0.8350022758306782,0.1671195652173913,0.054498902706656915,0.2910265788831992,53.64810037523452,0.5170288024254674,0.9538553054873652,0.3158247969893562,-0.9565420220094868,-0.22345865689359537,0.34279598568662034,0.622047945637002,0.4614400562180393
W02000427,Neath Port Talbot 021,W06000012,Neath Port Talbot,116.3,0.784121137712298,0.17766838218840905,0.05204460966542751,0.33938333697791384,51.20358772954039,0.5123373710183939,-0.7113799176171284,-0.2620417756807438,-0.8372796737502023,-0.2565062496806261,0.9891334744292302,0.06626280555768939,0.10326703413567208
W02000428,Swansea 032,W06000011,Swansea,964.3,0.887909604519774,0.34630520332313075,0.11513930849278281,0.17746447353698108,52.49474023185917,0.5062845172348124,-0.28030370136686567,0.9167031937651141,1.0692870385896194,0.5930776748299936,-1.1750776038131865,0.3598196319578372,-0.35884543086154397
