area_id,time_id,msoa_name,age_band,sex,pop_count
W02000001,2021,Isle of Anglesey 001,16_24,1,389
W02000001,2021,Isle of Anglesey 001,25_34,1,372
W02000001,2021,Isle of Anglesey 001,35_49,1,641
W02000001,2021,Isle of Anglesey 001,50_64,1,1012
W02000001,2021,Isle of Anglesey 001,65_plus,1,1104
W02000001,2021,Isle of Anglesey 001,16_24,2,407
W02000001,2021,Isle of Anglesey 001,25_34,2,424
W02000001,2021,Isle of Anglesey 001,35_49,2,603
W02000001,2021,Isle of Anglesey 001,50_64,2,980
W02000001,2021,Isle of Anglesey 001,65_plus,2,1104
W02000001,2023,Isle of Anglesey 001,16_24,1,375
W02000001,2023,Isle of Anglesey 001,25_34,1,394
W02000001,2023,Isle of Anglesey 001,35_49,1,614
W02000001,2023,Isle of Anglesey 001,50_64,1,1055
W02000001,2023,Isle of Anglesey 001,65_plus,1,1138
W02000001,2023,Isle of Anglesey 001,16_24,2,369
W02000001,2023,Isle of Anglesey 001,25_34,2,434
W02000001,2023,Isle of Anglesey 001,35_49,2,600
W02000001,2023,Isle of Anglesey 001,50_64,2,1025
W02000001,2023,Isle of Anglesey 001,65_plus,2,1186
W02000001,2025,Isle of Anglesey 001,16_24,1,382
W02000001,2025,Isle of Anglesey 001,25_34,1,394
W02000001,2025,Isle of Anglesey 001,35_49,1,611
W02000001,2025,Isle of Anglesey 001,50_64,1,1029
W02000001,2025,Isle of Anglesey 001,65_plus,1,1166
W02000001,2025,Isle of Anglesey 001,16_24,2,345
W02000001,2025,Isle of Anglesey 001,25_34,2,378
W02000001,2025,Isle of Anglesey 001,35_49,2,593
W02000001,2025,Isle of Anglesey 001,50_64,2,1028
W02000001,2025,Isle of Anglesey 001,65_plus,2,1202
W02000002,2021,Isle of Anglesey 002,16_24,1,220
W02000002,2021,Isle of Anglesey 002,25_34,1,241
W02000002,2021,Isle of Anglesey 002,35_49,1,410
W02000002,2021,Isle of Anglesey 002,50_64,1,746
W02000002,2021,Isle of Anglesey 002,65_plus,1,971
W02000002,2021,Isle of Anglesey 002,16_24,2,230
W02000002,2021,Isle of Anglesey 002,25_34,2,254
W02000002,2021,Isle of Anglesey 002,35_49,2,425
W02000002,2021,Isle of Anglesey 002,50_64,2,770
W02000002,2021,Isle of Anglesey 002,65_plus,2,1122
W02000002,2023,Isle of Anglesey 002,16_24,1,206
W02000002,2023,Isle of Anglesey 002,25_34,1,210
W02000002,2023,Isle of Anglesey 002,35_49,1,427
W02000002,2023,Isle of Anglesey 002,50_64,1,754
W02000002,2023,Isle of Anglesey 002,65_plus,1,1007
W02000002,2023,Isle of Anglesey 002,16_24,2,220
W02000002,2023,Isle of Anglesey 002,25_34,2,289
W02000002,2023,Isle of Anglesey 002,35_49,2,413
W02000002,2023,Isle of Anglesey 002,50_64,2,796
W02000002,2023,Isle of Anglesey 002,65_plus,2,1140
W02000002,2025,Isle of Anglesey 002,16_24,1,197
W02000002,2025,Isle of Anglesey 002,25_34,1,214
W02000002,2025,Isle of Anglesey 002,35_49,1,435
W02000002,2025,Isle of Anglesey 002,50_64,1,727
W02000002,2025,Isle of Anglesey 002,65_plus,1,1039
W02000002,2025,Isle of Anglesey 002,16_24,2,241
W02000002,2025,Isle of Anglesey 002,25_34,2,263
W02000002,2025,Isle of Anglesey 002,35_49,2,451
W02000002,2025,Isle of Anglesey 002,50_64,2,814
W02000002,2025,Isle of Anglesey 002,65_plus,2,1146
W02000003,2021,Isle of Anglesey 003,16_24,1,582
W02000003,2021,Isle of Anglesey 003,25_34,1,667
W02000003,2021,Isle of Anglesey 003,35_49,1,945
W02000003,2021,Isle of Anglesey 003,50_64,1,974
W02000003,2021,Isle of Anglesey 003,65_plus,1,928
W02000003,2021,Isle of Anglesey 003,16_24,2,634
W02000003,2021,Isle of Anglesey 003,25_34,2,695
W02000003,2021,Isle of Anglesey 003,35_49,2,1038
W02000003,2021,Isle of Anglesey 003,50_64,2,1047
W02000003,2021,Isle of Anglesey 003,65_plus,2,1052
W02000003,2023,Isle of Anglesey 003,16_24,1,643
W02000003,2023,Isle of Anglesey 003,25_34,1,654
W02000003,2023,Isle of Anglesey 003,35_49,1,954
W02000003,2023,Isle of Anglesey 003,50_64,1,1006
W02000003,2023,Isle of Anglesey 003,65_plus,1,925
W02000003,2023,Isle of Anglesey 003,16_24,2,597
W02000003,2023,Isle of Anglesey 003,25_34,2,691
W02000003,2023,Isle of Anglesey 003,35_49,2,1012
W02000003,2023,Isle of Anglesey 003,50_64,2,1123
W02000003,2023,Isle of Anglesey 003,65_plus,2,1032
W02000003,2025,Isle of Anglesey 003,16_24,1,654
W02000003,2025,Isle of Anglesey 003,25_34,1,625
W02000003,2025,Isle of Anglesey 003,35_49,1,931
W02000003,2025,Isle of Anglesey 003,50_64,1,1042
W02000003,2025,Isle of Anglesey 003,65_plus,1,933
W02000003,2025,Isle of Anglesey 003,16_24,2,626
W02000003,2025,Isle of Anglesey 003,25_34,2,677
W02000003,2025,Isle of Anglesey 003,35_49,2,997
W02000003,2025,Isle of Anglesey 003,50_64,2,1143
W02000003,2025,Isle of Anglesey 003,65_plus,2,1052
W02000004,2021,Isle of Anglesey 004,16_24,1,339
W02000004,2021,Isle of Anglesey 004,25_34,1,325
W02000004,2021,Isle of Anglesey 004,35_49,1,523
W02000004,2021,Isle of Anglesey 004,50_64,1,839
W02000004,2021,Isle of Anglesey 004,65_plus,1,1007
W02000004,2021,Isle of Anglesey 004,16_24,2,328
W02000004,2021,Isle of Anglesey 004,25_34,2,274
W02000004,2021,Isle of Anglesey 004,35_49,2,601
W02000004,2021,Isle of Anglesey 004,50_64,2,875
W02000004,2021,Isle of Anglesey 004,65_plus,2,1163
W02000004,2023,Isle of Anglesey 004,16_24,1,367
W02000004,2023,Isle of Anglesey 004,25_34,1,325
W02000004,2023,Isle of Anglesey 004,35_49,1,498
W02000004,2023,Isle of Anglesey 004,50_64,1,860
W02000004,2023,Isle of Anglesey 004,65_plus,1,1033
W02000004,2023,Isle of Anglesey 004,16_24,2,313
W02000004,2023,Isle of Anglesey 004,25_34,2,297
W02000004,2023,Isle of Anglesey 004,35_49,2,586
W02000004,2023,Isle of Anglesey 004,50_64,2,886
W02000004,2023,Isle of Anglesey 004,65_plus,2,1188
W02000004,2025,Isle of Anglesey 004,16_24,1,373
W02000004,2025,Isle of Anglesey 004,25_34,1,342
W02000004,2025,Isle of Anglesey 004,35_49,1,509
W02000004,2025,Isle of Anglesey 004,50_64,1,854
W02000004,2025,Isle of Anglesey 004,65_plus,1,1070
W02000004,2025,Isle of Anglesey 004,16_24,2,298
W02000004,2025,Isle of Anglesey 004,25_34,2,301
W02000004,2025,Isle of Anglesey 004,35_49,2,574
W02000004,2025,Isle of Anglesey 004,50_64,2,881
W02000004,2025,Isle of Anglesey 004,65_plus,2,1225
W02000005,2021,Isle of Anglesey 005,16_24,1,343
W02000005,2021,Isle of Anglesey 005,25_34,1,351
W02000005,2021,Isle of Anglesey 005,35_49,1,553
W02000005,2021,Isle of Anglesey 005,50_64,1,911
W02000005,2021,Isle of Anglesey 005,65_plus,1,1289
W02000005,2021,Isle of Anglesey 005,16_24,2,313
W02000005,2021,Isle of Anglesey 005,25_34,2,317
W02000005,2021,Isle of Anglesey 005,35_49,2,677
W02000005,2021,Isle of Anglesey 005,50_64,2,962
W02000005,2021,Isle of Anglesey 005,65_plus,2,1462
W02000005,2023,Isle of Anglesey 005,16_24,1,336
W02000005,2023,Isle of Anglesey 005,25_34,1,311
W02000005,2023,Isle of Anglesey 005,35_49,1,523
W02000005,2023,Isle of Anglesey 005,50_64,1,935
W02000005,2023,Isle of Anglesey 005,65_plus,1,1313
W02000005,2023,Isle of Anglesey 005,16_24,2,286
W02000005,2023,Isle of Anglesey 005,25_34,2,297
W02000005,2023,Isle of Anglesey 005,35_49,2,628
W02000005,2023,Isle of Anglesey 005,50_64,2,962
W02000005,2023,Isle of Anglesey 005,65_plus,2,1511
W02000005,2025,Isle of Anglesey 005,16_24,1,323
W02000005,2025,Isle of Anglesey 005,25_34,1,301
W02000005,2025,Isle of Anglesey 005,35_49,1,514
W02000005,2025,Isle of Anglesey 005,50_64,1,934
W02000005,2025,Isle of Anglesey 005,65_plus,1,1335
W02000005,2025,Isle of Anglesey 005,16_24,2,289
W02000005,2025,Isle of Anglesey 005,25_34,2,296
W02000005,2025,Isle of Anglesey 005,35_49,2,589
W02000005,2025,Isle of Anglesey 005,50_64,2,977
W02000005,2025,Isle of Anglesey 005,65_plus,2,1578
W02000006,2021,Isle of Anglesey 006,16_24,1,365
W02000006,2021,Isle of Anglesey 006,25_34,1,395
W02000006,2021,Isle of Anglesey 006,35_49,1,598
W02000006,2021,Isle of Anglesey 006,50_64,1,642
W02000006,2021,Isle of Anglesey 006,65_plus,1,729
W02000006,2021,Isle of Anglesey 006,16_24,2,330
W02000006,2021,Isle of Anglesey 006,25_34,2,450
W02000006,2021,Isle of Anglesey 006,35_49,2,638
W02000006,2021,Isle of Anglesey 006,50_64,2,708
W02000006,2021,Isle of Anglesey 006,65_plus,2,831
W02000006,2023,Isle of Anglesey 006,16_24,1,394
W02000006,2023,Isle of Anglesey 006,25_34,1,427
W02000006,2023,Isle of Anglesey 006,35_49,1,579
W02000006,2023,Isle of Anglesey 006,50_64,1,680
W02000006,2023,Isle of Anglesey 006,65_plus,1,758
W02000006,2023,Isle of Anglesey 006,16_24,2,345
W02000006,2023,Isle of Anglesey 006,25_34,2,440
W02000006,2023,Isle of Anglesey 006,35_49,2,664
W02000006,2023,Isle of Anglesey 006,50_64,2,701
W02000006,2023,Isle of Anglesey 006,65_plus,2,836
W02000006,2025,Isle of Anglesey 006,16_24,1,408
W02000006,2025,Isle of Anglesey 006,25_34,1,438
W02000006,2025,Isle of Anglesey 006,35_49,1,603
W02000006,2025,Isle of Anglesey 006,50_64,1,692
W02000006,2025,Isle of Anglesey 006,65_plus,1,766
W02000006,2025,Isle of Anglesey 006,16_24,2,361
W02000006,2025,Isle of Anglesey 006,25_34,2,482
W02000006,2025,Isle of Anglesey 006,35_49,2,664
W02000006,2025,Isle of Anglesey 006,50_64,2,728
W02000006,2025,Isle of Anglesey 006,65_plus,2,843
W02000007,2021,Isle of Anglesey 007,16_24,1,345
W02000007,2021,Isle of Anglesey 007,25_34,1,431
W02000007,2021,Isle of Anglesey 007,35_49,1,642
W02000007,2021,Isle of Anglesey 007,50_64,1,697
W02000007,2021,Isle of Anglesey 007,65_plus,1,714
W02000007,2021,Isle of Anglesey 007,16_24,2,322
W02000007,2021,Isle of Anglesey 007,25_34,2,402
W02000007,2021,Isle of Anglesey 007,35_49,2,587
W02000007,2021,Isle of Anglesey 007,50_64,2,694
W02000007,2021,Isle of Anglesey 007,65_plus,2,881
W02000007,2023,Isle of Anglesey 007,16_24,1,338
W02000007,2023,Isle of Anglesey 007,25_34,1,428
W02000007,2023,Isle of Anglesey 007,35_49,1,623
W02000007,2023,Isle of Anglesey 007,50_64,1,730
W02000007,2023,Isle of Anglesey 007,65_plus,1,706
W02000007,2023,Isle of Anglesey 007,16_24,2,316
W02000007,2023,Isle of Anglesey 007,25_34,2,416
W02000007,2023,Isle of Anglesey 007,35_49,2,585
W02000007,2023,Isle of Anglesey 007,50_64,2,740
W02000007,2023,Isle of Anglesey 007,65_plus,2,859
W02000007,2025,Isle of Anglesey 007,16_24,1,333
W02000007,2025,Isle of Anglesey 007,25_34,1,427
W02000007,2025,Isle of Anglesey 007,35_49,1,584
W02000007,2025,Isle of Anglesey 007,50_64,1,735
W02000007,2025,Isle of Anglesey 007,65_plus,1,708
W02000007,2025,Isle of Anglesey 007,16_24,2,303
W02000007,2025,Isle of Anglesey 007,25_34,2,384
W02000007,2025,Isle of Anglesey 007,35_49,2,577
W02000007,2025,Isle of Anglesey 007,50_64,2,757
W02000007,2025,Isle of Anglesey 007,65_plus,2,863
W02000008,2021,Isle of Anglesey 008,16_24,1,284
W02000008,2021,Isle of Anglesey 008,25_34,1,342
W02000008,2021,Isle of Anglesey 008,35_49,1,498
W02000008,2021,Isle of Anglesey 008,50_64,1,604
W02000008,2021,Isle of Anglesey 008,65_plus,1,764
W02000008,2021,Isle of Anglesey 008,16_24,2,263
W02000008,2021,Isle of Anglesey 008,25_34,2,349
W02000008,2021,Isle of Anglesey 008,35_49,2,496
W02000008,2021,Isle of Anglesey 008,50_64,2,668
W02000008,2021,Isle of Anglesey 008,65_plus,2,953
W02000008,2023,Isle of Anglesey 008,16_24,1,282
W02000008,2023,Isle of Anglesey 008,25_34,1,329
W02000008,2023,Isle of Anglesey 008,35_49,1,461
W02000008,2023,Isle of Anglesey 008,50_64,1,608
W02000008,2023,Isle of Anglesey 008,65_plus,1,780
W02000008,2023,Isle of Anglesey 008,16_24,2,241
W02000008,2023,Isle of Anglesey 008,25_34,2,330
W02000008,2023,Isle of Anglesey 008,35_49,2,486
W02000008,2023,Isle of Anglesey 008,50_64,2,678
W02000008,2023,Isle of Anglesey 008,65_plus,2,963
W02000008,2025,Isle of Anglesey 008,16_24,1,273
W02000008,2025,Isle of Anglesey 008,25_34,1,336
W02000008,2025,Isle of Anglesey 008,35_49,1,467
W02000008,2025,Isle of Anglesey 008,50_64,1,613
W02000008,2025,Isle of Anglesey 008,65_plus,1,803
W02000008,2025,Isle of Anglesey 008,16_24,2,229
W02000008,2025,Isle of Anglesey 008,25_34,2,351
W02000008,2025,Isle of Anglesey 008,35_49,2,510
W02000008,2025,Isle of Anglesey 008,50_64,2,682
W02000008,2025,Isle of Anglesey 008,65_plus,2,974
W02000009,2021,Isle of Anglesey 009,16_24,1,417
W02000009,2021,Isle of Anglesey 009,25_34,1,388
W02000009,2021,Isle of Anglesey 009,35_49,1,609
W02000009,2021,Isle of Anglesey 009,50_64,1,896
W02000009,2021,Isle of Anglesey 009,65_plus,1,954
W02000009,2021,Isle of Anglesey 009,16_24,2,322
W02000009,2021,Isle of Anglesey 009,25_34,2,402
W02000009,2021,Isle of Anglesey 009,35_49,2,676
W02000009,2021,Isle of Anglesey 009,50_64,2,947
W02000009,2021,Isle of Anglesey 009,65_plus,2,1076
W02000009,2023,Isle of Anglesey 009,16_24,1,417
W02000009,2023,Isle of Anglesey 009,25_34,1,373
W02000009,2023,Isle of Anglesey 009,35_49,1,560
W02000009,2023,Isle of Anglesey 009,50_64,1,902
W02000009,2023,Isle of Anglesey 009,65_plus,1,1015
W02000009,2023,Isle of Anglesey 009,16_24,2,296
W02000009,2023,Isle of Anglesey 009,25_34,2,423
W02000009,2023,Isle of Anglesey 009,35_49,2,651
W02000009,2023,Isle of Anglesey 009,50_64,2,954
W02000009,2023,Isle of Anglesey 009,65_plus,2,1130
W02000009,2025,Isle of Anglesey 009,16_24,1,439
W02000009,2025,Isle of Anglesey 009,25_34,1,354
W02000009,2025,Isle of Anglesey 009,35_49,1,559
W02000009,2025,Isle of Anglesey 009,50_64,1,876
W02000009,2025,Isle of Anglesey 009,65_plus,1,1080
W02000009,2025,Isle of Anglesey 009,16_24,2,287
W02000009,2025,Isle of Anglesey 009,25_34,2,398
W02000009,2025,Isle of Anglesey 009,35_49,2,654
W02000009,2025,Isle of Anglesey 009,50_64,2,942
W02000009,2025,Isle of Anglesey 009,65_plus,2,1166
W02000010,2021,Gwynedd 001,16_24,1,2486
W02000010,2021,Gwynedd 001,25_34,1,767
W02000010,2021,Gwynedd 001,35_49,1,403
W02000010,2021,Gwynedd 001,50_64,1,419
W02000010,2021,Gwynedd 001,65_plus,1,375
W02000010,2021,Gwynedd 001,16_24,2,2981
W02000010,2021,Gwynedd 001,25_34,2,523
W02000010,2021,Gwynedd 001,35_49,2,314
W02000010,2021,Gwynedd 001,50_64,2,372
W02000010,2021,Gwynedd 001,65_plus,2,445
W02000010,2023,Gwynedd 001,16_24,1,2114
W02000010,2023,Gwynedd 001,25_34,1,747
W02000010,2023,Gwynedd 001,35_49,1,450
W02000010,2023,Gwynedd 001,50_64,1,437
W02000010,2023,Gwynedd 001,65_plus,1,351
W02000010,2023,Gwynedd 001,16_24,2,2595
W02000010,2023,Gwynedd 001,25_34,2,599
W02000010,2023,Gwynedd 001,35_49,2,352
W02000010,2023,Gwynedd 001,50_64,2,372
W02000010,2023,Gwynedd 001,65_plus,2,404
W02000010,2025,Gwynedd 001,16_24,1,2111
W02000010,2025,Gwynedd 001,25_34,1,948
W02000010,2025,Gwynedd 001,35_49,1,537
W02000010,2025,Gwynedd 001,50_64,1,447
W02000010,2025,Gwynedd 001,65_plus,1,368
W02000010,2025,Gwynedd 001,16_24,2,2707
W02000010,2025,Gwynedd 001,25_34,2,729
W02000010,2025,Gwynedd 001,35_49,2,450
W02000010,2025,Gwynedd 001,50_64,2,379
W02000010,2025,Gwynedd 001,65_plus,2,385
W02000011,2021,Gwynedd 002,16_24,1,670
W02000011,2021,Gwynedd 002,25_34,1,541
W02000011,2021,Gwynedd 002,35_49,1,700
W02000011,2021,Gwynedd 002,50_64,1,735
W02000011,2021,Gwynedd 002,65_plus,1,593
W02000011,2021,Gwynedd 002,16_24,2,622
W02000011,2021,Gwynedd 002,25_34,2,660
W02000011,2021,Gwynedd 002,35_49,2,745
W02000011,2021,Gwynedd 002,50_64,2,739
W02000011,2021,Gwynedd 002,65_plus,2,726
W02000011,2023,Gwynedd 002,16_24,1,662
W02000011,2023,Gwynedd 002,25_34,1,559
W02000011,2023,Gwynedd 002,35_49,1,712
W02000011,2023,Gwynedd 002,50_64,1,762
W02000011,2023,Gwynedd 002,65_plus,1,608
W02000011,2023,Gwynedd 002,16_24,2,553
W02000011,2023,Gwynedd 002,25_34,2,639
W02000011,2023,Gwynedd 002,35_49,2,774
W02000011,2023,Gwynedd 002,50_64,2,776
W02000011,2023,Gwynedd 002,65_plus,2,742
W02000011,2025,Gwynedd 002,16_24,1,652
W02000011,2025,Gwynedd 002,25_34,1,625
W02000011,2025,Gwynedd 002,35_49,1,773
W02000011,2025,Gwynedd 002,50_64,1,800
W02000011,2025,Gwynedd 002,65_plus,1,609
W02000011,2025,Gwynedd 002,16_24,2,591
W02000011,2025,Gwynedd 002,25_34,2,733
W02000011,2025,Gwynedd 002,35_49,2,819
W02000011,2025,Gwynedd 002,50_64,2,804
W02000011,2025,Gwynedd 002,65_plus,2,744
W02000012,2021,Gwynedd 003,16_24,1,440
W02000012,2021,Gwynedd 003,25_34,1,474
W02000012,2021,Gwynedd 003,35_49,1,838
W02000012,2021,Gwynedd 003,50_64,1,822
W02000012,2021,Gwynedd 003,65_plus,1,712
W02000012,2021,Gwynedd 003,16_24,2,392
W02000012,2021,Gwynedd 003,25_34,2,476
W02000012,2021,Gwynedd 003,35_49,2,807
W02000012,2021,Gwynedd 003,50_64,2,938
W02000012,2021,Gwynedd 003,65_plus,2,841
W02000012,2023,Gwynedd 003,16_24,1,449
W02000012,2023,Gwynedd 003,25_34,1,471
W02000012,2023,Gwynedd 003,35_49,1,813
W02000012,2023,Gwynedd 003,50_64,1,866
W02000012,2023,Gwynedd 003,65_plus,1,749
W02000012,2023,Gwynedd 003,16_24,2,421
W02000012,2023,Gwynedd 003,25_34,2,491
W02000012,2023,Gwynedd 003,35_49,2,844
W02000012,2023,Gwynedd 003,50_64,2,939
W02000012,2023,Gwynedd 003,65_plus,2,883
W02000012,2025,Gwynedd 003,16_24,1,437
W02000012,2025,Gwynedd 003,25_34,1,479
W02000012,2025,Gwynedd 003,35_49,1,799
W02000012,2025,Gwynedd 003,50_64,1,872
W02000012,2025,Gwynedd 003,65_plus,1,783
W02000012,2025,Gwynedd 003,16_24,2,453
W02000012,2025,Gwynedd 003,25_34,2,515
W02000012,2025,Gwynedd 003,35_49,2,849
W02000012,2025,Gwynedd 003,50_64,2,948
W02000012,2025,Gwynedd 003,65_plus,2,903
W02000013,2021,Gwynedd 004,16_24,1,325
W02000013,2021,Gwynedd 004,25_34,1,425
W02000013,2021,Gwynedd 004,35_49,1,626
W02000013,2021,Gwynedd 004,50_64,1,620
W02000013,2021,Gwynedd 004,65_plus,1,638
W02000013,2021,Gwynedd 004,16_24,2,284
W02000013,2021,Gwynedd 004,25_34,2,427
W02000013,2021,Gwynedd 004,35_49,2,665
W02000013,2021,Gwynedd 004,50_64,2,638
W02000013,2021,Gwynedd 004,65_plus,2,744
W02000013,2023,Gwynedd 004,16_24,1,325
W02000013,2023,Gwynedd 004,25_34,1,409
W02000013,2023,Gwynedd 004,35_49,1,576
W02000013,2023,Gwynedd 004,50_64,1,641
W02000013,2023,Gwynedd 004,65_plus,1,661
W02000013,2023,Gwynedd 004,16_24,2,303
W02000013,2023,Gwynedd 004,25_34,2,404
W02000013,2023,Gwynedd 004,35_49,2,643
W02000013,2023,Gwynedd 004,50_64,2,671
W02000013,2023,Gwynedd 004,65_plus,2,728
W02000013,2025,Gwynedd 004,16_24,1,320
W02000013,2025,Gwynedd 004,25_34,1,420
W02000013,2025,Gwynedd 004,35_49,1,573
W02000013,2025,Gwynedd 004,50_64,1,661
W02000013,2025,Gwynedd 004,65_plus,1,660
W02000013,2025,Gwynedd 004,16_24,2,327
W02000013,2025,Gwynedd 004,25_34,2,409
W02000013,2025,Gwynedd 004,35_49,2,645
W02000013,2025,Gwynedd 004,50_64,2,688
W02000013,2025,Gwynedd 004,65_plus,2,771
W02000014,2021,Gwynedd 005,16_24,1,371
W02000014,2021,Gwynedd 005,25_34,1,389
W02000014,2021,Gwynedd 005,35_49,1,616
W02000014,2021,Gwynedd 005,50_64,1,751
W02000014,2021,Gwynedd 005,65_plus,1,629
W02000014,2021,Gwynedd 005,16_24,2,347
W02000014,2021,Gwynedd 005,25_34,2,438
W02000014,2021,Gwynedd 005,35_49,2,676
W02000014,2021,Gwynedd 005,50_64,2,732
W02000014,2021,Gwynedd 005,65_plus,2,674
W02000014,2023,Gwynedd 005,16_24,1,365
W02000014,2023,Gwynedd 005,25_34,1,411
W02000014,2023,Gwynedd 005,35_49,1,558
W02000014,2023,Gwynedd 005,50_64,1,781
W02000014,2023,Gwynedd 005,65_plus,1,664
W02000014,2023,Gwynedd 005,16_24,2,325
W02000014,2023,Gwynedd 005,25_34,2,450
W02000014,2023,Gwynedd 005,35_49,2,632
W02000014,2023,Gwynedd 005,50_64,2,775
W02000014,2023,Gwynedd 005,65_plus,2,659
W02000014,2025,Gwynedd 005,16_24,1,369
W02000014,2025,Gwynedd 005,25_34,1,400
W02000014,2025,Gwynedd 005,35_49,1,570
W02000014,2025,Gwynedd 005,50_64,1,795
W02000014,2025,Gwynedd 005,65_plus,1,661
W02000014,2025,Gwynedd 005,16_24,2,337
W02000014,2025,Gwynedd 005,25_34,2,461
W02000014,2025,Gwynedd 005,35_49,2,662
W02000014,2025,Gwynedd 005,50_64,2,792
W02000014,2025,Gwynedd 005,65_plus,2,659
W02000015,2021,Gwynedd 006,16_24,1,434
W02000015,2021,Gwynedd 006,25_34,1,536
W02000015,2021,Gwynedd 006,35_49,1,695
W02000015,2021,Gwynedd 006,50_64,1,764
W02000015,2021,Gwynedd 006,65_plus,1,758
W02000015,2021,Gwynedd 006,16_24,2,395
W02000015,2021,Gwynedd 006,25_34,2,648
W02000015,2021,Gwynedd 006,35_49,2,737
W02000015,2021,Gwynedd 006,50_64,2,786
W02000015,2021,Gwynedd 006,65_plus,2,931
W02000015,2023,Gwynedd 006,16_24,1,450
W02000015,2023,Gwynedd 006,25_34,1,543
W02000015,2023,Gwynedd 006,35_49,1,735
W02000015,2023,Gwynedd 006,50_64,1,790
W02000015,2023,Gwynedd 006,65_plus,1,757
W02000015,2023,Gwynedd 006,16_24,2,428
W02000015,2023,Gwynedd 006,25_34,2,632
W02000015,2023,Gwynedd 006,35_49,2,751
W02000015,2023,Gwynedd 006,50_64,2,795
W02000015,2023,Gwynedd 006,65_plus,2,939
W02000015,2025,Gwynedd 006,16_24,1,480
W02000015,2025,Gwynedd 006,25_34,1,569
W02000015,2025,Gwynedd 006,35_49,1,748
W02000015,2025,Gwynedd 006,50_64,1,787
W02000015,2025,Gwynedd 006,65_plus,1,795
W02000015,2025,Gwynedd 006,16_24,2,453
W02000015,2025,Gwynedd 006,25_34,2,651
W02000015,2025,Gwynedd 006,35_49,2,793
W02000015,2025,Gwynedd 006,50_64,2,821
W02000015,2025,Gwynedd 006,65_plus,2,952
W02000016,2021,Gwynedd 007,16_24,1,317
W02000016,2021,Gwynedd 007,25_34,1,398
W02000016,2021,Gwynedd 007,35_49,1,546
W02000016,2021,Gwynedd 007,50_64,1,670
W02000016,2021,Gwynedd 007,65_plus,1,679
W02000016,2021,Gwynedd 007,16_24,2,313
W02000016,2021,Gwynedd 007,25_34,2,357
W02000016,2021,Gwynedd 007,35_49,2,550
W02000016,2021,Gwynedd 007,50_64,2,689
W02000016,2021,Gwynedd 007,65_plus,2,792
W02000016,2023,Gwynedd 007,16_24,1,318
W02000016,2023,Gwynedd 007,25_34,1,377
W02000016,2023,Gwynedd 007,35_49,1,519
W02000016,2023,Gwynedd 007,50_64,1,661
W02000016,2023,Gwynedd 007,65_plus,1,719
W02000016,2023,Gwynedd 007,16_24,2,345
W02000016,2023,Gwynedd 007,25_34,2,363
W02000016,2023,Gwynedd 007,35_49,2,518
W02000016,2023,Gwynedd 007,50_64,2,722
W02000016,2023,Gwynedd 007,65_plus,2,796
W02000016,2025,Gwynedd 007,16_24,1,321
W02000016,2025,Gwynedd 007,25_34,1,394
W02000016,2025,Gwynedd 007,35_49,1,546
W02000016,2025,Gwynedd 007,50_64,1,666
W02000016,2025,Gwynedd 007,65_plus,1,758
W02000016,2025,Gwynedd 007,16_24,2,352
W02000016,2025,Gwynedd 007,25_34,2,400
W02000016,2025,Gwynedd 007,35_49,2,539
W02000016,2025,Gwynedd 007,50_64,2,716
W02000016,2025,Gwynedd 007,65_plus,2,814
W02000017,2021,Gwynedd 008,16_24,1,386
W02000017,2021,Gwynedd 008,25_34,1,331
W02000017,2021,Gwynedd 008,35_49,1,655
W02000017,2021,Gwynedd 008,50_64,1,785
W02000017,2021,Gwynedd 008,65_plus,1,841
W02000017,2021,Gwynedd 008,16_24,2,355
W02000017,2021,Gwynedd 008,25_34,2,418
W02000017,2021,Gwynedd 008,35_49,2,667
W02000017,2021,Gwynedd 008,50_64,2,854
W02000017,2021,Gwynedd 008,65_plus,2,904
W02000017,2023,Gwynedd 008,16_24,1,411
W02000017,2023,Gwynedd 008,25_34,1,328
W02000017,2023,Gwynedd 008,35_49,1,633
W02000017,2023,Gwynedd 008,50_64,1,823
W02000017,2023,Gwynedd 008,65_plus,1,814
W02000017,2023,Gwynedd 008,16_24,2,393
W02000017,2023,Gwynedd 008,25_34,2,431
W02000017,2023,Gwynedd 008,35_49,2,644
W02000017,2023,Gwynedd 008,50_64,2,911
W02000017,2023,Gwynedd 008,65_plus,2,907
W02000017,2025,Gwynedd 008,16_24,1,429
W02000017,2025,Gwynedd 008,25_34,1,324
W02000017,2025,Gwynedd 008,35_49,1,639
W02000017,2025,Gwynedd 008,50_64,1,849
W02000017,2025,Gwynedd 008,65_plus,1,837
W02000017,2025,Gwynedd 008,16_24,2,418
W02000017,2025,Gwynedd 008,25_34,2,435
W02000017,2025,Gwynedd 008,35_49,2,653
W02000017,2025,Gwynedd 008,50_64,2,966
W02000017,2025,Gwynedd 008,65_plus,2,906
W02000018,2021,Gwynedd 009,16_24,1,294
W02000018,2021,Gwynedd 009,25_34,1,352
W02000018,2021,Gwynedd 009,35_49,1,465
W02000018,2021,Gwynedd 009,50_64,1,659
W02000018,2021,Gwynedd 009,65_plus,1,673
W02000018,2021,Gwynedd 009,16_24,2,282
W02000018,2021,Gwynedd 009,25_34,2,335
W02000018,2021,Gwynedd 009,35_49,2,494
W02000018,2021,Gwynedd 009,50_64,2,703
W02000018,2021,Gwynedd 009,65_plus,2,709
W02000018,2023,Gwynedd 009,16_24,1,320
W02000018,2023,Gwynedd 009,25_34,1,352
W02000018,2023,Gwynedd 009,35_49,1,464
W02000018,2023,Gwynedd 009,50_64,1,673
W02000018,2023,Gwynedd 009,65_plus,1,664
W02000018,2023,Gwynedd 009,16_24,2,278
W02000018,2023,Gwynedd 009,25_34,2,330
W02000018,2023,Gwynedd 009,35_49,2,489
W02000018,2023,Gwynedd 009,50_64,2,699
W02000018,2023,Gwynedd 009,65_plus,2,713
W02000018,2025,Gwynedd 009,16_24,1,312
W02000018,2025,Gwynedd 009,25_34,1,377
W02000018,2025,Gwynedd 009,35_49,1,492
W02000018,2025,Gwynedd 009,50_64,1,647
W02000018,2025,Gwynedd 009,65_plus,1,666
W02000018,2025,Gwynedd 009,16_24,2,291
W02000018,2025,Gwynedd 009,25_34,2,355
W02000018,2025,Gwynedd 009,35_49,2,501
W02000018,2025,Gwynedd 009,50_64,2,699
W02000018,2025,Gwynedd 009,65_plus,2,723
W02000019,2021,Gwynedd 010,16_24,1,289
W02000019,2021,Gwynedd 010,25_34,1,337
W02000019,2021,Gwynedd 010,35_49,1,501
W02000019,2021,Gwynedd 010,50_64,1,659
W02000019,2021,Gwynedd 010,65_plus,1,975
W02000019,2021,Gwynedd 010,16_24,2,294
W02000019,2021,Gwynedd 010,25_34,2,323
W02000019,2021,Gwynedd 010,35_49,2,528
W02000019,2021,Gwynedd 010,50_64,2,714
W02000019,2021,Gwynedd 010,65_plus,2,1048
W02000019,2023,Gwynedd 010,16_24,1,323
W02000019,2023,Gwynedd 010,25_34,1,351
W02000019,2023,Gwynedd 010,35_49,1,508
W02000019,2023,Gwynedd 010,50_64,1,720
W02000019,2023,Gwynedd 010,65_plus,1,1008
W02000019,2023,Gwynedd 010,16_24,2,259
W02000019,2023,Gwynedd 010,25_34,2,325
W02000019,2023,Gwynedd 010,35_49,2,533
W02000019,2023,Gwynedd 010,50_64,2,749
W02000019,2023,Gwynedd 010,65_plus,2,1088
W02000019,2025,Gwynedd 010,16_24,1,327
W02000019,2025,Gwynedd 010,25_34,1,367
W02000019,2025,Gwynedd 010,35_49,1,527
W02000019,2025,Gwynedd 010,50_64,1,689
W02000019,2025,Gwynedd 010,65_plus,1,1011
W02000019,2025,Gwynedd 010,16_24,2,276
W02000019,2025,Gwynedd 010,25_34,2,362
W02000019,2025,Gwynedd 010,35_49,2,545
W02000019,2025,Gwynedd 010,50_64,2,770
W02000019,2025,Gwynedd 010,65_plus,2,1065
W02000020,2021,Gwynedd 011,16_24,1,269
W02000020,2021,Gwynedd 011,25_34,1,305
W02000020,2021,Gwynedd 011,35_49,1,455
W02000020,2021,Gwynedd 011,50_64,1,725
W02000020,2021,Gwynedd 011,65_plus,1,767
W02000020,2021,Gwynedd 011,16_24,2,293
W02000020,2021,Gwynedd 011,25_34,2,324
W02000020,2021,Gwynedd 011,35_49,2,481
W02000020,2021,Gwynedd 011,50_64,2,742
W02000020,2021,Gwynedd 011,65_plus,2,1075
W02000020,2023,Gwynedd 011,16_24,1,278
W02000020,2023,Gwynedd 011,25_34,1,284
W02000020,2023,Gwynedd 011,35_49,1,437
W02000020,2023,Gwynedd 011,50_64,1,734
W02000020,2023,Gwynedd 011,65_plus,1,783
W02000020,2023,Gwynedd 011,16_24,2,276
W02000020,2023,Gwynedd 011,25_34,2,354
W02000020,2023,Gwynedd 011,35_49,2,450
W02000020,2023,Gwynedd 011,50_64,2,766
W02000020,2023,Gwynedd 011,65_plus,2,1091
W02000020,2025,Gwynedd 011,16_24,1,284
W02000020,2025,Gwynedd 011,25_34,1,292
W02000020,2025,Gwynedd 011,35_49,1,467
W02000020,2025,Gwynedd 011,50_64,1,743
W02000020,2025,Gwynedd 011,65_plus,1,801
W02000020,2025,Gwynedd 011,16_24,2,304
W02000020,2025,Gwynedd 011,25_34,2,382
W02000020,2025,Gwynedd 011,35_49,2,472
W02000020,2025,Gwynedd 011,50_64,2,762
W02000020,2025,Gwynedd 011,65_plus,2,1129
W02000021,2021,Gwynedd 012,16_24,1,396
W02000021,2021,Gwynedd 012,25_34,1,385
W02000021,2021,Gwynedd 012,35_49,1,650
W02000021,2021,Gwynedd 012,50_64,1,847
W02000021,2021,Gwynedd 012,65_plus,1,898
W02000021,2021,Gwynedd 012,16_24,2,331
W02000021,2021,Gwynedd 012,25_34,2,436
W02000021,2021,Gwynedd 012,35_49,2,692
W02000021,2021,Gwynedd 012,50_64,2,817
W02000021,2021,Gwynedd 012,65_plus,2,1013
W02000021,2023,Gwynedd 012,16_24,1,438
W02000021,2023,Gwynedd 012,25_34,1,403
W02000021,2023,Gwynedd 012,35_49,1,661
W02000021,2023,Gwynedd 012,50_64,1,892
W02000021,2023,Gwynedd 012,65_plus,1,913
W02000021,2023,Gwynedd 012,16_24,2,328
W02000021,2023,Gwynedd 012,25_34,2,445
W02000021,2023,Gwynedd 012,35_49,2,674
W02000021,2023,Gwynedd 012,50_64,2,868
W02000021,2023,Gwynedd 012,65_plus,2,1024
W02000021,2025,Gwynedd 012,16_24,1,443
W02000021,2025,Gwynedd 012,25_34,1,433
W02000021,2025,Gwynedd 012,35_49,1,648
W02000021,2025,Gwynedd 012,50_64,1,900
W02000021,2025,Gwynedd 012,65_plus,1,953
W02000021,2025,Gwynedd 012,16_24,2,354
W02000021,2025,Gwynedd 012,25_34,2,440
W02000021,2025,Gwynedd 012,35_49,2,672
W02000021,2025,Gwynedd 012,50_64,2,880
W02000021,2025,Gwynedd 012,65_plus,2,1054
W02000022,2021,Gwynedd 013,16_24,1,219
W02000022,2021,Gwynedd 013,25_34,1,232
W02000022,2021,Gwynedd 013,35_49,1,358
W02000022,2021,Gwynedd 013,50_64,1,621
W02000022,2021,Gwynedd 013,65_plus,1,857
W02000022,2021,Gwynedd 013,16_24,2,222
W02000022,2021,Gwynedd 013,25_34,2,240
W02000022,2021,Gwynedd 013,35_49,2,395
W02000022,2021,Gwynedd 013,50_64,2,648
W02000022,2021,Gwynedd 013,65_plus,2,930
W02000022,2023,Gwynedd 013,16_24,1,225
W02000022,2023,Gwynedd 013,25_34,1,240
W02000022,2023,Gwynedd 013,35_49,1,383
W02000022,2023,Gwynedd 013,50_64,1,677
W02000022,2023,Gwynedd 013,65_plus,1,875
W02000022,2023,Gwynedd 013,16_24,2,243
W02000022,2023,Gwynedd 013,25_34,2,236
W02000022,2023,Gwynedd 013,35_49,2,390
W02000022,2023,Gwynedd 013,50_64,2,688
W02000022,2023,Gwynedd 013,65_plus,2,963
W02000022,2025,Gwynedd 013,16_24,1,243
W02000022,2025,Gwynedd 013,25_34,1,230
W02000022,2025,Gwynedd 013,35_49,1,399
W02000022,2025,Gwynedd 013,50_64,1,662
W02000022,2025,Gwynedd 013,65_plus,1,904
W02000022,2025,Gwynedd 013,16_24,2,255
W02000022,2025,Gwynedd 013,25_34,2,246
W02000022,2025,Gwynedd 013,35_49,2,400
W02000022,2025,Gwynedd 013,50_64,2,669
W02000022,2025,Gwynedd 013,65_plus,2,984
W02000023,2021,Gwynedd 014,16_24,1,257
W02000023,2021,Gwynedd 014,25_34,1,268
W02000023,2021,Gwynedd 014,35_49,1,373
W02000023,2021,Gwynedd 014,50_64,1,640
W02000023,2021,Gwynedd 014,65_plus,1,742
W02000023,2021,Gwynedd 014,16_24,2,180
W02000023,2021,Gwynedd 014,25_34,2,235
W02000023,2021,Gwynedd 014,35_49,2,383
W02000023,2021,Gwynedd 014,50_64,2,630
W02000023,2021,Gwynedd 014,65_plus,2,826
W02000023,2023,Gwynedd 014,16_24,1,237
W02000023,2023,Gwynedd 014,25_34,1,280
W02000023,2023,Gwynedd 014,35_49,1,351
W02000023,2023,Gwynedd 014,50_64,1,623
W02000023,2023,Gwynedd 014,65_plus,1,715
W02000023,2023,Gwynedd 014,16_24,2,211
W02000023,2023,Gwynedd 014,25_34,2,275
W02000023,2023,Gwynedd 014,35_49,2,376
W02000023,2023,Gwynedd 014,50_64,2,638
W02000023,2023,Gwynedd 014,65_plus,2,773
W02000023,2025,Gwynedd 014,16_24,1,274
W02000023,2025,Gwynedd 014,25_34,1,297
W02000023,2025,Gwynedd 014,35_49,1,344
W02000023,2025,Gwynedd 014,50_64,1,641
W02000023,2025,Gwynedd 014,65_plus,1,726
W02000023,2025,Gwynedd 014,16_24,2,210
W02000023,2025,Gwynedd 014,25_34,2,271
W02000023,2025,Gwynedd 014,35_49,2,394
W02000023,2025,Gwynedd 014,50_64,2,655
W02000023,2025,Gwynedd 014,65_plus,2,777
W02000024,2021,Gwynedd 015,16_24,1,268
W02000024,2021,Gwynedd 015,25_34,1,317
W02000024,2021,Gwynedd 015,35_49,1,482
W02000024,2021,Gwynedd 015,50_64,1,637
W02000024,2021,Gwynedd 015,65_plus,1,655
W02000024,2021,Gwynedd 015,16_24,2,234
W02000024,2021,Gwynedd 015,25_34,2,284
W02000024,2021,Gwynedd 015,35_49,2,486
W02000024,2021,Gwynedd 015,50_64,2,717
W02000024,2021,Gwynedd 015,65_plus,2,703
W02000024,2023,Gwynedd 015,16_24,1,259
W02000024,2023,Gwynedd 015,25_34,1,295
W02000024,2023,Gwynedd 015,35_49,1,477
W02000024,2023,Gwynedd 015,50_64,1,666
W02000024,2023,Gwynedd 015,65_plus,1,685
W02000024,2023,Gwynedd 015,16_24,2,226
W02000024,2023,Gwynedd 015,25_34,2,296
W02000024,2023,Gwynedd 015,35_49,2,494
W02000024,2023,Gwynedd 015,50_64,2,690
W02000024,2023,Gwynedd 015,65_plus,2,730
W02000024,2025,Gwynedd 015,16_24,1,269
W02000024,2025,Gwynedd 015,25_34,1,295
W02000024,2025,Gwynedd 015,35_49,1,483
W02000024,2025,Gwynedd 015,50_64,1,681
W02000024,2025,Gwynedd 015,65_plus,1,719
W02000024,2025,Gwynedd 015,16_24,2,257
W02000024,2025,Gwynedd 015,25_34,2,255
W02000024,2025,Gwynedd 015,35_49,2,511
W02000024,2025,Gwynedd 015,50_64,2,682
W02000024,2025,Gwynedd 015,65_plus,2,775
W02000025,2021,Gwynedd 016,16_24,1,297
W02000025,2021,Gwynedd 016,25_34,1,316
W02000025,2021,Gwynedd 016,35_49,1,463
W02000025,2021,Gwynedd 016,50_64,1,717
W02000025,2021,Gwynedd 016,65_plus,1,782
W02000025,2021,Gwynedd 016,16_24,2,265
W02000025,2021,Gwynedd 016,25_34,2,277
W02000025,2021,Gwynedd 016,35_49,2,532
W02000025,2021,Gwynedd 016,50_64,2,767
W02000025,2021,Gwynedd 016,65_plus,2,884
W02000025,2023,Gwynedd 016,16_24,1,307
W02000025,2023,Gwynedd 016,25_34,1,317
W02000025,2023,Gwynedd 016,35_49,1,435
W02000025,2023,Gwynedd 016,50_64,1,720
W02000025,2023,Gwynedd 016,65_plus,1,794
W02000025,2023,Gwynedd 016,16_24,2,227
W02000025,2023,Gwynedd 016,25_34,2,293
W02000025,2023,Gwynedd 016,35_49,2,493
W02000025,2023,Gwynedd 016,50_64,2,759
W02000025,2023,Gwynedd 016,65_plus,2,907
W02000025,2025,Gwynedd 016,16_24,1,325
W02000025,2025,Gwynedd 016,25_34,1,317
W02000025,2025,Gwynedd 016,35_49,1,446
W02000025,2025,Gwynedd 016,50_64,1,709
W02000025,2025,Gwynedd 016,65_plus,1,850
W02000025,2025,Gwynedd 016,16_24,2,241
W02000025,2025,Gwynedd 016,25_34,2,297
W02000025,2025,Gwynedd 016,35_49,2,537
W02000025,2025,Gwynedd 016,50_64,2,781
W02000025,2025,Gwynedd 016,65_plus,2,924
W02000026,2021,Gwynedd 017,16_24,1,292
W02000026,2021,Gwynedd 017,25_34,1,286
W02000026,2021,Gwynedd 017,35_49,1,481
W02000026,2021,Gwynedd 017,50_64,1,796
W02000026,2021,Gwynedd 017,65_plus,1,1114
W02000026,2021,Gwynedd 017,16_24,2,209
W02000026,2021,Gwynedd 017,25_34,2,267
W02000026,2021,Gwynedd 017,35_49,2,487
W02000026,2021,Gwynedd 017,50_64,2,831
W02000026,2021,Gwynedd 017,65_plus,2,1325
W02000026,2023,Gwynedd 017,16_24,1,292
W02000026,2023,Gwynedd 017,25_34,1,277
W02000026,2023,Gwynedd 017,35_49,1,450
W02000026,2023,Gwynedd 017,50_64,1,848
W02000026,2023,Gwynedd 017,65_plus,1,1133
W02000026,2023,Gwynedd 017,16_24,2,227
W02000026,2023,Gwynedd 017,25_34,2,264
W02000026,2023,Gwynedd 017,35_49,2,463
W02000026,2023,Gwynedd 017,50_64,2,857
W02000026,2023,Gwynedd 017,65_plus,2,1346
W02000026,2025,Gwynedd 017,16_24,1,302
W02000026,2025,Gwynedd 017,25_34,1,274
W02000026,2025,Gwynedd 017,35_49,1,464
W02000026,2025,Gwynedd 017,50_64,1,861
W02000026,2025,Gwynedd 017,65_plus,1,1166
W02000026,2025,Gwynedd 017,16_24,2,248
W02000026,2025,Gwynedd 017,25_34,2,301
W02000026,2025,Gwynedd 017,35_49,2,456
W02000026,2025,Gwynedd 017,50_64,2,882
W02000026,2025,Gwynedd 017,65_plus,2,1395
W02000027,2021,Conwy 001,16_24,1,402
W02000027,2021,Conwy 001,25_34,1,441
W02000027,2021,Conwy 001,35_49,1,699
W02000027,2021,Conwy 001,50_64,1,932
W02000027,2021,Conwy 001,65_plus,1,1095
W02000027,2021,Conwy 001,16_24,2,366
W02000027,2021,Conwy 001,25_34,2,445
W02000027,2021,Conwy 001,35_49,2,675
W02000027,2021,Conwy 001,50_64,2,962
W02000027,2021,Conwy 001,65_plus,2,1438
W02000027,2023,Conwy 001,16_24,1,442
W02000027,2023,Conwy 001,25_34,1,429
W02000027,2023,Conwy 001,35_49,1,701
W02000027,2023,Conwy 001,50_64,1,956
W02000027,2023,Conwy 001,65_plus,1,1069
W02000027,2023,Conwy 001,16_24,2,344
W02000027,2023,Conwy 001,25_34,2,442
W02000027,2023,Conwy 001,35_49,2,654
W02000027,2023,Conwy 001,50_64,2,977
W02000027,2023,Conwy 001,65_plus,2,1431
W02000027,2025,Conwy 001,16_24,1,421
W02000027,2025,Conwy 001,25_34,1,444
W02000027,2025,Conwy 001,35_49,1,721
W02000027,2025,Conwy 001,50_64,1,956
W02000027,2025,Conwy 001,65_plus,1,1071
W02000027,2025,Conwy 001,16_24,2,353
W02000027,2025,Conwy 001,25_34,2,434
W02000027,2025,Conwy 001,35_49,2,662
W02000027,2025,Conwy 001,50_64,2,956
W02000027,2025,Conwy 001,65_plus,2,1435
W02000028,2021,Conwy 002,16_24,1,320
W02000028,2021,Conwy 002,25_34,1,284
W02000028,2021,Conwy 002,35_49,1,508
W02000028,2021,Conwy 002,50_64,1,665
W02000028,2021,Conwy 002,65_plus,1,837
W02000028,2021,Conwy 002,16_24,2,334
W02000028,2021,Conwy 002,25_34,2,335
W02000028,2021,Conwy 002,35_49,2,564
W02000028,2021,Conwy 002,50_64,2,765
W02000028,2021,Conwy 002,65_plus,2,1043
W02000028,2023,Conwy 002,16_24,1,349
W02000028,2023,Conwy 002,25_34,1,278
W02000028,2023,Conwy 002,35_49,1,455
W02000028,2023,Conwy 002,50_64,1,664
W02000028,2023,Conwy 002,65_plus,1,850
W02000028,2023,Conwy 002,16_24,2,308
W02000028,2023,Conwy 002,25_34,2,311
W02000028,2023,Conwy 002,35_49,2,554
W02000028,2023,Conwy 002,50_64,2,806
W02000028,2023,Conwy 002,65_plus,2,1034
W02000028,2025,Conwy 002,16_24,1,337
W02000028,2025,Conwy 002,25_34,1,291
W02000028,2025,Conwy 002,35_49,1,465
W02000028,2025,Conwy 002,50_64,1,670
W02000028,2025,Conwy 002,65_plus,1,854
W02000028,2025,Conwy 002,16_24,2,322
W02000028,2025,Conwy 002,25_34,2,316
W02000028,2025,Conwy 002,35_49,2,544
W02000028,2025,Conwy 002,50_64,2,775
W02000028,2025,Conwy 002,65_plus,2,1101
W02000029,2021,Conwy 003,16_24,1,266
W02000029,2021,Conwy 003,25_34,1,260
W02000029,2021,Conwy 003,35_49,1,446
W02000029,2021,Conwy 003,50_64,1,638
W02000029,2021,Conwy 003,65_plus,1,886
W02000029,2021,Conwy 003,16_24,2,235
W02000029,2021,Conwy 003,25_34,2,250
W02000029,2021,Conwy 003,35_49,2,476
W02000029,2021,Conwy 003,50_64,2,700
W02000029,2021,Conwy 003,65_plus,2,1128
W02000029,2023,Conwy 003,16_24,1,242
W02000029,2023,Conwy 003,25_34,1,241
W02000029,2023,Conwy 003,35_49,1,397
W02000029,2023,Conwy 003,50_64,1,657
W02000029,2023,Conwy 003,65_plus,1,911
W02000029,2023,Conwy 003,16_24,2,219
W02000029,2023,Conwy 003,25_34,2,242
W02000029,2023,Conwy 003,35_49,2,440
W02000029,2023,Conwy 003,50_64,2,748
W02000029,2023,Conwy 003,65_plus,2,1126
W02000029,2025,Conwy 003,16_24,1,233
W02000029,2025,Conwy 003,25_34,1,232
W02000029,2025,Conwy 003,35_49,1,420
W02000029,2025,Conwy 003,50_64,1,636
W02000029,2025,Conwy 003,65_plus,1,947
W02000029,2025,Conwy 003,16_24,2,212
W02000029,2025,Conwy 003,25_34,2,244
W02000029,2025,Conwy 003,35_49,2,428
W02000029,2025,Conwy 003,50_64,2,694
W02000029,2025,Conwy 003,65_plus,2,1173
W02000030,2021,Conwy 004,16_24,1,227
W02000030,2021,Conwy 004,25_34,1,226
W02000030,2021,Conwy 004,35_49,1,419
W02000030,2021,Conwy 004,50_64,1,573
W02000030,2021,Conwy 004,65_plus,1,924
W02000030,2021,Conwy 004,16_24,2,204
W02000030,2021,Conwy 004,25_34,2,248
W02000030,2021,Conwy 004,35_49,2,388
W02000030,2021,Conwy 004,50_64,2,656
W02000030,2021,Conwy 004,65_plus,2,1222
W02000030,2023,Conwy 004,16_24,1,225
W02000030,2023,Conwy 004,25_34,1,206
W02000030,2023,Conwy 004,35_49,1,426
W02000030,2023,Conwy 004,50_64,1,589
W02000030,2023,Conwy 004,65_plus,1,947
W02000030,2023,Conwy 004,16_24,2,191
W02000030,2023,Conwy 004,25_34,2,248
W02000030,2023,Conwy 004,35_49,2,404
W02000030,2023,Conwy 004,50_64,2,657
W02000030,2023,Conwy 004,65_plus,2,1219
W02000030,2025,Conwy 004,16_24,1,222
W02000030,2025,Conwy 004,25_34,1,206
W02000030,2025,Conwy 004,35_49,1,432
W02000030,2025,Conwy 004,50_64,1,589
W02000030,2025,Conwy 004,65_plus,1,963
W02000030,2025,Conwy 004,16_24,2,203
W02000030,2025,Conwy 004,25_34,2,222
W02000030,2025,Conwy 004,35_49,2,377
W02000030,2025,Conwy 004,50_64,2,656
W02000030,2025,Conwy 004,65_plus,2,1216
W02000031,2021,Conwy 005,16_24,1,390
W02000031,2021,Conwy 005,25_34,1,383
W02000031,2021,Conwy 005,35_49,1,577
W02000031,2021,Conwy 005,50_64,1,902
W02000031,2021,Conwy 005,65_plus,1,1112
W02000031,2021,Conwy 005,16_24,2,387
W02000031,2021,Conwy 005,25_34,2,393
W02000031,2021,Conwy 005,35_49,2,647
W02000031,2021,Conwy 005,50_64,2,975
W02000031,2021,Conwy 005,65_plus,2,1217
W02000031,2023,Conwy 005,16_24,1,417
W02000031,2023,Conwy 005,25_34,1,371
W02000031,2023,Conwy 005,35_49,1,538
W02000031,2023,Conwy 005,50_64,1,899
W02000031,2023,Conwy 005,65_plus,1,1111
W02000031,2023,Conwy 005,16_24,2,367
W02000031,2023,Conwy 005,25_34,2,399
W02000031,2023,Conwy 005,35_49,2,627
W02000031,2023,Conwy 005,50_64,2,976
W02000031,2023,Conwy 005,65_plus,2,1207
W02000031,2025,Conwy 005,16_24,1,387
W02000031,2025,Conwy 005,25_34,1,386
W02000031,2025,Conwy 005,35_49,1,539
W02000031,2025,Conwy 005,50_64,1,899
W02000031,2025,Conwy 005,65_plus,1,1137
W02000031,2025,Conwy 005,16_24,2,349
W02000031,2025,Conwy 005,25_34,2,372
W02000031,2025,Conwy 005,35_49,2,632
W02000031,2025,Conwy 005,50_64,2,986
W02000031,2025,Conwy 005,65_plus,2,1262
W02000032,2021,Conwy 006,16_24,1,348
W02000032,2021,Conwy 006,25_34,1,378
W02000032,2021,Conwy 006,35_49,1,610
W02000032,2021,Conwy 006,50_64,1,865
W02000032,2021,Conwy 006,65_plus,1,1192
W02000032,2021,Conwy 006,16_24,2,352
W02000032,2021,Conwy 006,25_34,2,425
W02000032,2021,Conwy 006,35_49,2,709
W02000032,2021,Conwy 006,50_64,2,963
W02000032,2021,Conwy 006,65_plus,2,1435
W02000032,2023,Conwy 006,16_24,1,324
W02000032,2023,Conwy 006,25_34,1,372
W02000032,2023,Conwy 006,35_49,1,587
W02000032,2023,Conwy 006,50_64,1,886
W02000032,2023,Conwy 006,65_plus,1,1193
W02000032,2023,Conwy 006,16_24,2,338
W02000032,2023,Conwy 006,25_34,2,426
W02000032,2023,Conwy 006,35_49,2,669
W02000032,2023,Conwy 006,50_64,2,994
W02000032,2023,Conwy 006,65_plus,2,1438
W02000032,2025,Conwy 006,16_24,1,336
W02000032,2025,Conwy 006,25_34,1,365
W02000032,2025,Conwy 006,35_49,1,618
W02000032,2025,Conwy 006,50_64,1,842
W02000032,2025,Conwy 006,65_plus,1,1230
W02000032,2025,Conwy 006,16_24,2,335
W02000032,2025,Conwy 006,25_34,2,418
W02000032,2025,Conwy 006,35_49,2,717
W02000032,2025,Conwy 006,50_64,2,986
W02000032,2025,Conwy 006,65_plus,2,1481
W02000033,2021,Conwy 007,16_24,1,363
W02000033,2021,Conwy 007,25_34,1,440
W02000033,2021,Conwy 007,35_49,1,574
W02000033,2021,Conwy 007,50_64,1,736
W02000033,2021,Conwy 007,65_plus,1,647
W02000033,2021,Conwy 007,16_24,2,370
W02000033,2021,Conwy 007,25_34,2,420
W02000033,2021,Conwy 007,35_49,2,562
W02000033,2021,Conwy 007,50_64,2,671
W02000033,2021,Conwy 007,65_plus,2,833
W02000033,2023,Conwy 007,16_24,1,389
W02000033,2023,Conwy 007,25_34,1,447
W02000033,2023,Conwy 007,35_49,1,567
W02000033,2023,Conwy 007,50_64,1,749
W02000033,2023,Conwy 007,65_plus,1,689
W02000033,2023,Conwy 007,16_24,2,386
W02000033,2023,Conwy 007,25_34,2,441
W02000033,2023,Conwy 007,35_49,2,530
W02000033,2023,Conwy 007,50_64,2,680
W02000033,2023,Conwy 007,65_plus,2,810
W02000033,2025,Conwy 007,16_24,1,379
W02000033,2025,Conwy 007,25_34,1,455
W02000033,2025,Conwy 007,35_49,1,580
W02000033,2025,Conwy 007,50_64,1,737
W02000033,2025,Conwy 007,65_plus,1,695
W02000033,2025,Conwy 007,16_24,2,357
W02000033,2025,Conwy 007,25_34,2,471
W02000033,2025,Conwy 007,35_49,2,580
W02000033,2025,Conwy 007,50_64,2,643
W02000033,2025,Conwy 007,65_plus,2,879
W02000034,2021,Conwy 008,16_24,1,449
W02000034,2021,Conwy 008,25_34,1,445
W02000034,2021,Conwy 008,35_49,1,660
W02000034,2021,Conwy 008,50_64,1,803
W02000034,2021,Conwy 008,65_plus,1,857
W02000034,2021,Conwy 008,16_24,2,331
W02000034,2021,Conwy 008,25_34,2,409
W02000034,2021,Conwy 008,35_49,2,649
W02000034,2021,Conwy 008,50_64,2,938
W02000034,2021,Conwy 008,65_plus,2,1025
W02000034,2023,Conwy 008,16_24,1,410
W02000034,2023,Conwy 008,25_34,1,385
W02000034,2023,Conwy 008,35_49,1,651
W02000034,2023,Conwy 008,50_64,1,796
W02000034,2023,Conwy 008,65_plus,1,898
W02000034,2023,Conwy 008,16_24,2,308
W02000034,2023,Conwy 008,25_34,2,373
W02000034,2023,Conwy 008,35_49,2,666
W02000034,2023,Conwy 008,50_64,2,946
W02000034,2023,Conwy 008,65_plus,2,1026
W02000034,2025,Conwy 008,16_24,1,397
W02000034,2025,Conwy 008,25_34,1,387
W02000034,2025,Conwy 008,35_49,1,660
W02000034,2025,Conwy 008,50_64,1,819
W02000034,2025,Conwy 008,65_plus,1,943
W02000034,2025,Conwy 008,16_24,2,316
W02000034,2025,Conwy 008,25_34,2,376
W02000034,2025,Conwy 008,35_49,2,659
W02000034,2025,Conwy 008,50_64,2,939
W02000034,2025,Conwy 008,65_plus,2,1082
W02000035,2021,Conwy 009,16_24,1,490
W02000035,2021,Conwy 009,25_34,1,462
W02000035,2021,Conwy 009,35_49,1,705
W02000035,2021,Conwy 009,50_64,1,876
W02000035,2021,Conwy 009,65_plus,1,862
W02000035,2021,Conwy 009,16_24,2,411
W02000035,2021,Conwy 009,25_34,2,530
W02000035,2021,Conwy 009,35_49,2,816
W02000035,2021,Conwy 009,50_64,2,990
W02000035,2021,Conwy 009,65_plus,2,990
W02000035,2023,Conwy 009,16_24,1,501
W02000035,2023,Conwy 009,25_34,1,466
W02000035,2023,Conwy 009,35_49,1,705
W02000035,2023,Conwy 009,50_64,1,881
W02000035,2023,Conwy 009,65_plus,1,870
W02000035,2023,Conwy 009,16_24,2,399
W02000035,2023,Conwy 009,25_34,2,521
W02000035,2023,Conwy 009,35_49,2,791
W02000035,2023,Conwy 009,50_64,2,1008
W02000035,2023,Conwy 009,65_plus,2,997
W02000035,2025,Conwy 009,16_24,1,504
W02000035,2025,Conwy 009,25_34,1,466
W02000035,2025,Conwy 009,35_49,1,691
W02000035,2025,Conwy 009,50_64,1,919
W02000035,2025,Conwy 009,65_plus,1,902
W02000035,2025,Conwy 009,16_24,2,442
W02000035,2025,Conwy 009,25_34,2,522
W02000035,2025,Conwy 009,35_49,2,797
W02000035,2025,Conwy 009,50_64,2,1012
W02000035,2025,Conwy 009,65_plus,2,1012
W02000036,2021,Conwy 010,16_24,1,424
W02000036,2021,Conwy 010,25_34,1,536
W02000036,2021,Conwy 010,35_49,1,689
W02000036,2021,Conwy 010,50_64,1,1061
W02000036,2021,Conwy 010,65_plus,1,1731
W02000036,2021,Conwy 010,16_24,2,434
W02000036,2021,Conwy 010,25_34,2,591
W02000036,2021,Conwy 010,35_49,2,801
W02000036,2021,Conwy 010,50_64,2,1214
W02000036,2021,Conwy 010,65_plus,2,2000
W02000036,2023,Conwy 010,16_24,1,436
W02000036,2023,Conwy 010,25_34,1,583
W02000036,2023,Conwy 010,35_49,1,743
W02000036,2023,Conwy 010,50_64,1,1115
W02000036,2023,Conwy 010,65_plus,1,1707
W02000036,2023,Conwy 010,16_24,2,426
W02000036,2023,Conwy 010,25_34,2,653
W02000036,2023,Conwy 010,35_49,2,820
W02000036,2023,Conwy 010,50_64,2,1240
W02000036,2023,Conwy 010,65_plus,2,2063
W02000036,2025,Conwy 010,16_24,1,470
W02000036,2025,Conwy 010,25_34,1,582
W02000036,2025,Conwy 010,35_49,1,801
W02000036,2025,Conwy 010,50_64,1,1110
W02000036,2025,Conwy 010,65_plus,1,1729
W02000036,2025,Conwy 010,16_24,2,461
W02000036,2025,Conwy 010,25_34,2,655
W02000036,2025,Conwy 010,35_49,2,872
W02000036,2025,Conwy 010,50_64,2,1274
W02000036,2025,Conwy 010,65_plus,2,2085
W02000037,2021,Conwy 011,16_24,1,378
W02000037,2021,Conwy 011,25_34,1,434
W02000037,2021,Conwy 011,35_49,1,628
W02000037,2021,Conwy 011,50_64,1,724
W02000037,2021,Conwy 011,65_plus,1,679
W02000037,2021,Conwy 011,16_24,2,311
W02000037,2021,Conwy 011,25_34,2,487
W02000037,2021,Conwy 011,35_49,2,652
W02000037,2021,Conwy 011,50_64,2,793
W02000037,2021,Conwy 011,65_plus,2,799
W02000037,2023,Conwy 011,16_24,1,345
W02000037,2023,Conwy 011,25_34,1,459
W02000037,2023,Conwy 011,35_49,1,576
W02000037,2023,Conwy 011,50_64,1,763
W02000037,2023,Conwy 011,65_plus,1,729
W02000037,2023,Conwy 011,16_24,2,308
W02000037,2023,Conwy 011,25_34,2,466
W02000037,2023,Conwy 011,35_49,2,645
W02000037,2023,Conwy 011,50_64,2,809
W02000037,2023,Conwy 011,65_plus,2,817
W02000037,2025,Conwy 011,16_24,1,334
W02000037,2025,Conwy 011,25_34,1,475
W02000037,2025,Conwy 011,35_49,1,585
W02000037,2025,Conwy 011,50_64,1,763
W02000037,2025,Conwy 011,65_plus,1,747
W02000037,2025,Conwy 011,16_24,2,317
W02000037,2025,Conwy 011,25_34,2,431
W02000037,2025,Conwy 011,35_49,2,690
W02000037,2025,Conwy 011,50_64,2,825
W02000037,2025,Conwy 011,65_plus,2,829
W02000038,2021,Conwy 012,16_24,1,302
W02000038,2021,Conwy 012,25_34,1,271
W02000038,2021,Conwy 012,35_49,1,515
W02000038,2021,Conwy 012,50_64,1,683
W02000038,2021,Conwy 012,65_plus,1,795
W02000038,2021,Conwy 012,16_24,2,269
W02000038,2021,Conwy 012,25_34,2,307
W02000038,2021,Conwy 012,35_49,2,560
W02000038,2021,Conwy 012,50_64,2,772
W02000038,2021,Conwy 012,65_plus,2,879
W02000038,2023,Conwy 012,16_24,1,282
W02000038,2023,Conwy 012,25_34,1,266
W02000038,2023,Conwy 012,35_49,1,471
W02000038,2023,Conwy 012,50_64,1,694
W02000038,2023,Conwy 012,65_plus,1,802
W02000038,2023,Conwy 012,16_24,2,265
W02000038,2023,Conwy 012,25_34,2,272
W02000038,2023,Conwy 012,35_49,2,527
W02000038,2023,Conwy 012,50_64,2,783
W02000038,2023,Conwy 012,65_plus,2,900
W02000038,2025,Conwy 012,16_24,1,268
W02000038,2025,Conwy 012,25_34,1,259
W02000038,2025,Conwy 012,35_49,1,443
W02000038,2025,Conwy 012,50_64,1,698
W02000038,2025,Conwy 012,65_plus,1,828
W02000038,2025,Conwy 012,16_24,2,261
W02000038,2025,Conwy 012,25_34,2,278
W02000038,2025,Conwy 012,35_49,2,501
W02000038,2025,Conwy 012,50_64,2,779
W02000038,2025,Conwy 012,65_plus,2,937
W02000039,2021,Conwy 013,16_24,1,343
W02000039,2021,Conwy 013,25_34,1,464
W02000039,2021,Conwy 013,35_49,1,633
W02000039,2021,Conwy 013,50_64,1,915
W02000039,2021,Conwy 013,65_plus,1,894
W02000039,2021,Conwy 013,16_24,2,327
W02000039,2021,Conwy 013,25_34,2,450
W02000039,2021,Conwy 013,35_49,2,676
W02000039,2021,Conwy 013,50_64,2,947
W02000039,2021,Conwy 013,65_plus,2,1027
W02000039,2023,Conwy 013,16_24,1,343
W02000039,2023,Conwy 013,25_34,1,429
W02000039,2023,Conwy 013,35_49,1,621
W02000039,2023,Conwy 013,50_64,1,927
W02000039,2023,Conwy 013,65_plus,1,923
W02000039,2023,Conwy 013,16_24,2,328
W02000039,2023,Conwy 013,25_34,2,462
W02000039,2023,Conwy 013,35_49,2,638
W02000039,2023,Conwy 013,50_64,2,995
W02000039,2023,Conwy 013,65_plus,2,1045
W02000039,2025,Conwy 013,16_24,1,345
W02000039,2025,Conwy 013,25_34,1,372
W02000039,2025,Conwy 013,35_49,1,644
W02000039,2025,Conwy 013,50_64,1,897
W02000039,2025,Conwy 013,65_plus,1,947
W02000039,2025,Conwy 013,16_24,2,328
W02000039,2025,Conwy 013,25_34,2,423
W02000039,2025,Conwy 013,35_49,2,639
W02000039,2025,Conwy 013,50_64,2,967
W02000039,2025,Conwy 013,65_plus,2,1082
W02000040,2021,Conwy 014,16_24,1,339
W02000040,2021,Conwy 014,25_34,1,296
W02000040,2021,Conwy 014,35_49,1,553
W02000040,2021,Conwy 014,50_64,1,852
W02000040,2021,Conwy 014,65_plus,1,875
W02000040,2021,Conwy 014,16_24,2,289
W02000040,2021,Conwy 014,25_34,2,284
W02000040,2021,Conwy 014,35_49,2,573
W02000040,2021,Conwy 014,50_64,2,892
W02000040,2021,Conwy 014,65_plus,2,834
W02000040,2023,Conwy 014,16_24,1,348
W02000040,2023,Conwy 014,25_34,1,289
W02000040,2023,Conwy 014,35_49,1,516
W02000040,2023,Conwy 014,50_64,1,844
W02000040,2023,Conwy 014,65_plus,1,887
W02000040,2023,Conwy 014,16_24,2,271
W02000040,2023,Conwy 014,25_34,2,278
W02000040,2023,Conwy 014,35_49,2,538
W02000040,2023,Conwy 014,50_64,2,897
W02000040,2023,Conwy 014,65_plus,2,870
W02000040,2025,Conwy 014,16_24,1,344
W02000040,2025,Conwy 014,25_34,1,306
W02000040,2025,Conwy 014,35_49,1,497
W02000040,2025,Conwy 014,50_64,1,829
W02000040,2025,Conwy 014,65_plus,1,911
W02000040,2025,Conwy 014,16_24,2,304
W02000040,2025,Conwy 014,25_34,2,273
W02000040,2025,Conwy 014,35_49,2,533
W02000040,2025,Conwy 014,50_64,2,878
W02000040,2025,Conwy 014,65_plus,2,931
W02000041,2021,Conwy 015,16_24,1,398
W02000041,2021,Conwy 015,25_34,1,438
W02000041,2021,Conwy 015,35_49,1,676
W02000041,2021,Conwy 015,50_64,1,1020
W02000041,2021,Conwy 015,65_plus,1,1001
W02000041,2021,Conwy 015,16_24,2,368
W02000041,2021,Conwy 015,25_34,2,451
W02000041,2021,Conwy 015,35_49,2,749
W02000041,2021,Conwy 015,50_64,2,1020
W02000041,2021,Conwy 015,65_plus,2,1081
W02000041,2023,Conwy 015,16_24,1,412
W02000041,2023,Conwy 015,25_34,1,447
W02000041,2023,Conwy 015,35_49,1,646
W02000041,2023,Conwy 015,50_64,1,1065
W02000041,2023,Conwy 015,65_plus,1,994
W02000041,2023,Conwy 015,16_24,2,359
W02000041,2023,Conwy 015,25_34,2,449
W02000041,2023,Conwy 015,35_49,2,735
W02000041,2023,Conwy 015,50_64,2,1053
W02000041,2023,Conwy 015,65_plus,2,1044
W02000041,2025,Conwy 015,16_24,1,385
W02000041,2025,Conwy 015,25_34,1,450
W02000041,2025,Conwy 015,35_49,1,665
W02000041,2025,Conwy 015,50_64,1,1014
W02000041,2025,Conwy 015,65_plus,1,1067
W02000041,2025,Conwy 015,16_24,2,334
W02000041,2025,Conwy 015,25_34,2,456
W02000041,2025,Conwy 015,35_49,2,712
W02000041,2025,Conwy 015,50_64,2,1098
W02000041,2025,Conwy 015,65_plus,2,1075
W02000042,2021,Denbighshire 001,16_24,1,261
W02000042,2021,Denbighshire 001,25_34,1,274
W02000042,2021,Denbighshire 001,35_49,1,347
W02000042,2021,Denbighshire 001,50_64,1,598
W02000042,2021,Denbighshire 001,65_plus,1,844
W02000042,2021,Denbighshire 001,16_24,2,256
W02000042,2021,Denbighshire 001,25_34,2,312
W02000042,2021,Denbighshire 001,35_49,2,433
W02000042,2021,Denbighshire 001,50_64,2,638
W02000042,2021,Denbighshire 001,65_plus,2,982
W02000042,2023,Denbighshire 001,16_24,1,255
W02000042,2023,Denbighshire 001,25_34,1,265
W02000042,2023,Denbighshire 001,35_49,1,376
W02000042,2023,Denbighshire 001,50_64,1,587
W02000042,2023,Denbighshire 001,65_plus,1,875
W02000042,2023,Denbighshire 001,16_24,2,228
W02000042,2023,Denbighshire 001,25_34,2,319
W02000042,2023,Denbighshire 001,35_49,2,430
W02000042,2023,Denbighshire 001,50_64,2,666
W02000042,2023,Denbighshire 001,65_plus,2,987
W02000042,2025,Denbighshire 001,16_24,1,253
W02000042,2025,Denbighshire 001,25_34,1,275
W02000042,2025,Denbighshire 001,35_49,1,356
W02000042,2025,Denbighshire 001,50_64,1,562
W02000042,2025,Denbighshire 001,65_plus,1,902
W02000042,2025,Denbighshire 001,16_24,2,230
W02000042,2025,Denbighshire 001,25_34,2,290
W02000042,2025,Denbighshire 001,35_49,2,444
W02000042,2025,Denbighshire 001,50_64,2,667
W02000042,2025,Denbighshire 001,65_plus,2,977
W02000043,2021,Denbighshire 002,16_24,1,279
W02000043,2021,Denbighshire 002,25_34,1,297
W02000043,2021,Denbighshire 002,35_49,1,373
W02000043,2021,Denbighshire 002,50_64,1,538
W02000043,2021,Denbighshire 002,65_plus,1,606
W02000043,2021,Denbighshire 002,16_24,2,253
W02000043,2021,Denbighshire 002,25_34,2,317
W02000043,2021,Denbighshire 002,35_49,2,442
W02000043,2021,Denbighshire 002,50_64,2,621
W02000043,2021,Denbighshire 002,65_plus,2,757
W02000043,2023,Denbighshire 002,16_24,1,273
W02000043,2023,Denbighshire 002,25_34,1,283
W02000043,2023,Denbighshire 002,35_49,1,343
W02000043,2023,Denbighshire 002,50_64,1,565
W02000043,2023,Denbighshire 002,65_plus,1,626
W02000043,2023,Denbighshire 002,16_24,2,233
W02000043,2023,Denbighshire 002,25_34,2,310
W02000043,2023,Denbighshire 002,35_49,2,441
W02000043,2023,Denbighshire 002,50_64,2,618
W02000043,2023,Denbighshire 002,65_plus,2,786
W02000043,2025,Denbighshire 002,16_24,1,255
W02000043,2025,Denbighshire 002,25_34,1,290
W02000043,2025,Denbighshire 002,35_49,1,336
W02000043,2025,Denbighshire 002,50_64,1,556
W02000043,2025,Denbighshire 002,65_plus,1,638
W02000043,2025,Denbighshire 002,16_24,2,224
W02000043,2025,Denbighshire 002,25_34,2,304
W02000043,2025,Denbighshire 002,35_49,2,429
W02000043,2025,Denbighshire 002,50_64,2,598
W02000043,2025,Denbighshire 002,65_plus,2,811
W02000044,2021,Denbighshire 003,16_24,1,254
W02000044,2021,Denbighshire 003,25_34,1,236
W02000044,2021,Denbighshire 003,35_49,1,378
W02000044,2021,Denbighshire 003,50_64,1,548
W02000044,2021,Denbighshire 003,65_plus,1,738
W02000044,2021,Denbighshire 003,16_24,2,228
W02000044,2021,Denbighshire 003,25_34,2,277
W02000044,2021,Denbighshire 003,35_49,2,426
W02000044,2021,Denbighshire 003,50_64,2,575
W02000044,2021,Denbighshire 003,65_plus,2,921
W02000044,2023,Denbighshire 003,16_24,1,241
W02000044,2023,Denbighshire 003,25_34,1,221
W02000044,2023,Denbighshire 003,35_49,1,382
W02000044,2023,Denbighshire 003,50_64,1,560
W02000044,2023,Denbighshire 003,65_plus,1,745
W02000044,2023,Denbighshire 003,16_24,2,238
W02000044,2023,Denbighshire 003,25_34,2,258
W02000044,2023,Denbighshire 003,35_49,2,443
W02000044,2023,Denbighshire 003,50_64,2,595
W02000044,2023,Denbighshire 003,65_plus,2,928
W02000044,2025,Denbighshire 003,16_24,1,233
W02000044,2025,Denbighshire 003,25_34,1,203
W02000044,2025,Denbighshire 003,35_49,1,379
W02000044,2025,Denbighshire 003,50_64,1,554
W02000044,2025,Denbighshire 003,65_plus,1,757
W02000044,2025,Denbighshire 003,16_24,2,212
W02000044,2025,Denbighshire 003,25_34,2,281
W02000044,2025,Denbighshire 003,35_49,2,412
W02000044,2025,Denbighshire 003,50_64,2,587
W02000044,2025,Denbighshire 003,65_plus,2,956
W02000045,2021,Denbighshire 004,16_24,1,582
W02000045,2021,Denbighshire 004,25_34,1,588
W02000045,2021,Denbighshire 004,35_49,1,755
W02000045,2021,Denbighshire 004,50_64,1,911
W02000045,2021,Denbighshire 004,65_plus,1,971
W02000045,2021,Denbighshire 004,16_24,2,495
W02000045,2021,Denbighshire 004,25_34,2,555
W02000045,2021,Denbighshire 004,35_49,2,751
W02000045,2021,Denbighshire 004,50_64,2,867
W02000045,2021,Denbighshire 004,65_plus,2,1276
W02000045,2023,Denbighshire 004,16_24,1,615
W02000045,2023,Denbighshire 004,25_34,1,587
W02000045,2023,Denbighshire 004,35_49,1,790
W02000045,2023,Denbighshire 004,50_64,1,937
W02000045,2023,Denbighshire 004,65_plus,1,976
W02000045,2023,Denbighshire 004,16_24,2,491
W02000045,2023,Denbighshire 004,25_34,2,588
W02000045,2023,Denbighshire 004,35_49,2,770
W02000045,2023,Denbighshire 004,50_64,2,902
W02000045,2023,Denbighshire 004,65_plus,2,1194
W02000045,2025,Denbighshire 004,16_24,1,616
W02000045,2025,Denbighshire 004,25_34,1,656
W02000045,2025,Denbighshire 004,35_49,1,848
W02000045,2025,Denbighshire 004,50_64,1,933
W02000045,2025,Denbighshire 004,65_plus,1,989
W02000045,2025,Denbighshire 004,16_24,2,527
W02000045,2025,Denbighshire 004,25_34,2,650
W02000045,2025,Denbighshire 004,35_49,2,826
W02000045,2025,Denbighshire 004,50_64,2,889
W02000045,2025,Denbighshire 004,65_plus,2,1191
W02000047,2021,Denbighshire 006,16_24,1,399
W02000047,2021,Denbighshire 006,25_34,1,314
W02000047,2021,Denbighshire 006,35_49,1,456
W02000047,2021,Denbighshire 006,50_64,1,443
W02000047,2021,Denbighshire 006,65_plus,1,330
W02000047,2021,Denbighshire 006,16_24,2,335
W02000047,2021,Denbighshire 006,25_34,2,385
W02000047,2021,Denbighshire 006,35_49,2,569
W02000047,2021,Denbighshire 006,50_64,2,516
W02000047,2021,Denbighshire 006,65_plus,2,408
W02000047,2023,Denbighshire 006,16_24,1,398
W02000047,2023,Denbighshire 006,25_34,1,309
W02000047,2023,Denbighshire 006,35_49,1,463
W02000047,2023,Denbighshire 006,50_64,1,441
W02000047,2023,Denbighshire 006,65_plus,1,338
W02000047,2023,Denbighshire 006,16_24,2,354
W02000047,2023,Denbighshire 006,25_34,2,388
W02000047,2023,Denbighshire 006,35_49,2,576
W02000047,2023,Denbighshire 006,50_64,2,524
W02000047,2023,Denbighshire 006,65_plus,2,423
W02000047,2025,Denbighshire 006,16_24,1,402
W02000047,2025,Denbighshire 006,25_34,1,330
W02000047,2025,Denbighshire 006,35_49,1,490
W02000047,2025,Denbighshire 006,50_64,1,450
W02000047,2025,Denbighshire 006,65_plus,1,329
W02000047,2025,Denbighshire 006,16_24,2,377
W02000047,2025,Denbighshire 006,25_34,2,379
W02000047,2025,Denbighshire 006,35_49,2,591
W02000047,2025,Denbighshire 006,50_64,2,538
W02000047,2025,Denbighshire 006,65_plus,2,433
W02000049,2021,Denbighshire 008,16_24,1,335
W02000049,2021,Denbighshire 008,25_34,1,349
W02000049,2021,Denbighshire 008,35_49,1,530
W02000049,2021,Denbighshire 008,50_64,1,691
W02000049,2021,Denbighshire 008,65_plus,1,739
W02000049,2021,Denbighshire 008,16_24,2,302
W02000049,2021,Denbighshire 008,25_34,2,332
W02000049,2021,Denbighshire 008,35_49,2,593
W02000049,2021,Denbighshire 008,50_64,2,804
W02000049,2021,Denbighshire 008,65_plus,2,793
W02000049,2023,Denbighshire 008,16_24,1,335
W02000049,2023,Denbighshire 008,25_34,1,345
W02000049,2023,Denbighshire 008,35_49,1,521
W02000049,2023,Denbighshire 008,50_64,1,727
W02000049,2023,Denbighshire 008,65_plus,1,744
W02000049,2023,Denbighshire 008,16_24,2,317
W02000049,2023,Denbighshire 008,25_34,2,334
W02000049,2023,Denbighshire 008,35_49,2,593
W02000049,2023,Denbighshire 008,50_64,2,861
W02000049,2023,Denbighshire 008,65_plus,2,811
W02000049,2025,Denbighshire 008,16_24,1,367
W02000049,2025,Denbighshire 008,25_34,1,366
W02000049,2025,Denbighshire 008,35_49,1,533
W02000049,2025,Denbighshire 008,50_64,1,759
W02000049,2025,Denbighshire 008,65_plus,1,761
W02000049,2025,Denbighshire 008,16_24,2,350
W02000049,2025,Denbighshire 008,25_34,2,377
W02000049,2025,Denbighshire 008,35_49,2,615
W02000049,2025,Denbighshire 008,50_64,2,859
W02000049,2025,Denbighshire 008,65_plus,2,833
W02000050,2021,Denbighshire 009,16_24,1,294
W02000050,2021,Denbighshire 009,25_34,1,317
W02000050,2021,Denbighshire 009,35_49,1,525
W02000050,2021,Denbighshire 009,50_64,1,631
W02000050,2021,Denbighshire 009,65_plus,1,705
W02000050,2021,Denbighshire 009,16_24,2,282
W02000050,2021,Denbighshire 009,25_34,2,400
W02000050,2021,Denbighshire 009,35_49,2,533
W02000050,2021,Denbighshire 009,50_64,2,692
W02000050,2021,Denbighshire 009,65_plus,2,853
W02000050,2023,Denbighshire 009,16_24,1,310
W02000050,2023,Denbighshire 009,25_34,1,317
W02000050,2023,Denbighshire 009,35_49,1,524
W02000050,2023,Denbighshire 009,50_64,1,667
W02000050,2023,Denbighshire 009,65_plus,1,715
W02000050,2023,Denbighshire 009,16_24,2,298
W02000050,2023,Denbighshire 009,25_34,2,391
W02000050,2023,Denbighshire 009,35_49,2,549
W02000050,2023,Denbighshire 009,50_64,2,741
W02000050,2023,Denbighshire 009,65_plus,2,905
W02000050,2025,Denbighshire 009,16_24,1,307
W02000050,2025,Denbighshire 009,25_34,1,319
W02000050,2025,Denbighshire 009,35_49,1,515
W02000050,2025,Denbighshire 009,50_64,1,694
W02000050,2025,Denbighshire 009,65_plus,1,699
W02000050,2025,Denbighshire 009,16_24,2,292
W02000050,2025,Denbighshire 009,25_34,2,423
W02000050,2025,Denbighshire 009,35_49,2,546
W02000050,2025,Denbighshire 009,50_64,2,753
W02000050,2025,Denbighshire 009,65_plus,2,917
W02000051,2021,Denbighshire 010,16_24,1,264
W02000051,2021,Denbighshire 010,25_34,1,258
W02000051,2021,Denbighshire 010,35_49,1,406
W02000051,2021,Denbighshire 010,50_64,1,576
W02000051,2021,Denbighshire 010,65_plus,1,673
W02000051,2021,Denbighshire 010,16_24,2,209
W02000051,2021,Denbighshire 010,25_34,2,244
W02000051,2021,Denbighshire 010,35_49,2,475
W02000051,2021,Denbighshire 010,50_64,2,647
W02000051,2021,Denbighshire 010,65_plus,2,817
W02000051,2023,Denbighshire 010,16_24,1,273
W02000051,2023,Denbighshire 010,25_34,1,235
W02000051,2023,Denbighshire 010,35_49,1,390
W02000051,2023,Denbighshire 010,50_64,1,605
W02000051,2023,Denbighshire 010,65_plus,1,684
W02000051,2023,Denbighshire 010,16_24,2,224
W02000051,2023,Denbighshire 010,25_34,2,255
W02000051,2023,Denbighshire 010,35_49,2,437
W02000051,2023,Denbighshire 010,50_64,2,644
W02000051,2023,Denbighshire 010,65_plus,2,868
W02000051,2025,Denbighshire 010,16_24,1,263
W02000051,2025,Denbighshire 010,25_34,1,269
W02000051,2025,Denbighshire 010,35_49,1,393
W02000051,2025,Denbighshire 010,50_64,1,572
W02000051,2025,Denbighshire 010,65_plus,1,703
W02000051,2025,Denbighshire 010,16_24,2,225
W02000051,2025,Denbighshire 010,25_34,2,276
W02000051,2025,Denbighshire 010,35_49,2,453
W02000051,2025,Denbighshire 010,50_64,2,643
W02000051,2025,Denbighshire 010,65_plus,2,895
W02000052,2021,Denbighshire 011,16_24,1,318
W02000052,2021,Denbighshire 011,25_34,1,314
W02000052,2021,Denbighshire 011,35_49,1,462
W02000052,2021,Denbighshire 011,50_64,1,544
W02000052,2021,Denbighshire 011,65_plus,1,461
W02000052,2021,Denbighshire 011,16_24,2,301
W02000052,2021,Denbighshire 011,25_34,2,308
W02000052,2021,Denbighshire 011,35_49,2,451
W02000052,2021,Denbighshire 011,50_64,2,527
W02000052,2021,Denbighshire 011,65_plus,2,521
W02000052,2023,Denbighshire 011,16_24,1,292
W02000052,2023,Denbighshire 011,25_34,1,294
W02000052,2023,Denbighshire 011,35_49,1,423
W02000052,2023,Denbighshire 011,50_64,1,539
W02000052,2023,Denbighshire 011,65_plus,1,458
W02000052,2023,Denbighshire 011,16_24,2,303
W02000052,2023,Denbighshire 011,25_34,2,325
W02000052,2023,Denbighshire 011,35_49,2,447
W02000052,2023,Denbighshire 011,50_64,2,550
W02000052,2023,Denbighshire 011,65_plus,2,519
W02000052,2025,Denbighshire 011,16_24,1,312
W02000052,2025,Denbighshire 011,25_34,1,315
W02000052,2025,Denbighshire 011,35_49,1,433
W02000052,2025,Denbighshire 011,50_64,1,551
W02000052,2025,Denbighshire 011,65_plus,1,459
W02000052,2025,Denbighshire 011,16_24,2,314
W02000052,2025,Denbighshire 011,25_34,2,360
W02000052,2025,Denbighshire 011,35_49,2,474
W02000052,2025,Denbighshire 011,50_64,2,549
W02000052,2025,Denbighshire 011,65_plus,2,552
W02000053,2021,Denbighshire 012,16_24,1,315
W02000053,2021,Denbighshire 012,25_34,1,313
W02000053,2021,Denbighshire 012,35_49,1,556
W02000053,2021,Denbighshire 012,50_64,1,681
W02000053,2021,Denbighshire 012,65_plus,1,734
W02000053,2021,Denbighshire 012,16_24,2,274
W02000053,2021,Denbighshire 012,25_34,2,311
W02000053,2021,Denbighshire 012,35_49,2,573
W02000053,2021,Denbighshire 012,50_64,2,738
W02000053,2021,Denbighshire 012,65_plus,2,826
W02000053,2023,Denbighshire 012,16_24,1,317
W02000053,2023,Denbighshire 012,25_34,1,336
W02000053,2023,Denbighshire 012,35_49,1,535
W02000053,2023,Denbighshire 012,50_64,1,693
W02000053,2023,Denbighshire 012,65_plus,1,775
W02000053,2023,Denbighshire 012,16_24,2,275
W02000053,2023,Denbighshire 012,25_34,2,315
W02000053,2023,Denbighshire 012,35_49,2,568
W02000053,2023,Denbighshire 012,50_64,2,773
W02000053,2023,Denbighshire 012,65_plus,2,847
W02000053,2025,Denbighshire 012,16_24,1,352
W02000053,2025,Denbighshire 012,25_34,1,331
W02000053,2025,Denbighshire 012,35_49,1,555
W02000053,2025,Denbighshire 012,50_64,1,695
W02000053,2025,Denbighshire 012,65_plus,1,808
W02000053,2025,Denbighshire 012,16_24,2,289
W02000053,2025,Denbighshire 012,25_34,2,325
W02000053,2025,Denbighshire 012,35_49,2,596
W02000053,2025,Denbighshire 012,50_64,2,748
W02000053,2025,Denbighshire 012,65_plus,2,887
W02000054,2021,Denbighshire 013,16_24,1,320
W02000054,2021,Denbighshire 013,25_34,1,278
W02000054,2021,Denbighshire 013,35_49,1,414
W02000054,2021,Denbighshire 013,50_64,1,819
W02000054,2021,Denbighshire 013,65_plus,1,790
W02000054,2021,Denbighshire 013,16_24,2,256
W02000054,2021,Denbighshire 013,25_34,2,249
W02000054,2021,Denbighshire 013,35_49,2,505
W02000054,2021,Denbighshire 013,50_64,2,811
W02000054,2021,Denbighshire 013,65_plus,2,794
W02000054,2023,Denbighshire 013,16_24,1,317
W02000054,2023,Denbighshire 013,25_34,1,287
W02000054,2023,Denbighshire 013,35_49,1,399
W02000054,2023,Denbighshire 013,50_64,1,842
W02000054,2023,Denbighshire 013,65_plus,1,839
W02000054,2023,Denbighshire 013,16_24,2,246
W02000054,2023,Denbighshire 013,25_34,2,256
W02000054,2023,Denbighshire 013,35_49,2,474
W02000054,2023,Denbighshire 013,50_64,2,836
W02000054,2023,Denbighshire 013,65_plus,2,850
W02000054,2025,Denbighshire 013,16_24,1,300
W02000054,2025,Denbighshire 013,25_34,1,331
W02000054,2025,Denbighshire 013,35_49,1,419
W02000054,2025,Denbighshire 013,50_64,1,796
W02000054,2025,Denbighshire 013,65_plus,1,894
W02000054,2025,Denbighshire 013,16_24,2,251
W02000054,2025,Denbighshire 013,25_34,2,269
W02000054,2025,Denbighshire 013,35_49,2,468
W02000054,2025,Denbighshire 013,50_64,2,839
W02000054,2025,Denbighshire 013,65_plus,2,883
W02000055,2021,Denbighshire 014,16_24,1,397
W02000055,2021,Denbighshire 014,25_34,1,275
W02000055,2021,Denbighshire 014,35_49,1,438
W02000055,2021,Denbighshire 014,50_64,1,552
W02000055,2021,Denbighshire 014,65_plus,1,642
W02000055,2021,Denbighshire 014,16_24,2,355
W02000055,2021,Denbighshire 014,25_34,2,317
W02000055,2021,Denbighshire 014,35_49,2,466
W02000055,2021,Denbighshire 014,50_64,2,597
W02000055,2021,Denbighshire 014,65_plus,2,741
W02000055,2023,Denbighshire 014,16_24,1,367
W02000055,2023,Denbighshire 014,25_34,1,266
W02000055,2023,Denbighshire 014,35_49,1,417
W02000055,2023,Denbighshire 014,50_64,1,585
W02000055,2023,Denbighshire 014,65_plus,1,681
W02000055,2023,Denbighshire 014,16_24,2,329
W02000055,2023,Denbighshire 014,25_34,2,311
W02000055,2023,Denbighshire 014,35_49,2,479
W02000055,2023,Denbighshire 014,50_64,2,621
W02000055,2023,Denbighshire 014,65_plus,2,766
W02000055,2025,Denbighshire 014,16_24,1,359
W02000055,2025,Denbighshire 014,25_34,1,294
W02000055,2025,Denbighshire 014,35_49,1,411
W02000055,2025,Denbighshire 014,50_64,1,595
W02000055,2025,Denbighshire 014,65_plus,1,690
W02000055,2025,Denbighshire 014,16_24,2,329
W02000055,2025,Denbighshire 014,25_34,2,330
W02000055,2025,Denbighshire 014,35_49,2,504
W02000055,2025,Denbighshire 014,50_64,2,645
W02000055,2025,Denbighshire 014,65_plus,2,764
W02000056,2021,Denbighshire 015,16_24,1,234
W02000056,2021,Denbighshire 015,25_34,1,248
W02000056,2021,Denbighshire 015,35_49,1,442
W02000056,2021,Denbighshire 015,50_64,1,619
W02000056,2021,Denbighshire 015,65_plus,1,624
W02000056,2021,Denbighshire 015,16_24,2,226
W02000056,2021,Denbighshire 015,25_34,2,243
W02000056,2021,Denbighshire 015,35_49,2,426
W02000056,2021,Denbighshire 015,50_64,2,613
W02000056,2021,Denbighshire 015,65_plus,2,620
W02000056,2023,Denbighshire 015,16_24,1,226
W02000056,2023,Denbighshire 015,25_34,1,272
W02000056,2023,Denbighshire 015,35_49,1,429
W02000056,2023,Denbighshire 015,50_64,1,635
W02000056,2023,Denbighshire 015,65_plus,1,652
W02000056,2023,Denbighshire 015,16_24,2,230
W02000056,2023,Denbighshire 015,25_34,2,258
W02000056,2023,Denbighshire 015,35_49,2,447
W02000056,2023,Denbighshire 015,50_64,2,630
W02000056,2023,Denbighshire 015,65_plus,2,638
W02000056,2025,Denbighshire 015,16_24,1,236
W02000056,2025,Denbighshire 015,25_34,1,285
W02000056,2025,Denbighshire 015,35_49,1,418
W02000056,2025,Denbighshire 015,50_64,1,625
W02000056,2025,Denbighshire 015,65_plus,1,680
W02000056,2025,Denbighshire 015,16_24,2,213
W02000056,2025,Denbighshire 015,25_34,2,262
W02000056,2025,Denbighshire 015,35_49,2,437
W02000056,2025,Denbighshire 015,50_64,2,657
W02000056,2025,Denbighshire 015,65_plus,2,656
W02000057,2021,Denbighshire 016,16_24,1,293
W02000057,2021,Denbighshire 016,25_34,1,270
W02000057,2021,Denbighshire 016,35_49,1,513
W02000057,2021,Denbighshire 016,50_64,1,725
W02000057,2021,Denbighshire 016,65_plus,1,889
W02000057,2021,Denbighshire 016,16_24,2,215
W02000057,2021,Denbighshire 016,25_34,2,308
W02000057,2021,Denbighshire 016,35_49,2,532
W02000057,2021,Denbighshire 016,50_64,2,766
W02000057,2021,Denbighshire 016,65_plus,2,935
W02000057,2023,Denbighshire 016,16_24,1,273
W02000057,2023,Denbighshire 016,25_34,1,271
W02000057,2023,Denbighshire 016,35_49,1,512
W02000057,2023,Denbighshire 016,50_64,1,739
W02000057,2023,Denbighshire 016,65_plus,1,910
W02000057,2023,Denbighshire 016,16_24,2,206
W02000057,2023,Denbighshire 016,25_34,2,316
W02000057,2023,Denbighshire 016,35_49,2,511
W02000057,2023,Denbighshire 016,50_64,2,789
W02000057,2023,Denbighshire 016,65_plus,2,941
W02000057,2025,Denbighshire 016,16_24,1,278
W02000057,2025,Denbighshire 016,25_34,1,277
W02000057,2025,Denbighshire 016,35_49,1,530
W02000057,2025,Denbighshire 016,50_64,1,695
W02000057,2025,Denbighshire 016,65_plus,1,932
W02000057,2025,Denbighshire 016,16_24,2,225
W02000057,2025,Denbighshire 016,25_34,2,327
W02000057,2025,Denbighshire 016,35_49,2,533
W02000057,2025,Denbighshire 016,50_64,2,807
W02000057,2025,Denbighshire 016,65_plus,2,972
W02000058,2021,Flintshire 001,16_24,1,213
W02000058,2021,Flintshire 001,25_34,1,249
W02000058,2021,Flintshire 001,35_49,1,358
W02000058,2021,Flintshire 001,50_64,1,630
W02000058,2021,Flintshire 001,65_plus,1,665
W02000058,2021,Flintshire 001,16_24,2,263
W02000058,2021,Flintshire 001,25_34,2,266
W02000058,2021,Flintshire 001,35_49,2,392
W02000058,2021,Flintshire 001,50_64,2,683
W02000058,2021,Flintshire 001,65_plus,2,716
W02000058,2023,Flintshire 001,16_24,1,215
W02000058,2023,Flintshire 001,25_34,1,229
W02000058,2023,Flintshire 001,35_49,1,354
W02000058,2023,Flintshire 001,50_64,1,644
W02000058,2023,Flintshire 001,65_plus,1,661
W02000058,2023,Flintshire 001,16_24,2,223
W02000058,2023,Flintshire 001,25_34,2,258
W02000058,2023,Flintshire 001,35_49,2,410
W02000058,2023,Flintshire 001,50_64,2,699
W02000058,2023,Flintshire 001,65_plus,2,750
W02000058,2025,Flintshire 001,16_24,1,206
W02000058,2025,Flintshire 001,25_34,1,243
W02000058,2025,Flintshire 001,35_49,1,354
W02000058,2025,Flintshire 001,50_64,1,636
W02000058,2025,Flintshire 001,65_plus,1,683
W02000058,2025,Flintshire 001,16_24,2,214
W02000058,2025,Flintshire 001,25_34,2,243
W02000058,2025,Flintshire 001,35_49,2,407
W02000058,2025,Flintshire 001,50_64,2,687
W02000058,2025,Flintshire 001,65_plus,2,768
W02000059,2021,Flintshire 002,16_24,1,370
W02000059,2021,Flintshire 002,25_34,1,343
W02000059,2021,Flintshire 002,35_49,1,544
W02000059,2021,Flintshire 002,50_64,1,770
W02000059,2021,Flintshire 002,65_plus,1,711
W02000059,2021,Flintshire 002,16_24,2,335
W02000059,2021,Flintshire 002,25_34,2,300
W02000059,2021,Flintshire 002,35_49,2,570
W02000059,2021,Flintshire 002,50_64,2,745
W02000059,2021,Flintshire 002,65_plus,2,726
W02000059,2023,Flintshire 002,16_24,1,396
W02000059,2023,Flintshire 002,25_34,1,339
W02000059,2023,Flintshire 002,35_49,1,537
W02000059,2023,Flintshire 002,50_64,1,789
W02000059,2023,Flintshire 002,65_plus,1,708
W02000059,2023,Flintshire 002,16_24,2,318
W02000059,2023,Flintshire 002,25_34,2,326
W02000059,2023,Flintshire 002,35_49,2,527
W02000059,2023,Flintshire 002,50_64,2,812
W02000059,2023,Flintshire 002,65_plus,2,718
W02000059,2025,Flintshire 002,16_24,1,393
W02000059,2025,Flintshire 002,25_34,1,338
W02000059,2025,Flintshire 002,35_49,1,531
W02000059,2025,Flintshire 002,50_64,1,772
W02000059,2025,Flintshire 002,65_plus,1,732
W02000059,2025,Flintshire 002,16_24,2,328
W02000059,2025,Flintshire 002,25_34,2,330
W02000059,2025,Flintshire 002,35_49,2,518
W02000059,2025,Flintshire 002,50_64,2,769
W02000059,2025,Flintshire 002,65_plus,2,760
W02000060,2021,Flintshire 003,16_24,1,635
W02000060,2021,Flintshire 003,25_34,1,693
W02000060,2021,Flintshire 003,35_49,1,987
W02000060,2021,Flintshire 003,50_64,1,1090
W02000060,2021,Flintshire 003,65_plus,1,907
W02000060,2021,Flintshire 003,16_24,2,612
W02000060,2021,Flintshire 003,25_34,2,732
W02000060,2021,Flintshire 003,35_49,2,990
W02000060,2021,Flintshire 003,50_64,2,1141
W02000060,2021,Flintshire 003,65_plus,2,1055
W02000060,2023,Flintshire 003,16_24,1,605
W02000060,2023,Flintshire 003,25_34,1,650
W02000060,2023,Flintshire 003,35_49,1,967
W02000060,2023,Flintshire 003,50_64,1,1101
W02000060,2023,Flintshire 003,65_plus,1,926
W02000060,2023,Flintshire 003,16_24,2,637
W02000060,2023,Flintshire 003,25_34,2,708
W02000060,2023,Flintshire 003,35_49,2,993
W02000060,2023,Flintshire 003,50_64,2,1154
W02000060,2023,Flintshire 003,65_plus,2,1077
W02000060,2025,Flintshire 003,16_24,1,620
W02000060,2025,Flintshire 003,25_34,1,663
W02000060,2025,Flintshire 003,35_49,1,959
W02000060,2025,Flintshire 003,50_64,1,1110
W02000060,2025,Flintshire 003,65_plus,1,965
W02000060,2025,Flintshire 003,16_24,2,636
W02000060,2025,Flintshire 003,25_34,2,697
W02000060,2025,Flintshire 003,35_49,2,1013
W02000060,2025,Flintshire 003,50_64,2,1183
W02000060,2025,Flintshire 003,65_plus,2,1078
W02000061,2021,Flintshire 004,16_24,1,386
W02000061,2021,Flintshire 004,25_34,1,585
W02000061,2021,Flintshire 004,35_49,1,677
W02000061,2021,Flintshire 004,50_64,1,626
W02000061,2021,Flintshire 004,65_plus,1,529
W02000061,2021,Flintshire 004,16_24,2,378
W02000061,2021,Flintshire 004,25_34,2,599
W02000061,2021,Flintshire 004,35_49,2,696
W02000061,2021,Flintshire 004,50_64,2,687
W02000061,2021,Flintshire 004,65_plus,2,699
W02000061,2023,Flintshire 004,16_24,1,414
W02000061,2023,Flintshire 004,25_34,1,605
W02000061,2023,Flintshire 004,35_49,1,763
W02000061,2023,Flintshire 004,50_64,1,680
W02000061,2023,Flintshire 004,65_plus,1,570
W02000061,2023,Flintshire 004,16_24,2,413
W02000061,2023,Flintshire 004,25_34,2,652
W02000061,2023,Flintshire 004,35_49,2,749
W02000061,2023,Flintshire 004,50_64,2,713
W02000061,2023,Flintshire 004,65_plus,2,678
W02000061,2025,Flintshire 004,16_24,1,446
W02000061,2025,Flintshire 004,25_34,1,597
W02000061,2025,Flintshire 004,35_49,1,803
W02000061,2025,Flintshire 004,50_64,1,677
W02000061,2025,Flintshire 004,65_plus,1,618
W02000061,2025,Flintshire 004,16_24,2,407
W02000061,2025,Flintshire 004,25_34,2,677
W02000061,2025,Flintshire 004,35_49,2,801
W02000061,2025,Flintshire 004,50_64,2,737
W02000061,2025,Flintshire 004,65_plus,2,703
W02000062,2021,Flintshire 005,16_24,1,330
W02000062,2021,Flintshire 005,25_34,1,332
W02000062,2021,Flintshire 005,35_49,1,552
W02000062,2021,Flintshire 005,50_64,1,669
W02000062,2021,Flintshire 005,65_plus,1,606
W02000062,2021,Flintshire 005,16_24,2,310
W02000062,2021,Flintshire 005,25_34,2,354
W02000062,2021,Flintshire 005,35_49,2,611
W02000062,2021,Flintshire 005,50_64,2,707
W02000062,2021,Flintshire 005,65_plus,2,774
W02000062,2023,Flintshire 005,16_24,1,324
W02000062,2023,Flintshire 005,25_34,1,320
W02000062,2023,Flintshire 005,35_49,1,529
W02000062,2023,Flintshire 005,50_64,1,680
W02000062,2023,Flintshire 005,65_plus,1,664
W02000062,2023,Flintshire 005,16_24,2,292
W02000062,2023,Flintshire 005,25_34,2,335
W02000062,2023,Flintshire 005,35_49,2,588
W02000062,2023,Flintshire 005,50_64,2,729
W02000062,2023,Flintshire 005,65_plus,2,776
W02000062,2025,Flintshire 005,16_24,1,299
W02000062,2025,Flintshire 005,25_34,1,323
W02000062,2025,Flintshire 005,35_49,1,525
W02000062,2025,Flintshire 005,50_64,1,661
W02000062,2025,Flintshire 005,65_plus,1,683
W02000062,2025,Flintshire 005,16_24,2,306
W02000062,2025,Flintshire 005,25_34,2,309
W02000062,2025,Flintshire 005,35_49,2,566
W02000062,2025,Flintshire 005,50_64,2,739
W02000062,2025,Flintshire 005,65_plus,2,801
W02000063,2021,Flintshire 006,16_24,1,405
W02000063,2021,Flintshire 006,25_34,1,349
W02000063,2021,Flintshire 006,35_49,1,624
W02000063,2021,Flintshire 006,50_64,1,1017
W02000063,2021,Flintshire 006,65_plus,1,1023
W02000063,2021,Flintshire 006,16_24,2,364
W02000063,2021,Flintshire 006,25_34,2,336
W02000063,2021,Flintshire 006,35_49,2,650
W02000063,2021,Flintshire 006,50_64,2,1059
W02000063,2021,Flintshire 006,65_plus,2,1215
W02000063,2023,Flintshire 006,16_24,1,398
W02000063,2023,Flintshire 006,25_34,1,336
W02000063,2023,Flintshire 006,35_49,1,593
W02000063,2023,Flintshire 006,50_64,1,1029
W02000063,2023,Flintshire 006,65_plus,1,1075
W02000063,2023,Flintshire 006,16_24,2,343
W02000063,2023,Flintshire 006,25_34,2,352
W02000063,2023,Flintshire 006,35_49,2,648
W02000063,2023,Flintshire 006,50_64,2,1068
W02000063,2023,Flintshire 006,65_plus,2,1225
W02000063,2025,Flintshire 006,16_24,1,384
W02000063,2025,Flintshire 006,25_34,1,357
W02000063,2025,Flintshire 006,35_49,1,560
W02000063,2025,Flintshire 006,50_64,1,1040
W02000063,2025,Flintshire 006,65_plus,1,1072
W02000063,2025,Flintshire 006,16_24,2,324
W02000063,2025,Flintshire 006,25_34,2,321
W02000063,2025,Flintshire 006,35_49,2,656
W02000063,2025,Flintshire 006,50_64,2,1068
W02000063,2025,Flintshire 006,65_plus,2,1271
W02000064,2021,Flintshire 007,16_24,1,367
W02000064,2021,Flintshire 007,25_34,1,448
W02000064,2021,Flintshire 007,35_49,1,581
W02000064,2021,Flintshire 007,50_64,1,530
W02000064,2021,Flintshire 007,65_plus,1,501
W02000064,2021,Flintshire 007,16_24,2,361
W02000064,2021,Flintshire 007,25_34,2,462
W02000064,2021,Flintshire 007,35_49,2,634
W02000064,2021,Flintshire 007,50_64,2,587
W02000064,2021,Flintshire 007,65_plus,2,569
W02000064,2023,Flintshire 007,16_24,1,382
W02000064,2023,Flintshire 007,25_34,1,445
W02000064,2023,Flintshire 007,35_49,1,597
W02000064,2023,Flintshire 007,50_64,1,548
W02000064,2023,Flintshire 007,65_plus,1,464
W02000064,2023,Flintshire 007,16_24,2,345
W02000064,2023,Flintshire 007,25_34,2,465
W02000064,2023,Flintshire 007,35_49,2,613
W02000064,2023,Flintshire 007,50_64,2,617
W02000064,2023,Flintshire 007,65_plus,2,560
W02000064,2025,Flintshire 007,16_24,1,376
W02000064,2025,Flintshire 007,25_34,1,402
W02000064,2025,Flintshire 007,35_49,1,631
W02000064,2025,Flintshire 007,50_64,1,581
W02000064,2025,Flintshire 007,65_plus,1,444
W02000064,2025,Flintshire 007,16_24,2,343
W02000064,2025,Flintshire 007,25_34,2,487
W02000064,2025,Flintshire 007,35_49,2,604
W02000064,2025,Flintshire 007,50_64,2,623
W02000064,2025,Flintshire 007,65_plus,2,551
W02000065,2021,Flintshire 008,16_24,1,408
W02000065,2021,Flintshire 008,25_34,1,514
W02000065,2021,Flintshire 008,35_49,1,695
W02000065,2021,Flintshire 008,50_64,1,732
W02000065,2021,Flintshire 008,65_plus,1,620
W02000065,2021,Flintshire 008,16_24,2,331
W02000065,2021,Flintshire 008,25_34,2,526
W02000065,2021,Flintshire 008,35_49,2,735
W02000065,2021,Flintshire 008,50_64,2,719
W02000065,2021,Flintshire 008,65_plus,2,779
W02000065,2023,Flintshire 008,16_24,1,389
W02000065,2023,Flintshire 008,25_34,1,491
W02000065,2023,Flintshire 008,35_49,1,653
W02000065,2023,Flintshire 008,50_64,1,758
W02000065,2023,Flintshire 008,65_plus,1,653
W02000065,2023,Flintshire 008,16_24,2,347
W02000065,2023,Flintshire 008,25_34,2,533
W02000065,2023,Flintshire 008,35_49,2,704
W02000065,2023,Flintshire 008,50_64,2,748
W02000065,2023,Flintshire 008,65_plus,2,807
W02000065,2025,Flintshire 008,16_24,1,355
W02000065,2025,Flintshire 008,25_34,1,477
W02000065,2025,Flintshire 008,35_49,1,660
W02000065,2025,Flintshire 008,50_64,1,741
W02000065,2025,Flintshire 008,65_plus,1,701
W02000065,2025,Flintshire 008,16_24,2,348
W02000065,2025,Flintshire 008,25_34,2,497
W02000065,2025,Flintshire 008,35_49,2,749
W02000065,2025,Flintshire 008,50_64,2,746
W02000065,2025,Flintshire 008,65_plus,2,820
W02000066,2021,Flintshire 009,16_24,1,495
W02000066,2021,Flintshire 009,25_34,1,776
W02000066,2021,Flintshire 009,35_49,1,954
W02000066,2021,Flintshire 009,50_64,1,995
W02000066,2021,Flintshire 009,65_plus,1,777
W02000066,2021,Flintshire 009,16_24,2,498
W02000066,2021,Flintshire 009,25_34,2,726
W02000066,2021,Flintshire 009,35_49,2,938
W02000066,2021,Flintshire 009,50_64,2,962
W02000066,2021,Flintshire 009,65_plus,2,853
W02000066,2023,Flintshire 009,16_24,1,502
W02000066,2023,Flintshire 009,25_34,1,711
W02000066,2023,Flintshire 009,35_49,1,1000
W02000066,2023,Flintshire 009,50_64,1,1004
W02000066,2023,Flintshire 009,65_plus,1,791
W02000066,2023,Flintshire 009,16_24,2,482
W02000066,2023,Flintshire 009,25_34,2,732
W02000066,2023,Flintshire 009,35_49,2,1007
W02000066,2023,Flintshire 009,50_64,2,1030
W02000066,2023,Flintshire 009,65_plus,2,890
W02000066,2025,Flintshire 009,16_24,1,565
W02000066,2025,Flintshire 009,25_34,1,713
W02000066,2025,Flintshire 009,35_49,1,1076
W02000066,2025,Flintshire 009,50_64,1,1003
W02000066,2025,Flintshire 009,65_plus,1,809
W02000066,2025,Flintshire 009,16_24,2,472
W02000066,2025,Flintshire 009,25_34,2,757
W02000066,2025,Flintshire 009,35_49,2,1111
W02000066,2025,Flintshire 009,50_64,2,1012
W02000066,2025,Flintshire 009,65_plus,2,859
W02000067,2021,Flintshire 010,16_24,1,375
W02000067,2021,Flintshire 010,25_34,1,335
W02000067,2021,Flintshire 010,35_49,1,596
W02000067,2021,Flintshire 010,50_64,1,726
W02000067,2021,Flintshire 010,65_plus,1,688
W02000067,2021,Flintshire 010,16_24,2,352
W02000067,2021,Flintshire 010,25_34,2,365
W02000067,2021,Flintshire 010,35_49,2,670
W02000067,2021,Flintshire 010,50_64,2,764
W02000067,2021,Flintshire 010,65_plus,2,798
W02000067,2023,Flintshire 010,16_24,1,372
W02000067,2023,Flintshire 010,25_34,1,337
W02000067,2023,Flintshire 010,35_49,1,587
W02000067,2023,Flintshire 010,50_64,1,717
W02000067,2023,Flintshire 010,65_plus,1,702
W02000067,2023,Flintshire 010,16_24,2,328
W02000067,2023,Flintshire 010,25_34,2,350
W02000067,2023,Flintshire 010,35_49,2,673
W02000067,2023,Flintshire 010,50_64,2,774
W02000067,2023,Flintshire 010,65_plus,2,803
W02000067,2025,Flintshire 010,16_24,1,376
W02000067,2025,Flintshire 010,25_34,1,317
W02000067,2025,Flintshire 010,35_49,1,591
W02000067,2025,Flintshire 010,50_64,1,707
W02000067,2025,Flintshire 010,65_plus,1,740
W02000067,2025,Flintshire 010,16_24,2,328
W02000067,2025,Flintshire 010,25_34,2,355
W02000067,2025,Flintshire 010,35_49,2,635
W02000067,2025,Flintshire 010,50_64,2,748
W02000067,2025,Flintshire 010,65_plus,2,847
W02000068,2021,Flintshire 011,16_24,1,244
W02000068,2021,Flintshire 011,25_34,1,377
W02000068,2021,Flintshire 011,35_49,1,467
W02000068,2021,Flintshire 011,50_64,1,634
W02000068,2021,Flintshire 011,65_plus,1,500
W02000068,2021,Flintshire 011,16_24,2,228
W02000068,2021,Flintshire 011,25_34,2,336
W02000068,2021,Flintshire 011,35_49,2,510
W02000068,2021,Flintshire 011,50_64,2,598
W02000068,2021,Flintshire 011,65_plus,2,553
W02000068,2023,Flintshire 011,16_24,1,248
W02000068,2023,Flintshire 011,25_34,1,343
W02000068,2023,Flintshire 011,35_49,1,459
W02000068,2023,Flintshire 011,50_64,1,628
W02000068,2023,Flintshire 011,65_plus,1,509
W02000068,2023,Flintshire 011,16_24,2,190
W02000068,2023,Flintshire 011,25_34,2,334
W02000068,2023,Flintshire 011,35_49,2,508
W02000068,2023,Flintshire 011,50_64,2,609
W02000068,2023,Flintshire 011,65_plus,2,572
W02000068,2025,Flintshire 011,16_24,1,259
W02000068,2025,Flintshire 011,25_34,1,330
W02000068,2025,Flintshire 011,35_49,1,486
W02000068,2025,Flintshire 011,50_64,1,627
W02000068,2025,Flintshire 011,65_plus,1,529
W02000068,2025,Flintshire 011,16_24,2,203
W02000068,2025,Flintshire 011,25_34,2,343
W02000068,2025,Flintshire 011,35_49,2,500
W02000068,2025,Flintshire 011,50_64,2,626
W02000068,2025,Flintshire 011,65_plus,2,604
W02000069,2021,Flintshire 012,16_24,1,315
W02000069,2021,Flintshire 012,25_34,1,332
W02000069,2021,Flintshire 012,35_49,1,540
W02000069,2021,Flintshire 012,50_64,1,703
W02000069,2021,Flintshire 012,65_plus,1,686
W02000069,2021,Flintshire 012,16_24,2,306
W02000069,2021,Flintshire 012,25_34,2,307
W02000069,2021,Flintshire 012,35_49,2,597
W02000069,2021,Flintshire 012,50_64,2,732
W02000069,2021,Flintshire 012,65_plus,2,790
W02000069,2023,Flintshire 012,16_24,1,299
W02000069,2023,Flintshire 012,25_34,1,315
W02000069,2023,Flintshire 012,35_49,1,499
W02000069,2023,Flintshire 012,50_64,1,742
W02000069,2023,Flintshire 012,65_plus,1,709
W02000069,2023,Flintshire 012,16_24,2,303
W02000069,2023,Flintshire 012,25_34,2,309
W02000069,2023,Flintshire 012,35_49,2,553
W02000069,2023,Flintshire 012,50_64,2,759
W02000069,2023,Flintshire 012,65_plus,2,817
W02000069,2025,Flintshire 012,16_24,1,314
W02000069,2025,Flintshire 012,25_34,1,332
W02000069,2025,Flintshire 012,35_49,1,490
W02000069,2025,Flintshire 012,50_64,1,745
W02000069,2025,Flintshire 012,65_plus,1,719
W02000069,2025,Flintshire 012,16_24,2,301
W02000069,2025,Flintshire 012,25_34,2,286
W02000069,2025,Flintshire 012,35_49,2,577
W02000069,2025,Flintshire 012,50_64,2,739
W02000069,2025,Flintshire 012,65_plus,2,811
W02000070,2021,Flintshire 013,16_24,1,597
W02000070,2021,Flintshire 013,25_34,1,491
W02000070,2021,Flintshire 013,35_49,1,997
W02000070,2021,Flintshire 013,50_64,1,1141
W02000070,2021,Flintshire 013,65_plus,1,1107
W02000070,2021,Flintshire 013,16_24,2,513
W02000070,2021,Flintshire 013,25_34,2,483
W02000070,2021,Flintshire 013,35_49,2,1117
W02000070,2021,Flintshire 013,50_64,2,1217
W02000070,2021,Flintshire 013,65_plus,2,1276
W02000070,2023,Flintshire 013,16_24,1,566
W02000070,2023,Flintshire 013,25_34,1,466
W02000070,2023,Flintshire 013,35_49,1,925
W02000070,2023,Flintshire 013,50_64,1,1191
W02000070,2023,Flintshire 013,65_plus,1,1145
W02000070,2023,Flintshire 013,16_24,2,508
W02000070,2023,Flintshire 013,25_34,2,482
W02000070,2023,Flintshire 013,35_49,2,1075
W02000070,2023,Flintshire 013,50_64,2,1227
W02000070,2023,Flintshire 013,65_plus,2,1298
W02000070,2025,Flintshire 013,16_24,1,580
W02000070,2025,Flintshire 013,25_34,1,469
W02000070,2025,Flintshire 013,35_49,1,896
W02000070,2025,Flintshire 013,50_64,1,1200
W02000070,2025,Flintshire 013,65_plus,1,1190
W02000070,2025,Flintshire 013,16_24,2,475
W02000070,2025,Flintshire 013,25_34,2,488
W02000070,2025,Flintshire 013,35_49,2,1010
W02000070,2025,Flintshire 013,50_64,2,1254
W02000070,2025,Flintshire 013,65_plus,2,1318
W02000071,2021,Flintshire 014,16_24,1,337
W02000071,2021,Flintshire 014,25_34,1,351
W02000071,2021,Flintshire 014,35_49,1,641
W02000071,2021,Flintshire 014,50_64,1,712
W02000071,2021,Flintshire 014,65_plus,1,911
W02000071,2021,Flintshire 014,16_24,2,327
W02000071,2021,Flintshire 014,25_34,2,310
W02000071,2021,Flintshire 014,35_49,2,650
W02000071,2021,Flintshire 014,50_64,2,711
W02000071,2021,Flintshire 014,65_plus,2,1059
W02000071,2023,Flintshire 014,16_24,1,356
W02000071,2023,Flintshire 014,25_34,1,376
W02000071,2023,Flintshire 014,35_49,1,576
W02000071,2023,Flintshire 014,50_64,1,760
W02000071,2023,Flintshire 014,65_plus,1,896
W02000071,2023,Flintshire 014,16_24,2,305
W02000071,2023,Flintshire 014,25_34,2,310
W02000071,2023,Flintshire 014,35_49,2,628
W02000071,2023,Flintshire 014,50_64,2,717
W02000071,2023,Flintshire 014,65_plus,2,1112
W02000071,2025,Flintshire 014,16_24,1,353
W02000071,2025,Flintshire 014,25_34,1,353
W02000071,2025,Flintshire 014,35_49,1,562
W02000071,2025,Flintshire 014,50_64,1,776
W02000071,2025,Flintshire 014,65_plus,1,887
W02000071,2025,Flintshire 014,16_24,2,294
W02000071,2025,Flintshire 014,25_34,2,333
W02000071,2025,Flintshire 014,35_49,2,596
W02000071,2025,Flintshire 014,50_64,2,742
W02000071,2025,Flintshire 014,65_plus,2,1124
W02000072,2021,Flintshire 015,16_24,1,611
W02000072,2021,Flintshire 015,25_34,1,876
W02000072,2021,Flintshire 015,35_49,1,1183
W02000072,2021,Flintshire 015,50_64,1,1124
W02000072,2021,Flintshire 015,65_plus,1,863
W02000072,2021,Flintshire 015,16_24,2,534
W02000072,2021,Flintshire 015,25_34,2,990
W02000072,2021,Flintshire 015,35_49,2,1200
W02000072,2021,Flintshire 015,50_64,2,1180
W02000072,2021,Flintshire 015,65_plus,2,1081
W02000072,2023,Flintshire 015,16_24,1,617
W02000072,2023,Flintshire 015,25_34,1,828
W02000072,2023,Flintshire 015,35_49,1,1168
W02000072,2023,Flintshire 015,50_64,1,1128
W02000072,2023,Flintshire 015,65_plus,1,920
W02000072,2023,Flintshire 015,16_24,2,528
W02000072,2023,Flintshire 015,25_34,2,954
W02000072,2023,Flintshire 015,35_49,2,1224
W02000072,2023,Flintshire 015,50_64,2,1216
W02000072,2023,Flintshire 015,65_plus,2,1119
W02000072,2025,Flintshire 015,16_24,1,628
W02000072,2025,Flintshire 015,25_34,1,836
W02000072,2025,Flintshire 015,35_49,1,1155
W02000072,2025,Flintshire 015,50_64,1,1109
W02000072,2025,Flintshire 015,65_plus,1,941
W02000072,2025,Flintshire 015,16_24,2,517
W02000072,2025,Flintshire 015,25_34,2,897
W02000072,2025,Flintshire 015,35_49,2,1270
W02000072,2025,Flintshire 015,50_64,2,1240
W02000072,2025,Flintshire 015,65_plus,2,1129
W02000073,2021,Flintshire 016,16_24,1,518
W02000073,2021,Flintshire 016,25_34,1,536
W02000073,2021,Flintshire 016,35_49,1,832
W02000073,2021,Flintshire 016,50_64,1,1001
W02000073,2021,Flintshire 016,65_plus,1,1075
W02000073,2021,Flintshire 016,16_24,2,500
W02000073,2021,Flintshire 016,25_34,2,594
W02000073,2021,Flintshire 016,35_49,2,937
W02000073,2021,Flintshire 016,50_64,2,1031
W02000073,2021,Flintshire 016,65_plus,2,1317
W02000073,2023,Flintshire 016,16_24,1,520
W02000073,2023,Flintshire 016,25_34,1,566
W02000073,2023,Flintshire 016,35_49,1,810
W02000073,2023,Flintshire 016,50_64,1,1052
W02000073,2023,Flintshire 016,65_plus,1,1100
W02000073,2023,Flintshire 016,16_24,2,489
W02000073,2023,Flintshire 016,25_34,2,639
W02000073,2023,Flintshire 016,35_49,2,913
W02000073,2023,Flintshire 016,50_64,2,1094
W02000073,2023,Flintshire 016,65_plus,2,1315
W02000073,2025,Flintshire 016,16_24,1,521
W02000073,2025,Flintshire 016,25_34,1,590
W02000073,2025,Flintshire 016,35_49,1,832
W02000073,2025,Flintshire 016,50_64,1,1011
W02000073,2025,Flintshire 016,65_plus,1,1102
W02000073,2025,Flintshire 016,16_24,2,506
W02000073,2025,Flintshire 016,25_34,2,714
W02000073,2025,Flintshire 016,35_49,2,908
W02000073,2025,Flintshire 016,50_64,2,1077
W02000073,2025,Flintshire 016,65_plus,2,1364
W02000074,2021,Flintshire 017,16_24,1,517
W02000074,2021,Flintshire 017,25_34,1,654
W02000074,2021,Flintshire 017,35_49,1,938
W02000074,2021,Flintshire 017,50_64,1,966
W02000074,2021,Flintshire 017,65_plus,1,856
W02000074,2021,Flintshire 017,16_24,2,459
W02000074,2021,Flintshire 017,25_34,2,680
W02000074,2021,Flintshire 017,35_49,2,969
W02000074,2021,Flintshire 017,50_64,2,1000
W02000074,2021,Flintshire 017,65_plus,2,1107
W02000074,2023,Flintshire 017,16_24,1,485
W02000074,2023,Flintshire 017,25_34,1,612
W02000074,2023,Flintshire 017,35_49,1,906
W02000074,2023,Flintshire 017,50_64,1,1002
W02000074,2023,Flintshire 017,65_plus,1,876
W02000074,2023,Flintshire 017,16_24,2,495
W02000074,2023,Flintshire 017,25_34,2,650
W02000074,2023,Flintshire 017,35_49,2,944
W02000074,2023,Flintshire 017,50_64,2,1013
W02000074,2023,Flintshire 017,65_plus,2,1121
W02000074,2025,Flintshire 017,16_24,1,488
W02000074,2025,Flintshire 017,25_34,1,588
W02000074,2025,Flintshire 017,35_49,1,905
W02000074,2025,Flintshire 017,50_64,1,1022
W02000074,2025,Flintshire 017,65_plus,1,885
W02000074,2025,Flintshire 017,16_24,2,519
W02000074,2025,Flintshire 017,25_34,2,610
W02000074,2025,Flintshire 017,35_49,2,982
W02000074,2025,Flintshire 017,50_64,2,1035
W02000074,2025,Flintshire 017,65_plus,2,1121
W02000075,2021,Flintshire 018,16_24,1,295
W02000075,2021,Flintshire 018,25_34,1,351
W02000075,2021,Flintshire 018,35_49,1,624
W02000075,2021,Flintshire 018,50_64,1,658
W02000075,2021,Flintshire 018,65_plus,1,610
W02000075,2021,Flintshire 018,16_24,2,273
W02000075,2021,Flintshire 018,25_34,2,398
W02000075,2021,Flintshire 018,35_49,2,683
W02000075,2021,Flintshire 018,50_64,2,655
W02000075,2021,Flintshire 018,65_plus,2,685
W02000075,2023,Flintshire 018,16_24,1,293
W02000075,2023,Flintshire 018,25_34,1,341
W02000075,2023,Flintshire 018,35_49,1,644
W02000075,2023,Flintshire 018,50_64,1,703
W02000075,2023,Flintshire 018,65_plus,1,631
W02000075,2023,Flintshire 018,16_24,2,261
W02000075,2023,Flintshire 018,25_34,2,407
W02000075,2023,Flintshire 018,35_49,2,678
W02000075,2023,Flintshire 018,50_64,2,691
W02000075,2023,Flintshire 018,65_plus,2,720
W02000075,2025,Flintshire 018,16_24,1,312
W02000075,2025,Flintshire 018,25_34,1,355
W02000075,2025,Flintshire 018,35_49,1,671
W02000075,2025,Flintshire 018,50_64,1,704
W02000075,2025,Flintshire 018,65_plus,1,676
W02000075,2025,Flintshire 018,16_24,2,288
W02000075,2025,Flintshire 018,25_34,2,386
W02000075,2025,Flintshire 018,35_49,2,715
W02000075,2025,Flintshire 018,50_64,2,723
W02000075,2025,Flintshire 018,65_plus,2,768
W02000076,2021,Flintshire 019,16_24,1,357
W02000076,2021,Flintshire 019,25_34,1,362
W02000076,2021,Flintshire 019,35_49,1,577
W02000076,2021,Flintshire 019,50_64,1,886
W02000076,2021,Flintshire 019,65_plus,1,910
W02000076,2021,Flintshire 019,16_24,2,364
W02000076,2021,Flintshire 019,25_34,2,378
W02000076,2021,Flintshire 019,35_49,2,627
W02000076,2021,Flintshire 019,50_64,2,909
W02000076,2021,Flintshire 019,65_plus,2,977
W02000076,2023,Flintshire 019,16_24,1,370
W02000076,2023,Flintshire 019,25_34,1,345
W02000076,2023,Flintshire 019,35_49,1,541
W02000076,2023,Flintshire 019,50_64,1,921
W02000076,2023,Flintshire 019,65_plus,1,893
W02000076,2023,Flintshire 019,16_24,2,313
W02000076,2023,Flintshire 019,25_34,2,387
W02000076,2023,Flintshire 019,35_49,2,588
W02000076,2023,Flintshire 019,50_64,2,938
W02000076,2023,Flintshire 019,65_plus,2,994
W02000076,2025,Flintshire 019,16_24,1,352
W02000076,2025,Flintshire 019,25_34,1,347
W02000076,2025,Flintshire 019,35_49,1,525
W02000076,2025,Flintshire 019,50_64,1,874
W02000076,2025,Flintshire 019,65_plus,1,918
W02000076,2025,Flintshire 019,16_24,2,314
W02000076,2025,Flintshire 019,25_34,2,417
W02000076,2025,Flintshire 019,35_49,2,555
W02000076,2025,Flintshire 019,50_64,2,941
W02000076,2025,Flintshire 019,65_plus,2,996
W02000077,2021,Flintshire 020,16_24,1,340
W02000077,2021,Flintshire 020,25_34,1,315
W02000077,2021,Flintshire 020,35_49,1,498
W02000077,2021,Flintshire 020,50_64,1,652
W02000077,2021,Flintshire 020,65_plus,1,679
W02000077,2021,Flintshire 020,16_24,2,337
W02000077,2021,Flintshire 020,25_34,2,286
W02000077,2021,Flintshire 020,35_49,2,606
W02000077,2021,Flintshire 020,50_64,2,688
W02000077,2021,Flintshire 020,65_plus,2,805
W02000077,2023,Flintshire 020,16_24,1,337
W02000077,2023,Flintshire 020,25_34,1,300
W02000077,2023,Flintshire 020,35_49,1,479
W02000077,2023,Flintshire 020,50_64,1,663
W02000077,2023,Flintshire 020,65_plus,1,677
W02000077,2023,Flintshire 020,16_24,2,336
W02000077,2023,Flintshire 020,25_34,2,282
W02000077,2023,Flintshire 020,35_49,2,570
W02000077,2023,Flintshire 020,50_64,2,723
W02000077,2023,Flintshire 020,65_plus,2,828
W02000077,2025,Flintshire 020,16_24,1,308
W02000077,2025,Flintshire 020,25_34,1,304
W02000077,2025,Flintshire 020,35_49,1,457
W02000077,2025,Flintshire 020,50_64,1,662
W02000077,2025,Flintshire 020,65_plus,1,666
W02000077,2025,Flintshire 020,16_24,2,345
W02000077,2025,Flintshire 020,25_34,2,275
W02000077,2025,Flintshire 020,35_49,2,562
W02000077,2025,Flintshire 020,50_64,2,734
W02000077,2025,Flintshire 020,65_plus,2,799
W02000080,2021,Wrexham 003,16_24,1,430
W02000080,2021,Wrexham 003,25_34,1,460
W02000080,2021,Wrexham 003,35_49,1,804
W02000080,2021,Wrexham 003,50_64,1,748
W02000080,2021,Wrexham 003,65_plus,1,689
W02000080,2021,Wrexham 003,16_24,2,411
W02000080,2021,Wrexham 003,25_34,2,465
W02000080,2021,Wrexham 003,35_49,2,825
W02000080,2021,Wrexham 003,50_64,2,825
W02000080,2021,Wrexham 003,65_plus,2,757
W02000080,2023,Wrexham 003,16_24,1,445
W02000080,2023,Wrexham 003,25_34,1,455
W02000080,2023,Wrexham 003,35_49,1,752
W02000080,2023,Wrexham 003,50_64,1,760
W02000080,2023,Wrexham 003,65_plus,1,685
W02000080,2023,Wrexham 003,16_24,2,410
W02000080,2023,Wrexham 003,25_34,2,443
W02000080,2023,Wrexham 003,35_49,2,807
W02000080,2023,Wrexham 003,50_64,2,829
W02000080,2023,Wrexham 003,65_plus,2,784
W02000080,2025,Wrexham 003,16_24,1,486
W02000080,2025,Wrexham 003,25_34,1,475
W02000080,2025,Wrexham 003,35_49,1,766
W02000080,2025,Wrexham 003,50_64,1,770
W02000080,2025,Wrexham 003,65_plus,1,690
W02000080,2025,Wrexham 003,16_24,2,413
W02000080,2025,Wrexham 003,25_34,2,451
W02000080,2025,Wrexham 003,35_49,2,808
W02000080,2025,Wrexham 003,50_64,2,837
W02000080,2025,Wrexham 003,65_plus,2,812
W02000081,2021,Wrexham 004,16_24,1,289
W02000081,2021,Wrexham 004,25_34,1,333
W02000081,2021,Wrexham 004,35_49,1,566
W02000081,2021,Wrexham 004,50_64,1,605
W02000081,2021,Wrexham 004,65_plus,1,507
W02000081,2021,Wrexham 004,16_24,2,263
W02000081,2021,Wrexham 004,25_34,2,461
W02000081,2021,Wrexham 004,35_49,2,587
W02000081,2021,Wrexham 004,50_64,2,611
W02000081,2021,Wrexham 004,65_plus,2,559
W02000081,2023,Wrexham 004,16_24,1,327
W02000081,2023,Wrexham 004,25_34,1,343
W02000081,2023,Wrexham 004,35_49,1,539
W02000081,2023,Wrexham 004,50_64,1,602
W02000081,2023,Wrexham 004,65_plus,1,498
W02000081,2023,Wrexham 004,16_24,2,268
W02000081,2023,Wrexham 004,25_34,2,435
W02000081,2023,Wrexham 004,35_49,2,579
W02000081,2023,Wrexham 004,50_64,2,637
W02000081,2023,Wrexham 004,65_plus,2,570
W02000081,2025,Wrexham 004,16_24,1,316
W02000081,2025,Wrexham 004,25_34,1,342
W02000081,2025,Wrexham 004,35_49,1,530
W02000081,2025,Wrexham 004,50_64,1,604
W02000081,2025,Wrexham 004,65_plus,1,521
W02000081,2025,Wrexham 004,16_24,2,288
W02000081,2025,Wrexham 004,25_34,2,413
W02000081,2025,Wrexham 004,35_49,2,584
W02000081,2025,Wrexham 004,50_64,2,624
W02000081,2025,Wrexham 004,65_plus,2,588
W02000082,2021,Wrexham 005,16_24,1,390
W02000082,2021,Wrexham 005,25_34,1,492
W02000082,2021,Wrexham 005,35_49,1,802
W02000082,2021,Wrexham 005,50_64,1,702
W02000082,2021,Wrexham 005,65_plus,1,585
W02000082,2021,Wrexham 005,16_24,2,396
W02000082,2021,Wrexham 005,25_34,2,600
W02000082,2021,Wrexham 005,35_49,2,839
W02000082,2021,Wrexham 005,50_64,2,784
W02000082,2021,Wrexham 005,65_plus,2,676
W02000082,2023,Wrexham 005,16_24,1,427
W02000082,2023,Wrexham 005,25_34,1,500
W02000082,2023,Wrexham 005,35_49,1,787
W02000082,2023,Wrexham 005,50_64,1,737
W02000082,2023,Wrexham 005,65_plus,1,579
W02000082,2023,Wrexham 005,16_24,2,411
W02000082,2023,Wrexham 005,25_34,2,606
W02000082,2023,Wrexham 005,35_49,2,845
W02000082,2023,Wrexham 005,50_64,2,799
W02000082,2023,Wrexham 005,65_plus,2,690
W02000082,2025,Wrexham 005,16_24,1,473
W02000082,2025,Wrexham 005,25_34,1,490
W02000082,2025,Wrexham 005,35_49,1,786
W02000082,2025,Wrexham 005,50_64,1,760
W02000082,2025,Wrexham 005,65_plus,1,597
W02000082,2025,Wrexham 005,16_24,2,408
W02000082,2025,Wrexham 005,25_34,2,625
W02000082,2025,Wrexham 005,35_49,2,806
W02000082,2025,Wrexham 005,50_64,2,829
W02000082,2025,Wrexham 005,65_plus,2,703
W02000083,2021,Wrexham 006,16_24,1,471
W02000083,2021,Wrexham 006,25_34,1,583
W02000083,2021,Wrexham 006,35_49,1,886
W02000083,2021,Wrexham 006,50_64,1,860
W02000083,2021,Wrexham 006,65_plus,1,680
W02000083,2021,Wrexham 006,16_24,2,444
W02000083,2021,Wrexham 006,25_34,2,683
W02000083,2021,Wrexham 006,35_49,2,877
W02000083,2021,Wrexham 006,50_64,2,833
W02000083,2021,Wrexham 006,65_plus,2,845
W02000083,2023,Wrexham 006,16_24,1,453
W02000083,2023,Wrexham 006,25_34,1,570
W02000083,2023,Wrexham 006,35_49,1,821
W02000083,2023,Wrexham 006,50_64,1,891
W02000083,2023,Wrexham 006,65_plus,1,699
W02000083,2023,Wrexham 006,16_24,2,433
W02000083,2023,Wrexham 006,25_34,2,641
W02000083,2023,Wrexham 006,35_49,2,811
W02000083,2023,Wrexham 006,50_64,2,870
W02000083,2023,Wrexham 006,65_plus,2,856
W02000083,2025,Wrexham 006,16_24,1,460
W02000083,2025,Wrexham 006,25_34,1,567
W02000083,2025,Wrexham 006,35_49,1,836
W02000083,2025,Wrexham 006,50_64,1,873
W02000083,2025,Wrexham 006,65_plus,1,723
W02000083,2025,Wrexham 006,16_24,2,424
W02000083,2025,Wrexham 006,25_34,2,626
W02000083,2025,Wrexham 006,35_49,2,841
W02000083,2025,Wrexham 006,50_64,2,850
W02000083,2025,Wrexham 006,65_plus,2,901
W02000085,2021,Wrexham 008,16_24,1,542
W02000085,2021,Wrexham 008,25_34,1,522
W02000085,2021,Wrexham 008,35_49,1,774
W02000085,2021,Wrexham 008,50_64,1,930
W02000085,2021,Wrexham 008,65_plus,1,1005
W02000085,2021,Wrexham 008,16_24,2,469
W02000085,2021,Wrexham 008,25_34,2,473
W02000085,2021,Wrexham 008,35_49,2,775
W02000085,2021,Wrexham 008,50_64,2,910
W02000085,2021,Wrexham 008,65_plus,2,1260
W02000085,2023,Wrexham 008,16_24,1,539
W02000085,2023,Wrexham 008,25_34,1,484
W02000085,2023,Wrexham 008,35_49,1,760
W02000085,2023,Wrexham 008,50_64,1,941
W02000085,2023,Wrexham 008,65_plus,1,1056
W02000085,2023,Wrexham 008,16_24,2,453
W02000085,2023,Wrexham 008,25_34,2,485
W02000085,2023,Wrexham 008,35_49,2,731
W02000085,2023,Wrexham 008,50_64,2,930
W02000085,2023,Wrexham 008,65_plus,2,1272
W02000085,2025,Wrexham 008,16_24,1,615
W02000085,2025,Wrexham 008,25_34,1,554
W02000085,2025,Wrexham 008,35_49,1,822
W02000085,2025,Wrexham 008,50_64,1,922
W02000085,2025,Wrexham 008,65_plus,1,1073
W02000085,2025,Wrexham 008,16_24,2,539
W02000085,2025,Wrexham 008,25_34,2,548
W02000085,2025,Wrexham 008,35_49,2,791
W02000085,2025,Wrexham 008,50_64,2,941
W02000085,2025,Wrexham 008,65_plus,2,1331
W02000087,2021,Wrexham 010,16_24,1,497
W02000087,2021,Wrexham 010,25_34,1,424
W02000087,2021,Wrexham 010,35_49,1,590
W02000087,2021,Wrexham 010,50_64,1,599
W02000087,2021,Wrexham 010,65_plus,1,422
W02000087,2021,Wrexham 010,16_24,2,419
W02000087,2021,Wrexham 010,25_34,2,532
W02000087,2021,Wrexham 010,35_49,2,738
W02000087,2021,Wrexham 010,50_64,2,622
W02000087,2021,Wrexham 010,65_plus,2,520
W02000087,2023,Wrexham 010,16_24,1,488
W02000087,2023,Wrexham 010,25_34,1,378
W02000087,2023,Wrexham 010,35_49,1,590
W02000087,2023,Wrexham 010,50_64,1,559
W02000087,2023,Wrexham 010,65_plus,1,398
W02000087,2023,Wrexham 010,16_24,2,462
W02000087,2023,Wrexham 010,25_34,2,492
W02000087,2023,Wrexham 010,35_49,2,759
W02000087,2023,Wrexham 010,50_64,2,624
W02000087,2023,Wrexham 010,65_plus,2,502
W02000087,2025,Wrexham 010,16_24,1,515
W02000087,2025,Wrexham 010,25_34,1,387
W02000087,2025,Wrexham 010,35_49,1,636
W02000087,2025,Wrexham 010,50_64,1,555
W02000087,2025,Wrexham 010,65_plus,1,379
W02000087,2025,Wrexham 010,16_24,2,510
W02000087,2025,Wrexham 010,25_34,2,479
W02000087,2025,Wrexham 010,35_49,2,834
W02000087,2025,Wrexham 010,50_64,2,604
W02000087,2025,Wrexham 010,65_plus,2,522
W02000088,2021,Wrexham 011,16_24,1,504
W02000088,2021,Wrexham 011,25_34,1,722
W02000088,2021,Wrexham 011,35_49,1,1033
W02000088,2021,Wrexham 011,50_64,1,802
W02000088,2021,Wrexham 011,65_plus,1,654
W02000088,2021,Wrexham 011,16_24,2,502
W02000088,2021,Wrexham 011,25_34,2,721
W02000088,2021,Wrexham 011,35_49,2,862
W02000088,2021,Wrexham 011,50_64,2,781
W02000088,2021,Wrexham 011,65_plus,2,756
W02000088,2023,Wrexham 011,16_24,1,499
W02000088,2023,Wrexham 011,25_34,1,733
W02000088,2023,Wrexham 011,35_49,1,1042
W02000088,2023,Wrexham 011,50_64,1,828
W02000088,2023,Wrexham 011,65_plus,1,648
W02000088,2023,Wrexham 011,16_24,2,453
W02000088,2023,Wrexham 011,25_34,2,742
W02000088,2023,Wrexham 011,35_49,2,926
W02000088,2023,Wrexham 011,50_64,2,778
W02000088,2023,Wrexham 011,65_plus,2,775
W02000088,2025,Wrexham 011,16_24,1,546
W02000088,2025,Wrexham 011,25_34,1,780
W02000088,2025,Wrexham 011,35_49,1,1107
W02000088,2025,Wrexham 011,50_64,1,817
W02000088,2025,Wrexham 011,65_plus,1,676
W02000088,2025,Wrexham 011,16_24,2,483
W02000088,2025,Wrexham 011,25_34,2,764
W02000088,2025,Wrexham 011,35_49,2,980
W02000088,2025,Wrexham 011,50_64,2,805
W02000088,2025,Wrexham 011,65_plus,2,793
W02000089,2021,Wrexham 012,16_24,1,506
W02000089,2021,Wrexham 012,25_34,1,647
W02000089,2021,Wrexham 012,35_49,1,956
W02000089,2021,Wrexham 012,50_64,1,786
W02000089,2021,Wrexham 012,65_plus,1,568
W02000089,2021,Wrexham 012,16_24,2,494
W02000089,2021,Wrexham 012,25_34,2,664
W02000089,2021,Wrexham 012,35_49,2,886
W02000089,2021,Wrexham 012,50_64,2,831
W02000089,2021,Wrexham 012,65_plus,2,676
W02000089,2023,Wrexham 012,16_24,1,474
W02000089,2023,Wrexham 012,25_34,1,622
W02000089,2023,Wrexham 012,35_49,1,958
W02000089,2023,Wrexham 012,50_64,1,808
W02000089,2023,Wrexham 012,65_plus,1,571
W02000089,2023,Wrexham 012,16_24,2,478
W02000089,2023,Wrexham 012,25_34,2,614
W02000089,2023,Wrexham 012,35_49,2,889
W02000089,2023,Wrexham 012,50_64,2,846
W02000089,2023,Wrexham 012,65_plus,2,680
W02000089,2025,Wrexham 012,16_24,1,483
W02000089,2025,Wrexham 012,25_34,1,636
W02000089,2025,Wrexham 012,35_49,1,1025
W02000089,2025,Wrexham 012,50_64,1,819
W02000089,2025,Wrexham 012,65_plus,1,592
W02000089,2025,Wrexham 012,16_24,2,476
W02000089,2025,Wrexham 012,25_34,2,632
W02000089,2025,Wrexham 012,35_49,2,938
W02000089,2025,Wrexham 012,50_64,2,823
W02000089,2025,Wrexham 012,65_plus,2,678
W02000090,2021,Wrexham 013,16_24,1,302
W02000090,2021,Wrexham 013,25_34,1,296
W02000090,2021,Wrexham 013,35_49,1,471
W02000090,2021,Wrexham 013,50_64,1,631
W02000090,2021,Wrexham 013,65_plus,1,582
W02000090,2021,Wrexham 013,16_24,2,308
W02000090,2021,Wrexham 013,25_34,2,305
W02000090,2021,Wrexham 013,35_49,2,556
W02000090,2021,Wrexham 013,50_64,2,648
W02000090,2021,Wrexham 013,65_plus,2,597
W02000090,2023,Wrexham 013,16_24,1,305
W02000090,2023,Wrexham 013,25_34,1,259
W02000090,2023,Wrexham 013,35_49,1,451
W02000090,2023,Wrexham 013,50_64,1,618
W02000090,2023,Wrexham 013,65_plus,1,591
W02000090,2023,Wrexham 013,16_24,2,323
W02000090,2023,Wrexham 013,25_34,2,302
W02000090,2023,Wrexham 013,35_49,2,534
W02000090,2023,Wrexham 013,50_64,2,659
W02000090,2023,Wrexham 013,65_plus,2,634
W02000090,2025,Wrexham 013,16_24,1,319
W02000090,2025,Wrexham 013,25_34,1,266
W02000090,2025,Wrexham 013,35_49,1,446
W02000090,2025,Wrexham 013,50_64,1,610
W02000090,2025,Wrexham 013,65_plus,1,607
W02000090,2025,Wrexham 013,16_24,2,301
W02000090,2025,Wrexham 013,25_34,2,311
W02000090,2025,Wrexham 013,35_49,2,520
W02000090,2025,Wrexham 013,50_64,2,668
W02000090,2025,Wrexham 013,65_plus,2,646
W02000091,2021,Wrexham 014,16_24,1,343
W02000091,2021,Wrexham 014,25_34,1,369
W02000091,2021,Wrexham 014,35_49,1,584
W02000091,2021,Wrexham 014,50_64,1,658
W02000091,2021,Wrexham 014,65_plus,1,604
W02000091,2021,Wrexham 014,16_24,2,274
W02000091,2021,Wrexham 014,25_34,2,404
W02000091,2021,Wrexham 014,35_49,2,616
W02000091,2021,Wrexham 014,50_64,2,682
W02000091,2021,Wrexham 014,65_plus,2,711
W02000091,2023,Wrexham 014,16_24,1,358
W02000091,2023,Wrexham 014,25_34,1,350
W02000091,2023,Wrexham 014,35_49,1,525
W02000091,2023,Wrexham 014,50_64,1,692
W02000091,2023,Wrexham 014,65_plus,1,616
W02000091,2023,Wrexham 014,16_24,2,324
W02000091,2023,Wrexham 014,25_34,2,391
W02000091,2023,Wrexham 014,35_49,2,578
W02000091,2023,Wrexham 014,50_64,2,732
W02000091,2023,Wrexham 014,65_plus,2,717
W02000091,2025,Wrexham 014,16_24,1,370
W02000091,2025,Wrexham 014,25_34,1,358
W02000091,2025,Wrexham 014,35_49,1,541
W02000091,2025,Wrexham 014,50_64,1,669
W02000091,2025,Wrexham 014,65_plus,1,620
W02000091,2025,Wrexham 014,16_24,2,301
W02000091,2025,Wrexham 014,25_34,2,411
W02000091,2025,Wrexham 014,35_49,2,571
W02000091,2025,Wrexham 014,50_64,2,696
W02000091,2025,Wrexham 014,65_plus,2,773
W02000092,2021,Wrexham 015,16_24,1,351
W02000092,2021,Wrexham 015,25_34,1,396
W02000092,2021,Wrexham 015,35_49,1,654
W02000092,2021,Wrexham 015,50_64,1,640
W02000092,2021,Wrexham 015,65_plus,1,537
W02000092,2021,Wrexham 015,16_24,2,441
W02000092,2021,Wrexham 015,25_34,2,440
W02000092,2021,Wrexham 015,35_49,2,671
W02000092,2021,Wrexham 015,50_64,2,666
W02000092,2021,Wrexham 015,65_plus,2,706
W02000092,2023,Wrexham 015,16_24,1,358
W02000092,2023,Wrexham 015,25_34,1,387
W02000092,2023,Wrexham 015,35_49,1,616
W02000092,2023,Wrexham 015,50_64,1,667
W02000092,2023,Wrexham 015,65_plus,1,547
W02000092,2023,Wrexham 015,16_24,2,430
W02000092,2023,Wrexham 015,25_34,2,440
W02000092,2023,Wrexham 015,35_49,2,649
W02000092,2023,Wrexham 015,50_64,2,686
W02000092,2023,Wrexham 015,65_plus,2,721
W02000092,2025,Wrexham 015,16_24,1,391
W02000092,2025,Wrexham 015,25_34,1,383
W02000092,2025,Wrexham 015,35_49,1,639
W02000092,2025,Wrexham 015,50_64,1,685
W02000092,2025,Wrexham 015,65_plus,1,560
W02000092,2025,Wrexham 015,16_24,2,412
W02000092,2025,Wrexham 015,25_34,2,453
W02000092,2025,Wrexham 015,35_49,2,670
W02000092,2025,Wrexham 015,50_64,2,703
W02000092,2025,Wrexham 015,65_plus,2,717
W02000093,2021,Wrexham 016,16_24,1,357
W02000093,2021,Wrexham 016,25_34,1,362
W02000093,2021,Wrexham 016,35_49,1,597
W02000093,2021,Wrexham 016,50_64,1,736
W02000093,2021,Wrexham 016,65_plus,1,651
W02000093,2021,Wrexham 016,16_24,2,306
W02000093,2021,Wrexham 016,25_34,2,368
W02000093,2021,Wrexham 016,35_49,2,651
W02000093,2021,Wrexham 016,50_64,2,721
W02000093,2021,Wrexham 016,65_plus,2,707
W02000093,2023,Wrexham 016,16_24,1,353
W02000093,2023,Wrexham 016,25_34,1,338
W02000093,2023,Wrexham 016,35_49,1,561
W02000093,2023,Wrexham 016,50_64,1,753
W02000093,2023,Wrexham 016,65_plus,1,683
W02000093,2023,Wrexham 016,16_24,2,305
W02000093,2023,Wrexham 016,25_34,2,375
W02000093,2023,Wrexham 016,35_49,2,630
W02000093,2023,Wrexham 016,50_64,2,767
W02000093,2023,Wrexham 016,65_plus,2,705
W02000093,2025,Wrexham 016,16_24,1,376
W02000093,2025,Wrexham 016,25_34,1,366
W02000093,2025,Wrexham 016,35_49,1,575
W02000093,2025,Wrexham 016,50_64,1,754
W02000093,2025,Wrexham 016,65_plus,1,724
W02000093,2025,Wrexham 016,16_24,2,303
W02000093,2025,Wrexham 016,25_34,2,398
W02000093,2025,Wrexham 016,35_49,2,625
W02000093,2025,Wrexham 016,50_64,2,761
W02000093,2025,Wrexham 016,65_plus,2,719
W02000094,2021,Wrexham 017,16_24,1,542
W02000094,2021,Wrexham 017,25_34,1,517
W02000094,2021,Wrexham 017,35_49,1,786
W02000094,2021,Wrexham 017,50_64,1,928
W02000094,2021,Wrexham 017,65_plus,1,775
W02000094,2021,Wrexham 017,16_24,2,480
W02000094,2021,Wrexham 017,25_34,2,544
W02000094,2021,Wrexham 017,35_49,2,818
W02000094,2021,Wrexham 017,50_64,2,885
W02000094,2021,Wrexham 017,65_plus,2,967
W02000094,2023,Wrexham 017,16_24,1,528
W02000094,2023,Wrexham 017,25_34,1,536
W02000094,2023,Wrexham 017,35_49,1,753
W02000094,2023,Wrexham 017,50_64,1,974
W02000094,2023,Wrexham 017,65_plus,1,785
W02000094,2023,Wrexham 017,16_24,2,509
W02000094,2023,Wrexham 017,25_34,2,537
W02000094,2023,Wrexham 017,35_49,2,780
W02000094,2023,Wrexham 017,50_64,2,930
W02000094,2023,Wrexham 017,65_plus,2,963
W02000094,2025,Wrexham 017,16_24,1,560
W02000094,2025,Wrexham 017,25_34,1,547
W02000094,2025,Wrexham 017,35_49,1,791
W02000094,2025,Wrexham 017,50_64,1,988
W02000094,2025,Wrexham 017,65_plus,1,794
W02000094,2025,Wrexham 017,16_24,2,527
W02000094,2025,Wrexham 017,25_34,2,537
W02000094,2025,Wrexham 017,35_49,2,804
W02000094,2025,Wrexham 017,50_64,2,953
W02000094,2025,Wrexham 017,65_plus,2,993
W02000095,2021,Wrexham 018,16_24,1,281
W02000095,2021,Wrexham 018,25_34,1,278
W02000095,2021,Wrexham 018,35_49,1,524
W02000095,2021,Wrexham 018,50_64,1,789
W02000095,2021,Wrexham 018,65_plus,1,874
W02000095,2021,Wrexham 018,16_24,2,290
W02000095,2021,Wrexham 018,25_34,2,295
W02000095,2021,Wrexham 018,35_49,2,556
W02000095,2021,Wrexham 018,50_64,2,801
W02000095,2021,Wrexham 018,65_plus,2,877
W02000095,2023,Wrexham 018,16_24,1,278
W02000095,2023,Wrexham 018,25_34,1,248
W02000095,2023,Wrexham 018,35_49,1,511
W02000095,2023,Wrexham 018,50_64,1,770
W02000095,2023,Wrexham 018,65_plus,1,882
W02000095,2023,Wrexham 018,16_24,2,275
W02000095,2023,Wrexham 018,25_34,2,285
W02000095,2023,Wrexham 018,35_49,2,530
W02000095,2023,Wrexham 018,50_64,2,829
W02000095,2023,Wrexham 018,65_plus,2,913
W02000095,2025,Wrexham 018,16_24,1,287
W02000095,2025,Wrexham 018,25_34,1,251
W02000095,2025,Wrexham 018,35_49,1,500
W02000095,2025,Wrexham 018,50_64,1,781
W02000095,2025,Wrexham 018,65_plus,1,914
W02000095,2025,Wrexham 018,16_24,2,263
W02000095,2025,Wrexham 018,25_34,2,260
W02000095,2025,Wrexham 018,35_49,2,531
W02000095,2025,Wrexham 018,50_64,2,790
W02000095,2025,Wrexham 018,65_plus,2,975
W02000096,2021,Wrexham 019,16_24,1,275
W02000096,2021,Wrexham 019,25_34,1,328
W02000096,2021,Wrexham 019,35_49,1,490
W02000096,2021,Wrexham 019,50_64,1,736
W02000096,2021,Wrexham 019,65_plus,1,773
W02000096,2021,Wrexham 019,16_24,2,327
W02000096,2021,Wrexham 019,25_34,2,331
W02000096,2021,Wrexham 019,35_49,2,589
W02000096,2021,Wrexham 019,50_64,2,755
W02000096,2021,Wrexham 019,65_plus,2,855
W02000096,2023,Wrexham 019,16_24,1,277
W02000096,2023,Wrexham 019,25_34,1,326
W02000096,2023,Wrexham 019,35_49,1,451
W02000096,2023,Wrexham 019,50_64,1,741
W02000096,2023,Wrexham 019,65_plus,1,800
W02000096,2023,Wrexham 019,16_24,2,315
W02000096,2023,Wrexham 019,25_34,2,313
W02000096,2023,Wrexham 019,35_49,2,588
W02000096,2023,Wrexham 019,50_64,2,774
W02000096,2023,Wrexham 019,65_plus,2,888
W02000096,2025,Wrexham 019,16_24,1,290
W02000096,2025,Wrexham 019,25_34,1,347
W02000096,2025,Wrexham 019,35_49,1,462
W02000096,2025,Wrexham 019,50_64,1,725
W02000096,2025,Wrexham 019,65_plus,1,829
W02000096,2025,Wrexham 019,16_24,2,330
W02000096,2025,Wrexham 019,25_34,2,326
W02000096,2025,Wrexham 019,35_49,2,594
W02000096,2025,Wrexham 019,50_64,2,767
W02000096,2025,Wrexham 019,65_plus,2,919
W02000097,2021,Powys 001,16_24,1,446
W02000097,2021,Powys 001,25_34,1,419
W02000097,2021,Powys 001,35_49,1,671
W02000097,2021,Powys 001,50_64,1,1103
W02000097,2021,Powys 001,65_plus,1,1330
W02000097,2021,Powys 001,16_24,2,367
W02000097,2021,Powys 001,25_34,2,408
W02000097,2021,Powys 001,35_49,2,739
W02000097,2021,Powys 001,50_64,2,1103
W02000097,2021,Powys 001,65_plus,2,1316
W02000097,2023,Powys 001,16_24,1,461
W02000097,2023,Powys 001,25_34,1,404
W02000097,2023,Powys 001,35_49,1,658
W02000097,2023,Powys 001,50_64,1,1142
W02000097,2023,Powys 001,65_plus,1,1391
W02000097,2023,Powys 001,16_24,2,371
W02000097,2023,Powys 001,25_34,2,436
W02000097,2023,Powys 001,35_49,2,737
W02000097,2023,Powys 001,50_64,2,1193
W02000097,2023,Powys 001,65_plus,2,1358
W02000097,2025,Powys 001,16_24,1,451
W02000097,2025,Powys 001,25_34,1,405
W02000097,2025,Powys 001,35_49,1,716
W02000097,2025,Powys 001,50_64,1,1108
W02000097,2025,Powys 001,65_plus,1,1432
W02000097,2025,Powys 001,16_24,2,384
W02000097,2025,Powys 001,25_34,2,431
W02000097,2025,Powys 001,35_49,2,735
W02000097,2025,Powys 001,50_64,2,1203
W02000097,2025,Powys 001,65_plus,2,1393
W02000098,2021,Powys 002,16_24,1,313
W02000098,2021,Powys 002,25_34,1,311
W02000098,2021,Powys 002,35_49,1,462
W02000098,2021,Powys 002,50_64,1,716
W02000098,2021,Powys 002,65_plus,1,831
W02000098,2021,Powys 002,16_24,2,282
W02000098,2021,Powys 002,25_34,2,262
W02000098,2021,Powys 002,35_49,2,522
W02000098,2021,Powys 002,50_64,2,747
W02000098,2021,Powys 002,65_plus,2,895
W02000098,2023,Powys 002,16_24,1,293
W02000098,2023,Powys 002,25_34,1,306
W02000098,2023,Powys 002,35_49,1,481
W02000098,2023,Powys 002,50_64,1,729
W02000098,2023,Powys 002,65_plus,1,849
W02000098,2023,Powys 002,16_24,2,289
W02000098,2023,Powys 002,25_34,2,292
W02000098,2023,Powys 002,35_49,2,507
W02000098,2023,Powys 002,50_64,2,771
W02000098,2023,Powys 002,65_plus,2,938
W02000098,2025,Powys 002,16_24,1,306
W02000098,2025,Powys 002,25_34,1,336
W02000098,2025,Powys 002,35_49,1,481
W02000098,2025,Powys 002,50_64,1,757
W02000098,2025,Powys 002,65_plus,1,878
W02000098,2025,Powys 002,16_24,2,272
W02000098,2025,Powys 002,25_34,2,326
W02000098,2025,Powys 002,35_49,2,527
W02000098,2025,Powys 002,50_64,2,758
W02000098,2025,Powys 002,65_plus,2,958
W02000099,2021,Powys 003,16_24,1,392
W02000099,2021,Powys 003,25_34,1,404
W02000099,2021,Powys 003,35_49,1,531
W02000099,2021,Powys 003,50_64,1,646
W02000099,2021,Powys 003,65_plus,1,686
W02000099,2021,Powys 003,16_24,2,362
W02000099,2021,Powys 003,25_34,2,422
W02000099,2021,Powys 003,35_49,2,533
W02000099,2021,Powys 003,50_64,2,731
W02000099,2021,Powys 003,65_plus,2,877
W02000099,2023,Powys 003,16_24,1,387
W02000099,2023,Powys 003,25_34,1,428
W02000099,2023,Powys 003,35_49,1,517
W02000099,2023,Powys 003,50_64,1,687
W02000099,2023,Powys 003,65_plus,1,722
W02000099,2023,Powys 003,16_24,2,323
W02000099,2023,Powys 003,25_34,2,440
W02000099,2023,Powys 003,35_49,2,521
W02000099,2023,Powys 003,50_64,2,769
W02000099,2023,Powys 003,65_plus,2,902
W02000099,2025,Powys 003,16_24,1,369
W02000099,2025,Powys 003,25_34,1,418
W02000099,2025,Powys 003,35_49,1,563
W02000099,2025,Powys 003,50_64,1,683
W02000099,2025,Powys 003,65_plus,1,730
W02000099,2025,Powys 003,16_24,2,330
W02000099,2025,Powys 003,25_34,2,421
W02000099,2025,Powys 003,35_49,2,553
W02000099,2025,Powys 003,50_64,2,739
W02000099,2025,Powys 003,65_plus,2,939
W02000100,2021,Powys 004,16_24,1,272
W02000100,2021,Powys 004,25_34,1,270
W02000100,2021,Powys 004,35_49,1,468
W02000100,2021,Powys 004,50_64,1,791
W02000100,2021,Powys 004,65_plus,1,838
W02000100,2021,Powys 004,16_24,2,245
W02000100,2021,Powys 004,25_34,2,296
W02000100,2021,Powys 004,35_49,2,509
W02000100,2021,Powys 004,50_64,2,754
W02000100,2021,Powys 004,65_plus,2,874
W02000100,2023,Powys 004,16_24,1,281
W02000100,2023,Powys 004,25_34,1,273
W02000100,2023,Powys 004,35_49,1,442
W02000100,2023,Powys 004,50_64,1,780
W02000100,2023,Powys 004,65_plus,1,878
W02000100,2023,Powys 004,16_24,2,245
W02000100,2023,Powys 004,25_34,2,313
W02000100,2023,Powys 004,35_49,2,500
W02000100,2023,Powys 004,50_64,2,782
W02000100,2023,Powys 004,65_plus,2,868
W02000100,2025,Powys 004,16_24,1,282
W02000100,2025,Powys 004,25_34,1,278
W02000100,2025,Powys 004,35_49,1,444
W02000100,2025,Powys 004,50_64,1,747
W02000100,2025,Powys 004,65_plus,1,898
W02000100,2025,Powys 004,16_24,2,240
W02000100,2025,Powys 004,25_34,2,308
W02000100,2025,Powys 004,35_49,2,489
W02000100,2025,Powys 004,50_64,2,794
W02000100,2025,Powys 004,65_plus,2,896
W02000101,2021,Powys 005,16_24,1,288
W02000101,2021,Powys 005,25_34,1,248
W02000101,2021,Powys 005,35_49,1,421
W02000101,2021,Powys 005,50_64,1,626
W02000101,2021,Powys 005,65_plus,1,765
W02000101,2021,Powys 005,16_24,2,245
W02000101,2021,Powys 005,25_34,2,272
W02000101,2021,Powys 005,35_49,2,440
W02000101,2021,Powys 005,50_64,2,641
W02000101,2021,Powys 005,65_plus,2,781
W02000101,2023,Powys 005,16_24,1,242
W02000101,2023,Powys 005,25_34,1,265
W02000101,2023,Powys 005,35_49,1,411
W02000101,2023,Powys 005,50_64,1,647
W02000101,2023,Powys 005,65_plus,1,786
W02000101,2023,Powys 005,16_24,2,260
W02000101,2023,Powys 005,25_34,2,284
W02000101,2023,Powys 005,35_49,2,425
W02000101,2023,Powys 005,50_64,2,677
W02000101,2023,Powys 005,65_plus,2,808
W02000101,2025,Powys 005,16_24,1,251
W02000101,2025,Powys 005,25_34,1,287
W02000101,2025,Powys 005,35_49,1,428
W02000101,2025,Powys 005,50_64,1,657
W02000101,2025,Powys 005,65_plus,1,804
W02000101,2025,Powys 005,16_24,2,245
W02000101,2025,Powys 005,25_34,2,308
W02000101,2025,Powys 005,35_49,2,427
W02000101,2025,Powys 005,50_64,2,690
W02000101,2025,Powys 005,65_plus,2,832
W02000102,2021,Powys 006,16_24,1,318
W02000102,2021,Powys 006,25_34,1,292
W02000102,2021,Powys 006,35_49,1,477
W02000102,2021,Powys 006,50_64,1,719
W02000102,2021,Powys 006,65_plus,1,795
W02000102,2021,Powys 006,16_24,2,243
W02000102,2021,Powys 006,25_34,2,262
W02000102,2021,Powys 006,35_49,2,485
W02000102,2021,Powys 006,50_64,2,785
W02000102,2021,Powys 006,65_plus,2,841
W02000102,2023,Powys 006,16_24,1,346
W02000102,2023,Powys 006,25_34,1,283
W02000102,2023,Powys 006,35_49,1,449
W02000102,2023,Powys 006,50_64,1,743
W02000102,2023,Powys 006,65_plus,1,823
W02000102,2023,Powys 006,16_24,2,267
W02000102,2023,Powys 006,25_34,2,266
W02000102,2023,Powys 006,35_49,2,458
W02000102,2023,Powys 006,50_64,2,821
W02000102,2023,Powys 006,65_plus,2,859
W02000102,2025,Powys 006,16_24,1,334
W02000102,2025,Powys 006,25_34,1,296
W02000102,2025,Powys 006,35_49,1,451
W02000102,2025,Powys 006,50_64,1,742
W02000102,2025,Powys 006,65_plus,1,849
W02000102,2025,Powys 006,16_24,2,267
W02000102,2025,Powys 006,25_34,2,285
W02000102,2025,Powys 006,35_49,2,444
W02000102,2025,Powys 006,50_64,2,810
W02000102,2025,Powys 006,65_plus,2,889
W02000103,2021,Powys 007,16_24,1,274
W02000103,2021,Powys 007,25_34,1,267
W02000103,2021,Powys 007,35_49,1,412
W02000103,2021,Powys 007,50_64,1,704
W02000103,2021,Powys 007,65_plus,1,772
W02000103,2021,Powys 007,16_24,2,246
W02000103,2021,Powys 007,25_34,2,245
W02000103,2021,Powys 007,35_49,2,428
W02000103,2021,Powys 007,50_64,2,693
W02000103,2021,Powys 007,65_plus,2,859
W02000103,2023,Powys 007,16_24,1,268
W02000103,2023,Powys 007,25_34,1,273
W02000103,2023,Powys 007,35_49,1,426
W02000103,2023,Powys 007,50_64,1,736
W02000103,2023,Powys 007,65_plus,1,808
W02000103,2023,Powys 007,16_24,2,257
W02000103,2023,Powys 007,25_34,2,284
W02000103,2023,Powys 007,35_49,2,405
W02000103,2023,Powys 007,50_64,2,734
W02000103,2023,Powys 007,65_plus,2,908
W02000103,2025,Powys 007,16_24,1,279
W02000103,2025,Powys 007,25_34,1,289
W02000103,2025,Powys 007,35_49,1,442
W02000103,2025,Powys 007,50_64,1,721
W02000103,2025,Powys 007,65_plus,1,834
W02000103,2025,Powys 007,16_24,2,252
W02000103,2025,Powys 007,25_34,2,290
W02000103,2025,Powys 007,35_49,2,429
W02000103,2025,Powys 007,50_64,2,758
W02000103,2025,Powys 007,65_plus,2,925
W02000104,2021,Powys 008,16_24,1,322
W02000104,2021,Powys 008,25_34,1,405
W02000104,2021,Powys 008,35_49,1,515
W02000104,2021,Powys 008,50_64,1,653
W02000104,2021,Powys 008,65_plus,1,684
W02000104,2021,Powys 008,16_24,2,291
W02000104,2021,Powys 008,25_34,2,327
W02000104,2021,Powys 008,35_49,2,524
W02000104,2021,Powys 008,50_64,2,620
W02000104,2021,Powys 008,65_plus,2,845
W02000104,2023,Powys 008,16_24,1,339
W02000104,2023,Powys 008,25_34,1,407
W02000104,2023,Powys 008,35_49,1,512
W02000104,2023,Powys 008,50_64,1,677
W02000104,2023,Powys 008,65_plus,1,720
W02000104,2023,Powys 008,16_24,2,292
W02000104,2023,Powys 008,25_34,2,317
W02000104,2023,Powys 008,35_49,2,539
W02000104,2023,Powys 008,50_64,2,613
W02000104,2023,Powys 008,65_plus,2,855
W02000104,2025,Powys 008,16_24,1,360
W02000104,2025,Powys 008,25_34,1,398
W02000104,2025,Powys 008,35_49,1,534
W02000104,2025,Powys 008,50_64,1,676
W02000104,2025,Powys 008,65_plus,1,753
W02000104,2025,Powys 008,16_24,2,311
W02000104,2025,Powys 008,25_34,2,309
W02000104,2025,Powys 008,35_49,2,546
W02000104,2025,Powys 008,50_64,2,610
W02000104,2025,Powys 008,65_plus,2,890
W02000105,2021,Powys 009,16_24,1,367
W02000105,2021,Powys 009,25_34,1,362
W02000105,2021,Powys 009,35_49,1,468
W02000105,2021,Powys 009,50_64,1,441
W02000105,2021,Powys 009,65_plus,1,312
W02000105,2021,Powys 009,16_24,2,347
W02000105,2021,Powys 009,25_34,2,387
W02000105,2021,Powys 009,35_49,2,479
W02000105,2021,Powys 009,50_64,2,479
W02000105,2021,Powys 009,65_plus,2,437
W02000105,2023,Powys 009,16_24,1,354
W02000105,2023,Powys 009,25_34,1,378
W02000105,2023,Powys 009,35_49,1,464
W02000105,2023,Powys 009,50_64,1,420
W02000105,2023,Powys 009,65_plus,1,345
W02000105,2023,Powys 009,16_24,2,307
W02000105,2023,Powys 009,25_34,2,398
W02000105,2023,Powys 009,35_49,2,447
W02000105,2023,Powys 009,50_64,2,495
W02000105,2023,Powys 009,65_plus,2,449
W02000105,2025,Powys 009,16_24,1,370
W02000105,2025,Powys 009,25_34,1,387
W02000105,2025,Powys 009,35_49,1,492
W02000105,2025,Powys 009,50_64,1,406
W02000105,2025,Powys 009,65_plus,1,365
W02000105,2025,Powys 009,16_24,2,310
W02000105,2025,Powys 009,25_34,2,406
W02000105,2025,Powys 009,35_49,2,469
W02000105,2025,Powys 009,50_64,2,511
W02000105,2025,Powys 009,65_plus,2,472
W02000106,2021,Powys 010,16_24,1,278
W02000106,2021,Powys 010,25_34,1,305
W02000106,2021,Powys 010,35_49,1,476
W02000106,2021,Powys 010,50_64,1,776
W02000106,2021,Powys 010,65_plus,1,915
W02000106,2021,Powys 010,16_24,2,234
W02000106,2021,Powys 010,25_34,2,308
W02000106,2021,Powys 010,35_49,2,480
W02000106,2021,Powys 010,50_64,2,804
W02000106,2021,Powys 010,65_plus,2,938
W02000106,2023,Powys 010,16_24,1,254
W02000106,2023,Powys 010,25_34,1,313
W02000106,2023,Powys 010,35_49,1,456
W02000106,2023,Powys 010,50_64,1,783
W02000106,2023,Powys 010,65_plus,1,937
W02000106,2023,Powys 010,16_24,2,247
W02000106,2023,Powys 010,25_34,2,317
W02000106,2023,Powys 010,35_49,2,464
W02000106,2023,Powys 010,50_64,2,842
W02000106,2023,Powys 010,65_plus,2,998
W02000106,2025,Powys 010,16_24,1,248
W02000106,2025,Powys 010,25_34,1,309
W02000106,2025,Powys 010,35_49,1,446
W02000106,2025,Powys 010,50_64,1,787
W02000106,2025,Powys 010,65_plus,1,974
W02000106,2025,Powys 010,16_24,2,265
W02000106,2025,Powys 010,25_34,2,329
W02000106,2025,Powys 010,35_49,2,468
W02000106,2025,Powys 010,50_64,2,830
W02000106,2025,Powys 010,65_plus,2,1033
W02000107,2021,Powys 011,16_24,1,515
W02000107,2021,Powys 011,25_34,1,401
W02000107,2021,Powys 011,35_49,1,631
W02000107,2021,Powys 011,50_64,1,1131
W02000107,2021,Powys 011,65_plus,1,1519
W02000107,2021,Powys 011,16_24,2,349
W02000107,2021,Powys 011,25_34,2,431
W02000107,2021,Powys 011,35_49,2,690
W02000107,2021,Powys 011,50_64,2,1180
W02000107,2021,Powys 011,65_plus,2,1650
W02000107,2023,Powys 011,16_24,1,496
W02000107,2023,Powys 011,25_34,1,407
W02000107,2023,Powys 011,35_49,1,625
W02000107,2023,Powys 011,50_64,1,1128
W02000107,2023,Powys 011,65_plus,1,1572
W02000107,2023,Powys 011,16_24,2,360
W02000107,2023,Powys 011,25_34,2,443
W02000107,2023,Powys 011,35_49,2,675
W02000107,2023,Powys 011,50_64,2,1220
W02000107,2023,Powys 011,65_plus,2,1695
W02000107,2025,Powys 011,16_24,1,472
W02000107,2025,Powys 011,25_34,1,403
W02000107,2025,Powys 011,35_49,1,645
W02000107,2025,Powys 011,50_64,1,1111
W02000107,2025,Powys 011,65_plus,1,1650
W02000107,2025,Powys 011,16_24,2,350
W02000107,2025,Powys 011,25_34,2,424
W02000107,2025,Powys 011,35_49,2,689
W02000107,2025,Powys 011,50_64,2,1202
W02000107,2025,Powys 011,65_plus,2,1740
W02000108,2021,Powys 012,16_24,1,309
W02000108,2021,Powys 012,25_34,1,265
W02000108,2021,Powys 012,35_49,1,495
W02000108,2021,Powys 012,50_64,1,782
W02000108,2021,Powys 012,65_plus,1,1125
W02000108,2021,Powys 012,16_24,2,283
W02000108,2021,Powys 012,25_34,2,325
W02000108,2021,Powys 012,35_49,2,502
W02000108,2021,Powys 012,50_64,2,853
W02000108,2021,Powys 012,65_plus,2,1157
W02000108,2023,Powys 012,16_24,1,321
W02000108,2023,Powys 012,25_34,1,283
W02000108,2023,Powys 012,35_49,1,503
W02000108,2023,Powys 012,50_64,1,771
W02000108,2023,Powys 012,65_plus,1,1158
W02000108,2023,Powys 012,16_24,2,262
W02000108,2023,Powys 012,25_34,2,369
W02000108,2023,Powys 012,35_49,2,503
W02000108,2023,Powys 012,50_64,2,865
W02000108,2023,Powys 012,65_plus,2,1215
W02000108,2025,Powys 012,16_24,1,301
W02000108,2025,Powys 012,25_34,1,321
W02000108,2025,Powys 012,35_49,1,481
W02000108,2025,Powys 012,50_64,1,745
W02000108,2025,Powys 012,65_plus,1,1185
W02000108,2025,Powys 012,16_24,2,238
W02000108,2025,Powys 012,25_34,2,386
W02000108,2025,Powys 012,35_49,2,525
W02000108,2025,Powys 012,50_64,2,860
W02000108,2025,Powys 012,65_plus,2,1251
W02000109,2021,Powys 013,16_24,1,289
W02000109,2021,Powys 013,25_34,1,291
W02000109,2021,Powys 013,35_49,1,490
W02000109,2021,Powys 013,50_64,1,577
W02000109,2021,Powys 013,65_plus,1,728
W02000109,2021,Powys 013,16_24,2,227
W02000109,2021,Powys 013,25_34,2,270
W02000109,2021,Powys 013,35_49,2,429
W02000109,2021,Powys 013,50_64,2,612
W02000109,2021,Powys 013,65_plus,2,873
W02000109,2023,Powys 013,16_24,1,292
W02000109,2023,Powys 013,25_34,1,307
W02000109,2023,Powys 013,35_49,1,485
W02000109,2023,Powys 013,50_64,1,608
W02000109,2023,Powys 013,65_plus,1,761
W02000109,2023,Powys 013,16_24,2,219
W02000109,2023,Powys 013,25_34,2,277
W02000109,2023,Powys 013,35_49,2,454
W02000109,2023,Powys 013,50_64,2,627
W02000109,2023,Powys 013,65_plus,2,882
W02000109,2025,Powys 013,16_24,1,321
W02000109,2025,Powys 013,25_34,1,292
W02000109,2025,Powys 013,35_49,1,521
W02000109,2025,Powys 013,50_64,1,609
W02000109,2025,Powys 013,65_plus,1,790
W02000109,2025,Powys 013,16_24,2,233
W02000109,2025,Powys 013,25_34,2,257
W02000109,2025,Powys 013,35_49,2,481
W02000109,2025,Powys 013,50_64,2,625
W02000109,2025,Powys 013,65_plus,2,894
W02000110,2021,Powys 014,16_24,1,309
W02000110,2021,Powys 014,25_34,1,314
W02000110,2021,Powys 014,35_49,1,508
W02000110,2021,Powys 014,50_64,1,736
W02000110,2021,Powys 014,65_plus,1,901
W02000110,2021,Powys 014,16_24,2,257
W02000110,2021,Powys 014,25_34,2,280
W02000110,2021,Powys 014,35_49,2,553
W02000110,2021,Powys 014,50_64,2,800
W02000110,2021,Powys 014,65_plus,2,1008
W02000110,2023,Powys 014,16_24,1,290
W02000110,2023,Powys 014,25_34,1,313
W02000110,2023,Powys 014,35_49,1,473
W02000110,2023,Powys 014,50_64,1,784
W02000110,2023,Powys 014,65_plus,1,937
W02000110,2023,Powys 014,16_24,2,279
W02000110,2023,Powys 014,25_34,2,270
W02000110,2023,Powys 014,35_49,2,548
W02000110,2023,Powys 014,50_64,2,819
W02000110,2023,Powys 014,65_plus,2,1042
W02000110,2025,Powys 014,16_24,1,288
W02000110,2025,Powys 014,25_34,1,300
W02000110,2025,Powys 014,35_49,1,482
W02000110,2025,Powys 014,50_64,1,798
W02000110,2025,Powys 014,65_plus,1,974
W02000110,2025,Powys 014,16_24,2,264
W02000110,2025,Powys 014,25_34,2,289
W02000110,2025,Powys 014,35_49,2,554
W02000110,2025,Powys 014,50_64,2,840
W02000110,2025,Powys 014,65_plus,2,1082
W02000111,2021,Powys 015,16_24,1,383
W02000111,2021,Powys 015,25_34,1,378
W02000111,2021,Powys 015,35_49,1,639
W02000111,2021,Powys 015,50_64,1,970
W02000111,2021,Powys 015,65_plus,1,1155
W02000111,2021,Powys 015,16_24,2,335
W02000111,2021,Powys 015,25_34,2,407
W02000111,2021,Powys 015,35_49,2,661
W02000111,2021,Powys 015,50_64,2,1069
W02000111,2021,Powys 015,65_plus,2,1344
W02000111,2023,Powys 015,16_24,1,371
W02000111,2023,Powys 015,25_34,1,395
W02000111,2023,Powys 015,35_49,1,621
W02000111,2023,Powys 015,50_64,1,985
W02000111,2023,Powys 015,65_plus,1,1181
W02000111,2023,Powys 015,16_24,2,344
W02000111,2023,Powys 015,25_34,2,404
W02000111,2023,Powys 015,35_49,2,661
W02000111,2023,Powys 015,50_64,2,1105
W02000111,2023,Powys 015,65_plus,2,1378
W02000111,2025,Powys 015,16_24,1,365
W02000111,2025,Powys 015,25_34,1,390
W02000111,2025,Powys 015,35_49,1,637
W02000111,2025,Powys 015,50_64,1,964
W02000111,2025,Powys 015,65_plus,1,1224
W02000111,2025,Powys 015,16_24,2,313
W02000111,2025,Powys 015,25_34,2,389
W02000111,2025,Powys 015,35_49,2,690
W02000111,2025,Powys 015,50_64,2,1072
W02000111,2025,Powys 015,65_plus,2,1416
W02000113,2021,Powys 017,16_24,1,450
W02000113,2021,Powys 017,25_34,1,698
W02000113,2021,Powys 017,35_49,1,655
W02000113,2021,Powys 017,50_64,1,711
W02000113,2021,Powys 017,65_plus,1,878
W02000113,2021,Powys 017,16_24,2,396
W02000113,2021,Powys 017,25_34,2,520
W02000113,2021,Powys 017,35_49,2,705
W02000113,2021,Powys 017,50_64,2,826
W02000113,2021,Powys 017,65_plus,2,1135
W02000113,2023,Powys 017,16_24,1,445
W02000113,2023,Powys 017,25_34,1,730
W02000113,2023,Powys 017,35_49,1,678
W02000113,2023,Powys 017,50_64,1,749
W02000113,2023,Powys 017,65_plus,1,906
W02000113,2023,Powys 017,16_24,2,361
W02000113,2023,Powys 017,25_34,2,518
W02000113,2023,Powys 017,35_49,2,692
W02000113,2023,Powys 017,50_64,2,869
W02000113,2023,Powys 017,65_plus,2,1138
W02000113,2025,Powys 017,16_24,1,402
W02000113,2025,Powys 017,25_34,1,765
W02000113,2025,Powys 017,35_49,1,669
W02000113,2025,Powys 017,50_64,1,766
W02000113,2025,Powys 017,65_plus,1,947
W02000113,2025,Powys 017,16_24,2,332
W02000113,2025,Powys 017,25_34,2,492
W02000113,2025,Powys 017,35_49,2,731
W02000113,2025,Powys 017,50_64,2,859
W02000113,2025,Powys 017,65_plus,2,1194
W02000114,2021,Powys 018,16_24,1,298
W02000114,2021,Powys 018,25_34,1,245
W02000114,2021,Powys 018,35_49,1,461
W02000114,2021,Powys 018,50_64,1,804
W02000114,2021,Powys 018,65_plus,1,1089
W02000114,2021,Powys 018,16_24,2,260
W02000114,2021,Powys 018,25_34,2,229
W02000114,2021,Powys 018,35_49,2,503
W02000114,2021,Powys 018,50_64,2,869
W02000114,2021,Powys 018,65_plus,2,1199
W02000114,2023,Powys 018,16_24,1,288
W02000114,2023,Powys 018,25_34,1,238
W02000114,2023,Powys 018,35_49,1,459
W02000114,2023,Powys 018,50_64,1,826
W02000114,2023,Powys 018,65_plus,1,1123
W02000114,2023,Powys 018,16_24,2,258
W02000114,2023,Powys 018,25_34,2,236
W02000114,2023,Powys 018,35_49,2,510
W02000114,2023,Powys 018,50_64,2,887
W02000114,2023,Powys 018,65_plus,2,1213
W02000114,2025,Powys 018,16_24,1,290
W02000114,2025,Powys 018,25_34,1,230
W02000114,2025,Powys 018,35_49,1,452
W02000114,2025,Powys 018,50_64,1,789
W02000114,2025,Powys 018,65_plus,1,1145
W02000114,2025,Powys 018,16_24,2,258
W02000114,2025,Powys 018,25_34,2,224
W02000114,2025,Powys 018,35_49,2,517
W02000114,2025,Powys 018,50_64,2,869
W02000114,2025,Powys 018,65_plus,2,1257
W02000116,2021,Ceredigion 001,16_24,1,350
W02000116,2021,Ceredigion 001,25_34,1,378
W02000116,2021,Ceredigion 001,35_49,1,563
W02000116,2021,Ceredigion 001,50_64,1,826
W02000116,2021,Ceredigion 001,65_plus,1,890
W02000116,2021,Ceredigion 001,16_24,2,291
W02000116,2021,Ceredigion 001,25_34,2,397
W02000116,2021,Ceredigion 001,35_49,2,613
W02000116,2021,Ceredigion 001,50_64,2,968
W02000116,2021,Ceredigion 001,65_plus,2,985
W02000116,2023,Ceredigion 001,16_24,1,359
W02000116,2023,Ceredigion 001,25_34,1,355
W02000116,2023,Ceredigion 001,35_49,1,555
W02000116,2023,Ceredigion 001,50_64,1,802
W02000116,2023,Ceredigion 001,65_plus,1,929
W02000116,2023,Ceredigion 001,16_24,2,295
W02000116,2023,Ceredigion 001,25_34,2,403
W02000116,2023,Ceredigion 001,35_49,2,617
W02000116,2023,Ceredigion 001,50_64,2,976
W02000116,2023,Ceredigion 001,65_plus,2,1018
W02000116,2025,Ceredigion 001,16_24,1,319
W02000116,2025,Ceredigion 001,25_34,1,353
W02000116,2025,Ceredigion 001,35_49,1,570
W02000116,2025,Ceredigion 001,50_64,1,798
W02000116,2025,Ceredigion 001,65_plus,1,969
W02000116,2025,Ceredigion 001,16_24,2,293
W02000116,2025,Ceredigion 001,25_34,2,400
W02000116,2025,Ceredigion 001,35_49,2,654
W02000116,2025,Ceredigion 001,50_64,2,958
W02000116,2025,Ceredigion 001,65_plus,2,1033
W02000117,2021,Ceredigion 002,16_24,1,2596
W02000117,2021,Ceredigion 002,25_34,1,654
W02000117,2021,Ceredigion 002,35_49,1,423
W02000117,2021,Ceredigion 002,50_64,1,458
W02000117,2021,Ceredigion 002,65_plus,1,403
W02000117,2021,Ceredigion 002,16_24,2,2437
W02000117,2021,Ceredigion 002,25_34,2,449
W02000117,2021,Ceredigion 002,35_49,2,357
W02000117,2021,Ceredigion 002,50_64,2,423
W02000117,2021,Ceredigion 002,65_plus,2,505
W02000117,2023,Ceredigion 002,16_24,1,2330
W02000117,2023,Ceredigion 002,25_34,1,611
W02000117,2023,Ceredigion 002,35_49,1,433
W02000117,2023,Ceredigion 002,50_64,1,461
W02000117,2023,Ceredigion 002,65_plus,1,403
W02000117,2023,Ceredigion 002,16_24,2,2295
W02000117,2023,Ceredigion 002,25_34,2,494
W02000117,2023,Ceredigion 002,35_49,2,380
W02000117,2023,Ceredigion 002,50_64,2,450
W02000117,2023,Ceredigion 002,65_plus,2,472
W02000117,2025,Ceredigion 002,16_24,1,2556
W02000117,2025,Ceredigion 002,25_34,1,600
W02000117,2025,Ceredigion 002,35_49,1,481
W02000117,2025,Ceredigion 002,50_64,1,487
W02000117,2025,Ceredigion 002,65_plus,1,428
W02000117,2025,Ceredigion 002,16_24,2,2556
W02000117,2025,Ceredigion 002,25_34,2,560
W02000117,2025,Ceredigion 002,35_49,2,399
W02000117,2025,Ceredigion 002,50_64,2,443
W02000117,2025,Ceredigion 002,65_plus,2,506
W02000118,2021,Ceredigion 003,16_24,1,682
W02000118,2021,Ceredigion 003,25_34,1,504
W02000118,2021,Ceredigion 003,35_49,1,478
W02000118,2021,Ceredigion 003,50_64,1,538
W02000118,2021,Ceredigion 003,65_plus,1,546
W02000118,2021,Ceredigion 003,16_24,2,642
W02000118,2021,Ceredigion 003,25_34,2,437
W02000118,2021,Ceredigion 003,35_49,2,555
W02000118,2021,Ceredigion 003,50_64,2,554
W02000118,2021,Ceredigion 003,65_plus,2,596
W02000118,2023,Ceredigion 003,16_24,1,660
W02000118,2023,Ceredigion 003,25_34,1,458
W02000118,2023,Ceredigion 003,35_49,1,502
W02000118,2023,Ceredigion 003,50_64,1,578
W02000118,2023,Ceredigion 003,65_plus,1,583
W02000118,2023,Ceredigion 003,16_24,2,713
W02000118,2023,Ceredigion 003,25_34,2,480
W02000118,2023,Ceredigion 003,35_49,2,569
W02000118,2023,Ceredigion 003,50_64,2,581
W02000118,2023,Ceredigion 003,65_plus,2,662
W02000118,2025,Ceredigion 003,16_24,1,677
W02000118,2025,Ceredigion 003,25_34,1,481
W02000118,2025,Ceredigion 003,35_49,1,518
W02000118,2025,Ceredigion 003,50_64,1,580
W02000118,2025,Ceredigion 003,65_plus,1,588
W02000118,2025,Ceredigion 003,16_24,2,754
W02000118,2025,Ceredigion 003,25_34,2,440
W02000118,2025,Ceredigion 003,35_49,2,607
W02000118,2025,Ceredigion 003,50_64,2,601
W02000118,2025,Ceredigion 003,65_plus,2,697
W02000120,2021,Ceredigion 005,16_24,1,303
W02000120,2021,Ceredigion 005,25_34,1,345
W02000120,2021,Ceredigion 005,35_49,1,484
W02000120,2021,Ceredigion 005,50_64,1,806
W02000120,2021,Ceredigion 005,65_plus,1,1057
W02000120,2021,Ceredigion 005,16_24,2,289
W02000120,2021,Ceredigion 005,25_34,2,307
W02000120,2021,Ceredigion 005,35_49,2,512
W02000120,2021,Ceredigion 005,50_64,2,827
W02000120,2021,Ceredigion 005,65_plus,2,1154
W02000120,2023,Ceredigion 005,16_24,1,328
W02000120,2023,Ceredigion 005,25_34,1,313
W02000120,2023,Ceredigion 005,35_49,1,480
W02000120,2023,Ceredigion 005,50_64,1,811
W02000120,2023,Ceredigion 005,65_plus,1,1085
W02000120,2023,Ceredigion 005,16_24,2,290
W02000120,2023,Ceredigion 005,25_34,2,301
W02000120,2023,Ceredigion 005,35_49,2,496
W02000120,2023,Ceredigion 005,50_64,2,868
W02000120,2023,Ceredigion 005,65_plus,2,1159
W02000120,2025,Ceredigion 005,16_24,1,314
W02000120,2025,Ceredigion 005,25_34,1,294
W02000120,2025,Ceredigion 005,35_49,1,494
W02000120,2025,Ceredigion 005,50_64,1,798
W02000120,2025,Ceredigion 005,65_plus,1,1109
W02000120,2025,Ceredigion 005,16_24,2,305
W02000120,2025,Ceredigion 005,25_34,2,288
W02000120,2025,Ceredigion 005,35_49,2,489
W02000120,2025,Ceredigion 005,50_64,2,887
W02000120,2025,Ceredigion 005,65_plus,2,1171
W02000122,2021,Ceredigion 007,16_24,1,198
W02000122,2021,Ceredigion 007,25_34,1,265
W02000122,2021,Ceredigion 007,35_49,1,449
W02000122,2021,Ceredigion 007,50_64,1,768
W02000122,2021,Ceredigion 007,65_plus,1,974
W02000122,2021,Ceredigion 007,16_24,2,210
W02000122,2021,Ceredigion 007,25_34,2,293
W02000122,2021,Ceredigion 007,35_49,2,437
W02000122,2021,Ceredigion 007,50_64,2,828
W02000122,2021,Ceredigion 007,65_plus,2,1009
W02000122,2023,Ceredigion 007,16_24,1,232
W02000122,2023,Ceredigion 007,25_34,1,254
W02000122,2023,Ceredigion 007,35_49,1,440
W02000122,2023,Ceredigion 007,50_64,1,774
W02000122,2023,Ceredigion 007,65_plus,1,1015
W02000122,2023,Ceredigion 007,16_24,2,209
W02000122,2023,Ceredigion 007,25_34,2,293
W02000122,2023,Ceredigion 007,35_49,2,476
W02000122,2023,Ceredigion 007,50_64,2,866
W02000122,2023,Ceredigion 007,65_plus,2,1061
W02000122,2025,Ceredigion 007,16_24,1,221
W02000122,2025,Ceredigion 007,25_34,1,251
W02000122,2025,Ceredigion 007,35_49,1,443
W02000122,2025,Ceredigion 007,50_64,1,731
W02000122,2025,Ceredigion 007,65_plus,1,1068
W02000122,2025,Ceredigion 007,16_24,2,212
W02000122,2025,Ceredigion 007,25_34,2,272
W02000122,2025,Ceredigion 007,35_49,2,455
W02000122,2025,Ceredigion 007,50_64,2,838
W02000122,2025,Ceredigion 007,65_plus,2,1098
W02000123,2021,Ceredigion 008,16_24,1,477
W02000123,2021,Ceredigion 008,25_34,1,390
W02000123,2021,Ceredigion 008,35_49,1,611
W02000123,2021,Ceredigion 008,50_64,1,830
W02000123,2021,Ceredigion 008,65_plus,1,982
W02000123,2021,Ceredigion 008,16_24,2,430
W02000123,2021,Ceredigion 008,25_34,2,403
W02000123,2021,Ceredigion 008,35_49,2,623
W02000123,2021,Ceredigion 008,50_64,2,893
W02000123,2021,Ceredigion 008,65_plus,2,1109
W02000123,2023,Ceredigion 008,16_24,1,411
W02000123,2023,Ceredigion 008,25_34,1,326
W02000123,2023,Ceredigion 008,35_49,1,576
W02000123,2023,Ceredigion 008,50_64,1,875
W02000123,2023,Ceredigion 008,65_plus,1,1005
W02000123,2023,Ceredigion 008,16_24,2,384
W02000123,2023,Ceredigion 008,25_34,2,391
W02000123,2023,Ceredigion 008,35_49,2,575
W02000123,2023,Ceredigion 008,50_64,2,947
W02000123,2023,Ceredigion 008,65_plus,2,1124
W02000123,2025,Ceredigion 008,16_24,1,412
W02000123,2025,Ceredigion 008,25_34,1,330
W02000123,2025,Ceredigion 008,35_49,1,576
W02000123,2025,Ceredigion 008,50_64,1,894
W02000123,2025,Ceredigion 008,65_plus,1,1004
W02000123,2025,Ceredigion 008,16_24,2,383
W02000123,2025,Ceredigion 008,25_34,2,387
W02000123,2025,Ceredigion 008,35_49,2,578
W02000123,2025,Ceredigion 008,50_64,2,945
W02000123,2025,Ceredigion 008,65_plus,2,1143
W02000124,2021,Ceredigion 009,16_24,1,383
W02000124,2021,Ceredigion 009,25_34,1,394
W02000124,2021,Ceredigion 009,35_49,1,602
W02000124,2021,Ceredigion 009,50_64,1,855
W02000124,2021,Ceredigion 009,65_plus,1,1195
W02000124,2021,Ceredigion 009,16_24,2,377
W02000124,2021,Ceredigion 009,25_34,2,416
W02000124,2021,Ceredigion 009,35_49,2,665
W02000124,2021,Ceredigion 009,50_64,2,954
W02000124,2021,Ceredigion 009,65_plus,2,1424
W02000124,2023,Ceredigion 009,16_24,1,385
W02000124,2023,Ceredigion 009,25_34,1,389
W02000124,2023,Ceredigion 009,35_49,1,637
W02000124,2023,Ceredigion 009,50_64,1,856
W02000124,2023,Ceredigion 009,65_plus,1,1204
W02000124,2023,Ceredigion 009,16_24,2,366
W02000124,2023,Ceredigion 009,25_34,2,450
W02000124,2023,Ceredigion 009,35_49,2,657
W02000124,2023,Ceredigion 009,50_64,2,989
W02000124,2023,Ceredigion 009,65_plus,2,1459
W02000124,2025,Ceredigion 009,16_24,1,376
W02000124,2025,Ceredigion 009,25_34,1,374
W02000124,2025,Ceredigion 009,35_49,1,671
W02000124,2025,Ceredigion 009,50_64,1,866
W02000124,2025,Ceredigion 009,65_plus,1,1225
W02000124,2025,Ceredigion 009,16_24,2,383
W02000124,2025,Ceredigion 009,25_34,2,412
W02000124,2025,Ceredigion 009,35_49,2,662
W02000124,2025,Ceredigion 009,50_64,2,1001
W02000124,2025,Ceredigion 009,65_plus,2,1440
W02000125,2021,Ceredigion 010,16_24,1,314
W02000125,2021,Ceredigion 010,25_34,1,323
W02000125,2021,Ceredigion 010,35_49,1,483
W02000125,2021,Ceredigion 010,50_64,1,844
W02000125,2021,Ceredigion 010,65_plus,1,1077
W02000125,2021,Ceredigion 010,16_24,2,290
W02000125,2021,Ceredigion 010,25_34,2,329
W02000125,2021,Ceredigion 010,35_49,2,535
W02000125,2021,Ceredigion 010,50_64,2,960
W02000125,2021,Ceredigion 010,65_plus,2,1200
W02000125,2023,Ceredigion 010,16_24,1,320
W02000125,2023,Ceredigion 010,25_34,1,306
W02000125,2023,Ceredigion 010,35_49,1,471
W02000125,2023,Ceredigion 010,50_64,1,895
W02000125,2023,Ceredigion 010,65_plus,1,1107
W02000125,2023,Ceredigion 010,16_24,2,285
W02000125,2023,Ceredigion 010,25_34,2,306
W02000125,2023,Ceredigion 010,35_49,2,548
W02000125,2023,Ceredigion 010,50_64,2,985
W02000125,2023,Ceredigion 010,65_plus,2,1257
W02000125,2025,Ceredigion 010,16_24,1,316
W02000125,2025,Ceredigion 010,25_34,1,309
W02000125,2025,Ceredigion 010,35_49,1,487
W02000125,2025,Ceredigion 010,50_64,1,843
W02000125,2025,Ceredigion 010,65_plus,1,1116
W02000125,2025,Ceredigion 010,16_24,2,303
W02000125,2025,Ceredigion 010,25_34,2,310
W02000125,2025,Ceredigion 010,35_49,2,540
W02000125,2025,Ceredigion 010,50_64,2,922
W02000125,2025,Ceredigion 010,65_plus,2,1266
W02000126,2021,Pembrokeshire 001,16_24,1,408
W02000126,2021,Pembrokeshire 001,25_34,1,365
W02000126,2021,Pembrokeshire 001,35_49,1,562
W02000126,2021,Pembrokeshire 001,50_64,1,881
W02000126,2021,Pembrokeshire 001,65_plus,1,1140
W02000126,2021,Pembrokeshire 001,16_24,2,340
W02000126,2021,Pembrokeshire 001,25_34,2,377
W02000126,2021,Pembrokeshire 001,35_49,2,591
W02000126,2021,Pembrokeshire 001,50_64,2,1024
W02000126,2021,Pembrokeshire 001,65_plus,2,1139
W02000126,2023,Pembrokeshire 001,16_24,1,432
W02000126,2023,Pembrokeshire 001,25_34,1,382
W02000126,2023,Pembrokeshire 001,35_49,1,555
W02000126,2023,Pembrokeshire 001,50_64,1,900
W02000126,2023,Pembrokeshire 001,65_plus,1,1192
W02000126,2023,Pembrokeshire 001,16_24,2,335
W02000126,2023,Pembrokeshire 001,25_34,2,379
W02000126,2023,Pembrokeshire 001,35_49,2,618
W02000126,2023,Pembrokeshire 001,50_64,2,1028
W02000126,2023,Pembrokeshire 001,65_plus,2,1215
W02000126,2025,Pembrokeshire 001,16_24,1,421
W02000126,2025,Pembrokeshire 001,25_34,1,385
W02000126,2025,Pembrokeshire 001,35_49,1,590
W02000126,2025,Pembrokeshire 001,50_64,1,907
W02000126,2025,Pembrokeshire 001,65_plus,1,1237
W02000126,2025,Pembrokeshire 001,16_24,2,328
W02000126,2025,Pembrokeshire 001,25_34,2,368
W02000126,2025,Pembrokeshire 001,35_49,2,625
W02000126,2025,Pembrokeshire 001,50_64,2,1030
W02000126,2025,Pembrokeshire 001,65_plus,2,1275
W02000127,2021,Pembrokeshire 002,16_24,1,497
W02000127,2021,Pembrokeshire 002,25_34,1,427
W02000127,2021,Pembrokeshire 002,35_49,1,648
W02000127,2021,Pembrokeshire 002,50_64,1,1028
W02000127,2021,Pembrokeshire 002,65_plus,1,1334
W02000127,2021,Pembrokeshire 002,16_24,2,361
W02000127,2021,Pembrokeshire 002,25_34,2,476
W02000127,2021,Pembrokeshire 002,35_49,2,738
W02000127,2021,Pembrokeshire 002,50_64,2,1056
W02000127,2021,Pembrokeshire 002,65_plus,2,1523
W02000127,2023,Pembrokeshire 002,16_24,1,477
W02000127,2023,Pembrokeshire 002,25_34,1,450
W02000127,2023,Pembrokeshire 002,35_49,1,646
W02000127,2023,Pembrokeshire 002,50_64,1,1051
W02000127,2023,Pembrokeshire 002,65_plus,1,1426
W02000127,2023,Pembrokeshire 002,16_24,2,401
W02000127,2023,Pembrokeshire 002,25_34,2,462
W02000127,2023,Pembrokeshire 002,35_49,2,705
W02000127,2023,Pembrokeshire 002,50_64,2,1129
W02000127,2023,Pembrokeshire 002,65_plus,2,1584
W02000127,2025,Pembrokeshire 002,16_24,1,477
W02000127,2025,Pembrokeshire 002,25_34,1,442
W02000127,2025,Pembrokeshire 002,35_49,1,661
W02000127,2025,Pembrokeshire 002,50_64,1,1029
W02000127,2025,Pembrokeshire 002,65_plus,1,1488
W02000127,2025,Pembrokeshire 002,16_24,2,419
W02000127,2025,Pembrokeshire 002,25_34,2,453
W02000127,2025,Pembrokeshire 002,35_49,2,739
W02000127,2025,Pembrokeshire 002,50_64,2,1178
W02000127,2025,Pembrokeshire 002,65_plus,2,1591
W02000128,2021,Pembrokeshire 003,16_24,1,408
W02000128,2021,Pembrokeshire 003,25_34,1,438
W02000128,2021,Pembrokeshire 003,35_49,1,532
W02000128,2021,Pembrokeshire 003,50_64,1,828
W02000128,2021,Pembrokeshire 003,65_plus,1,1033
W02000128,2021,Pembrokeshire 003,16_24,2,285
W02000128,2021,Pembrokeshire 003,25_34,2,311
W02000128,2021,Pembrokeshire 003,35_49,2,572
W02000128,2021,Pembrokeshire 003,50_64,2,828
W02000128,2021,Pembrokeshire 003,65_plus,2,1080
W02000128,2023,Pembrokeshire 003,16_24,1,423
W02000128,2023,Pembrokeshire 003,25_34,1,468
W02000128,2023,Pembrokeshire 003,35_49,1,516
W02000128,2023,Pembrokeshire 003,50_64,1,832
W02000128,2023,Pembrokeshire 003,65_plus,1,1077
W02000128,2023,Pembrokeshire 003,16_24,2,288
W02000128,2023,Pembrokeshire 003,25_34,2,326
W02000128,2023,Pembrokeshire 003,35_49,2,582
W02000128,2023,Pembrokeshire 003,50_64,2,865
W02000128,2023,Pembrokeshire 003,65_plus,2,1149
W02000128,2025,Pembrokeshire 003,16_24,1,422
W02000128,2025,Pembrokeshire 003,25_34,1,451
W02000128,2025,Pembrokeshire 003,35_49,1,545
W02000128,2025,Pembrokeshire 003,50_64,1,816
W02000128,2025,Pembrokeshire 003,65_plus,1,1117
W02000128,2025,Pembrokeshire 003,16_24,2,283
W02000128,2025,Pembrokeshire 003,25_34,2,341
W02000128,2025,Pembrokeshire 003,35_49,2,553
W02000128,2025,Pembrokeshire 003,50_64,2,873
W02000128,2025,Pembrokeshire 003,65_plus,2,1187
W02000129,2021,Pembrokeshire 004,16_24,1,340
W02000129,2021,Pembrokeshire 004,25_34,1,311
W02000129,2021,Pembrokeshire 004,35_49,1,544
W02000129,2021,Pembrokeshire 004,50_64,1,780
W02000129,2021,Pembrokeshire 004,65_plus,1,913
W02000129,2021,Pembrokeshire 004,16_24,2,271
W02000129,2021,Pembrokeshire 004,25_34,2,342
W02000129,2021,Pembrokeshire 004,35_49,2,605
W02000129,2021,Pembrokeshire 004,50_64,2,905
W02000129,2021,Pembrokeshire 004,65_plus,2,948
W02000129,2023,Pembrokeshire 004,16_24,1,345
W02000129,2023,Pembrokeshire 004,25_34,1,335
W02000129,2023,Pembrokeshire 004,35_49,1,569
W02000129,2023,Pembrokeshire 004,50_64,1,806
W02000129,2023,Pembrokeshire 004,65_plus,1,940
W02000129,2023,Pembrokeshire 004,16_24,2,297
W02000129,2023,Pembrokeshire 004,25_34,2,362
W02000129,2023,Pembrokeshire 004,35_49,2,616
W02000129,2023,Pembrokeshire 004,50_64,2,911
W02000129,2023,Pembrokeshire 004,65_plus,2,1014
W02000129,2025,Pembrokeshire 004,16_24,1,350
W02000129,2025,Pembrokeshire 004,25_34,1,340
W02000129,2025,Pembrokeshire 004,35_49,1,568
W02000129,2025,Pembrokeshire 004,50_64,1,789
W02000129,2025,Pembrokeshire 004,65_plus,1,942
W02000129,2025,Pembrokeshire 004,16_24,2,334
W02000129,2025,Pembrokeshire 004,25_34,2,350
W02000129,2025,Pembrokeshire 004,35_49,2,622
W02000129,2025,Pembrokeshire 004,50_64,2,901
W02000129,2025,Pembrokeshire 004,65_plus,2,1030
W02000130,2021,Pembrokeshire 005,16_24,1,413
W02000130,2021,Pembrokeshire 005,25_34,1,501
W02000130,2021,Pembrokeshire 005,35_49,1,626
W02000130,2021,Pembrokeshire 005,50_64,1,617
W02000130,2021,Pembrokeshire 005,65_plus,1,523
W02000130,2021,Pembrokeshire 005,16_24,2,474
W02000130,2021,Pembrokeshire 005,25_34,2,492
W02000130,2021,Pembrokeshire 005,35_49,2,582
W02000130,2021,Pembrokeshire 005,50_64,2,620
W02000130,2021,Pembrokeshire 005,65_plus,2,622
W02000130,2023,Pembrokeshire 005,16_24,1,410
W02000130,2023,Pembrokeshire 005,25_34,1,477
W02000130,2023,Pembrokeshire 005,35_49,1,601
W02000130,2023,Pembrokeshire 005,50_64,1,631
W02000130,2023,Pembrokeshire 005,65_plus,1,540
W02000130,2023,Pembrokeshire 005,16_24,2,438
W02000130,2023,Pembrokeshire 005,25_34,2,545
W02000130,2023,Pembrokeshire 005,35_49,2,630
W02000130,2023,Pembrokeshire 005,50_64,2,612
W02000130,2023,Pembrokeshire 005,65_plus,2,634
W02000130,2025,Pembrokeshire 005,16_24,1,452
W02000130,2025,Pembrokeshire 005,25_34,1,489
W02000130,2025,Pembrokeshire 005,35_49,1,659
W02000130,2025,Pembrokeshire 005,50_64,1,629
W02000130,2025,Pembrokeshire 005,65_plus,1,560
W02000130,2025,Pembrokeshire 005,16_24,2,401
W02000130,2025,Pembrokeshire 005,25_34,2,568
W02000130,2025,Pembrokeshire 005,35_49,2,720
W02000130,2025,Pembrokeshire 005,50_64,2,609
W02000130,2025,Pembrokeshire 005,65_plus,2,654
W02000131,2021,Pembrokeshire 006,16_24,1,367
W02000131,2021,Pembrokeshire 006,25_34,1,415
W02000131,2021,Pembrokeshire 006,35_49,1,530
W02000131,2021,Pembrokeshire 006,50_64,1,694
W02000131,2021,Pembrokeshire 006,65_plus,1,667
W02000131,2021,Pembrokeshire 006,16_24,2,356
W02000131,2021,Pembrokeshire 006,25_34,2,442
W02000131,2021,Pembrokeshire 006,35_49,2,633
W02000131,2021,Pembrokeshire 006,50_64,2,739
W02000131,2021,Pembrokeshire 006,65_plus,2,901
W02000131,2023,Pembrokeshire 006,16_24,1,377
W02000131,2023,Pembrokeshire 006,25_34,1,439
W02000131,2023,Pembrokeshire 006,35_49,1,553
W02000131,2023,Pembrokeshire 006,50_64,1,734
W02000131,2023,Pembrokeshire 006,65_plus,1,668
W02000131,2023,Pembrokeshire 006,16_24,2,397
W02000131,2023,Pembrokeshire 006,25_34,2,481
W02000131,2023,Pembrokeshire 006,35_49,2,635
W02000131,2023,Pembrokeshire 006,50_64,2,804
W02000131,2023,Pembrokeshire 006,65_plus,2,934
W02000131,2025,Pembrokeshire 006,16_24,1,385
W02000131,2025,Pembrokeshire 006,25_34,1,447
W02000131,2025,Pembrokeshire 006,35_49,1,589
W02000131,2025,Pembrokeshire 006,50_64,1,747
W02000131,2025,Pembrokeshire 006,65_plus,1,733
W02000131,2025,Pembrokeshire 006,16_24,2,422
W02000131,2025,Pembrokeshire 006,25_34,2,485
W02000131,2025,Pembrokeshire 006,35_49,2,677
W02000131,2025,Pembrokeshire 006,50_64,2,807
W02000131,2025,Pembrokeshire 006,65_plus,2,972
W02000132,2021,Pembrokeshire 007,16_24,1,326
W02000132,2021,Pembrokeshire 007,25_34,1,343
W02000132,2021,Pembrokeshire 007,35_49,1,493
W02000132,2021,Pembrokeshire 007,50_64,1,782
W02000132,2021,Pembrokeshire 007,65_plus,1,859
W02000132,2021,Pembrokeshire 007,16_24,2,306
W02000132,2021,Pembrokeshire 007,25_34,2,335
W02000132,2021,Pembrokeshire 007,35_49,2,561
W02000132,2021,Pembrokeshire 007,50_64,2,834
W02000132,2021,Pembrokeshire 007,65_plus,2,1088
W02000132,2023,Pembrokeshire 007,16_24,1,305
W02000132,2023,Pembrokeshire 007,25_34,1,343
W02000132,2023,Pembrokeshire 007,35_49,1,544
W02000132,2023,Pembrokeshire 007,50_64,1,792
W02000132,2023,Pembrokeshire 007,65_plus,1,890
W02000132,2023,Pembrokeshire 007,16_24,2,275
W02000132,2023,Pembrokeshire 007,25_34,2,353
W02000132,2023,Pembrokeshire 007,35_49,2,554
W02000132,2023,Pembrokeshire 007,50_64,2,857
W02000132,2023,Pembrokeshire 007,65_plus,2,1112
W02000132,2025,Pembrokeshire 007,16_24,1,322
W02000132,2025,Pembrokeshire 007,25_34,1,355
W02000132,2025,Pembrokeshire 007,35_49,1,523
W02000132,2025,Pembrokeshire 007,50_64,1,742
W02000132,2025,Pembrokeshire 007,65_plus,1,908
W02000132,2025,Pembrokeshire 007,16_24,2,283
W02000132,2025,Pembrokeshire 007,25_34,2,349
W02000132,2025,Pembrokeshire 007,35_49,2,555
W02000132,2025,Pembrokeshire 007,50_64,2,870
W02000132,2025,Pembrokeshire 007,65_plus,2,1141
W02000133,2021,Pembrokeshire 008,16_24,1,357
W02000133,2021,Pembrokeshire 008,25_34,1,396
W02000133,2021,Pembrokeshire 008,35_49,1,611
W02000133,2021,Pembrokeshire 008,50_64,1,901
W02000133,2021,Pembrokeshire 008,65_plus,1,1100
W02000133,2021,Pembrokeshire 008,16_24,2,299
W02000133,2021,Pembrokeshire 008,25_34,2,379
W02000133,2021,Pembrokeshire 008,35_49,2,646
W02000133,2021,Pembrokeshire 008,50_64,2,1022
W02000133,2021,Pembrokeshire 008,65_plus,2,1278
W02000133,2023,Pembrokeshire 008,16_24,1,354
W02000133,2023,Pembrokeshire 008,25_34,1,393
W02000133,2023,Pembrokeshire 008,35_49,1,620
W02000133,2023,Pembrokeshire 008,50_64,1,919
W02000133,2023,Pembrokeshire 008,65_plus,1,1164
W02000133,2023,Pembrokeshire 008,16_24,2,290
W02000133,2023,Pembrokeshire 008,25_34,2,384
W02000133,2023,Pembrokeshire 008,35_49,2,653
W02000133,2023,Pembrokeshire 008,50_64,2,1026
W02000133,2023,Pembrokeshire 008,65_plus,2,1305
W02000133,2025,Pembrokeshire 008,16_24,1,355
W02000133,2025,Pembrokeshire 008,25_34,1,412
W02000133,2025,Pembrokeshire 008,35_49,1,650
W02000133,2025,Pembrokeshire 008,50_64,1,913
W02000133,2025,Pembrokeshire 008,65_plus,1,1201
W02000133,2025,Pembrokeshire 008,16_24,2,317
W02000133,2025,Pembrokeshire 008,25_34,2,388
W02000133,2025,Pembrokeshire 008,35_49,2,672
W02000133,2025,Pembrokeshire 008,50_64,2,1020
W02000133,2025,Pembrokeshire 008,65_plus,2,1319
W02000134,2021,Pembrokeshire 009,16_24,1,393
W02000134,2021,Pembrokeshire 009,25_34,1,337
W02000134,2021,Pembrokeshire 009,35_49,1,636
W02000134,2021,Pembrokeshire 009,50_64,1,934
W02000134,2021,Pembrokeshire 009,65_plus,1,1015
W02000134,2021,Pembrokeshire 009,16_24,2,392
W02000134,2021,Pembrokeshire 009,25_34,2,400
W02000134,2021,Pembrokeshire 009,35_49,2,738
W02000134,2021,Pembrokeshire 009,50_64,2,1008
W02000134,2021,Pembrokeshire 009,65_plus,2,1146
W02000134,2023,Pembrokeshire 009,16_24,1,415
W02000134,2023,Pembrokeshire 009,25_34,1,368
W02000134,2023,Pembrokeshire 009,35_49,1,605
W02000134,2023,Pembrokeshire 009,50_64,1,972
W02000134,2023,Pembrokeshire 009,65_plus,1,1023
W02000134,2023,Pembrokeshire 009,16_24,2,404
W02000134,2023,Pembrokeshire 009,25_34,2,393
W02000134,2023,Pembrokeshire 009,35_49,2,702
W02000134,2023,Pembrokeshire 009,50_64,2,1036
W02000134,2023,Pembrokeshire 009,65_plus,2,1181
W02000134,2025,Pembrokeshire 009,16_24,1,431
W02000134,2025,Pembrokeshire 009,25_34,1,335
W02000134,2025,Pembrokeshire 009,35_49,1,559
W02000134,2025,Pembrokeshire 009,50_64,1,999
W02000134,2025,Pembrokeshire 009,65_plus,1,1031
W02000134,2025,Pembrokeshire 009,16_24,2,422
W02000134,2025,Pembrokeshire 009,25_34,2,391
W02000134,2025,Pembrokeshire 009,35_49,2,671
W02000134,2025,Pembrokeshire 009,50_64,2,1058
W02000134,2025,Pembrokeshire 009,65_plus,2,1208
W02000135,2021,Pembrokeshire 010,16_24,1,388
W02000135,2021,Pembrokeshire 010,25_34,1,393
W02000135,2021,Pembrokeshire 010,35_49,1,591
W02000135,2021,Pembrokeshire 010,50_64,1,726
W02000135,2021,Pembrokeshire 010,65_plus,1,740
W02000135,2021,Pembrokeshire 010,16_24,2,400
W02000135,2021,Pembrokeshire 010,25_34,2,499
W02000135,2021,Pembrokeshire 010,35_49,2,603
W02000135,2021,Pembrokeshire 010,50_64,2,735
W02000135,2021,Pembrokeshire 010,65_plus,2,895
W02000135,2023,Pembrokeshire 010,16_24,1,407
W02000135,2023,Pembrokeshire 010,25_34,1,419
W02000135,2023,Pembrokeshire 010,35_49,1,597
W02000135,2023,Pembrokeshire 010,50_64,1,763
W02000135,2023,Pembrokeshire 010,65_plus,1,772
W02000135,2023,Pembrokeshire 010,16_24,2,392
W02000135,2023,Pembrokeshire 010,25_34,2,474
W02000135,2023,Pembrokeshire 010,35_49,2,633
W02000135,2023,Pembrokeshire 010,50_64,2,763
W02000135,2023,Pembrokeshire 010,65_plus,2,928
W02000135,2025,Pembrokeshire 010,16_24,1,425
W02000135,2025,Pembrokeshire 010,25_34,1,398
W02000135,2025,Pembrokeshire 010,35_49,1,629
W02000135,2025,Pembrokeshire 010,50_64,1,743
W02000135,2025,Pembrokeshire 010,65_plus,1,798
W02000135,2025,Pembrokeshire 010,16_24,2,417
W02000135,2025,Pembrokeshire 010,25_34,2,472
W02000135,2025,Pembrokeshire 010,35_49,2,644
W02000135,2025,Pembrokeshire 010,50_64,2,794
W02000135,2025,Pembrokeshire 010,65_plus,2,948
W02000136,2021,Pembrokeshire 011,16_24,1,366
W02000136,2021,Pembrokeshire 011,25_34,1,326
W02000136,2021,Pembrokeshire 011,35_49,1,589
W02000136,2021,Pembrokeshire 011,50_64,1,968
W02000136,2021,Pembrokeshire 011,65_plus,1,1256
W02000136,2021,Pembrokeshire 011,16_24,2,318
W02000136,2021,Pembrokeshire 011,25_34,2,326
W02000136,2021,Pembrokeshire 011,35_49,2,620
W02000136,2021,Pembrokeshire 011,50_64,2,1014
W02000136,2021,Pembrokeshire 011,65_plus,2,1429
W02000136,2023,Pembrokeshire 011,16_24,1,358
W02000136,2023,Pembrokeshire 011,25_34,1,327
W02000136,2023,Pembrokeshire 011,35_49,1,614
W02000136,2023,Pembrokeshire 011,50_64,1,953
W02000136,2023,Pembrokeshire 011,65_plus,1,1307
W02000136,2023,Pembrokeshire 011,16_24,2,299
W02000136,2023,Pembrokeshire 011,25_34,2,313
W02000136,2023,Pembrokeshire 011,35_49,2,606
W02000136,2023,Pembrokeshire 011,50_64,2,1058
W02000136,2023,Pembrokeshire 011,65_plus,2,1444
W02000136,2025,Pembrokeshire 011,16_24,1,349
W02000136,2025,Pembrokeshire 011,25_34,1,336
W02000136,2025,Pembrokeshire 011,35_49,1,633
W02000136,2025,Pembrokeshire 011,50_64,1,946
W02000136,2025,Pembrokeshire 011,65_plus,1,1327
W02000136,2025,Pembrokeshire 011,16_24,2,300
W02000136,2025,Pembrokeshire 011,25_34,2,339
W02000136,2025,Pembrokeshire 011,35_49,2,602
W02000136,2025,Pembrokeshire 011,50_64,2,1036
W02000136,2025,Pembrokeshire 011,65_plus,2,1481
W02000137,2021,Pembrokeshire 012,16_24,1,411
W02000137,2021,Pembrokeshire 012,25_34,1,469
W02000137,2021,Pembrokeshire 012,35_49,1,618
W02000137,2021,Pembrokeshire 012,50_64,1,711
W02000137,2021,Pembrokeshire 012,65_plus,1,700
W02000137,2021,Pembrokeshire 012,16_24,2,422
W02000137,2021,Pembrokeshire 012,25_34,2,543
W02000137,2021,Pembrokeshire 012,35_49,2,680
W02000137,2021,Pembrokeshire 012,50_64,2,767
W02000137,2021,Pembrokeshire 012,65_plus,2,783
W02000137,2023,Pembrokeshire 012,16_24,1,417
W02000137,2023,Pembrokeshire 012,25_34,1,418
W02000137,2023,Pembrokeshire 012,35_49,1,638
W02000137,2023,Pembrokeshire 012,50_64,1,728
W02000137,2023,Pembrokeshire 012,65_plus,1,702
W02000137,2023,Pembrokeshire 012,16_24,2,435
W02000137,2023,Pembrokeshire 012,25_34,2,556
W02000137,2023,Pembrokeshire 012,35_49,2,677
W02000137,2023,Pembrokeshire 012,50_64,2,764
W02000137,2023,Pembrokeshire 012,65_plus,2,774
W02000137,2025,Pembrokeshire 012,16_24,1,409
W02000137,2025,Pembrokeshire 012,25_34,1,444
W02000137,2025,Pembrokeshire 012,35_49,1,704
W02000137,2025,Pembrokeshire 012,50_64,1,706
W02000137,2025,Pembrokeshire 012,65_plus,1,721
W02000137,2025,Pembrokeshire 012,16_24,2,431
W02000137,2025,Pembrokeshire 012,25_34,2,544
W02000137,2025,Pembrokeshire 012,35_49,2,719
W02000137,2025,Pembrokeshire 012,50_64,2,796
W02000137,2025,Pembrokeshire 012,65_plus,2,814
W02000138,2021,Pembrokeshire 013,16_24,1,595
W02000138,2021,Pembrokeshire 013,25_34,1,652
W02000138,2021,Pembrokeshire 013,35_49,1,746
W02000138,2021,Pembrokeshire 013,50_64,1,976
W02000138,2021,Pembrokeshire 013,65_plus,1,944
W02000138,2021,Pembrokeshire 013,16_24,2,551
W02000138,2021,Pembrokeshire 013,25_34,2,653
W02000138,2021,Pembrokeshire 013,35_49,2,815
W02000138,2021,Pembrokeshire 013,50_64,2,961
W02000138,2021,Pembrokeshire 013,65_plus,2,1057
W02000138,2023,Pembrokeshire 013,16_24,1,608
W02000138,2023,Pembrokeshire 013,25_34,1,644
W02000138,2023,Pembrokeshire 013,35_49,1,725
W02000138,2023,Pembrokeshire 013,50_64,1,1008
W02000138,2023,Pembrokeshire 013,65_plus,1,945
W02000138,2023,Pembrokeshire 013,16_24,2,537
W02000138,2023,Pembrokeshire 013,25_34,2,630
W02000138,2023,Pembrokeshire 013,35_49,2,820
W02000138,2023,Pembrokeshire 013,50_64,2,1027
W02000138,2023,Pembrokeshire 013,65_plus,2,1057
W02000138,2025,Pembrokeshire 013,16_24,1,577
W02000138,2025,Pembrokeshire 013,25_34,1,649
W02000138,2025,Pembrokeshire 013,35_49,1,750
W02000138,2025,Pembrokeshire 013,50_64,1,993
W02000138,2025,Pembrokeshire 013,65_plus,1,996
W02000138,2025,Pembrokeshire 013,16_24,2,555
W02000138,2025,Pembrokeshire 013,25_34,2,660
W02000138,2025,Pembrokeshire 013,35_49,2,817
W02000138,2025,Pembrokeshire 013,50_64,2,1015
W02000138,2025,Pembrokeshire 013,65_plus,2,1094
W02000139,2021,Pembrokeshire 014,16_24,1,342
W02000139,2021,Pembrokeshire 014,25_34,1,316
W02000139,2021,Pembrokeshire 014,35_49,1,539
W02000139,2021,Pembrokeshire 014,50_64,1,848
W02000139,2021,Pembrokeshire 014,65_plus,1,1123
W02000139,2021,Pembrokeshire 014,16_24,2,273
W02000139,2021,Pembrokeshire 014,25_34,2,327
W02000139,2021,Pembrokeshire 014,35_49,2,617
W02000139,2021,Pembrokeshire 014,50_64,2,962
W02000139,2021,Pembrokeshire 014,65_plus,2,1289
W02000139,2023,Pembrokeshire 014,16_24,1,349
W02000139,2023,Pembrokeshire 014,25_34,1,311
W02000139,2023,Pembrokeshire 014,35_49,1,553
W02000139,2023,Pembrokeshire 014,50_64,1,854
W02000139,2023,Pembrokeshire 014,65_plus,1,1141
W02000139,2023,Pembrokeshire 014,16_24,2,275
W02000139,2023,Pembrokeshire 014,25_34,2,330
W02000139,2023,Pembrokeshire 014,35_49,2,590
W02000139,2023,Pembrokeshire 014,50_64,2,971
W02000139,2023,Pembrokeshire 014,65_plus,2,1326
W02000139,2025,Pembrokeshire 014,16_24,1,356
W02000139,2025,Pembrokeshire 014,25_34,1,331
W02000139,2025,Pembrokeshire 014,35_49,1,568
W02000139,2025,Pembrokeshire 014,50_64,1,827
W02000139,2025,Pembrokeshire 014,65_plus,1,1193
W02000139,2025,Pembrokeshire 014,16_24,2,259
W02000139,2025,Pembrokeshire 014,25_34,2,337
W02000139,2025,Pembrokeshire 014,35_49,2,640
W02000139,2025,Pembrokeshire 014,50_64,2,984
W02000139,2025,Pembrokeshire 014,65_plus,2,1381
W02000140,2021,Pembrokeshire 015,16_24,1,376
W02000140,2021,Pembrokeshire 015,25_34,1,407
W02000140,2021,Pembrokeshire 015,35_49,1,562
W02000140,2021,Pembrokeshire 015,50_64,1,738
W02000140,2021,Pembrokeshire 015,65_plus,1,778
W02000140,2021,Pembrokeshire 015,16_24,2,350
W02000140,2021,Pembrokeshire 015,25_34,2,452
W02000140,2021,Pembrokeshire 015,35_49,2,634
W02000140,2021,Pembrokeshire 015,50_64,2,733
W02000140,2021,Pembrokeshire 015,65_plus,2,831
W02000140,2023,Pembrokeshire 015,16_24,1,379
W02000140,2023,Pembrokeshire 015,25_34,1,410
W02000140,2023,Pembrokeshire 015,35_49,1,547
W02000140,2023,Pembrokeshire 015,50_64,1,712
W02000140,2023,Pembrokeshire 015,65_plus,1,773
W02000140,2023,Pembrokeshire 015,16_24,2,385
W02000140,2023,Pembrokeshire 015,25_34,2,448
W02000140,2023,Pembrokeshire 015,35_49,2,630
W02000140,2023,Pembrokeshire 015,50_64,2,797
W02000140,2023,Pembrokeshire 015,65_plus,2,834
W02000140,2025,Pembrokeshire 015,16_24,1,378
W02000140,2025,Pembrokeshire 015,25_34,1,388
W02000140,2025,Pembrokeshire 015,35_49,1,539
W02000140,2025,Pembrokeshire 015,50_64,1,711
W02000140,2025,Pembrokeshire 015,65_plus,1,801
W02000140,2025,Pembrokeshire 015,16_24,2,339
W02000140,2025,Pembrokeshire 015,25_34,2,420
W02000140,2025,Pembrokeshire 015,35_49,2,620
W02000140,2025,Pembrokeshire 015,50_64,2,838
W02000140,2025,Pembrokeshire 015,65_plus,2,877
W02000141,2021,Pembrokeshire 016,16_24,1,260
W02000141,2021,Pembrokeshire 016,25_34,1,222
W02000141,2021,Pembrokeshire 016,35_49,1,421
W02000141,2021,Pembrokeshire 016,50_64,1,623
W02000141,2021,Pembrokeshire 016,65_plus,1,821
W02000141,2021,Pembrokeshire 016,16_24,2,240
W02000141,2021,Pembrokeshire 016,25_34,2,237
W02000141,2021,Pembrokeshire 016,35_49,2,463
W02000141,2021,Pembrokeshire 016,50_64,2,710
W02000141,2021,Pembrokeshire 016,65_plus,2,1017
W02000141,2023,Pembrokeshire 016,16_24,1,272
W02000141,2023,Pembrokeshire 016,25_34,1,226
W02000141,2023,Pembrokeshire 016,35_49,1,418
W02000141,2023,Pembrokeshire 016,50_64,1,624
W02000141,2023,Pembrokeshire 016,65_plus,1,845
W02000141,2023,Pembrokeshire 016,16_24,2,201
W02000141,2023,Pembrokeshire 016,25_34,2,224
W02000141,2023,Pembrokeshire 016,35_49,2,453
W02000141,2023,Pembrokeshire 016,50_64,2,765
W02000141,2023,Pembrokeshire 016,65_plus,2,1047
W02000141,2025,Pembrokeshire 016,16_24,1,257
W02000141,2025,Pembrokeshire 016,25_34,1,227
W02000141,2025,Pembrokeshire 016,35_49,1,414
W02000141,2025,Pembrokeshire 016,50_64,1,620
W02000141,2025,Pembrokeshire 016,65_plus,1,869
W02000141,2025,Pembrokeshire 016,16_24,2,204
W02000141,2025,Pembrokeshire 016,25_34,2,221
W02000141,2025,Pembrokeshire 016,35_49,2,447
W02000141,2025,Pembrokeshire 016,50_64,2,748
W02000141,2025,Pembrokeshire 016,65_plus,2,1062
W02000142,2021,Carmarthenshire 001,16_24,1,286
W02000142,2021,Carmarthenshire 001,25_34,1,304
W02000142,2021,Carmarthenshire 001,35_49,1,422
W02000142,2021,Carmarthenshire 001,50_64,1,618
W02000142,2021,Carmarthenshire 001,65_plus,1,737
W02000142,2021,Carmarthenshire 001,16_24,2,231
W02000142,2021,Carmarthenshire 001,25_34,2,299
W02000142,2021,Carmarthenshire 001,35_49,2,448
W02000142,2021,Carmarthenshire 001,50_64,2,631
W02000142,2021,Carmarthenshire 001,65_plus,2,786
W02000142,2023,Carmarthenshire 001,16_24,1,297
W02000142,2023,Carmarthenshire 001,25_34,1,307
W02000142,2023,Carmarthenshire 001,35_49,1,388
W02000142,2023,Carmarthenshire 001,50_64,1,638
W02000142,2023,Carmarthenshire 001,65_plus,1,738
W02000142,2023,Carmarthenshire 001,16_24,2,220
W02000142,2023,Carmarthenshire 001,25_34,2,291
W02000142,2023,Carmarthenshire 001,35_49,2,408
W02000142,2023,Carmarthenshire 001,50_64,2,649
W02000142,2023,Carmarthenshire 001,65_plus,2,817
W02000142,2025,Carmarthenshire 001,16_24,1,293
W02000142,2025,Carmarthenshire 001,25_34,1,310
W02000142,2025,Carmarthenshire 001,35_49,1,381
W02000142,2025,Carmarthenshire 001,50_64,1,655
W02000142,2025,Carmarthenshire 001,65_plus,1,803
W02000142,2025,Carmarthenshire 001,16_24,2,225
W02000142,2025,Carmarthenshire 001,25_34,2,293
W02000142,2025,Carmarthenshire 001,35_49,2,411
W02000142,2025,Carmarthenshire 001,50_64,2,634
W02000142,2025,Carmarthenshire 001,65_plus,2,833
W02000143,2021,Carmarthenshire 002,16_24,1,287
W02000143,2021,Carmarthenshire 002,25_34,1,256
W02000143,2021,Carmarthenshire 002,35_49,1,393
W02000143,2021,Carmarthenshire 002,50_64,1,646
W02000143,2021,Carmarthenshire 002,65_plus,1,833
W02000143,2021,Carmarthenshire 002,16_24,2,234
W02000143,2021,Carmarthenshire 002,25_34,2,233
W02000143,2021,Carmarthenshire 002,35_49,2,396
W02000143,2021,Carmarthenshire 002,50_64,2,713
W02000143,2021,Carmarthenshire 002,65_plus,2,871
W02000143,2023,Carmarthenshire 002,16_24,1,285
W02000143,2023,Carmarthenshire 002,25_34,1,263
W02000143,2023,Carmarthenshire 002,35_49,1,409
W02000143,2023,Carmarthenshire 002,50_64,1,645
W02000143,2023,Carmarthenshire 002,65_plus,1,846
W02000143,2023,Carmarthenshire 002,16_24,2,220
W02000143,2023,Carmarthenshire 002,25_34,2,229
W02000143,2023,Carmarthenshire 002,35_49,2,402
W02000143,2023,Carmarthenshire 002,50_64,2,734
W02000143,2023,Carmarthenshire 002,65_plus,2,881
W02000143,2025,Carmarthenshire 002,16_24,1,278
W02000143,2025,Carmarthenshire 002,25_34,1,234
W02000143,2025,Carmarthenshire 002,35_49,1,433
W02000143,2025,Carmarthenshire 002,50_64,1,633
W02000143,2025,Carmarthenshire 002,65_plus,1,872
W02000143,2025,Carmarthenshire 002,16_24,2,188
W02000143,2025,Carmarthenshire 002,25_34,2,220
W02000143,2025,Carmarthenshire 002,35_49,2,391
W02000143,2025,Carmarthenshire 002,50_64,2,755
W02000143,2025,Carmarthenshire 002,65_plus,2,927
W02000144,2021,Carmarthenshire 003,16_24,1,346
W02000144,2021,Carmarthenshire 003,25_34,1,360
W02000144,2021,Carmarthenshire 003,35_49,1,469
W02000144,2021,Carmarthenshire 003,50_64,1,933
W02000144,2021,Carmarthenshire 003,65_plus,1,1094
W02000144,2021,Carmarthenshire 003,16_24,2,350
W02000144,2021,Carmarthenshire 003,25_34,2,315
W02000144,2021,Carmarthenshire 003,35_49,2,546
W02000144,2021,Carmarthenshire 003,50_64,2,995
W02000144,2021,Carmarthenshire 003,65_plus,2,1124
W02000144,2023,Carmarthenshire 003,16_24,1,354
W02000144,2023,Carmarthenshire 003,25_34,1,349
W02000144,2023,Carmarthenshire 003,35_49,1,494
W02000144,2023,Carmarthenshire 003,50_64,1,915
W02000144,2023,Carmarthenshire 003,65_plus,1,1132
W02000144,2023,Carmarthenshire 003,16_24,2,319
W02000144,2023,Carmarthenshire 003,25_34,2,337
W02000144,2023,Carmarthenshire 003,35_49,2,529
W02000144,2023,Carmarthenshire 003,50_64,2,1033
W02000144,2023,Carmarthenshire 003,65_plus,2,1174
W02000144,2025,Carmarthenshire 003,16_24,1,345
W02000144,2025,Carmarthenshire 003,25_34,1,323
W02000144,2025,Carmarthenshire 003,35_49,1,517
W02000144,2025,Carmarthenshire 003,50_64,1,901
W02000144,2025,Carmarthenshire 003,65_plus,1,1146
W02000144,2025,Carmarthenshire 003,16_24,2,327
W02000144,2025,Carmarthenshire 003,25_34,2,322
W02000144,2025,Carmarthenshire 003,35_49,2,562
W02000144,2025,Carmarthenshire 003,50_64,2,992
W02000144,2025,Carmarthenshire 003,65_plus,2,1221
W02000145,2021,Carmarthenshire 004,16_24,1,320
W02000145,2021,Carmarthenshire 004,25_34,1,299
W02000145,2021,Carmarthenshire 004,35_49,1,549
W02000145,2021,Carmarthenshire 004,50_64,1,836
W02000145,2021,Carmarthenshire 004,65_plus,1,933
W02000145,2021,Carmarthenshire 004,16_24,2,304
W02000145,2021,Carmarthenshire 004,25_34,2,301
W02000145,2021,Carmarthenshire 004,35_49,2,584
W02000145,2021,Carmarthenshire 004,50_64,2,936
W02000145,2021,Carmarthenshire 004,65_plus,2,1048
W02000145,2023,Carmarthenshire 004,16_24,1,318
W02000145,2023,Carmarthenshire 004,25_34,1,284
W02000145,2023,Carmarthenshire 004,35_49,1,551
W02000145,2023,Carmarthenshire 004,50_64,1,854
W02000145,2023,Carmarthenshire 004,65_plus,1,951
W02000145,2023,Carmarthenshire 004,16_24,2,324
W02000145,2023,Carmarthenshire 004,25_34,2,301
W02000145,2023,Carmarthenshire 004,35_49,2,589
W02000145,2023,Carmarthenshire 004,50_64,2,948
W02000145,2023,Carmarthenshire 004,65_plus,2,1062
W02000145,2025,Carmarthenshire 004,16_24,1,345
W02000145,2025,Carmarthenshire 004,25_34,1,299
W02000145,2025,Carmarthenshire 004,35_49,1,588
W02000145,2025,Carmarthenshire 004,50_64,1,858
W02000145,2025,Carmarthenshire 004,65_plus,1,949
W02000145,2025,Carmarthenshire 004,16_24,2,306
W02000145,2025,Carmarthenshire 004,25_34,2,276
W02000145,2025,Carmarthenshire 004,35_49,2,602
W02000145,2025,Carmarthenshire 004,50_64,2,920
W02000145,2025,Carmarthenshire 004,65_plus,2,1153
W02000146,2021,Carmarthenshire 005,16_24,1,337
W02000146,2021,Carmarthenshire 005,25_34,1,252
W02000146,2021,Carmarthenshire 005,35_49,1,497
W02000146,2021,Carmarthenshire 005,50_64,1,802
W02000146,2021,Carmarthenshire 005,65_plus,1,920
W02000146,2021,Carmarthenshire 005,16_24,2,292
W02000146,2021,Carmarthenshire 005,25_34,2,254
W02000146,2021,Carmarthenshire 005,35_49,2,526
W02000146,2021,Carmarthenshire 005,50_64,2,874
W02000146,2021,Carmarthenshire 005,65_plus,2,902
W02000146,2023,Carmarthenshire 005,16_24,1,299
W02000146,2023,Carmarthenshire 005,25_34,1,253
W02000146,2023,Carmarthenshire 005,35_49,1,516
W02000146,2023,Carmarthenshire 005,50_64,1,776
W02000146,2023,Carmarthenshire 005,65_plus,1,954
W02000146,2023,Carmarthenshire 005,16_24,2,271
W02000146,2023,Carmarthenshire 005,25_34,2,248
W02000146,2023,Carmarthenshire 005,35_49,2,545
W02000146,2023,Carmarthenshire 005,50_64,2,861
W02000146,2023,Carmarthenshire 005,65_plus,2,944
W02000146,2025,Carmarthenshire 005,16_24,1,300
W02000146,2025,Carmarthenshire 005,25_34,1,260
W02000146,2025,Carmarthenshire 005,35_49,1,519
W02000146,2025,Carmarthenshire 005,50_64,1,754
W02000146,2025,Carmarthenshire 005,65_plus,1,984
W02000146,2025,Carmarthenshire 005,16_24,2,260
W02000146,2025,Carmarthenshire 005,25_34,2,246
W02000146,2025,Carmarthenshire 005,35_49,2,521
W02000146,2025,Carmarthenshire 005,50_64,2,851
W02000146,2025,Carmarthenshire 005,65_plus,2,996
W02000147,2021,Carmarthenshire 006,16_24,1,538
W02000147,2021,Carmarthenshire 006,25_34,1,442
W02000147,2021,Carmarthenshire 006,35_49,1,761
W02000147,2021,Carmarthenshire 006,50_64,1,770
W02000147,2021,Carmarthenshire 006,65_plus,1,775
W02000147,2021,Carmarthenshire 006,16_24,2,588
W02000147,2021,Carmarthenshire 006,25_34,2,542
W02000147,2021,Carmarthenshire 006,35_49,2,818
W02000147,2021,Carmarthenshire 006,50_64,2,854
W02000147,2021,Carmarthenshire 006,65_plus,2,874
W02000147,2023,Carmarthenshire 006,16_24,1,548
W02000147,2023,Carmarthenshire 006,25_34,1,434
W02000147,2023,Carmarthenshire 006,35_49,1,748
W02000147,2023,Carmarthenshire 006,50_64,1,830
W02000147,2023,Carmarthenshire 006,65_plus,1,797
W02000147,2023,Carmarthenshire 006,16_24,2,553
W02000147,2023,Carmarthenshire 006,25_34,2,573
W02000147,2023,Carmarthenshire 006,35_49,2,833
W02000147,2023,Carmarthenshire 006,50_64,2,861
W02000147,2023,Carmarthenshire 006,65_plus,2,905
W02000147,2025,Carmarthenshire 006,16_24,1,546
W02000147,2025,Carmarthenshire 006,25_34,1,448
W02000147,2025,Carmarthenshire 006,35_49,1,753
W02000147,2025,Carmarthenshire 006,50_64,1,850
W02000147,2025,Carmarthenshire 006,65_plus,1,822
W02000147,2025,Carmarthenshire 006,16_24,2,541
W02000147,2025,Carmarthenshire 006,25_34,2,565
W02000147,2025,Carmarthenshire 006,35_49,2,855
W02000147,2025,Carmarthenshire 006,50_64,2,885
W02000147,2025,Carmarthenshire 006,65_plus,2,941
W02000148,2021,Carmarthenshire 007,16_24,1,297
W02000148,2021,Carmarthenshire 007,25_34,1,332
W02000148,2021,Carmarthenshire 007,35_49,1,425
W02000148,2021,Carmarthenshire 007,50_64,1,449
W02000148,2021,Carmarthenshire 007,65_plus,1,501
W02000148,2021,Carmarthenshire 007,16_24,2,277
W02000148,2021,Carmarthenshire 007,25_34,2,372
W02000148,2021,Carmarthenshire 007,35_49,2,483
W02000148,2021,Carmarthenshire 007,50_64,2,551
W02000148,2021,Carmarthenshire 007,65_plus,2,539
W02000148,2023,Carmarthenshire 007,16_24,1,299
W02000148,2023,Carmarthenshire 007,25_34,1,344
W02000148,2023,Carmarthenshire 007,35_49,1,421
W02000148,2023,Carmarthenshire 007,50_64,1,466
W02000148,2023,Carmarthenshire 007,65_plus,1,494
W02000148,2023,Carmarthenshire 007,16_24,2,274
W02000148,2023,Carmarthenshire 007,25_34,2,392
W02000148,2023,Carmarthenshire 007,35_49,2,471
W02000148,2023,Carmarthenshire 007,50_64,2,562
W02000148,2023,Carmarthenshire 007,65_plus,2,588
W02000148,2025,Carmarthenshire 007,16_24,1,310
W02000148,2025,Carmarthenshire 007,25_34,1,325
W02000148,2025,Carmarthenshire 007,35_49,1,445
W02000148,2025,Carmarthenshire 007,50_64,1,455
W02000148,2025,Carmarthenshire 007,65_plus,1,500
W02000148,2025,Carmarthenshire 007,16_24,2,275
W02000148,2025,Carmarthenshire 007,25_34,2,391
W02000148,2025,Carmarthenshire 007,35_49,2,499
W02000148,2025,Carmarthenshire 007,50_64,2,518
W02000148,2025,Carmarthenshire 007,65_plus,2,605
W02000149,2021,Carmarthenshire 008,16_24,1,269
W02000149,2021,Carmarthenshire 008,25_34,1,413
W02000149,2021,Carmarthenshire 008,35_49,1,573
W02000149,2021,Carmarthenshire 008,50_64,1,553
W02000149,2021,Carmarthenshire 008,65_plus,1,822
W02000149,2021,Carmarthenshire 008,16_24,2,300
W02000149,2021,Carmarthenshire 008,25_34,2,417
W02000149,2021,Carmarthenshire 008,35_49,2,477
W02000149,2021,Carmarthenshire 008,50_64,2,613
W02000149,2021,Carmarthenshire 008,65_plus,2,1038
W02000149,2023,Carmarthenshire 008,16_24,1,260
W02000149,2023,Carmarthenshire 008,25_34,1,397
W02000149,2023,Carmarthenshire 008,35_49,1,599
W02000149,2023,Carmarthenshire 008,50_64,1,571
W02000149,2023,Carmarthenshire 008,65_plus,1,827
W02000149,2023,Carmarthenshire 008,16_24,2,269
W02000149,2023,Carmarthenshire 008,25_34,2,432
W02000149,2023,Carmarthenshire 008,35_49,2,516
W02000149,2023,Carmarthenshire 008,50_64,2,604
W02000149,2023,Carmarthenshire 008,65_plus,2,1050
W02000149,2025,Carmarthenshire 008,16_24,1,288
W02000149,2025,Carmarthenshire 008,25_34,1,400
W02000149,2025,Carmarthenshire 008,35_49,1,614
W02000149,2025,Carmarthenshire 008,50_64,1,559
W02000149,2025,Carmarthenshire 008,65_plus,1,857
W02000149,2025,Carmarthenshire 008,16_24,2,272
W02000149,2025,Carmarthenshire 008,25_34,2,450
W02000149,2025,Carmarthenshire 008,35_49,2,541
W02000149,2025,Carmarthenshire 008,50_64,2,601
W02000149,2025,Carmarthenshire 008,65_plus,2,1071
W02000151,2021,Carmarthenshire 010,16_24,1,404
W02000151,2021,Carmarthenshire 010,25_34,1,397
W02000151,2021,Carmarthenshire 010,35_49,1,612
W02000151,2021,Carmarthenshire 010,50_64,1,822
W02000151,2021,Carmarthenshire 010,65_plus,1,803
W02000151,2021,Carmarthenshire 010,16_24,2,321
W02000151,2021,Carmarthenshire 010,25_34,2,457
W02000151,2021,Carmarthenshire 010,35_49,2,584
W02000151,2021,Carmarthenshire 010,50_64,2,868
W02000151,2021,Carmarthenshire 010,65_plus,2,888
W02000151,2023,Carmarthenshire 010,16_24,1,398
W02000151,2023,Carmarthenshire 010,25_34,1,395
W02000151,2023,Carmarthenshire 010,35_49,1,598
W02000151,2023,Carmarthenshire 010,50_64,1,826
W02000151,2023,Carmarthenshire 010,65_plus,1,818
W02000151,2023,Carmarthenshire 010,16_24,2,300
W02000151,2023,Carmarthenshire 010,25_34,2,447
W02000151,2023,Carmarthenshire 010,35_49,2,598
W02000151,2023,Carmarthenshire 010,50_64,2,861
W02000151,2023,Carmarthenshire 010,65_plus,2,922
W02000151,2025,Carmarthenshire 010,16_24,1,416
W02000151,2025,Carmarthenshire 010,25_34,1,406
W02000151,2025,Carmarthenshire 010,35_49,1,598
W02000151,2025,Carmarthenshire 010,50_64,1,821
W02000151,2025,Carmarthenshire 010,65_plus,1,874
W02000151,2025,Carmarthenshire 010,16_24,2,325
W02000151,2025,Carmarthenshire 010,25_34,2,403
W02000151,2025,Carmarthenshire 010,35_49,2,651
W02000151,2025,Carmarthenshire 010,50_64,2,875
W02000151,2025,Carmarthenshire 010,65_plus,2,938
W02000152,2021,Carmarthenshire 011,16_24,1,461
W02000152,2021,Carmarthenshire 011,25_34,1,337
W02000152,2021,Carmarthenshire 011,35_49,1,706
W02000152,2021,Carmarthenshire 011,50_64,1,840
W02000152,2021,Carmarthenshire 011,65_plus,1,1087
W02000152,2021,Carmarthenshire 011,16_24,2,429
W02000152,2021,Carmarthenshire 011,25_34,2,412
W02000152,2021,Carmarthenshire 011,35_49,2,801
W02000152,2021,Carmarthenshire 011,50_64,2,915
W02000152,2021,Carmarthenshire 011,65_plus,2,1252
W02000152,2023,Carmarthenshire 011,16_24,1,442
W02000152,2023,Carmarthenshire 011,25_34,1,364
W02000152,2023,Carmarthenshire 011,35_49,1,705
W02000152,2023,Carmarthenshire 011,50_64,1,860
W02000152,2023,Carmarthenshire 011,65_plus,1,1108
W02000152,2023,Carmarthenshire 011,16_24,2,416
W02000152,2023,Carmarthenshire 011,25_34,2,447
W02000152,2023,Carmarthenshire 011,35_49,2,779
W02000152,2023,Carmarthenshire 011,50_64,2,945
W02000152,2023,Carmarthenshire 011,65_plus,2,1317
W02000152,2025,Carmarthenshire 011,16_24,1,433
W02000152,2025,Carmarthenshire 011,25_34,1,393
W02000152,2025,Carmarthenshire 011,35_49,1,696
W02000152,2025,Carmarthenshire 011,50_64,1,865
W02000152,2025,Carmarthenshire 011,65_plus,1,1131
W02000152,2025,Carmarthenshire 011,16_24,2,427
W02000152,2025,Carmarthenshire 011,25_34,2,465
W02000152,2025,Carmarthenshire 011,35_49,2,800
W02000152,2025,Carmarthenshire 011,50_64,2,926
W02000152,2025,Carmarthenshire 011,65_plus,2,1356
W02000153,2021,Carmarthenshire 012,16_24,1,392
W02000153,2021,Carmarthenshire 012,25_34,1,426
W02000153,2021,Carmarthenshire 012,35_49,1,642
W02000153,2021,Carmarthenshire 012,50_64,1,950
W02000153,2021,Carmarthenshire 012,65_plus,1,1128
W02000153,2021,Carmarthenshire 012,16_24,2,353
W02000153,2021,Carmarthenshire 012,25_34,2,403
W02000153,2021,Carmarthenshire 012,35_49,2,685
W02000153,2021,Carmarthenshire 012,50_64,2,1032
W02000153,2021,Carmarthenshire 012,65_plus,2,1241
W02000153,2023,Carmarthenshire 012,16_24,1,419
W02000153,2023,Carmarthenshire 012,25_34,1,430
W02000153,2023,Carmarthenshire 012,35_49,1,637
W02000153,2023,Carmarthenshire 012,50_64,1,994
W02000153,2023,Carmarthenshire 012,65_plus,1,1166
W02000153,2023,Carmarthenshire 012,16_24,2,380
W02000153,2023,Carmarthenshire 012,25_34,2,410
W02000153,2023,Carmarthenshire 012,35_49,2,714
W02000153,2023,Carmarthenshire 012,50_64,2,1046
W02000153,2023,Carmarthenshire 012,65_plus,2,1304
W02000153,2025,Carmarthenshire 012,16_24,1,394
W02000153,2025,Carmarthenshire 012,25_34,1,406
W02000153,2025,Carmarthenshire 012,35_49,1,637
W02000153,2025,Carmarthenshire 012,50_64,1,966
W02000153,2025,Carmarthenshire 012,65_plus,1,1204
W02000153,2025,Carmarthenshire 012,16_24,2,403
W02000153,2025,Carmarthenshire 012,25_34,2,394
W02000153,2025,Carmarthenshire 012,35_49,2,737
W02000153,2025,Carmarthenshire 012,50_64,2,1025
W02000153,2025,Carmarthenshire 012,65_plus,2,1357
W02000154,2021,Carmarthenshire 013,16_24,1,429
W02000154,2021,Carmarthenshire 013,25_34,1,427
W02000154,2021,Carmarthenshire 013,35_49,1,663
W02000154,2021,Carmarthenshire 013,50_64,1,758
W02000154,2021,Carmarthenshire 013,65_plus,1,865
W02000154,2021,Carmarthenshire 013,16_24,2,415
W02000154,2021,Carmarthenshire 013,25_34,2,389
W02000154,2021,Carmarthenshire 013,35_49,2,746
W02000154,2021,Carmarthenshire 013,50_64,2,831
W02000154,2021,Carmarthenshire 013,65_plus,2,999
W02000154,2023,Carmarthenshire 013,16_24,1,462
W02000154,2023,Carmarthenshire 013,25_34,1,462
W02000154,2023,Carmarthenshire 013,35_49,1,631
W02000154,2023,Carmarthenshire 013,50_64,1,768
W02000154,2023,Carmarthenshire 013,65_plus,1,872
W02000154,2023,Carmarthenshire 013,16_24,2,407
W02000154,2023,Carmarthenshire 013,25_34,2,388
W02000154,2023,Carmarthenshire 013,35_49,2,742
W02000154,2023,Carmarthenshire 013,50_64,2,846
W02000154,2023,Carmarthenshire 013,65_plus,2,995
W02000154,2025,Carmarthenshire 013,16_24,1,475
W02000154,2025,Carmarthenshire 013,25_34,1,458
W02000154,2025,Carmarthenshire 013,35_49,1,675
W02000154,2025,Carmarthenshire 013,50_64,1,754
W02000154,2025,Carmarthenshire 013,65_plus,1,866
W02000154,2025,Carmarthenshire 013,16_24,2,414
W02000154,2025,Carmarthenshire 013,25_34,2,383
W02000154,2025,Carmarthenshire 013,35_49,2,751
W02000154,2025,Carmarthenshire 013,50_64,2,858
W02000154,2025,Carmarthenshire 013,65_plus,2,1010
W02000156,2021,Carmarthenshire 015,16_24,1,447
W02000156,2021,Carmarthenshire 015,25_34,1,510
W02000156,2021,Carmarthenshire 015,35_49,1,719
W02000156,2021,Carmarthenshire 015,50_64,1,838
W02000156,2021,Carmarthenshire 015,65_plus,1,896
W02000156,2021,Carmarthenshire 015,16_24,2,417
W02000156,2021,Carmarthenshire 015,25_34,2,458
W02000156,2021,Carmarthenshire 015,35_49,2,743
W02000156,2021,Carmarthenshire 015,50_64,2,936
W02000156,2021,Carmarthenshire 015,65_plus,2,1039
W02000156,2023,Carmarthenshire 015,16_24,1,467
W02000156,2023,Carmarthenshire 015,25_34,1,502
W02000156,2023,Carmarthenshire 015,35_49,1,704
W02000156,2023,Carmarthenshire 015,50_64,1,908
W02000156,2023,Carmarthenshire 015,65_plus,1,919
W02000156,2023,Carmarthenshire 015,16_24,2,386
W02000156,2023,Carmarthenshire 015,25_34,2,490
W02000156,2023,Carmarthenshire 015,35_49,2,756
W02000156,2023,Carmarthenshire 015,50_64,2,962
W02000156,2023,Carmarthenshire 015,65_plus,2,1065
W02000156,2025,Carmarthenshire 015,16_24,1,498
W02000156,2025,Carmarthenshire 015,25_34,1,485
W02000156,2025,Carmarthenshire 015,35_49,1,715
W02000156,2025,Carmarthenshire 015,50_64,1,887
W02000156,2025,Carmarthenshire 015,65_plus,1,958
W02000156,2025,Carmarthenshire 015,16_24,2,389
W02000156,2025,Carmarthenshire 015,25_34,2,464
W02000156,2025,Carmarthenshire 015,35_49,2,770
W02000156,2025,Carmarthenshire 015,50_64,2,993
W02000156,2025,Carmarthenshire 015,65_plus,2,1108
W02000157,2021,Carmarthenshire 016,16_24,1,450
W02000157,2021,Carmarthenshire 016,25_34,1,606
W02000157,2021,Carmarthenshire 016,35_49,1,855
W02000157,2021,Carmarthenshire 016,50_64,1,1038
W02000157,2021,Carmarthenshire 016,65_plus,1,1070
W02000157,2021,Carmarthenshire 016,16_24,2,429
W02000157,2021,Carmarthenshire 016,25_34,2,635
W02000157,2021,Carmarthenshire 016,35_49,2,917
W02000157,2021,Carmarthenshire 016,50_64,2,1147
W02000157,2021,Carmarthenshire 016,65_plus,2,1210
W02000157,2023,Carmarthenshire 016,16_24,1,457
W02000157,2023,Carmarthenshire 016,25_34,1,618
W02000157,2023,Carmarthenshire 016,35_49,1,877
W02000157,2023,Carmarthenshire 016,50_64,1,1071
W02000157,2023,Carmarthenshire 016,65_plus,1,1109
W02000157,2023,Carmarthenshire 016,16_24,2,439
W02000157,2023,Carmarthenshire 016,25_34,2,621
W02000157,2023,Carmarthenshire 016,35_49,2,971
W02000157,2023,Carmarthenshire 016,50_64,2,1200
W02000157,2023,Carmarthenshire 016,65_plus,2,1266
W02000157,2025,Carmarthenshire 016,16_24,1,503
W02000157,2025,Carmarthenshire 016,25_34,1,588
W02000157,2025,Carmarthenshire 016,35_49,1,909
W02000157,2025,Carmarthenshire 016,50_64,1,1057
W02000157,2025,Carmarthenshire 016,65_plus,1,1126
W02000157,2025,Carmarthenshire 016,16_24,2,455
W02000157,2025,Carmarthenshire 016,25_34,2,559
W02000157,2025,Carmarthenshire 016,35_49,2,1001
W02000157,2025,Carmarthenshire 016,50_64,2,1200
W02000157,2025,Carmarthenshire 016,65_plus,2,1323
W02000158,2021,Carmarthenshire 017,16_24,1,315
W02000158,2021,Carmarthenshire 017,25_34,1,344
W02000158,2021,Carmarthenshire 017,35_49,1,504
W02000158,2021,Carmarthenshire 017,50_64,1,590
W02000158,2021,Carmarthenshire 017,65_plus,1,630
W02000158,2021,Carmarthenshire 017,16_24,2,261
W02000158,2021,Carmarthenshire 017,25_34,2,393
W02000158,2021,Carmarthenshire 017,35_49,2,543
W02000158,2021,Carmarthenshire 017,50_64,2,659
W02000158,2021,Carmarthenshire 017,65_plus,2,637
W02000158,2023,Carmarthenshire 017,16_24,1,301
W02000158,2023,Carmarthenshire 017,25_34,1,340
W02000158,2023,Carmarthenshire 017,35_49,1,526
W02000158,2023,Carmarthenshire 017,50_64,1,618
W02000158,2023,Carmarthenshire 017,65_plus,1,624
W02000158,2023,Carmarthenshire 017,16_24,2,256
W02000158,2023,Carmarthenshire 017,25_34,2,407
W02000158,2023,Carmarthenshire 017,35_49,2,568
W02000158,2023,Carmarthenshire 017,50_64,2,691
W02000158,2023,Carmarthenshire 017,65_plus,2,671
W02000158,2025,Carmarthenshire 017,16_24,1,283
W02000158,2025,Carmarthenshire 017,25_34,1,326
W02000158,2025,Carmarthenshire 017,35_49,1,552
W02000158,2025,Carmarthenshire 017,50_64,1,592
W02000158,2025,Carmarthenshire 017,65_plus,1,615
W02000158,2025,Carmarthenshire 017,16_24,2,286
W02000158,2025,Carmarthenshire 017,25_34,2,380
W02000158,2025,Carmarthenshire 017,35_49,2,568
W02000158,2025,Carmarthenshire 017,50_64,2,683
W02000158,2025,Carmarthenshire 017,65_plus,2,692
W02000159,2021,Carmarthenshire 018,16_24,1,315
W02000159,2021,Carmarthenshire 018,25_34,1,318
W02000159,2021,Carmarthenshire 018,35_49,1,454
W02000159,2021,Carmarthenshire 018,50_64,1,642
W02000159,2021,Carmarthenshire 018,65_plus,1,704
W02000159,2021,Carmarthenshire 018,16_24,2,315
W02000159,2021,Carmarthenshire 018,25_34,2,324
W02000159,2021,Carmarthenshire 018,35_49,2,510
W02000159,2021,Carmarthenshire 018,50_64,2,720
W02000159,2021,Carmarthenshire 018,65_plus,2,770
W02000159,2023,Carmarthenshire 018,16_24,1,294
W02000159,2023,Carmarthenshire 018,25_34,1,306
W02000159,2023,Carmarthenshire 018,35_49,1,455
W02000159,2023,Carmarthenshire 018,50_64,1,636
W02000159,2023,Carmarthenshire 018,65_plus,1,728
W02000159,2023,Carmarthenshire 018,16_24,2,311
W02000159,2023,Carmarthenshire 018,25_34,2,321
W02000159,2023,Carmarthenshire 018,35_49,2,539
W02000159,2023,Carmarthenshire 018,50_64,2,713
W02000159,2023,Carmarthenshire 018,65_plus,2,830
W02000159,2025,Carmarthenshire 018,16_24,1,294
W02000159,2025,Carmarthenshire 018,25_34,1,304
W02000159,2025,Carmarthenshire 018,35_49,1,457
W02000159,2025,Carmarthenshire 018,50_64,1,653
W02000159,2025,Carmarthenshire 018,65_plus,1,752
W02000159,2025,Carmarthenshire 018,16_24,2,333
W02000159,2025,Carmarthenshire 018,25_34,2,318
W02000159,2025,Carmarthenshire 018,35_49,2,541
W02000159,2025,Carmarthenshire 018,50_64,2,722
W02000159,2025,Carmarthenshire 018,65_plus,2,844
W02000160,2021,Carmarthenshire 019,16_24,1,388
W02000160,2021,Carmarthenshire 019,25_34,1,358
W02000160,2021,Carmarthenshire 019,35_49,1,656
W02000160,2021,Carmarthenshire 019,50_64,1,754
W02000160,2021,Carmarthenshire 019,65_plus,1,899
W02000160,2021,Carmarthenshire 019,16_24,2,356
W02000160,2021,Carmarthenshire 019,25_34,2,370
W02000160,2021,Carmarthenshire 019,35_49,2,680
W02000160,2021,Carmarthenshire 019,50_64,2,863
W02000160,2021,Carmarthenshire 019,65_plus,2,1083
W02000160,2023,Carmarthenshire 019,16_24,1,403
W02000160,2023,Carmarthenshire 019,25_34,1,360
W02000160,2023,Carmarthenshire 019,35_49,1,650
W02000160,2023,Carmarthenshire 019,50_64,1,768
W02000160,2023,Carmarthenshire 019,65_plus,1,903
W02000160,2023,Carmarthenshire 019,16_24,2,356
W02000160,2023,Carmarthenshire 019,25_34,2,332
W02000160,2023,Carmarthenshire 019,35_49,2,669
W02000160,2023,Carmarthenshire 019,50_64,2,879
W02000160,2023,Carmarthenshire 019,65_plus,2,1063
W02000160,2025,Carmarthenshire 019,16_24,1,431
W02000160,2025,Carmarthenshire 019,25_34,1,372
W02000160,2025,Carmarthenshire 019,35_49,1,643
W02000160,2025,Carmarthenshire 019,50_64,1,797
W02000160,2025,Carmarthenshire 019,65_plus,1,916
W02000160,2025,Carmarthenshire 019,16_24,2,353
W02000160,2025,Carmarthenshire 019,25_34,2,332
W02000160,2025,Carmarthenshire 019,35_49,2,652
W02000160,2025,Carmarthenshire 019,50_64,2,868
W02000160,2025,Carmarthenshire 019,65_plus,2,1058
W02000161,2021,Carmarthenshire 020,16_24,1,317
W02000161,2021,Carmarthenshire 020,25_34,1,298
W02000161,2021,Carmarthenshire 020,35_49,1,431
W02000161,2021,Carmarthenshire 020,50_64,1,483
W02000161,2021,Carmarthenshire 020,65_plus,1,479
W02000161,2021,Carmarthenshire 020,16_24,2,303
W02000161,2021,Carmarthenshire 020,25_34,2,327
W02000161,2021,Carmarthenshire 020,35_49,2,469
W02000161,2021,Carmarthenshire 020,50_64,2,562
W02000161,2021,Carmarthenshire 020,65_plus,2,609
W02000161,2023,Carmarthenshire 020,16_24,1,311
W02000161,2023,Carmarthenshire 020,25_34,1,299
W02000161,2023,Carmarthenshire 020,35_49,1,396
W02000161,2023,Carmarthenshire 020,50_64,1,518
W02000161,2023,Carmarthenshire 020,65_plus,1,500
W02000161,2023,Carmarthenshire 020,16_24,2,260
W02000161,2023,Carmarthenshire 020,25_34,2,323
W02000161,2023,Carmarthenshire 020,35_49,2,445
W02000161,2023,Carmarthenshire 020,50_64,2,572
W02000161,2023,Carmarthenshire 020,65_plus,2,630
W02000161,2025,Carmarthenshire 020,16_24,1,323
W02000161,2025,Carmarthenshire 020,25_34,1,300
W02000161,2025,Carmarthenshire 020,35_49,1,435
W02000161,2025,Carmarthenshire 020,50_64,1,491
W02000161,2025,Carmarthenshire 020,65_plus,1,498
W02000161,2025,Carmarthenshire 020,16_24,2,273
W02000161,2025,Carmarthenshire 020,25_34,2,339
W02000161,2025,Carmarthenshire 020,35_49,2,463
W02000161,2025,Carmarthenshire 020,50_64,2,570
W02000161,2025,Carmarthenshire 020,65_plus,2,628
W02000162,2021,Carmarthenshire 021,16_24,1,441
W02000162,2021,Carmarthenshire 021,25_34,1,350
W02000162,2021,Carmarthenshire 021,35_49,1,634
W02000162,2021,Carmarthenshire 021,50_64,1,921
W02000162,2021,Carmarthenshire 021,65_plus,1,1066
W02000162,2021,Carmarthenshire 021,16_24,2,389
W02000162,2021,Carmarthenshire 021,25_34,2,369
W02000162,2021,Carmarthenshire 021,35_49,2,679
W02000162,2021,Carmarthenshire 021,50_64,2,1004
W02000162,2021,Carmarthenshire 021,65_plus,2,1260
W02000162,2023,Carmarthenshire 021,16_24,1,419
W02000162,2023,Carmarthenshire 021,25_34,1,349
W02000162,2023,Carmarthenshire 021,35_49,1,551
W02000162,2023,Carmarthenshire 021,50_64,1,989
W02000162,2023,Carmarthenshire 021,65_plus,1,1067
W02000162,2023,Carmarthenshire 021,16_24,2,391
W02000162,2023,Carmarthenshire 021,25_34,2,376
W02000162,2023,Carmarthenshire 021,35_49,2,680
W02000162,2023,Carmarthenshire 021,50_64,2,1012
W02000162,2023,Carmarthenshire 021,65_plus,2,1282
W02000162,2025,Carmarthenshire 021,16_24,1,427
W02000162,2025,Carmarthenshire 021,25_34,1,375
W02000162,2025,Carmarthenshire 021,35_49,1,549
W02000162,2025,Carmarthenshire 021,50_64,1,1002
W02000162,2025,Carmarthenshire 021,65_plus,1,1065
W02000162,2025,Carmarthenshire 021,16_24,2,423
W02000162,2025,Carmarthenshire 021,25_34,2,376
W02000162,2025,Carmarthenshire 021,35_49,2,701
W02000162,2025,Carmarthenshire 021,50_64,2,1029
W02000162,2025,Carmarthenshire 021,65_plus,2,1346
W02000163,2021,Carmarthenshire 022,16_24,1,277
W02000163,2021,Carmarthenshire 022,25_34,1,325
W02000163,2021,Carmarthenshire 022,35_49,1,499
W02000163,2021,Carmarthenshire 022,50_64,1,491
W02000163,2021,Carmarthenshire 022,65_plus,1,499
W02000163,2021,Carmarthenshire 022,16_24,2,292
W02000163,2021,Carmarthenshire 022,25_34,2,335
W02000163,2021,Carmarthenshire 022,35_49,2,530
W02000163,2021,Carmarthenshire 022,50_64,2,544
W02000163,2021,Carmarthenshire 022,65_plus,2,628
W02000163,2023,Carmarthenshire 022,16_24,1,269
W02000163,2023,Carmarthenshire 022,25_34,1,331
W02000163,2023,Carmarthenshire 022,35_49,1,512
W02000163,2023,Carmarthenshire 022,50_64,1,510
W02000163,2023,Carmarthenshire 022,65_plus,1,508
W02000163,2023,Carmarthenshire 022,16_24,2,286
W02000163,2023,Carmarthenshire 022,25_34,2,333
W02000163,2023,Carmarthenshire 022,35_49,2,544
W02000163,2023,Carmarthenshire 022,50_64,2,556
W02000163,2023,Carmarthenshire 022,65_plus,2,619
W02000163,2025,Carmarthenshire 022,16_24,1,303
W02000163,2025,Carmarthenshire 022,25_34,1,305
W02000163,2025,Carmarthenshire 022,35_49,1,541
W02000163,2025,Carmarthenshire 022,50_64,1,501
W02000163,2025,Carmarthenshire 022,65_plus,1,522
W02000163,2025,Carmarthenshire 022,16_24,2,304
W02000163,2025,Carmarthenshire 022,25_34,2,320
W02000163,2025,Carmarthenshire 022,35_49,2,549
W02000163,2025,Carmarthenshire 022,50_64,2,539
W02000163,2025,Carmarthenshire 022,65_plus,2,627
W02000164,2021,Carmarthenshire 023,16_24,1,393
W02000164,2021,Carmarthenshire 023,25_34,1,462
W02000164,2021,Carmarthenshire 023,35_49,1,604
W02000164,2021,Carmarthenshire 023,50_64,1,778
W02000164,2021,Carmarthenshire 023,65_plus,1,817
W02000164,2021,Carmarthenshire 023,16_24,2,356
W02000164,2021,Carmarthenshire 023,25_34,2,462
W02000164,2021,Carmarthenshire 023,35_49,2,645
W02000164,2021,Carmarthenshire 023,50_64,2,838
W02000164,2021,Carmarthenshire 023,65_plus,2,940
W02000164,2023,Carmarthenshire 023,16_24,1,370
W02000164,2023,Carmarthenshire 023,25_34,1,479
W02000164,2023,Carmarthenshire 023,35_49,1,638
W02000164,2023,Carmarthenshire 023,50_64,1,767
W02000164,2023,Carmarthenshire 023,65_plus,1,898
W02000164,2023,Carmarthenshire 023,16_24,2,340
W02000164,2023,Carmarthenshire 023,25_34,2,497
W02000164,2023,Carmarthenshire 023,35_49,2,634
W02000164,2023,Carmarthenshire 023,50_64,2,888
W02000164,2023,Carmarthenshire 023,65_plus,2,964
W02000164,2025,Carmarthenshire 023,16_24,1,357
W02000164,2025,Carmarthenshire 023,25_34,1,518
W02000164,2025,Carmarthenshire 023,35_49,1,674
W02000164,2025,Carmarthenshire 023,50_64,1,760
W02000164,2025,Carmarthenshire 023,65_plus,1,921
W02000164,2025,Carmarthenshire 023,16_24,2,321
W02000164,2025,Carmarthenshire 023,25_34,2,513
W02000164,2025,Carmarthenshire 023,35_49,2,653
W02000164,2025,Carmarthenshire 023,50_64,2,853
W02000164,2025,Carmarthenshire 023,65_plus,2,980
W02000165,2021,Carmarthenshire 024,16_24,1,388
W02000165,2021,Carmarthenshire 024,25_34,1,388
W02000165,2021,Carmarthenshire 024,35_49,1,567
W02000165,2021,Carmarthenshire 024,50_64,1,619
W02000165,2021,Carmarthenshire 024,65_plus,1,584
W02000165,2021,Carmarthenshire 024,16_24,2,376
W02000165,2021,Carmarthenshire 024,25_34,2,391
W02000165,2021,Carmarthenshire 024,35_49,2,632
W02000165,2021,Carmarthenshire 024,50_64,2,669
W02000165,2021,Carmarthenshire 024,65_plus,2,746
W02000165,2023,Carmarthenshire 024,16_24,1,376
W02000165,2023,Carmarthenshire 024,25_34,1,402
W02000165,2023,Carmarthenshire 024,35_49,1,561
W02000165,2023,Carmarthenshire 024,50_64,1,673
W02000165,2023,Carmarthenshire 024,65_plus,1,567
W02000165,2023,Carmarthenshire 024,16_24,2,387
W02000165,2023,Carmarthenshire 024,25_34,2,403
W02000165,2023,Carmarthenshire 024,35_49,2,634
W02000165,2023,Carmarthenshire 024,50_64,2,713
W02000165,2023,Carmarthenshire 024,65_plus,2,720
W02000165,2025,Carmarthenshire 024,16_24,1,386
W02000165,2025,Carmarthenshire 024,25_34,1,398
W02000165,2025,Carmarthenshire 024,35_49,1,549
W02000165,2025,Carmarthenshire 024,50_64,1,677
W02000165,2025,Carmarthenshire 024,65_plus,1,588
W02000165,2025,Carmarthenshire 024,16_24,2,401
W02000165,2025,Carmarthenshire 024,25_34,2,389
W02000165,2025,Carmarthenshire 024,35_49,2,678
W02000165,2025,Carmarthenshire 024,50_64,2,721
W02000165,2025,Carmarthenshire 024,65_plus,2,717
W02000166,2021,Carmarthenshire 025,16_24,1,540
W02000166,2021,Carmarthenshire 025,25_34,1,554
W02000166,2021,Carmarthenshire 025,35_49,1,820
W02000166,2021,Carmarthenshire 025,50_64,1,838
W02000166,2021,Carmarthenshire 025,65_plus,1,742
W02000166,2021,Carmarthenshire 025,16_24,2,474
W02000166,2021,Carmarthenshire 025,25_34,2,668
W02000166,2021,Carmarthenshire 025,35_49,2,897
W02000166,2021,Carmarthenshire 025,50_64,2,872
W02000166,2021,Carmarthenshire 025,65_plus,2,863
W02000166,2023,Carmarthenshire 025,16_24,1,513
W02000166,2023,Carmarthenshire 025,25_34,1,633
W02000166,2023,Carmarthenshire 025,35_49,1,819
W02000166,2023,Carmarthenshire 025,50_64,1,827
W02000166,2023,Carmarthenshire 025,65_plus,1,773
W02000166,2023,Carmarthenshire 025,16_24,2,468
W02000166,2023,Carmarthenshire 025,25_34,2,701
W02000166,2023,Carmarthenshire 025,35_49,2,922
W02000166,2023,Carmarthenshire 025,50_64,2,879
W02000166,2023,Carmarthenshire 025,65_plus,2,866
W02000166,2025,Carmarthenshire 025,16_24,1,545
W02000166,2025,Carmarthenshire 025,25_34,1,636
W02000166,2025,Carmarthenshire 025,35_49,1,867
W02000166,2025,Carmarthenshire 025,50_64,1,842
W02000166,2025,Carmarthenshire 025,65_plus,1,818
W02000166,2025,Carmarthenshire 025,16_24,2,509
W02000166,2025,Carmarthenshire 025,25_34,2,670
W02000166,2025,Carmarthenshire 025,35_49,2,1010
W02000166,2025,Carmarthenshire 025,50_64,2,880
W02000166,2025,Carmarthenshire 025,65_plus,2,877
W02000167,2021,Carmarthenshire 026,16_24,1,638
W02000167,2021,Carmarthenshire 026,25_34,1,742
W02000167,2021,Carmarthenshire 026,35_49,1,961
W02000167,2021,Carmarthenshire 026,50_64,1,1036
W02000167,2021,Carmarthenshire 026,65_plus,1,786
W02000167,2021,Carmarthenshire 026,16_24,2,594
W02000167,2021,Carmarthenshire 026,25_34,2,730
W02000167,2021,Carmarthenshire 026,35_49,2,974
W02000167,2021,Carmarthenshire 026,50_64,2,1058
W02000167,2021,Carmarthenshire 026,65_plus,2,943
W02000167,2023,Carmarthenshire 026,16_24,1,642
W02000167,2023,Carmarthenshire 026,25_34,1,705
W02000167,2023,Carmarthenshire 026,35_49,1,964
W02000167,2023,Carmarthenshire 026,50_64,1,1028
W02000167,2023,Carmarthenshire 026,65_plus,1,786
W02000167,2023,Carmarthenshire 026,16_24,2,552
W02000167,2023,Carmarthenshire 026,25_34,2,713
W02000167,2023,Carmarthenshire 026,35_49,2,986
W02000167,2023,Carmarthenshire 026,50_64,2,1049
W02000167,2023,Carmarthenshire 026,65_plus,2,986
W02000167,2025,Carmarthenshire 026,16_24,1,604
W02000167,2025,Carmarthenshire 026,25_34,1,686
W02000167,2025,Carmarthenshire 026,35_49,1,977
W02000167,2025,Carmarthenshire 026,50_64,1,1015
W02000167,2025,Carmarthenshire 026,65_plus,1,829
W02000167,2025,Carmarthenshire 026,16_24,2,527
W02000167,2025,Carmarthenshire 026,25_34,2,681
W02000167,2025,Carmarthenshire 026,35_49,2,1003
W02000167,2025,Carmarthenshire 026,50_64,2,1044
W02000167,2025,Carmarthenshire 026,65_plus,2,1010
W02000168,2021,Swansea 001,16_24,1,347
W02000168,2021,Swansea 001,25_34,1,407
W02000168,2021,Swansea 001,35_49,1,614
W02000168,2021,Swansea 001,50_64,1,607
W02000168,2021,Swansea 001,65_plus,1,576
W02000168,2021,Swansea 001,16_24,2,330
W02000168,2021,Swansea 001,25_34,2,391
W02000168,2021,Swansea 001,35_49,2,656
W02000168,2021,Swansea 001,50_64,2,676
W02000168,2021,Swansea 001,65_plus,2,687
W02000168,2023,Swansea 001,16_24,1,383
W02000168,2023,Swansea 001,25_34,1,409
W02000168,2023,Swansea 001,35_49,1,628
W02000168,2023,Swansea 001,50_64,1,630
W02000168,2023,Swansea 001,65_plus,1,580
W02000168,2023,Swansea 001,16_24,2,337
W02000168,2023,Swansea 001,25_34,2,392
W02000168,2023,Swansea 001,35_49,2,672
W02000168,2023,Swansea 001,50_64,2,679
W02000168,2023,Swansea 001,65_plus,2,700
W02000168,2025,Swansea 001,16_24,1,406
W02000168,2025,Swansea 001,25_34,1,442
W02000168,2025,Swansea 001,35_49,1,645
W02000168,2025,Swansea 001,50_64,1,633
W02000168,2025,Swansea 001,65_plus,1,617
W02000168,2025,Swansea 001,16_24,2,344
W02000168,2025,Swansea 001,25_34,2,403
W02000168,2025,Swansea 001,35_49,2,701
W02000168,2025,Swansea 001,50_64,2,695
W02000168,2025,Swansea 001,65_plus,2,761
W02000169,2021,Swansea 002,16_24,1,453
W02000169,2021,Swansea 002,25_34,1,506
W02000169,2021,Swansea 002,35_49,1,792
W02000169,2021,Swansea 002,50_64,1,912
W02000169,2021,Swansea 002,65_plus,1,992
W02000169,2021,Swansea 002,16_24,2,421
W02000169,2021,Swansea 002,25_34,2,562
W02000169,2021,Swansea 002,35_49,2,790
W02000169,2021,Swansea 002,50_64,2,1004
W02000169,2021,Swansea 002,65_plus,2,1045
W02000169,2023,Swansea 002,16_24,1,481
W02000169,2023,Swansea 002,25_34,1,525
W02000169,2023,Swansea 002,35_49,1,793
W02000169,2023,Swansea 002,50_64,1,927
W02000169,2023,Swansea 002,65_plus,1,976
W02000169,2023,Swansea 002,16_24,2,416
W02000169,2023,Swansea 002,25_34,2,559
W02000169,2023,Swansea 002,35_49,2,789
W02000169,2023,Swansea 002,50_64,2,1033
W02000169,2023,Swansea 002,65_plus,2,1073
W02000169,2025,Swansea 002,16_24,1,509
W02000169,2025,Swansea 002,25_34,1,565
W02000169,2025,Swansea 002,35_49,1,850
W02000169,2025,Swansea 002,50_64,1,874
W02000169,2025,Swansea 002,65_plus,1,999
W02000169,2025,Swansea 002,16_24,2,454
W02000169,2025,Swansea 002,25_34,2,589
W02000169,2025,Swansea 002,35_49,2,821
W02000169,2025,Swansea 002,50_64,2,1024
W02000169,2025,Swansea 002,65_plus,2,1121
W02000170,2021,Swansea 003,16_24,1,425
W02000170,2021,Swansea 003,25_34,1,518
W02000170,2021,Swansea 003,35_49,1,744
W02000170,2021,Swansea 003,50_64,1,852
W02000170,2021,Swansea 003,65_plus,1,943
W02000170,2021,Swansea 003,16_24,2,452
W02000170,2021,Swansea 003,25_34,2,527
W02000170,2021,Swansea 003,35_49,2,847
W02000170,2021,Swansea 003,50_64,2,940
W02000170,2021,Swansea 003,65_plus,2,1091
W02000170,2023,Swansea 003,16_24,1,479
W02000170,2023,Swansea 003,25_34,1,522
W02000170,2023,Swansea 003,35_49,1,701
W02000170,2023,Swansea 003,50_64,1,878
W02000170,2023,Swansea 003,65_plus,1,978
W02000170,2023,Swansea 003,16_24,2,461
W02000170,2023,Swansea 003,25_34,2,616
W02000170,2023,Swansea 003,35_49,2,803
W02000170,2023,Swansea 003,50_64,2,964
W02000170,2023,Swansea 003,65_plus,2,1128
W02000170,2025,Swansea 003,16_24,1,511
W02000170,2025,Swansea 003,25_34,1,588
W02000170,2025,Swansea 003,35_49,1,772
W02000170,2025,Swansea 003,50_64,1,844
W02000170,2025,Swansea 003,65_plus,1,985
W02000170,2025,Swansea 003,16_24,2,484
W02000170,2025,Swansea 003,25_34,2,672
W02000170,2025,Swansea 003,35_49,2,868
W02000170,2025,Swansea 003,50_64,2,962
W02000170,2025,Swansea 003,65_plus,2,1165
W02000171,2021,Swansea 004,16_24,1,447
W02000171,2021,Swansea 004,25_34,1,482
W02000171,2021,Swansea 004,35_49,1,842
W02000171,2021,Swansea 004,50_64,1,840
W02000171,2021,Swansea 004,65_plus,1,703
W02000171,2021,Swansea 004,16_24,2,375
W02000171,2021,Swansea 004,25_34,2,510
W02000171,2021,Swansea 004,35_49,2,917
W02000171,2021,Swansea 004,50_64,2,954
W02000171,2021,Swansea 004,65_plus,2,786
W02000171,2023,Swansea 004,16_24,1,455
W02000171,2023,Swansea 004,25_34,1,494
W02000171,2023,Swansea 004,35_49,1,839
W02000171,2023,Swansea 004,50_64,1,880
W02000171,2023,Swansea 004,65_plus,1,703
W02000171,2023,Swansea 004,16_24,2,381
W02000171,2023,Swansea 004,25_34,2,527
W02000171,2023,Swansea 004,35_49,2,944
W02000171,2023,Swansea 004,50_64,2,989
W02000171,2023,Swansea 004,65_plus,2,808
W02000171,2025,Swansea 004,16_24,1,498
W02000171,2025,Swansea 004,25_34,1,545
W02000171,2025,Swansea 004,35_49,1,869
W02000171,2025,Swansea 004,50_64,1,895
W02000171,2025,Swansea 004,65_plus,1,740
W02000171,2025,Swansea 004,16_24,2,414
W02000171,2025,Swansea 004,25_34,2,607
W02000171,2025,Swansea 004,35_49,2,975
W02000171,2025,Swansea 004,50_64,2,1000
W02000171,2025,Swansea 004,65_plus,2,854
W02000172,2021,Swansea 005,16_24,1,563
W02000172,2021,Swansea 005,25_34,1,666
W02000172,2021,Swansea 005,35_49,1,981
W02000172,2021,Swansea 005,50_64,1,967
W02000172,2021,Swansea 005,65_plus,1,892
W02000172,2021,Swansea 005,16_24,2,527
W02000172,2021,Swansea 005,25_34,2,646
W02000172,2021,Swansea 005,35_49,2,1016
W02000172,2021,Swansea 005,50_64,2,1047
W02000172,2021,Swansea 005,65_plus,2,1111
W02000172,2023,Swansea 005,16_24,1,613
W02000172,2023,Swansea 005,25_34,1,623
W02000172,2023,Swansea 005,35_49,1,1012
W02000172,2023,Swansea 005,50_64,1,977
W02000172,2023,Swansea 005,65_plus,1,920
W02000172,2023,Swansea 005,16_24,2,524
W02000172,2023,Swansea 005,25_34,2,635
W02000172,2023,Swansea 005,35_49,2,1014
W02000172,2023,Swansea 005,50_64,2,1085
W02000172,2023,Swansea 005,65_plus,2,1164
W02000172,2025,Swansea 005,16_24,1,682
W02000172,2025,Swansea 005,25_34,1,666
W02000172,2025,Swansea 005,35_49,1,1074
W02000172,2025,Swansea 005,50_64,1,944
W02000172,2025,Swansea 005,65_plus,1,971
W02000172,2025,Swansea 005,16_24,2,582
W02000172,2025,Swansea 005,25_34,2,661
W02000172,2025,Swansea 005,35_49,2,1063
W02000172,2025,Swansea 005,50_64,2,1071
W02000172,2025,Swansea 005,65_plus,2,1200
W02000173,2021,Swansea 006,16_24,1,402
W02000173,2021,Swansea 006,25_34,1,574
W02000173,2021,Swansea 006,35_49,1,854
W02000173,2021,Swansea 006,50_64,1,735
W02000173,2021,Swansea 006,65_plus,1,512
W02000173,2021,Swansea 006,16_24,2,374
W02000173,2021,Swansea 006,25_34,2,610
W02000173,2021,Swansea 006,35_49,2,890
W02000173,2021,Swansea 006,50_64,2,751
W02000173,2021,Swansea 006,65_plus,2,651
W02000173,2023,Swansea 006,16_24,1,449
W02000173,2023,Swansea 006,25_34,1,532
W02000173,2023,Swansea 006,35_49,1,842
W02000173,2023,Swansea 006,50_64,1,730
W02000173,2023,Swansea 006,65_plus,1,551
W02000173,2023,Swansea 006,16_24,2,370
W02000173,2023,Swansea 006,25_34,2,567
W02000173,2023,Swansea 006,35_49,2,896
W02000173,2023,Swansea 006,50_64,2,769
W02000173,2023,Swansea 006,65_plus,2,678
W02000173,2025,Swansea 006,16_24,1,464
W02000173,2025,Swansea 006,25_34,1,583
W02000173,2025,Swansea 006,35_49,1,826
W02000173,2025,Swansea 006,50_64,1,770
W02000173,2025,Swansea 006,65_plus,1,565
W02000173,2025,Swansea 006,16_24,2,393
W02000173,2025,Swansea 006,25_34,2,499
W02000173,2025,Swansea 006,35_49,2,920
W02000173,2025,Swansea 006,50_64,2,803
W02000173,2025,Swansea 006,65_plus,2,703
W02000174,2021,Swansea 007,16_24,1,449
W02000174,2021,Swansea 007,25_34,1,561
W02000174,2021,Swansea 007,35_49,1,826
W02000174,2021,Swansea 007,50_64,1,906
W02000174,2021,Swansea 007,65_plus,1,1011
W02000174,2021,Swansea 007,16_24,2,414
W02000174,2021,Swansea 007,25_34,2,655
W02000174,2021,Swansea 007,35_49,2,891
W02000174,2021,Swansea 007,50_64,2,1026
W02000174,2021,Swansea 007,65_plus,2,1195
W02000174,2023,Swansea 007,16_24,1,474
W02000174,2023,Swansea 007,25_34,1,623
W02000174,2023,Swansea 007,35_49,1,810
W02000174,2023,Swansea 007,50_64,1,931
W02000174,2023,Swansea 007,65_plus,1,1044
W02000174,2023,Swansea 007,16_24,2,396
W02000174,2023,Swansea 007,25_34,2,649
W02000174,2023,Swansea 007,35_49,2,914
W02000174,2023,Swansea 007,50_64,2,1017
W02000174,2023,Swansea 007,65_plus,2,1272
W02000174,2025,Swansea 007,16_24,1,502
W02000174,2025,Swansea 007,25_34,1,651
W02000174,2025,Swansea 007,35_49,1,893
W02000174,2025,Swansea 007,50_64,1,932
W02000174,2025,Swansea 007,65_plus,1,1051
W02000174,2025,Swansea 007,16_24,2,428
W02000174,2025,Swansea 007,25_34,2,600
W02000174,2025,Swansea 007,35_49,2,995
W02000174,2025,Swansea 007,50_64,2,1008
W02000174,2025,Swansea 007,65_plus,2,1296
W02000175,2021,Swansea 008,16_24,1,376
W02000175,2021,Swansea 008,25_34,1,577
W02000175,2021,Swansea 008,35_49,1,694
W02000175,2021,Swansea 008,50_64,1,752
W02000175,2021,Swansea 008,65_plus,1,581
W02000175,2021,Swansea 008,16_24,2,329
W02000175,2021,Swansea 008,25_34,2,567
W02000175,2021,Swansea 008,35_49,2,735
W02000175,2021,Swansea 008,50_64,2,792
W02000175,2021,Swansea 008,65_plus,2,720
W02000175,2023,Swansea 008,16_24,1,394
W02000175,2023,Swansea 008,25_34,1,569
W02000175,2023,Swansea 008,35_49,1,669
W02000175,2023,Swansea 008,50_64,1,755
W02000175,2023,Swansea 008,65_plus,1,600
W02000175,2023,Swansea 008,16_24,2,346
W02000175,2023,Swansea 008,25_34,2,534
W02000175,2023,Swansea 008,35_49,2,684
W02000175,2023,Swansea 008,50_64,2,797
W02000175,2023,Swansea 008,65_plus,2,769
W02000175,2025,Swansea 008,16_24,1,382
W02000175,2025,Swansea 008,25_34,1,613
W02000175,2025,Swansea 008,35_49,1,746
W02000175,2025,Swansea 008,50_64,1,745
W02000175,2025,Swansea 008,65_plus,1,625
W02000175,2025,Swansea 008,16_24,2,364
W02000175,2025,Swansea 008,25_34,2,615
W02000175,2025,Swansea 008,35_49,2,731
W02000175,2025,Swansea 008,50_64,2,783
W02000175,2025,Swansea 008,65_plus,2,809
W02000176,2021,Swansea 009,16_24,1,435
W02000176,2021,Swansea 009,25_34,1,471
W02000176,2021,Swansea 009,35_49,1,797
W02000176,2021,Swansea 009,50_64,1,862
W02000176,2021,Swansea 009,65_plus,1,1008
W02000176,2021,Swansea 009,16_24,2,408
W02000176,2021,Swansea 009,25_34,2,542
W02000176,2021,Swansea 009,35_49,2,772
W02000176,2021,Swansea 009,50_64,2,904
W02000176,2021,Swansea 009,65_plus,2,1201
W02000176,2023,Swansea 009,16_24,1,424
W02000176,2023,Swansea 009,25_34,1,468
W02000176,2023,Swansea 009,35_49,1,793
W02000176,2023,Swansea 009,50_64,1,860
W02000176,2023,Swansea 009,65_plus,1,1015
W02000176,2023,Swansea 009,16_24,2,424
W02000176,2023,Swansea 009,25_34,2,553
W02000176,2023,Swansea 009,35_49,2,777
W02000176,2023,Swansea 009,50_64,2,893
W02000176,2023,Swansea 009,65_plus,2,1178
W02000176,2025,Swansea 009,16_24,1,472
W02000176,2025,Swansea 009,25_34,1,509
W02000176,2025,Swansea 009,35_49,1,863
W02000176,2025,Swansea 009,50_64,1,858
W02000176,2025,Swansea 009,65_plus,1,1001
W02000176,2025,Swansea 009,16_24,2,459
W02000176,2025,Swansea 009,25_34,2,586
W02000176,2025,Swansea 009,35_49,2,794
W02000176,2025,Swansea 009,50_64,2,908
W02000176,2025,Swansea 009,65_plus,2,1201
W02000177,2021,Swansea 010,16_24,1,361
W02000177,2021,Swansea 010,25_34,1,422
W02000177,2021,Swansea 010,35_49,1,648
W02000177,2021,Swansea 010,50_64,1,702
W02000177,2021,Swansea 010,65_plus,1,531
W02000177,2021,Swansea 010,16_24,2,334
W02000177,2021,Swansea 010,25_34,2,504
W02000177,2021,Swansea 010,35_49,2,729
W02000177,2021,Swansea 010,50_64,2,732
W02000177,2021,Swansea 010,65_plus,2,671
W02000177,2023,Swansea 010,16_24,1,387
W02000177,2023,Swansea 010,25_34,1,425
W02000177,2023,Swansea 010,35_49,1,648
W02000177,2023,Swansea 010,50_64,1,715
W02000177,2023,Swansea 010,65_plus,1,539
W02000177,2023,Swansea 010,16_24,2,354
W02000177,2023,Swansea 010,25_34,2,440
W02000177,2023,Swansea 010,35_49,2,753
W02000177,2023,Swansea 010,50_64,2,762
W02000177,2023,Swansea 010,65_plus,2,710
W02000177,2025,Swansea 010,16_24,1,413
W02000177,2025,Swansea 010,25_34,1,456
W02000177,2025,Swansea 010,35_49,1,679
W02000177,2025,Swansea 010,50_64,1,695
W02000177,2025,Swansea 010,65_plus,1,565
W02000177,2025,Swansea 010,16_24,2,381
W02000177,2025,Swansea 010,25_34,2,495
W02000177,2025,Swansea 010,35_49,2,779
W02000177,2025,Swansea 010,50_64,2,769
W02000177,2025,Swansea 010,65_plus,2,731
W02000178,2021,Swansea 011,16_24,1,564
W02000178,2021,Swansea 011,25_34,1,518
W02000178,2021,Swansea 011,35_49,1,910
W02000178,2021,Swansea 011,50_64,1,719
W02000178,2021,Swansea 011,65_plus,1,445
W02000178,2021,Swansea 011,16_24,2,647
W02000178,2021,Swansea 011,25_34,2,641
W02000178,2021,Swansea 011,35_49,2,953
W02000178,2021,Swansea 011,50_64,2,762
W02000178,2021,Swansea 011,65_plus,2,552
W02000178,2023,Swansea 011,16_24,1,557
W02000178,2023,Swansea 011,25_34,1,509
W02000178,2023,Swansea 011,35_49,1,878
W02000178,2023,Swansea 011,50_64,1,754
W02000178,2023,Swansea 011,65_plus,1,443
W02000178,2023,Swansea 011,16_24,2,661
W02000178,2023,Swansea 011,25_34,2,617
W02000178,2023,Swansea 011,35_49,2,989
W02000178,2023,Swansea 011,50_64,2,760
W02000178,2023,Swansea 011,65_plus,2,511
W02000178,2025,Swansea 011,16_24,1,666
W02000178,2025,Swansea 011,25_34,1,509
W02000178,2025,Swansea 011,35_49,1,909
W02000178,2025,Swansea 011,50_64,1,745
W02000178,2025,Swansea 011,65_plus,1,457
W02000178,2025,Swansea 011,16_24,2,716
W02000178,2025,Swansea 011,25_34,2,614
W02000178,2025,Swansea 011,35_49,2,1034
W02000178,2025,Swansea 011,50_64,2,766
W02000178,2025,Swansea 011,65_plus,2,523
W02000179,2021,Swansea 012,16_24,1,353
W02000179,2021,Swansea 012,25_34,1,311
W02000179,2021,Swansea 012,35_49,1,503
W02000179,2021,Swansea 012,50_64,1,714
W02000179,2021,Swansea 012,65_plus,1,708
W02000179,2021,Swansea 012,16_24,2,335
W02000179,2021,Swansea 012,25_34,2,316
W02000179,2021,Swansea 012,35_49,2,619
W02000179,2021,Swansea 012,50_64,2,733
W02000179,2021,Swansea 012,65_plus,2,882
W02000179,2023,Swansea 012,16_24,1,374
W02000179,2023,Swansea 012,25_34,1,302
W02000179,2023,Swansea 012,35_49,1,526
W02000179,2023,Swansea 012,50_64,1,698
W02000179,2023,Swansea 012,65_plus,1,744
W02000179,2023,Swansea 012,16_24,2,347
W02000179,2023,Swansea 012,25_34,2,318
W02000179,2023,Swansea 012,35_49,2,591
W02000179,2023,Swansea 012,50_64,2,766
W02000179,2023,Swansea 012,65_plus,2,867
W02000179,2025,Swansea 012,16_24,1,414
W02000179,2025,Swansea 012,25_34,1,331
W02000179,2025,Swansea 012,35_49,1,547
W02000179,2025,Swansea 012,50_64,1,705
W02000179,2025,Swansea 012,65_plus,1,764
W02000179,2025,Swansea 012,16_24,2,384
W02000179,2025,Swansea 012,25_34,2,331
W02000179,2025,Swansea 012,35_49,2,624
W02000179,2025,Swansea 012,50_64,2,757
W02000179,2025,Swansea 012,65_plus,2,912
W02000180,2021,Swansea 013,16_24,1,516
W02000180,2021,Swansea 013,25_34,1,481
W02000180,2021,Swansea 013,35_49,1,658
W02000180,2021,Swansea 013,50_64,1,722
W02000180,2021,Swansea 013,65_plus,1,559
W02000180,2021,Swansea 013,16_24,2,426
W02000180,2021,Swansea 013,25_34,2,589
W02000180,2021,Swansea 013,35_49,2,804
W02000180,2021,Swansea 013,50_64,2,811
W02000180,2021,Swansea 013,65_plus,2,737
W02000180,2023,Swansea 013,16_24,1,555
W02000180,2023,Swansea 013,25_34,1,510
W02000180,2023,Swansea 013,35_49,1,642
W02000180,2023,Swansea 013,50_64,1,742
W02000180,2023,Swansea 013,65_plus,1,553
W02000180,2023,Swansea 013,16_24,2,410
W02000180,2023,Swansea 013,25_34,2,589
W02000180,2023,Swansea 013,35_49,2,790
W02000180,2023,Swansea 013,50_64,2,824
W02000180,2023,Swansea 013,65_plus,2,755
W02000180,2025,Swansea 013,16_24,1,574
W02000180,2025,Swansea 013,25_34,1,539
W02000180,2025,Swansea 013,35_49,1,660
W02000180,2025,Swansea 013,50_64,1,696
W02000180,2025,Swansea 013,65_plus,1,575
W02000180,2025,Swansea 013,16_24,2,406
W02000180,2025,Swansea 013,25_34,2,583
W02000180,2025,Swansea 013,35_49,2,844
W02000180,2025,Swansea 013,50_64,2,781
W02000180,2025,Swansea 013,65_plus,2,774
W02000181,2021,Swansea 014,16_24,1,403
W02000181,2021,Swansea 014,25_34,1,555
W02000181,2021,Swansea 014,35_49,1,623
W02000181,2021,Swansea 014,50_64,1,640
W02000181,2021,Swansea 014,65_plus,1,613
W02000181,2021,Swansea 014,16_24,2,461
W02000181,2021,Swansea 014,25_34,2,618
W02000181,2021,Swansea 014,35_49,2,645
W02000181,2021,Swansea 014,50_64,2,685
W02000181,2021,Swansea 014,65_plus,2,783
W02000181,2023,Swansea 014,16_24,1,426
W02000181,2023,Swansea 014,25_34,1,598
W02000181,2023,Swansea 014,35_49,1,683
W02000181,2023,Swansea 014,50_64,1,641
W02000181,2023,Swansea 014,65_plus,1,666
W02000181,2023,Swansea 014,16_24,2,465
W02000181,2023,Swansea 014,25_34,2,660
W02000181,2023,Swansea 014,35_49,2,681
W02000181,2023,Swansea 014,50_64,2,694
W02000181,2023,Swansea 014,65_plus,2,832
W02000181,2025,Swansea 014,16_24,1,445
W02000181,2025,Swansea 014,25_34,1,655
W02000181,2025,Swansea 014,35_49,1,729
W02000181,2025,Swansea 014,50_64,1,612
W02000181,2025,Swansea 014,65_plus,1,655
W02000181,2025,Swansea 014,16_24,2,518
W02000181,2025,Swansea 014,25_34,2,670
W02000181,2025,Swansea 014,35_49,2,775
W02000181,2025,Swansea 014,50_64,2,671
W02000181,2025,Swansea 014,65_plus,2,849
W02000182,2021,Swansea 015,16_24,1,433
W02000182,2021,Swansea 015,25_34,1,514
W02000182,2021,Swansea 015,35_49,1,718
W02000182,2021,Swansea 015,50_64,1,723
W02000182,2021,Swansea 015,65_plus,1,637
W02000182,2021,Swansea 015,16_24,2,388
W02000182,2021,Swansea 015,25_34,2,554
W02000182,2021,Swansea 015,35_49,2,765
W02000182,2021,Swansea 015,50_64,2,777
W02000182,2021,Swansea 015,65_plus,2,786
W02000182,2023,Swansea 015,16_24,1,447
W02000182,2023,Swansea 015,25_34,1,482
W02000182,2023,Swansea 015,35_49,1,727
W02000182,2023,Swansea 015,50_64,1,734
W02000182,2023,Swansea 015,65_plus,1,657
W02000182,2023,Swansea 015,16_24,2,385
W02000182,2023,Swansea 015,25_34,2,574
W02000182,2023,Swansea 015,35_49,2,778
W02000182,2023,Swansea 015,50_64,2,766
W02000182,2023,Swansea 015,65_plus,2,799
W02000182,2025,Swansea 015,16_24,1,483
W02000182,2025,Swansea 015,25_34,1,510
W02000182,2025,Swansea 015,35_49,1,772
W02000182,2025,Swansea 015,50_64,1,708
W02000182,2025,Swansea 015,65_plus,1,679
W02000182,2025,Swansea 015,16_24,2,379
W02000182,2025,Swansea 015,25_34,2,596
W02000182,2025,Swansea 015,35_49,2,836
W02000182,2025,Swansea 015,50_64,2,753
W02000182,2025,Swansea 015,65_plus,2,839
W02000183,2021,Swansea 016,16_24,1,872
W02000183,2021,Swansea 016,25_34,1,826
W02000183,2021,Swansea 016,35_49,1,1025
W02000183,2021,Swansea 016,50_64,1,982
W02000183,2021,Swansea 016,65_plus,1,638
W02000183,2021,Swansea 016,16_24,2,843
W02000183,2021,Swansea 016,25_34,2,817
W02000183,2021,Swansea 016,35_49,2,928
W02000183,2021,Swansea 016,50_64,2,844
W02000183,2021,Swansea 016,65_plus,2,731
W02000183,2023,Swansea 016,16_24,1,934
W02000183,2023,Swansea 016,25_34,1,888
W02000183,2023,Swansea 016,35_49,1,1057
W02000183,2023,Swansea 016,50_64,1,975
W02000183,2023,Swansea 016,65_plus,1,662
W02000183,2023,Swansea 016,16_24,2,860
W02000183,2023,Swansea 016,25_34,2,781
W02000183,2023,Swansea 016,35_49,2,945
W02000183,2023,Swansea 016,50_64,2,861
W02000183,2023,Swansea 016,65_plus,2,743
W02000183,2025,Swansea 016,16_24,1,1068
W02000183,2025,Swansea 016,25_34,1,1019
W02000183,2025,Swansea 016,35_49,1,1184
W02000183,2025,Swansea 016,50_64,1,984
W02000183,2025,Swansea 016,65_plus,1,652
W02000183,2025,Swansea 016,16_24,2,951
W02000183,2025,Swansea 016,25_34,2,917
W02000183,2025,Swansea 016,35_49,2,1045
W02000183,2025,Swansea 016,50_64,2,840
W02000183,2025,Swansea 016,65_plus,2,784
W02000184,2021,Swansea 017,16_24,1,367
W02000184,2021,Swansea 017,25_34,1,445
W02000184,2021,Swansea 017,35_49,1,619
W02000184,2021,Swansea 017,50_64,1,725
W02000184,2021,Swansea 017,65_plus,1,643
W02000184,2021,Swansea 017,16_24,2,321
W02000184,2021,Swansea 017,25_34,2,476
W02000184,2021,Swansea 017,35_49,2,654
W02000184,2021,Swansea 017,50_64,2,716
W02000184,2021,Swansea 017,65_plus,2,799
W02000184,2023,Swansea 017,16_24,1,376
W02000184,2023,Swansea 017,25_34,1,457
W02000184,2023,Swansea 017,35_49,1,608
W02000184,2023,Swansea 017,50_64,1,741
W02000184,2023,Swansea 017,65_plus,1,614
W02000184,2023,Swansea 017,16_24,2,324
W02000184,2023,Swansea 017,25_34,2,450
W02000184,2023,Swansea 017,35_49,2,665
W02000184,2023,Swansea 017,50_64,2,690
W02000184,2023,Swansea 017,65_plus,2,802
W02000184,2025,Swansea 017,16_24,1,387
W02000184,2025,Swansea 017,25_34,1,460
W02000184,2025,Swansea 017,35_49,1,654
W02000184,2025,Swansea 017,50_64,1,732
W02000184,2025,Swansea 017,65_plus,1,635
W02000184,2025,Swansea 017,16_24,2,348
W02000184,2025,Swansea 017,25_34,2,498
W02000184,2025,Swansea 017,35_49,2,676
W02000184,2025,Swansea 017,50_64,2,682
W02000184,2025,Swansea 017,65_plus,2,838
W02000185,2021,Swansea 018,16_24,1,219
W02000185,2021,Swansea 018,25_34,1,214
W02000185,2021,Swansea 018,35_49,1,406
W02000185,2021,Swansea 018,50_64,1,550
W02000185,2021,Swansea 018,65_plus,1,669
W02000185,2021,Swansea 018,16_24,2,234
W02000185,2021,Swansea 018,25_34,2,211
W02000185,2021,Swansea 018,35_49,2,461
W02000185,2021,Swansea 018,50_64,2,578
W02000185,2021,Swansea 018,65_plus,2,767
W02000185,2023,Swansea 018,16_24,1,214
W02000185,2023,Swansea 018,25_34,1,234
W02000185,2023,Swansea 018,35_49,1,410
W02000185,2023,Swansea 018,50_64,1,543
W02000185,2023,Swansea 018,65_plus,1,702
W02000185,2023,Swansea 018,16_24,2,226
W02000185,2023,Swansea 018,25_34,2,232
W02000185,2023,Swansea 018,35_49,2,432
W02000185,2023,Swansea 018,50_64,2,581
W02000185,2023,Swansea 018,65_plus,2,792
W02000185,2025,Swansea 018,16_24,1,235
W02000185,2025,Swansea 018,25_34,1,219
W02000185,2025,Swansea 018,35_49,1,414
W02000185,2025,Swansea 018,50_64,1,511
W02000185,2025,Swansea 018,65_plus,1,732
W02000185,2025,Swansea 018,16_24,2,240
W02000185,2025,Swansea 018,25_34,2,237
W02000185,2025,Swansea 018,35_49,2,433
W02000185,2025,Swansea 018,50_64,2,567
W02000185,2025,Swansea 018,65_plus,2,793
W02000186,2021,Swansea 019,16_24,1,535
W02000186,2021,Swansea 019,25_34,1,572
W02000186,2021,Swansea 019,35_49,1,738
W02000186,2021,Swansea 019,50_64,1,669
W02000186,2021,Swansea 019,65_plus,1,437
W02000186,2021,Swansea 019,16_24,2,493
W02000186,2021,Swansea 019,25_34,2,824
W02000186,2021,Swansea 019,35_49,2,867
W02000186,2021,Swansea 019,50_64,2,778
W02000186,2021,Swansea 019,65_plus,2,559
W02000186,2023,Swansea 019,16_24,1,606
W02000186,2023,Swansea 019,25_34,1,564
W02000186,2023,Swansea 019,35_49,1,750
W02000186,2023,Swansea 019,50_64,1,670
W02000186,2023,Swansea 019,65_plus,1,429
W02000186,2023,Swansea 019,16_24,2,515
W02000186,2023,Swansea 019,25_34,2,769
W02000186,2023,Swansea 019,35_49,2,935
W02000186,2023,Swansea 019,50_64,2,789
W02000186,2023,Swansea 019,65_plus,2,563
W02000186,2025,Swansea 019,16_24,1,676
W02000186,2025,Swansea 019,25_34,1,573
W02000186,2025,Swansea 019,35_49,1,798
W02000186,2025,Swansea 019,50_64,1,685
W02000186,2025,Swansea 019,65_plus,1,437
W02000186,2025,Swansea 019,16_24,2,553
W02000186,2025,Swansea 019,25_34,2,804
W02000186,2025,Swansea 019,35_49,2,1006
W02000186,2025,Swansea 019,50_64,2,777
W02000186,2025,Swansea 019,65_plus,2,577
W02000188,2021,Swansea 021,16_24,1,795
W02000188,2021,Swansea 021,25_34,1,594
W02000188,2021,Swansea 021,35_49,1,716
W02000188,2021,Swansea 021,50_64,1,755
W02000188,2021,Swansea 021,65_plus,1,529
W02000188,2021,Swansea 021,16_24,2,575
W02000188,2021,Swansea 021,25_34,2,580
W02000188,2021,Swansea 021,35_49,2,743
W02000188,2021,Swansea 021,50_64,2,699
W02000188,2021,Swansea 021,65_plus,2,726
W02000188,2023,Swansea 021,16_24,1,898
W02000188,2023,Swansea 021,25_34,1,626
W02000188,2023,Swansea 021,35_49,1,734
W02000188,2023,Swansea 021,50_64,1,730
W02000188,2023,Swansea 021,65_plus,1,544
W02000188,2023,Swansea 021,16_24,2,564
W02000188,2023,Swansea 021,25_34,2,622
W02000188,2023,Swansea 021,35_49,2,784
W02000188,2023,Swansea 021,50_64,2,683
W02000188,2023,Swansea 021,65_plus,2,743
W02000188,2025,Swansea 021,16_24,1,962
W02000188,2025,Swansea 021,25_34,1,770
W02000188,2025,Swansea 021,35_49,1,823
W02000188,2025,Swansea 021,50_64,1,683
W02000188,2025,Swansea 021,65_plus,1,579
W02000188,2025,Swansea 021,16_24,2,659
W02000188,2025,Swansea 021,25_34,2,710
W02000188,2025,Swansea 021,35_49,2,892
W02000188,2025,Swansea 021,50_64,2,672
W02000188,2025,Swansea 021,65_plus,2,752
W02000189,2021,Swansea 022,16_24,1,393
W02000189,2021,Swansea 022,25_34,1,433
W02000189,2021,Swansea 022,35_49,1,726
W02000189,2021,Swansea 022,50_64,1,856
W02000189,2021,Swansea 022,65_plus,1,915
W02000189,2021,Swansea 022,16_24,2,366
W02000189,2021,Swansea 022,25_34,2,394
W02000189,2021,Swansea 022,35_49,2,783
W02000189,2021,Swansea 022,50_64,2,873
W02000189,2021,Swansea 022,65_plus,2,1146
W02000189,2023,Swansea 022,16_24,1,395
W02000189,2023,Swansea 022,25_34,1,473
W02000189,2023,Swansea 022,35_49,1,760
W02000189,2023,Swansea 022,50_64,1,866
W02000189,2023,Swansea 022,65_plus,1,924
W02000189,2023,Swansea 022,16_24,2,341
W02000189,2023,Swansea 022,25_34,2,431
W02000189,2023,Swansea 022,35_49,2,796
W02000189,2023,Swansea 022,50_64,2,910
W02000189,2023,Swansea 022,65_plus,2,1207
W02000189,2025,Swansea 022,16_24,1,456
W02000189,2025,Swansea 022,25_34,1,493
W02000189,2025,Swansea 022,35_49,1,820
W02000189,2025,Swansea 022,50_64,1,818
W02000189,2025,Swansea 022,65_plus,1,978
W02000189,2025,Swansea 022,16_24,2,365
W02000189,2025,Swansea 022,25_34,2,409
W02000189,2025,Swansea 022,35_49,2,832
W02000189,2025,Swansea 022,50_64,2,878
W02000189,2025,Swansea 022,65_plus,2,1232
W02000191,2021,Swansea 024,16_24,1,1623
W02000191,2021,Swansea 024,25_34,1,628
W02000191,2021,Swansea 024,35_49,1,758
W02000191,2021,Swansea 024,50_64,1,680
W02000191,2021,Swansea 024,65_plus,1,628
W02000191,2021,Swansea 024,16_24,2,1111
W02000191,2021,Swansea 024,25_34,2,554
W02000191,2021,Swansea 024,35_49,2,678
W02000191,2021,Swansea 024,50_64,2,682
W02000191,2021,Swansea 024,65_plus,2,760
W02000191,2023,Swansea 024,16_24,1,1587
W02000191,2023,Swansea 024,25_34,1,717
W02000191,2023,Swansea 024,35_49,1,811
W02000191,2023,Swansea 024,50_64,1,706
W02000191,2023,Swansea 024,65_plus,1,619
W02000191,2023,Swansea 024,16_24,2,1098
W02000191,2023,Swansea 024,25_34,2,649
W02000191,2023,Swansea 024,35_49,2,717
W02000191,2023,Swansea 024,50_64,2,677
W02000191,2023,Swansea 024,65_plus,2,722
W02000191,2025,Swansea 024,16_24,1,1639
W02000191,2025,Swansea 024,25_34,1,828
W02000191,2025,Swansea 024,35_49,1,864
W02000191,2025,Swansea 024,50_64,1,712
W02000191,2025,Swansea 024,65_plus,1,653
W02000191,2025,Swansea 024,16_24,2,1082
W02000191,2025,Swansea 024,25_34,2,771
W02000191,2025,Swansea 024,35_49,2,815
W02000191,2025,Swansea 024,50_64,2,649
W02000191,2025,Swansea 024,65_plus,2,757
W02000192,2021,Swansea 025,16_24,1,1330
W02000192,2021,Swansea 025,25_34,1,994
W02000192,2021,Swansea 025,35_49,1,1019
W02000192,2021,Swansea 025,50_64,1,817
W02000192,2021,Swansea 025,65_plus,1,660
W02000192,2021,Swansea 025,16_24,2,896
W02000192,2021,Swansea 025,25_34,2,671
W02000192,2021,Swansea 025,35_49,2,549
W02000192,2021,Swansea 025,50_64,2,635
W02000192,2021,Swansea 025,65_plus,2,661
W02000192,2023,Swansea 025,16_24,1,1495
W02000192,2023,Swansea 025,25_34,1,1219
W02000192,2023,Swansea 025,35_49,1,1100
W02000192,2023,Swansea 025,50_64,1,868
W02000192,2023,Swansea 025,65_plus,1,682
W02000192,2023,Swansea 025,16_24,2,1084
W02000192,2023,Swansea 025,25_34,2,844
W02000192,2023,Swansea 025,35_49,2,630
W02000192,2023,Swansea 025,50_64,2,618
W02000192,2023,Swansea 025,65_plus,2,692
W02000192,2025,Swansea 025,16_24,1,1542
W02000192,2025,Swansea 025,25_34,1,1345
W02000192,2025,Swansea 025,35_49,1,1245
W02000192,2025,Swansea 025,50_64,1,877
W02000192,2025,Swansea 025,65_plus,1,701
W02000192,2025,Swansea 025,16_24,2,1138
W02000192,2025,Swansea 025,25_34,2,1073
W02000192,2025,Swansea 025,35_49,2,742
W02000192,2025,Swansea 025,50_64,2,644
W02000192,2025,Swansea 025,65_plus,2,681
W02000193,2021,Swansea 026,16_24,1,2782
W02000193,2021,Swansea 026,25_34,1,658
W02000193,2021,Swansea 026,35_49,1,510
W02000193,2021,Swansea 026,50_64,1,533
W02000193,2021,Swansea 026,65_plus,1,463
W02000193,2021,Swansea 026,16_24,2,2075
W02000193,2021,Swansea 026,25_34,2,439
W02000193,2021,Swansea 026,35_49,2,492
W02000193,2021,Swansea 026,50_64,2,433
W02000193,2021,Swansea 026,65_plus,2,607
W02000193,2023,Swansea 026,16_24,1,2414
W02000193,2023,Swansea 026,25_34,1,667
W02000193,2023,Swansea 026,35_49,1,571
W02000193,2023,Swansea 026,50_64,1,550
W02000193,2023,Swansea 026,65_plus,1,456
W02000193,2023,Swansea 026,16_24,2,1963
W02000193,2023,Swansea 026,25_34,2,563
W02000193,2023,Swansea 026,35_49,2,563
W02000193,2023,Swansea 026,50_64,2,420
W02000193,2023,Swansea 026,65_plus,2,588
W02000193,2025,Swansea 026,16_24,1,2604
W02000193,2025,Swansea 026,25_34,1,844
W02000193,2025,Swansea 026,35_49,1,680
W02000193,2025,Swansea 026,50_64,1,553
W02000193,2025,Swansea 026,65_plus,1,487
W02000193,2025,Swansea 026,16_24,2,1910
W02000193,2025,Swansea 026,25_34,2,770
W02000193,2025,Swansea 026,35_49,2,681
W02000193,2025,Swansea 026,50_64,2,416
W02000193,2025,Swansea 026,65_plus,2,576
W02000194,2021,Swansea 027,16_24,1,859
W02000194,2021,Swansea 027,25_34,1,315
W02000194,2021,Swansea 027,35_49,1,440
W02000194,2021,Swansea 027,50_64,1,503
W02000194,2021,Swansea 027,65_plus,1,741
W02000194,2021,Swansea 027,16_24,2,931
W02000194,2021,Swansea 027,25_34,2,272
W02000194,2021,Swansea 027,35_49,2,485
W02000194,2021,Swansea 027,50_64,2,570
W02000194,2021,Swansea 027,65_plus,2,926
W02000194,2023,Swansea 027,16_24,1,883
W02000194,2023,Swansea 027,25_34,1,286
W02000194,2023,Swansea 027,35_49,1,452
W02000194,2023,Swansea 027,50_64,1,506
W02000194,2023,Swansea 027,65_plus,1,748
W02000194,2023,Swansea 027,16_24,2,955
W02000194,2023,Swansea 027,25_34,2,269
W02000194,2023,Swansea 027,35_49,2,513
W02000194,2023,Swansea 027,50_64,2,582
W02000194,2023,Swansea 027,65_plus,2,932
W02000194,2025,Swansea 027,16_24,1,824
W02000194,2025,Swansea 027,25_34,1,259
W02000194,2025,Swansea 027,35_49,1,451
W02000194,2025,Swansea 027,50_64,1,511
W02000194,2025,Swansea 027,65_plus,1,741
W02000194,2025,Swansea 027,16_24,2,990
W02000194,2025,Swansea 027,25_34,2,271
W02000194,2025,Swansea 027,35_49,2,526
W02000194,2025,Swansea 027,50_64,2,584
W02000194,2025,Swansea 027,65_plus,2,917
W02000195,2021,Swansea 028,16_24,1,240
W02000195,2021,Swansea 028,25_34,1,170
W02000195,2021,Swansea 028,35_49,1,436
W02000195,2021,Swansea 028,50_64,1,587
W02000195,2021,Swansea 028,65_plus,1,878
W02000195,2021,Swansea 028,16_24,2,217
W02000195,2021,Swansea 028,25_34,2,157
W02000195,2021,Swansea 028,35_49,2,493
W02000195,2021,Swansea 028,50_64,2,676
W02000195,2021,Swansea 028,65_plus,2,1113
W02000195,2023,Swansea 028,16_24,1,267
W02000195,2023,Swansea 028,25_34,1,185
W02000195,2023,Swansea 028,35_49,1,435
W02000195,2023,Swansea 028,50_64,1,596
W02000195,2023,Swansea 028,65_plus,1,905
W02000195,2023,Swansea 028,16_24,2,231
W02000195,2023,Swansea 028,25_34,2,151
W02000195,2023,Swansea 028,35_49,2,499
W02000195,2023,Swansea 028,50_64,2,679
W02000195,2023,Swansea 028,65_plus,2,1158
W02000195,2025,Swansea 028,16_24,1,301
W02000195,2025,Swansea 028,25_34,1,178
W02000195,2025,Swansea 028,35_49,1,429
W02000195,2025,Swansea 028,50_64,1,602
W02000195,2025,Swansea 028,65_plus,1,912
W02000195,2025,Swansea 028,16_24,2,238
W02000195,2025,Swansea 028,25_34,2,159
W02000195,2025,Swansea 028,35_49,2,481
W02000195,2025,Swansea 028,50_64,2,669
W02000195,2025,Swansea 028,65_plus,2,1184
W02000196,2021,Swansea 029,16_24,1,302
W02000196,2021,Swansea 029,25_34,1,242
W02000196,2021,Swansea 029,35_49,1,490
W02000196,2021,Swansea 029,50_64,1,626
W02000196,2021,Swansea 029,65_plus,1,824
W02000196,2021,Swansea 029,16_24,2,254
W02000196,2021,Swansea 029,25_34,2,284
W02000196,2021,Swansea 029,35_49,2,587
W02000196,2021,Swansea 029,50_64,2,672
W02000196,2021,Swansea 029,65_plus,2,1121
W02000196,2023,Swansea 029,16_24,1,310
W02000196,2023,Swansea 029,25_34,1,260
W02000196,2023,Swansea 029,35_49,1,502
W02000196,2023,Swansea 029,50_64,1,620
W02000196,2023,Swansea 029,65_plus,1,840
W02000196,2023,Swansea 029,16_24,2,279
W02000196,2023,Swansea 029,25_34,2,290
W02000196,2023,Swansea 029,35_49,2,560
W02000196,2023,Swansea 029,50_64,2,699
W02000196,2023,Swansea 029,65_plus,2,1158
W02000196,2025,Swansea 029,16_24,1,335
W02000196,2025,Swansea 029,25_34,1,271
W02000196,2025,Swansea 029,35_49,1,508
W02000196,2025,Swansea 029,50_64,1,608
W02000196,2025,Swansea 029,65_plus,1,836
W02000196,2025,Swansea 029,16_24,2,289
W02000196,2025,Swansea 029,25_34,2,278
W02000196,2025,Swansea 029,35_49,2,578
W02000196,2025,Swansea 029,50_64,2,688
W02000196,2025,Swansea 029,65_plus,2,1196
W02000197,2021,Swansea 030,16_24,1,272
W02000197,2021,Swansea 030,25_34,1,204
W02000197,2021,Swansea 030,35_49,1,412
W02000197,2021,Swansea 030,50_64,1,675
W02000197,2021,Swansea 030,65_plus,1,1015
W02000197,2021,Swansea 030,16_24,2,219
W02000197,2021,Swansea 030,25_34,2,175
W02000197,2021,Swansea 030,35_49,2,433
W02000197,2021,Swansea 030,50_64,2,767
W02000197,2021,Swansea 030,65_plus,2,1110
W02000197,2023,Swansea 030,16_24,1,310
W02000197,2023,Swansea 030,25_34,1,168
W02000197,2023,Swansea 030,35_49,1,419
W02000197,2023,Swansea 030,50_64,1,675
W02000197,2023,Swansea 030,65_plus,1,1047
W02000197,2023,Swansea 030,16_24,2,232
W02000197,2023,Swansea 030,25_34,2,172
W02000197,2023,Swansea 030,35_49,2,443
W02000197,2023,Swansea 030,50_64,2,733
W02000197,2023,Swansea 030,65_plus,2,1141
W02000197,2025,Swansea 030,16_24,1,320
W02000197,2025,Swansea 030,25_34,1,192
W02000197,2025,Swansea 030,35_49,1,407
W02000197,2025,Swansea 030,50_64,1,674
W02000197,2025,Swansea 030,65_plus,1,1056
W02000197,2025,Swansea 030,16_24,2,262
W02000197,2025,Swansea 030,25_34,2,162
W02000197,2025,Swansea 030,35_49,2,443
W02000197,2025,Swansea 030,50_64,2,736
W02000197,2025,Swansea 030,65_plus,2,1154
W02000198,2021,Swansea 031,16_24,1,308
W02000198,2021,Swansea 031,25_34,1,277
W02000198,2021,Swansea 031,35_49,1,569
W02000198,2021,Swansea 031,50_64,1,755
W02000198,2021,Swansea 031,65_plus,1,1060
W02000198,2021,Swansea 031,16_24,2,245
W02000198,2021,Swansea 031,25_34,2,257
W02000198,2021,Swansea 031,35_49,2,598
W02000198,2021,Swansea 031,50_64,2,841
W02000198,2021,Swansea 031,65_plus,2,1294
W02000198,2023,Swansea 031,16_24,1,354
W02000198,2023,Swansea 031,25_34,1,287
W02000198,2023,Swansea 031,35_49,1,518
W02000198,2023,Swansea 031,50_64,1,791
W02000198,2023,Swansea 031,65_plus,1,1074
W02000198,2023,Swansea 031,16_24,2,283
W02000198,2023,Swansea 031,25_34,2,229
W02000198,2023,Swansea 031,35_49,2,574
W02000198,2023,Swansea 031,50_64,2,882
W02000198,2023,Swansea 031,65_plus,2,1321
W02000198,2025,Swansea 031,16_24,1,374
W02000198,2025,Swansea 031,25_34,1,318
W02000198,2025,Swansea 031,35_49,1,500
W02000198,2025,Swansea 031,50_64,1,809
W02000198,2025,Swansea 031,65_plus,1,1093
W02000198,2025,Swansea 031,16_24,2,321
W02000198,2025,Swansea 031,25_34,2,231
W02000198,2025,Swansea 031,35_49,2,589
W02000198,2025,Swansea 031,50_64,2,881
W02000198,2025,Swansea 031,65_plus,2,1346
W02000200,2021,Neath Port Talbot 002,16_24,1,268
W02000200,2021,Neath Port Talbot 002,25_34,1,231
W02000200,2021,Neath Port Talbot 002,35_49,1,443
W02000200,2021,Neath Port Talbot 002,50_64,1,532
W02000200,2021,Neath Port Talbot 002,65_plus,1,553
W02000200,2021,Neath Port Talbot 002,16_24,2,231
W02000200,2021,Neath Port Talbot 002,25_34,2,286
W02000200,2021,Neath Port Talbot 002,35_49,2,471
W02000200,2021,Neath Port Talbot 002,50_64,2,560
W02000200,2021,Neath Port Talbot 002,65_plus,2,630
W02000200,2023,Neath Port Talbot 002,16_24,1,278
W02000200,2023,Neath Port Talbot 002,25_34,1,235
W02000200,2023,Neath Port Talbot 002,35_49,1,425
W02000200,2023,Neath Port Talbot 002,50_64,1,514
W02000200,2023,Neath Port Talbot 002,65_plus,1,577
W02000200,2023,Neath Port Talbot 002,16_24,2,227
W02000200,2023,Neath Port Talbot 002,25_34,2,304
W02000200,2023,Neath Port Talbot 002,35_49,2,477
W02000200,2023,Neath Port Talbot 002,50_64,2,597
W02000200,2023,Neath Port Talbot 002,65_plus,2,620
W02000200,2025,Neath Port Talbot 002,16_24,1,291
W02000200,2025,Neath Port Talbot 002,25_34,1,247
W02000200,2025,Neath Port Talbot 002,35_49,1,420
W02000200,2025,Neath Port Talbot 002,50_64,1,498
W02000200,2025,Neath Port Talbot 002,65_plus,1,587
W02000200,2025,Neath Port Talbot 002,16_24,2,236
W02000200,2025,Neath Port Talbot 002,25_34,2,289
W02000200,2025,Neath Port Talbot 002,35_49,2,503
W02000200,2025,Neath Port Talbot 002,50_64,2,544
W02000200,2025,Neath Port Talbot 002,65_plus,2,647
W02000201,2021,Neath Port Talbot 003,16_24,1,286
W02000201,2021,Neath Port Talbot 003,25_34,1,279
W02000201,2021,Neath Port Talbot 003,35_49,1,447
W02000201,2021,Neath Port Talbot 003,50_64,1,577
W02000201,2021,Neath Port Talbot 003,65_plus,1,581
W02000201,2021,Neath Port Talbot 003,16_24,2,248
W02000201,2021,Neath Port Talbot 003,25_34,2,334
W02000201,2021,Neath Port Talbot 003,35_49,2,486
W02000201,2021,Neath Port Talbot 003,50_64,2,546
W02000201,2021,Neath Port Talbot 003,65_plus,2,670
W02000201,2023,Neath Port Talbot 003,16_24,1,281
W02000201,2023,Neath Port Talbot 003,25_34,1,278
W02000201,2023,Neath Port Talbot 003,35_49,1,431
W02000201,2023,Neath Port Talbot 003,50_64,1,573
W02000201,2023,Neath Port Talbot 003,65_plus,1,605
W02000201,2023,Neath Port Talbot 003,16_24,2,253
W02000201,2023,Neath Port Talbot 003,25_34,2,333
W02000201,2023,Neath Port Talbot 003,35_49,2,490
W02000201,2023,Neath Port Talbot 003,50_64,2,555
W02000201,2023,Neath Port Talbot 003,65_plus,2,666
W02000201,2025,Neath Port Talbot 003,16_24,1,291
W02000201,2025,Neath Port Talbot 003,25_34,1,272
W02000201,2025,Neath Port Talbot 003,35_49,1,421
W02000201,2025,Neath Port Talbot 003,50_64,1,583
W02000201,2025,Neath Port Talbot 003,65_plus,1,599
W02000201,2025,Neath Port Talbot 003,16_24,2,277
W02000201,2025,Neath Port Talbot 003,25_34,2,350
W02000201,2025,Neath Port Talbot 003,35_49,2,496
W02000201,2025,Neath Port Talbot 003,50_64,2,555
W02000201,2025,Neath Port Talbot 003,65_plus,2,648
W02000202,2021,Neath Port Talbot 004,16_24,1,611
W02000202,2021,Neath Port Talbot 004,25_34,1,718
W02000202,2021,Neath Port Talbot 004,35_49,1,1126
W02000202,2021,Neath Port Talbot 004,50_64,1,1238
W02000202,2021,Neath Port Talbot 004,65_plus,1,1325
W02000202,2021,Neath Port Talbot 004,16_24,2,595
W02000202,2021,Neath Port Talbot 004,25_34,2,748
W02000202,2021,Neath Port Talbot 004,35_49,2,1157
W02000202,2021,Neath Port Talbot 004,50_64,2,1406
W02000202,2021,Neath Port Talbot 004,65_plus,2,1408
W02000202,2023,Neath Port Talbot 004,16_24,1,635
W02000202,2023,Neath Port Talbot 004,25_34,1,743
W02000202,2023,Neath Port Talbot 004,35_49,1,1121
W02000202,2023,Neath Port Talbot 004,50_64,1,1274
W02000202,2023,Neath Port Talbot 004,65_plus,1,1330
W02000202,2023,Neath Port Talbot 004,16_24,2,577
W02000202,2023,Neath Port Talbot 004,25_34,2,739
W02000202,2023,Neath Port Talbot 004,35_49,2,1163
W02000202,2023,Neath Port Talbot 004,50_64,2,1412
W02000202,2023,Neath Port Talbot 004,65_plus,2,1404
W02000202,2025,Neath Port Talbot 004,16_24,1,630
W02000202,2025,Neath Port Talbot 004,25_34,1,742
W02000202,2025,Neath Port Talbot 004,35_49,1,1126
W02000202,2025,Neath Port Talbot 004,50_64,1,1230
W02000202,2025,Neath Port Talbot 004,65_plus,1,1388
W02000202,2025,Neath Port Talbot 004,16_24,2,571
W02000202,2025,Neath Port Talbot 004,25_34,2,730
W02000202,2025,Neath Port Talbot 004,35_49,2,1179
W02000202,2025,Neath Port Talbot 004,50_64,2,1403
W02000202,2025,Neath Port Talbot 004,65_plus,2,1451
W02000204,2021,Neath Port Talbot 006,16_24,1,381
W02000204,2021,Neath Port Talbot 006,25_34,1,292
W02000204,2021,Neath Port Talbot 006,35_49,1,539
W02000204,2021,Neath Port Talbot 006,50_64,1,722
W02000204,2021,Neath Port Talbot 006,65_plus,1,813
W02000204,2021,Neath Port Talbot 006,16_24,2,313
W02000204,2021,Neath Port Talbot 006,25_34,2,304
W02000204,2021,Neath Port Talbot 006,35_49,2,583
W02000204,2021,Neath Port Talbot 006,50_64,2,764
W02000204,2021,Neath Port Talbot 006,65_plus,2,969
W02000204,2023,Neath Port Talbot 006,16_24,1,350
W02000204,2023,Neath Port Talbot 006,25_34,1,284
W02000204,2023,Neath Port Talbot 006,35_49,1,496
W02000204,2023,Neath Port Talbot 006,50_64,1,774
W02000204,2023,Neath Port Talbot 006,65_plus,1,821
W02000204,2023,Neath Port Talbot 006,16_24,2,306
W02000204,2023,Neath Port Talbot 006,25_34,2,308
W02000204,2023,Neath Port Talbot 006,35_49,2,566
W02000204,2023,Neath Port Talbot 006,50_64,2,801
W02000204,2023,Neath Port Talbot 006,65_plus,2,998
W02000204,2025,Neath Port Talbot 006,16_24,1,341
W02000204,2025,Neath Port Talbot 006,25_34,1,290
W02000204,2025,Neath Port Talbot 006,35_49,1,505
W02000204,2025,Neath Port Talbot 006,50_64,1,746
W02000204,2025,Neath Port Talbot 006,65_plus,1,850
W02000204,2025,Neath Port Talbot 006,16_24,2,299
W02000204,2025,Neath Port Talbot 006,25_34,2,321
W02000204,2025,Neath Port Talbot 006,35_49,2,580
W02000204,2025,Neath Port Talbot 006,50_64,2,775
W02000204,2025,Neath Port Talbot 006,65_plus,2,1002
W02000205,2021,Neath Port Talbot 007,16_24,1,276
W02000205,2021,Neath Port Talbot 007,25_34,1,291
W02000205,2021,Neath Port Talbot 007,35_49,1,478
W02000205,2021,Neath Port Talbot 007,50_64,1,606
W02000205,2021,Neath Port Talbot 007,65_plus,1,705
W02000205,2021,Neath Port Talbot 007,16_24,2,303
W02000205,2021,Neath Port Talbot 007,25_34,2,297
W02000205,2021,Neath Port Talbot 007,35_49,2,513
W02000205,2021,Neath Port Talbot 007,50_64,2,675
W02000205,2021,Neath Port Talbot 007,65_plus,2,816
W02000205,2023,Neath Port Talbot 007,16_24,1,265
W02000205,2023,Neath Port Talbot 007,25_34,1,295
W02000205,2023,Neath Port Talbot 007,35_49,1,458
W02000205,2023,Neath Port Talbot 007,50_64,1,612
W02000205,2023,Neath Port Talbot 007,65_plus,1,730
W02000205,2023,Neath Port Talbot 007,16_24,2,287
W02000205,2023,Neath Port Talbot 007,25_34,2,310
W02000205,2023,Neath Port Talbot 007,35_49,2,486
W02000205,2023,Neath Port Talbot 007,50_64,2,685
W02000205,2023,Neath Port Talbot 007,65_plus,2,848
W02000205,2025,Neath Port Talbot 007,16_24,1,259
W02000205,2025,Neath Port Talbot 007,25_34,1,291
W02000205,2025,Neath Port Talbot 007,35_49,1,474
W02000205,2025,Neath Port Talbot 007,50_64,1,600
W02000205,2025,Neath Port Talbot 007,65_plus,1,741
W02000205,2025,Neath Port Talbot 007,16_24,2,274
W02000205,2025,Neath Port Talbot 007,25_34,2,324
W02000205,2025,Neath Port Talbot 007,35_49,2,498
W02000205,2025,Neath Port Talbot 007,50_64,2,653
W02000205,2025,Neath Port Talbot 007,65_plus,2,887
W02000206,2021,Neath Port Talbot 008,16_24,1,324
W02000206,2021,Neath Port Talbot 008,25_34,1,437
W02000206,2021,Neath Port Talbot 008,35_49,1,538
W02000206,2021,Neath Port Talbot 008,50_64,1,679
W02000206,2021,Neath Port Talbot 008,65_plus,1,731
W02000206,2021,Neath Port Talbot 008,16_24,2,323
W02000206,2021,Neath Port Talbot 008,25_34,2,393
W02000206,2021,Neath Port Talbot 008,35_49,2,548
W02000206,2021,Neath Port Talbot 008,50_64,2,698
W02000206,2021,Neath Port Talbot 008,65_plus,2,880
W02000206,2023,Neath Port Talbot 008,16_24,1,319
W02000206,2023,Neath Port Talbot 008,25_34,1,422
W02000206,2023,Neath Port Talbot 008,35_49,1,554
W02000206,2023,Neath Port Talbot 008,50_64,1,704
W02000206,2023,Neath Port Talbot 008,65_plus,1,734
W02000206,2023,Neath Port Talbot 008,16_24,2,332
W02000206,2023,Neath Port Talbot 008,25_34,2,391
W02000206,2023,Neath Port Talbot 008,35_49,2,576
W02000206,2023,Neath Port Talbot 008,50_64,2,697
W02000206,2023,Neath Port Talbot 008,65_plus,2,870
W02000206,2025,Neath Port Talbot 008,16_24,1,372
W02000206,2025,Neath Port Talbot 008,25_34,1,392
W02000206,2025,Neath Port Talbot 008,35_49,1,587
W02000206,2025,Neath Port Talbot 008,50_64,1,688
W02000206,2025,Neath Port Talbot 008,65_plus,1,743
W02000206,2025,Neath Port Talbot 008,16_24,2,347
W02000206,2025,Neath Port Talbot 008,25_34,2,391
W02000206,2025,Neath Port Talbot 008,35_49,2,588
W02000206,2025,Neath Port Talbot 008,50_64,2,685
W02000206,2025,Neath Port Talbot 008,65_plus,2,863
W02000207,2021,Neath Port Talbot 009,16_24,1,238
W02000207,2021,Neath Port Talbot 009,25_34,1,240
W02000207,2021,Neath Port Talbot 009,35_49,1,422
W02000207,2021,Neath Port Talbot 009,50_64,1,597
W02000207,2021,Neath Port Talbot 009,65_plus,1,637
W02000207,2021,Neath Port Talbot 009,16_24,2,244
W02000207,2021,Neath Port Talbot 009,25_34,2,290
W02000207,2021,Neath Port Talbot 009,35_49,2,431
W02000207,2021,Neath Port Talbot 009,50_64,2,637
W02000207,2021,Neath Port Talbot 009,65_plus,2,701
W02000207,2023,Neath Port Talbot 009,16_24,1,225
W02000207,2023,Neath Port Talbot 009,25_34,1,253
W02000207,2023,Neath Port Talbot 009,35_49,1,413
W02000207,2023,Neath Port Talbot 009,50_64,1,589
W02000207,2023,Neath Port Talbot 009,65_plus,1,654
W02000207,2023,Neath Port Talbot 009,16_24,2,242
W02000207,2023,Neath Port Talbot 009,25_34,2,289
W02000207,2023,Neath Port Talbot 009,35_49,2,448
W02000207,2023,Neath Port Talbot 009,50_64,2,622
W02000207,2023,Neath Port Talbot 009,65_plus,2,735
W02000207,2025,Neath Port Talbot 009,16_24,1,219
W02000207,2025,Neath Port Talbot 009,25_34,1,241
W02000207,2025,Neath Port Talbot 009,35_49,1,392
W02000207,2025,Neath Port Talbot 009,50_64,1,577
W02000207,2025,Neath Port Talbot 009,65_plus,1,646
W02000207,2025,Neath Port Talbot 009,16_24,2,222
W02000207,2025,Neath Port Talbot 009,25_34,2,289
W02000207,2025,Neath Port Talbot 009,35_49,2,470
W02000207,2025,Neath Port Talbot 009,50_64,2,586
W02000207,2025,Neath Port Talbot 009,65_plus,2,712
W02000208,2021,Neath Port Talbot 010,16_24,1,2001
W02000208,2021,Neath Port Talbot 010,25_34,1,809
W02000208,2021,Neath Port Talbot 010,35_49,1,1142
W02000208,2021,Neath Port Talbot 010,50_64,1,980
W02000208,2021,Neath Port Talbot 010,65_plus,1,858
W02000208,2021,Neath Port Talbot 010,16_24,2,1127
W02000208,2021,Neath Port Talbot 010,25_34,2,809
W02000208,2021,Neath Port Talbot 010,35_49,2,1073
W02000208,2021,Neath Port Talbot 010,50_64,2,997
W02000208,2021,Neath Port Talbot 010,65_plus,2,1035
W02000208,2023,Neath Port Talbot 010,16_24,1,2128
W02000208,2023,Neath Port Talbot 010,25_34,1,797
W02000208,2023,Neath Port Talbot 010,35_49,1,1170
W02000208,2023,Neath Port Talbot 010,50_64,1,999
W02000208,2023,Neath Port Talbot 010,65_plus,1,868
W02000208,2023,Neath Port Talbot 010,16_24,2,1204
W02000208,2023,Neath Port Talbot 010,25_34,2,776
W02000208,2023,Neath Port Talbot 010,35_49,2,1120
W02000208,2023,Neath Port Talbot 010,50_64,2,995
W02000208,2023,Neath Port Talbot 010,65_plus,2,1044
W02000208,2025,Neath Port Talbot 010,16_24,1,2338
W02000208,2025,Neath Port Talbot 010,25_34,1,826
W02000208,2025,Neath Port Talbot 010,35_49,1,1191
W02000208,2025,Neath Port Talbot 010,50_64,1,1029
W02000208,2025,Neath Port Talbot 010,65_plus,1,847
W02000208,2025,Neath Port Talbot 010,16_24,2,1297
W02000208,2025,Neath Port Talbot 010,25_34,2,749
W02000208,2025,Neath Port Talbot 010,35_49,2,1166
W02000208,2025,Neath Port Talbot 010,50_64,2,1015
W02000208,2025,Neath Port Talbot 010,65_plus,2,1092
W02000210,2021,Neath Port Talbot 012,16_24,1,351
W02000210,2021,Neath Port Talbot 012,25_34,1,364
W02000210,2021,Neath Port Talbot 012,35_49,1,549
W02000210,2021,Neath Port Talbot 012,50_64,1,641
W02000210,2021,Neath Port Talbot 012,65_plus,1,497
W02000210,2021,Neath Port Talbot 012,16_24,2,376
W02000210,2021,Neath Port Talbot 012,25_34,2,422
W02000210,2021,Neath Port Talbot 012,35_49,2,631
W02000210,2021,Neath Port Talbot 012,50_64,2,686
W02000210,2021,Neath Port Talbot 012,65_plus,2,589
W02000210,2023,Neath Port Talbot 012,16_24,1,352
W02000210,2023,Neath Port Talbot 012,25_34,1,354
W02000210,2023,Neath Port Talbot 012,35_49,1,516
W02000210,2023,Neath Port Talbot 012,50_64,1,653
W02000210,2023,Neath Port Talbot 012,65_plus,1,478
W02000210,2023,Neath Port Talbot 012,16_24,2,357
W02000210,2023,Neath Port Talbot 012,25_34,2,446
W02000210,2023,Neath Port Talbot 012,35_49,2,615
W02000210,2023,Neath Port Talbot 012,50_64,2,684
W02000210,2023,Neath Port Talbot 012,65_plus,2,582
W02000210,2025,Neath Port Talbot 012,16_24,1,351
W02000210,2025,Neath Port Talbot 012,25_34,1,369
W02000210,2025,Neath Port Talbot 012,35_49,1,523
W02000210,2025,Neath Port Talbot 012,50_64,1,630
W02000210,2025,Neath Port Talbot 012,65_plus,1,489
W02000210,2025,Neath Port Talbot 012,16_24,2,348
W02000210,2025,Neath Port Talbot 012,25_34,2,470
W02000210,2025,Neath Port Talbot 012,35_49,2,641
W02000210,2025,Neath Port Talbot 012,50_64,2,699
W02000210,2025,Neath Port Talbot 012,65_plus,2,577
W02000211,2021,Neath Port Talbot 013,16_24,1,410
W02000211,2021,Neath Port Talbot 013,25_34,1,504
W02000211,2021,Neath Port Talbot 013,35_49,1,693
W02000211,2021,Neath Port Talbot 013,50_64,1,774
W02000211,2021,Neath Port Talbot 013,65_plus,1,677
W02000211,2021,Neath Port Talbot 013,16_24,2,401
W02000211,2021,Neath Port Talbot 013,25_34,2,607
W02000211,2021,Neath Port Talbot 013,35_49,2,686
W02000211,2021,Neath Port Talbot 013,50_64,2,798
W02000211,2021,Neath Port Talbot 013,65_plus,2,779
W02000211,2023,Neath Port Talbot 013,16_24,1,404
W02000211,2023,Neath Port Talbot 013,25_34,1,509
W02000211,2023,Neath Port Talbot 013,35_49,1,715
W02000211,2023,Neath Port Talbot 013,50_64,1,727
W02000211,2023,Neath Port Talbot 013,65_plus,1,659
W02000211,2023,Neath Port Talbot 013,16_24,2,404
W02000211,2023,Neath Port Talbot 013,25_34,2,588
W02000211,2023,Neath Port Talbot 013,35_49,2,691
W02000211,2023,Neath Port Talbot 013,50_64,2,777
W02000211,2023,Neath Port Talbot 013,65_plus,2,795
W02000211,2025,Neath Port Talbot 013,16_24,1,411
W02000211,2025,Neath Port Talbot 013,25_34,1,472
W02000211,2025,Neath Port Talbot 013,35_49,1,745
W02000211,2025,Neath Port Talbot 013,50_64,1,712
W02000211,2025,Neath Port Talbot 013,65_plus,1,681
W02000211,2025,Neath Port Talbot 013,16_24,2,377
W02000211,2025,Neath Port Talbot 013,25_34,2,627
W02000211,2025,Neath Port Talbot 013,35_49,2,741
W02000211,2025,Neath Port Talbot 013,50_64,2,749
W02000211,2025,Neath Port Talbot 013,65_plus,2,809
W02000212,2021,Neath Port Talbot 014,16_24,1,403
W02000212,2021,Neath Port Talbot 014,25_34,1,449
W02000212,2021,Neath Port Talbot 014,35_49,1,672
W02000212,2021,Neath Port Talbot 014,50_64,1,858
W02000212,2021,Neath Port Talbot 014,65_plus,1,766
W02000212,2021,Neath Port Talbot 014,16_24,2,365
W02000212,2021,Neath Port Talbot 014,25_34,2,501
W02000212,2021,Neath Port Talbot 014,35_49,2,760
W02000212,2021,Neath Port Talbot 014,50_64,2,831
W02000212,2021,Neath Port Talbot 014,65_plus,2,858
W02000212,2023,Neath Port Talbot 014,16_24,1,402
W02000212,2023,Neath Port Talbot 014,25_34,1,458
W02000212,2023,Neath Port Talbot 014,35_49,1,683
W02000212,2023,Neath Port Talbot 014,50_64,1,851
W02000212,2023,Neath Port Talbot 014,65_plus,1,781
W02000212,2023,Neath Port Talbot 014,16_24,2,339
W02000212,2023,Neath Port Talbot 014,25_34,2,513
W02000212,2023,Neath Port Talbot 014,35_49,2,746
W02000212,2023,Neath Port Talbot 014,50_64,2,850
W02000212,2023,Neath Port Talbot 014,65_plus,2,861
W02000212,2025,Neath Port Talbot 014,16_24,1,414
W02000212,2025,Neath Port Talbot 014,25_34,1,458
W02000212,2025,Neath Port Talbot 014,35_49,1,658
W02000212,2025,Neath Port Talbot 014,50_64,1,809
W02000212,2025,Neath Port Talbot 014,65_plus,1,826
W02000212,2025,Neath Port Talbot 014,16_24,2,340
W02000212,2025,Neath Port Talbot 014,25_34,2,527
W02000212,2025,Neath Port Talbot 014,35_49,2,741
W02000212,2025,Neath Port Talbot 014,50_64,2,841
W02000212,2025,Neath Port Talbot 014,65_plus,2,893
W02000213,2021,Neath Port Talbot 015,16_24,1,324
W02000213,2021,Neath Port Talbot 015,25_34,1,359
W02000213,2021,Neath Port Talbot 015,35_49,1,629
W02000213,2021,Neath Port Talbot 015,50_64,1,673
W02000213,2021,Neath Port Talbot 015,65_plus,1,749
W02000213,2021,Neath Port Talbot 015,16_24,2,318
W02000213,2021,Neath Port Talbot 015,25_34,2,365
W02000213,2021,Neath Port Talbot 015,35_49,2,664
W02000213,2021,Neath Port Talbot 015,50_64,2,680
W02000213,2021,Neath Port Talbot 015,65_plus,2,920
W02000213,2023,Neath Port Talbot 015,16_24,1,323
W02000213,2023,Neath Port Talbot 015,25_34,1,393
W02000213,2023,Neath Port Talbot 015,35_49,1,628
W02000213,2023,Neath Port Talbot 015,50_64,1,674
W02000213,2023,Neath Port Talbot 015,65_plus,1,758
W02000213,2023,Neath Port Talbot 015,16_24,2,333
W02000213,2023,Neath Port Talbot 015,25_34,2,362
W02000213,2023,Neath Port Talbot 015,35_49,2,690
W02000213,2023,Neath Port Talbot 015,50_64,2,665
W02000213,2023,Neath Port Talbot 015,65_plus,2,893
W02000213,2025,Neath Port Talbot 015,16_24,1,361
W02000213,2025,Neath Port Talbot 015,25_34,1,382
W02000213,2025,Neath Port Talbot 015,35_49,1,661
W02000213,2025,Neath Port Talbot 015,50_64,1,656
W02000213,2025,Neath Port Talbot 015,65_plus,1,784
W02000213,2025,Neath Port Talbot 015,16_24,2,320
W02000213,2025,Neath Port Talbot 015,25_34,2,372
W02000213,2025,Neath Port Talbot 015,35_49,2,710
W02000213,2025,Neath Port Talbot 015,50_64,2,654
W02000213,2025,Neath Port Talbot 015,65_plus,2,878
W02000214,2021,Neath Port Talbot 016,16_24,1,525
W02000214,2021,Neath Port Talbot 016,25_34,1,546
W02000214,2021,Neath Port Talbot 016,35_49,1,791
W02000214,2021,Neath Port Talbot 016,50_64,1,906
W02000214,2021,Neath Port Talbot 016,65_plus,1,856
W02000214,2021,Neath Port Talbot 016,16_24,2,502
W02000214,2021,Neath Port Talbot 016,25_34,2,640
W02000214,2021,Neath Port Talbot 016,35_49,2,875
W02000214,2021,Neath Port Talbot 016,50_64,2,1071
W02000214,2021,Neath Port Talbot 016,65_plus,2,1124
W02000214,2023,Neath Port Talbot 016,16_24,1,538
W02000214,2023,Neath Port Talbot 016,25_34,1,533
W02000214,2023,Neath Port Talbot 016,35_49,1,804
W02000214,2023,Neath Port Talbot 016,50_64,1,882
W02000214,2023,Neath Port Talbot 016,65_plus,1,885
W02000214,2023,Neath Port Talbot 016,16_24,2,507
W02000214,2023,Neath Port Talbot 016,25_34,2,618
W02000214,2023,Neath Port Talbot 016,35_49,2,951
W02000214,2023,Neath Port Talbot 016,50_64,2,1030
W02000214,2023,Neath Port Talbot 016,65_plus,2,1148
W02000214,2025,Neath Port Talbot 016,16_24,1,573
W02000214,2025,Neath Port Talbot 016,25_34,1,514
W02000214,2025,Neath Port Talbot 016,35_49,1,851
W02000214,2025,Neath Port Talbot 016,50_64,1,791
W02000214,2025,Neath Port Talbot 016,65_plus,1,919
W02000214,2025,Neath Port Talbot 016,16_24,2,523
W02000214,2025,Neath Port Talbot 016,25_34,2,585
W02000214,2025,Neath Port Talbot 016,35_49,2,1003
W02000214,2025,Neath Port Talbot 016,50_64,2,983
W02000214,2025,Neath Port Talbot 016,65_plus,2,1232
W02000215,2021,Neath Port Talbot 017,16_24,1,441
W02000215,2021,Neath Port Talbot 017,25_34,1,633
W02000215,2021,Neath Port Talbot 017,35_49,1,895
W02000215,2021,Neath Port Talbot 017,50_64,1,931
W02000215,2021,Neath Port Talbot 017,65_plus,1,808
W02000215,2021,Neath Port Talbot 017,16_24,2,519
W02000215,2021,Neath Port Talbot 017,25_34,2,689
W02000215,2021,Neath Port Talbot 017,35_49,2,859
W02000215,2021,Neath Port Talbot 017,50_64,2,1052
W02000215,2021,Neath Port Talbot 017,65_plus,2,934
W02000215,2023,Neath Port Talbot 017,16_24,1,439
W02000215,2023,Neath Port Talbot 017,25_34,1,609
W02000215,2023,Neath Port Talbot 017,35_49,1,897
W02000215,2023,Neath Port Talbot 017,50_64,1,936
W02000215,2023,Neath Port Talbot 017,65_plus,1,815
W02000215,2023,Neath Port Talbot 017,16_24,2,481
W02000215,2023,Neath Port Talbot 017,25_34,2,675
W02000215,2023,Neath Port Talbot 017,35_49,2,876
W02000215,2023,Neath Port Talbot 017,50_64,2,995
W02000215,2023,Neath Port Talbot 017,65_plus,2,990
W02000215,2025,Neath Port Talbot 017,16_24,1,474
W02000215,2025,Neath Port Talbot 017,25_34,1,611
W02000215,2025,Neath Port Talbot 017,35_49,1,913
W02000215,2025,Neath Port Talbot 017,50_64,1,943
W02000215,2025,Neath Port Talbot 017,65_plus,1,858
W02000215,2025,Neath Port Talbot 017,16_24,2,503
W02000215,2025,Neath Port Talbot 017,25_34,2,741
W02000215,2025,Neath Port Talbot 017,35_49,2,908
W02000215,2025,Neath Port Talbot 017,50_64,2,955
W02000215,2025,Neath Port Talbot 017,65_plus,2,1015
W02000216,2021,Neath Port Talbot 018,16_24,1,359
W02000216,2021,Neath Port Talbot 018,25_34,1,488
W02000216,2021,Neath Port Talbot 018,35_49,1,664
W02000216,2021,Neath Port Talbot 018,50_64,1,781
W02000216,2021,Neath Port Talbot 018,65_plus,1,700
W02000216,2021,Neath Port Talbot 018,16_24,2,344
W02000216,2021,Neath Port Talbot 018,25_34,2,503
W02000216,2021,Neath Port Talbot 018,35_49,2,605
W02000216,2021,Neath Port Talbot 018,50_64,2,770
W02000216,2021,Neath Port Talbot 018,65_plus,2,777
W02000216,2023,Neath Port Talbot 018,16_24,1,336
W02000216,2023,Neath Port Talbot 018,25_34,1,492
W02000216,2023,Neath Port Talbot 018,35_49,1,660
W02000216,2023,Neath Port Talbot 018,50_64,1,792
W02000216,2023,Neath Port Talbot 018,65_plus,1,701
W02000216,2023,Neath Port Talbot 018,16_24,2,351
W02000216,2023,Neath Port Talbot 018,25_34,2,510
W02000216,2023,Neath Port Talbot 018,35_49,2,611
W02000216,2023,Neath Port Talbot 018,50_64,2,771
W02000216,2023,Neath Port Talbot 018,65_plus,2,826
W02000216,2025,Neath Port Talbot 018,16_24,1,350
W02000216,2025,Neath Port Talbot 018,25_34,1,480
W02000216,2025,Neath Port Talbot 018,35_49,1,678
W02000216,2025,Neath Port Talbot 018,50_64,1,760
W02000216,2025,Neath Port Talbot 018,65_plus,1,771
W02000216,2025,Neath Port Talbot 018,16_24,2,352
W02000216,2025,Neath Port Talbot 018,25_34,2,512
W02000216,2025,Neath Port Talbot 018,35_49,2,642
W02000216,2025,Neath Port Talbot 018,50_64,2,776
W02000216,2025,Neath Port Talbot 018,65_plus,2,798
W02000217,2021,Neath Port Talbot 019,16_24,1,293
W02000217,2021,Neath Port Talbot 019,25_34,1,378
W02000217,2021,Neath Port Talbot 019,35_49,1,619
W02000217,2021,Neath Port Talbot 019,50_64,1,660
W02000217,2021,Neath Port Talbot 019,65_plus,1,554
W02000217,2021,Neath Port Talbot 019,16_24,2,377
W02000217,2021,Neath Port Talbot 019,25_34,2,433
W02000217,2021,Neath Port Talbot 019,35_49,2,682
W02000217,2021,Neath Port Talbot 019,50_64,2,669
W02000217,2021,Neath Port Talbot 019,65_plus,2,672
W02000217,2023,Neath Port Talbot 019,16_24,1,314
W02000217,2023,Neath Port Talbot 019,25_34,1,368
W02000217,2023,Neath Port Talbot 019,35_49,1,603
W02000217,2023,Neath Port Talbot 019,50_64,1,662
W02000217,2023,Neath Port Talbot 019,65_plus,1,568
W02000217,2023,Neath Port Talbot 019,16_24,2,332
W02000217,2023,Neath Port Talbot 019,25_34,2,446
W02000217,2023,Neath Port Talbot 019,35_49,2,668
W02000217,2023,Neath Port Talbot 019,50_64,2,682
W02000217,2023,Neath Port Talbot 019,65_plus,2,675
W02000217,2025,Neath Port Talbot 019,16_24,1,320
W02000217,2025,Neath Port Talbot 019,25_34,1,382
W02000217,2025,Neath Port Talbot 019,35_49,1,608
W02000217,2025,Neath Port Talbot 019,50_64,1,664
W02000217,2025,Neath Port Talbot 019,65_plus,1,563
W02000217,2025,Neath Port Talbot 019,16_24,2,367
W02000217,2025,Neath Port Talbot 019,25_34,2,431
W02000217,2025,Neath Port Talbot 019,35_49,2,676
W02000217,2025,Neath Port Talbot 019,50_64,2,696
W02000217,2025,Neath Port Talbot 019,65_plus,2,653
W02000218,2021,Bridgend 001,16_24,1,383
W02000218,2021,Bridgend 001,25_34,1,392
W02000218,2021,Bridgend 001,35_49,1,560
W02000218,2021,Bridgend 001,50_64,1,648
W02000218,2021,Bridgend 001,65_plus,1,615
W02000218,2021,Bridgend 001,16_24,2,409
W02000218,2021,Bridgend 001,25_34,2,458
W02000218,2021,Bridgend 001,35_49,2,602
W02000218,2021,Bridgend 001,50_64,2,648
W02000218,2021,Bridgend 001,65_plus,2,653
W02000218,2023,Bridgend 001,16_24,1,365
W02000218,2023,Bridgend 001,25_34,1,418
W02000218,2023,Bridgend 001,35_49,1,528
W02000218,2023,Bridgend 001,50_64,1,683
W02000218,2023,Bridgend 001,65_plus,1,568
W02000218,2023,Bridgend 001,16_24,2,399
W02000218,2023,Bridgend 001,25_34,2,457
W02000218,2023,Bridgend 001,35_49,2,615
W02000218,2023,Bridgend 001,50_64,2,660
W02000218,2023,Bridgend 001,65_plus,2,645
W02000218,2025,Bridgend 001,16_24,1,363
W02000218,2025,Bridgend 001,25_34,1,417
W02000218,2025,Bridgend 001,35_49,1,538
W02000218,2025,Bridgend 001,50_64,1,692
W02000218,2025,Bridgend 001,65_plus,1,571
W02000218,2025,Bridgend 001,16_24,2,421
W02000218,2025,Bridgend 001,25_34,2,443
W02000218,2025,Bridgend 001,35_49,2,616
W02000218,2025,Bridgend 001,50_64,2,662
W02000218,2025,Bridgend 001,65_plus,2,657
W02000219,2021,Bridgend 002,16_24,1,420
W02000219,2021,Bridgend 002,25_34,1,390
W02000219,2021,Bridgend 002,35_49,1,624
W02000219,2021,Bridgend 002,50_64,1,755
W02000219,2021,Bridgend 002,65_plus,1,667
W02000219,2021,Bridgend 002,16_24,2,385
W02000219,2021,Bridgend 002,25_34,2,449
W02000219,2021,Bridgend 002,35_49,2,684
W02000219,2021,Bridgend 002,50_64,2,794
W02000219,2021,Bridgend 002,65_plus,2,863
W02000219,2023,Bridgend 002,16_24,1,403
W02000219,2023,Bridgend 002,25_34,1,399
W02000219,2023,Bridgend 002,35_49,1,592
W02000219,2023,Bridgend 002,50_64,1,789
W02000219,2023,Bridgend 002,65_plus,1,698
W02000219,2023,Bridgend 002,16_24,2,372
W02000219,2023,Bridgend 002,25_34,2,426
W02000219,2023,Bridgend 002,35_49,2,655
W02000219,2023,Bridgend 002,50_64,2,828
W02000219,2023,Bridgend 002,65_plus,2,864
W02000219,2025,Bridgend 002,16_24,1,427
W02000219,2025,Bridgend 002,25_34,1,386
W02000219,2025,Bridgend 002,35_49,1,594
W02000219,2025,Bridgend 002,50_64,1,779
W02000219,2025,Bridgend 002,65_plus,1,721
W02000219,2025,Bridgend 002,16_24,2,377
W02000219,2025,Bridgend 002,25_34,2,429
W02000219,2025,Bridgend 002,35_49,2,673
W02000219,2025,Bridgend 002,50_64,2,824
W02000219,2025,Bridgend 002,65_plus,2,869
W02000220,2021,Bridgend 003,16_24,1,434
W02000220,2021,Bridgend 003,25_34,1,512
W02000220,2021,Bridgend 003,35_49,1,696
W02000220,2021,Bridgend 003,50_64,1,831
W02000220,2021,Bridgend 003,65_plus,1,726
W02000220,2021,Bridgend 003,16_24,2,465
W02000220,2021,Bridgend 003,25_34,2,543
W02000220,2021,Bridgend 003,35_49,2,723
W02000220,2021,Bridgend 003,50_64,2,869
W02000220,2021,Bridgend 003,65_plus,2,790
W02000220,2023,Bridgend 003,16_24,1,438
W02000220,2023,Bridgend 003,25_34,1,501
W02000220,2023,Bridgend 003,35_49,1,656
W02000220,2023,Bridgend 003,50_64,1,840
W02000220,2023,Bridgend 003,65_plus,1,721
W02000220,2023,Bridgend 003,16_24,2,443
W02000220,2023,Bridgend 003,25_34,2,544
W02000220,2023,Bridgend 003,35_49,2,717
W02000220,2023,Bridgend 003,50_64,2,874
W02000220,2023,Bridgend 003,65_plus,2,823
W02000220,2025,Bridgend 003,16_24,1,420
W02000220,2025,Bridgend 003,25_34,1,514
W02000220,2025,Bridgend 003,35_49,1,672
W02000220,2025,Bridgend 003,50_64,1,828
W02000220,2025,Bridgend 003,65_plus,1,727
W02000220,2025,Bridgend 003,16_24,2,480
W02000220,2025,Bridgend 003,25_34,2,548
W02000220,2025,Bridgend 003,35_49,2,746
W02000220,2025,Bridgend 003,50_64,2,879
W02000220,2025,Bridgend 003,65_plus,2,835
W02000221,2021,Bridgend 004,16_24,1,449
W02000221,2021,Bridgend 004,25_34,1,530
W02000221,2021,Bridgend 004,35_49,1,707
W02000221,2021,Bridgend 004,50_64,1,792
W02000221,2021,Bridgend 004,65_plus,1,620
W02000221,2021,Bridgend 004,16_24,2,454
W02000221,2021,Bridgend 004,25_34,2,543
W02000221,2021,Bridgend 004,35_49,2,707
W02000221,2021,Bridgend 004,50_64,2,816
W02000221,2021,Bridgend 004,65_plus,2,695
W02000221,2023,Bridgend 004,16_24,1,434
W02000221,2023,Bridgend 004,25_34,1,531
W02000221,2023,Bridgend 004,35_49,1,684
W02000221,2023,Bridgend 004,50_64,1,821
W02000221,2023,Bridgend 004,65_plus,1,634
W02000221,2023,Bridgend 004,16_24,2,467
W02000221,2023,Bridgend 004,25_34,2,537
W02000221,2023,Bridgend 004,35_49,2,689
W02000221,2023,Bridgend 004,50_64,2,866
W02000221,2023,Bridgend 004,65_plus,2,694
W02000221,2025,Bridgend 004,16_24,1,442
W02000221,2025,Bridgend 004,25_34,1,531
W02000221,2025,Bridgend 004,35_49,1,691
W02000221,2025,Bridgend 004,50_64,1,819
W02000221,2025,Bridgend 004,65_plus,1,637
W02000221,2025,Bridgend 004,16_24,2,419
W02000221,2025,Bridgend 004,25_34,2,530
W02000221,2025,Bridgend 004,35_49,2,755
W02000221,2025,Bridgend 004,50_64,2,858
W02000221,2025,Bridgend 004,65_plus,2,702
W02000222,2021,Bridgend 005,16_24,1,386
W02000222,2021,Bridgend 005,25_34,1,310
W02000222,2021,Bridgend 005,35_49,1,502
W02000222,2021,Bridgend 005,50_64,1,636
W02000222,2021,Bridgend 005,65_plus,1,701
W02000222,2021,Bridgend 005,16_24,2,329
W02000222,2021,Bridgend 005,25_34,2,314
W02000222,2021,Bridgend 005,35_49,2,550
W02000222,2021,Bridgend 005,50_64,2,646
W02000222,2021,Bridgend 005,65_plus,2,877
W02000222,2023,Bridgend 005,16_24,1,367
W02000222,2023,Bridgend 005,25_34,1,314
W02000222,2023,Bridgend 005,35_49,1,477
W02000222,2023,Bridgend 005,50_64,1,652
W02000222,2023,Bridgend 005,65_plus,1,718
W02000222,2023,Bridgend 005,16_24,2,333
W02000222,2023,Bridgend 005,25_34,2,322
W02000222,2023,Bridgend 005,35_49,2,568
W02000222,2023,Bridgend 005,50_64,2,644
W02000222,2023,Bridgend 005,65_plus,2,886
W02000222,2025,Bridgend 005,16_24,1,367
W02000222,2025,Bridgend 005,25_34,1,354
W02000222,2025,Bridgend 005,35_49,1,460
W02000222,2025,Bridgend 005,50_64,1,622
W02000222,2025,Bridgend 005,65_plus,1,741
W02000222,2025,Bridgend 005,16_24,2,323
W02000222,2025,Bridgend 005,25_34,2,335
W02000222,2025,Bridgend 005,35_49,2,568
W02000222,2025,Bridgend 005,50_64,2,628
W02000222,2025,Bridgend 005,65_plus,2,898
W02000223,2021,Bridgend 006,16_24,1,287
W02000223,2021,Bridgend 006,25_34,1,370
W02000223,2021,Bridgend 006,35_49,1,580
W02000223,2021,Bridgend 006,50_64,1,656
W02000223,2021,Bridgend 006,65_plus,1,517
W02000223,2021,Bridgend 006,16_24,2,293
W02000223,2021,Bridgend 006,25_34,2,445
W02000223,2021,Bridgend 006,35_49,2,587
W02000223,2021,Bridgend 006,50_64,2,654
W02000223,2021,Bridgend 006,65_plus,2,621
W02000223,2023,Bridgend 006,16_24,1,301
W02000223,2023,Bridgend 006,25_34,1,391
W02000223,2023,Bridgend 006,35_49,1,571
W02000223,2023,Bridgend 006,50_64,1,658
W02000223,2023,Bridgend 006,65_plus,1,569
W02000223,2023,Bridgend 006,16_24,2,287
W02000223,2023,Bridgend 006,25_34,2,421
W02000223,2023,Bridgend 006,35_49,2,577
W02000223,2023,Bridgend 006,50_64,2,667
W02000223,2023,Bridgend 006,65_plus,2,661
W02000223,2025,Bridgend 006,16_24,1,307
W02000223,2025,Bridgend 006,25_34,1,398
W02000223,2025,Bridgend 006,35_49,1,572
W02000223,2025,Bridgend 006,50_64,1,657
W02000223,2025,Bridgend 006,65_plus,1,640
W02000223,2025,Bridgend 006,16_24,2,282
W02000223,2025,Bridgend 006,25_34,2,426
W02000223,2025,Bridgend 006,35_49,2,580
W02000223,2025,Bridgend 006,50_64,2,699
W02000223,2025,Bridgend 006,65_plus,2,711
W02000224,2021,Bridgend 007,16_24,1,358
W02000224,2021,Bridgend 007,25_34,1,449
W02000224,2021,Bridgend 007,35_49,1,639
W02000224,2021,Bridgend 007,50_64,1,643
W02000224,2021,Bridgend 007,65_plus,1,516
W02000224,2021,Bridgend 007,16_24,2,367
W02000224,2021,Bridgend 007,25_34,2,476
W02000224,2021,Bridgend 007,35_49,2,589
W02000224,2021,Bridgend 007,50_64,2,654
W02000224,2021,Bridgend 007,65_plus,2,626
W02000224,2023,Bridgend 007,16_24,1,337
W02000224,2023,Bridgend 007,25_34,1,463
W02000224,2023,Bridgend 007,35_49,1,607
W02000224,2023,Bridgend 007,50_64,1,650
W02000224,2023,Bridgend 007,65_plus,1,510
W02000224,2023,Bridgend 007,16_24,2,370
W02000224,2023,Bridgend 007,25_34,2,483
W02000224,2023,Bridgend 007,35_49,2,611
W02000224,2023,Bridgend 007,50_64,2,633
W02000224,2023,Bridgend 007,65_plus,2,650
W02000224,2025,Bridgend 007,16_24,1,325
W02000224,2025,Bridgend 007,25_34,1,449
W02000224,2025,Bridgend 007,35_49,1,645
W02000224,2025,Bridgend 007,50_64,1,635
W02000224,2025,Bridgend 007,65_plus,1,535
W02000224,2025,Bridgend 007,16_24,2,350
W02000224,2025,Bridgend 007,25_34,2,474
W02000224,2025,Bridgend 007,35_49,2,643
W02000224,2025,Bridgend 007,50_64,2,634
W02000224,2025,Bridgend 007,65_plus,2,655
W02000225,2021,Bridgend 008,16_24,1,501
W02000225,2021,Bridgend 008,25_34,1,588
W02000225,2021,Bridgend 008,35_49,1,730
W02000225,2021,Bridgend 008,50_64,1,933
W02000225,2021,Bridgend 008,65_plus,1,813
W02000225,2021,Bridgend 008,16_24,2,430
W02000225,2021,Bridgend 008,25_34,2,591
W02000225,2021,Bridgend 008,35_49,2,824
W02000225,2021,Bridgend 008,50_64,2,1037
W02000225,2021,Bridgend 008,65_plus,2,919
W02000225,2023,Bridgend 008,16_24,1,472
W02000225,2023,Bridgend 008,25_34,1,538
W02000225,2023,Bridgend 008,35_49,1,695
W02000225,2023,Bridgend 008,50_64,1,940
W02000225,2023,Bridgend 008,65_plus,1,813
W02000225,2023,Bridgend 008,16_24,2,407
W02000225,2023,Bridgend 008,25_34,2,533
W02000225,2023,Bridgend 008,35_49,2,822
W02000225,2023,Bridgend 008,50_64,2,1070
W02000225,2023,Bridgend 008,65_plus,2,942
W02000225,2025,Bridgend 008,16_24,1,498
W02000225,2025,Bridgend 008,25_34,1,538
W02000225,2025,Bridgend 008,35_49,1,722
W02000225,2025,Bridgend 008,50_64,1,926
W02000225,2025,Bridgend 008,65_plus,1,847
W02000225,2025,Bridgend 008,16_24,2,420
W02000225,2025,Bridgend 008,25_34,2,506
W02000225,2025,Bridgend 008,35_49,2,896
W02000225,2025,Bridgend 008,50_64,2,1063
W02000225,2025,Bridgend 008,65_plus,2,974
W02000226,2021,Bridgend 009,16_24,1,538
W02000226,2021,Bridgend 009,25_34,1,549
W02000226,2021,Bridgend 009,35_49,1,915
W02000226,2021,Bridgend 009,50_64,1,1040
W02000226,2021,Bridgend 009,65_plus,1,1094
W02000226,2021,Bridgend 009,16_24,2,497
W02000226,2021,Bridgend 009,25_34,2,561
W02000226,2021,Bridgend 009,35_49,2,948
W02000226,2021,Bridgend 009,50_64,2,1074
W02000226,2021,Bridgend 009,65_plus,2,1243
W02000226,2023,Bridgend 009,16_24,1,539
W02000226,2023,Bridgend 009,25_34,1,524
W02000226,2023,Bridgend 009,35_49,1,852
W02000226,2023,Bridgend 009,50_64,1,1050
W02000226,2023,Bridgend 009,65_plus,1,1102
W02000226,2023,Bridgend 009,16_24,2,471
W02000226,2023,Bridgend 009,25_34,2,537
W02000226,2023,Bridgend 009,35_49,2,948
W02000226,2023,Bridgend 009,50_64,2,1130
W02000226,2023,Bridgend 009,65_plus,2,1286
W02000226,2025,Bridgend 009,16_24,1,547
W02000226,2025,Bridgend 009,25_34,1,527
W02000226,2025,Bridgend 009,35_49,1,828
W02000226,2025,Bridgend 009,50_64,1,1068
W02000226,2025,Bridgend 009,65_plus,1,1112
W02000226,2025,Bridgend 009,16_24,2,505
W02000226,2025,Bridgend 009,25_34,2,496
W02000226,2025,Bridgend 009,35_49,2,926
W02000226,2025,Bridgend 009,50_64,2,1158
W02000226,2025,Bridgend 009,65_plus,2,1297
W02000227,2021,Bridgend 010,16_24,1,429
W02000227,2021,Bridgend 010,25_34,1,434
W02000227,2021,Bridgend 010,35_49,1,675
W02000227,2021,Bridgend 010,50_64,1,698
W02000227,2021,Bridgend 010,65_plus,1,631
W02000227,2021,Bridgend 010,16_24,2,389
W02000227,2021,Bridgend 010,25_34,2,516
W02000227,2021,Bridgend 010,35_49,2,737
W02000227,2021,Bridgend 010,50_64,2,725
W02000227,2021,Bridgend 010,65_plus,2,762
W02000227,2023,Bridgend 010,16_24,1,432
W02000227,2023,Bridgend 010,25_34,1,439
W02000227,2023,Bridgend 010,35_49,1,671
W02000227,2023,Bridgend 010,50_64,1,672
W02000227,2023,Bridgend 010,65_plus,1,646
W02000227,2023,Bridgend 010,16_24,2,402
W02000227,2023,Bridgend 010,25_34,2,487
W02000227,2023,Bridgend 010,35_49,2,725
W02000227,2023,Bridgend 010,50_64,2,759
W02000227,2023,Bridgend 010,65_plus,2,807
W02000227,2025,Bridgend 010,16_24,1,450
W02000227,2025,Bridgend 010,25_34,1,418
W02000227,2025,Bridgend 010,35_49,1,681
W02000227,2025,Bridgend 010,50_64,1,676
W02000227,2025,Bridgend 010,65_plus,1,670
W02000227,2025,Bridgend 010,16_24,2,373
W02000227,2025,Bridgend 010,25_34,2,472
W02000227,2025,Bridgend 010,35_49,2,759
W02000227,2025,Bridgend 010,50_64,2,773
W02000227,2025,Bridgend 010,65_plus,2,807
W02000228,2021,Bridgend 011,16_24,1,753
W02000228,2021,Bridgend 011,25_34,1,1537
W02000228,2021,Bridgend 011,35_49,1,1479
W02000228,2021,Bridgend 011,50_64,1,910
W02000228,2021,Bridgend 011,65_plus,1,732
W02000228,2021,Bridgend 011,16_24,2,453
W02000228,2021,Bridgend 011,25_34,2,1126
W02000228,2021,Bridgend 011,35_49,2,1064
W02000228,2021,Bridgend 011,50_64,2,806
W02000228,2021,Bridgend 011,65_plus,2,754
W02000228,2023,Bridgend 011,16_24,1,756
W02000228,2023,Bridgend 011,25_34,1,1592
W02000228,2023,Bridgend 011,35_49,1,1704
W02000228,2023,Bridgend 011,50_64,1,1005
W02000228,2023,Bridgend 011,65_plus,1,749
W02000228,2023,Bridgend 011,16_24,2,490
W02000228,2023,Bridgend 011,25_34,2,1185
W02000228,2023,Bridgend 011,35_49,2,1165
W02000228,2023,Bridgend 011,50_64,2,893
W02000228,2023,Bridgend 011,65_plus,2,787
W02000228,2025,Bridgend 011,16_24,1,718
W02000228,2025,Bridgend 011,25_34,1,1541
W02000228,2025,Bridgend 011,35_49,1,1992
W02000228,2025,Bridgend 011,50_64,1,1071
W02000228,2025,Bridgend 011,65_plus,1,764
W02000228,2025,Bridgend 011,16_24,2,464
W02000228,2025,Bridgend 011,25_34,2,1095
W02000228,2025,Bridgend 011,35_49,2,1287
W02000228,2025,Bridgend 011,50_64,2,981
W02000228,2025,Bridgend 011,65_plus,2,810
W02000229,2021,Bridgend 012,16_24,1,350
W02000229,2021,Bridgend 012,25_34,1,382
W02000229,2021,Bridgend 012,35_49,1,529
W02000229,2021,Bridgend 012,50_64,1,659
W02000229,2021,Bridgend 012,65_plus,1,605
W02000229,2021,Bridgend 012,16_24,2,291
W02000229,2021,Bridgend 012,25_34,2,360
W02000229,2021,Bridgend 012,35_49,2,536
W02000229,2021,Bridgend 012,50_64,2,680
W02000229,2021,Bridgend 012,65_plus,2,765
W02000229,2023,Bridgend 012,16_24,1,336
W02000229,2023,Bridgend 012,25_34,1,377
W02000229,2023,Bridgend 012,35_49,1,531
W02000229,2023,Bridgend 012,50_64,1,666
W02000229,2023,Bridgend 012,65_plus,1,630
W02000229,2023,Bridgend 012,16_24,2,267
W02000229,2023,Bridgend 012,25_34,2,402
W02000229,2023,Bridgend 012,35_49,2,537
W02000229,2023,Bridgend 012,50_64,2,654
W02000229,2023,Bridgend 012,65_plus,2,743
W02000229,2025,Bridgend 012,16_24,1,366
W02000229,2025,Bridgend 012,25_34,1,371
W02000229,2025,Bridgend 012,35_49,1,540
W02000229,2025,Bridgend 012,50_64,1,686
W02000229,2025,Bridgend 012,65_plus,1,633
W02000229,2025,Bridgend 012,16_24,2,279
W02000229,2025,Bridgend 012,25_34,2,416
W02000229,2025,Bridgend 012,35_49,2,571
W02000229,2025,Bridgend 012,50_64,2,651
W02000229,2025,Bridgend 012,65_plus,2,771
W02000230,2021,Bridgend 013,16_24,1,254
W02000230,2021,Bridgend 013,25_34,1,298
W02000230,2021,Bridgend 013,35_49,1,460
W02000230,2021,Bridgend 013,50_64,1,630
W02000230,2021,Bridgend 013,65_plus,1,661
W02000230,2021,Bridgend 013,16_24,2,241
W02000230,2021,Bridgend 013,25_34,2,326
W02000230,2021,Bridgend 013,35_49,2,477
W02000230,2021,Bridgend 013,50_64,2,645
W02000230,2021,Bridgend 013,65_plus,2,771
W02000230,2023,Bridgend 013,16_24,1,256
W02000230,2023,Bridgend 013,25_34,1,308
W02000230,2023,Bridgend 013,35_49,1,513
W02000230,2023,Bridgend 013,50_64,1,626
W02000230,2023,Bridgend 013,65_plus,1,709
W02000230,2023,Bridgend 013,16_24,2,225
W02000230,2023,Bridgend 013,25_34,2,383
W02000230,2023,Bridgend 013,35_49,2,519
W02000230,2023,Bridgend 013,50_64,2,662
W02000230,2023,Bridgend 013,65_plus,2,790
W02000230,2025,Bridgend 013,16_24,1,252
W02000230,2025,Bridgend 013,25_34,1,338
W02000230,2025,Bridgend 013,35_49,1,526
W02000230,2025,Bridgend 013,50_64,1,617
W02000230,2025,Bridgend 013,65_plus,1,728
W02000230,2025,Bridgend 013,16_24,2,228
W02000230,2025,Bridgend 013,25_34,2,389
W02000230,2025,Bridgend 013,35_49,2,550
W02000230,2025,Bridgend 013,50_64,2,629
W02000230,2025,Bridgend 013,65_plus,2,832
W02000231,2021,Bridgend 014,16_24,1,462
W02000231,2021,Bridgend 014,25_34,1,561
W02000231,2021,Bridgend 014,35_49,1,878
W02000231,2021,Bridgend 014,50_64,1,803
W02000231,2021,Bridgend 014,65_plus,1,770
W02000231,2021,Bridgend 014,16_24,2,390
W02000231,2021,Bridgend 014,25_34,2,625
W02000231,2021,Bridgend 014,35_49,2,838
W02000231,2021,Bridgend 014,50_64,2,790
W02000231,2021,Bridgend 014,65_plus,2,950
W02000231,2023,Bridgend 014,16_24,1,482
W02000231,2023,Bridgend 014,25_34,1,580
W02000231,2023,Bridgend 014,35_49,1,851
W02000231,2023,Bridgend 014,50_64,1,869
W02000231,2023,Bridgend 014,65_plus,1,756
W02000231,2023,Bridgend 014,16_24,2,372
W02000231,2023,Bridgend 014,25_34,2,626
W02000231,2023,Bridgend 014,35_49,2,821
W02000231,2023,Bridgend 014,50_64,2,811
W02000231,2023,Bridgend 014,65_plus,2,929
W02000231,2025,Bridgend 014,16_24,1,451
W02000231,2025,Bridgend 014,25_34,1,593
W02000231,2025,Bridgend 014,35_49,1,957
W02000231,2025,Bridgend 014,50_64,1,854
W02000231,2025,Bridgend 014,65_plus,1,788
W02000231,2025,Bridgend 014,16_24,2,361
W02000231,2025,Bridgend 014,25_34,2,651
W02000231,2025,Bridgend 014,35_49,2,844
W02000231,2025,Bridgend 014,50_64,2,819
W02000231,2025,Bridgend 014,65_plus,2,942
W02000232,2021,Bridgend 015,16_24,1,302
W02000232,2021,Bridgend 015,25_34,1,349
W02000232,2021,Bridgend 015,35_49,1,521
W02000232,2021,Bridgend 015,50_64,1,675
W02000232,2021,Bridgend 015,65_plus,1,497
W02000232,2021,Bridgend 015,16_24,2,287
W02000232,2021,Bridgend 015,25_34,2,396
W02000232,2021,Bridgend 015,35_49,2,548
W02000232,2021,Bridgend 015,50_64,2,733
W02000232,2021,Bridgend 015,65_plus,2,554
W02000232,2023,Bridgend 015,16_24,1,288
W02000232,2023,Bridgend 015,25_34,1,339
W02000232,2023,Bridgend 015,35_49,1,505
W02000232,2023,Bridgend 015,50_64,1,671
W02000232,2023,Bridgend 015,65_plus,1,524
W02000232,2023,Bridgend 015,16_24,2,270
W02000232,2023,Bridgend 015,25_34,2,354
W02000232,2023,Bridgend 015,35_49,2,544
W02000232,2023,Bridgend 015,50_64,2,747
W02000232,2023,Bridgend 015,65_plus,2,545
W02000232,2025,Bridgend 015,16_24,1,297
W02000232,2025,Bridgend 015,25_34,1,344
W02000232,2025,Bridgend 015,35_49,1,527
W02000232,2025,Bridgend 015,50_64,1,633
W02000232,2025,Bridgend 015,65_plus,1,565
W02000232,2025,Bridgend 015,16_24,2,238
W02000232,2025,Bridgend 015,25_34,2,363
W02000232,2025,Bridgend 015,35_49,2,559
W02000232,2025,Bridgend 015,50_64,2,719
W02000232,2025,Bridgend 015,65_plus,2,569
W02000233,2021,Bridgend 016,16_24,1,358
W02000233,2021,Bridgend 016,25_34,1,410
W02000233,2021,Bridgend 016,35_49,1,589
W02000233,2021,Bridgend 016,50_64,1,602
W02000233,2021,Bridgend 016,65_plus,1,493
W02000233,2021,Bridgend 016,16_24,2,288
W02000233,2021,Bridgend 016,25_34,2,485
W02000233,2021,Bridgend 016,35_49,2,655
W02000233,2021,Bridgend 016,50_64,2,659
W02000233,2021,Bridgend 016,65_plus,2,585
W02000233,2023,Bridgend 016,16_24,1,358
W02000233,2023,Bridgend 016,25_34,1,380
W02000233,2023,Bridgend 016,35_49,1,590
W02000233,2023,Bridgend 016,50_64,1,596
W02000233,2023,Bridgend 016,65_plus,1,508
W02000233,2023,Bridgend 016,16_24,2,276
W02000233,2023,Bridgend 016,25_34,2,437
W02000233,2023,Bridgend 016,35_49,2,636
W02000233,2023,Bridgend 016,50_64,2,674
W02000233,2023,Bridgend 016,65_plus,2,605
W02000233,2025,Bridgend 016,16_24,1,364
W02000233,2025,Bridgend 016,25_34,1,391
W02000233,2025,Bridgend 016,35_49,1,622
W02000233,2025,Bridgend 016,50_64,1,584
W02000233,2025,Bridgend 016,65_plus,1,540
W02000233,2025,Bridgend 016,16_24,2,295
W02000233,2025,Bridgend 016,25_34,2,430
W02000233,2025,Bridgend 016,35_49,2,675
W02000233,2025,Bridgend 016,50_64,2,662
W02000233,2025,Bridgend 016,65_plus,2,638
W02000234,2021,Bridgend 017,16_24,1,614
W02000234,2021,Bridgend 017,25_34,1,531
W02000234,2021,Bridgend 017,35_49,1,1106
W02000234,2021,Bridgend 017,50_64,1,1077
W02000234,2021,Bridgend 017,65_plus,1,794
W02000234,2021,Bridgend 017,16_24,2,540
W02000234,2021,Bridgend 017,25_34,2,557
W02000234,2021,Bridgend 017,35_49,2,1278
W02000234,2021,Bridgend 017,50_64,2,1145
W02000234,2021,Bridgend 017,65_plus,2,953
W02000234,2023,Bridgend 017,16_24,1,578
W02000234,2023,Bridgend 017,25_34,1,552
W02000234,2023,Bridgend 017,35_49,1,1016
W02000234,2023,Bridgend 017,50_64,1,1143
W02000234,2023,Bridgend 017,65_plus,1,817
W02000234,2023,Bridgend 017,16_24,2,549
W02000234,2023,Bridgend 017,25_34,2,546
W02000234,2023,Bridgend 017,35_49,2,1208
W02000234,2023,Bridgend 017,50_64,2,1195
W02000234,2023,Bridgend 017,65_plus,2,970
W02000234,2025,Bridgend 017,16_24,1,628
W02000234,2025,Bridgend 017,25_34,1,557
W02000234,2025,Bridgend 017,35_49,1,1012
W02000234,2025,Bridgend 017,50_64,1,1114
W02000234,2025,Bridgend 017,65_plus,1,869
W02000234,2025,Bridgend 017,16_24,2,554
W02000234,2025,Bridgend 017,25_34,2,533
W02000234,2025,Bridgend 017,35_49,2,1185
W02000234,2025,Bridgend 017,50_64,2,1223
W02000234,2025,Bridgend 017,65_plus,2,1025
W02000235,2021,Bridgend 018,16_24,1,373
W02000235,2021,Bridgend 018,25_34,1,343
W02000235,2021,Bridgend 018,35_49,1,647
W02000235,2021,Bridgend 018,50_64,1,994
W02000235,2021,Bridgend 018,65_plus,1,1454
W02000235,2021,Bridgend 018,16_24,2,348
W02000235,2021,Bridgend 018,25_34,2,316
W02000235,2021,Bridgend 018,35_49,2,677
W02000235,2021,Bridgend 018,50_64,2,1108
W02000235,2021,Bridgend 018,65_plus,2,1766
W02000235,2023,Bridgend 018,16_24,1,373
W02000235,2023,Bridgend 018,25_34,1,372
W02000235,2023,Bridgend 018,35_49,1,628
W02000235,2023,Bridgend 018,50_64,1,1030
W02000235,2023,Bridgend 018,65_plus,1,1539
W02000235,2023,Bridgend 018,16_24,2,334
W02000235,2023,Bridgend 018,25_34,2,331
W02000235,2023,Bridgend 018,35_49,2,642
W02000235,2023,Bridgend 018,50_64,2,1164
W02000235,2023,Bridgend 018,65_plus,2,1786
W02000235,2025,Bridgend 018,16_24,1,368
W02000235,2025,Bridgend 018,25_34,1,397
W02000235,2025,Bridgend 018,35_49,1,614
W02000235,2025,Bridgend 018,50_64,1,1008
W02000235,2025,Bridgend 018,65_plus,1,1569
W02000235,2025,Bridgend 018,16_24,2,314
W02000235,2025,Bridgend 018,25_34,2,332
W02000235,2025,Bridgend 018,35_49,2,662
W02000235,2025,Bridgend 018,50_64,2,1114
W02000235,2025,Bridgend 018,65_plus,2,1824
W02000236,2021,Bridgend 019,16_24,1,352
W02000236,2021,Bridgend 019,25_34,1,273
W02000236,2021,Bridgend 019,35_49,1,528
W02000236,2021,Bridgend 019,50_64,1,814
W02000236,2021,Bridgend 019,65_plus,1,966
W02000236,2021,Bridgend 019,16_24,2,316
W02000236,2021,Bridgend 019,25_34,2,269
W02000236,2021,Bridgend 019,35_49,2,575
W02000236,2021,Bridgend 019,50_64,2,852
W02000236,2021,Bridgend 019,65_plus,2,1134
W02000236,2023,Bridgend 019,16_24,1,317
W02000236,2023,Bridgend 019,25_34,1,288
W02000236,2023,Bridgend 019,35_49,1,513
W02000236,2023,Bridgend 019,50_64,1,837
W02000236,2023,Bridgend 019,65_plus,1,1020
W02000236,2023,Bridgend 019,16_24,2,335
W02000236,2023,Bridgend 019,25_34,2,267
W02000236,2023,Bridgend 019,35_49,2,524
W02000236,2023,Bridgend 019,50_64,2,900
W02000236,2023,Bridgend 019,65_plus,2,1154
W02000236,2025,Bridgend 019,16_24,1,329
W02000236,2025,Bridgend 019,25_34,1,288
W02000236,2025,Bridgend 019,35_49,1,506
W02000236,2025,Bridgend 019,50_64,1,814
W02000236,2025,Bridgend 019,65_plus,1,1072
W02000236,2025,Bridgend 019,16_24,2,321
W02000236,2025,Bridgend 019,25_34,2,280
W02000236,2025,Bridgend 019,35_49,2,540
W02000236,2025,Bridgend 019,50_64,2,888
W02000236,2025,Bridgend 019,65_plus,2,1202
W02000237,2021,Vale of Glamorgan 001,16_24,1,254
W02000237,2021,Vale of Glamorgan 001,25_34,1,199
W02000237,2021,Vale of Glamorgan 001,35_49,1,523
W02000237,2021,Vale of Glamorgan 001,50_64,1,739
W02000237,2021,Vale of Glamorgan 001,65_plus,1,764
W02000237,2021,Vale of Glamorgan 001,16_24,2,230
W02000237,2021,Vale of Glamorgan 001,25_34,2,214
W02000237,2021,Vale of Glamorgan 001,35_49,2,601
W02000237,2021,Vale of Glamorgan 001,50_64,2,774
W02000237,2021,Vale of Glamorgan 001,65_plus,2,791
W02000237,2023,Vale of Glamorgan 001,16_24,1,264
W02000237,2023,Vale of Glamorgan 001,25_34,1,204
W02000237,2023,Vale of Glamorgan 001,35_49,1,527
W02000237,2023,Vale of Glamorgan 001,50_64,1,720
W02000237,2023,Vale of Glamorgan 001,65_plus,1,808
W02000237,2023,Vale of Glamorgan 001,16_24,2,228
W02000237,2023,Vale of Glamorgan 001,25_34,2,228
W02000237,2023,Vale of Glamorgan 001,35_49,2,614
W02000237,2023,Vale of Glamorgan 001,50_64,2,779
W02000237,2023,Vale of Glamorgan 001,65_plus,2,835
W02000237,2025,Vale of Glamorgan 001,16_24,1,268
W02000237,2025,Vale of Glamorgan 001,25_34,1,209
W02000237,2025,Vale of Glamorgan 001,35_49,1,560
W02000237,2025,Vale of Glamorgan 001,50_64,1,687
W02000237,2025,Vale of Glamorgan 001,65_plus,1,817
W02000237,2025,Vale of Glamorgan 001,16_24,2,223
W02000237,2025,Vale of Glamorgan 001,25_34,2,223
W02000237,2025,Vale of Glamorgan 001,35_49,2,613
W02000237,2025,Vale of Glamorgan 001,50_64,2,755
W02000237,2025,Vale of Glamorgan 001,65_plus,2,873
W02000238,2021,Vale of Glamorgan 002,16_24,1,278
W02000238,2021,Vale of Glamorgan 002,25_34,1,225
W02000238,2021,Vale of Glamorgan 002,35_49,1,470
W02000238,2021,Vale of Glamorgan 002,50_64,1,660
W02000238,2021,Vale of Glamorgan 002,65_plus,1,941
W02000238,2021,Vale of Glamorgan 002,16_24,2,246
W02000238,2021,Vale of Glamorgan 002,25_34,2,207
W02000238,2021,Vale of Glamorgan 002,35_49,2,570
W02000238,2021,Vale of Glamorgan 002,50_64,2,703
W02000238,2021,Vale of Glamorgan 002,65_plus,2,1208
W02000238,2023,Vale of Glamorgan 002,16_24,1,263
W02000238,2023,Vale of Glamorgan 002,25_34,1,238
W02000238,2023,Vale of Glamorgan 002,35_49,1,507
W02000238,2023,Vale of Glamorgan 002,50_64,1,695
W02000238,2023,Vale of Glamorgan 002,65_plus,1,969
W02000238,2023,Vale of Glamorgan 002,16_24,2,258
W02000238,2023,Vale of Glamorgan 002,25_34,2,223
W02000238,2023,Vale of Glamorgan 002,35_49,2,600
W02000238,2023,Vale of Glamorgan 002,50_64,2,749
W02000238,2023,Vale of Glamorgan 002,65_plus,2,1254
W02000238,2025,Vale of Glamorgan 002,16_24,1,292
W02000238,2025,Vale of Glamorgan 002,25_34,1,240
W02000238,2025,Vale of Glamorgan 002,35_49,1,530
W02000238,2025,Vale of Glamorgan 002,50_64,1,719
W02000238,2025,Vale of Glamorgan 002,65_plus,1,1033
W02000238,2025,Vale of Glamorgan 002,16_24,2,287
W02000238,2025,Vale of Glamorgan 002,25_34,2,232
W02000238,2025,Vale of Glamorgan 002,35_49,2,642
W02000238,2025,Vale of Glamorgan 002,50_64,2,754
W02000238,2025,Vale of Glamorgan 002,65_plus,2,1279
W02000239,2021,Vale of Glamorgan 003,16_24,1,340
W02000239,2021,Vale of Glamorgan 003,25_34,1,359
W02000239,2021,Vale of Glamorgan 003,35_49,1,651
W02000239,2021,Vale of Glamorgan 003,50_64,1,922
W02000239,2021,Vale of Glamorgan 003,65_plus,1,955
W02000239,2021,Vale of Glamorgan 003,16_24,2,357
W02000239,2021,Vale of Glamorgan 003,25_34,2,403
W02000239,2021,Vale of Glamorgan 003,35_49,2,704
W02000239,2021,Vale of Glamorgan 003,50_64,2,968
W02000239,2021,Vale of Glamorgan 003,65_plus,2,1036
W02000239,2023,Vale of Glamorgan 003,16_24,1,363
W02000239,2023,Vale of Glamorgan 003,25_34,1,397
W02000239,2023,Vale of Glamorgan 003,35_49,1,735
W02000239,2023,Vale of Glamorgan 003,50_64,1,989
W02000239,2023,Vale of Glamorgan 003,65_plus,1,973
W02000239,2023,Vale of Glamorgan 003,16_24,2,373
W02000239,2023,Vale of Glamorgan 003,25_34,2,465
W02000239,2023,Vale of Glamorgan 003,35_49,2,734
W02000239,2023,Vale of Glamorgan 003,50_64,2,990
W02000239,2023,Vale of Glamorgan 003,65_plus,2,1072
W02000239,2025,Vale of Glamorgan 003,16_24,1,384
W02000239,2025,Vale of Glamorgan 003,25_34,1,394
W02000239,2025,Vale of Glamorgan 003,35_49,1,713
W02000239,2025,Vale of Glamorgan 003,50_64,1,985
W02000239,2025,Vale of Glamorgan 003,65_plus,1,997
W02000239,2025,Vale of Glamorgan 003,16_24,2,356
W02000239,2025,Vale of Glamorgan 003,25_34,2,412
W02000239,2025,Vale of Glamorgan 003,35_49,2,759
W02000239,2025,Vale of Glamorgan 003,50_64,2,994
W02000239,2025,Vale of Glamorgan 003,65_plus,2,1113
W02000240,2021,Vale of Glamorgan 004,16_24,1,473
W02000240,2021,Vale of Glamorgan 004,25_34,1,442
W02000240,2021,Vale of Glamorgan 004,35_49,1,871
W02000240,2021,Vale of Glamorgan 004,50_64,1,831
W02000240,2021,Vale of Glamorgan 004,65_plus,1,827
W02000240,2021,Vale of Glamorgan 004,16_24,2,426
W02000240,2021,Vale of Glamorgan 004,25_34,2,478
W02000240,2021,Vale of Glamorgan 004,35_49,2,990
W02000240,2021,Vale of Glamorgan 004,50_64,2,943
W02000240,2021,Vale of Glamorgan 004,65_plus,2,971
W02000240,2023,Vale of Glamorgan 004,16_24,1,497
W02000240,2023,Vale of Glamorgan 004,25_34,1,405
W02000240,2023,Vale of Glamorgan 004,35_49,1,904
W02000240,2023,Vale of Glamorgan 004,50_64,1,842
W02000240,2023,Vale of Glamorgan 004,65_plus,1,846
W02000240,2023,Vale of Glamorgan 004,16_24,2,409
W02000240,2023,Vale of Glamorgan 004,25_34,2,481
W02000240,2023,Vale of Glamorgan 004,35_49,2,1023
W02000240,2023,Vale of Glamorgan 004,50_64,2,967
W02000240,2023,Vale of Glamorgan 004,65_plus,2,979
W02000240,2025,Vale of Glamorgan 004,16_24,1,525
W02000240,2025,Vale of Glamorgan 004,25_34,1,381
W02000240,2025,Vale of Glamorgan 004,35_49,1,918
W02000240,2025,Vale of Glamorgan 004,50_64,1,845
W02000240,2025,Vale of Glamorgan 004,65_plus,1,844
W02000240,2025,Vale of Glamorgan 004,16_24,2,469
W02000240,2025,Vale of Glamorgan 004,25_34,2,462
W02000240,2025,Vale of Glamorgan 004,35_49,2,1041
W02000240,2025,Vale of Glamorgan 004,50_64,2,962
W02000240,2025,Vale of Glamorgan 004,65_plus,2,1012
W02000241,2021,Vale of Glamorgan 005,16_24,1,462
W02000241,2021,Vale of Glamorgan 005,25_34,1,538
W02000241,2021,Vale of Glamorgan 005,35_49,1,1020
W02000241,2021,Vale of Glamorgan 005,50_64,1,1050
W02000241,2021,Vale of Glamorgan 005,65_plus,1,1024
W02000241,2021,Vale of Glamorgan 005,16_24,2,397
W02000241,2021,Vale of Glamorgan 005,25_34,2,562
W02000241,2021,Vale of Glamorgan 005,35_49,2,1068
W02000241,2021,Vale of Glamorgan 005,50_64,2,1043
W02000241,2021,Vale of Glamorgan 005,65_plus,2,1325
W02000241,2023,Vale of Glamorgan 005,16_24,1,473
W02000241,2023,Vale of Glamorgan 005,25_34,1,544
W02000241,2023,Vale of Glamorgan 005,35_49,1,994
W02000241,2023,Vale of Glamorgan 005,50_64,1,1075
W02000241,2023,Vale of Glamorgan 005,65_plus,1,1084
W02000241,2023,Vale of Glamorgan 005,16_24,2,399
W02000241,2023,Vale of Glamorgan 005,25_34,2,526
W02000241,2023,Vale of Glamorgan 005,35_49,2,1076
W02000241,2023,Vale of Glamorgan 005,50_64,2,1030
W02000241,2023,Vale of Glamorgan 005,65_plus,2,1360
W02000241,2025,Vale of Glamorgan 005,16_24,1,503
W02000241,2025,Vale of Glamorgan 005,25_34,1,512
W02000241,2025,Vale of Glamorgan 005,35_49,1,979
W02000241,2025,Vale of Glamorgan 005,50_64,1,1039
W02000241,2025,Vale of Glamorgan 005,65_plus,1,1147
W02000241,2025,Vale of Glamorgan 005,16_24,2,419
W02000241,2025,Vale of Glamorgan 005,25_34,2,529
W02000241,2025,Vale of Glamorgan 005,35_49,2,1045
W02000241,2025,Vale of Glamorgan 005,50_64,2,1037
W02000241,2025,Vale of Glamorgan 005,65_plus,2,1401
W02000242,2021,Vale of Glamorgan 006,16_24,1,345
W02000242,2021,Vale of Glamorgan 006,25_34,1,368
W02000242,2021,Vale of Glamorgan 006,35_49,1,644
W02000242,2021,Vale of Glamorgan 006,50_64,1,815
W02000242,2021,Vale of Glamorgan 006,65_plus,1,977
W02000242,2021,Vale of Glamorgan 006,16_24,2,307
W02000242,2021,Vale of Glamorgan 006,25_34,2,408
W02000242,2021,Vale of Glamorgan 006,35_49,2,752
W02000242,2021,Vale of Glamorgan 006,50_64,2,837
W02000242,2021,Vale of Glamorgan 006,65_plus,2,1272
W02000242,2023,Vale of Glamorgan 006,16_24,1,348
W02000242,2023,Vale of Glamorgan 006,25_34,1,407
W02000242,2023,Vale of Glamorgan 006,35_49,1,707
W02000242,2023,Vale of Glamorgan 006,50_64,1,825
W02000242,2023,Vale of Glamorgan 006,65_plus,1,1028
W02000242,2023,Vale of Glamorgan 006,16_24,2,299
W02000242,2023,Vale of Glamorgan 006,25_34,2,445
W02000242,2023,Vale of Glamorgan 006,35_49,2,790
W02000242,2023,Vale of Glamorgan 006,50_64,2,851
W02000242,2023,Vale of Glamorgan 006,65_plus,2,1292
W02000242,2025,Vale of Glamorgan 006,16_24,1,367
W02000242,2025,Vale of Glamorgan 006,25_34,1,384
W02000242,2025,Vale of Glamorgan 006,35_49,1,709
W02000242,2025,Vale of Glamorgan 006,50_64,1,834
W02000242,2025,Vale of Glamorgan 006,65_plus,1,1003
W02000242,2025,Vale of Glamorgan 006,16_24,2,318
W02000242,2025,Vale of Glamorgan 006,25_34,2,423
W02000242,2025,Vale of Glamorgan 006,35_49,2,814
W02000242,2025,Vale of Glamorgan 006,50_64,2,837
W02000242,2025,Vale of Glamorgan 006,65_plus,2,1303
W02000243,2021,Vale of Glamorgan 007,16_24,1,551
W02000243,2021,Vale of Glamorgan 007,25_34,1,599
W02000243,2021,Vale of Glamorgan 007,35_49,1,766
W02000243,2021,Vale of Glamorgan 007,50_64,1,819
W02000243,2021,Vale of Glamorgan 007,65_plus,1,672
W02000243,2021,Vale of Glamorgan 007,16_24,2,575
W02000243,2021,Vale of Glamorgan 007,25_34,2,752
W02000243,2021,Vale of Glamorgan 007,35_49,2,914
W02000243,2021,Vale of Glamorgan 007,50_64,2,924
W02000243,2021,Vale of Glamorgan 007,65_plus,2,850
W02000243,2023,Vale of Glamorgan 007,16_24,1,547
W02000243,2023,Vale of Glamorgan 007,25_34,1,584
W02000243,2023,Vale of Glamorgan 007,35_49,1,768
W02000243,2023,Vale of Glamorgan 007,50_64,1,820
W02000243,2023,Vale of Glamorgan 007,65_plus,1,652
W02000243,2023,Vale of Glamorgan 007,16_24,2,549
W02000243,2023,Vale of Glamorgan 007,25_34,2,697
W02000243,2023,Vale of Glamorgan 007,35_49,2,954
W02000243,2023,Vale of Glamorgan 007,50_64,2,972
W02000243,2023,Vale of Glamorgan 007,65_plus,2,885
W02000243,2025,Vale of Glamorgan 007,16_24,1,556
W02000243,2025,Vale of Glamorgan 007,25_34,1,565
W02000243,2025,Vale of Glamorgan 007,35_49,1,787
W02000243,2025,Vale of Glamorgan 007,50_64,1,846
W02000243,2025,Vale of Glamorgan 007,65_plus,1,653
W02000243,2025,Vale of Glamorgan 007,16_24,2,550
W02000243,2025,Vale of Glamorgan 007,25_34,2,651
W02000243,2025,Vale of Glamorgan 007,35_49,2,1015
W02000243,2025,Vale of Glamorgan 007,50_64,2,979
W02000243,2025,Vale of Glamorgan 007,65_plus,2,890
W02000244,2021,Vale of Glamorgan 008,16_24,1,496
W02000244,2021,Vale of Glamorgan 008,25_34,1,404
W02000244,2021,Vale of Glamorgan 008,35_49,1,867
W02000244,2021,Vale of Glamorgan 008,50_64,1,985
W02000244,2021,Vale of Glamorgan 008,65_plus,1,1141
W02000244,2021,Vale of Glamorgan 008,16_24,2,483
W02000244,2021,Vale of Glamorgan 008,25_34,2,417
W02000244,2021,Vale of Glamorgan 008,35_49,2,996
W02000244,2021,Vale of Glamorgan 008,50_64,2,1150
W02000244,2021,Vale of Glamorgan 008,65_plus,2,1431
W02000244,2023,Vale of Glamorgan 008,16_24,1,529
W02000244,2023,Vale of Glamorgan 008,25_34,1,394
W02000244,2023,Vale of Glamorgan 008,35_49,1,887
W02000244,2023,Vale of Glamorgan 008,50_64,1,1007
W02000244,2023,Vale of Glamorgan 008,65_plus,1,1172
W02000244,2023,Vale of Glamorgan 008,16_24,2,500
W02000244,2023,Vale of Glamorgan 008,25_34,2,358
W02000244,2023,Vale of Glamorgan 008,35_49,2,1047
W02000244,2023,Vale of Glamorgan 008,50_64,2,1141
W02000244,2023,Vale of Glamorgan 008,65_plus,2,1445
W02000244,2025,Vale of Glamorgan 008,16_24,1,578
W02000244,2025,Vale of Glamorgan 008,25_34,1,417
W02000244,2025,Vale of Glamorgan 008,35_49,1,899
W02000244,2025,Vale of Glamorgan 008,50_64,1,1020
W02000244,2025,Vale of Glamorgan 008,65_plus,1,1212
W02000244,2025,Vale of Glamorgan 008,16_24,2,495
W02000244,2025,Vale of Glamorgan 008,25_34,2,385
W02000244,2025,Vale of Glamorgan 008,35_49,2,1066
W02000244,2025,Vale of Glamorgan 008,50_64,2,1145
W02000244,2025,Vale of Glamorgan 008,65_plus,2,1477
W02000245,2021,Vale of Glamorgan 009,16_24,1,499
W02000245,2021,Vale of Glamorgan 009,25_34,1,531
W02000245,2021,Vale of Glamorgan 009,35_49,1,864
W02000245,2021,Vale of Glamorgan 009,50_64,1,840
W02000245,2021,Vale of Glamorgan 009,65_plus,1,663
W02000245,2021,Vale of Glamorgan 009,16_24,2,473
W02000245,2021,Vale of Glamorgan 009,25_34,2,575
W02000245,2021,Vale of Glamorgan 009,35_49,2,879
W02000245,2021,Vale of Glamorgan 009,50_64,2,882
W02000245,2021,Vale of Glamorgan 009,65_plus,2,712
W02000245,2023,Vale of Glamorgan 009,16_24,1,515
W02000245,2023,Vale of Glamorgan 009,25_34,1,502
W02000245,2023,Vale of Glamorgan 009,35_49,1,797
W02000245,2023,Vale of Glamorgan 009,50_64,1,860
W02000245,2023,Vale of Glamorgan 009,65_plus,1,676
W02000245,2023,Vale of Glamorgan 009,16_24,2,491
W02000245,2023,Vale of Glamorgan 009,25_34,2,560
W02000245,2023,Vale of Glamorgan 009,35_49,2,866
W02000245,2023,Vale of Glamorgan 009,50_64,2,882
W02000245,2023,Vale of Glamorgan 009,65_plus,2,750
W02000245,2025,Vale of Glamorgan 009,16_24,1,499
W02000245,2025,Vale of Glamorgan 009,25_34,1,515
W02000245,2025,Vale of Glamorgan 009,35_49,1,812
W02000245,2025,Vale of Glamorgan 009,50_64,1,844
W02000245,2025,Vale of Glamorgan 009,65_plus,1,720
W02000245,2025,Vale of Glamorgan 009,16_24,2,473
W02000245,2025,Vale of Glamorgan 009,25_34,2,560
W02000245,2025,Vale of Glamorgan 009,35_49,2,886
W02000245,2025,Vale of Glamorgan 009,50_64,2,872
W02000245,2025,Vale of Glamorgan 009,65_plus,2,807
W02000246,2021,Vale of Glamorgan 010,16_24,1,237
W02000246,2021,Vale of Glamorgan 010,25_34,1,223
W02000246,2021,Vale of Glamorgan 010,35_49,1,409
W02000246,2021,Vale of Glamorgan 010,50_64,1,626
W02000246,2021,Vale of Glamorgan 010,65_plus,1,770
W02000246,2021,Vale of Glamorgan 010,16_24,2,221
W02000246,2021,Vale of Glamorgan 010,25_34,2,231
W02000246,2021,Vale of Glamorgan 010,35_49,2,421
W02000246,2021,Vale of Glamorgan 010,50_64,2,627
W02000246,2021,Vale of Glamorgan 010,65_plus,2,909
W02000246,2023,Vale of Glamorgan 010,16_24,1,236
W02000246,2023,Vale of Glamorgan 010,25_34,1,205
W02000246,2023,Vale of Glamorgan 010,35_49,1,382
W02000246,2023,Vale of Glamorgan 010,50_64,1,597
W02000246,2023,Vale of Glamorgan 010,65_plus,1,822
W02000246,2023,Vale of Glamorgan 010,16_24,2,205
W02000246,2023,Vale of Glamorgan 010,25_34,2,237
W02000246,2023,Vale of Glamorgan 010,35_49,2,414
W02000246,2023,Vale of Glamorgan 010,50_64,2,603
W02000246,2023,Vale of Glamorgan 010,65_plus,2,933
W02000246,2025,Vale of Glamorgan 010,16_24,1,245
W02000246,2025,Vale of Glamorgan 010,25_34,1,188
W02000246,2025,Vale of Glamorgan 010,35_49,1,411
W02000246,2025,Vale of Glamorgan 010,50_64,1,552
W02000246,2025,Vale of Glamorgan 010,65_plus,1,845
W02000246,2025,Vale of Glamorgan 010,16_24,2,213
W02000246,2025,Vale of Glamorgan 010,25_34,2,241
W02000246,2025,Vale of Glamorgan 010,35_49,2,406
W02000246,2025,Vale of Glamorgan 010,50_64,2,588
W02000246,2025,Vale of Glamorgan 010,65_plus,2,964
W02000247,2021,Vale of Glamorgan 011,16_24,1,471
W02000247,2021,Vale of Glamorgan 011,25_34,1,417
W02000247,2021,Vale of Glamorgan 011,35_49,1,681
W02000247,2021,Vale of Glamorgan 011,50_64,1,870
W02000247,2021,Vale of Glamorgan 011,65_plus,1,955
W02000247,2021,Vale of Glamorgan 011,16_24,2,511
W02000247,2021,Vale of Glamorgan 011,25_34,2,416
W02000247,2021,Vale of Glamorgan 011,35_49,2,730
W02000247,2021,Vale of Glamorgan 011,50_64,2,1025
W02000247,2021,Vale of Glamorgan 011,65_plus,2,1264
W02000247,2023,Vale of Glamorgan 011,16_24,1,446
W02000247,2023,Vale of Glamorgan 011,25_34,1,440
W02000247,2023,Vale of Glamorgan 011,35_49,1,670
W02000247,2023,Vale of Glamorgan 011,50_64,1,844
W02000247,2023,Vale of Glamorgan 011,65_plus,1,971
W02000247,2023,Vale of Glamorgan 011,16_24,2,485
W02000247,2023,Vale of Glamorgan 011,25_34,2,420
W02000247,2023,Vale of Glamorgan 011,35_49,2,727
W02000247,2023,Vale of Glamorgan 011,50_64,2,1035
W02000247,2023,Vale of Glamorgan 011,65_plus,2,1303
W02000247,2025,Vale of Glamorgan 011,16_24,1,497
W02000247,2025,Vale of Glamorgan 011,25_34,1,408
W02000247,2025,Vale of Glamorgan 011,35_49,1,691
W02000247,2025,Vale of Glamorgan 011,50_64,1,845
W02000247,2025,Vale of Glamorgan 011,65_plus,1,1013
W02000247,2025,Vale of Glamorgan 011,16_24,2,589
W02000247,2025,Vale of Glamorgan 011,25_34,2,392
W02000247,2025,Vale of Glamorgan 011,35_49,2,754
W02000247,2025,Vale of Glamorgan 011,50_64,2,1018
W02000247,2025,Vale of Glamorgan 011,65_plus,2,1358
W02000248,2021,Vale of Glamorgan 012,16_24,1,658
W02000248,2021,Vale of Glamorgan 012,25_34,1,784
W02000248,2021,Vale of Glamorgan 012,35_49,1,1018
W02000248,2021,Vale of Glamorgan 012,50_64,1,962
W02000248,2021,Vale of Glamorgan 012,65_plus,1,710
W02000248,2021,Vale of Glamorgan 012,16_24,2,692
W02000248,2021,Vale of Glamorgan 012,25_34,2,891
W02000248,2021,Vale of Glamorgan 012,35_49,2,1033
W02000248,2021,Vale of Glamorgan 012,50_64,2,1027
W02000248,2021,Vale of Glamorgan 012,65_plus,2,824
W02000248,2023,Vale of Glamorgan 012,16_24,1,660
W02000248,2023,Vale of Glamorgan 012,25_34,1,724
W02000248,2023,Vale of Glamorgan 012,35_49,1,1060
W02000248,2023,Vale of Glamorgan 012,50_64,1,907
W02000248,2023,Vale of Glamorgan 012,65_plus,1,719
W02000248,2023,Vale of Glamorgan 012,16_24,2,651
W02000248,2023,Vale of Glamorgan 012,25_34,2,911
W02000248,2023,Vale of Glamorgan 012,35_49,2,1057
W02000248,2023,Vale of Glamorgan 012,50_64,2,1046
W02000248,2023,Vale of Glamorgan 012,65_plus,2,818
W02000248,2025,Vale of Glamorgan 012,16_24,1,706
W02000248,2025,Vale of Glamorgan 012,25_34,1,742
W02000248,2025,Vale of Glamorgan 012,35_49,1,1110
W02000248,2025,Vale of Glamorgan 012,50_64,1,906
W02000248,2025,Vale of Glamorgan 012,65_plus,1,738
W02000248,2025,Vale of Glamorgan 012,16_24,2,635
W02000248,2025,Vale of Glamorgan 012,25_34,2,893
W02000248,2025,Vale of Glamorgan 012,35_49,2,1173
W02000248,2025,Vale of Glamorgan 012,50_64,2,1008
W02000248,2025,Vale of Glamorgan 012,65_plus,2,873
W02000249,2021,Vale of Glamorgan 013,16_24,1,461
W02000249,2021,Vale of Glamorgan 013,25_34,1,536
W02000249,2021,Vale of Glamorgan 013,35_49,1,807
W02000249,2021,Vale of Glamorgan 013,50_64,1,802
W02000249,2021,Vale of Glamorgan 013,65_plus,1,729
W02000249,2021,Vale of Glamorgan 013,16_24,2,419
W02000249,2021,Vale of Glamorgan 013,25_34,2,590
W02000249,2021,Vale of Glamorgan 013,35_49,2,921
W02000249,2021,Vale of Glamorgan 013,50_64,2,907
W02000249,2021,Vale of Glamorgan 013,65_plus,2,895
W02000249,2023,Vale of Glamorgan 013,16_24,1,447
W02000249,2023,Vale of Glamorgan 013,25_34,1,528
W02000249,2023,Vale of Glamorgan 013,35_49,1,821
W02000249,2023,Vale of Glamorgan 013,50_64,1,815
W02000249,2023,Vale of Glamorgan 013,65_plus,1,740
W02000249,2023,Vale of Glamorgan 013,16_24,2,429
W02000249,2023,Vale of Glamorgan 013,25_34,2,574
W02000249,2023,Vale of Glamorgan 013,35_49,2,942
W02000249,2023,Vale of Glamorgan 013,50_64,2,941
W02000249,2023,Vale of Glamorgan 013,65_plus,2,946
W02000249,2025,Vale of Glamorgan 013,16_24,1,478
W02000249,2025,Vale of Glamorgan 013,25_34,1,535
W02000249,2025,Vale of Glamorgan 013,35_49,1,801
W02000249,2025,Vale of Glamorgan 013,50_64,1,835
W02000249,2025,Vale of Glamorgan 013,65_plus,1,781
W02000249,2025,Vale of Glamorgan 013,16_24,2,461
W02000249,2025,Vale of Glamorgan 013,25_34,2,567
W02000249,2025,Vale of Glamorgan 013,35_49,2,925
W02000249,2025,Vale of Glamorgan 013,50_64,2,970
W02000249,2025,Vale of Glamorgan 013,65_plus,2,951
W02000250,2021,Vale of Glamorgan 014,16_24,1,755
W02000250,2021,Vale of Glamorgan 014,25_34,1,767
W02000250,2021,Vale of Glamorgan 014,35_49,1,1051
W02000250,2021,Vale of Glamorgan 014,50_64,1,1153
W02000250,2021,Vale of Glamorgan 014,65_plus,1,1000
W02000250,2021,Vale of Glamorgan 014,16_24,2,559
W02000250,2021,Vale of Glamorgan 014,25_34,2,681
W02000250,2021,Vale of Glamorgan 014,35_49,2,1056
W02000250,2021,Vale of Glamorgan 014,50_64,2,1254
W02000250,2021,Vale of Glamorgan 014,65_plus,2,1081
W02000250,2023,Vale of Glamorgan 014,16_24,1,742
W02000250,2023,Vale of Glamorgan 014,25_34,1,761
W02000250,2023,Vale of Glamorgan 014,35_49,1,1081
W02000250,2023,Vale of Glamorgan 014,50_64,1,1191
W02000250,2023,Vale of Glamorgan 014,65_plus,1,1070
W02000250,2023,Vale of Glamorgan 014,16_24,2,537
W02000250,2023,Vale of Glamorgan 014,25_34,2,769
W02000250,2023,Vale of Glamorgan 014,35_49,2,1112
W02000250,2023,Vale of Glamorgan 014,50_64,2,1278
W02000250,2023,Vale of Glamorgan 014,65_plus,2,1172
W02000250,2025,Vale of Glamorgan 014,16_24,1,714
W02000250,2025,Vale of Glamorgan 014,25_34,1,769
W02000250,2025,Vale of Glamorgan 014,35_49,1,1101
W02000250,2025,Vale of Glamorgan 014,50_64,1,1203
W02000250,2025,Vale of Glamorgan 014,65_plus,1,1158
W02000250,2025,Vale of Glamorgan 014,16_24,2,597
W02000250,2025,Vale of Glamorgan 014,25_34,2,843
W02000250,2025,Vale of Glamorgan 014,35_49,2,1191
W02000250,2025,Vale of Glamorgan 014,50_64,2,1314
W02000250,2025,Vale of Glamorgan 014,65_plus,2,1289
W02000251,2021,Vale of Glamorgan 015,16_24,1,498
W02000251,2021,Vale of Glamorgan 015,25_34,1,798
W02000251,2021,Vale of Glamorgan 015,35_49,1,993
W02000251,2021,Vale of Glamorgan 015,50_64,1,970
W02000251,2021,Vale of Glamorgan 015,65_plus,1,888
W02000251,2021,Vale of Glamorgan 015,16_24,2,524
W02000251,2021,Vale of Glamorgan 015,25_34,2,896
W02000251,2021,Vale of Glamorgan 015,35_49,2,1055
W02000251,2021,Vale of Glamorgan 015,50_64,2,1105
W02000251,2021,Vale of Glamorgan 015,65_plus,2,1158
W02000251,2023,Vale of Glamorgan 015,16_24,1,490
W02000251,2023,Vale of Glamorgan 015,25_34,1,888
W02000251,2023,Vale of Glamorgan 015,35_49,1,1071
W02000251,2023,Vale of Glamorgan 015,50_64,1,989
W02000251,2023,Vale of Glamorgan 015,65_plus,1,941
W02000251,2023,Vale of Glamorgan 015,16_24,2,495
W02000251,2023,Vale of Glamorgan 015,25_34,2,966
W02000251,2023,Vale of Glamorgan 015,35_49,2,1133
W02000251,2023,Vale of Glamorgan 015,50_64,2,1120
W02000251,2023,Vale of Glamorgan 015,65_plus,2,1208
W02000251,2025,Vale of Glamorgan 015,16_24,1,525
W02000251,2025,Vale of Glamorgan 015,25_34,1,913
W02000251,2025,Vale of Glamorgan 015,35_49,1,1177
W02000251,2025,Vale of Glamorgan 015,50_64,1,989
W02000251,2025,Vale of Glamorgan 015,65_plus,1,1000
W02000251,2025,Vale of Glamorgan 015,16_24,2,514
W02000251,2025,Vale of Glamorgan 015,25_34,2,1017
W02000251,2025,Vale of Glamorgan 015,35_49,2,1249
W02000251,2025,Vale of Glamorgan 015,50_64,2,1151
W02000251,2025,Vale of Glamorgan 015,65_plus,2,1303
W02000252,2021,Rhondda Cynon Taf 001,16_24,1,477
W02000252,2021,Rhondda Cynon Taf 001,25_34,1,545
W02000252,2021,Rhondda Cynon Taf 001,35_49,1,731
W02000252,2021,Rhondda Cynon Taf 001,50_64,1,888
W02000252,2021,Rhondda Cynon Taf 001,65_plus,1,949
W02000252,2021,Rhondda Cynon Taf 001,16_24,2,471
W02000252,2021,Rhondda Cynon Taf 001,25_34,2,583
W02000252,2021,Rhondda Cynon Taf 001,35_49,2,801
W02000252,2021,Rhondda Cynon Taf 001,50_64,2,950
W02000252,2021,Rhondda Cynon Taf 001,65_plus,2,1060
W02000252,2023,Rhondda Cynon Taf 001,16_24,1,495
W02000252,2023,Rhondda Cynon Taf 001,25_34,1,530
W02000252,2023,Rhondda Cynon Taf 001,35_49,1,708
W02000252,2023,Rhondda Cynon Taf 001,50_64,1,892
W02000252,2023,Rhondda Cynon Taf 001,65_plus,1,979
W02000252,2023,Rhondda Cynon Taf 001,16_24,2,467
W02000252,2023,Rhondda Cynon Taf 001,25_34,2,577
W02000252,2023,Rhondda Cynon Taf 001,35_49,2,828
W02000252,2023,Rhondda Cynon Taf 001,50_64,2,964
W02000252,2023,Rhondda Cynon Taf 001,65_plus,2,1088
W02000252,2025,Rhondda Cynon Taf 001,16_24,1,570
W02000252,2025,Rhondda Cynon Taf 001,25_34,1,530
W02000252,2025,Rhondda Cynon Taf 001,35_49,1,753
W02000252,2025,Rhondda Cynon Taf 001,50_64,1,863
W02000252,2025,Rhondda Cynon Taf 001,65_plus,1,957
W02000252,2025,Rhondda Cynon Taf 001,16_24,2,454
W02000252,2025,Rhondda Cynon Taf 001,25_34,2,577
W02000252,2025,Rhondda Cynon Taf 001,35_49,2,878
W02000252,2025,Rhondda Cynon Taf 001,50_64,2,970
W02000252,2025,Rhondda Cynon Taf 001,65_plus,2,1080
W02000253,2021,Rhondda Cynon Taf 002,16_24,1,435
W02000253,2021,Rhondda Cynon Taf 002,25_34,1,428
W02000253,2021,Rhondda Cynon Taf 002,35_49,1,600
W02000253,2021,Rhondda Cynon Taf 002,50_64,1,713
W02000253,2021,Rhondda Cynon Taf 002,65_plus,1,619
W02000253,2021,Rhondda Cynon Taf 002,16_24,2,338
W02000253,2021,Rhondda Cynon Taf 002,25_34,2,476
W02000253,2021,Rhondda Cynon Taf 002,35_49,2,630
W02000253,2021,Rhondda Cynon Taf 002,50_64,2,667
W02000253,2021,Rhondda Cynon Taf 002,65_plus,2,784
W02000253,2023,Rhondda Cynon Taf 002,16_24,1,433
W02000253,2023,Rhondda Cynon Taf 002,25_34,1,449
W02000253,2023,Rhondda Cynon Taf 002,35_49,1,589
W02000253,2023,Rhondda Cynon Taf 002,50_64,1,728
W02000253,2023,Rhondda Cynon Taf 002,65_plus,1,630
W02000253,2023,Rhondda Cynon Taf 002,16_24,2,300
W02000253,2023,Rhondda Cynon Taf 002,25_34,2,502
W02000253,2023,Rhondda Cynon Taf 002,35_49,2,605
W02000253,2023,Rhondda Cynon Taf 002,50_64,2,732
W02000253,2023,Rhondda Cynon Taf 002,65_plus,2,762
W02000253,2025,Rhondda Cynon Taf 002,16_24,1,434
W02000253,2025,Rhondda Cynon Taf 002,25_34,1,470
W02000253,2025,Rhondda Cynon Taf 002,35_49,1,606
W02000253,2025,Rhondda Cynon Taf 002,50_64,1,714
W02000253,2025,Rhondda Cynon Taf 002,65_plus,1,657
W02000253,2025,Rhondda Cynon Taf 002,16_24,2,299
W02000253,2025,Rhondda Cynon Taf 002,25_34,2,512
W02000253,2025,Rhondda Cynon Taf 002,35_49,2,626
W02000253,2025,Rhondda Cynon Taf 002,50_64,2,702
W02000253,2025,Rhondda Cynon Taf 002,65_plus,2,781
W02000254,2021,Rhondda Cynon Taf 003,16_24,1,406
W02000254,2021,Rhondda Cynon Taf 003,25_34,1,530
W02000254,2021,Rhondda Cynon Taf 003,35_49,1,697
W02000254,2021,Rhondda Cynon Taf 003,50_64,1,827
W02000254,2021,Rhondda Cynon Taf 003,65_plus,1,758
W02000254,2021,Rhondda Cynon Taf 003,16_24,2,466
W02000254,2021,Rhondda Cynon Taf 003,25_34,2,447
W02000254,2021,Rhondda Cynon Taf 003,35_49,2,730
W02000254,2021,Rhondda Cynon Taf 003,50_64,2,799
W02000254,2021,Rhondda Cynon Taf 003,65_plus,2,898
W02000254,2023,Rhondda Cynon Taf 003,16_24,1,444
W02000254,2023,Rhondda Cynon Taf 003,25_34,1,539
W02000254,2023,Rhondda Cynon Taf 003,35_49,1,700
W02000254,2023,Rhondda Cynon Taf 003,50_64,1,834
W02000254,2023,Rhondda Cynon Taf 003,65_plus,1,789
W02000254,2023,Rhondda Cynon Taf 003,16_24,2,440
W02000254,2023,Rhondda Cynon Taf 003,25_34,2,499
W02000254,2023,Rhondda Cynon Taf 003,35_49,2,715
W02000254,2023,Rhondda Cynon Taf 003,50_64,2,850
W02000254,2023,Rhondda Cynon Taf 003,65_plus,2,864
W02000254,2025,Rhondda Cynon Taf 003,16_24,1,448
W02000254,2025,Rhondda Cynon Taf 003,25_34,1,543
W02000254,2025,Rhondda Cynon Taf 003,35_49,1,744
W02000254,2025,Rhondda Cynon Taf 003,50_64,1,842
W02000254,2025,Rhondda Cynon Taf 003,65_plus,1,794
W02000254,2025,Rhondda Cynon Taf 003,16_24,2,433
W02000254,2025,Rhondda Cynon Taf 003,25_34,2,505
W02000254,2025,Rhondda Cynon Taf 003,35_49,2,728
W02000254,2025,Rhondda Cynon Taf 003,50_64,2,859
W02000254,2025,Rhondda Cynon Taf 003,65_plus,2,928
W02000255,2021,Rhondda Cynon Taf 004,16_24,1,365
W02000255,2021,Rhondda Cynon Taf 004,25_34,1,400
W02000255,2021,Rhondda Cynon Taf 004,35_49,1,631
W02000255,2021,Rhondda Cynon Taf 004,50_64,1,713
W02000255,2021,Rhondda Cynon Taf 004,65_plus,1,703
W02000255,2021,Rhondda Cynon Taf 004,16_24,2,326
W02000255,2021,Rhondda Cynon Taf 004,25_34,2,410
W02000255,2021,Rhondda Cynon Taf 004,35_49,2,645
W02000255,2021,Rhondda Cynon Taf 004,50_64,2,720
W02000255,2021,Rhondda Cynon Taf 004,65_plus,2,750
W02000255,2023,Rhondda Cynon Taf 004,16_24,1,407
W02000255,2023,Rhondda Cynon Taf 004,25_34,1,389
W02000255,2023,Rhondda Cynon Taf 004,35_49,1,670
W02000255,2023,Rhondda Cynon Taf 004,50_64,1,724
W02000255,2023,Rhondda Cynon Taf 004,65_plus,1,728
W02000255,2023,Rhondda Cynon Taf 004,16_24,2,335
W02000255,2023,Rhondda Cynon Taf 004,25_34,2,400
W02000255,2023,Rhondda Cynon Taf 004,35_49,2,652
W02000255,2023,Rhondda Cynon Taf 004,50_64,2,745
W02000255,2023,Rhondda Cynon Taf 004,65_plus,2,782
W02000255,2025,Rhondda Cynon Taf 004,16_24,1,424
W02000255,2025,Rhondda Cynon Taf 004,25_34,1,427
W02000255,2025,Rhondda Cynon Taf 004,35_49,1,680
W02000255,2025,Rhondda Cynon Taf 004,50_64,1,720
W02000255,2025,Rhondda Cynon Taf 004,65_plus,1,733
W02000255,2025,Rhondda Cynon Taf 004,16_24,2,334
W02000255,2025,Rhondda Cynon Taf 004,25_34,2,411
W02000255,2025,Rhondda Cynon Taf 004,35_49,2,685
W02000255,2025,Rhondda Cynon Taf 004,50_64,2,751
W02000255,2025,Rhondda Cynon Taf 004,65_plus,2,800
W02000256,2021,Rhondda Cynon Taf 005,16_24,1,481
W02000256,2021,Rhondda Cynon Taf 005,25_34,1,655
W02000256,2021,Rhondda Cynon Taf 005,35_49,1,890
W02000256,2021,Rhondda Cynon Taf 005,50_64,1,901
W02000256,2021,Rhondda Cynon Taf 005,65_plus,1,874
W02000256,2021,Rhondda Cynon Taf 005,16_24,2,545
W02000256,2021,Rhondda Cynon Taf 005,25_34,2,740
W02000256,2021,Rhondda Cynon Taf 005,35_49,2,942
W02000256,2021,Rhondda Cynon Taf 005,50_64,2,932
W02000256,2021,Rhondda Cynon Taf 005,65_plus,2,1038
W02000256,2023,Rhondda Cynon Taf 005,16_24,1,495
W02000256,2023,Rhondda Cynon Taf 005,25_34,1,708
W02000256,2023,Rhondda Cynon Taf 005,35_49,1,879
W02000256,2023,Rhondda Cynon Taf 005,50_64,1,950
W02000256,2023,Rhondda Cynon Taf 005,65_plus,1,893
W02000256,2023,Rhondda Cynon Taf 005,16_24,2,532
W02000256,2023,Rhondda Cynon Taf 005,25_34,2,765
W02000256,2023,Rhondda Cynon Taf 005,35_49,2,947
W02000256,2023,Rhondda Cynon Taf 005,50_64,2,972
W02000256,2023,Rhondda Cynon Taf 005,65_plus,2,1062
W02000256,2025,Rhondda Cynon Taf 005,16_24,1,500
W02000256,2025,Rhondda Cynon Taf 005,25_34,1,753
W02000256,2025,Rhondda Cynon Taf 005,35_49,1,971
W02000256,2025,Rhondda Cynon Taf 005,50_64,1,920
W02000256,2025,Rhondda Cynon Taf 005,65_plus,1,903
W02000256,2025,Rhondda Cynon Taf 005,16_24,2,554
W02000256,2025,Rhondda Cynon Taf 005,25_34,2,814
W02000256,2025,Rhondda Cynon Taf 005,35_49,2,994
W02000256,2025,Rhondda Cynon Taf 005,50_64,2,1000
W02000256,2025,Rhondda Cynon Taf 005,65_plus,2,1109
W02000257,2021,Rhondda Cynon Taf 006,16_24,1,406
W02000257,2021,Rhondda Cynon Taf 006,25_34,1,445
W02000257,2021,Rhondda Cynon Taf 006,35_49,1,627
W02000257,2021,Rhondda Cynon Taf 006,50_64,1,719
W02000257,2021,Rhondda Cynon Taf 006,65_plus,1,717
W02000257,2021,Rhondda Cynon Taf 006,16_24,2,406
W02000257,2021,Rhondda Cynon Taf 006,25_34,2,467
W02000257,2021,Rhondda Cynon Taf 006,35_49,2,671
W02000257,2021,Rhondda Cynon Taf 006,50_64,2,738
W02000257,2021,Rhondda Cynon Taf 006,65_plus,2,828
W02000257,2023,Rhondda Cynon Taf 006,16_24,1,408
W02000257,2023,Rhondda Cynon Taf 006,25_34,1,471
W02000257,2023,Rhondda Cynon Taf 006,35_49,1,629
W02000257,2023,Rhondda Cynon Taf 006,50_64,1,728
W02000257,2023,Rhondda Cynon Taf 006,65_plus,1,733
W02000257,2023,Rhondda Cynon Taf 006,16_24,2,434
W02000257,2023,Rhondda Cynon Taf 006,25_34,2,504
W02000257,2023,Rhondda Cynon Taf 006,35_49,2,664
W02000257,2023,Rhondda Cynon Taf 006,50_64,2,785
W02000257,2023,Rhondda Cynon Taf 006,65_plus,2,822
W02000257,2025,Rhondda Cynon Taf 006,16_24,1,399
W02000257,2025,Rhondda Cynon Taf 006,25_34,1,539
W02000257,2025,Rhondda Cynon Taf 006,35_49,1,668
W02000257,2025,Rhondda Cynon Taf 006,50_64,1,725
W02000257,2025,Rhondda Cynon Taf 006,65_plus,1,740
W02000257,2025,Rhondda Cynon Taf 006,16_24,2,437
W02000257,2025,Rhondda Cynon Taf 006,25_34,2,528
W02000257,2025,Rhondda Cynon Taf 006,35_49,2,718
W02000257,2025,Rhondda Cynon Taf 006,50_64,2,771
W02000257,2025,Rhondda Cynon Taf 006,65_plus,2,840
W02000258,2021,Rhondda Cynon Taf 007,16_24,1,314
W02000258,2021,Rhondda Cynon Taf 007,25_34,1,345
W02000258,2021,Rhondda Cynon Taf 007,35_49,1,440
W02000258,2021,Rhondda Cynon Taf 007,50_64,1,626
W02000258,2021,Rhondda Cynon Taf 007,65_plus,1,618
W02000258,2021,Rhondda Cynon Taf 007,16_24,2,314
W02000258,2021,Rhondda Cynon Taf 007,25_34,2,386
W02000258,2021,Rhondda Cynon Taf 007,35_49,2,501
W02000258,2021,Rhondda Cynon Taf 007,50_64,2,564
W02000258,2021,Rhondda Cynon Taf 007,65_plus,2,660
W02000258,2023,Rhondda Cynon Taf 007,16_24,1,270
W02000258,2023,Rhondda Cynon Taf 007,25_34,1,347
W02000258,2023,Rhondda Cynon Taf 007,35_49,1,431
W02000258,2023,Rhondda Cynon Taf 007,50_64,1,613
W02000258,2023,Rhondda Cynon Taf 007,65_plus,1,645
W02000258,2023,Rhondda Cynon Taf 007,16_24,2,288
W02000258,2023,Rhondda Cynon Taf 007,25_34,2,399
W02000258,2023,Rhondda Cynon Taf 007,35_49,2,492
W02000258,2023,Rhondda Cynon Taf 007,50_64,2,574
W02000258,2023,Rhondda Cynon Taf 007,65_plus,2,640
W02000258,2025,Rhondda Cynon Taf 007,16_24,1,283
W02000258,2025,Rhondda Cynon Taf 007,25_34,1,319
W02000258,2025,Rhondda Cynon Taf 007,35_49,1,477
W02000258,2025,Rhondda Cynon Taf 007,50_64,1,591
W02000258,2025,Rhondda Cynon Taf 007,65_plus,1,648
W02000258,2025,Rhondda Cynon Taf 007,16_24,2,277
W02000258,2025,Rhondda Cynon Taf 007,25_34,2,403
W02000258,2025,Rhondda Cynon Taf 007,35_49,2,519
W02000258,2025,Rhondda Cynon Taf 007,50_64,2,574
W02000258,2025,Rhondda Cynon Taf 007,65_plus,2,657
W02000259,2021,Rhondda Cynon Taf 008,16_24,1,385
W02000259,2021,Rhondda Cynon Taf 008,25_34,1,322
W02000259,2021,Rhondda Cynon Taf 008,35_49,1,491
W02000259,2021,Rhondda Cynon Taf 008,50_64,1,566
W02000259,2021,Rhondda Cynon Taf 008,65_plus,1,508
W02000259,2021,Rhondda Cynon Taf 008,16_24,2,337
W02000259,2021,Rhondda Cynon Taf 008,25_34,2,406
W02000259,2021,Rhondda Cynon Taf 008,35_49,2,544
W02000259,2021,Rhondda Cynon Taf 008,50_64,2,597
W02000259,2021,Rhondda Cynon Taf 008,65_plus,2,546
W02000259,2023,Rhondda Cynon Taf 008,16_24,1,411
W02000259,2023,Rhondda Cynon Taf 008,25_34,1,325
W02000259,2023,Rhondda Cynon Taf 008,35_49,1,491
W02000259,2023,Rhondda Cynon Taf 008,50_64,1,568
W02000259,2023,Rhondda Cynon Taf 008,65_plus,1,486
W02000259,2023,Rhondda Cynon Taf 008,16_24,2,335
W02000259,2023,Rhondda Cynon Taf 008,25_34,2,390
W02000259,2023,Rhondda Cynon Taf 008,35_49,2,566
W02000259,2023,Rhondda Cynon Taf 008,50_64,2,611
W02000259,2023,Rhondda Cynon Taf 008,65_plus,2,581
W02000259,2025,Rhondda Cynon Taf 008,16_24,1,418
W02000259,2025,Rhondda Cynon Taf 008,25_34,1,332
W02000259,2025,Rhondda Cynon Taf 008,35_49,1,518
W02000259,2025,Rhondda Cynon Taf 008,50_64,1,551
W02000259,2025,Rhondda Cynon Taf 008,65_plus,1,493
W02000259,2025,Rhondda Cynon Taf 008,16_24,2,320
W02000259,2025,Rhondda Cynon Taf 008,25_34,2,400
W02000259,2025,Rhondda Cynon Taf 008,35_49,2,609
W02000259,2025,Rhondda Cynon Taf 008,50_64,2,579
W02000259,2025,Rhondda Cynon Taf 008,65_plus,2,571
W02000260,2021,Rhondda Cynon Taf 009,16_24,1,318
W02000260,2021,Rhondda Cynon Taf 009,25_34,1,311
W02000260,2021,Rhondda Cynon Taf 009,35_49,1,460
W02000260,2021,Rhondda Cynon Taf 009,50_64,1,564
W02000260,2021,Rhondda Cynon Taf 009,65_plus,1,622
W02000260,2021,Rhondda Cynon Taf 009,16_24,2,311
W02000260,2021,Rhondda Cynon Taf 009,25_34,2,339
W02000260,2021,Rhondda Cynon Taf 009,35_49,2,475
W02000260,2021,Rhondda Cynon Taf 009,50_64,2,606
W02000260,2021,Rhondda Cynon Taf 009,65_plus,2,719
W02000260,2023,Rhondda Cynon Taf 009,16_24,1,322
W02000260,2023,Rhondda Cynon Taf 009,25_34,1,332
W02000260,2023,Rhondda Cynon Taf 009,35_49,1,446
W02000260,2023,Rhondda Cynon Taf 009,50_64,1,569
W02000260,2023,Rhondda Cynon Taf 009,65_plus,1,633
W02000260,2023,Rhondda Cynon Taf 009,16_24,2,295
W02000260,2023,Rhondda Cynon Taf 009,25_34,2,364
W02000260,2023,Rhondda Cynon Taf 009,35_49,2,477
W02000260,2023,Rhondda Cynon Taf 009,50_64,2,617
W02000260,2023,Rhondda Cynon Taf 009,65_plus,2,713
W02000260,2025,Rhondda Cynon Taf 009,16_24,1,318
W02000260,2025,Rhondda Cynon Taf 009,25_34,1,315
W02000260,2025,Rhondda Cynon Taf 009,35_49,1,496
W02000260,2025,Rhondda Cynon Taf 009,50_64,1,552
W02000260,2025,Rhondda Cynon Taf 009,65_plus,1,641
W02000260,2025,Rhondda Cynon Taf 009,16_24,2,300
W02000260,2025,Rhondda Cynon Taf 009,25_34,2,390
W02000260,2025,Rhondda Cynon Taf 009,35_49,2,528
W02000260,2025,Rhondda Cynon Taf 009,50_64,2,575
W02000260,2025,Rhondda Cynon Taf 009,65_plus,2,744
W02000261,2021,Rhondda Cynon Taf 010,16_24,1,399
W02000261,2021,Rhondda Cynon Taf 010,25_34,1,428
W02000261,2021,Rhondda Cynon Taf 010,35_49,1,648
W02000261,2021,Rhondda Cynon Taf 010,50_64,1,790
W02000261,2021,Rhondda Cynon Taf 010,65_plus,1,769
W02000261,2021,Rhondda Cynon Taf 010,16_24,2,474
W02000261,2021,Rhondda Cynon Taf 010,25_34,2,419
W02000261,2021,Rhondda Cynon Taf 010,35_49,2,696
W02000261,2021,Rhondda Cynon Taf 010,50_64,2,835
W02000261,2021,Rhondda Cynon Taf 010,65_plus,2,912
W02000261,2023,Rhondda Cynon Taf 010,16_24,1,409
W02000261,2023,Rhondda Cynon Taf 010,25_34,1,434
W02000261,2023,Rhondda Cynon Taf 010,35_49,1,655
W02000261,2023,Rhondda Cynon Taf 010,50_64,1,793
W02000261,2023,Rhondda Cynon Taf 010,65_plus,1,750
W02000261,2023,Rhondda Cynon Taf 010,16_24,2,471
W02000261,2023,Rhondda Cynon Taf 010,25_34,2,469
W02000261,2023,Rhondda Cynon Taf 010,35_49,2,681
W02000261,2023,Rhondda Cynon Taf 010,50_64,2,867
W02000261,2023,Rhondda Cynon Taf 010,65_plus,2,888
W02000261,2025,Rhondda Cynon Taf 010,16_24,1,413
W02000261,2025,Rhondda Cynon Taf 010,25_34,1,429
W02000261,2025,Rhondda Cynon Taf 010,35_49,1,701
W02000261,2025,Rhondda Cynon Taf 010,50_64,1,791
W02000261,2025,Rhondda Cynon Taf 010,65_plus,1,751
W02000261,2025,Rhondda Cynon Taf 010,16_24,2,426
W02000261,2025,Rhondda Cynon Taf 010,25_34,2,466
W02000261,2025,Rhondda Cynon Taf 010,35_49,2,689
W02000261,2025,Rhondda Cynon Taf 010,50_64,2,882
W02000261,2025,Rhondda Cynon Taf 010,65_plus,2,912
W02000262,2021,Rhondda Cynon Taf 011,16_24,1,295
W02000262,2021,Rhondda Cynon Taf 011,25_34,1,319
W02000262,2021,Rhondda Cynon Taf 011,35_49,1,459
W02000262,2021,Rhondda Cynon Taf 011,50_64,1,522
W02000262,2021,Rhondda Cynon Taf 011,65_plus,1,486
W02000262,2021,Rhondda Cynon Taf 011,16_24,2,277
W02000262,2021,Rhondda Cynon Taf 011,25_34,2,307
W02000262,2021,Rhondda Cynon Taf 011,35_49,2,480
W02000262,2021,Rhondda Cynon Taf 011,50_64,2,544
W02000262,2021,Rhondda Cynon Taf 011,65_plus,2,571
W02000262,2023,Rhondda Cynon Taf 011,16_24,1,314
W02000262,2023,Rhondda Cynon Taf 011,25_34,1,321
W02000262,2023,Rhondda Cynon Taf 011,35_49,1,460
W02000262,2023,Rhondda Cynon Taf 011,50_64,1,548
W02000262,2023,Rhondda Cynon Taf 011,65_plus,1,476
W02000262,2023,Rhondda Cynon Taf 011,16_24,2,265
W02000262,2023,Rhondda Cynon Taf 011,25_34,2,316
W02000262,2023,Rhondda Cynon Taf 011,35_49,2,461
W02000262,2023,Rhondda Cynon Taf 011,50_64,2,577
W02000262,2023,Rhondda Cynon Taf 011,65_plus,2,572
W02000262,2025,Rhondda Cynon Taf 011,16_24,1,342
W02000262,2025,Rhondda Cynon Taf 011,25_34,1,329
W02000262,2025,Rhondda Cynon Taf 011,35_49,1,445
W02000262,2025,Rhondda Cynon Taf 011,50_64,1,560
W02000262,2025,Rhondda Cynon Taf 011,65_plus,1,494
W02000262,2025,Rhondda Cynon Taf 011,16_24,2,282
W02000262,2025,Rhondda Cynon Taf 011,25_34,2,326
W02000262,2025,Rhondda Cynon Taf 011,35_49,2,465
W02000262,2025,Rhondda Cynon Taf 011,50_64,2,586
W02000262,2025,Rhondda Cynon Taf 011,65_plus,2,589
W02000263,2021,Rhondda Cynon Taf 012,16_24,1,418
W02000263,2021,Rhondda Cynon Taf 012,25_34,1,405
W02000263,2021,Rhondda Cynon Taf 012,35_49,1,558
W02000263,2021,Rhondda Cynon Taf 012,50_64,1,609
W02000263,2021,Rhondda Cynon Taf 012,65_plus,1,524
W02000263,2021,Rhondda Cynon Taf 012,16_24,2,349
W02000263,2021,Rhondda Cynon Taf 012,25_34,2,494
W02000263,2021,Rhondda Cynon Taf 012,35_49,2,581
W02000263,2021,Rhondda Cynon Taf 012,50_64,2,649
W02000263,2021,Rhondda Cynon Taf 012,65_plus,2,549
W02000263,2023,Rhondda Cynon Taf 012,16_24,1,395
W02000263,2023,Rhondda Cynon Taf 012,25_34,1,421
W02000263,2023,Rhondda Cynon Taf 012,35_49,1,557
W02000263,2023,Rhondda Cynon Taf 012,50_64,1,588
W02000263,2023,Rhondda Cynon Taf 012,65_plus,1,553
W02000263,2023,Rhondda Cynon Taf 012,16_24,2,312
W02000263,2023,Rhondda Cynon Taf 012,25_34,2,486
W02000263,2023,Rhondda Cynon Taf 012,35_49,2,568
W02000263,2023,Rhondda Cynon Taf 012,50_64,2,658
W02000263,2023,Rhondda Cynon Taf 012,65_plus,2,565
W02000263,2025,Rhondda Cynon Taf 012,16_24,1,389
W02000263,2025,Rhondda Cynon Taf 012,25_34,1,432
W02000263,2025,Rhondda Cynon Taf 012,35_49,1,602
W02000263,2025,Rhondda Cynon Taf 012,50_64,1,560
W02000263,2025,Rhondda Cynon Taf 012,65_plus,1,572
W02000263,2025,Rhondda Cynon Taf 012,16_24,2,315
W02000263,2025,Rhondda Cynon Taf 012,25_34,2,459
W02000263,2025,Rhondda Cynon Taf 012,35_49,2,605
W02000263,2025,Rhondda Cynon Taf 012,50_64,2,643
W02000263,2025,Rhondda Cynon Taf 012,65_plus,2,591
W02000264,2021,Rhondda Cynon Taf 013,16_24,1,368
W02000264,2021,Rhondda Cynon Taf 013,25_34,1,347
W02000264,2021,Rhondda Cynon Taf 013,35_49,1,518
W02000264,2021,Rhondda Cynon Taf 013,50_64,1,554
W02000264,2021,Rhondda Cynon Taf 013,65_plus,1,489
W02000264,2021,Rhondda Cynon Taf 013,16_24,2,350
W02000264,2021,Rhondda Cynon Taf 013,25_34,2,437
W02000264,2021,Rhondda Cynon Taf 013,35_49,2,504
W02000264,2021,Rhondda Cynon Taf 013,50_64,2,600
W02000264,2021,Rhondda Cynon Taf 013,65_plus,2,500
W02000264,2023,Rhondda Cynon Taf 013,16_24,1,335
W02000264,2023,Rhondda Cynon Taf 013,25_34,1,338
W02000264,2023,Rhondda Cynon Taf 013,35_49,1,515
W02000264,2023,Rhondda Cynon Taf 013,50_64,1,564
W02000264,2023,Rhondda Cynon Taf 013,65_plus,1,472
W02000264,2023,Rhondda Cynon Taf 013,16_24,2,334
W02000264,2023,Rhondda Cynon Taf 013,25_34,2,428
W02000264,2023,Rhondda Cynon Taf 013,35_49,2,506
W02000264,2023,Rhondda Cynon Taf 013,50_64,2,598
W02000264,2023,Rhondda Cynon Taf 013,65_plus,2,510
W02000264,2025,Rhondda Cynon Taf 013,16_24,1,344
W02000264,2025,Rhondda Cynon Taf 013,25_34,1,368
W02000264,2025,Rhondda Cynon Taf 013,35_49,1,524
W02000264,2025,Rhondda Cynon Taf 013,50_64,1,538
W02000264,2025,Rhondda Cynon Taf 013,65_plus,1,479
W02000264,2025,Rhondda Cynon Taf 013,16_24,2,346
W02000264,2025,Rhondda Cynon Taf 013,25_34,2,397
W02000264,2025,Rhondda Cynon Taf 013,35_49,2,560
W02000264,2025,Rhondda Cynon Taf 013,50_64,2,590
W02000264,2025,Rhondda Cynon Taf 013,65_plus,2,488
W02000265,2021,Rhondda Cynon Taf 014,16_24,1,534
W02000265,2021,Rhondda Cynon Taf 014,25_34,1,586
W02000265,2021,Rhondda Cynon Taf 014,35_49,1,833
W02000265,2021,Rhondda Cynon Taf 014,50_64,1,902
W02000265,2021,Rhondda Cynon Taf 014,65_plus,1,885
W02000265,2021,Rhondda Cynon Taf 014,16_24,2,572
W02000265,2021,Rhondda Cynon Taf 014,25_34,2,662
W02000265,2021,Rhondda Cynon Taf 014,35_49,2,832
W02000265,2021,Rhondda Cynon Taf 014,50_64,2,896
W02000265,2021,Rhondda Cynon Taf 014,65_plus,2,1016
W02000265,2023,Rhondda Cynon Taf 014,16_24,1,529
W02000265,2023,Rhondda Cynon Taf 014,25_34,1,582
W02000265,2023,Rhondda Cynon Taf 014,35_49,1,815
W02000265,2023,Rhondda Cynon Taf 014,50_64,1,929
W02000265,2023,Rhondda Cynon Taf 014,65_plus,1,900
W02000265,2023,Rhondda Cynon Taf 014,16_24,2,505
W02000265,2023,Rhondda Cynon Taf 014,25_34,2,654
W02000265,2023,Rhondda Cynon Taf 014,35_49,2,824
W02000265,2023,Rhondda Cynon Taf 014,50_64,2,939
W02000265,2023,Rhondda Cynon Taf 014,65_plus,2,992
W02000265,2025,Rhondda Cynon Taf 014,16_24,1,512
W02000265,2025,Rhondda Cynon Taf 014,25_34,1,614
W02000265,2025,Rhondda Cynon Taf 014,35_49,1,850
W02000265,2025,Rhondda Cynon Taf 014,50_64,1,880
W02000265,2025,Rhondda Cynon Taf 014,65_plus,1,911
W02000265,2025,Rhondda Cynon Taf 014,16_24,2,510
W02000265,2025,Rhondda Cynon Taf 014,25_34,2,673
W02000265,2025,Rhondda Cynon Taf 014,35_49,2,860
W02000265,2025,Rhondda Cynon Taf 014,50_64,2,929
W02000265,2025,Rhondda Cynon Taf 014,65_plus,2,1027
W02000266,2021,Rhondda Cynon Taf 015,16_24,1,433
W02000266,2021,Rhondda Cynon Taf 015,25_34,1,540
W02000266,2021,Rhondda Cynon Taf 015,35_49,1,633
W02000266,2021,Rhondda Cynon Taf 015,50_64,1,766
W02000266,2021,Rhondda Cynon Taf 015,65_plus,1,593
W02000266,2021,Rhondda Cynon Taf 015,16_24,2,388
W02000266,2021,Rhondda Cynon Taf 015,25_34,2,527
W02000266,2021,Rhondda Cynon Taf 015,35_49,2,689
W02000266,2021,Rhondda Cynon Taf 015,50_64,2,828
W02000266,2021,Rhondda Cynon Taf 015,65_plus,2,709
W02000266,2023,Rhondda Cynon Taf 015,16_24,1,436
W02000266,2023,Rhondda Cynon Taf 015,25_34,1,519
W02000266,2023,Rhondda Cynon Taf 015,35_49,1,652
W02000266,2023,Rhondda Cynon Taf 015,50_64,1,783
W02000266,2023,Rhondda Cynon Taf 015,65_plus,1,607
W02000266,2023,Rhondda Cynon Taf 015,16_24,2,393
W02000266,2023,Rhondda Cynon Taf 015,25_34,2,468
W02000266,2023,Rhondda Cynon Taf 015,35_49,2,730
W02000266,2023,Rhondda Cynon Taf 015,50_64,2,859
W02000266,2023,Rhondda Cynon Taf 015,65_plus,2,683
W02000266,2025,Rhondda Cynon Taf 015,16_24,1,428
W02000266,2025,Rhondda Cynon Taf 015,25_34,1,537
W02000266,2025,Rhondda Cynon Taf 015,35_49,1,669
W02000266,2025,Rhondda Cynon Taf 015,50_64,1,774
W02000266,2025,Rhondda Cynon Taf 015,65_plus,1,610
W02000266,2025,Rhondda Cynon Taf 015,16_24,2,410
W02000266,2025,Rhondda Cynon Taf 015,25_34,2,470
W02000266,2025,Rhondda Cynon Taf 015,35_49,2,741
W02000266,2025,Rhondda Cynon Taf 015,50_64,2,859
W02000266,2025,Rhondda Cynon Taf 015,65_plus,2,710
W02000267,2021,Rhondda Cynon Taf 016,16_24,1,432
W02000267,2021,Rhondda Cynon Taf 016,25_34,1,406
W02000267,2021,Rhondda Cynon Taf 016,35_49,1,583
W02000267,2021,Rhondda Cynon Taf 016,50_64,1,562
W02000267,2021,Rhondda Cynon Taf 016,65_plus,1,587
W02000267,2021,Rhondda Cynon Taf 016,16_24,2,403
W02000267,2021,Rhondda Cynon Taf 016,25_34,2,441
W02000267,2021,Rhondda Cynon Taf 016,35_49,2,609
W02000267,2021,Rhondda Cynon Taf 016,50_64,2,594
W02000267,2021,Rhondda Cynon Taf 016,65_plus,2,691
W02000267,2023,Rhondda Cynon Taf 016,16_24,1,420
W02000267,2023,Rhondda Cynon Taf 016,25_34,1,393
W02000267,2023,Rhondda Cynon Taf 016,35_49,1,587
W02000267,2023,Rhondda Cynon Taf 016,50_64,1,572
W02000267,2023,Rhondda Cynon Taf 016,65_plus,1,569
W02000267,2023,Rhondda Cynon Taf 016,16_24,2,412
W02000267,2023,Rhondda Cynon Taf 016,25_34,2,439
W02000267,2023,Rhondda Cynon Taf 016,35_49,2,628
W02000267,2023,Rhondda Cynon Taf 016,50_64,2,598
W02000267,2023,Rhondda Cynon Taf 016,65_plus,2,690
W02000267,2025,Rhondda Cynon Taf 016,16_24,1,427
W02000267,2025,Rhondda Cynon Taf 016,25_34,1,412
W02000267,2025,Rhondda Cynon Taf 016,35_49,1,633
W02000267,2025,Rhondda Cynon Taf 016,50_64,1,538
W02000267,2025,Rhondda Cynon Taf 016,65_plus,1,581
W02000267,2025,Rhondda Cynon Taf 016,16_24,2,404
W02000267,2025,Rhondda Cynon Taf 016,25_34,2,434
W02000267,2025,Rhondda Cynon Taf 016,35_49,2,689
W02000267,2025,Rhondda Cynon Taf 016,50_64,2,574
W02000267,2025,Rhondda Cynon Taf 016,65_plus,2,657
W02000268,2021,Rhondda Cynon Taf 017,16_24,1,507
W02000268,2021,Rhondda Cynon Taf 017,25_34,1,569
W02000268,2021,Rhondda Cynon Taf 017,35_49,1,826
W02000268,2021,Rhondda Cynon Taf 017,50_64,1,897
W02000268,2021,Rhondda Cynon Taf 017,65_plus,1,810
W02000268,2021,Rhondda Cynon Taf 017,16_24,2,470
W02000268,2021,Rhondda Cynon Taf 017,25_34,2,632
W02000268,2021,Rhondda Cynon Taf 017,35_49,2,777
W02000268,2021,Rhondda Cynon Taf 017,50_64,2,978
W02000268,2021,Rhondda Cynon Taf 017,65_plus,2,999
W02000268,2023,Rhondda Cynon Taf 017,16_24,1,526
W02000268,2023,Rhondda Cynon Taf 017,25_34,1,530
W02000268,2023,Rhondda Cynon Taf 017,35_49,1,845
W02000268,2023,Rhondda Cynon Taf 017,50_64,1,891
W02000268,2023,Rhondda Cynon Taf 017,65_plus,1,843
W02000268,2023,Rhondda Cynon Taf 017,16_24,2,472
W02000268,2023,Rhondda Cynon Taf 017,25_34,2,622
W02000268,2023,Rhondda Cynon Taf 017,35_49,2,803
W02000268,2023,Rhondda Cynon Taf 017,50_64,2,958
W02000268,2023,Rhondda Cynon Taf 017,65_plus,2,1007
W02000268,2025,Rhondda Cynon Taf 017,16_24,1,563
W02000268,2025,Rhondda Cynon Taf 017,25_34,1,567
W02000268,2025,Rhondda Cynon Taf 017,35_49,1,872
W02000268,2025,Rhondda Cynon Taf 017,50_64,1,864
W02000268,2025,Rhondda Cynon Taf 017,65_plus,1,867
W02000268,2025,Rhondda Cynon Taf 017,16_24,2,441
W02000268,2025,Rhondda Cynon Taf 017,25_34,2,639
W02000268,2025,Rhondda Cynon Taf 017,35_49,2,847
W02000268,2025,Rhondda Cynon Taf 017,50_64,2,959
W02000268,2025,Rhondda Cynon Taf 017,65_plus,2,1004
W02000269,2021,Rhondda Cynon Taf 018,16_24,1,479
W02000269,2021,Rhondda Cynon Taf 018,25_34,1,495
W02000269,2021,Rhondda Cynon Taf 018,35_49,1,700
W02000269,2021,Rhondda Cynon Taf 018,50_64,1,802
W02000269,2021,Rhondda Cynon Taf 018,65_plus,1,728
W02000269,2021,Rhondda Cynon Taf 018,16_24,2,459
W02000269,2021,Rhondda Cynon Taf 018,25_34,2,504
W02000269,2021,Rhondda Cynon Taf 018,35_49,2,762
W02000269,2021,Rhondda Cynon Taf 018,50_64,2,840
W02000269,2021,Rhondda Cynon Taf 018,65_plus,2,876
W02000269,2023,Rhondda Cynon Taf 018,16_24,1,470
W02000269,2023,Rhondda Cynon Taf 018,25_34,1,499
W02000269,2023,Rhondda Cynon Taf 018,35_49,1,701
W02000269,2023,Rhondda Cynon Taf 018,50_64,1,794
W02000269,2023,Rhondda Cynon Taf 018,65_plus,1,755
W02000269,2023,Rhondda Cynon Taf 018,16_24,2,463
W02000269,2023,Rhondda Cynon Taf 018,25_34,2,494
W02000269,2023,Rhondda Cynon Taf 018,35_49,2,784
W02000269,2023,Rhondda Cynon Taf 018,50_64,2,846
W02000269,2023,Rhondda Cynon Taf 018,65_plus,2,911
W02000269,2025,Rhondda Cynon Taf 018,16_24,1,475
W02000269,2025,Rhondda Cynon Taf 018,25_34,1,504
W02000269,2025,Rhondda Cynon Taf 018,35_49,1,753
W02000269,2025,Rhondda Cynon Taf 018,50_64,1,776
W02000269,2025,Rhondda Cynon Taf 018,65_plus,1,790
W02000269,2025,Rhondda Cynon Taf 018,16_24,2,480
W02000269,2025,Rhondda Cynon Taf 018,25_34,2,520
W02000269,2025,Rhondda Cynon Taf 018,35_49,2,825
W02000269,2025,Rhondda Cynon Taf 018,50_64,2,832
W02000269,2025,Rhondda Cynon Taf 018,65_plus,2,946
W02000270,2021,Rhondda Cynon Taf 019,16_24,1,331
W02000270,2021,Rhondda Cynon Taf 019,25_34,1,463
W02000270,2021,Rhondda Cynon Taf 019,35_49,1,596
W02000270,2021,Rhondda Cynon Taf 019,50_64,1,681
W02000270,2021,Rhondda Cynon Taf 019,65_plus,1,605
W02000270,2021,Rhondda Cynon Taf 019,16_24,2,352
W02000270,2021,Rhondda Cynon Taf 019,25_34,2,449
W02000270,2021,Rhondda Cynon Taf 019,35_49,2,715
W02000270,2021,Rhondda Cynon Taf 019,50_64,2,715
W02000270,2021,Rhondda Cynon Taf 019,65_plus,2,679
W02000270,2023,Rhondda Cynon Taf 019,16_24,1,329
W02000270,2023,Rhondda Cynon Taf 019,25_34,1,464
W02000270,2023,Rhondda Cynon Taf 019,35_49,1,602
W02000270,2023,Rhondda Cynon Taf 019,50_64,1,693
W02000270,2023,Rhondda Cynon Taf 019,65_plus,1,626
W02000270,2023,Rhondda Cynon Taf 019,16_24,2,337
W02000270,2023,Rhondda Cynon Taf 019,25_34,2,457
W02000270,2023,Rhondda Cynon Taf 019,35_49,2,673
W02000270,2023,Rhondda Cynon Taf 019,50_64,2,714
W02000270,2023,Rhondda Cynon Taf 019,65_plus,2,711
W02000270,2025,Rhondda Cynon Taf 019,16_24,1,311
W02000270,2025,Rhondda Cynon Taf 019,25_34,1,486
W02000270,2025,Rhondda Cynon Taf 019,35_49,1,618
W02000270,2025,Rhondda Cynon Taf 019,50_64,1,692
W02000270,2025,Rhondda Cynon Taf 019,65_plus,1,660
W02000270,2025,Rhondda Cynon Taf 019,16_24,2,336
W02000270,2025,Rhondda Cynon Taf 019,25_34,2,484
W02000270,2025,Rhondda Cynon Taf 019,35_49,2,664
W02000270,2025,Rhondda Cynon Taf 019,50_64,2,688
W02000270,2025,Rhondda Cynon Taf 019,65_plus,2,709
W02000271,2021,Rhondda Cynon Taf 020,16_24,1,288
W02000271,2021,Rhondda Cynon Taf 020,25_34,1,366
W02000271,2021,Rhondda Cynon Taf 020,35_49,1,472
W02000271,2021,Rhondda Cynon Taf 020,50_64,1,563
W02000271,2021,Rhondda Cynon Taf 020,65_plus,1,464
W02000271,2021,Rhondda Cynon Taf 020,16_24,2,280
W02000271,2021,Rhondda Cynon Taf 020,25_34,2,424
W02000271,2021,Rhondda Cynon Taf 020,35_49,2,465
W02000271,2021,Rhondda Cynon Taf 020,50_64,2,601
W02000271,2021,Rhondda Cynon Taf 020,65_plus,2,612
W02000271,2023,Rhondda Cynon Taf 020,16_24,1,269
W02000271,2023,Rhondda Cynon Taf 020,25_34,1,354
W02000271,2023,Rhondda Cynon Taf 020,35_49,1,503
W02000271,2023,Rhondda Cynon Taf 020,50_64,1,561
W02000271,2023,Rhondda Cynon Taf 020,65_plus,1,472
W02000271,2023,Rhondda Cynon Taf 020,16_24,2,261
W02000271,2023,Rhondda Cynon Taf 020,25_34,2,410
W02000271,2023,Rhondda Cynon Taf 020,35_49,2,474
W02000271,2023,Rhondda Cynon Taf 020,50_64,2,614
W02000271,2023,Rhondda Cynon Taf 020,65_plus,2,601
W02000271,2025,Rhondda Cynon Taf 020,16_24,1,284
W02000271,2025,Rhondda Cynon Taf 020,25_34,1,342
W02000271,2025,Rhondda Cynon Taf 020,35_49,1,532
W02000271,2025,Rhondda Cynon Taf 020,50_64,1,544
W02000271,2025,Rhondda Cynon Taf 020,65_plus,1,474
W02000271,2025,Rhondda Cynon Taf 020,16_24,2,258
W02000271,2025,Rhondda Cynon Taf 020,25_34,2,399
W02000271,2025,Rhondda Cynon Taf 020,35_49,2,526
W02000271,2025,Rhondda Cynon Taf 020,50_64,2,606
W02000271,2025,Rhondda Cynon Taf 020,65_plus,2,594
W02000272,2021,Rhondda Cynon Taf 021,16_24,1,550
W02000272,2021,Rhondda Cynon Taf 021,25_34,1,758
W02000272,2021,Rhondda Cynon Taf 021,35_49,1,905
W02000272,2021,Rhondda Cynon Taf 021,50_64,1,970
W02000272,2021,Rhondda Cynon Taf 021,65_plus,1,913
W02000272,2021,Rhondda Cynon Taf 021,16_24,2,520
W02000272,2021,Rhondda Cynon Taf 021,25_34,2,740
W02000272,2021,Rhondda Cynon Taf 021,35_49,2,955
W02000272,2021,Rhondda Cynon Taf 021,50_64,2,999
W02000272,2021,Rhondda Cynon Taf 021,65_plus,2,1101
W02000272,2023,Rhondda Cynon Taf 021,16_24,1,541
W02000272,2023,Rhondda Cynon Taf 021,25_34,1,815
W02000272,2023,Rhondda Cynon Taf 021,35_49,1,893
W02000272,2023,Rhondda Cynon Taf 021,50_64,1,1011
W02000272,2023,Rhondda Cynon Taf 021,65_plus,1,960
W02000272,2023,Rhondda Cynon Taf 021,16_24,2,538
W02000272,2023,Rhondda Cynon Taf 021,25_34,2,731
W02000272,2023,Rhondda Cynon Taf 021,35_49,2,957
W02000272,2023,Rhondda Cynon Taf 021,50_64,2,1024
W02000272,2023,Rhondda Cynon Taf 021,65_plus,2,1139
W02000272,2025,Rhondda Cynon Taf 021,16_24,1,573
W02000272,2025,Rhondda Cynon Taf 021,25_34,1,853
W02000272,2025,Rhondda Cynon Taf 021,35_49,1,963
W02000272,2025,Rhondda Cynon Taf 021,50_64,1,1013
W02000272,2025,Rhondda Cynon Taf 021,65_plus,1,993
W02000272,2025,Rhondda Cynon Taf 021,16_24,2,485
W02000272,2025,Rhondda Cynon Taf 021,25_34,2,813
W02000272,2025,Rhondda Cynon Taf 021,35_49,2,1008
W02000272,2025,Rhondda Cynon Taf 021,50_64,2,1025
W02000272,2025,Rhondda Cynon Taf 021,65_plus,2,1143
W02000273,2021,Rhondda Cynon Taf 022,16_24,1,1734
W02000273,2021,Rhondda Cynon Taf 022,25_34,1,843
W02000273,2021,Rhondda Cynon Taf 022,35_49,1,877
W02000273,2021,Rhondda Cynon Taf 022,50_64,1,704
W02000273,2021,Rhondda Cynon Taf 022,65_plus,1,557
W02000273,2021,Rhondda Cynon Taf 022,16_24,2,1585
W02000273,2021,Rhondda Cynon Taf 022,25_34,2,747
W02000273,2021,Rhondda Cynon Taf 022,35_49,2,776
W02000273,2021,Rhondda Cynon Taf 022,50_64,2,672
W02000273,2021,Rhondda Cynon Taf 022,65_plus,2,743
W02000273,2023,Rhondda Cynon Taf 022,16_24,1,1654
W02000273,2023,Rhondda Cynon Taf 022,25_34,1,966
W02000273,2023,Rhondda Cynon Taf 022,35_49,1,900
W02000273,2023,Rhondda Cynon Taf 022,50_64,1,741
W02000273,2023,Rhondda Cynon Taf 022,65_plus,1,560
W02000273,2023,Rhondda Cynon Taf 022,16_24,2,1401
W02000273,2023,Rhondda Cynon Taf 022,25_34,2,917
W02000273,2023,Rhondda Cynon Taf 022,35_49,2,867
W02000273,2023,Rhondda Cynon Taf 022,50_64,2,694
W02000273,2023,Rhondda Cynon Taf 022,65_plus,2,726
W02000273,2025,Rhondda Cynon Taf 022,16_24,1,1543
W02000273,2025,Rhondda Cynon Taf 022,25_34,1,1102
W02000273,2025,Rhondda Cynon Taf 022,35_49,1,1043
W02000273,2025,Rhondda Cynon Taf 022,50_64,1,757
W02000273,2025,Rhondda Cynon Taf 022,65_plus,1,588
W02000273,2025,Rhondda Cynon Taf 022,16_24,2,1415
W02000273,2025,Rhondda Cynon Taf 022,25_34,2,1027
W02000273,2025,Rhondda Cynon Taf 022,35_49,2,1008
W02000273,2025,Rhondda Cynon Taf 022,50_64,2,696
W02000273,2025,Rhondda Cynon Taf 022,65_plus,2,707
W02000274,2021,Rhondda Cynon Taf 023,16_24,1,634
W02000274,2021,Rhondda Cynon Taf 023,25_34,1,663
W02000274,2021,Rhondda Cynon Taf 023,35_49,1,924
W02000274,2021,Rhondda Cynon Taf 023,50_64,1,1051
W02000274,2021,Rhondda Cynon Taf 023,65_plus,1,775
W02000274,2021,Rhondda Cynon Taf 023,16_24,2,545
W02000274,2021,Rhondda Cynon Taf 023,25_34,2,690
W02000274,2021,Rhondda Cynon Taf 023,35_49,2,993
W02000274,2021,Rhondda Cynon Taf 023,50_64,2,1102
W02000274,2021,Rhondda Cynon Taf 023,65_plus,2,959
W02000274,2023,Rhondda Cynon Taf 023,16_24,1,621
W02000274,2023,Rhondda Cynon Taf 023,25_34,1,675
W02000274,2023,Rhondda Cynon Taf 023,35_49,1,929
W02000274,2023,Rhondda Cynon Taf 023,50_64,1,1062
W02000274,2023,Rhondda Cynon Taf 023,65_plus,1,806
W02000274,2023,Rhondda Cynon Taf 023,16_24,2,530
W02000274,2023,Rhondda Cynon Taf 023,25_34,2,737
W02000274,2023,Rhondda Cynon Taf 023,35_49,2,967
W02000274,2023,Rhondda Cynon Taf 023,50_64,2,1161
W02000274,2023,Rhondda Cynon Taf 023,65_plus,2,961
W02000274,2025,Rhondda Cynon Taf 023,16_24,1,632
W02000274,2025,Rhondda Cynon Taf 023,25_34,1,690
W02000274,2025,Rhondda Cynon Taf 023,35_49,1,981
W02000274,2025,Rhondda Cynon Taf 023,50_64,1,1068
W02000274,2025,Rhondda Cynon Taf 023,65_plus,1,873
W02000274,2025,Rhondda Cynon Taf 023,16_24,2,529
W02000274,2025,Rhondda Cynon Taf 023,25_34,2,760
W02000274,2025,Rhondda Cynon Taf 023,35_49,2,1027
W02000274,2025,Rhondda Cynon Taf 023,50_64,2,1157
W02000274,2025,Rhondda Cynon Taf 023,65_plus,2,1017
W02000275,2021,Rhondda Cynon Taf 024,16_24,1,302
W02000275,2021,Rhondda Cynon Taf 024,25_34,1,382
W02000275,2021,Rhondda Cynon Taf 024,35_49,1,498
W02000275,2021,Rhondda Cynon Taf 024,50_64,1,594
W02000275,2021,Rhondda Cynon Taf 024,65_plus,1,622
W02000275,2021,Rhondda Cynon Taf 024,16_24,2,330
W02000275,2021,Rhondda Cynon Taf 024,25_34,2,397
W02000275,2021,Rhondda Cynon Taf 024,35_49,2,532
W02000275,2021,Rhondda Cynon Taf 024,50_64,2,638
W02000275,2021,Rhondda Cynon Taf 024,65_plus,2,660
W02000275,2023,Rhondda Cynon Taf 024,16_24,1,335
W02000275,2023,Rhondda Cynon Taf 024,25_34,1,419
W02000275,2023,Rhondda Cynon Taf 024,35_49,1,477
W02000275,2023,Rhondda Cynon Taf 024,50_64,1,646
W02000275,2023,Rhondda Cynon Taf 024,65_plus,1,610
W02000275,2023,Rhondda Cynon Taf 024,16_24,2,341
W02000275,2023,Rhondda Cynon Taf 024,25_34,2,430
W02000275,2023,Rhondda Cynon Taf 024,35_49,2,541
W02000275,2023,Rhondda Cynon Taf 024,50_64,2,635
W02000275,2023,Rhondda Cynon Taf 024,65_plus,2,679
W02000275,2025,Rhondda Cynon Taf 024,16_24,1,336
W02000275,2025,Rhondda Cynon Taf 024,25_34,1,416
W02000275,2025,Rhondda Cynon Taf 024,35_49,1,519
W02000275,2025,Rhondda Cynon Taf 024,50_64,1,636
W02000275,2025,Rhondda Cynon Taf 024,65_plus,1,636
W02000275,2025,Rhondda Cynon Taf 024,16_24,2,321
W02000275,2025,Rhondda Cynon Taf 024,25_34,2,461
W02000275,2025,Rhondda Cynon Taf 024,35_49,2,599
W02000275,2025,Rhondda Cynon Taf 024,50_64,2,665
W02000275,2025,Rhondda Cynon Taf 024,65_plus,2,679
W02000276,2021,Rhondda Cynon Taf 025,16_24,1,275
W02000276,2021,Rhondda Cynon Taf 025,25_34,1,380
W02000276,2021,Rhondda Cynon Taf 025,35_49,1,556
W02000276,2021,Rhondda Cynon Taf 025,50_64,1,532
W02000276,2021,Rhondda Cynon Taf 025,65_plus,1,728
W02000276,2021,Rhondda Cynon Taf 025,16_24,2,290
W02000276,2021,Rhondda Cynon Taf 025,25_34,2,442
W02000276,2021,Rhondda Cynon Taf 025,35_49,2,607
W02000276,2021,Rhondda Cynon Taf 025,50_64,2,544
W02000276,2021,Rhondda Cynon Taf 025,65_plus,2,923
W02000276,2023,Rhondda Cynon Taf 025,16_24,1,282
W02000276,2023,Rhondda Cynon Taf 025,25_34,1,407
W02000276,2023,Rhondda Cynon Taf 025,35_49,1,589
W02000276,2023,Rhondda Cynon Taf 025,50_64,1,559
W02000276,2023,Rhondda Cynon Taf 025,65_plus,1,720
W02000276,2023,Rhondda Cynon Taf 025,16_24,2,291
W02000276,2023,Rhondda Cynon Taf 025,25_34,2,429
W02000276,2023,Rhondda Cynon Taf 025,35_49,2,601
W02000276,2023,Rhondda Cynon Taf 025,50_64,2,568
W02000276,2023,Rhondda Cynon Taf 025,65_plus,2,921
W02000276,2025,Rhondda Cynon Taf 025,16_24,1,282
W02000276,2025,Rhondda Cynon Taf 025,25_34,1,402
W02000276,2025,Rhondda Cynon Taf 025,35_49,1,613
W02000276,2025,Rhondda Cynon Taf 025,50_64,1,576
W02000276,2025,Rhondda Cynon Taf 025,65_plus,1,739
W02000276,2025,Rhondda Cynon Taf 025,16_24,2,304
W02000276,2025,Rhondda Cynon Taf 025,25_34,2,413
W02000276,2025,Rhondda Cynon Taf 025,35_49,2,629
W02000276,2025,Rhondda Cynon Taf 025,50_64,2,581
W02000276,2025,Rhondda Cynon Taf 025,65_plus,2,919
W02000277,2021,Rhondda Cynon Taf 026,16_24,1,338
W02000277,2021,Rhondda Cynon Taf 026,25_34,1,480
W02000277,2021,Rhondda Cynon Taf 026,35_49,1,655
W02000277,2021,Rhondda Cynon Taf 026,50_64,1,728
W02000277,2021,Rhondda Cynon Taf 026,65_plus,1,716
W02000277,2021,Rhondda Cynon Taf 026,16_24,2,297
W02000277,2021,Rhondda Cynon Taf 026,25_34,2,489
W02000277,2021,Rhondda Cynon Taf 026,35_49,2,680
W02000277,2021,Rhondda Cynon Taf 026,50_64,2,754
W02000277,2021,Rhondda Cynon Taf 026,65_plus,2,783
W02000277,2023,Rhondda Cynon Taf 026,16_24,1,347
W02000277,2023,Rhondda Cynon Taf 026,25_34,1,473
W02000277,2023,Rhondda Cynon Taf 026,35_49,1,654
W02000277,2023,Rhondda Cynon Taf 026,50_64,1,737
W02000277,2023,Rhondda Cynon Taf 026,65_plus,1,736
W02000277,2023,Rhondda Cynon Taf 026,16_24,2,304
W02000277,2023,Rhondda Cynon Taf 026,25_34,2,482
W02000277,2023,Rhondda Cynon Taf 026,35_49,2,675
W02000277,2023,Rhondda Cynon Taf 026,50_64,2,778
W02000277,2023,Rhondda Cynon Taf 026,65_plus,2,822
W02000277,2025,Rhondda Cynon Taf 026,16_24,1,361
W02000277,2025,Rhondda Cynon Taf 026,25_34,1,465
W02000277,2025,Rhondda Cynon Taf 026,35_49,1,677
W02000277,2025,Rhondda Cynon Taf 026,50_64,1,755
W02000277,2025,Rhondda Cynon Taf 026,65_plus,1,778
W02000277,2025,Rhondda Cynon Taf 026,16_24,2,273
W02000277,2025,Rhondda Cynon Taf 026,25_34,2,506
W02000277,2025,Rhondda Cynon Taf 026,35_49,2,679
W02000277,2025,Rhondda Cynon Taf 026,50_64,2,789
W02000277,2025,Rhondda Cynon Taf 026,65_plus,2,889
W02000278,2021,Rhondda Cynon Taf 027,16_24,1,447
W02000278,2021,Rhondda Cynon Taf 027,25_34,1,496
W02000278,2021,Rhondda Cynon Taf 027,35_49,1,955
W02000278,2021,Rhondda Cynon Taf 027,50_64,1,975
W02000278,2021,Rhondda Cynon Taf 027,65_plus,1,757
W02000278,2021,Rhondda Cynon Taf 027,16_24,2,429
W02000278,2021,Rhondda Cynon Taf 027,25_34,2,527
W02000278,2021,Rhondda Cynon Taf 027,35_49,2,1036
W02000278,2021,Rhondda Cynon Taf 027,50_64,2,951
W02000278,2021,Rhondda Cynon Taf 027,65_plus,2,888
W02000278,2023,Rhondda Cynon Taf 027,16_24,1,511
W02000278,2023,Rhondda Cynon Taf 027,25_34,1,459
W02000278,2023,Rhondda Cynon Taf 027,35_49,1,893
W02000278,2023,Rhondda Cynon Taf 027,50_64,1,1000
W02000278,2023,Rhondda Cynon Taf 027,65_plus,1,817
W02000278,2023,Rhondda Cynon Taf 027,16_24,2,418
W02000278,2023,Rhondda Cynon Taf 027,25_34,2,524
W02000278,2023,Rhondda Cynon Taf 027,35_49,2,966
W02000278,2023,Rhondda Cynon Taf 027,50_64,2,998
W02000278,2023,Rhondda Cynon Taf 027,65_plus,2,936
W02000278,2025,Rhondda Cynon Taf 027,16_24,1,527
W02000278,2025,Rhondda Cynon Taf 027,25_34,1,469
W02000278,2025,Rhondda Cynon Taf 027,35_49,1,853
W02000278,2025,Rhondda Cynon Taf 027,50_64,1,1010
W02000278,2025,Rhondda Cynon Taf 027,65_plus,1,882
W02000278,2025,Rhondda Cynon Taf 027,16_24,2,437
W02000278,2025,Rhondda Cynon Taf 027,25_34,2,521
W02000278,2025,Rhondda Cynon Taf 027,35_49,2,930
W02000278,2025,Rhondda Cynon Taf 027,50_64,2,1036
W02000278,2025,Rhondda Cynon Taf 027,65_plus,2,989
W02000279,2021,Rhondda Cynon Taf 028,16_24,1,410
W02000279,2021,Rhondda Cynon Taf 028,25_34,1,563
W02000279,2021,Rhondda Cynon Taf 028,35_49,1,643
W02000279,2021,Rhondda Cynon Taf 028,50_64,1,829
W02000279,2021,Rhondda Cynon Taf 028,65_plus,1,645
W02000279,2021,Rhondda Cynon Taf 028,16_24,2,404
W02000279,2021,Rhondda Cynon Taf 028,25_34,2,598
W02000279,2021,Rhondda Cynon Taf 028,35_49,2,710
W02000279,2021,Rhondda Cynon Taf 028,50_64,2,851
W02000279,2021,Rhondda Cynon Taf 028,65_plus,2,736
W02000279,2023,Rhondda Cynon Taf 028,16_24,1,431
W02000279,2023,Rhondda Cynon Taf 028,25_34,1,522
W02000279,2023,Rhondda Cynon Taf 028,35_49,1,665
W02000279,2023,Rhondda Cynon Taf 028,50_64,1,818
W02000279,2023,Rhondda Cynon Taf 028,65_plus,1,630
W02000279,2023,Rhondda Cynon Taf 028,16_24,2,366
W02000279,2023,Rhondda Cynon Taf 028,25_34,2,572
W02000279,2023,Rhondda Cynon Taf 028,35_49,2,692
W02000279,2023,Rhondda Cynon Taf 028,50_64,2,868
W02000279,2023,Rhondda Cynon Taf 028,65_plus,2,768
W02000279,2025,Rhondda Cynon Taf 028,16_24,1,423
W02000279,2025,Rhondda Cynon Taf 028,25_34,1,504
W02000279,2025,Rhondda Cynon Taf 028,35_49,1,723
W02000279,2025,Rhondda Cynon Taf 028,50_64,1,787
W02000279,2025,Rhondda Cynon Taf 028,65_plus,1,614
W02000279,2025,Rhondda Cynon Taf 028,16_24,2,370
W02000279,2025,Rhondda Cynon Taf 028,25_34,2,526
W02000279,2025,Rhondda Cynon Taf 028,35_49,2,753
W02000279,2025,Rhondda Cynon Taf 028,50_64,2,821
W02000279,2025,Rhondda Cynon Taf 028,65_plus,2,826
W02000280,2021,Rhondda Cynon Taf 029,16_24,1,474
W02000280,2021,Rhondda Cynon Taf 029,25_34,1,590
W02000280,2021,Rhondda Cynon Taf 029,35_49,1,959
W02000280,2021,Rhondda Cynon Taf 029,50_64,1,875
W02000280,2021,Rhondda Cynon Taf 029,65_plus,1,759
W02000280,2021,Rhondda Cynon Taf 029,16_24,2,457
W02000280,2021,Rhondda Cynon Taf 029,25_34,2,672
W02000280,2021,Rhondda Cynon Taf 029,35_49,2,1073
W02000280,2021,Rhondda Cynon Taf 029,50_64,2,928
W02000280,2021,Rhondda Cynon Taf 029,65_plus,2,765
W02000280,2023,Rhondda Cynon Taf 029,16_24,1,505
W02000280,2023,Rhondda Cynon Taf 029,25_34,1,646
W02000280,2023,Rhondda Cynon Taf 029,35_49,1,1026
W02000280,2023,Rhondda Cynon Taf 029,50_64,1,885
W02000280,2023,Rhondda Cynon Taf 029,65_plus,1,823
W02000280,2023,Rhondda Cynon Taf 029,16_24,2,473
W02000280,2023,Rhondda Cynon Taf 029,25_34,2,693
W02000280,2023,Rhondda Cynon Taf 029,35_49,2,1117
W02000280,2023,Rhondda Cynon Taf 029,50_64,2,945
W02000280,2023,Rhondda Cynon Taf 029,65_plus,2,811
W02000280,2025,Rhondda Cynon Taf 029,16_24,1,517
W02000280,2025,Rhondda Cynon Taf 029,25_34,1,657
W02000280,2025,Rhondda Cynon Taf 029,35_49,1,1080
W02000280,2025,Rhondda Cynon Taf 029,50_64,1,925
W02000280,2025,Rhondda Cynon Taf 029,65_plus,1,848
W02000280,2025,Rhondda Cynon Taf 029,16_24,2,478
W02000280,2025,Rhondda Cynon Taf 029,25_34,2,756
W02000280,2025,Rhondda Cynon Taf 029,35_49,2,1205
W02000280,2025,Rhondda Cynon Taf 029,50_64,2,952
W02000280,2025,Rhondda Cynon Taf 029,65_plus,2,904
W02000281,2021,Rhondda Cynon Taf 030,16_24,1,338
W02000281,2021,Rhondda Cynon Taf 030,25_34,1,357
W02000281,2021,Rhondda Cynon Taf 030,35_49,1,725
W02000281,2021,Rhondda Cynon Taf 030,50_64,1,786
W02000281,2021,Rhondda Cynon Taf 030,65_plus,1,788
W02000281,2021,Rhondda Cynon Taf 030,16_24,2,306
W02000281,2021,Rhondda Cynon Taf 030,25_34,2,395
W02000281,2021,Rhondda Cynon Taf 030,35_49,2,817
W02000281,2021,Rhondda Cynon Taf 030,50_64,2,803
W02000281,2021,Rhondda Cynon Taf 030,65_plus,2,948
W02000281,2023,Rhondda Cynon Taf 030,16_24,1,369
W02000281,2023,Rhondda Cynon Taf 030,25_34,1,378
W02000281,2023,Rhondda Cynon Taf 030,35_49,1,679
W02000281,2023,Rhondda Cynon Taf 030,50_64,1,802
W02000281,2023,Rhondda Cynon Taf 030,65_plus,1,792
W02000281,2023,Rhondda Cynon Taf 030,16_24,2,322
W02000281,2023,Rhondda Cynon Taf 030,25_34,2,412
W02000281,2023,Rhondda Cynon Taf 030,35_49,2,752
W02000281,2023,Rhondda Cynon Taf 030,50_64,2,849
W02000281,2023,Rhondda Cynon Taf 030,65_plus,2,978
W02000281,2025,Rhondda Cynon Taf 030,16_24,1,390
W02000281,2025,Rhondda Cynon Taf 030,25_34,1,400
W02000281,2025,Rhondda Cynon Taf 030,35_49,1,677
W02000281,2025,Rhondda Cynon Taf 030,50_64,1,829
W02000281,2025,Rhondda Cynon Taf 030,65_plus,1,790
W02000281,2025,Rhondda Cynon Taf 030,16_24,2,333
W02000281,2025,Rhondda Cynon Taf 030,25_34,2,422
W02000281,2025,Rhondda Cynon Taf 030,35_49,2,749
W02000281,2025,Rhondda Cynon Taf 030,50_64,2,850
W02000281,2025,Rhondda Cynon Taf 030,65_plus,2,1012
W02000282,2021,Rhondda Cynon Taf 031,16_24,1,566
W02000282,2021,Rhondda Cynon Taf 031,25_34,1,603
W02000282,2021,Rhondda Cynon Taf 031,35_49,1,1233
W02000282,2021,Rhondda Cynon Taf 031,50_64,1,1123
W02000282,2021,Rhondda Cynon Taf 031,65_plus,1,996
W02000282,2021,Rhondda Cynon Taf 031,16_24,2,510
W02000282,2021,Rhondda Cynon Taf 031,25_34,2,648
W02000282,2021,Rhondda Cynon Taf 031,35_49,2,1368
W02000282,2021,Rhondda Cynon Taf 031,50_64,2,1129
W02000282,2021,Rhondda Cynon Taf 031,65_plus,2,1142
W02000282,2023,Rhondda Cynon Taf 031,16_24,1,615
W02000282,2023,Rhondda Cynon Taf 031,25_34,1,620
W02000282,2023,Rhondda Cynon Taf 031,35_49,1,1153
W02000282,2023,Rhondda Cynon Taf 031,50_64,1,1176
W02000282,2023,Rhondda Cynon Taf 031,65_plus,1,991
W02000282,2023,Rhondda Cynon Taf 031,16_24,2,565
W02000282,2023,Rhondda Cynon Taf 031,25_34,2,632
W02000282,2023,Rhondda Cynon Taf 031,35_49,2,1307
W02000282,2023,Rhondda Cynon Taf 031,50_64,2,1144
W02000282,2023,Rhondda Cynon Taf 031,65_plus,2,1158
W02000282,2025,Rhondda Cynon Taf 031,16_24,1,644
W02000282,2025,Rhondda Cynon Taf 031,25_34,1,653
W02000282,2025,Rhondda Cynon Taf 031,35_49,1,1123
W02000282,2025,Rhondda Cynon Taf 031,50_64,1,1179
W02000282,2025,Rhondda Cynon Taf 031,65_plus,1,1038
W02000282,2025,Rhondda Cynon Taf 031,16_24,2,596
W02000282,2025,Rhondda Cynon Taf 031,25_34,2,627
W02000282,2025,Rhondda Cynon Taf 031,35_49,2,1235
W02000282,2025,Rhondda Cynon Taf 031,50_64,2,1231
W02000282,2025,Rhondda Cynon Taf 031,65_plus,2,1206
W02000284,2021,Merthyr Tydfil 002,16_24,1,518
W02000284,2021,Merthyr Tydfil 002,25_34,1,676
W02000284,2021,Merthyr Tydfil 002,35_49,1,864
W02000284,2021,Merthyr Tydfil 002,50_64,1,959
W02000284,2021,Merthyr Tydfil 002,65_plus,1,831
W02000284,2021,Merthyr Tydfil 002,16_24,2,516
W02000284,2021,Merthyr Tydfil 002,25_34,2,725
W02000284,2021,Merthyr Tydfil 002,35_49,2,882
W02000284,2021,Merthyr Tydfil 002,50_64,2,966
W02000284,2021,Merthyr Tydfil 002,65_plus,2,868
W02000284,2023,Merthyr Tydfil 002,16_24,1,514
W02000284,2023,Merthyr Tydfil 002,25_34,1,622
W02000284,2023,Merthyr Tydfil 002,35_49,1,873
W02000284,2023,Merthyr Tydfil 002,50_64,1,942
W02000284,2023,Merthyr Tydfil 002,65_plus,1,805
W02000284,2023,Merthyr Tydfil 002,16_24,2,508
W02000284,2023,Merthyr Tydfil 002,25_34,2,678
W02000284,2023,Merthyr Tydfil 002,35_49,2,898
W02000284,2023,Merthyr Tydfil 002,50_64,2,1004
W02000284,2023,Merthyr Tydfil 002,65_plus,2,866
W02000284,2025,Merthyr Tydfil 002,16_24,1,505
W02000284,2025,Merthyr Tydfil 002,25_34,1,599
W02000284,2025,Merthyr Tydfil 002,35_49,1,891
W02000284,2025,Merthyr Tydfil 002,50_64,1,948
W02000284,2025,Merthyr Tydfil 002,65_plus,1,840
W02000284,2025,Merthyr Tydfil 002,16_24,2,486
W02000284,2025,Merthyr Tydfil 002,25_34,2,685
W02000284,2025,Merthyr Tydfil 002,35_49,2,882
W02000284,2025,Merthyr Tydfil 002,50_64,2,985
W02000284,2025,Merthyr Tydfil 002,65_plus,2,894
W02000285,2021,Merthyr Tydfil 003,16_24,1,403
W02000285,2021,Merthyr Tydfil 003,25_34,1,529
W02000285,2021,Merthyr Tydfil 003,35_49,1,767
W02000285,2021,Merthyr Tydfil 003,50_64,1,811
W02000285,2021,Merthyr Tydfil 003,65_plus,1,827
W02000285,2021,Merthyr Tydfil 003,16_24,2,377
W02000285,2021,Merthyr Tydfil 003,25_34,2,527
W02000285,2021,Merthyr Tydfil 003,35_49,2,797
W02000285,2021,Merthyr Tydfil 003,50_64,2,950
W02000285,2021,Merthyr Tydfil 003,65_plus,2,976
W02000285,2023,Merthyr Tydfil 003,16_24,1,417
W02000285,2023,Merthyr Tydfil 003,25_34,1,491
W02000285,2023,Merthyr Tydfil 003,35_49,1,755
W02000285,2023,Merthyr Tydfil 003,50_64,1,827
W02000285,2023,Merthyr Tydfil 003,65_plus,1,863
W02000285,2023,Merthyr Tydfil 003,16_24,2,360
W02000285,2023,Merthyr Tydfil 003,25_34,2,497
W02000285,2023,Merthyr Tydfil 003,35_49,2,813
W02000285,2023,Merthyr Tydfil 003,50_64,2,971
W02000285,2023,Merthyr Tydfil 003,65_plus,2,991
W02000285,2025,Merthyr Tydfil 003,16_24,1,431
W02000285,2025,Merthyr Tydfil 003,25_34,1,490
W02000285,2025,Merthyr Tydfil 003,35_49,1,784
W02000285,2025,Merthyr Tydfil 003,50_64,1,765
W02000285,2025,Merthyr Tydfil 003,65_plus,1,900
W02000285,2025,Merthyr Tydfil 003,16_24,2,370
W02000285,2025,Merthyr Tydfil 003,25_34,2,460
W02000285,2025,Merthyr Tydfil 003,35_49,2,828
W02000285,2025,Merthyr Tydfil 003,50_64,2,922
W02000285,2025,Merthyr Tydfil 003,65_plus,2,1037
W02000286,2021,Merthyr Tydfil 004,16_24,1,357
W02000286,2021,Merthyr Tydfil 004,25_34,1,397
W02000286,2021,Merthyr Tydfil 004,35_49,1,656
W02000286,2021,Merthyr Tydfil 004,50_64,1,676
W02000286,2021,Merthyr Tydfil 004,65_plus,1,572
W02000286,2021,Merthyr Tydfil 004,16_24,2,411
W02000286,2021,Merthyr Tydfil 004,25_34,2,471
W02000286,2021,Merthyr Tydfil 004,35_49,2,676
W02000286,2021,Merthyr Tydfil 004,50_64,2,683
W02000286,2021,Merthyr Tydfil 004,65_plus,2,667
W02000286,2023,Merthyr Tydfil 004,16_24,1,383
W02000286,2023,Merthyr Tydfil 004,25_34,1,389
W02000286,2023,Merthyr Tydfil 004,35_49,1,660
W02000286,2023,Merthyr Tydfil 004,50_64,1,675
W02000286,2023,Merthyr Tydfil 004,65_plus,1,590
W02000286,2023,Merthyr Tydfil 004,16_24,2,409
W02000286,2023,Merthyr Tydfil 004,25_34,2,448
W02000286,2023,Merthyr Tydfil 004,35_49,2,701
W02000286,2023,Merthyr Tydfil 004,50_64,2,700
W02000286,2023,Merthyr Tydfil 004,65_plus,2,681
W02000286,2025,Merthyr Tydfil 004,16_24,1,400
W02000286,2025,Merthyr Tydfil 004,25_34,1,417
W02000286,2025,Merthyr Tydfil 004,35_49,1,675
W02000286,2025,Merthyr Tydfil 004,50_64,1,658
W02000286,2025,Merthyr Tydfil 004,65_plus,1,614
W02000286,2025,Merthyr Tydfil 004,16_24,2,406
W02000286,2025,Merthyr Tydfil 004,25_34,2,472
W02000286,2025,Merthyr Tydfil 004,35_49,2,722
W02000286,2025,Merthyr Tydfil 004,50_64,2,679
W02000286,2025,Merthyr Tydfil 004,65_plus,2,714
W02000287,2021,Merthyr Tydfil 005,16_24,1,451
W02000287,2021,Merthyr Tydfil 005,25_34,1,553
W02000287,2021,Merthyr Tydfil 005,35_49,1,780
W02000287,2021,Merthyr Tydfil 005,50_64,1,866
W02000287,2021,Merthyr Tydfil 005,65_plus,1,731
W02000287,2021,Merthyr Tydfil 005,16_24,2,412
W02000287,2021,Merthyr Tydfil 005,25_34,2,538
W02000287,2021,Merthyr Tydfil 005,35_49,2,837
W02000287,2021,Merthyr Tydfil 005,50_64,2,855
W02000287,2021,Merthyr Tydfil 005,65_plus,2,864
W02000287,2023,Merthyr Tydfil 005,16_24,1,452
W02000287,2023,Merthyr Tydfil 005,25_34,1,583
W02000287,2023,Merthyr Tydfil 005,35_49,1,745
W02000287,2023,Merthyr Tydfil 005,50_64,1,878
W02000287,2023,Merthyr Tydfil 005,65_plus,1,735
W02000287,2023,Merthyr Tydfil 005,16_24,2,380
W02000287,2023,Merthyr Tydfil 005,25_34,2,518
W02000287,2023,Merthyr Tydfil 005,35_49,2,822
W02000287,2023,Merthyr Tydfil 005,50_64,2,850
W02000287,2023,Merthyr Tydfil 005,65_plus,2,880
W02000287,2025,Merthyr Tydfil 005,16_24,1,455
W02000287,2025,Merthyr Tydfil 005,25_34,1,554
W02000287,2025,Merthyr Tydfil 005,35_49,1,777
W02000287,2025,Merthyr Tydfil 005,50_64,1,836
W02000287,2025,Merthyr Tydfil 005,65_plus,1,760
W02000287,2025,Merthyr Tydfil 005,16_24,2,390
W02000287,2025,Merthyr Tydfil 005,25_34,2,523
W02000287,2025,Merthyr Tydfil 005,35_49,2,813
W02000287,2025,Merthyr Tydfil 005,50_64,2,890
W02000287,2025,Merthyr Tydfil 005,65_plus,2,868
W02000288,2021,Merthyr Tydfil 006,16_24,1,449
W02000288,2021,Merthyr Tydfil 006,25_34,1,573
W02000288,2021,Merthyr Tydfil 006,35_49,1,670
W02000288,2021,Merthyr Tydfil 006,50_64,1,828
W02000288,2021,Merthyr Tydfil 006,65_plus,1,785
W02000288,2021,Merthyr Tydfil 006,16_24,2,397
W02000288,2021,Merthyr Tydfil 006,25_34,2,604
W02000288,2021,Merthyr Tydfil 006,35_49,2,667
W02000288,2021,Merthyr Tydfil 006,50_64,2,869
W02000288,2021,Merthyr Tydfil 006,65_plus,2,866
W02000288,2023,Merthyr Tydfil 006,16_24,1,429
W02000288,2023,Merthyr Tydfil 006,25_34,1,555
W02000288,2023,Merthyr Tydfil 006,35_49,1,689
W02000288,2023,Merthyr Tydfil 006,50_64,1,833
W02000288,2023,Merthyr Tydfil 006,65_plus,1,782
W02000288,2023,Merthyr Tydfil 006,16_24,2,411
W02000288,2023,Merthyr Tydfil 006,25_34,2,627
W02000288,2023,Merthyr Tydfil 006,35_49,2,680
W02000288,2023,Merthyr Tydfil 006,50_64,2,880
W02000288,2023,Merthyr Tydfil 006,65_plus,2,832
W02000288,2025,Merthyr Tydfil 006,16_24,1,436
W02000288,2025,Merthyr Tydfil 006,25_34,1,559
W02000288,2025,Merthyr Tydfil 006,35_49,1,725
W02000288,2025,Merthyr Tydfil 006,50_64,1,800
W02000288,2025,Merthyr Tydfil 006,65_plus,1,815
W02000288,2025,Merthyr Tydfil 006,16_24,2,350
W02000288,2025,Merthyr Tydfil 006,25_34,2,641
W02000288,2025,Merthyr Tydfil 006,35_49,2,779
W02000288,2025,Merthyr Tydfil 006,50_64,2,854
W02000288,2025,Merthyr Tydfil 006,65_plus,2,827
W02000289,2021,Merthyr Tydfil 007,16_24,1,503
W02000289,2021,Merthyr Tydfil 007,25_34,1,536
W02000289,2021,Merthyr Tydfil 007,35_49,1,753
W02000289,2021,Merthyr Tydfil 007,50_64,1,904
W02000289,2021,Merthyr Tydfil 007,65_plus,1,808
W02000289,2021,Merthyr Tydfil 007,16_24,2,425
W02000289,2021,Merthyr Tydfil 007,25_34,2,624
W02000289,2021,Merthyr Tydfil 007,35_49,2,827
W02000289,2021,Merthyr Tydfil 007,50_64,2,948
W02000289,2021,Merthyr Tydfil 007,65_plus,2,923
W02000289,2023,Merthyr Tydfil 007,16_24,1,471
W02000289,2023,Merthyr Tydfil 007,25_34,1,513
W02000289,2023,Merthyr Tydfil 007,35_49,1,777
W02000289,2023,Merthyr Tydfil 007,50_64,1,911
W02000289,2023,Merthyr Tydfil 007,65_plus,1,830
W02000289,2023,Merthyr Tydfil 007,16_24,2,424
W02000289,2023,Merthyr Tydfil 007,25_34,2,569
W02000289,2023,Merthyr Tydfil 007,35_49,2,850
W02000289,2023,Merthyr Tydfil 007,50_64,2,945
W02000289,2023,Merthyr Tydfil 007,65_plus,2,944
W02000289,2025,Merthyr Tydfil 007,16_24,1,465
W02000289,2025,Merthyr Tydfil 007,25_34,1,448
W02000289,2025,Merthyr Tydfil 007,35_49,1,787
W02000289,2025,Merthyr Tydfil 007,50_64,1,860
W02000289,2025,Merthyr Tydfil 007,65_plus,1,859
W02000289,2025,Merthyr Tydfil 007,16_24,2,406
W02000289,2025,Merthyr Tydfil 007,25_34,2,560
W02000289,2025,Merthyr Tydfil 007,35_49,2,876
W02000289,2025,Merthyr Tydfil 007,50_64,2,934
W02000289,2025,Merthyr Tydfil 007,65_plus,2,965
W02000290,2021,Caerphilly 001,16_24,1,488
W02000290,2021,Caerphilly 001,25_34,1,540
W02000290,2021,Caerphilly 001,35_49,1,732
W02000290,2021,Caerphilly 001,50_64,1,945
W02000290,2021,Caerphilly 001,65_plus,1,805
W02000290,2021,Caerphilly 001,16_24,2,439
W02000290,2021,Caerphilly 001,25_34,2,582
W02000290,2021,Caerphilly 001,35_49,2,791
W02000290,2021,Caerphilly 001,50_64,2,964
W02000290,2021,Caerphilly 001,65_plus,2,903
W02000290,2023,Caerphilly 001,16_24,1,447
W02000290,2023,Caerphilly 001,25_34,1,552
W02000290,2023,Caerphilly 001,35_49,1,714
W02000290,2023,Caerphilly 001,50_64,1,949
W02000290,2023,Caerphilly 001,65_plus,1,777
W02000290,2023,Caerphilly 001,16_24,2,442
W02000290,2023,Caerphilly 001,25_34,2,556
W02000290,2023,Caerphilly 001,35_49,2,801
W02000290,2023,Caerphilly 001,50_64,2,949
W02000290,2023,Caerphilly 001,65_plus,2,922
W02000290,2025,Caerphilly 001,16_24,1,455
W02000290,2025,Caerphilly 001,25_34,1,512
W02000290,2025,Caerphilly 001,35_49,1,722
W02000290,2025,Caerphilly 001,50_64,1,900
W02000290,2025,Caerphilly 001,65_plus,1,839
W02000290,2025,Caerphilly 001,16_24,2,427
W02000290,2025,Caerphilly 001,25_34,2,554
W02000290,2025,Caerphilly 001,35_49,2,836
W02000290,2025,Caerphilly 001,50_64,2,952
W02000290,2025,Caerphilly 001,65_plus,2,926
W02000291,2021,Caerphilly 002,16_24,1,449
W02000291,2021,Caerphilly 002,25_34,1,470
W02000291,2021,Caerphilly 002,35_49,1,624
W02000291,2021,Caerphilly 002,50_64,1,716
W02000291,2021,Caerphilly 002,65_plus,1,680
W02000291,2021,Caerphilly 002,16_24,2,412
W02000291,2021,Caerphilly 002,25_34,2,487
W02000291,2021,Caerphilly 002,35_49,2,636
W02000291,2021,Caerphilly 002,50_64,2,730
W02000291,2021,Caerphilly 002,65_plus,2,730
W02000291,2023,Caerphilly 002,16_24,1,454
W02000291,2023,Caerphilly 002,25_34,1,476
W02000291,2023,Caerphilly 002,35_49,1,605
W02000291,2023,Caerphilly 002,50_64,1,720
W02000291,2023,Caerphilly 002,65_plus,1,690
W02000291,2023,Caerphilly 002,16_24,2,415
W02000291,2023,Caerphilly 002,25_34,2,480
W02000291,2023,Caerphilly 002,35_49,2,619
W02000291,2023,Caerphilly 002,50_64,2,775
W02000291,2023,Caerphilly 002,65_plus,2,733
W02000291,2025,Caerphilly 002,16_24,1,479
W02000291,2025,Caerphilly 002,25_34,1,489
W02000291,2025,Caerphilly 002,35_49,1,591
W02000291,2025,Caerphilly 002,50_64,1,716
W02000291,2025,Caerphilly 002,65_plus,1,672
W02000291,2025,Caerphilly 002,16_24,2,407
W02000291,2025,Caerphilly 002,25_34,2,488
W02000291,2025,Caerphilly 002,35_49,2,623
W02000291,2025,Caerphilly 002,50_64,2,755
W02000291,2025,Caerphilly 002,65_plus,2,726
W02000292,2021,Caerphilly 003,16_24,1,326
W02000292,2021,Caerphilly 003,25_34,1,386
W02000292,2021,Caerphilly 003,35_49,1,543
W02000292,2021,Caerphilly 003,50_64,1,575
W02000292,2021,Caerphilly 003,65_plus,1,535
W02000292,2021,Caerphilly 003,16_24,2,297
W02000292,2021,Caerphilly 003,25_34,2,411
W02000292,2021,Caerphilly 003,35_49,2,554
W02000292,2021,Caerphilly 003,50_64,2,570
W02000292,2021,Caerphilly 003,65_plus,2,615
W02000292,2023,Caerphilly 003,16_24,1,308
W02000292,2023,Caerphilly 003,25_34,1,410
W02000292,2023,Caerphilly 003,35_49,1,525
W02000292,2023,Caerphilly 003,50_64,1,601
W02000292,2023,Caerphilly 003,65_plus,1,526
W02000292,2023,Caerphilly 003,16_24,2,308
W02000292,2023,Caerphilly 003,25_34,2,427
W02000292,2023,Caerphilly 003,35_49,2,579
W02000292,2023,Caerphilly 003,50_64,2,584
W02000292,2023,Caerphilly 003,65_plus,2,611
W02000292,2025,Caerphilly 003,16_24,1,336
W02000292,2025,Caerphilly 003,25_34,1,390
W02000292,2025,Caerphilly 003,35_49,1,553
W02000292,2025,Caerphilly 003,50_64,1,589
W02000292,2025,Caerphilly 003,65_plus,1,535
W02000292,2025,Caerphilly 003,16_24,2,306
W02000292,2025,Caerphilly 003,25_34,2,442
W02000292,2025,Caerphilly 003,35_49,2,585
W02000292,2025,Caerphilly 003,50_64,2,583
W02000292,2025,Caerphilly 003,65_plus,2,610
W02000293,2021,Caerphilly 004,16_24,1,361
W02000293,2021,Caerphilly 004,25_34,1,419
W02000293,2021,Caerphilly 004,35_49,1,517
W02000293,2021,Caerphilly 004,50_64,1,613
W02000293,2021,Caerphilly 004,65_plus,1,561
W02000293,2021,Caerphilly 004,16_24,2,326
W02000293,2021,Caerphilly 004,25_34,2,432
W02000293,2021,Caerphilly 004,35_49,2,518
W02000293,2021,Caerphilly 004,50_64,2,607
W02000293,2021,Caerphilly 004,65_plus,2,640
W02000293,2023,Caerphilly 004,16_24,1,320
W02000293,2023,Caerphilly 004,25_34,1,440
W02000293,2023,Caerphilly 004,35_49,1,497
W02000293,2023,Caerphilly 004,50_64,1,607
W02000293,2023,Caerphilly 004,65_plus,1,578
W02000293,2023,Caerphilly 004,16_24,2,293
W02000293,2023,Caerphilly 004,25_34,2,456
W02000293,2023,Caerphilly 004,35_49,2,519
W02000293,2023,Caerphilly 004,50_64,2,628
W02000293,2023,Caerphilly 004,65_plus,2,628
W02000293,2025,Caerphilly 004,16_24,1,320
W02000293,2025,Caerphilly 004,25_34,1,438
W02000293,2025,Caerphilly 004,35_49,1,499
W02000293,2025,Caerphilly 004,50_64,1,594
W02000293,2025,Caerphilly 004,65_plus,1,583
W02000293,2025,Caerphilly 004,16_24,2,295
W02000293,2025,Caerphilly 004,25_34,2,481
W02000293,2025,Caerphilly 004,35_49,2,531
W02000293,2025,Caerphilly 004,50_64,2,616
W02000293,2025,Caerphilly 004,65_plus,2,635
W02000294,2021,Caerphilly 005,16_24,1,299
W02000294,2021,Caerphilly 005,25_34,1,313
W02000294,2021,Caerphilly 005,35_49,1,483
W02000294,2021,Caerphilly 005,50_64,1,620
W02000294,2021,Caerphilly 005,65_plus,1,608
W02000294,2021,Caerphilly 005,16_24,2,277
W02000294,2021,Caerphilly 005,25_34,2,341
W02000294,2021,Caerphilly 005,35_49,2,494
W02000294,2021,Caerphilly 005,50_64,2,652
W02000294,2021,Caerphilly 005,65_plus,2,728
W02000294,2023,Caerphilly 005,16_24,1,306
W02000294,2023,Caerphilly 005,25_34,1,318
W02000294,2023,Caerphilly 005,35_49,1,466
W02000294,2023,Caerphilly 005,50_64,1,605
W02000294,2023,Caerphilly 005,65_plus,1,602
W02000294,2023,Caerphilly 005,16_24,2,275
W02000294,2023,Caerphilly 005,25_34,2,352
W02000294,2023,Caerphilly 005,35_49,2,441
W02000294,2023,Caerphilly 005,50_64,2,672
W02000294,2023,Caerphilly 005,65_plus,2,734
W02000294,2025,Caerphilly 005,16_24,1,311
W02000294,2025,Caerphilly 005,25_34,1,301
W02000294,2025,Caerphilly 005,35_49,1,503
W02000294,2025,Caerphilly 005,50_64,1,608
W02000294,2025,Caerphilly 005,65_plus,1,608
W02000294,2025,Caerphilly 005,16_24,2,246
W02000294,2025,Caerphilly 005,25_34,2,349
W02000294,2025,Caerphilly 005,35_49,2,471
W02000294,2025,Caerphilly 005,50_64,2,660
W02000294,2025,Caerphilly 005,65_plus,2,758
W02000295,2021,Caerphilly 006,16_24,1,510
W02000295,2021,Caerphilly 006,25_34,1,543
W02000295,2021,Caerphilly 006,35_49,1,908
W02000295,2021,Caerphilly 006,50_64,1,932
W02000295,2021,Caerphilly 006,65_plus,1,878
W02000295,2021,Caerphilly 006,16_24,2,463
W02000295,2021,Caerphilly 006,25_34,2,574
W02000295,2021,Caerphilly 006,35_49,2,951
W02000295,2021,Caerphilly 006,50_64,2,956
W02000295,2021,Caerphilly 006,65_plus,2,1005
W02000295,2023,Caerphilly 006,16_24,1,518
W02000295,2023,Caerphilly 006,25_34,1,566
W02000295,2023,Caerphilly 006,35_49,1,873
W02000295,2023,Caerphilly 006,50_64,1,1000
W02000295,2023,Caerphilly 006,65_plus,1,859
W02000295,2023,Caerphilly 006,16_24,2,472
W02000295,2023,Caerphilly 006,25_34,2,590
W02000295,2023,Caerphilly 006,35_49,2,927
W02000295,2023,Caerphilly 006,50_64,2,984
W02000295,2023,Caerphilly 006,65_plus,2,1007
W02000295,2025,Caerphilly 006,16_24,1,559
W02000295,2025,Caerphilly 006,25_34,1,507
W02000295,2025,Caerphilly 006,35_49,1,913
W02000295,2025,Caerphilly 006,50_64,1,1001
W02000295,2025,Caerphilly 006,65_plus,1,893
W02000295,2025,Caerphilly 006,16_24,2,483
W02000295,2025,Caerphilly 006,25_34,2,588
W02000295,2025,Caerphilly 006,35_49,2,939
W02000295,2025,Caerphilly 006,50_64,2,1013
W02000295,2025,Caerphilly 006,65_plus,2,1008
W02000296,2021,Caerphilly 007,16_24,1,427
W02000296,2021,Caerphilly 007,25_34,1,427
W02000296,2021,Caerphilly 007,35_49,1,628
W02000296,2021,Caerphilly 007,50_64,1,727
W02000296,2021,Caerphilly 007,65_plus,1,746
W02000296,2021,Caerphilly 007,16_24,2,405
W02000296,2021,Caerphilly 007,25_34,2,500
W02000296,2021,Caerphilly 007,35_49,2,692
W02000296,2021,Caerphilly 007,50_64,2,779
W02000296,2021,Caerphilly 007,65_plus,2,801
W02000296,2023,Caerphilly 007,16_24,1,414
W02000296,2023,Caerphilly 007,25_34,1,434
W02000296,2023,Caerphilly 007,35_49,1,576
W02000296,2023,Caerphilly 007,50_64,1,760
W02000296,2023,Caerphilly 007,65_plus,1,772
W02000296,2023,Caerphilly 007,16_24,2,392
W02000296,2023,Caerphilly 007,25_34,2,498
W02000296,2023,Caerphilly 007,35_49,2,684
W02000296,2023,Caerphilly 007,50_64,2,792
W02000296,2023,Caerphilly 007,65_plus,2,818
W02000296,2025,Caerphilly 007,16_24,1,426
W02000296,2025,Caerphilly 007,25_34,1,433
W02000296,2025,Caerphilly 007,35_49,1,613
W02000296,2025,Caerphilly 007,50_64,1,732
W02000296,2025,Caerphilly 007,65_plus,1,797
W02000296,2025,Caerphilly 007,16_24,2,388
W02000296,2025,Caerphilly 007,25_34,2,472
W02000296,2025,Caerphilly 007,35_49,2,709
W02000296,2025,Caerphilly 007,50_64,2,795
W02000296,2025,Caerphilly 007,65_plus,2,844
W02000297,2021,Caerphilly 008,16_24,1,426
W02000297,2021,Caerphilly 008,25_34,1,501
W02000297,2021,Caerphilly 008,35_49,1,644
W02000297,2021,Caerphilly 008,50_64,1,785
W02000297,2021,Caerphilly 008,65_plus,1,663
W02000297,2021,Caerphilly 008,16_24,2,432
W02000297,2021,Caerphilly 008,25_34,2,515
W02000297,2021,Caerphilly 008,35_49,2,688
W02000297,2021,Caerphilly 008,50_64,2,854
W02000297,2021,Caerphilly 008,65_plus,2,817
W02000297,2023,Caerphilly 008,16_24,1,391
W02000297,2023,Caerphilly 008,25_34,1,498
W02000297,2023,Caerphilly 008,35_49,1,638
W02000297,2023,Caerphilly 008,50_64,1,758
W02000297,2023,Caerphilly 008,65_plus,1,674
W02000297,2023,Caerphilly 008,16_24,2,393
W02000297,2023,Caerphilly 008,25_34,2,537
W02000297,2023,Caerphilly 008,35_49,2,669
W02000297,2023,Caerphilly 008,50_64,2,833
W02000297,2023,Caerphilly 008,65_plus,2,854
W02000297,2025,Caerphilly 008,16_24,1,403
W02000297,2025,Caerphilly 008,25_34,1,483
W02000297,2025,Caerphilly 008,35_49,1,639
W02000297,2025,Caerphilly 008,50_64,1,725
W02000297,2025,Caerphilly 008,65_plus,1,691
W02000297,2025,Caerphilly 008,16_24,2,346
W02000297,2025,Caerphilly 008,25_34,2,541
W02000297,2025,Caerphilly 008,35_49,2,686
W02000297,2025,Caerphilly 008,50_64,2,807
W02000297,2025,Caerphilly 008,65_plus,2,873
W02000298,2021,Caerphilly 009,16_24,1,421
W02000298,2021,Caerphilly 009,25_34,1,400
W02000298,2021,Caerphilly 009,35_49,1,651
W02000298,2021,Caerphilly 009,50_64,1,707
W02000298,2021,Caerphilly 009,65_plus,1,631
W02000298,2021,Caerphilly 009,16_24,2,417
W02000298,2021,Caerphilly 009,25_34,2,426
W02000298,2021,Caerphilly 009,35_49,2,748
W02000298,2021,Caerphilly 009,50_64,2,722
W02000298,2021,Caerphilly 009,65_plus,2,775
W02000298,2023,Caerphilly 009,16_24,1,402
W02000298,2023,Caerphilly 009,25_34,1,478
W02000298,2023,Caerphilly 009,35_49,1,618
W02000298,2023,Caerphilly 009,50_64,1,735
W02000298,2023,Caerphilly 009,65_plus,1,662
W02000298,2023,Caerphilly 009,16_24,2,403
W02000298,2023,Caerphilly 009,25_34,2,477
W02000298,2023,Caerphilly 009,35_49,2,725
W02000298,2023,Caerphilly 009,50_64,2,766
W02000298,2023,Caerphilly 009,65_plus,2,782
W02000298,2025,Caerphilly 009,16_24,1,435
W02000298,2025,Caerphilly 009,25_34,1,469
W02000298,2025,Caerphilly 009,35_49,1,607
W02000298,2025,Caerphilly 009,50_64,1,742
W02000298,2025,Caerphilly 009,65_plus,1,668
W02000298,2025,Caerphilly 009,16_24,2,403
W02000298,2025,Caerphilly 009,25_34,2,498
W02000298,2025,Caerphilly 009,35_49,2,701
W02000298,2025,Caerphilly 009,50_64,2,776
W02000298,2025,Caerphilly 009,65_plus,2,808
W02000299,2021,Caerphilly 010,16_24,1,377
W02000299,2021,Caerphilly 010,25_34,1,360
W02000299,2021,Caerphilly 010,35_49,1,525
W02000299,2021,Caerphilly 010,50_64,1,677
W02000299,2021,Caerphilly 010,65_plus,1,632
W02000299,2021,Caerphilly 010,16_24,2,310
W02000299,2021,Caerphilly 010,25_34,2,411
W02000299,2021,Caerphilly 010,35_49,2,556
W02000299,2021,Caerphilly 010,50_64,2,670
W02000299,2021,Caerphilly 010,65_plus,2,739
W02000299,2023,Caerphilly 010,16_24,1,374
W02000299,2023,Caerphilly 010,25_34,1,335
W02000299,2023,Caerphilly 010,35_49,1,545
W02000299,2023,Caerphilly 010,50_64,1,654
W02000299,2023,Caerphilly 010,65_plus,1,639
W02000299,2023,Caerphilly 010,16_24,2,289
W02000299,2023,Caerphilly 010,25_34,2,416
W02000299,2023,Caerphilly 010,35_49,2,558
W02000299,2023,Caerphilly 010,50_64,2,654
W02000299,2023,Caerphilly 010,65_plus,2,757
W02000299,2025,Caerphilly 010,16_24,1,378
W02000299,2025,Caerphilly 010,25_34,1,337
W02000299,2025,Caerphilly 010,35_49,1,557
W02000299,2025,Caerphilly 010,50_64,1,652
W02000299,2025,Caerphilly 010,65_plus,1,630
W02000299,2025,Caerphilly 010,16_24,2,298
W02000299,2025,Caerphilly 010,25_34,2,414
W02000299,2025,Caerphilly 010,35_49,2,583
W02000299,2025,Caerphilly 010,50_64,2,649
W02000299,2025,Caerphilly 010,65_plus,2,756
W02000300,2021,Caerphilly 011,16_24,1,489
W02000300,2021,Caerphilly 011,25_34,1,496
W02000300,2021,Caerphilly 011,35_49,1,768
W02000300,2021,Caerphilly 011,50_64,1,767
W02000300,2021,Caerphilly 011,65_plus,1,920
W02000300,2021,Caerphilly 011,16_24,2,425
W02000300,2021,Caerphilly 011,25_34,2,509
W02000300,2021,Caerphilly 011,35_49,2,841
W02000300,2021,Caerphilly 011,50_64,2,819
W02000300,2021,Caerphilly 011,65_plus,2,979
W02000300,2023,Caerphilly 011,16_24,1,477
W02000300,2023,Caerphilly 011,25_34,1,473
W02000300,2023,Caerphilly 011,35_49,1,769
W02000300,2023,Caerphilly 011,50_64,1,783
W02000300,2023,Caerphilly 011,65_plus,1,907
W02000300,2023,Caerphilly 011,16_24,2,405
W02000300,2023,Caerphilly 011,25_34,2,478
W02000300,2023,Caerphilly 011,35_49,2,833
W02000300,2023,Caerphilly 011,50_64,2,834
W02000300,2023,Caerphilly 011,65_plus,2,1002
W02000300,2025,Caerphilly 011,16_24,1,504
W02000300,2025,Caerphilly 011,25_34,1,478
W02000300,2025,Caerphilly 011,35_49,1,763
W02000300,2025,Caerphilly 011,50_64,1,788
W02000300,2025,Caerphilly 011,65_plus,1,954
W02000300,2025,Caerphilly 011,16_24,2,402
W02000300,2025,Caerphilly 011,25_34,2,480
W02000300,2025,Caerphilly 011,35_49,2,814
W02000300,2025,Caerphilly 011,50_64,2,869
W02000300,2025,Caerphilly 011,65_plus,2,1019
W02000301,2021,Caerphilly 012,16_24,1,494
W02000301,2021,Caerphilly 012,25_34,1,570
W02000301,2021,Caerphilly 012,35_49,1,722
W02000301,2021,Caerphilly 012,50_64,1,785
W02000301,2021,Caerphilly 012,65_plus,1,621
W02000301,2021,Caerphilly 012,16_24,2,432
W02000301,2021,Caerphilly 012,25_34,2,603
W02000301,2021,Caerphilly 012,35_49,2,760
W02000301,2021,Caerphilly 012,50_64,2,827
W02000301,2021,Caerphilly 012,65_plus,2,716
W02000301,2023,Caerphilly 012,16_24,1,461
W02000301,2023,Caerphilly 012,25_34,1,575
W02000301,2023,Caerphilly 012,35_49,1,748
W02000301,2023,Caerphilly 012,50_64,1,798
W02000301,2023,Caerphilly 012,65_plus,1,649
W02000301,2023,Caerphilly 012,16_24,2,413
W02000301,2023,Caerphilly 012,25_34,2,593
W02000301,2023,Caerphilly 012,35_49,2,768
W02000301,2023,Caerphilly 012,50_64,2,803
W02000301,2023,Caerphilly 012,65_plus,2,773
W02000301,2025,Caerphilly 012,16_24,1,513
W02000301,2025,Caerphilly 012,25_34,1,598
W02000301,2025,Caerphilly 012,35_49,1,749
W02000301,2025,Caerphilly 012,50_64,1,802
W02000301,2025,Caerphilly 012,65_plus,1,685
W02000301,2025,Caerphilly 012,16_24,2,424
W02000301,2025,Caerphilly 012,25_34,2,594
W02000301,2025,Caerphilly 012,35_49,2,823
W02000301,2025,Caerphilly 012,50_64,2,807
W02000301,2025,Caerphilly 012,65_plus,2,792
W02000302,2021,Caerphilly 013,16_24,1,552
W02000302,2021,Caerphilly 013,25_34,1,540
W02000302,2021,Caerphilly 013,35_49,1,936
W02000302,2021,Caerphilly 013,50_64,1,992
W02000302,2021,Caerphilly 013,65_plus,1,949
W02000302,2021,Caerphilly 013,16_24,2,504
W02000302,2021,Caerphilly 013,25_34,2,636
W02000302,2021,Caerphilly 013,35_49,2,965
W02000302,2021,Caerphilly 013,50_64,2,1013
W02000302,2021,Caerphilly 013,65_plus,2,1213
W02000302,2023,Caerphilly 013,16_24,1,566
W02000302,2023,Caerphilly 013,25_34,1,496
W02000302,2023,Caerphilly 013,35_49,1,934
W02000302,2023,Caerphilly 013,50_64,1,995
W02000302,2023,Caerphilly 013,65_plus,1,952
W02000302,2023,Caerphilly 013,16_24,2,486
W02000302,2023,Caerphilly 013,25_34,2,590
W02000302,2023,Caerphilly 013,35_49,2,980
W02000302,2023,Caerphilly 013,50_64,2,1046
W02000302,2023,Caerphilly 013,65_plus,2,1223
W02000302,2025,Caerphilly 013,16_24,1,567
W02000302,2025,Caerphilly 013,25_34,1,532
W02000302,2025,Caerphilly 013,35_49,1,887
W02000302,2025,Caerphilly 013,50_64,1,998
W02000302,2025,Caerphilly 013,65_plus,1,971
W02000302,2025,Caerphilly 013,16_24,2,515
W02000302,2025,Caerphilly 013,25_34,2,582
W02000302,2025,Caerphilly 013,35_49,2,1026
W02000302,2025,Caerphilly 013,50_64,2,1069
W02000302,2025,Caerphilly 013,65_plus,2,1254
W02000303,2021,Caerphilly 014,16_24,1,362
W02000303,2021,Caerphilly 014,25_34,1,488
W02000303,2021,Caerphilly 014,35_49,1,720
W02000303,2021,Caerphilly 014,50_64,1,748
W02000303,2021,Caerphilly 014,65_plus,1,609
W02000303,2021,Caerphilly 014,16_24,2,342
W02000303,2021,Caerphilly 014,25_34,2,550
W02000303,2021,Caerphilly 014,35_49,2,705
W02000303,2021,Caerphilly 014,50_64,2,728
W02000303,2021,Caerphilly 014,65_plus,2,651
W02000303,2023,Caerphilly 014,16_24,1,346
W02000303,2023,Caerphilly 014,25_34,1,491
W02000303,2023,Caerphilly 014,35_49,1,713
W02000303,2023,Caerphilly 014,50_64,1,748
W02000303,2023,Caerphilly 014,65_plus,1,634
W02000303,2023,Caerphilly 014,16_24,2,327
W02000303,2023,Caerphilly 014,25_34,2,538
W02000303,2023,Caerphilly 014,35_49,2,666
W02000303,2023,Caerphilly 014,50_64,2,734
W02000303,2023,Caerphilly 014,65_plus,2,677
W02000303,2025,Caerphilly 014,16_24,1,364
W02000303,2025,Caerphilly 014,25_34,1,505
W02000303,2025,Caerphilly 014,35_49,1,713
W02000303,2025,Caerphilly 014,50_64,1,753
W02000303,2025,Caerphilly 014,65_plus,1,659
W02000303,2025,Caerphilly 014,16_24,2,317
W02000303,2025,Caerphilly 014,25_34,2,505
W02000303,2025,Caerphilly 014,35_49,2,691
W02000303,2025,Caerphilly 014,50_64,2,721
W02000303,2025,Caerphilly 014,65_plus,2,680
W02000304,2021,Caerphilly 015,16_24,1,295
W02000304,2021,Caerphilly 015,25_34,1,334
W02000304,2021,Caerphilly 015,35_49,1,524
W02000304,2021,Caerphilly 015,50_64,1,574
W02000304,2021,Caerphilly 015,65_plus,1,517
W02000304,2021,Caerphilly 015,16_24,2,255
W02000304,2021,Caerphilly 015,25_34,2,355
W02000304,2021,Caerphilly 015,35_49,2,548
W02000304,2021,Caerphilly 015,50_64,2,588
W02000304,2021,Caerphilly 015,65_plus,2,572
W02000304,2023,Caerphilly 015,16_24,1,266
W02000304,2023,Caerphilly 015,25_34,1,318
W02000304,2023,Caerphilly 015,35_49,1,546
W02000304,2023,Caerphilly 015,50_64,1,579
W02000304,2023,Caerphilly 015,65_plus,1,539
W02000304,2023,Caerphilly 015,16_24,2,245
W02000304,2023,Caerphilly 015,25_34,2,360
W02000304,2023,Caerphilly 015,35_49,2,541
W02000304,2023,Caerphilly 015,50_64,2,589
W02000304,2023,Caerphilly 015,65_plus,2,573
W02000304,2025,Caerphilly 015,16_24,1,264
W02000304,2025,Caerphilly 015,25_34,1,314
W02000304,2025,Caerphilly 015,35_49,1,567
W02000304,2025,Caerphilly 015,50_64,1,585
W02000304,2025,Caerphilly 015,65_plus,1,549
W02000304,2025,Caerphilly 015,16_24,2,259
W02000304,2025,Caerphilly 015,25_34,2,355
W02000304,2025,Caerphilly 015,35_49,2,561
W02000304,2025,Caerphilly 015,50_64,2,602
W02000304,2025,Caerphilly 015,65_plus,2,566
W02000305,2021,Caerphilly 016,16_24,1,315
W02000305,2021,Caerphilly 016,25_34,1,402
W02000305,2021,Caerphilly 016,35_49,1,515
W02000305,2021,Caerphilly 016,50_64,1,639
W02000305,2021,Caerphilly 016,65_plus,1,587
W02000305,2021,Caerphilly 016,16_24,2,321
W02000305,2021,Caerphilly 016,25_34,2,416
W02000305,2021,Caerphilly 016,35_49,2,581
W02000305,2021,Caerphilly 016,50_64,2,665
W02000305,2021,Caerphilly 016,65_plus,2,667
W02000305,2023,Caerphilly 016,16_24,1,314
W02000305,2023,Caerphilly 016,25_34,1,406
W02000305,2023,Caerphilly 016,35_49,1,528
W02000305,2023,Caerphilly 016,50_64,1,660
W02000305,2023,Caerphilly 016,65_plus,1,586
W02000305,2023,Caerphilly 016,16_24,2,299
W02000305,2023,Caerphilly 016,25_34,2,424
W02000305,2023,Caerphilly 016,35_49,2,584
W02000305,2023,Caerphilly 016,50_64,2,637
W02000305,2023,Caerphilly 016,65_plus,2,665
W02000305,2025,Caerphilly 016,16_24,1,331
W02000305,2025,Caerphilly 016,25_34,1,413
W02000305,2025,Caerphilly 016,35_49,1,545
W02000305,2025,Caerphilly 016,50_64,1,653
W02000305,2025,Caerphilly 016,65_plus,1,595
W02000305,2025,Caerphilly 016,16_24,2,289
W02000305,2025,Caerphilly 016,25_34,2,410
W02000305,2025,Caerphilly 016,35_49,2,619
W02000305,2025,Caerphilly 016,50_64,2,647
W02000305,2025,Caerphilly 016,65_plus,2,676
W02000306,2021,Caerphilly 017,16_24,1,264
W02000306,2021,Caerphilly 017,25_34,1,336
W02000306,2021,Caerphilly 017,35_49,1,422
W02000306,2021,Caerphilly 017,50_64,1,602
W02000306,2021,Caerphilly 017,65_plus,1,485
W02000306,2021,Caerphilly 017,16_24,2,244
W02000306,2021,Caerphilly 017,25_34,2,317
W02000306,2021,Caerphilly 017,35_49,2,454
W02000306,2021,Caerphilly 017,50_64,2,554
W02000306,2021,Caerphilly 017,65_plus,2,638
W02000306,2023,Caerphilly 017,16_24,1,281
W02000306,2023,Caerphilly 017,25_34,1,335
W02000306,2023,Caerphilly 017,35_49,1,429
W02000306,2023,Caerphilly 017,50_64,1,600
W02000306,2023,Caerphilly 017,65_plus,1,507
W02000306,2023,Caerphilly 017,16_24,2,217
W02000306,2023,Caerphilly 017,25_34,2,325
W02000306,2023,Caerphilly 017,35_49,2,459
W02000306,2023,Caerphilly 017,50_64,2,567
W02000306,2023,Caerphilly 017,65_plus,2,628
W02000306,2025,Caerphilly 017,16_24,1,283
W02000306,2025,Caerphilly 017,25_34,1,343
W02000306,2025,Caerphilly 017,35_49,1,413
W02000306,2025,Caerphilly 017,50_64,1,594
W02000306,2025,Caerphilly 017,65_plus,1,505
W02000306,2025,Caerphilly 017,16_24,2,239
W02000306,2025,Caerphilly 017,25_34,2,311
W02000306,2025,Caerphilly 017,35_49,2,445
W02000306,2025,Caerphilly 017,50_64,2,577
W02000306,2025,Caerphilly 017,65_plus,2,614
W02000307,2021,Caerphilly 018,16_24,1,365
W02000307,2021,Caerphilly 018,25_34,1,410
W02000307,2021,Caerphilly 018,35_49,1,620
W02000307,2021,Caerphilly 018,50_64,1,629
W02000307,2021,Caerphilly 018,65_plus,1,493
W02000307,2021,Caerphilly 018,16_24,2,395
W02000307,2021,Caerphilly 018,25_34,2,509
W02000307,2021,Caerphilly 018,35_49,2,639
W02000307,2021,Caerphilly 018,50_64,2,605
W02000307,2021,Caerphilly 018,65_plus,2,516
W02000307,2023,Caerphilly 018,16_24,1,366
W02000307,2023,Caerphilly 018,25_34,1,366
W02000307,2023,Caerphilly 018,35_49,1,613
W02000307,2023,Caerphilly 018,50_64,1,639
W02000307,2023,Caerphilly 018,65_plus,1,473
W02000307,2023,Caerphilly 018,16_24,2,378
W02000307,2023,Caerphilly 018,25_34,2,492
W02000307,2023,Caerphilly 018,35_49,2,646
W02000307,2023,Caerphilly 018,50_64,2,592
W02000307,2023,Caerphilly 018,65_plus,2,539
W02000307,2025,Caerphilly 018,16_24,1,367
W02000307,2025,Caerphilly 018,25_34,1,358
W02000307,2025,Caerphilly 018,35_49,1,631
W02000307,2025,Caerphilly 018,50_64,1,589
W02000307,2025,Caerphilly 018,65_plus,1,493
W02000307,2025,Caerphilly 018,16_24,2,385
W02000307,2025,Caerphilly 018,25_34,2,492
W02000307,2025,Caerphilly 018,35_49,2,659
W02000307,2025,Caerphilly 018,50_64,2,582
W02000307,2025,Caerphilly 018,65_plus,2,540
W02000308,2021,Caerphilly 019,16_24,1,493
W02000308,2021,Caerphilly 019,25_34,1,605
W02000308,2021,Caerphilly 019,35_49,1,761
W02000308,2021,Caerphilly 019,50_64,1,856
W02000308,2021,Caerphilly 019,65_plus,1,781
W02000308,2021,Caerphilly 019,16_24,2,467
W02000308,2021,Caerphilly 019,25_34,2,586
W02000308,2021,Caerphilly 019,35_49,2,848
W02000308,2021,Caerphilly 019,50_64,2,977
W02000308,2021,Caerphilly 019,65_plus,2,871
W02000308,2023,Caerphilly 019,16_24,1,474
W02000308,2023,Caerphilly 019,25_34,1,533
W02000308,2023,Caerphilly 019,35_49,1,793
W02000308,2023,Caerphilly 019,50_64,1,815
W02000308,2023,Caerphilly 019,65_plus,1,761
W02000308,2023,Caerphilly 019,16_24,2,454
W02000308,2023,Caerphilly 019,25_34,2,545
W02000308,2023,Caerphilly 019,35_49,2,856
W02000308,2023,Caerphilly 019,50_64,2,945
W02000308,2023,Caerphilly 019,65_plus,2,893
W02000308,2025,Caerphilly 019,16_24,1,503
W02000308,2025,Caerphilly 019,25_34,1,532
W02000308,2025,Caerphilly 019,35_49,1,827
W02000308,2025,Caerphilly 019,50_64,1,799
W02000308,2025,Caerphilly 019,65_plus,1,760
W02000308,2025,Caerphilly 019,16_24,2,480
W02000308,2025,Caerphilly 019,25_34,2,535
W02000308,2025,Caerphilly 019,35_49,2,897
W02000308,2025,Caerphilly 019,50_64,2,920
W02000308,2025,Caerphilly 019,65_plus,2,902
W02000309,2021,Caerphilly 020,16_24,1,362
W02000309,2021,Caerphilly 020,25_34,1,382
W02000309,2021,Caerphilly 020,35_49,1,555
W02000309,2021,Caerphilly 020,50_64,1,667
W02000309,2021,Caerphilly 020,65_plus,1,677
W02000309,2021,Caerphilly 020,16_24,2,333
W02000309,2021,Caerphilly 020,25_34,2,435
W02000309,2021,Caerphilly 020,35_49,2,636
W02000309,2021,Caerphilly 020,50_64,2,696
W02000309,2021,Caerphilly 020,65_plus,2,858
W02000309,2023,Caerphilly 020,16_24,1,343
W02000309,2023,Caerphilly 020,25_34,1,403
W02000309,2023,Caerphilly 020,35_49,1,574
W02000309,2023,Caerphilly 020,50_64,1,663
W02000309,2023,Caerphilly 020,65_plus,1,691
W02000309,2023,Caerphilly 020,16_24,2,327
W02000309,2023,Caerphilly 020,25_34,2,463
W02000309,2023,Caerphilly 020,35_49,2,667
W02000309,2023,Caerphilly 020,50_64,2,692
W02000309,2023,Caerphilly 020,65_plus,2,884
W02000309,2025,Caerphilly 020,16_24,1,384
W02000309,2025,Caerphilly 020,25_34,1,413
W02000309,2025,Caerphilly 020,35_49,1,586
W02000309,2025,Caerphilly 020,50_64,1,659
W02000309,2025,Caerphilly 020,65_plus,1,725
W02000309,2025,Caerphilly 020,16_24,2,354
W02000309,2025,Caerphilly 020,25_34,2,463
W02000309,2025,Caerphilly 020,35_49,2,687
W02000309,2025,Caerphilly 020,50_64,2,724
W02000309,2025,Caerphilly 020,65_plus,2,878
W02000310,2021,Caerphilly 021,16_24,1,303
W02000310,2021,Caerphilly 021,25_34,1,284
W02000310,2021,Caerphilly 021,35_49,1,464
W02000310,2021,Caerphilly 021,50_64,1,583
W02000310,2021,Caerphilly 021,65_plus,1,488
W02000310,2021,Caerphilly 021,16_24,2,264
W02000310,2021,Caerphilly 021,25_34,2,311
W02000310,2021,Caerphilly 021,35_49,2,554
W02000310,2021,Caerphilly 021,50_64,2,607
W02000310,2021,Caerphilly 021,65_plus,2,536
W02000310,2023,Caerphilly 021,16_24,1,267
W02000310,2023,Caerphilly 021,25_34,1,280
W02000310,2023,Caerphilly 021,35_49,1,434
W02000310,2023,Caerphilly 021,50_64,1,580
W02000310,2023,Caerphilly 021,65_plus,1,495
W02000310,2023,Caerphilly 021,16_24,2,252
W02000310,2023,Caerphilly 021,25_34,2,331
W02000310,2023,Caerphilly 021,35_49,2,541
W02000310,2023,Caerphilly 021,50_64,2,617
W02000310,2023,Caerphilly 021,65_plus,2,571
W02000310,2025,Caerphilly 021,16_24,1,260
W02000310,2025,Caerphilly 021,25_34,1,250
W02000310,2025,Caerphilly 021,35_49,1,439
W02000310,2025,Caerphilly 021,50_64,1,586
W02000310,2025,Caerphilly 021,65_plus,1,500
W02000310,2025,Caerphilly 021,16_24,2,257
W02000310,2025,Caerphilly 021,25_34,2,317
W02000310,2025,Caerphilly 021,35_49,2,549
W02000310,2025,Caerphilly 021,50_64,2,609
W02000310,2025,Caerphilly 021,65_plus,2,597
W02000311,2021,Caerphilly 022,16_24,1,500
W02000311,2021,Caerphilly 022,25_34,1,579
W02000311,2021,Caerphilly 022,35_49,1,936
W02000311,2021,Caerphilly 022,50_64,1,885
W02000311,2021,Caerphilly 022,65_plus,1,893
W02000311,2021,Caerphilly 022,16_24,2,530
W02000311,2021,Caerphilly 022,25_34,2,614
W02000311,2021,Caerphilly 022,35_49,2,986
W02000311,2021,Caerphilly 022,50_64,2,977
W02000311,2021,Caerphilly 022,65_plus,2,1100
W02000311,2023,Caerphilly 022,16_24,1,476
W02000311,2023,Caerphilly 022,25_34,1,568
W02000311,2023,Caerphilly 022,35_49,1,945
W02000311,2023,Caerphilly 022,50_64,1,890
W02000311,2023,Caerphilly 022,65_plus,1,952
W02000311,2023,Caerphilly 022,16_24,2,519
W02000311,2023,Caerphilly 022,25_34,2,627
W02000311,2023,Caerphilly 022,35_49,2,1025
W02000311,2023,Caerphilly 022,50_64,2,996
W02000311,2023,Caerphilly 022,65_plus,2,1119
W02000311,2025,Caerphilly 022,16_24,1,524
W02000311,2025,Caerphilly 022,25_34,1,556
W02000311,2025,Caerphilly 022,35_49,1,957
W02000311,2025,Caerphilly 022,50_64,1,900
W02000311,2025,Caerphilly 022,65_plus,1,948
W02000311,2025,Caerphilly 022,16_24,2,533
W02000311,2025,Caerphilly 022,25_34,2,633
W02000311,2025,Caerphilly 022,35_49,2,1055
W02000311,2025,Caerphilly 022,50_64,2,966
W02000311,2025,Caerphilly 022,65_plus,2,1141
W02000312,2021,Caerphilly 023,16_24,1,449
W02000312,2021,Caerphilly 023,25_34,1,394
W02000312,2021,Caerphilly 023,35_49,1,639
W02000312,2021,Caerphilly 023,50_64,1,715
W02000312,2021,Caerphilly 023,65_plus,1,772
W02000312,2021,Caerphilly 023,16_24,2,333
W02000312,2021,Caerphilly 023,25_34,2,457
W02000312,2021,Caerphilly 023,35_49,2,731
W02000312,2021,Caerphilly 023,50_64,2,765
W02000312,2021,Caerphilly 023,65_plus,2,894
W02000312,2023,Caerphilly 023,16_24,1,418
W02000312,2023,Caerphilly 023,25_34,1,451
W02000312,2023,Caerphilly 023,35_49,1,610
W02000312,2023,Caerphilly 023,50_64,1,711
W02000312,2023,Caerphilly 023,65_plus,1,808
W02000312,2023,Caerphilly 023,16_24,2,338
W02000312,2023,Caerphilly 023,25_34,2,455
W02000312,2023,Caerphilly 023,35_49,2,715
W02000312,2023,Caerphilly 023,50_64,2,786
W02000312,2023,Caerphilly 023,65_plus,2,890
W02000312,2025,Caerphilly 023,16_24,1,445
W02000312,2025,Caerphilly 023,25_34,1,456
W02000312,2025,Caerphilly 023,35_49,1,647
W02000312,2025,Caerphilly 023,50_64,1,688
W02000312,2025,Caerphilly 023,65_plus,1,828
W02000312,2025,Caerphilly 023,16_24,2,340
W02000312,2025,Caerphilly 023,25_34,2,483
W02000312,2025,Caerphilly 023,35_49,2,729
W02000312,2025,Caerphilly 023,50_64,2,805
W02000312,2025,Caerphilly 023,65_plus,2,882
W02000313,2021,Caerphilly 024,16_24,1,544
W02000313,2021,Caerphilly 024,25_34,1,632
W02000313,2021,Caerphilly 024,35_49,1,1085
W02000313,2021,Caerphilly 024,50_64,1,1109
W02000313,2021,Caerphilly 024,65_plus,1,834
W02000313,2021,Caerphilly 024,16_24,2,466
W02000313,2021,Caerphilly 024,25_34,2,677
W02000313,2021,Caerphilly 024,35_49,2,1205
W02000313,2021,Caerphilly 024,50_64,2,1033
W02000313,2021,Caerphilly 024,65_plus,2,1074
W02000313,2023,Caerphilly 024,16_24,1,547
W02000313,2023,Caerphilly 024,25_34,1,626
W02000313,2023,Caerphilly 024,35_49,1,1023
W02000313,2023,Caerphilly 024,50_64,1,1090
W02000313,2023,Caerphilly 024,65_plus,1,897
W02000313,2023,Caerphilly 024,16_24,2,451
W02000313,2023,Caerphilly 024,25_34,2,679
W02000313,2023,Caerphilly 024,35_49,2,1149
W02000313,2023,Caerphilly 024,50_64,2,1071
W02000313,2023,Caerphilly 024,65_plus,2,1131
W02000313,2025,Caerphilly 024,16_24,1,584
W02000313,2025,Caerphilly 024,25_34,1,635
W02000313,2025,Caerphilly 024,35_49,1,1001
W02000313,2025,Caerphilly 024,50_64,1,1122
W02000313,2025,Caerphilly 024,65_plus,1,913
W02000313,2025,Caerphilly 024,16_24,2,488
W02000313,2025,Caerphilly 024,25_34,2,652
W02000313,2025,Caerphilly 024,35_49,2,1149
W02000313,2025,Caerphilly 024,50_64,2,1102
W02000313,2025,Caerphilly 024,65_plus,2,1168
W02000314,2021,Blaenau Gwent 001,16_24,1,338
W02000314,2021,Blaenau Gwent 001,25_34,1,372
W02000314,2021,Blaenau Gwent 001,35_49,1,565
W02000314,2021,Blaenau Gwent 001,50_64,1,704
W02000314,2021,Blaenau Gwent 001,65_plus,1,724
W02000314,2021,Blaenau Gwent 001,16_24,2,309
W02000314,2021,Blaenau Gwent 001,25_34,2,420
W02000314,2021,Blaenau Gwent 001,35_49,2,614
W02000314,2021,Blaenau Gwent 001,50_64,2,733
W02000314,2021,Blaenau Gwent 001,65_plus,2,804
W02000314,2023,Blaenau Gwent 001,16_24,1,322
W02000314,2023,Blaenau Gwent 001,25_34,1,369
W02000314,2023,Blaenau Gwent 001,35_49,1,532
W02000314,2023,Blaenau Gwent 001,50_64,1,714
W02000314,2023,Blaenau Gwent 001,65_plus,1,733
W02000314,2023,Blaenau Gwent 001,16_24,2,317
W02000314,2023,Blaenau Gwent 001,25_34,2,438
W02000314,2023,Blaenau Gwent 001,35_49,2,574
W02000314,2023,Blaenau Gwent 001,50_64,2,768
W02000314,2023,Blaenau Gwent 001,65_plus,2,777
W02000314,2025,Blaenau Gwent 001,16_24,1,341
W02000314,2025,Blaenau Gwent 001,25_34,1,391
W02000314,2025,Blaenau Gwent 001,35_49,1,516
W02000314,2025,Blaenau Gwent 001,50_64,1,722
W02000314,2025,Blaenau Gwent 001,65_plus,1,727
W02000314,2025,Blaenau Gwent 001,16_24,2,326
W02000314,2025,Blaenau Gwent 001,25_34,2,407
W02000314,2025,Blaenau Gwent 001,35_49,2,615
W02000314,2025,Blaenau Gwent 001,50_64,2,765
W02000314,2025,Blaenau Gwent 001,65_plus,2,822
W02000315,2021,Blaenau Gwent 002,16_24,1,279
W02000315,2021,Blaenau Gwent 002,25_34,1,375
W02000315,2021,Blaenau Gwent 002,35_49,1,443
W02000315,2021,Blaenau Gwent 002,50_64,1,578
W02000315,2021,Blaenau Gwent 002,65_plus,1,544
W02000315,2021,Blaenau Gwent 002,16_24,2,247
W02000315,2021,Blaenau Gwent 002,25_34,2,362
W02000315,2021,Blaenau Gwent 002,35_49,2,433
W02000315,2021,Blaenau Gwent 002,50_64,2,577
W02000315,2021,Blaenau Gwent 002,65_plus,2,626
W02000315,2023,Blaenau Gwent 002,16_24,1,271
W02000315,2023,Blaenau Gwent 002,25_34,1,366
W02000315,2023,Blaenau Gwent 002,35_49,1,454
W02000315,2023,Blaenau Gwent 002,50_64,1,579
W02000315,2023,Blaenau Gwent 002,65_plus,1,562
W02000315,2023,Blaenau Gwent 002,16_24,2,228
W02000315,2023,Blaenau Gwent 002,25_34,2,348
W02000315,2023,Blaenau Gwent 002,35_49,2,437
W02000315,2023,Blaenau Gwent 002,50_64,2,574
W02000315,2023,Blaenau Gwent 002,65_plus,2,623
W02000315,2025,Blaenau Gwent 002,16_24,1,305
W02000315,2025,Blaenau Gwent 002,25_34,1,388
W02000315,2025,Blaenau Gwent 002,35_49,1,465
W02000315,2025,Blaenau Gwent 002,50_64,1,574
W02000315,2025,Blaenau Gwent 002,65_plus,1,601
W02000315,2025,Blaenau Gwent 002,16_24,2,254
W02000315,2025,Blaenau Gwent 002,25_34,2,351
W02000315,2025,Blaenau Gwent 002,35_49,2,475
W02000315,2025,Blaenau Gwent 002,50_64,2,564
W02000315,2025,Blaenau Gwent 002,65_plus,2,666
W02000316,2021,Blaenau Gwent 003,16_24,1,338
W02000316,2021,Blaenau Gwent 003,25_34,1,393
W02000316,2021,Blaenau Gwent 003,35_49,1,607
W02000316,2021,Blaenau Gwent 003,50_64,1,731
W02000316,2021,Blaenau Gwent 003,65_plus,1,646
W02000316,2021,Blaenau Gwent 003,16_24,2,351
W02000316,2021,Blaenau Gwent 003,25_34,2,440
W02000316,2021,Blaenau Gwent 003,35_49,2,564
W02000316,2021,Blaenau Gwent 003,50_64,2,777
W02000316,2021,Blaenau Gwent 003,65_plus,2,786
W02000316,2023,Blaenau Gwent 003,16_24,1,342
W02000316,2023,Blaenau Gwent 003,25_34,1,386
W02000316,2023,Blaenau Gwent 003,35_49,1,583
W02000316,2023,Blaenau Gwent 003,50_64,1,713
W02000316,2023,Blaenau Gwent 003,65_plus,1,656
W02000316,2023,Blaenau Gwent 003,16_24,2,326
W02000316,2023,Blaenau Gwent 003,25_34,2,449
W02000316,2023,Blaenau Gwent 003,35_49,2,564
W02000316,2023,Blaenau Gwent 003,50_64,2,787
W02000316,2023,Blaenau Gwent 003,65_plus,2,755
W02000316,2025,Blaenau Gwent 003,16_24,1,327
W02000316,2025,Blaenau Gwent 003,25_34,1,391
W02000316,2025,Blaenau Gwent 003,35_49,1,579
W02000316,2025,Blaenau Gwent 003,50_64,1,696
W02000316,2025,Blaenau Gwent 003,65_plus,1,657
W02000316,2025,Blaenau Gwent 003,16_24,2,327
W02000316,2025,Blaenau Gwent 003,25_34,2,434
W02000316,2025,Blaenau Gwent 003,35_49,2,582
W02000316,2025,Blaenau Gwent 003,50_64,2,748
W02000316,2025,Blaenau Gwent 003,65_plus,2,772
W02000317,2021,Blaenau Gwent 004,16_24,1,414
W02000317,2021,Blaenau Gwent 004,25_34,1,495
W02000317,2021,Blaenau Gwent 004,35_49,1,662
W02000317,2021,Blaenau Gwent 004,50_64,1,760
W02000317,2021,Blaenau Gwent 004,65_plus,1,713
W02000317,2021,Blaenau Gwent 004,16_24,2,421
W02000317,2021,Blaenau Gwent 004,25_34,2,527
W02000317,2021,Blaenau Gwent 004,35_49,2,705
W02000317,2021,Blaenau Gwent 004,50_64,2,829
W02000317,2021,Blaenau Gwent 004,65_plus,2,845
W02000317,2023,Blaenau Gwent 004,16_24,1,416
W02000317,2023,Blaenau Gwent 004,25_34,1,484
W02000317,2023,Blaenau Gwent 004,35_49,1,664
W02000317,2023,Blaenau Gwent 004,50_64,1,824
W02000317,2023,Blaenau Gwent 004,65_plus,1,723
W02000317,2023,Blaenau Gwent 004,16_24,2,397
W02000317,2023,Blaenau Gwent 004,25_34,2,561
W02000317,2023,Blaenau Gwent 004,35_49,2,703
W02000317,2023,Blaenau Gwent 004,50_64,2,908
W02000317,2023,Blaenau Gwent 004,65_plus,2,859
W02000317,2025,Blaenau Gwent 004,16_24,1,395
W02000317,2025,Blaenau Gwent 004,25_34,1,491
W02000317,2025,Blaenau Gwent 004,35_49,1,686
W02000317,2025,Blaenau Gwent 004,50_64,1,843
W02000317,2025,Blaenau Gwent 004,65_plus,1,736
W02000317,2025,Blaenau Gwent 004,16_24,2,377
W02000317,2025,Blaenau Gwent 004,25_34,2,606
W02000317,2025,Blaenau Gwent 004,35_49,2,713
W02000317,2025,Blaenau Gwent 004,50_64,2,918
W02000317,2025,Blaenau Gwent 004,65_plus,2,861
W02000318,2021,Blaenau Gwent 005,16_24,1,474
W02000318,2021,Blaenau Gwent 005,25_34,1,525
W02000318,2021,Blaenau Gwent 005,35_49,1,782
W02000318,2021,Blaenau Gwent 005,50_64,1,1043
W02000318,2021,Blaenau Gwent 005,65_plus,1,839
W02000318,2021,Blaenau Gwent 005,16_24,2,530
W02000318,2021,Blaenau Gwent 005,25_34,2,583
W02000318,2021,Blaenau Gwent 005,35_49,2,828
W02000318,2021,Blaenau Gwent 005,50_64,2,1077
W02000318,2021,Blaenau Gwent 005,65_plus,2,927
W02000318,2023,Blaenau Gwent 005,16_24,1,473
W02000318,2023,Blaenau Gwent 005,25_34,1,523
W02000318,2023,Blaenau Gwent 005,35_49,1,755
W02000318,2023,Blaenau Gwent 005,50_64,1,1022
W02000318,2023,Blaenau Gwent 005,65_plus,1,871
W02000318,2023,Blaenau Gwent 005,16_24,2,521
W02000318,2023,Blaenau Gwent 005,25_34,2,571
W02000318,2023,Blaenau Gwent 005,35_49,2,809
W02000318,2023,Blaenau Gwent 005,50_64,2,1072
W02000318,2023,Blaenau Gwent 005,65_plus,2,969
W02000318,2025,Blaenau Gwent 005,16_24,1,502
W02000318,2025,Blaenau Gwent 005,25_34,1,540
W02000318,2025,Blaenau Gwent 005,35_49,1,785
W02000318,2025,Blaenau Gwent 005,50_64,1,1026
W02000318,2025,Blaenau Gwent 005,65_plus,1,864
W02000318,2025,Blaenau Gwent 005,16_24,2,538
W02000318,2025,Blaenau Gwent 005,25_34,2,567
W02000318,2025,Blaenau Gwent 005,35_49,2,854
W02000318,2025,Blaenau Gwent 005,50_64,2,1057
W02000318,2025,Blaenau Gwent 005,65_plus,2,976
W02000319,2021,Blaenau Gwent 006,16_24,1,420
W02000319,2021,Blaenau Gwent 006,25_34,1,535
W02000319,2021,Blaenau Gwent 006,35_49,1,689
W02000319,2021,Blaenau Gwent 006,50_64,1,840
W02000319,2021,Blaenau Gwent 006,65_plus,1,732
W02000319,2021,Blaenau Gwent 006,16_24,2,375
W02000319,2021,Blaenau Gwent 006,25_34,2,590
W02000319,2021,Blaenau Gwent 006,35_49,2,757
W02000319,2021,Blaenau Gwent 006,50_64,2,887
W02000319,2021,Blaenau Gwent 006,65_plus,2,853
W02000319,2023,Blaenau Gwent 006,16_24,1,393
W02000319,2023,Blaenau Gwent 006,25_34,1,560
W02000319,2023,Blaenau Gwent 006,35_49,1,698
W02000319,2023,Blaenau Gwent 006,50_64,1,827
W02000319,2023,Blaenau Gwent 006,65_plus,1,757
W02000319,2023,Blaenau Gwent 006,16_24,2,368
W02000319,2023,Blaenau Gwent 006,25_34,2,600
W02000319,2023,Blaenau Gwent 006,35_49,2,764
W02000319,2023,Blaenau Gwent 006,50_64,2,883
W02000319,2023,Blaenau Gwent 006,65_plus,2,865
W02000319,2025,Blaenau Gwent 006,16_24,1,406
W02000319,2025,Blaenau Gwent 006,25_34,1,562
W02000319,2025,Blaenau Gwent 006,35_49,1,692
W02000319,2025,Blaenau Gwent 006,50_64,1,827
W02000319,2025,Blaenau Gwent 006,65_plus,1,795
W02000319,2025,Blaenau Gwent 006,16_24,2,363
W02000319,2025,Blaenau Gwent 006,25_34,2,607
W02000319,2025,Blaenau Gwent 006,35_49,2,789
W02000319,2025,Blaenau Gwent 006,50_64,2,877
W02000319,2025,Blaenau Gwent 006,65_plus,2,872
W02000320,2021,Blaenau Gwent 007,16_24,1,510
W02000320,2021,Blaenau Gwent 007,25_34,1,592
W02000320,2021,Blaenau Gwent 007,35_49,1,776
W02000320,2021,Blaenau Gwent 007,50_64,1,891
W02000320,2021,Blaenau Gwent 007,65_plus,1,760
W02000320,2021,Blaenau Gwent 007,16_24,2,456
W02000320,2021,Blaenau Gwent 007,25_34,2,557
W02000320,2021,Blaenau Gwent 007,35_49,2,788
W02000320,2021,Blaenau Gwent 007,50_64,2,827
W02000320,2021,Blaenau Gwent 007,65_plus,2,791
W02000320,2023,Blaenau Gwent 007,16_24,1,480
W02000320,2023,Blaenau Gwent 007,25_34,1,569
W02000320,2023,Blaenau Gwent 007,35_49,1,725
W02000320,2023,Blaenau Gwent 007,50_64,1,904
W02000320,2023,Blaenau Gwent 007,65_plus,1,747
W02000320,2023,Blaenau Gwent 007,16_24,2,433
W02000320,2023,Blaenau Gwent 007,25_34,2,566
W02000320,2023,Blaenau Gwent 007,35_49,2,753
W02000320,2023,Blaenau Gwent 007,50_64,2,866
W02000320,2023,Blaenau Gwent 007,65_plus,2,773
W02000320,2025,Blaenau Gwent 007,16_24,1,479
W02000320,2025,Blaenau Gwent 007,25_34,1,554
W02000320,2025,Blaenau Gwent 007,35_49,1,750
W02000320,2025,Blaenau Gwent 007,50_64,1,905
W02000320,2025,Blaenau Gwent 007,65_plus,1,771
W02000320,2025,Blaenau Gwent 007,16_24,2,393
W02000320,2025,Blaenau Gwent 007,25_34,2,576
W02000320,2025,Blaenau Gwent 007,35_49,2,802
W02000320,2025,Blaenau Gwent 007,50_64,2,864
W02000320,2025,Blaenau Gwent 007,65_plus,2,804
W02000321,2021,Blaenau Gwent 008,16_24,1,449
W02000321,2021,Blaenau Gwent 008,25_34,1,569
W02000321,2021,Blaenau Gwent 008,35_49,1,777
W02000321,2021,Blaenau Gwent 008,50_64,1,880
W02000321,2021,Blaenau Gwent 008,65_plus,1,772
W02000321,2021,Blaenau Gwent 008,16_24,2,451
W02000321,2021,Blaenau Gwent 008,25_34,2,685
W02000321,2021,Blaenau Gwent 008,35_49,2,742
W02000321,2021,Blaenau Gwent 008,50_64,2,956
W02000321,2021,Blaenau Gwent 008,65_plus,2,927
W02000321,2023,Blaenau Gwent 008,16_24,1,431
W02000321,2023,Blaenau Gwent 008,25_34,1,532
W02000321,2023,Blaenau Gwent 008,35_49,1,780
W02000321,2023,Blaenau Gwent 008,50_64,1,884
W02000321,2023,Blaenau Gwent 008,65_plus,1,787
W02000321,2023,Blaenau Gwent 008,16_24,2,468
W02000321,2023,Blaenau Gwent 008,25_34,2,659
W02000321,2023,Blaenau Gwent 008,35_49,2,749
W02000321,2023,Blaenau Gwent 008,50_64,2,953
W02000321,2023,Blaenau Gwent 008,65_plus,2,905
W02000321,2025,Blaenau Gwent 008,16_24,1,431
W02000321,2025,Blaenau Gwent 008,25_34,1,512
W02000321,2025,Blaenau Gwent 008,35_49,1,822
W02000321,2025,Blaenau Gwent 008,50_64,1,860
W02000321,2025,Blaenau Gwent 008,65_plus,1,814
W02000321,2025,Blaenau Gwent 008,16_24,2,455
W02000321,2025,Blaenau Gwent 008,25_34,2,647
W02000321,2025,Blaenau Gwent 008,35_49,2,789
W02000321,2025,Blaenau Gwent 008,50_64,2,919
W02000321,2025,Blaenau Gwent 008,65_plus,2,941
W02000322,2021,Blaenau Gwent 009,16_24,1,317
W02000322,2021,Blaenau Gwent 009,25_34,1,467
W02000322,2021,Blaenau Gwent 009,35_49,1,646
W02000322,2021,Blaenau Gwent 009,50_64,1,694
W02000322,2021,Blaenau Gwent 009,65_plus,1,707
W02000322,2021,Blaenau Gwent 009,16_24,2,318
W02000322,2021,Blaenau Gwent 009,25_34,2,507
W02000322,2021,Blaenau Gwent 009,35_49,2,572
W02000322,2021,Blaenau Gwent 009,50_64,2,732
W02000322,2021,Blaenau Gwent 009,65_plus,2,675
W02000322,2023,Blaenau Gwent 009,16_24,1,305
W02000322,2023,Blaenau Gwent 009,25_34,1,462
W02000322,2023,Blaenau Gwent 009,35_49,1,612
W02000322,2023,Blaenau Gwent 009,50_64,1,712
W02000322,2023,Blaenau Gwent 009,65_plus,1,711
W02000322,2023,Blaenau Gwent 009,16_24,2,303
W02000322,2023,Blaenau Gwent 009,25_34,2,500
W02000322,2023,Blaenau Gwent 009,35_49,2,599
W02000322,2023,Blaenau Gwent 009,50_64,2,712
W02000322,2023,Blaenau Gwent 009,65_plus,2,687
W02000322,2025,Blaenau Gwent 009,16_24,1,333
W02000322,2025,Blaenau Gwent 009,25_34,1,453
W02000322,2025,Blaenau Gwent 009,35_49,1,690
W02000322,2025,Blaenau Gwent 009,50_64,1,717
W02000322,2025,Blaenau Gwent 009,65_plus,1,706
W02000322,2025,Blaenau Gwent 009,16_24,2,323
W02000322,2025,Blaenau Gwent 009,25_34,2,497
W02000322,2025,Blaenau Gwent 009,35_49,2,625
W02000322,2025,Blaenau Gwent 009,50_64,2,719
W02000322,2025,Blaenau Gwent 009,65_plus,2,675
W02000323,2021,Torfaen 001,16_24,1,316
W02000323,2021,Torfaen 001,25_34,1,388
W02000323,2021,Torfaen 001,35_49,1,534
W02000323,2021,Torfaen 001,50_64,1,606
W02000323,2021,Torfaen 001,65_plus,1,563
W02000323,2021,Torfaen 001,16_24,2,346
W02000323,2021,Torfaen 001,25_34,2,422
W02000323,2021,Torfaen 001,35_49,2,564
W02000323,2021,Torfaen 001,50_64,2,600
W02000323,2021,Torfaen 001,65_plus,2,631
W02000323,2023,Torfaen 001,16_24,1,313
W02000323,2023,Torfaen 001,25_34,1,385
W02000323,2023,Torfaen 001,35_49,1,537
W02000323,2023,Torfaen 001,50_64,1,629
W02000323,2023,Torfaen 001,65_plus,1,548
W02000323,2023,Torfaen 001,16_24,2,344
W02000323,2023,Torfaen 001,25_34,2,457
W02000323,2023,Torfaen 001,35_49,2,572
W02000323,2023,Torfaen 001,50_64,2,613
W02000323,2023,Torfaen 001,65_plus,2,622
W02000323,2025,Torfaen 001,16_24,1,353
W02000323,2025,Torfaen 001,25_34,1,365
W02000323,2025,Torfaen 001,35_49,1,564
W02000323,2025,Torfaen 001,50_64,1,632
W02000323,2025,Torfaen 001,65_plus,1,557
W02000323,2025,Torfaen 001,16_24,2,349
W02000323,2025,Torfaen 001,25_34,2,437
W02000323,2025,Torfaen 001,35_49,2,599
W02000323,2025,Torfaen 001,50_64,2,625
W02000323,2025,Torfaen 001,65_plus,2,616
W02000324,2021,Torfaen 002,16_24,1,419
W02000324,2021,Torfaen 002,25_34,1,397
W02000324,2021,Torfaen 002,35_49,1,612
W02000324,2021,Torfaen 002,50_64,1,721
W02000324,2021,Torfaen 002,65_plus,1,603
W02000324,2021,Torfaen 002,16_24,2,388
W02000324,2021,Torfaen 002,25_34,2,493
W02000324,2021,Torfaen 002,35_49,2,636
W02000324,2021,Torfaen 002,50_64,2,729
W02000324,2021,Torfaen 002,65_plus,2,738
W02000324,2023,Torfaen 002,16_24,1,421
W02000324,2023,Torfaen 002,25_34,1,397
W02000324,2023,Torfaen 002,35_49,1,577
W02000324,2023,Torfaen 002,50_64,1,724
W02000324,2023,Torfaen 002,65_plus,1,617
W02000324,2023,Torfaen 002,16_24,2,360
W02000324,2023,Torfaen 002,25_34,2,486
W02000324,2023,Torfaen 002,35_49,2,664
W02000324,2023,Torfaen 002,50_64,2,737
W02000324,2023,Torfaen 002,65_plus,2,762
W02000324,2025,Torfaen 002,16_24,1,459
W02000324,2025,Torfaen 002,25_34,1,412
W02000324,2025,Torfaen 002,35_49,1,604
W02000324,2025,Torfaen 002,50_64,1,723
W02000324,2025,Torfaen 002,65_plus,1,620
W02000324,2025,Torfaen 002,16_24,2,378
W02000324,2025,Torfaen 002,25_34,2,459
W02000324,2025,Torfaen 002,35_49,2,690
W02000324,2025,Torfaen 002,50_64,2,737
W02000324,2025,Torfaen 002,65_plus,2,779
W02000325,2021,Torfaen 003,16_24,1,414
W02000325,2021,Torfaen 003,25_34,1,469
W02000325,2021,Torfaen 003,35_49,1,606
W02000325,2021,Torfaen 003,50_64,1,718
W02000325,2021,Torfaen 003,65_plus,1,541
W02000325,2021,Torfaen 003,16_24,2,457
W02000325,2021,Torfaen 003,25_34,2,579
W02000325,2021,Torfaen 003,35_49,2,681
W02000325,2021,Torfaen 003,50_64,2,750
W02000325,2021,Torfaen 003,65_plus,2,641
W02000325,2023,Torfaen 003,16_24,1,397
W02000325,2023,Torfaen 003,25_34,1,487
W02000325,2023,Torfaen 003,35_49,1,582
W02000325,2023,Torfaen 003,50_64,1,727
W02000325,2023,Torfaen 003,65_plus,1,525
W02000325,2023,Torfaen 003,16_24,2,469
W02000325,2023,Torfaen 003,25_34,2,592
W02000325,2023,Torfaen 003,35_49,2,672
W02000325,2023,Torfaen 003,50_64,2,755
W02000325,2023,Torfaen 003,65_plus,2,662
W02000325,2025,Torfaen 003,16_24,1,420
W02000325,2025,Torfaen 003,25_34,1,460
W02000325,2025,Torfaen 003,35_49,1,595
W02000325,2025,Torfaen 003,50_64,1,705
W02000325,2025,Torfaen 003,65_plus,1,545
W02000325,2025,Torfaen 003,16_24,2,442
W02000325,2025,Torfaen 003,25_34,2,551
W02000325,2025,Torfaen 003,35_49,2,741
W02000325,2025,Torfaen 003,50_64,2,740
W02000325,2025,Torfaen 003,65_plus,2,689
W02000326,2021,Torfaen 004,16_24,1,420
W02000326,2021,Torfaen 004,25_34,1,561
W02000326,2021,Torfaen 004,35_49,1,757
W02000326,2021,Torfaen 004,50_64,1,908
W02000326,2021,Torfaen 004,65_plus,1,855
W02000326,2021,Torfaen 004,16_24,2,418
W02000326,2021,Torfaen 004,25_34,2,566
W02000326,2021,Torfaen 004,35_49,2,866
W02000326,2021,Torfaen 004,50_64,2,954
W02000326,2021,Torfaen 004,65_plus,2,1040
W02000326,2023,Torfaen 004,16_24,1,428
W02000326,2023,Torfaen 004,25_34,1,565
W02000326,2023,Torfaen 004,35_49,1,746
W02000326,2023,Torfaen 004,50_64,1,925
W02000326,2023,Torfaen 004,65_plus,1,861
W02000326,2023,Torfaen 004,16_24,2,430
W02000326,2023,Torfaen 004,25_34,2,585
W02000326,2023,Torfaen 004,35_49,2,841
W02000326,2023,Torfaen 004,50_64,2,967
W02000326,2023,Torfaen 004,65_plus,2,1007
W02000326,2025,Torfaen 004,16_24,1,427
W02000326,2025,Torfaen 004,25_34,1,576
W02000326,2025,Torfaen 004,35_49,1,758
W02000326,2025,Torfaen 004,50_64,1,909
W02000326,2025,Torfaen 004,65_plus,1,842
W02000326,2025,Torfaen 004,16_24,2,411
W02000326,2025,Torfaen 004,25_34,2,604
W02000326,2025,Torfaen 004,35_49,2,838
W02000326,2025,Torfaen 004,50_64,2,976
W02000326,2025,Torfaen 004,65_plus,2,1026
W02000327,2021,Torfaen 005,16_24,1,327
W02000327,2021,Torfaen 005,25_34,1,266
W02000327,2021,Torfaen 005,35_49,1,423
W02000327,2021,Torfaen 005,50_64,1,625
W02000327,2021,Torfaen 005,65_plus,1,804
W02000327,2021,Torfaen 005,16_24,2,209
W02000327,2021,Torfaen 005,25_34,2,327
W02000327,2021,Torfaen 005,35_49,2,467
W02000327,2021,Torfaen 005,50_64,2,692
W02000327,2021,Torfaen 005,65_plus,2,910
W02000327,2023,Torfaen 005,16_24,1,309
W02000327,2023,Torfaen 005,25_34,1,300
W02000327,2023,Torfaen 005,35_49,1,389
W02000327,2023,Torfaen 005,50_64,1,644
W02000327,2023,Torfaen 005,65_plus,1,809
W02000327,2023,Torfaen 005,16_24,2,205
W02000327,2023,Torfaen 005,25_34,2,315
W02000327,2023,Torfaen 005,35_49,2,461
W02000327,2023,Torfaen 005,50_64,2,705
W02000327,2023,Torfaen 005,65_plus,2,923
W02000327,2025,Torfaen 005,16_24,1,310
W02000327,2025,Torfaen 005,25_34,1,310
W02000327,2025,Torfaen 005,35_49,1,395
W02000327,2025,Torfaen 005,50_64,1,590
W02000327,2025,Torfaen 005,65_plus,1,822
W02000327,2025,Torfaen 005,16_24,2,198
W02000327,2025,Torfaen 005,25_34,2,306
W02000327,2025,Torfaen 005,35_49,2,449
W02000327,2025,Torfaen 005,50_64,2,682
W02000327,2025,Torfaen 005,65_plus,2,965
W02000328,2021,Torfaen 006,16_24,1,398
W02000328,2021,Torfaen 006,25_34,1,452
W02000328,2021,Torfaen 006,35_49,1,746
W02000328,2021,Torfaen 006,50_64,1,739
W02000328,2021,Torfaen 006,65_plus,1,711
W02000328,2021,Torfaen 006,16_24,2,401
W02000328,2021,Torfaen 006,25_34,2,460
W02000328,2021,Torfaen 006,35_49,2,732
W02000328,2021,Torfaen 006,50_64,2,796
W02000328,2021,Torfaen 006,65_plus,2,840
W02000328,2023,Torfaen 006,16_24,1,387
W02000328,2023,Torfaen 006,25_34,1,452
W02000328,2023,Torfaen 006,35_49,1,690
W02000328,2023,Torfaen 006,50_64,1,763
W02000328,2023,Torfaen 006,65_plus,1,765
W02000328,2023,Torfaen 006,16_24,2,367
W02000328,2023,Torfaen 006,25_34,2,467
W02000328,2023,Torfaen 006,35_49,2,726
W02000328,2023,Torfaen 006,50_64,2,783
W02000328,2023,Torfaen 006,65_plus,2,848
W02000328,2025,Torfaen 006,16_24,1,391
W02000328,2025,Torfaen 006,25_34,1,444
W02000328,2025,Torfaen 006,35_49,1,705
W02000328,2025,Torfaen 006,50_64,1,753
W02000328,2025,Torfaen 006,65_plus,1,808
W02000328,2025,Torfaen 006,16_24,2,363
W02000328,2025,Torfaen 006,25_34,2,494
W02000328,2025,Torfaen 006,35_49,2,741
W02000328,2025,Torfaen 006,50_64,2,787
W02000328,2025,Torfaen 006,65_plus,2,859
W02000329,2021,Torfaen 007,16_24,1,448
W02000329,2021,Torfaen 007,25_34,1,510
W02000329,2021,Torfaen 007,35_49,1,680
W02000329,2021,Torfaen 007,50_64,1,816
W02000329,2021,Torfaen 007,65_plus,1,657
W02000329,2021,Torfaen 007,16_24,2,381
W02000329,2021,Torfaen 007,25_34,2,636
W02000329,2021,Torfaen 007,35_49,2,702
W02000329,2021,Torfaen 007,50_64,2,865
W02000329,2021,Torfaen 007,65_plus,2,815
W02000329,2023,Torfaen 007,16_24,1,456
W02000329,2023,Torfaen 007,25_34,1,589
W02000329,2023,Torfaen 007,35_49,1,735
W02000329,2023,Torfaen 007,50_64,1,849
W02000329,2023,Torfaen 007,65_plus,1,692
W02000329,2023,Torfaen 007,16_24,2,414
W02000329,2023,Torfaen 007,25_34,2,694
W02000329,2023,Torfaen 007,35_49,2,793
W02000329,2023,Torfaen 007,50_64,2,916
W02000329,2023,Torfaen 007,65_plus,2,828
W02000329,2025,Torfaen 007,16_24,1,488
W02000329,2025,Torfaen 007,25_34,1,636
W02000329,2025,Torfaen 007,35_49,1,840
W02000329,2025,Torfaen 007,50_64,1,856
W02000329,2025,Torfaen 007,65_plus,1,727
W02000329,2025,Torfaen 007,16_24,2,427
W02000329,2025,Torfaen 007,25_34,2,729
W02000329,2025,Torfaen 007,35_49,2,912
W02000329,2025,Torfaen 007,50_64,2,919
W02000329,2025,Torfaen 007,65_plus,2,906
W02000330,2021,Torfaen 008,16_24,1,352
W02000330,2021,Torfaen 008,25_34,1,408
W02000330,2021,Torfaen 008,35_49,1,552
W02000330,2021,Torfaen 008,50_64,1,751
W02000330,2021,Torfaen 008,65_plus,1,855
W02000330,2021,Torfaen 008,16_24,2,315
W02000330,2021,Torfaen 008,25_34,2,444
W02000330,2021,Torfaen 008,35_49,2,633
W02000330,2021,Torfaen 008,50_64,2,721
W02000330,2021,Torfaen 008,65_plus,2,1043
W02000330,2023,Torfaen 008,16_24,1,372
W02000330,2023,Torfaen 008,25_34,1,405
W02000330,2023,Torfaen 008,35_49,1,586
W02000330,2023,Torfaen 008,50_64,1,714
W02000330,2023,Torfaen 008,65_plus,1,861
W02000330,2023,Torfaen 008,16_24,2,294
W02000330,2023,Torfaen 008,25_34,2,439
W02000330,2023,Torfaen 008,35_49,2,645
W02000330,2023,Torfaen 008,50_64,2,729
W02000330,2023,Torfaen 008,65_plus,2,1018
W02000330,2025,Torfaen 008,16_24,1,383
W02000330,2025,Torfaen 008,25_34,1,404
W02000330,2025,Torfaen 008,35_49,1,615
W02000330,2025,Torfaen 008,50_64,1,658
W02000330,2025,Torfaen 008,65_plus,1,873
W02000330,2025,Torfaen 008,16_24,2,284
W02000330,2025,Torfaen 008,25_34,2,434
W02000330,2025,Torfaen 008,35_49,2,697
W02000330,2025,Torfaen 008,50_64,2,700
W02000330,2025,Torfaen 008,65_plus,2,1036
W02000331,2021,Torfaen 009,16_24,1,428
W02000331,2021,Torfaen 009,25_34,1,453
W02000331,2021,Torfaen 009,35_49,1,532
W02000331,2021,Torfaen 009,50_64,1,560
W02000331,2021,Torfaen 009,65_plus,1,423
W02000331,2021,Torfaen 009,16_24,2,407
W02000331,2021,Torfaen 009,25_34,2,497
W02000331,2021,Torfaen 009,35_49,2,674
W02000331,2021,Torfaen 009,50_64,2,615
W02000331,2021,Torfaen 009,65_plus,2,549
W02000331,2023,Torfaen 009,16_24,1,418
W02000331,2023,Torfaen 009,25_34,1,408
W02000331,2023,Torfaen 009,35_49,1,546
W02000331,2023,Torfaen 009,50_64,1,558
W02000331,2023,Torfaen 009,65_plus,1,409
W02000331,2023,Torfaen 009,16_24,2,416
W02000331,2023,Torfaen 009,25_34,2,461
W02000331,2023,Torfaen 009,35_49,2,696
W02000331,2023,Torfaen 009,50_64,2,594
W02000331,2023,Torfaen 009,65_plus,2,564
W02000331,2025,Torfaen 009,16_24,1,442
W02000331,2025,Torfaen 009,25_34,1,407
W02000331,2025,Torfaen 009,35_49,1,564
W02000331,2025,Torfaen 009,50_64,1,566
W02000331,2025,Torfaen 009,65_plus,1,422
W02000331,2025,Torfaen 009,16_24,2,417
W02000331,2025,Torfaen 009,25_34,2,440
W02000331,2025,Torfaen 009,35_49,2,741
W02000331,2025,Torfaen 009,50_64,2,580
W02000331,2025,Torfaen 009,65_plus,2,568
W02000332,2021,Torfaen 010,16_24,1,386
W02000332,2021,Torfaen 010,25_34,1,541
W02000332,2021,Torfaen 010,35_49,1,680
W02000332,2021,Torfaen 010,50_64,1,698
W02000332,2021,Torfaen 010,65_plus,1,665
W02000332,2021,Torfaen 010,16_24,2,410
W02000332,2021,Torfaen 010,25_34,2,658
W02000332,2021,Torfaen 010,35_49,2,663
W02000332,2021,Torfaen 010,50_64,2,651
W02000332,2021,Torfaen 010,65_plus,2,844
W02000332,2023,Torfaen 010,16_24,1,367
W02000332,2023,Torfaen 010,25_34,1,574
W02000332,2023,Torfaen 010,35_49,1,739
W02000332,2023,Torfaen 010,50_64,1,733
W02000332,2023,Torfaen 010,65_plus,1,683
W02000332,2023,Torfaen 010,16_24,2,405
W02000332,2023,Torfaen 010,25_34,2,659
W02000332,2023,Torfaen 010,35_49,2,703
W02000332,2023,Torfaen 010,50_64,2,659
W02000332,2023,Torfaen 010,65_plus,2,851
W02000332,2025,Torfaen 010,16_24,1,410
W02000332,2025,Torfaen 010,25_34,1,576
W02000332,2025,Torfaen 010,35_49,1,784
W02000332,2025,Torfaen 010,50_64,1,752
W02000332,2025,Torfaen 010,65_plus,1,677
W02000332,2025,Torfaen 010,16_24,2,376
W02000332,2025,Torfaen 010,25_34,2,653
W02000332,2025,Torfaen 010,35_49,2,785
W02000332,2025,Torfaen 010,50_64,2,683
W02000332,2025,Torfaen 010,65_plus,2,837
W02000333,2021,Torfaen 011,16_24,1,356
W02000333,2021,Torfaen 011,25_34,1,413
W02000333,2021,Torfaen 011,35_49,1,508
W02000333,2021,Torfaen 011,50_64,1,619
W02000333,2021,Torfaen 011,65_plus,1,616
W02000333,2021,Torfaen 011,16_24,2,342
W02000333,2021,Torfaen 011,25_34,2,395
W02000333,2021,Torfaen 011,35_49,2,621
W02000333,2021,Torfaen 011,50_64,2,661
W02000333,2021,Torfaen 011,65_plus,2,705
W02000333,2023,Torfaen 011,16_24,1,347
W02000333,2023,Torfaen 011,25_34,1,407
W02000333,2023,Torfaen 011,35_49,1,507
W02000333,2023,Torfaen 011,50_64,1,625
W02000333,2023,Torfaen 011,65_plus,1,624
W02000333,2023,Torfaen 011,16_24,2,316
W02000333,2023,Torfaen 011,25_34,2,389
W02000333,2023,Torfaen 011,35_49,2,603
W02000333,2023,Torfaen 011,50_64,2,664
W02000333,2023,Torfaen 011,65_plus,2,709
W02000333,2025,Torfaen 011,16_24,1,364
W02000333,2025,Torfaen 011,25_34,1,388
W02000333,2025,Torfaen 011,35_49,1,497
W02000333,2025,Torfaen 011,50_64,1,627
W02000333,2025,Torfaen 011,65_plus,1,643
W02000333,2025,Torfaen 011,16_24,2,316
W02000333,2025,Torfaen 011,25_34,2,380
W02000333,2025,Torfaen 011,35_49,2,588
W02000333,2025,Torfaen 011,50_64,2,662
W02000333,2025,Torfaen 011,65_plus,2,747
W02000334,2021,Torfaen 012,16_24,1,335
W02000334,2021,Torfaen 012,25_34,1,343
W02000334,2021,Torfaen 012,35_49,1,608
W02000334,2021,Torfaen 012,50_64,1,692
W02000334,2021,Torfaen 012,65_plus,1,676
W02000334,2021,Torfaen 012,16_24,2,362
W02000334,2021,Torfaen 012,25_34,2,391
W02000334,2021,Torfaen 012,35_49,2,597
W02000334,2021,Torfaen 012,50_64,2,813
W02000334,2021,Torfaen 012,65_plus,2,761
W02000334,2023,Torfaen 012,16_24,1,320
W02000334,2023,Torfaen 012,25_34,1,353
W02000334,2023,Torfaen 012,35_49,1,563
W02000334,2023,Torfaen 012,50_64,1,688
W02000334,2023,Torfaen 012,65_plus,1,704
W02000334,2023,Torfaen 012,16_24,2,341
W02000334,2023,Torfaen 012,25_34,2,388
W02000334,2023,Torfaen 012,35_49,2,571
W02000334,2023,Torfaen 012,50_64,2,786
W02000334,2023,Torfaen 012,65_plus,2,797
W02000334,2025,Torfaen 012,16_24,1,333
W02000334,2025,Torfaen 012,25_34,1,336
W02000334,2025,Torfaen 012,35_49,1,586
W02000334,2025,Torfaen 012,50_64,1,665
W02000334,2025,Torfaen 012,65_plus,1,736
W02000334,2025,Torfaen 012,16_24,2,343
W02000334,2025,Torfaen 012,25_34,2,369
W02000334,2025,Torfaen 012,35_49,2,581
W02000334,2025,Torfaen 012,50_64,2,763
W02000334,2025,Torfaen 012,65_plus,2,833
W02000335,2021,Torfaen 013,16_24,1,346
W02000335,2021,Torfaen 013,25_34,1,476
W02000335,2021,Torfaen 013,35_49,1,582
W02000335,2021,Torfaen 013,50_64,1,819
W02000335,2021,Torfaen 013,65_plus,1,772
W02000335,2021,Torfaen 013,16_24,2,315
W02000335,2021,Torfaen 013,25_34,2,513
W02000335,2021,Torfaen 013,35_49,2,637
W02000335,2021,Torfaen 013,50_64,2,860
W02000335,2021,Torfaen 013,65_plus,2,924
W02000335,2023,Torfaen 013,16_24,1,340
W02000335,2023,Torfaen 013,25_34,1,503
W02000335,2023,Torfaen 013,35_49,1,647
W02000335,2023,Torfaen 013,50_64,1,801
W02000335,2023,Torfaen 013,65_plus,1,798
W02000335,2023,Torfaen 013,16_24,2,315
W02000335,2023,Torfaen 013,25_34,2,525
W02000335,2023,Torfaen 013,35_49,2,683
W02000335,2023,Torfaen 013,50_64,2,866
W02000335,2023,Torfaen 013,65_plus,2,951
W02000335,2025,Torfaen 013,16_24,1,369
W02000335,2025,Torfaen 013,25_34,1,492
W02000335,2025,Torfaen 013,35_49,1,701
W02000335,2025,Torfaen 013,50_64,1,760
W02000335,2025,Torfaen 013,65_plus,1,834
W02000335,2025,Torfaen 013,16_24,2,340
W02000335,2025,Torfaen 013,25_34,2,515
W02000335,2025,Torfaen 013,35_49,2,727
W02000335,2025,Torfaen 013,50_64,2,851
W02000335,2025,Torfaen 013,65_plus,2,961
W02000336,2021,Monmouthshire 001,16_24,1,355
W02000336,2021,Monmouthshire 001,25_34,1,402
W02000336,2021,Monmouthshire 001,35_49,1,655
W02000336,2021,Monmouthshire 001,50_64,1,988
W02000336,2021,Monmouthshire 001,65_plus,1,1131
W02000336,2021,Monmouthshire 001,16_24,2,348
W02000336,2021,Monmouthshire 001,25_34,2,352
W02000336,2021,Monmouthshire 001,35_49,2,660
W02000336,2021,Monmouthshire 001,50_64,2,1036
W02000336,2021,Monmouthshire 001,65_plus,2,1349
W02000336,2023,Monmouthshire 001,16_24,1,384
W02000336,2023,Monmouthshire 001,25_34,1,414
W02000336,2023,Monmouthshire 001,35_49,1,674
W02000336,2023,Monmouthshire 001,50_64,1,979
W02000336,2023,Monmouthshire 001,65_plus,1,1220
W02000336,2023,Monmouthshire 001,16_24,2,328
W02000336,2023,Monmouthshire 001,25_34,2,403
W02000336,2023,Monmouthshire 001,35_49,2,669
W02000336,2023,Monmouthshire 001,50_64,2,1057
W02000336,2023,Monmouthshire 001,65_plus,2,1437
W02000336,2025,Monmouthshire 001,16_24,1,397
W02000336,2025,Monmouthshire 001,25_34,1,432
W02000336,2025,Monmouthshire 001,35_49,1,723
W02000336,2025,Monmouthshire 001,50_64,1,942
W02000336,2025,Monmouthshire 001,65_plus,1,1245
W02000336,2025,Monmouthshire 001,16_24,2,330
W02000336,2025,Monmouthshire 001,25_34,2,398
W02000336,2025,Monmouthshire 001,35_49,2,690
W02000336,2025,Monmouthshire 001,50_64,2,1022
W02000336,2025,Monmouthshire 001,65_plus,2,1476
W02000337,2021,Monmouthshire 002,16_24,1,372
W02000337,2021,Monmouthshire 002,25_34,1,372
W02000337,2021,Monmouthshire 002,35_49,1,614
W02000337,2021,Monmouthshire 002,50_64,1,771
W02000337,2021,Monmouthshire 002,65_plus,1,807
W02000337,2021,Monmouthshire 002,16_24,2,368
W02000337,2021,Monmouthshire 002,25_34,2,462
W02000337,2021,Monmouthshire 002,35_49,2,717
W02000337,2021,Monmouthshire 002,50_64,2,828
W02000337,2021,Monmouthshire 002,65_plus,2,1003
W02000337,2023,Monmouthshire 002,16_24,1,368
W02000337,2023,Monmouthshire 002,25_34,1,401
W02000337,2023,Monmouthshire 002,35_49,1,605
W02000337,2023,Monmouthshire 002,50_64,1,775
W02000337,2023,Monmouthshire 002,65_plus,1,792
W02000337,2023,Monmouthshire 002,16_24,2,408
W02000337,2023,Monmouthshire 002,25_34,2,471
W02000337,2023,Monmouthshire 002,35_49,2,691
W02000337,2023,Monmouthshire 002,50_64,2,833
W02000337,2023,Monmouthshire 002,65_plus,2,1000
W02000337,2025,Monmouthshire 002,16_24,1,368
W02000337,2025,Monmouthshire 002,25_34,1,438
W02000337,2025,Monmouthshire 002,35_49,1,603
W02000337,2025,Monmouthshire 002,50_64,1,776
W02000337,2025,Monmouthshire 002,65_plus,1,841
W02000337,2025,Monmouthshire 002,16_24,2,411
W02000337,2025,Monmouthshire 002,25_34,2,496
W02000337,2025,Monmouthshire 002,35_49,2,686
W02000337,2025,Monmouthshire 002,50_64,2,858
W02000337,2025,Monmouthshire 002,65_plus,2,1026
W02000338,2021,Monmouthshire 003,16_24,1,375
W02000338,2021,Monmouthshire 003,25_34,1,372
W02000338,2021,Monmouthshire 003,35_49,1,705
W02000338,2021,Monmouthshire 003,50_64,1,937
W02000338,2021,Monmouthshire 003,65_plus,1,1089
W02000338,2021,Monmouthshire 003,16_24,2,335
W02000338,2021,Monmouthshire 003,25_34,2,369
W02000338,2021,Monmouthshire 003,35_49,2,765
W02000338,2021,Monmouthshire 003,50_64,2,982
W02000338,2021,Monmouthshire 003,65_plus,2,1267
W02000338,2023,Monmouthshire 003,16_24,1,364
W02000338,2023,Monmouthshire 003,25_34,1,388
W02000338,2023,Monmouthshire 003,35_49,1,678
W02000338,2023,Monmouthshire 003,50_64,1,968
W02000338,2023,Monmouthshire 003,65_plus,1,1097
W02000338,2023,Monmouthshire 003,16_24,2,306
W02000338,2023,Monmouthshire 003,25_34,2,385
W02000338,2023,Monmouthshire 003,35_49,2,756
W02000338,2023,Monmouthshire 003,50_64,2,997
W02000338,2023,Monmouthshire 003,65_plus,2,1320
W02000338,2025,Monmouthshire 003,16_24,1,376
W02000338,2025,Monmouthshire 003,25_34,1,381
W02000338,2025,Monmouthshire 003,35_49,1,700
W02000338,2025,Monmouthshire 003,50_64,1,962
W02000338,2025,Monmouthshire 003,65_plus,1,1122
W02000338,2025,Monmouthshire 003,16_24,2,305
W02000338,2025,Monmouthshire 003,25_34,2,379
W02000338,2025,Monmouthshire 003,35_49,2,763
W02000338,2025,Monmouthshire 003,50_64,2,1047
W02000338,2025,Monmouthshire 003,65_plus,2,1375
W02000339,2021,Monmouthshire 004,16_24,1,651
W02000339,2021,Monmouthshire 004,25_34,1,514
W02000339,2021,Monmouthshire 004,35_49,1,832
W02000339,2021,Monmouthshire 004,50_64,1,1070
W02000339,2021,Monmouthshire 004,65_plus,1,1347
W02000339,2021,Monmouthshire 004,16_24,2,509
W02000339,2021,Monmouthshire 004,25_34,2,491
W02000339,2021,Monmouthshire 004,35_49,2,967
W02000339,2021,Monmouthshire 004,50_64,2,1246
W02000339,2021,Monmouthshire 004,65_plus,2,1630
W02000339,2023,Monmouthshire 004,16_24,1,632
W02000339,2023,Monmouthshire 004,25_34,1,539
W02000339,2023,Monmouthshire 004,35_49,1,795
W02000339,2023,Monmouthshire 004,50_64,1,1117
W02000339,2023,Monmouthshire 004,65_plus,1,1340
W02000339,2023,Monmouthshire 004,16_24,2,502
W02000339,2023,Monmouthshire 004,25_34,2,504
W02000339,2023,Monmouthshire 004,35_49,2,916
W02000339,2023,Monmouthshire 004,50_64,2,1262
W02000339,2023,Monmouthshire 004,65_plus,2,1647
W02000339,2025,Monmouthshire 004,16_24,1,625
W02000339,2025,Monmouthshire 004,25_34,1,544
W02000339,2025,Monmouthshire 004,35_49,1,785
W02000339,2025,Monmouthshire 004,50_64,1,1146
W02000339,2025,Monmouthshire 004,65_plus,1,1362
W02000339,2025,Monmouthshire 004,16_24,2,517
W02000339,2025,Monmouthshire 004,25_34,2,505
W02000339,2025,Monmouthshire 004,35_49,2,901
W02000339,2025,Monmouthshire 004,50_64,2,1311
W02000339,2025,Monmouthshire 004,65_plus,2,1694
W02000340,2021,Monmouthshire 005,16_24,1,310
W02000340,2021,Monmouthshire 005,25_34,1,248
W02000340,2021,Monmouthshire 005,35_49,1,530
W02000340,2021,Monmouthshire 005,50_64,1,887
W02000340,2021,Monmouthshire 005,65_plus,1,1054
W02000340,2021,Monmouthshire 005,16_24,2,253
W02000340,2021,Monmouthshire 005,25_34,2,235
W02000340,2021,Monmouthshire 005,35_49,2,541
W02000340,2021,Monmouthshire 005,50_64,2,944
W02000340,2021,Monmouthshire 005,65_plus,2,1124
W02000340,2023,Monmouthshire 005,16_24,1,329
W02000340,2023,Monmouthshire 005,25_34,1,264
W02000340,2023,Monmouthshire 005,35_49,1,531
W02000340,2023,Monmouthshire 005,50_64,1,857
W02000340,2023,Monmouthshire 005,65_plus,1,1105
W02000340,2023,Monmouthshire 005,16_24,2,258
W02000340,2023,Monmouthshire 005,25_34,2,243
W02000340,2023,Monmouthshire 005,35_49,2,576
W02000340,2023,Monmouthshire 005,50_64,2,936
W02000340,2023,Monmouthshire 005,65_plus,2,1158
W02000340,2025,Monmouthshire 005,16_24,1,309
W02000340,2025,Monmouthshire 005,25_34,1,273
W02000340,2025,Monmouthshire 005,35_49,1,497
W02000340,2025,Monmouthshire 005,50_64,1,853
W02000340,2025,Monmouthshire 005,65_plus,1,1108
W02000340,2025,Monmouthshire 005,16_24,2,270
W02000340,2025,Monmouthshire 005,25_34,2,250
W02000340,2025,Monmouthshire 005,35_49,2,581
W02000340,2025,Monmouthshire 005,50_64,2,915
W02000340,2025,Monmouthshire 005,65_plus,2,1177
W02000341,2021,Monmouthshire 006,16_24,1,328
W02000341,2021,Monmouthshire 006,25_34,1,419
W02000341,2021,Monmouthshire 006,35_49,1,754
W02000341,2021,Monmouthshire 006,50_64,1,1057
W02000341,2021,Monmouthshire 006,65_plus,1,1185
W02000341,2021,Monmouthshire 006,16_24,2,321
W02000341,2021,Monmouthshire 006,25_34,2,352
W02000341,2021,Monmouthshire 006,35_49,2,615
W02000341,2021,Monmouthshire 006,50_64,2,1044
W02000341,2021,Monmouthshire 006,65_plus,2,1237
W02000341,2023,Monmouthshire 006,16_24,1,304
W02000341,2023,Monmouthshire 006,25_34,1,454
W02000341,2023,Monmouthshire 006,35_49,1,776
W02000341,2023,Monmouthshire 006,50_64,1,1092
W02000341,2023,Monmouthshire 006,65_plus,1,1215
W02000341,2023,Monmouthshire 006,16_24,2,301
W02000341,2023,Monmouthshire 006,25_34,2,333
W02000341,2023,Monmouthshire 006,35_49,2,628
W02000341,2023,Monmouthshire 006,50_64,2,1032
W02000341,2023,Monmouthshire 006,65_plus,2,1278
W02000341,2025,Monmouthshire 006,16_24,1,315
W02000341,2025,Monmouthshire 006,25_34,1,477
W02000341,2025,Monmouthshire 006,35_49,1,740
W02000341,2025,Monmouthshire 006,50_64,1,1023
W02000341,2025,Monmouthshire 006,65_plus,1,1276
W02000341,2025,Monmouthshire 006,16_24,2,296
W02000341,2025,Monmouthshire 006,25_34,2,343
W02000341,2025,Monmouthshire 006,35_49,2,605
W02000341,2025,Monmouthshire 006,50_64,2,1017
W02000341,2025,Monmouthshire 006,65_plus,2,1265
W02000342,2021,Monmouthshire 007,16_24,1,409
W02000342,2021,Monmouthshire 007,25_34,1,302
W02000342,2021,Monmouthshire 007,35_49,1,751
W02000342,2021,Monmouthshire 007,50_64,1,1156
W02000342,2021,Monmouthshire 007,65_plus,1,1240
W02000342,2021,Monmouthshire 007,16_24,2,378
W02000342,2021,Monmouthshire 007,25_34,2,303
W02000342,2021,Monmouthshire 007,35_49,2,877
W02000342,2021,Monmouthshire 007,50_64,2,1203
W02000342,2021,Monmouthshire 007,65_plus,2,1319
W02000342,2023,Monmouthshire 007,16_24,1,415
W02000342,2023,Monmouthshire 007,25_34,1,337
W02000342,2023,Monmouthshire 007,35_49,1,696
W02000342,2023,Monmouthshire 007,50_64,1,1215
W02000342,2023,Monmouthshire 007,65_plus,1,1286
W02000342,2023,Monmouthshire 007,16_24,2,369
W02000342,2023,Monmouthshire 007,25_34,2,288
W02000342,2023,Monmouthshire 007,35_49,2,829
W02000342,2023,Monmouthshire 007,50_64,2,1249
W02000342,2023,Monmouthshire 007,65_plus,2,1384
W02000342,2025,Monmouthshire 007,16_24,1,377
W02000342,2025,Monmouthshire 007,25_34,1,348
W02000342,2025,Monmouthshire 007,35_49,1,682
W02000342,2025,Monmouthshire 007,50_64,1,1178
W02000342,2025,Monmouthshire 007,65_plus,1,1295
W02000342,2025,Monmouthshire 007,16_24,2,366
W02000342,2025,Monmouthshire 007,25_34,2,312
W02000342,2025,Monmouthshire 007,35_49,2,834
W02000342,2025,Monmouthshire 007,50_64,2,1240
W02000342,2025,Monmouthshire 007,65_plus,2,1413
W02000343,2021,Monmouthshire 008,16_24,1,436
W02000343,2021,Monmouthshire 008,25_34,1,555
W02000343,2021,Monmouthshire 008,35_49,1,767
W02000343,2021,Monmouthshire 008,50_64,1,909
W02000343,2021,Monmouthshire 008,65_plus,1,697
W02000343,2021,Monmouthshire 008,16_24,2,423
W02000343,2021,Monmouthshire 008,25_34,2,547
W02000343,2021,Monmouthshire 008,35_49,2,833
W02000343,2021,Monmouthshire 008,50_64,2,884
W02000343,2021,Monmouthshire 008,65_plus,2,888
W02000343,2023,Monmouthshire 008,16_24,1,418
W02000343,2023,Monmouthshire 008,25_34,1,599
W02000343,2023,Monmouthshire 008,35_49,1,782
W02000343,2023,Monmouthshire 008,50_64,1,905
W02000343,2023,Monmouthshire 008,65_plus,1,729
W02000343,2023,Monmouthshire 008,16_24,2,359
W02000343,2023,Monmouthshire 008,25_34,2,589
W02000343,2023,Monmouthshire 008,35_49,2,802
W02000343,2023,Monmouthshire 008,50_64,2,951
W02000343,2023,Monmouthshire 008,65_plus,2,902
W02000343,2025,Monmouthshire 008,16_24,1,432
W02000343,2025,Monmouthshire 008,25_34,1,624
W02000343,2025,Monmouthshire 008,35_49,1,860
W02000343,2025,Monmouthshire 008,50_64,1,940
W02000343,2025,Monmouthshire 008,65_plus,1,752
W02000343,2025,Monmouthshire 008,16_24,2,374
W02000343,2025,Monmouthshire 008,25_34,2,651
W02000343,2025,Monmouthshire 008,35_49,2,919
W02000343,2025,Monmouthshire 008,50_64,2,946
W02000343,2025,Monmouthshire 008,65_plus,2,938
W02000344,2021,Monmouthshire 009,16_24,1,371
W02000344,2021,Monmouthshire 009,25_34,1,391
W02000344,2021,Monmouthshire 009,35_49,1,702
W02000344,2021,Monmouthshire 009,50_64,1,1042
W02000344,2021,Monmouthshire 009,65_plus,1,974
W02000344,2021,Monmouthshire 009,16_24,2,346
W02000344,2021,Monmouthshire 009,25_34,2,387
W02000344,2021,Monmouthshire 009,35_49,2,789
W02000344,2021,Monmouthshire 009,50_64,2,1066
W02000344,2021,Monmouthshire 009,65_plus,2,1054
W02000344,2023,Monmouthshire 009,16_24,1,384
W02000344,2023,Monmouthshire 009,25_34,1,426
W02000344,2023,Monmouthshire 009,35_49,1,696
W02000344,2023,Monmouthshire 009,50_64,1,1069
W02000344,2023,Monmouthshire 009,65_plus,1,1056
W02000344,2023,Monmouthshire 009,16_24,2,349
W02000344,2023,Monmouthshire 009,25_34,2,442
W02000344,2023,Monmouthshire 009,35_49,2,755
W02000344,2023,Monmouthshire 009,50_64,2,1087
W02000344,2023,Monmouthshire 009,65_plus,2,1136
W02000344,2025,Monmouthshire 009,16_24,1,396
W02000344,2025,Monmouthshire 009,25_34,1,452
W02000344,2025,Monmouthshire 009,35_49,1,738
W02000344,2025,Monmouthshire 009,50_64,1,1059
W02000344,2025,Monmouthshire 009,65_plus,1,1105
W02000344,2025,Monmouthshire 009,16_24,2,331
W02000344,2025,Monmouthshire 009,25_34,2,462
W02000344,2025,Monmouthshire 009,35_49,2,788
W02000344,2025,Monmouthshire 009,50_64,2,1125
W02000344,2025,Monmouthshire 009,65_plus,2,1196
W02000345,2021,Monmouthshire 010,16_24,1,372
W02000345,2021,Monmouthshire 010,25_34,1,486
W02000345,2021,Monmouthshire 010,35_49,1,644
W02000345,2021,Monmouthshire 010,50_64,1,808
W02000345,2021,Monmouthshire 010,65_plus,1,831
W02000345,2021,Monmouthshire 010,16_24,2,376
W02000345,2021,Monmouthshire 010,25_34,2,529
W02000345,2021,Monmouthshire 010,35_49,2,695
W02000345,2021,Monmouthshire 010,50_64,2,822
W02000345,2021,Monmouthshire 010,65_plus,2,1036
W02000345,2023,Monmouthshire 010,16_24,1,380
W02000345,2023,Monmouthshire 010,25_34,1,463
W02000345,2023,Monmouthshire 010,35_49,1,638
W02000345,2023,Monmouthshire 010,50_64,1,814
W02000345,2023,Monmouthshire 010,65_plus,1,839
W02000345,2023,Monmouthshire 010,16_24,2,384
W02000345,2023,Monmouthshire 010,25_34,2,526
W02000345,2023,Monmouthshire 010,35_49,2,727
W02000345,2023,Monmouthshire 010,50_64,2,832
W02000345,2023,Monmouthshire 010,65_plus,2,1067
W02000345,2025,Monmouthshire 010,16_24,1,372
W02000345,2025,Monmouthshire 010,25_34,1,457
W02000345,2025,Monmouthshire 010,35_49,1,665
W02000345,2025,Monmouthshire 010,50_64,1,763
W02000345,2025,Monmouthshire 010,65_plus,1,874
W02000345,2025,Monmouthshire 010,16_24,2,383
W02000345,2025,Monmouthshire 010,25_34,2,486
W02000345,2025,Monmouthshire 010,35_49,2,761
W02000345,2025,Monmouthshire 010,50_64,2,813
W02000345,2025,Monmouthshire 010,65_plus,2,1080
W02000346,2021,Monmouthshire 011,16_24,1,430
W02000346,2021,Monmouthshire 011,25_34,1,437
W02000346,2021,Monmouthshire 011,35_49,1,739
W02000346,2021,Monmouthshire 011,50_64,1,889
W02000346,2021,Monmouthshire 011,65_plus,1,711
W02000346,2021,Monmouthshire 011,16_24,2,399
W02000346,2021,Monmouthshire 011,25_34,2,471
W02000346,2021,Monmouthshire 011,35_49,2,773
W02000346,2021,Monmouthshire 011,50_64,2,936
W02000346,2021,Monmouthshire 011,65_plus,2,789
W02000346,2023,Monmouthshire 011,16_24,1,453
W02000346,2023,Monmouthshire 011,25_34,1,497
W02000346,2023,Monmouthshire 011,35_49,1,734
W02000346,2023,Monmouthshire 011,50_64,1,931
W02000346,2023,Monmouthshire 011,65_plus,1,714
W02000346,2023,Monmouthshire 011,16_24,2,413
W02000346,2023,Monmouthshire 011,25_34,2,512
W02000346,2023,Monmouthshire 011,35_49,2,824
W02000346,2023,Monmouthshire 011,50_64,2,993
W02000346,2023,Monmouthshire 011,65_plus,2,830
W02000346,2025,Monmouthshire 011,16_24,1,440
W02000346,2025,Monmouthshire 011,25_34,1,493
W02000346,2025,Monmouthshire 011,35_49,1,734
W02000346,2025,Monmouthshire 011,50_64,1,928
W02000346,2025,Monmouthshire 011,65_plus,1,748
W02000346,2025,Monmouthshire 011,16_24,2,400
W02000346,2025,Monmouthshire 011,25_34,2,501
W02000346,2025,Monmouthshire 011,35_49,2,793
W02000346,2025,Monmouthshire 011,50_64,2,978
W02000346,2025,Monmouthshire 011,65_plus,2,855
W02000347,2021,Newport 001,16_24,1,356
W02000347,2021,Newport 001,25_34,1,392
W02000347,2021,Newport 001,35_49,1,637
W02000347,2021,Newport 001,50_64,1,917
W02000347,2021,Newport 001,65_plus,1,876
W02000347,2021,Newport 001,16_24,2,377
W02000347,2021,Newport 001,25_34,2,398
W02000347,2021,Newport 001,35_49,2,733
W02000347,2021,Newport 001,50_64,2,929
W02000347,2021,Newport 001,65_plus,2,1137
W02000347,2023,Newport 001,16_24,1,351
W02000347,2023,Newport 001,25_34,1,387
W02000347,2023,Newport 001,35_49,1,627
W02000347,2023,Newport 001,50_64,1,882
W02000347,2023,Newport 001,65_plus,1,904
W02000347,2023,Newport 001,16_24,2,371
W02000347,2023,Newport 001,25_34,2,417
W02000347,2023,Newport 001,35_49,2,703
W02000347,2023,Newport 001,50_64,2,927
W02000347,2023,Newport 001,65_plus,2,1157
W02000347,2025,Newport 001,16_24,1,354
W02000347,2025,Newport 001,25_34,1,391
W02000347,2025,Newport 001,35_49,1,655
W02000347,2025,Newport 001,50_64,1,834
W02000347,2025,Newport 001,65_plus,1,932
W02000347,2025,Newport 001,16_24,2,353
W02000347,2025,Newport 001,25_34,2,403
W02000347,2025,Newport 001,35_49,2,712
W02000347,2025,Newport 001,50_64,2,907
W02000347,2025,Newport 001,65_plus,2,1210
W02000348,2021,Newport 002,16_24,1,382
W02000348,2021,Newport 002,25_34,1,431
W02000348,2021,Newport 002,35_49,1,621
W02000348,2021,Newport 002,50_64,1,720
W02000348,2021,Newport 002,65_plus,1,850
W02000348,2021,Newport 002,16_24,2,408
W02000348,2021,Newport 002,25_34,2,475
W02000348,2021,Newport 002,35_49,2,663
W02000348,2021,Newport 002,50_64,2,838
W02000348,2021,Newport 002,65_plus,2,1011
W02000348,2023,Newport 002,16_24,1,373
W02000348,2023,Newport 002,25_34,1,440
W02000348,2023,Newport 002,35_49,1,598
W02000348,2023,Newport 002,50_64,1,731
W02000348,2023,Newport 002,65_plus,1,839
W02000348,2023,Newport 002,16_24,2,390
W02000348,2023,Newport 002,25_34,2,482
W02000348,2023,Newport 002,35_49,2,656
W02000348,2023,Newport 002,50_64,2,881
W02000348,2023,Newport 002,65_plus,2,1010
W02000348,2025,Newport 002,16_24,1,413
W02000348,2025,Newport 002,25_34,1,435
W02000348,2025,Newport 002,35_49,1,601
W02000348,2025,Newport 002,50_64,1,744
W02000348,2025,Newport 002,65_plus,1,838
W02000348,2025,Newport 002,16_24,2,338
W02000348,2025,Newport 002,25_34,2,501
W02000348,2025,Newport 002,35_49,2,668
W02000348,2025,Newport 002,50_64,2,882
W02000348,2025,Newport 002,65_plus,2,1026
W02000349,2021,Newport 003,16_24,1,457
W02000349,2021,Newport 003,25_34,1,627
W02000349,2021,Newport 003,35_49,1,677
W02000349,2021,Newport 003,50_64,1,779
W02000349,2021,Newport 003,65_plus,1,619
W02000349,2021,Newport 003,16_24,2,551
W02000349,2021,Newport 003,25_34,2,679
W02000349,2021,Newport 003,35_49,2,760
W02000349,2021,Newport 003,50_64,2,835
W02000349,2021,Newport 003,65_plus,2,750
W02000349,2023,Newport 003,16_24,1,454
W02000349,2023,Newport 003,25_34,1,579
W02000349,2023,Newport 003,35_49,1,664
W02000349,2023,Newport 003,50_64,1,811
W02000349,2023,Newport 003,65_plus,1,594
W02000349,2023,Newport 003,16_24,2,510
W02000349,2023,Newport 003,25_34,2,675
W02000349,2023,Newport 003,35_49,2,773
W02000349,2023,Newport 003,50_64,2,851
W02000349,2023,Newport 003,65_plus,2,728
W02000349,2025,Newport 003,16_24,1,451
W02000349,2025,Newport 003,25_34,1,595
W02000349,2025,Newport 003,35_49,1,734
W02000349,2025,Newport 003,50_64,1,795
W02000349,2025,Newport 003,65_plus,1,578
W02000349,2025,Newport 003,16_24,2,524
W02000349,2025,Newport 003,25_34,2,658
W02000349,2025,Newport 003,35_49,2,810
W02000349,2025,Newport 003,50_64,2,876
W02000349,2025,Newport 003,65_plus,2,707
W02000350,2021,Newport 004,16_24,1,464
W02000350,2021,Newport 004,25_34,1,658
W02000350,2021,Newport 004,35_49,1,856
W02000350,2021,Newport 004,50_64,1,1034
W02000350,2021,Newport 004,65_plus,1,843
W02000350,2021,Newport 004,16_24,2,398
W02000350,2021,Newport 004,25_34,2,774
W02000350,2021,Newport 004,35_49,2,906
W02000350,2021,Newport 004,50_64,2,1057
W02000350,2021,Newport 004,65_plus,2,903
W02000350,2023,Newport 004,16_24,1,513
W02000350,2023,Newport 004,25_34,1,765
W02000350,2023,Newport 004,35_49,1,971
W02000350,2023,Newport 004,50_64,1,1073
W02000350,2023,Newport 004,65_plus,1,884
W02000350,2023,Newport 004,16_24,2,393
W02000350,2023,Newport 004,25_34,2,873
W02000350,2023,Newport 004,35_49,2,1031
W02000350,2023,Newport 004,50_64,2,1113
W02000350,2023,Newport 004,65_plus,2,954
W02000350,2025,Newport 004,16_24,1,552
W02000350,2025,Newport 004,25_34,1,845
W02000350,2025,Newport 004,35_49,1,1144
W02000350,2025,Newport 004,50_64,1,1098
W02000350,2025,Newport 004,65_plus,1,971
W02000350,2025,Newport 004,16_24,2,439
W02000350,2025,Newport 004,25_34,2,969
W02000350,2025,Newport 004,35_49,2,1227
W02000350,2025,Newport 004,50_64,2,1150
W02000350,2025,Newport 004,65_plus,2,1018
W02000351,2021,Newport 005,16_24,1,303
W02000351,2021,Newport 005,25_34,1,365
W02000351,2021,Newport 005,35_49,1,581
W02000351,2021,Newport 005,50_64,1,595
W02000351,2021,Newport 005,65_plus,1,541
W02000351,2021,Newport 005,16_24,2,335
W02000351,2021,Newport 005,25_34,2,457
W02000351,2021,Newport 005,35_49,2,572
W02000351,2021,Newport 005,50_64,2,617
W02000351,2021,Newport 005,65_plus,2,627
W02000351,2023,Newport 005,16_24,1,282
W02000351,2023,Newport 005,25_34,1,389
W02000351,2023,Newport 005,35_49,1,573
W02000351,2023,Newport 005,50_64,1,596
W02000351,2023,Newport 005,65_plus,1,544
W02000351,2023,Newport 005,16_24,2,327
W02000351,2023,Newport 005,25_34,2,451
W02000351,2023,Newport 005,35_49,2,582
W02000351,2023,Newport 005,50_64,2,591
W02000351,2023,Newport 005,65_plus,2,641
W02000351,2025,Newport 005,16_24,1,297
W02000351,2025,Newport 005,25_34,1,392
W02000351,2025,Newport 005,35_49,1,627
W02000351,2025,Newport 005,50_64,1,592
W02000351,2025,Newport 005,65_plus,1,550
W02000351,2025,Newport 005,16_24,2,325
W02000351,2025,Newport 005,25_34,2,423
W02000351,2025,Newport 005,35_49,2,610
W02000351,2025,Newport 005,50_64,2,572
W02000351,2025,Newport 005,65_plus,2,648
W02000352,2021,Newport 006,16_24,1,383
W02000352,2021,Newport 006,25_34,1,479
W02000352,2021,Newport 006,35_49,1,664
W02000352,2021,Newport 006,50_64,1,610
W02000352,2021,Newport 006,65_plus,1,478
W02000352,2021,Newport 006,16_24,2,339
W02000352,2021,Newport 006,25_34,2,538
W02000352,2021,Newport 006,35_49,2,674
W02000352,2021,Newport 006,50_64,2,706
W02000352,2021,Newport 006,65_plus,2,516
W02000352,2023,Newport 006,16_24,1,423
W02000352,2023,Newport 006,25_34,1,472
W02000352,2023,Newport 006,35_49,1,691
W02000352,2023,Newport 006,50_64,1,598
W02000352,2023,Newport 006,65_plus,1,468
W02000352,2023,Newport 006,16_24,2,365
W02000352,2023,Newport 006,25_34,2,576
W02000352,2023,Newport 006,35_49,2,681
W02000352,2023,Newport 006,50_64,2,695
W02000352,2023,Newport 006,65_plus,2,509
W02000352,2025,Newport 006,16_24,1,398
W02000352,2025,Newport 006,25_34,1,469
W02000352,2025,Newport 006,35_49,1,719
W02000352,2025,Newport 006,50_64,1,624
W02000352,2025,Newport 006,65_plus,1,484
W02000352,2025,Newport 006,16_24,2,341
W02000352,2025,Newport 006,25_34,2,575
W02000352,2025,Newport 006,35_49,2,714
W02000352,2025,Newport 006,50_64,2,679
W02000352,2025,Newport 006,65_plus,2,531
W02000353,2021,Newport 007,16_24,1,417
W02000353,2021,Newport 007,25_34,1,590
W02000353,2021,Newport 007,35_49,1,691
W02000353,2021,Newport 007,50_64,1,662
W02000353,2021,Newport 007,65_plus,1,514
W02000353,2021,Newport 007,16_24,2,427
W02000353,2021,Newport 007,25_34,2,528
W02000353,2021,Newport 007,35_49,2,788
W02000353,2021,Newport 007,50_64,2,680
W02000353,2021,Newport 007,65_plus,2,600
W02000353,2023,Newport 007,16_24,1,392
W02000353,2023,Newport 007,25_34,1,657
W02000353,2023,Newport 007,35_49,1,745
W02000353,2023,Newport 007,50_64,1,701
W02000353,2023,Newport 007,65_plus,1,514
W02000353,2023,Newport 007,16_24,2,449
W02000353,2023,Newport 007,25_34,2,555
W02000353,2023,Newport 007,35_49,2,784
W02000353,2023,Newport 007,50_64,2,713
W02000353,2023,Newport 007,65_plus,2,588
W02000353,2025,Newport 007,16_24,1,414
W02000353,2025,Newport 007,25_34,1,672
W02000353,2025,Newport 007,35_49,1,843
W02000353,2025,Newport 007,50_64,1,701
W02000353,2025,Newport 007,65_plus,1,555
W02000353,2025,Newport 007,16_24,2,426
W02000353,2025,Newport 007,25_34,2,613
W02000353,2025,Newport 007,35_49,2,853
W02000353,2025,Newport 007,50_64,2,708
W02000353,2025,Newport 007,65_plus,2,601
W02000354,2021,Newport 008,16_24,1,304
W02000354,2021,Newport 008,25_34,1,380
W02000354,2021,Newport 008,35_49,1,475
W02000354,2021,Newport 008,50_64,1,617
W02000354,2021,Newport 008,65_plus,1,578
W02000354,2021,Newport 008,16_24,2,279
W02000354,2021,Newport 008,25_34,2,383
W02000354,2021,Newport 008,35_49,2,473
W02000354,2021,Newport 008,50_64,2,686
W02000354,2021,Newport 008,65_plus,2,817
W02000354,2023,Newport 008,16_24,1,296
W02000354,2023,Newport 008,25_34,1,380
W02000354,2023,Newport 008,35_49,1,460
W02000354,2023,Newport 008,50_64,1,600
W02000354,2023,Newport 008,65_plus,1,590
W02000354,2023,Newport 008,16_24,2,256
W02000354,2023,Newport 008,25_34,2,348
W02000354,2023,Newport 008,35_49,2,492
W02000354,2023,Newport 008,50_64,2,686
W02000354,2023,Newport 008,65_plus,2,828
W02000354,2025,Newport 008,16_24,1,311
W02000354,2025,Newport 008,25_34,1,382
W02000354,2025,Newport 008,35_49,1,502
W02000354,2025,Newport 008,50_64,1,554
W02000354,2025,Newport 008,65_plus,1,641
W02000354,2025,Newport 008,16_24,2,239
W02000354,2025,Newport 008,25_34,2,375
W02000354,2025,Newport 008,35_49,2,516
W02000354,2025,Newport 008,50_64,2,687
W02000354,2025,Newport 008,65_plus,2,854
W02000355,2021,Newport 009,16_24,1,498
W02000355,2021,Newport 009,25_34,1,616
W02000355,2021,Newport 009,35_49,1,977
W02000355,2021,Newport 009,50_64,1,948
W02000355,2021,Newport 009,65_plus,1,888
W02000355,2021,Newport 009,16_24,2,440
W02000355,2021,Newport 009,25_34,2,681
W02000355,2021,Newport 009,35_49,2,1041
W02000355,2021,Newport 009,50_64,2,953
W02000355,2021,Newport 009,65_plus,2,1070
W02000355,2023,Newport 009,16_24,1,529
W02000355,2023,Newport 009,25_34,1,609
W02000355,2023,Newport 009,35_49,1,1021
W02000355,2023,Newport 009,50_64,1,980
W02000355,2023,Newport 009,65_plus,1,910
W02000355,2023,Newport 009,16_24,2,464
W02000355,2023,Newport 009,25_34,2,685
W02000355,2023,Newport 009,35_49,2,1093
W02000355,2023,Newport 009,50_64,2,968
W02000355,2023,Newport 009,65_plus,2,1083
W02000355,2025,Newport 009,16_24,1,578
W02000355,2025,Newport 009,25_34,1,599
W02000355,2025,Newport 009,35_49,1,1075
W02000355,2025,Newport 009,50_64,1,972
W02000355,2025,Newport 009,65_plus,1,950
W02000355,2025,Newport 009,16_24,2,491
W02000355,2025,Newport 009,25_34,2,612
W02000355,2025,Newport 009,35_49,2,1157
W02000355,2025,Newport 009,50_64,2,980
W02000355,2025,Newport 009,65_plus,2,1147
W02000356,2021,Newport 010,16_24,1,375
W02000356,2021,Newport 010,25_34,1,347
W02000356,2021,Newport 010,35_49,1,363
W02000356,2021,Newport 010,50_64,1,483
W02000356,2021,Newport 010,65_plus,1,371
W02000356,2021,Newport 010,16_24,2,289
W02000356,2021,Newport 010,25_34,2,403
W02000356,2021,Newport 010,35_49,2,467
W02000356,2021,Newport 010,50_64,2,514
W02000356,2021,Newport 010,65_plus,2,446
W02000356,2023,Newport 010,16_24,1,408
W02000356,2023,Newport 010,25_34,1,329
W02000356,2023,Newport 010,35_49,1,387
W02000356,2023,Newport 010,50_64,1,465
W02000356,2023,Newport 010,65_plus,1,380
W02000356,2023,Newport 010,16_24,2,286
W02000356,2023,Newport 010,25_34,2,392
W02000356,2023,Newport 010,35_49,2,502
W02000356,2023,Newport 010,50_64,2,504
W02000356,2023,Newport 010,65_plus,2,445
W02000356,2025,Newport 010,16_24,1,416
W02000356,2025,Newport 010,25_34,1,320
W02000356,2025,Newport 010,35_49,1,440
W02000356,2025,Newport 010,50_64,1,425
W02000356,2025,Newport 010,65_plus,1,390
W02000356,2025,Newport 010,16_24,2,295
W02000356,2025,Newport 010,25_34,2,379
W02000356,2025,Newport 010,35_49,2,567
W02000356,2025,Newport 010,50_64,2,491
W02000356,2025,Newport 010,65_plus,2,432
W02000357,2021,Newport 011,16_24,1,539
W02000357,2021,Newport 011,25_34,1,737
W02000357,2021,Newport 011,35_49,1,830
W02000357,2021,Newport 011,50_64,1,780
W02000357,2021,Newport 011,65_plus,1,524
W02000357,2021,Newport 011,16_24,2,402
W02000357,2021,Newport 011,25_34,2,716
W02000357,2021,Newport 011,35_49,2,781
W02000357,2021,Newport 011,50_64,2,754
W02000357,2021,Newport 011,65_plus,2,623
W02000357,2023,Newport 011,16_24,1,568
W02000357,2023,Newport 011,25_34,1,773
W02000357,2023,Newport 011,35_49,1,872
W02000357,2023,Newport 011,50_64,1,793
W02000357,2023,Newport 011,65_plus,1,541
W02000357,2023,Newport 011,16_24,2,376
W02000357,2023,Newport 011,25_34,2,703
W02000357,2023,Newport 011,35_49,2,803
W02000357,2023,Newport 011,50_64,2,786
W02000357,2023,Newport 011,65_plus,2,620
W02000357,2025,Newport 011,16_24,1,556
W02000357,2025,Newport 011,25_34,1,867
W02000357,2025,Newport 011,35_49,1,920
W02000357,2025,Newport 011,50_64,1,784
W02000357,2025,Newport 011,65_plus,1,559
W02000357,2025,Newport 011,16_24,2,369
W02000357,2025,Newport 011,25_34,2,770
W02000357,2025,Newport 011,35_49,2,796
W02000357,2025,Newport 011,50_64,2,769
W02000357,2025,Newport 011,65_plus,2,647
W02000358,2021,Newport 012,16_24,1,341
W02000358,2021,Newport 012,25_34,1,373
W02000358,2021,Newport 012,35_49,1,631
W02000358,2021,Newport 012,50_64,1,688
W02000358,2021,Newport 012,65_plus,1,665
W02000358,2021,Newport 012,16_24,2,310
W02000358,2021,Newport 012,25_34,2,349
W02000358,2021,Newport 012,35_49,2,669
W02000358,2021,Newport 012,50_64,2,662
W02000358,2021,Newport 012,65_plus,2,845
W02000358,2023,Newport 012,16_24,1,361
W02000358,2023,Newport 012,25_34,1,395
W02000358,2023,Newport 012,35_49,1,639
W02000358,2023,Newport 012,50_64,1,686
W02000358,2023,Newport 012,65_plus,1,647
W02000358,2023,Newport 012,16_24,2,336
W02000358,2023,Newport 012,25_34,2,348
W02000358,2023,Newport 012,35_49,2,695
W02000358,2023,Newport 012,50_64,2,693
W02000358,2023,Newport 012,65_plus,2,855
W02000358,2025,Newport 012,16_24,1,402
W02000358,2025,Newport 012,25_34,1,401
W02000358,2025,Newport 012,35_49,1,682
W02000358,2025,Newport 012,50_64,1,672
W02000358,2025,Newport 012,65_plus,1,673
W02000358,2025,Newport 012,16_24,2,315
W02000358,2025,Newport 012,25_34,2,373
W02000358,2025,Newport 012,35_49,2,756
W02000358,2025,Newport 012,50_64,2,701
W02000358,2025,Newport 012,65_plus,2,859
W02000359,2021,Newport 013,16_24,1,692
W02000359,2021,Newport 013,25_34,1,1146
W02000359,2021,Newport 013,35_49,1,1329
W02000359,2021,Newport 013,50_64,1,920
W02000359,2021,Newport 013,65_plus,1,462
W02000359,2021,Newport 013,16_24,2,743
W02000359,2021,Newport 013,25_34,2,1237
W02000359,2021,Newport 013,35_49,2,1202
W02000359,2021,Newport 013,50_64,2,845
W02000359,2021,Newport 013,65_plus,2,508
W02000359,2023,Newport 013,16_24,1,721
W02000359,2023,Newport 013,25_34,1,1228
W02000359,2023,Newport 013,35_49,1,1407
W02000359,2023,Newport 013,50_64,1,917
W02000359,2023,Newport 013,65_plus,1,455
W02000359,2023,Newport 013,16_24,2,739
W02000359,2023,Newport 013,25_34,2,1204
W02000359,2023,Newport 013,35_49,2,1321
W02000359,2023,Newport 013,50_64,2,867
W02000359,2023,Newport 013,65_plus,2,475
W02000359,2025,Newport 013,16_24,1,775
W02000359,2025,Newport 013,25_34,1,1261
W02000359,2025,Newport 013,35_49,1,1554
W02000359,2025,Newport 013,50_64,1,936
W02000359,2025,Newport 013,65_plus,1,499
W02000359,2025,Newport 013,16_24,2,763
W02000359,2025,Newport 013,25_34,2,1243
W02000359,2025,Newport 013,35_49,2,1405
W02000359,2025,Newport 013,50_64,2,870
W02000359,2025,Newport 013,65_plus,2,524
W02000360,2021,Newport 014,16_24,1,405
W02000360,2021,Newport 014,25_34,1,726
W02000360,2021,Newport 014,35_49,1,816
W02000360,2021,Newport 014,50_64,1,697
W02000360,2021,Newport 014,65_plus,1,494
W02000360,2021,Newport 014,16_24,2,359
W02000360,2021,Newport 014,25_34,2,545
W02000360,2021,Newport 014,35_49,2,649
W02000360,2021,Newport 014,50_64,2,542
W02000360,2021,Newport 014,65_plus,2,597
W02000360,2023,Newport 014,16_24,1,403
W02000360,2023,Newport 014,25_34,1,746
W02000360,2023,Newport 014,35_49,1,851
W02000360,2023,Newport 014,50_64,1,759
W02000360,2023,Newport 014,65_plus,1,497
W02000360,2023,Newport 014,16_24,2,358
W02000360,2023,Newport 014,25_34,2,564
W02000360,2023,Newport 014,35_49,2,675
W02000360,2023,Newport 014,50_64,2,557
W02000360,2023,Newport 014,65_plus,2,616
W02000360,2025,Newport 014,16_24,1,449
W02000360,2025,Newport 014,25_34,1,877
W02000360,2025,Newport 014,35_49,1,966
W02000360,2025,Newport 014,50_64,1,781
W02000360,2025,Newport 014,65_plus,1,514
W02000360,2025,Newport 014,16_24,2,409
W02000360,2025,Newport 014,25_34,2,689
W02000360,2025,Newport 014,35_49,2,744
W02000360,2025,Newport 014,50_64,2,575
W02000360,2025,Newport 014,65_plus,2,628
W02000361,2021,Newport 015,16_24,1,718
W02000361,2021,Newport 015,25_34,1,860
W02000361,2021,Newport 015,35_49,1,1019
W02000361,2021,Newport 015,50_64,1,972
W02000361,2021,Newport 015,65_plus,1,810
W02000361,2021,Newport 015,16_24,2,743
W02000361,2021,Newport 015,25_34,2,1018
W02000361,2021,Newport 015,35_49,2,1038
W02000361,2021,Newport 015,50_64,2,1114
W02000361,2021,Newport 015,65_plus,2,944
W02000361,2023,Newport 015,16_24,1,660
W02000361,2023,Newport 015,25_34,1,936
W02000361,2023,Newport 015,35_49,1,1115
W02000361,2023,Newport 015,50_64,1,942
W02000361,2023,Newport 015,65_plus,1,857
W02000361,2023,Newport 015,16_24,2,705
W02000361,2023,Newport 015,25_34,2,1005
W02000361,2023,Newport 015,35_49,2,1086
W02000361,2023,Newport 015,50_64,2,1128
W02000361,2023,Newport 015,65_plus,2,938
W02000361,2025,Newport 015,16_24,1,716
W02000361,2025,Newport 015,25_34,1,962
W02000361,2025,Newport 015,35_49,1,1193
W02000361,2025,Newport 015,50_64,1,933
W02000361,2025,Newport 015,65_plus,1,854
W02000361,2025,Newport 015,16_24,2,677
W02000361,2025,Newport 015,25_34,2,1020
W02000361,2025,Newport 015,35_49,2,1179
W02000361,2025,Newport 015,50_64,2,1145
W02000361,2025,Newport 015,65_plus,2,936
W02000362,2021,Newport 016,16_24,1,327
W02000362,2021,Newport 016,25_34,1,394
W02000362,2021,Newport 016,35_49,1,624
W02000362,2021,Newport 016,50_64,1,617
W02000362,2021,Newport 016,65_plus,1,630
W02000362,2021,Newport 016,16_24,2,274
W02000362,2021,Newport 016,25_34,2,431
W02000362,2021,Newport 016,35_49,2,682
W02000362,2021,Newport 016,50_64,2,662
W02000362,2021,Newport 016,65_plus,2,719
W02000362,2023,Newport 016,16_24,1,340
W02000362,2023,Newport 016,25_34,1,442
W02000362,2023,Newport 016,35_49,1,664
W02000362,2023,Newport 016,50_64,1,669
W02000362,2023,Newport 016,65_plus,1,670
W02000362,2023,Newport 016,16_24,2,289
W02000362,2023,Newport 016,25_34,2,488
W02000362,2023,Newport 016,35_49,2,738
W02000362,2023,Newport 016,50_64,2,702
W02000362,2023,Newport 016,65_plus,2,764
W02000362,2025,Newport 016,16_24,1,359
W02000362,2025,Newport 016,25_34,1,449
W02000362,2025,Newport 016,35_49,1,745
W02000362,2025,Newport 016,50_64,1,683
W02000362,2025,Newport 016,65_plus,1,652
W02000362,2025,Newport 016,16_24,2,303
W02000362,2025,Newport 016,25_34,2,467
W02000362,2025,Newport 016,35_49,2,799
W02000362,2025,Newport 016,50_64,2,703
W02000362,2025,Newport 016,65_plus,2,772
W02000363,2021,Newport 017,16_24,1,267
W02000363,2021,Newport 017,25_34,1,322
W02000363,2021,Newport 017,35_49,1,526
W02000363,2021,Newport 017,50_64,1,622
W02000363,2021,Newport 017,65_plus,1,615
W02000363,2021,Newport 017,16_24,2,242
W02000363,2021,Newport 017,25_34,2,373
W02000363,2021,Newport 017,35_49,2,519
W02000363,2021,Newport 017,50_64,2,603
W02000363,2021,Newport 017,65_plus,2,742
W02000363,2023,Newport 017,16_24,1,275
W02000363,2023,Newport 017,25_34,1,351
W02000363,2023,Newport 017,35_49,1,529
W02000363,2023,Newport 017,50_64,1,662
W02000363,2023,Newport 017,65_plus,1,587
W02000363,2023,Newport 017,16_24,2,252
W02000363,2023,Newport 017,25_34,2,364
W02000363,2023,Newport 017,35_49,2,546
W02000363,2023,Newport 017,50_64,2,619
W02000363,2023,Newport 017,65_plus,2,756
W02000363,2025,Newport 017,16_24,1,288
W02000363,2025,Newport 017,25_34,1,346
W02000363,2025,Newport 017,35_49,1,581
W02000363,2025,Newport 017,50_64,1,650
W02000363,2025,Newport 017,65_plus,1,586
W02000363,2025,Newport 017,16_24,2,245
W02000363,2025,Newport 017,25_34,2,369
W02000363,2025,Newport 017,35_49,2,589
W02000363,2025,Newport 017,50_64,2,608
W02000363,2025,Newport 017,65_plus,2,754
W02000364,2021,Newport 018,16_24,1,681
W02000364,2021,Newport 018,25_34,1,837
W02000364,2021,Newport 018,35_49,1,995
W02000364,2021,Newport 018,50_64,1,610
W02000364,2021,Newport 018,65_plus,1,469
W02000364,2021,Newport 018,16_24,2,654
W02000364,2021,Newport 018,25_34,2,882
W02000364,2021,Newport 018,35_49,2,854
W02000364,2021,Newport 018,50_64,2,611
W02000364,2021,Newport 018,65_plus,2,445
W02000364,2023,Newport 018,16_24,1,721
W02000364,2023,Newport 018,25_34,1,862
W02000364,2023,Newport 018,35_49,1,1107
W02000364,2023,Newport 018,50_64,1,643
W02000364,2023,Newport 018,65_plus,1,490
W02000364,2023,Newport 018,16_24,2,672
W02000364,2023,Newport 018,25_34,2,872
W02000364,2023,Newport 018,35_49,2,950
W02000364,2023,Newport 018,50_64,2,658
W02000364,2023,Newport 018,65_plus,2,479
W02000364,2025,Newport 018,16_24,1,825
W02000364,2025,Newport 018,25_34,1,951
W02000364,2025,Newport 018,35_49,1,1254
W02000364,2025,Newport 018,50_64,1,708
W02000364,2025,Newport 018,65_plus,1,491
W02000364,2025,Newport 018,16_24,2,723
W02000364,2025,Newport 018,25_34,2,1030
W02000364,2025,Newport 018,35_49,2,1126
W02000364,2025,Newport 018,50_64,2,699
W02000364,2025,Newport 018,65_plus,2,506
W02000365,2021,Newport 019,16_24,1,460
W02000365,2021,Newport 019,25_34,1,553
W02000365,2021,Newport 019,35_49,1,868
W02000365,2021,Newport 019,50_64,1,628
W02000365,2021,Newport 019,65_plus,1,477
W02000365,2021,Newport 019,16_24,2,551
W02000365,2021,Newport 019,25_34,2,720
W02000365,2021,Newport 019,35_49,2,906
W02000365,2021,Newport 019,50_64,2,738
W02000365,2021,Newport 019,65_plus,2,626
W02000365,2023,Newport 019,16_24,1,498
W02000365,2023,Newport 019,25_34,1,526
W02000365,2023,Newport 019,35_49,1,890
W02000365,2023,Newport 019,50_64,1,644
W02000365,2023,Newport 019,65_plus,1,486
W02000365,2023,Newport 019,16_24,2,519
W02000365,2023,Newport 019,25_34,2,712
W02000365,2023,Newport 019,35_49,2,939
W02000365,2023,Newport 019,50_64,2,729
W02000365,2023,Newport 019,65_plus,2,592
W02000365,2025,Newport 019,16_24,1,548
W02000365,2025,Newport 019,25_34,1,555
W02000365,2025,Newport 019,35_49,1,921
W02000365,2025,Newport 019,50_64,1,677
W02000365,2025,Newport 019,65_plus,1,519
W02000365,2025,Newport 019,16_24,2,540
W02000365,2025,Newport 019,25_34,2,694
W02000365,2025,Newport 019,35_49,2,1019
W02000365,2025,Newport 019,50_64,2,745
W02000365,2025,Newport 019,65_plus,2,586
W02000366,2021,Newport 020,16_24,1,438
W02000366,2021,Newport 020,25_34,1,423
W02000366,2021,Newport 020,35_49,1,969
W02000366,2021,Newport 020,50_64,1,870
W02000366,2021,Newport 020,65_plus,1,668
W02000366,2021,Newport 020,16_24,2,367
W02000366,2021,Newport 020,25_34,2,466
W02000366,2021,Newport 020,35_49,2,956
W02000366,2021,Newport 020,50_64,2,948
W02000366,2021,Newport 020,65_plus,2,737
W02000366,2023,Newport 020,16_24,1,440
W02000366,2023,Newport 020,25_34,1,439
W02000366,2023,Newport 020,35_49,1,945
W02000366,2023,Newport 020,50_64,1,904
W02000366,2023,Newport 020,65_plus,1,717
W02000366,2023,Newport 020,16_24,2,360
W02000366,2023,Newport 020,25_34,2,414
W02000366,2023,Newport 020,35_49,2,940
W02000366,2023,Newport 020,50_64,2,950
W02000366,2023,Newport 020,65_plus,2,789
W02000366,2025,Newport 020,16_24,1,483
W02000366,2025,Newport 020,25_34,1,439
W02000366,2025,Newport 020,35_49,1,941
W02000366,2025,Newport 020,50_64,1,881
W02000366,2025,Newport 020,65_plus,1,777
W02000366,2025,Newport 020,16_24,2,368
W02000366,2025,Newport 020,25_34,2,421
W02000366,2025,Newport 020,35_49,2,922
W02000366,2025,Newport 020,50_64,2,931
W02000366,2025,Newport 020,65_plus,2,849
W02000367,2021,Cardiff 001,16_24,1,297
W02000367,2021,Cardiff 001,25_34,1,282
W02000367,2021,Cardiff 001,35_49,1,482
W02000367,2021,Cardiff 001,50_64,1,690
W02000367,2021,Cardiff 001,65_plus,1,699
W02000367,2021,Cardiff 001,16_24,2,269
W02000367,2021,Cardiff 001,25_34,2,281
W02000367,2021,Cardiff 001,35_49,2,561
W02000367,2021,Cardiff 001,50_64,2,711
W02000367,2021,Cardiff 001,65_plus,2,840
W02000367,2023,Cardiff 001,16_24,1,326
W02000367,2023,Cardiff 001,25_34,1,307
W02000367,2023,Cardiff 001,35_49,1,525
W02000367,2023,Cardiff 001,50_64,1,689
W02000367,2023,Cardiff 001,65_plus,1,752
W02000367,2023,Cardiff 001,16_24,2,288
W02000367,2023,Cardiff 001,25_34,2,326
W02000367,2023,Cardiff 001,35_49,2,599
W02000367,2023,Cardiff 001,50_64,2,720
W02000367,2023,Cardiff 001,65_plus,2,920
W02000367,2025,Cardiff 001,16_24,1,357
W02000367,2025,Cardiff 001,25_34,1,343
W02000367,2025,Cardiff 001,35_49,1,622
W02000367,2025,Cardiff 001,50_64,1,679
W02000367,2025,Cardiff 001,65_plus,1,804
W02000367,2025,Cardiff 001,16_24,2,323
W02000367,2025,Cardiff 001,25_34,2,367
W02000367,2025,Cardiff 001,35_49,2,708
W02000367,2025,Cardiff 001,50_64,2,765
W02000367,2025,Cardiff 001,65_plus,2,949
W02000368,2021,Cardiff 002,16_24,1,247
W02000368,2021,Cardiff 002,25_34,1,394
W02000368,2021,Cardiff 002,35_49,1,517
W02000368,2021,Cardiff 002,50_64,1,630
W02000368,2021,Cardiff 002,65_plus,1,470
W02000368,2021,Cardiff 002,16_24,2,274
W02000368,2021,Cardiff 002,25_34,2,444
W02000368,2021,Cardiff 002,35_49,2,552
W02000368,2021,Cardiff 002,50_64,2,708
W02000368,2021,Cardiff 002,65_plus,2,541
W02000368,2023,Cardiff 002,16_24,1,260
W02000368,2023,Cardiff 002,25_34,1,429
W02000368,2023,Cardiff 002,35_49,1,513
W02000368,2023,Cardiff 002,50_64,1,601
W02000368,2023,Cardiff 002,65_plus,1,485
W02000368,2023,Cardiff 002,16_24,2,260
W02000368,2023,Cardiff 002,25_34,2,437
W02000368,2023,Cardiff 002,35_49,2,554
W02000368,2023,Cardiff 002,50_64,2,701
W02000368,2023,Cardiff 002,65_plus,2,561
W02000368,2025,Cardiff 002,16_24,1,283
W02000368,2025,Cardiff 002,25_34,1,423
W02000368,2025,Cardiff 002,35_49,1,495
W02000368,2025,Cardiff 002,50_64,1,580
W02000368,2025,Cardiff 002,65_plus,1,529
W02000368,2025,Cardiff 002,16_24,2,261
W02000368,2025,Cardiff 002,25_34,2,433
W02000368,2025,Cardiff 002,35_49,2,561
W02000368,2025,Cardiff 002,50_64,2,652
W02000368,2025,Cardiff 002,65_plus,2,613
W02000369,2021,Cardiff 003,16_24,1,466
W02000369,2021,Cardiff 003,25_34,1,753
W02000369,2021,Cardiff 003,35_49,1,1087
W02000369,2021,Cardiff 003,50_64,1,830
W02000369,2021,Cardiff 003,65_plus,1,420
W02000369,2021,Cardiff 003,16_24,2,490
W02000369,2021,Cardiff 003,25_34,2,928
W02000369,2021,Cardiff 003,35_49,2,1140
W02000369,2021,Cardiff 003,50_64,2,873
W02000369,2021,Cardiff 003,65_plus,2,488
W02000369,2023,Cardiff 003,16_24,1,510
W02000369,2023,Cardiff 003,25_34,1,879
W02000369,2023,Cardiff 003,35_49,1,1145
W02000369,2023,Cardiff 003,50_64,1,866
W02000369,2023,Cardiff 003,65_plus,1,459
W02000369,2023,Cardiff 003,16_24,2,505
W02000369,2023,Cardiff 003,25_34,2,1002
W02000369,2023,Cardiff 003,35_49,2,1211
W02000369,2023,Cardiff 003,50_64,2,931
W02000369,2023,Cardiff 003,65_plus,2,501
W02000369,2025,Cardiff 003,16_24,1,570
W02000369,2025,Cardiff 003,25_34,1,938
W02000369,2025,Cardiff 003,35_49,1,1215
W02000369,2025,Cardiff 003,50_64,1,915
W02000369,2025,Cardiff 003,65_plus,1,512
W02000369,2025,Cardiff 003,16_24,2,542
W02000369,2025,Cardiff 003,25_34,2,1067
W02000369,2025,Cardiff 003,35_49,2,1283
W02000369,2025,Cardiff 003,50_64,2,927
W02000369,2025,Cardiff 003,65_plus,2,580
W02000370,2021,Cardiff 004,16_24,1,279
W02000370,2021,Cardiff 004,25_34,1,261
W02000370,2021,Cardiff 004,35_49,1,551
W02000370,2021,Cardiff 004,50_64,1,656
W02000370,2021,Cardiff 004,65_plus,1,849
W02000370,2021,Cardiff 004,16_24,2,248
W02000370,2021,Cardiff 004,25_34,2,277
W02000370,2021,Cardiff 004,35_49,2,607
W02000370,2021,Cardiff 004,50_64,2,739
W02000370,2021,Cardiff 004,65_plus,2,1108
W02000370,2023,Cardiff 004,16_24,1,280
W02000370,2023,Cardiff 004,25_34,1,251
W02000370,2023,Cardiff 004,35_49,1,561
W02000370,2023,Cardiff 004,50_64,1,640
W02000370,2023,Cardiff 004,65_plus,1,928
W02000370,2023,Cardiff 004,16_24,2,279
W02000370,2023,Cardiff 004,25_34,2,266
W02000370,2023,Cardiff 004,35_49,2,637
W02000370,2023,Cardiff 004,50_64,2,705
W02000370,2023,Cardiff 004,65_plus,2,1144
W02000370,2025,Cardiff 004,16_24,1,280
W02000370,2025,Cardiff 004,25_34,1,268
W02000370,2025,Cardiff 004,35_49,1,553
W02000370,2025,Cardiff 004,50_64,1,628
W02000370,2025,Cardiff 004,65_plus,1,957
W02000370,2025,Cardiff 004,16_24,2,289
W02000370,2025,Cardiff 004,25_34,2,240
W02000370,2025,Cardiff 004,35_49,2,680
W02000370,2025,Cardiff 004,50_64,2,669
W02000370,2025,Cardiff 004,65_plus,2,1138
W02000371,2021,Cardiff 005,16_24,1,426
W02000371,2021,Cardiff 005,25_34,1,627
W02000371,2021,Cardiff 005,35_49,1,891
W02000371,2021,Cardiff 005,50_64,1,802
W02000371,2021,Cardiff 005,65_plus,1,741
W02000371,2021,Cardiff 005,16_24,2,395
W02000371,2021,Cardiff 005,25_34,2,617
W02000371,2021,Cardiff 005,35_49,2,950
W02000371,2021,Cardiff 005,50_64,2,872
W02000371,2021,Cardiff 005,65_plus,2,1042
W02000371,2023,Cardiff 005,16_24,1,454
W02000371,2023,Cardiff 005,25_34,1,585
W02000371,2023,Cardiff 005,35_49,1,892
W02000371,2023,Cardiff 005,50_64,1,820
W02000371,2023,Cardiff 005,65_plus,1,798
W02000371,2023,Cardiff 005,16_24,2,394
W02000371,2023,Cardiff 005,25_34,2,605
W02000371,2023,Cardiff 005,35_49,2,959
W02000371,2023,Cardiff 005,50_64,2,881
W02000371,2023,Cardiff 005,65_plus,2,1076
W02000371,2025,Cardiff 005,16_24,1,498
W02000371,2025,Cardiff 005,25_34,1,569
W02000371,2025,Cardiff 005,35_49,1,1003
W02000371,2025,Cardiff 005,50_64,1,837
W02000371,2025,Cardiff 005,65_plus,1,775
W02000371,2025,Cardiff 005,16_24,2,473
W02000371,2025,Cardiff 005,25_34,2,583
W02000371,2025,Cardiff 005,35_49,2,1056
W02000371,2025,Cardiff 005,50_64,2,849
W02000371,2025,Cardiff 005,65_plus,2,1112
W02000372,2021,Cardiff 006,16_24,1,403
W02000372,2021,Cardiff 006,25_34,1,317
W02000372,2021,Cardiff 006,35_49,1,853
W02000372,2021,Cardiff 006,50_64,1,822
W02000372,2021,Cardiff 006,65_plus,1,729
W02000372,2021,Cardiff 006,16_24,2,361
W02000372,2021,Cardiff 006,25_34,2,385
W02000372,2021,Cardiff 006,35_49,2,985
W02000372,2021,Cardiff 006,50_64,2,854
W02000372,2021,Cardiff 006,65_plus,2,836
W02000372,2023,Cardiff 006,16_24,1,439
W02000372,2023,Cardiff 006,25_34,1,376
W02000372,2023,Cardiff 006,35_49,1,842
W02000372,2023,Cardiff 006,50_64,1,807
W02000372,2023,Cardiff 006,65_plus,1,815
W02000372,2023,Cardiff 006,16_24,2,388
W02000372,2023,Cardiff 006,25_34,2,445
W02000372,2023,Cardiff 006,35_49,2,980
W02000372,2023,Cardiff 006,50_64,2,867
W02000372,2023,Cardiff 006,65_plus,2,915
W02000372,2025,Cardiff 006,16_24,1,476
W02000372,2025,Cardiff 006,25_34,1,411
W02000372,2025,Cardiff 006,35_49,1,874
W02000372,2025,Cardiff 006,50_64,1,842
W02000372,2025,Cardiff 006,65_plus,1,842
W02000372,2025,Cardiff 006,16_24,2,431
W02000372,2025,Cardiff 006,25_34,2,443
W02000372,2025,Cardiff 006,35_49,2,1001
W02000372,2025,Cardiff 006,50_64,2,914
W02000372,2025,Cardiff 006,65_plus,2,924
W02000373,2021,Cardiff 007,16_24,1,384
W02000373,2021,Cardiff 007,25_34,1,422
W02000373,2021,Cardiff 007,35_49,1,559
W02000373,2021,Cardiff 007,50_64,1,630
W02000373,2021,Cardiff 007,65_plus,1,484
W02000373,2021,Cardiff 007,16_24,2,383
W02000373,2021,Cardiff 007,25_34,2,502
W02000373,2021,Cardiff 007,35_49,2,725
W02000373,2021,Cardiff 007,50_64,2,736
W02000373,2021,Cardiff 007,65_plus,2,528
W02000373,2023,Cardiff 007,16_24,1,420
W02000373,2023,Cardiff 007,25_34,1,431
W02000373,2023,Cardiff 007,35_49,1,583
W02000373,2023,Cardiff 007,50_64,1,616
W02000373,2023,Cardiff 007,65_plus,1,502
W02000373,2023,Cardiff 007,16_24,2,423
W02000373,2023,Cardiff 007,25_34,2,476
W02000373,2023,Cardiff 007,35_49,2,768
W02000373,2023,Cardiff 007,50_64,2,700
W02000373,2023,Cardiff 007,65_plus,2,543
W02000373,2025,Cardiff 007,16_24,1,447
W02000373,2025,Cardiff 007,25_34,1,467
W02000373,2025,Cardiff 007,35_49,1,625
W02000373,2025,Cardiff 007,50_64,1,572
W02000373,2025,Cardiff 007,65_plus,1,514
W02000373,2025,Cardiff 007,16_24,2,446
W02000373,2025,Cardiff 007,25_34,2,516
W02000373,2025,Cardiff 007,35_49,2,784
W02000373,2025,Cardiff 007,50_64,2,693
W02000373,2025,Cardiff 007,65_plus,2,547
W02000374,2021,Cardiff 008,16_24,1,313
W02000374,2021,Cardiff 008,25_34,1,251
W02000374,2021,Cardiff 008,35_49,1,529
W02000374,2021,Cardiff 008,50_64,1,548
W02000374,2021,Cardiff 008,65_plus,1,645
W02000374,2021,Cardiff 008,16_24,2,257
W02000374,2021,Cardiff 008,25_34,2,221
W02000374,2021,Cardiff 008,35_49,2,584
W02000374,2021,Cardiff 008,50_64,2,574
W02000374,2021,Cardiff 008,65_plus,2,838
W02000374,2023,Cardiff 008,16_24,1,334
W02000374,2023,Cardiff 008,25_34,1,284
W02000374,2023,Cardiff 008,35_49,1,521
W02000374,2023,Cardiff 008,50_64,1,557
W02000374,2023,Cardiff 008,65_plus,1,669
W02000374,2023,Cardiff 008,16_24,2,264
W02000374,2023,Cardiff 008,25_34,2,220
W02000374,2023,Cardiff 008,35_49,2,601
W02000374,2023,Cardiff 008,50_64,2,559
W02000374,2023,Cardiff 008,65_plus,2,867
W02000374,2025,Cardiff 008,16_24,1,337
W02000374,2025,Cardiff 008,25_34,1,306
W02000374,2025,Cardiff 008,35_49,1,532
W02000374,2025,Cardiff 008,50_64,1,556
W02000374,2025,Cardiff 008,65_plus,1,681
W02000374,2025,Cardiff 008,16_24,2,287
W02000374,2025,Cardiff 008,25_34,2,226
W02000374,2025,Cardiff 008,35_49,2,607
W02000374,2025,Cardiff 008,50_64,2,550
W02000374,2025,Cardiff 008,65_plus,2,869
W02000375,2021,Cardiff 009,16_24,1,472
W02000375,2021,Cardiff 009,25_34,1,516
W02000375,2021,Cardiff 009,35_49,1,726
W02000375,2021,Cardiff 009,50_64,1,485
W02000375,2021,Cardiff 009,65_plus,1,432
W02000375,2021,Cardiff 009,16_24,2,467
W02000375,2021,Cardiff 009,25_34,2,575
W02000375,2021,Cardiff 009,35_49,2,823
W02000375,2021,Cardiff 009,50_64,2,561
W02000375,2021,Cardiff 009,65_plus,2,564
W02000375,2023,Cardiff 009,16_24,1,560
W02000375,2023,Cardiff 009,25_34,1,525
W02000375,2023,Cardiff 009,35_49,1,684
W02000375,2023,Cardiff 009,50_64,1,524
W02000375,2023,Cardiff 009,65_plus,1,449
W02000375,2023,Cardiff 009,16_24,2,459
W02000375,2023,Cardiff 009,25_34,2,589
W02000375,2023,Cardiff 009,35_49,2,803
W02000375,2023,Cardiff 009,50_64,2,581
W02000375,2023,Cardiff 009,65_plus,2,584
W02000375,2025,Cardiff 009,16_24,1,601
W02000375,2025,Cardiff 009,25_34,1,558
W02000375,2025,Cardiff 009,35_49,1,709
W02000375,2025,Cardiff 009,50_64,1,551
W02000375,2025,Cardiff 009,65_plus,1,481
W02000375,2025,Cardiff 009,16_24,2,527
W02000375,2025,Cardiff 009,25_34,2,601
W02000375,2025,Cardiff 009,35_49,2,820
W02000375,2025,Cardiff 009,50_64,2,641
W02000375,2025,Cardiff 009,65_plus,2,616
W02000376,2021,Cardiff 010,16_24,1,348
W02000376,2021,Cardiff 010,25_34,1,332
W02000376,2021,Cardiff 010,35_49,1,680
W02000376,2021,Cardiff 010,50_64,1,733
W02000376,2021,Cardiff 010,65_plus,1,551
W02000376,2021,Cardiff 010,16_24,2,269
W02000376,2021,Cardiff 010,25_34,2,390
W02000376,2021,Cardiff 010,35_49,2,730
W02000376,2021,Cardiff 010,50_64,2,728
W02000376,2021,Cardiff 010,65_plus,2,757
W02000376,2023,Cardiff 010,16_24,1,344
W02000376,2023,Cardiff 010,25_34,1,344
W02000376,2023,Cardiff 010,35_49,1,656
W02000376,2023,Cardiff 010,50_64,1,718
W02000376,2023,Cardiff 010,65_plus,1,596
W02000376,2023,Cardiff 010,16_24,2,284
W02000376,2023,Cardiff 010,25_34,2,385
W02000376,2023,Cardiff 010,35_49,2,690
W02000376,2023,Cardiff 010,50_64,2,711
W02000376,2023,Cardiff 010,65_plus,2,764
W02000376,2025,Cardiff 010,16_24,1,385
W02000376,2025,Cardiff 010,25_34,1,356
W02000376,2025,Cardiff 010,35_49,1,648
W02000376,2025,Cardiff 010,50_64,1,723
W02000376,2025,Cardiff 010,65_plus,1,622
W02000376,2025,Cardiff 010,16_24,2,340
W02000376,2025,Cardiff 010,25_34,2,387
W02000376,2025,Cardiff 010,35_49,2,727
W02000376,2025,Cardiff 010,50_64,2,672
W02000376,2025,Cardiff 010,65_plus,2,813
W02000377,2021,Cardiff 011,16_24,1,378
W02000377,2021,Cardiff 011,25_34,1,522
W02000377,2021,Cardiff 011,35_49,1,724
W02000377,2021,Cardiff 011,50_64,1,660
W02000377,2021,Cardiff 011,65_plus,1,460
W02000377,2021,Cardiff 011,16_24,2,385
W02000377,2021,Cardiff 011,25_34,2,657
W02000377,2021,Cardiff 011,35_49,2,806
W02000377,2021,Cardiff 011,50_64,2,795
W02000377,2021,Cardiff 011,65_plus,2,563
W02000377,2023,Cardiff 011,16_24,1,470
W02000377,2023,Cardiff 011,25_34,1,594
W02000377,2023,Cardiff 011,35_49,1,750
W02000377,2023,Cardiff 011,50_64,1,660
W02000377,2023,Cardiff 011,65_plus,1,434
W02000377,2023,Cardiff 011,16_24,2,442
W02000377,2023,Cardiff 011,25_34,2,702
W02000377,2023,Cardiff 011,35_49,2,856
W02000377,2023,Cardiff 011,50_64,2,781
W02000377,2023,Cardiff 011,65_plus,2,621
W02000377,2025,Cardiff 011,16_24,1,483
W02000377,2025,Cardiff 011,25_34,1,618
W02000377,2025,Cardiff 011,35_49,1,809
W02000377,2025,Cardiff 011,50_64,1,636
W02000377,2025,Cardiff 011,65_plus,1,483
W02000377,2025,Cardiff 011,16_24,2,477
W02000377,2025,Cardiff 011,25_34,2,700
W02000377,2025,Cardiff 011,35_49,2,913
W02000377,2025,Cardiff 011,50_64,2,771
W02000377,2025,Cardiff 011,65_plus,2,688
W02000378,2021,Cardiff 012,16_24,1,371
W02000378,2021,Cardiff 012,25_34,1,347
W02000378,2021,Cardiff 012,35_49,1,722
W02000378,2021,Cardiff 012,50_64,1,673
W02000378,2021,Cardiff 012,65_plus,1,760
W02000378,2021,Cardiff 012,16_24,2,329
W02000378,2021,Cardiff 012,25_34,2,395
W02000378,2021,Cardiff 012,35_49,2,813
W02000378,2021,Cardiff 012,50_64,2,708
W02000378,2021,Cardiff 012,65_plus,2,938
W02000378,2023,Cardiff 012,16_24,1,457
W02000378,2023,Cardiff 012,25_34,1,332
W02000378,2023,Cardiff 012,35_49,1,741
W02000378,2023,Cardiff 012,50_64,1,683
W02000378,2023,Cardiff 012,65_plus,1,768
W02000378,2023,Cardiff 012,16_24,2,329
W02000378,2023,Cardiff 012,25_34,2,377
W02000378,2023,Cardiff 012,35_49,2,825
W02000378,2023,Cardiff 012,50_64,2,742
W02000378,2023,Cardiff 012,65_plus,2,956
W02000378,2025,Cardiff 012,16_24,1,482
W02000378,2025,Cardiff 012,25_34,1,365
W02000378,2025,Cardiff 012,35_49,1,764
W02000378,2025,Cardiff 012,50_64,1,668
W02000378,2025,Cardiff 012,65_plus,1,823
W02000378,2025,Cardiff 012,16_24,2,373
W02000378,2025,Cardiff 012,25_34,2,403
W02000378,2025,Cardiff 012,35_49,2,833
W02000378,2025,Cardiff 012,50_64,2,751
W02000378,2025,Cardiff 012,65_plus,2,961
W02000379,2021,Cardiff 013,16_24,1,416
W02000379,2021,Cardiff 013,25_34,1,427
W02000379,2021,Cardiff 013,35_49,1,520
W02000379,2021,Cardiff 013,50_64,1,466
W02000379,2021,Cardiff 013,65_plus,1,284
W02000379,2021,Cardiff 013,16_24,2,388
W02000379,2021,Cardiff 013,25_34,2,544
W02000379,2021,Cardiff 013,35_49,2,732
W02000379,2021,Cardiff 013,50_64,2,559
W02000379,2021,Cardiff 013,65_plus,2,373
W02000379,2023,Cardiff 013,16_24,1,495
W02000379,2023,Cardiff 013,25_34,1,404
W02000379,2023,Cardiff 013,35_49,1,557
W02000379,2023,Cardiff 013,50_64,1,486
W02000379,2023,Cardiff 013,65_plus,1,294
W02000379,2023,Cardiff 013,16_24,2,446
W02000379,2023,Cardiff 013,25_34,2,478
W02000379,2023,Cardiff 013,35_49,2,752
W02000379,2023,Cardiff 013,50_64,2,577
W02000379,2023,Cardiff 013,65_plus,2,385
W02000379,2025,Cardiff 013,16_24,1,523
W02000379,2025,Cardiff 013,25_34,1,416
W02000379,2025,Cardiff 013,35_49,1,597
W02000379,2025,Cardiff 013,50_64,1,449
W02000379,2025,Cardiff 013,65_plus,1,315
W02000379,2025,Cardiff 013,16_24,2,502
W02000379,2025,Cardiff 013,25_34,2,453
W02000379,2025,Cardiff 013,35_49,2,825
W02000379,2025,Cardiff 013,50_64,2,580
W02000379,2025,Cardiff 013,65_plus,2,408
W02000380,2021,Cardiff 014,16_24,1,317
W02000380,2021,Cardiff 014,25_34,1,343
W02000380,2021,Cardiff 014,35_49,1,675
W02000380,2021,Cardiff 014,50_64,1,793
W02000380,2021,Cardiff 014,65_plus,1,878
W02000380,2021,Cardiff 014,16_24,2,353
W02000380,2021,Cardiff 014,25_34,2,376
W02000380,2021,Cardiff 014,35_49,2,763
W02000380,2021,Cardiff 014,50_64,2,867
W02000380,2021,Cardiff 014,65_plus,2,894
W02000380,2023,Cardiff 014,16_24,1,379
W02000380,2023,Cardiff 014,25_34,1,441
W02000380,2023,Cardiff 014,35_49,1,743
W02000380,2023,Cardiff 014,50_64,1,819
W02000380,2023,Cardiff 014,65_plus,1,962
W02000380,2023,Cardiff 014,16_24,2,395
W02000380,2023,Cardiff 014,25_34,2,473
W02000380,2023,Cardiff 014,35_49,2,874
W02000380,2023,Cardiff 014,50_64,2,902
W02000380,2023,Cardiff 014,65_plus,2,989
W02000380,2025,Cardiff 014,16_24,1,418
W02000380,2025,Cardiff 014,25_34,1,516
W02000380,2025,Cardiff 014,35_49,1,833
W02000380,2025,Cardiff 014,50_64,1,854
W02000380,2025,Cardiff 014,65_plus,1,1033
W02000380,2025,Cardiff 014,16_24,2,443
W02000380,2025,Cardiff 014,25_34,2,576
W02000380,2025,Cardiff 014,35_49,2,952
W02000380,2025,Cardiff 014,50_64,2,906
W02000380,2025,Cardiff 014,65_plus,2,1093
W02000381,2021,Cardiff 015,16_24,1,331
W02000381,2021,Cardiff 015,25_34,1,439
W02000381,2021,Cardiff 015,35_49,1,551
W02000381,2021,Cardiff 015,50_64,1,593
W02000381,2021,Cardiff 015,65_plus,1,503
W02000381,2021,Cardiff 015,16_24,2,333
W02000381,2021,Cardiff 015,25_34,2,495
W02000381,2021,Cardiff 015,35_49,2,650
W02000381,2021,Cardiff 015,50_64,2,654
W02000381,2021,Cardiff 015,65_plus,2,610
W02000381,2023,Cardiff 015,16_24,1,371
W02000381,2023,Cardiff 015,25_34,1,437
W02000381,2023,Cardiff 015,35_49,1,581
W02000381,2023,Cardiff 015,50_64,1,544
W02000381,2023,Cardiff 015,65_plus,1,487
W02000381,2023,Cardiff 015,16_24,2,363
W02000381,2023,Cardiff 015,25_34,2,478
W02000381,2023,Cardiff 015,35_49,2,703
W02000381,2023,Cardiff 015,50_64,2,667
W02000381,2023,Cardiff 015,65_plus,2,614
W02000381,2025,Cardiff 015,16_24,1,394
W02000381,2025,Cardiff 015,25_34,1,426
W02000381,2025,Cardiff 015,35_49,1,640
W02000381,2025,Cardiff 015,50_64,1,523
W02000381,2025,Cardiff 015,65_plus,1,483
W02000381,2025,Cardiff 015,16_24,2,392
W02000381,2025,Cardiff 015,25_34,2,479
W02000381,2025,Cardiff 015,35_49,2,767
W02000381,2025,Cardiff 015,50_64,2,651
W02000381,2025,Cardiff 015,65_plus,2,607
W02000382,2021,Cardiff 016,16_24,1,359
W02000382,2021,Cardiff 016,25_34,1,401
W02000382,2021,Cardiff 016,35_49,1,506
W02000382,2021,Cardiff 016,50_64,1,508
W02000382,2021,Cardiff 016,65_plus,1,422
W02000382,2021,Cardiff 016,16_24,2,358
W02000382,2021,Cardiff 016,25_34,2,440
W02000382,2021,Cardiff 016,35_49,2,549
W02000382,2021,Cardiff 016,50_64,2,568
W02000382,2021,Cardiff 016,65_plus,2,586
W02000382,2023,Cardiff 016,16_24,1,392
W02000382,2023,Cardiff 016,25_34,1,428
W02000382,2023,Cardiff 016,35_49,1,506
W02000382,2023,Cardiff 016,50_64,1,502
W02000382,2023,Cardiff 016,65_plus,1,428
W02000382,2023,Cardiff 016,16_24,2,375
W02000382,2023,Cardiff 016,25_34,2,474
W02000382,2023,Cardiff 016,35_49,2,574
W02000382,2023,Cardiff 016,50_64,2,571
W02000382,2023,Cardiff 016,65_plus,2,587
W02000382,2025,Cardiff 016,16_24,1,435
W02000382,2025,Cardiff 016,25_34,1,456
W02000382,2025,Cardiff 016,35_49,1,586
W02000382,2025,Cardiff 016,50_64,1,503
W02000382,2025,Cardiff 016,65_plus,1,460
W02000382,2025,Cardiff 016,16_24,2,407
W02000382,2025,Cardiff 016,25_34,2,479
W02000382,2025,Cardiff 016,35_49,2,674
W02000382,2025,Cardiff 016,50_64,2,545
W02000382,2025,Cardiff 016,65_plus,2,647
W02000383,2021,Cardiff 017,16_24,1,419
W02000383,2021,Cardiff 017,25_34,1,421
W02000383,2021,Cardiff 017,35_49,1,698
W02000383,2021,Cardiff 017,50_64,1,631
W02000383,2021,Cardiff 017,65_plus,1,582
W02000383,2021,Cardiff 017,16_24,2,396
W02000383,2021,Cardiff 017,25_34,2,570
W02000383,2021,Cardiff 017,35_49,2,769
W02000383,2021,Cardiff 017,50_64,2,599
W02000383,2021,Cardiff 017,65_plus,2,683
W02000383,2023,Cardiff 017,16_24,1,478
W02000383,2023,Cardiff 017,25_34,1,426
W02000383,2023,Cardiff 017,35_49,1,662
W02000383,2023,Cardiff 017,50_64,1,661
W02000383,2023,Cardiff 017,65_plus,1,577
W02000383,2023,Cardiff 017,16_24,2,441
W02000383,2023,Cardiff 017,25_34,2,576
W02000383,2023,Cardiff 017,35_49,2,745
W02000383,2023,Cardiff 017,50_64,2,629
W02000383,2023,Cardiff 017,65_plus,2,710
W02000383,2025,Cardiff 017,16_24,1,520
W02000383,2025,Cardiff 017,25_34,1,512
W02000383,2025,Cardiff 017,35_49,1,691
W02000383,2025,Cardiff 017,50_64,1,693
W02000383,2025,Cardiff 017,65_plus,1,547
W02000383,2025,Cardiff 017,16_24,2,521
W02000383,2025,Cardiff 017,25_34,2,574
W02000383,2025,Cardiff 017,35_49,2,793
W02000383,2025,Cardiff 017,50_64,2,648
W02000383,2025,Cardiff 017,65_plus,2,689
W02000384,2021,Cardiff 018,16_24,1,236
W02000384,2021,Cardiff 018,25_34,1,319
W02000384,2021,Cardiff 018,35_49,1,580
W02000384,2021,Cardiff 018,50_64,1,576
W02000384,2021,Cardiff 018,65_plus,1,577
W02000384,2021,Cardiff 018,16_24,2,234
W02000384,2021,Cardiff 018,25_34,2,276
W02000384,2021,Cardiff 018,35_49,2,606
W02000384,2021,Cardiff 018,50_64,2,611
W02000384,2021,Cardiff 018,65_plus,2,620
W02000384,2023,Cardiff 018,16_24,1,276
W02000384,2023,Cardiff 018,25_34,1,330
W02000384,2023,Cardiff 018,35_49,1,584
W02000384,2023,Cardiff 018,50_64,1,577
W02000384,2023,Cardiff 018,65_plus,1,612
W02000384,2023,Cardiff 018,16_24,2,248
W02000384,2023,Cardiff 018,25_34,2,326
W02000384,2023,Cardiff 018,35_49,2,583
W02000384,2023,Cardiff 018,50_64,2,617
W02000384,2023,Cardiff 018,65_plus,2,661
W02000384,2025,Cardiff 018,16_24,1,305
W02000384,2025,Cardiff 018,25_34,1,342
W02000384,2025,Cardiff 018,35_49,1,606
W02000384,2025,Cardiff 018,50_64,1,534
W02000384,2025,Cardiff 018,65_plus,1,661
W02000384,2025,Cardiff 018,16_24,2,274
W02000384,2025,Cardiff 018,25_34,2,301
W02000384,2025,Cardiff 018,35_49,2,574
W02000384,2025,Cardiff 018,50_64,2,619
W02000384,2025,Cardiff 018,65_plus,2,671
W02000385,2021,Cardiff 019,16_24,1,870
W02000385,2021,Cardiff 019,25_34,1,289
W02000385,2021,Cardiff 019,35_49,1,637
W02000385,2021,Cardiff 019,50_64,1,579
W02000385,2021,Cardiff 019,65_plus,1,682
W02000385,2021,Cardiff 019,16_24,2,605
W02000385,2021,Cardiff 019,25_34,2,284
W02000385,2021,Cardiff 019,35_49,2,643
W02000385,2021,Cardiff 019,50_64,2,624
W02000385,2021,Cardiff 019,65_plus,2,787
W02000385,2023,Cardiff 019,16_24,1,549
W02000385,2023,Cardiff 019,25_34,1,281
W02000385,2023,Cardiff 019,35_49,1,634
W02000385,2023,Cardiff 019,50_64,1,587
W02000385,2023,Cardiff 019,65_plus,1,701
W02000385,2023,Cardiff 019,16_24,2,494
W02000385,2023,Cardiff 019,25_34,2,289
W02000385,2023,Cardiff 019,35_49,2,672
W02000385,2023,Cardiff 019,50_64,2,614
W02000385,2023,Cardiff 019,65_plus,2,796
W02000385,2025,Cardiff 019,16_24,1,719
W02000385,2025,Cardiff 019,25_34,1,285
W02000385,2025,Cardiff 019,35_49,1,675
W02000385,2025,Cardiff 019,50_64,1,581
W02000385,2025,Cardiff 019,65_plus,1,742
W02000385,2025,Cardiff 019,16_24,2,609
W02000385,2025,Cardiff 019,25_34,2,297
W02000385,2025,Cardiff 019,35_49,2,728
W02000385,2025,Cardiff 019,50_64,2,600
W02000385,2025,Cardiff 019,65_plus,2,830
W02000386,2021,Cardiff 020,16_24,1,300
W02000386,2021,Cardiff 020,25_34,1,321
W02000386,2021,Cardiff 020,35_49,1,698
W02000386,2021,Cardiff 020,50_64,1,807
W02000386,2021,Cardiff 020,65_plus,1,878
W02000386,2021,Cardiff 020,16_24,2,294
W02000386,2021,Cardiff 020,25_34,2,348
W02000386,2021,Cardiff 020,35_49,2,767
W02000386,2021,Cardiff 020,50_64,2,858
W02000386,2021,Cardiff 020,65_plus,2,1036
W02000386,2023,Cardiff 020,16_24,1,316
W02000386,2023,Cardiff 020,25_34,1,297
W02000386,2023,Cardiff 020,35_49,1,695
W02000386,2023,Cardiff 020,50_64,1,818
W02000386,2023,Cardiff 020,65_plus,1,884
W02000386,2023,Cardiff 020,16_24,2,310
W02000386,2023,Cardiff 020,25_34,2,360
W02000386,2023,Cardiff 020,35_49,2,759
W02000386,2023,Cardiff 020,50_64,2,835
W02000386,2023,Cardiff 020,65_plus,2,1083
W02000386,2025,Cardiff 020,16_24,1,332
W02000386,2025,Cardiff 020,25_34,1,309
W02000386,2025,Cardiff 020,35_49,1,703
W02000386,2025,Cardiff 020,50_64,1,786
W02000386,2025,Cardiff 020,65_plus,1,935
W02000386,2025,Cardiff 020,16_24,2,319
W02000386,2025,Cardiff 020,25_34,2,386
W02000386,2025,Cardiff 020,35_49,2,774
W02000386,2025,Cardiff 020,50_64,2,818
W02000386,2025,Cardiff 020,65_plus,2,1106
W02000387,2021,Cardiff 021,16_24,1,375
W02000387,2021,Cardiff 021,25_34,1,358
W02000387,2021,Cardiff 021,35_49,1,573
W02000387,2021,Cardiff 021,50_64,1,592
W02000387,2021,Cardiff 021,65_plus,1,548
W02000387,2021,Cardiff 021,16_24,2,413
W02000387,2021,Cardiff 021,25_34,2,328
W02000387,2021,Cardiff 021,35_49,2,557
W02000387,2021,Cardiff 021,50_64,2,628
W02000387,2021,Cardiff 021,65_plus,2,690
W02000387,2023,Cardiff 021,16_24,1,328
W02000387,2023,Cardiff 021,25_34,1,318
W02000387,2023,Cardiff 021,35_49,1,600
W02000387,2023,Cardiff 021,50_64,1,536
W02000387,2023,Cardiff 021,65_plus,1,591
W02000387,2023,Cardiff 021,16_24,2,346
W02000387,2023,Cardiff 021,25_34,2,344
W02000387,2023,Cardiff 021,35_49,2,576
W02000387,2023,Cardiff 021,50_64,2,600
W02000387,2023,Cardiff 021,65_plus,2,724
W02000387,2025,Cardiff 021,16_24,1,390
W02000387,2025,Cardiff 021,25_34,1,334
W02000387,2025,Cardiff 021,35_49,1,600
W02000387,2025,Cardiff 021,50_64,1,550
W02000387,2025,Cardiff 021,65_plus,1,602
W02000387,2025,Cardiff 021,16_24,2,420
W02000387,2025,Cardiff 021,25_34,2,362
W02000387,2025,Cardiff 021,35_49,2,571
W02000387,2025,Cardiff 021,50_64,2,582
W02000387,2025,Cardiff 021,65_plus,2,734
W02000388,2021,Cardiff 022,16_24,1,261
W02000388,2021,Cardiff 022,25_34,1,361
W02000388,2021,Cardiff 022,35_49,1,490
W02000388,2021,Cardiff 022,50_64,1,620
W02000388,2021,Cardiff 022,65_plus,1,549
W02000388,2021,Cardiff 022,16_24,2,295
W02000388,2021,Cardiff 022,25_34,2,374
W02000388,2021,Cardiff 022,35_49,2,510
W02000388,2021,Cardiff 022,50_64,2,684
W02000388,2021,Cardiff 022,65_plus,2,688
W02000388,2023,Cardiff 022,16_24,1,290
W02000388,2023,Cardiff 022,25_34,1,344
W02000388,2023,Cardiff 022,35_49,1,499
W02000388,2023,Cardiff 022,50_64,1,603
W02000388,2023,Cardiff 022,65_plus,1,562
W02000388,2023,Cardiff 022,16_24,2,320
W02000388,2023,Cardiff 022,25_34,2,332
W02000388,2023,Cardiff 022,35_49,2,512
W02000388,2023,Cardiff 022,50_64,2,669
W02000388,2023,Cardiff 022,65_plus,2,733
W02000388,2025,Cardiff 022,16_24,1,317
W02000388,2025,Cardiff 022,25_34,1,335
W02000388,2025,Cardiff 022,35_49,1,536
W02000388,2025,Cardiff 022,50_64,1,557
W02000388,2025,Cardiff 022,65_plus,1,572
W02000388,2025,Cardiff 022,16_24,2,326
W02000388,2025,Cardiff 022,25_34,2,346
W02000388,2025,Cardiff 022,35_49,2,536
W02000388,2025,Cardiff 022,50_64,2,644
W02000388,2025,Cardiff 022,65_plus,2,745
W02000389,2021,Cardiff 023,16_24,1,480
W02000389,2021,Cardiff 023,25_34,1,536
W02000389,2021,Cardiff 023,35_49,1,822
W02000389,2021,Cardiff 023,50_64,1,797
W02000389,2021,Cardiff 023,65_plus,1,573
W02000389,2021,Cardiff 023,16_24,2,446
W02000389,2021,Cardiff 023,25_34,2,558
W02000389,2021,Cardiff 023,35_49,2,964
W02000389,2021,Cardiff 023,50_64,2,889
W02000389,2021,Cardiff 023,65_plus,2,727
W02000389,2023,Cardiff 023,16_24,1,545
W02000389,2023,Cardiff 023,25_34,1,538
W02000389,2023,Cardiff 023,35_49,1,834
W02000389,2023,Cardiff 023,50_64,1,774
W02000389,2023,Cardiff 023,65_plus,1,549
W02000389,2023,Cardiff 023,16_24,2,467
W02000389,2023,Cardiff 023,25_34,2,535
W02000389,2023,Cardiff 023,35_49,2,963
W02000389,2023,Cardiff 023,50_64,2,893
W02000389,2023,Cardiff 023,65_plus,2,762
W02000389,2025,Cardiff 023,16_24,1,591
W02000389,2025,Cardiff 023,25_34,1,604
W02000389,2025,Cardiff 023,35_49,1,896
W02000389,2025,Cardiff 023,50_64,1,743
W02000389,2025,Cardiff 023,65_plus,1,594
W02000389,2025,Cardiff 023,16_24,2,485
W02000389,2025,Cardiff 023,25_34,2,562
W02000389,2025,Cardiff 023,35_49,2,997
W02000389,2025,Cardiff 023,50_64,2,888
W02000389,2025,Cardiff 023,65_plus,2,768
W02000390,2021,Cardiff 024,16_24,1,662
W02000390,2021,Cardiff 024,25_34,1,265
W02000390,2021,Cardiff 024,35_49,1,513
W02000390,2021,Cardiff 024,50_64,1,516
W02000390,2021,Cardiff 024,65_plus,1,704
W02000390,2021,Cardiff 024,16_24,2,588
W02000390,2021,Cardiff 024,25_34,2,247
W02000390,2021,Cardiff 024,35_49,2,559
W02000390,2021,Cardiff 024,50_64,2,569
W02000390,2021,Cardiff 024,65_plus,2,898
W02000390,2023,Cardiff 024,16_24,1,462
W02000390,2023,Cardiff 024,25_34,1,258
W02000390,2023,Cardiff 024,35_49,1,530
W02000390,2023,Cardiff 024,50_64,1,511
W02000390,2023,Cardiff 024,65_plus,1,800
W02000390,2023,Cardiff 024,16_24,2,517
W02000390,2023,Cardiff 024,25_34,2,278
W02000390,2023,Cardiff 024,35_49,2,556
W02000390,2023,Cardiff 024,50_64,2,573
W02000390,2023,Cardiff 024,65_plus,2,931
W02000390,2025,Cardiff 024,16_24,1,473
W02000390,2025,Cardiff 024,25_34,1,284
W02000390,2025,Cardiff 024,35_49,1,538
W02000390,2025,Cardiff 024,50_64,1,520
W02000390,2025,Cardiff 024,65_plus,1,819
W02000390,2025,Cardiff 024,16_24,2,558
W02000390,2025,Cardiff 024,25_34,2,305
W02000390,2025,Cardiff 024,35_49,2,551
W02000390,2025,Cardiff 024,50_64,2,557
W02000390,2025,Cardiff 024,65_plus,2,960
W02000391,2021,Cardiff 025,16_24,1,2203
W02000391,2021,Cardiff 025,25_34,1,839
W02000391,2021,Cardiff 025,35_49,1,658
W02000391,2021,Cardiff 025,50_64,1,402
W02000391,2021,Cardiff 025,65_plus,1,248
W02000391,2021,Cardiff 025,16_24,2,2949
W02000391,2021,Cardiff 025,25_34,2,739
W02000391,2021,Cardiff 025,35_49,2,596
W02000391,2021,Cardiff 025,50_64,2,329
W02000391,2021,Cardiff 025,65_plus,2,342
W02000391,2023,Cardiff 025,16_24,1,1435
W02000391,2023,Cardiff 025,25_34,1,750
W02000391,2023,Cardiff 025,35_49,1,553
W02000391,2023,Cardiff 025,50_64,1,402
W02000391,2023,Cardiff 025,65_plus,1,254
W02000391,2023,Cardiff 025,16_24,2,2491
W02000391,2023,Cardiff 025,25_34,2,758
W02000391,2023,Cardiff 025,35_49,2,622
W02000391,2023,Cardiff 025,50_64,2,354
W02000391,2023,Cardiff 025,65_plus,2,299
W02000391,2025,Cardiff 025,16_24,1,1879
W02000391,2025,Cardiff 025,25_34,1,835
W02000391,2025,Cardiff 025,35_49,1,582
W02000391,2025,Cardiff 025,50_64,1,391
W02000391,2025,Cardiff 025,65_plus,1,252
W02000391,2025,Cardiff 025,16_24,2,2863
W02000391,2025,Cardiff 025,25_34,2,806
W02000391,2025,Cardiff 025,35_49,2,684
W02000391,2025,Cardiff 025,50_64,2,347
W02000391,2025,Cardiff 025,65_plus,2,307
W02000392,2021,Cardiff 026,16_24,1,535
W02000392,2021,Cardiff 026,25_34,1,444
W02000392,2021,Cardiff 026,35_49,1,804
W02000392,2021,Cardiff 026,50_64,1,907
W02000392,2021,Cardiff 026,65_plus,1,916
W02000392,2021,Cardiff 026,16_24,2,537
W02000392,2021,Cardiff 026,25_34,2,459
W02000392,2021,Cardiff 026,35_49,2,853
W02000392,2021,Cardiff 026,50_64,2,965
W02000392,2021,Cardiff 026,65_plus,2,1131
W02000392,2023,Cardiff 026,16_24,1,497
W02000392,2023,Cardiff 026,25_34,1,455
W02000392,2023,Cardiff 026,35_49,1,799
W02000392,2023,Cardiff 026,50_64,1,871
W02000392,2023,Cardiff 026,65_plus,1,969
W02000392,2023,Cardiff 026,16_24,2,485
W02000392,2023,Cardiff 026,25_34,2,436
W02000392,2023,Cardiff 026,35_49,2,877
W02000392,2023,Cardiff 026,50_64,2,957
W02000392,2023,Cardiff 026,65_plus,2,1224
W02000392,2025,Cardiff 026,16_24,1,541
W02000392,2025,Cardiff 026,25_34,1,472
W02000392,2025,Cardiff 026,35_49,1,824
W02000392,2025,Cardiff 026,50_64,1,838
W02000392,2025,Cardiff 026,65_plus,1,1016
W02000392,2025,Cardiff 026,16_24,2,481
W02000392,2025,Cardiff 026,25_34,2,474
W02000392,2025,Cardiff 026,35_49,2,877
W02000392,2025,Cardiff 026,50_64,2,943
W02000392,2025,Cardiff 026,65_plus,2,1292
W02000393,2021,Cardiff 027,16_24,1,339
W02000393,2021,Cardiff 027,25_34,1,440
W02000393,2021,Cardiff 027,35_49,1,577
W02000393,2021,Cardiff 027,50_64,1,619
W02000393,2021,Cardiff 027,65_plus,1,402
W02000393,2021,Cardiff 027,16_24,2,369
W02000393,2021,Cardiff 027,25_34,2,553
W02000393,2021,Cardiff 027,35_49,2,658
W02000393,2021,Cardiff 027,50_64,2,657
W02000393,2021,Cardiff 027,65_plus,2,544
W02000393,2023,Cardiff 027,16_24,1,371
W02000393,2023,Cardiff 027,25_34,1,467
W02000393,2023,Cardiff 027,35_49,1,616
W02000393,2023,Cardiff 027,50_64,1,631
W02000393,2023,Cardiff 027,65_plus,1,438
W02000393,2023,Cardiff 027,16_24,2,396
W02000393,2023,Cardiff 027,25_34,2,579
W02000393,2023,Cardiff 027,35_49,2,718
W02000393,2023,Cardiff 027,50_64,2,664
W02000393,2023,Cardiff 027,65_plus,2,544
W02000393,2025,Cardiff 027,16_24,1,398
W02000393,2025,Cardiff 027,25_34,1,558
W02000393,2025,Cardiff 027,35_49,1,669
W02000393,2025,Cardiff 027,50_64,1,616
W02000393,2025,Cardiff 027,65_plus,1,474
W02000393,2025,Cardiff 027,16_24,2,440
W02000393,2025,Cardiff 027,25_34,2,631
W02000393,2025,Cardiff 027,35_49,2,815
W02000393,2025,Cardiff 027,50_64,2,645
W02000393,2025,Cardiff 027,65_plus,2,593
W02000394,2021,Cardiff 028,16_24,1,2375
W02000394,2021,Cardiff 028,25_34,1,825
W02000394,2021,Cardiff 028,35_49,1,410
W02000394,2021,Cardiff 028,50_64,1,239
W02000394,2021,Cardiff 028,65_plus,1,196
W02000394,2021,Cardiff 028,16_24,2,3220
W02000394,2021,Cardiff 028,25_34,2,642
W02000394,2021,Cardiff 028,35_49,2,352
W02000394,2021,Cardiff 028,50_64,2,205
W02000394,2021,Cardiff 028,65_plus,2,202
W02000394,2023,Cardiff 028,16_24,1,2758
W02000394,2023,Cardiff 028,25_34,1,923
W02000394,2023,Cardiff 028,35_49,1,421
W02000394,2023,Cardiff 028,50_64,1,234
W02000394,2023,Cardiff 028,65_plus,1,150
W02000394,2023,Cardiff 028,16_24,2,3637
W02000394,2023,Cardiff 028,25_34,2,761
W02000394,2023,Cardiff 028,35_49,2,366
W02000394,2023,Cardiff 028,50_64,2,189
W02000394,2023,Cardiff 028,65_plus,2,177
W02000394,2025,Cardiff 028,16_24,1,2718
W02000394,2025,Cardiff 028,25_34,1,925
W02000394,2025,Cardiff 028,35_49,1,453
W02000394,2025,Cardiff 028,50_64,1,236
W02000394,2025,Cardiff 028,65_plus,1,161
W02000394,2025,Cardiff 028,16_24,2,3466
W02000394,2025,Cardiff 028,25_34,2,782
W02000394,2025,Cardiff 028,35_49,2,387
W02000394,2025,Cardiff 028,50_64,2,197
W02000394,2025,Cardiff 028,65_plus,2,161
W02000395,2021,Cardiff 029,16_24,1,315
W02000395,2021,Cardiff 029,25_34,1,528
W02000395,2021,Cardiff 029,35_49,1,810
W02000395,2021,Cardiff 029,50_64,1,518
W02000395,2021,Cardiff 029,65_plus,1,422
W02000395,2021,Cardiff 029,16_24,2,325
W02000395,2021,Cardiff 029,25_34,2,537
W02000395,2021,Cardiff 029,35_49,2,766
W02000395,2021,Cardiff 029,50_64,2,604
W02000395,2021,Cardiff 029,65_plus,2,572
W02000395,2023,Cardiff 029,16_24,1,358
W02000395,2023,Cardiff 029,25_34,1,577
W02000395,2023,Cardiff 029,35_49,1,772
W02000395,2023,Cardiff 029,50_64,1,538
W02000395,2023,Cardiff 029,65_plus,1,438
W02000395,2023,Cardiff 029,16_24,2,367
W02000395,2023,Cardiff 029,25_34,2,547
W02000395,2023,Cardiff 029,35_49,2,786
W02000395,2023,Cardiff 029,50_64,2,612
W02000395,2023,Cardiff 029,65_plus,2,613
W02000395,2025,Cardiff 029,16_24,1,374
W02000395,2025,Cardiff 029,25_34,1,610
W02000395,2025,Cardiff 029,35_49,1,803
W02000395,2025,Cardiff 029,50_64,1,532
W02000395,2025,Cardiff 029,65_plus,1,461
W02000395,2025,Cardiff 029,16_24,2,377
W02000395,2025,Cardiff 029,25_34,2,544
W02000395,2025,Cardiff 029,35_49,2,760
W02000395,2025,Cardiff 029,50_64,2,629
W02000395,2025,Cardiff 029,65_plus,2,631
W02000396,2021,Cardiff 030,16_24,1,1113
W02000396,2021,Cardiff 030,25_34,1,915
W02000396,2021,Cardiff 030,35_49,1,784
W02000396,2021,Cardiff 030,50_64,1,399
W02000396,2021,Cardiff 030,65_plus,1,219
W02000396,2021,Cardiff 030,16_24,2,1152
W02000396,2021,Cardiff 030,25_34,2,780
W02000396,2021,Cardiff 030,35_49,2,632
W02000396,2021,Cardiff 030,50_64,2,381
W02000396,2021,Cardiff 030,65_plus,2,321
W02000396,2023,Cardiff 030,16_24,1,1039
W02000396,2023,Cardiff 030,25_34,1,939
W02000396,2023,Cardiff 030,35_49,1,801
W02000396,2023,Cardiff 030,50_64,1,414
W02000396,2023,Cardiff 030,65_plus,1,223
W02000396,2023,Cardiff 030,16_24,2,1161
W02000396,2023,Cardiff 030,25_34,2,794
W02000396,2023,Cardiff 030,35_49,2,657
W02000396,2023,Cardiff 030,50_64,2,366
W02000396,2023,Cardiff 030,65_plus,2,317
W02000396,2025,Cardiff 030,16_24,1,1204
W02000396,2025,Cardiff 030,25_34,1,1065
W02000396,2025,Cardiff 030,35_49,1,849
W02000396,2025,Cardiff 030,50_64,1,430
W02000396,2025,Cardiff 030,65_plus,1,218
W02000396,2025,Cardiff 030,16_24,2,1137
W02000396,2025,Cardiff 030,25_34,2,875
W02000396,2025,Cardiff 030,35_49,2,697
W02000396,2025,Cardiff 030,50_64,2,368
W02000396,2025,Cardiff 030,65_plus,2,308
W02000397,2021,Cardiff 031,16_24,1,283
W02000397,2021,Cardiff 031,25_34,1,395
W02000397,2021,Cardiff 031,35_49,1,551
W02000397,2021,Cardiff 031,50_64,1,685
W02000397,2021,Cardiff 031,65_plus,1,526
W02000397,2021,Cardiff 031,16_24,2,363
W02000397,2021,Cardiff 031,25_34,2,412
W02000397,2021,Cardiff 031,35_49,2,651
W02000397,2021,Cardiff 031,50_64,2,754
W02000397,2021,Cardiff 031,65_plus,2,717
W02000397,2023,Cardiff 031,16_24,1,318
W02000397,2023,Cardiff 031,25_34,1,382
W02000397,2023,Cardiff 031,35_49,1,560
W02000397,2023,Cardiff 031,50_64,1,699
W02000397,2023,Cardiff 031,65_plus,1,534
W02000397,2023,Cardiff 031,16_24,2,438
W02000397,2023,Cardiff 031,25_34,2,382
W02000397,2023,Cardiff 031,35_49,2,645
W02000397,2023,Cardiff 031,50_64,2,756
W02000397,2023,Cardiff 031,65_plus,2,745
W02000397,2025,Cardiff 031,16_24,1,343
W02000397,2025,Cardiff 031,25_34,1,378
W02000397,2025,Cardiff 031,35_49,1,589
W02000397,2025,Cardiff 031,50_64,1,668
W02000397,2025,Cardiff 031,65_plus,1,550
W02000397,2025,Cardiff 031,16_24,2,445
W02000397,2025,Cardiff 031,25_34,2,405
W02000397,2025,Cardiff 031,35_49,2,696
W02000397,2025,Cardiff 031,50_64,2,723
W02000397,2025,Cardiff 031,65_plus,2,757
W02000398,2021,Cardiff 032,16_24,1,4411
W02000398,2021,Cardiff 032,25_34,1,883
W02000398,2021,Cardiff 032,35_49,1,431
W02000398,2021,Cardiff 032,50_64,1,191
W02000398,2021,Cardiff 032,65_plus,1,110
W02000398,2021,Cardiff 032,16_24,2,4786
W02000398,2021,Cardiff 032,25_34,2,717
W02000398,2021,Cardiff 032,35_49,2,234
W02000398,2021,Cardiff 032,50_64,2,125
W02000398,2021,Cardiff 032,65_plus,2,191
W02000398,2023,Cardiff 032,16_24,1,4460
W02000398,2023,Cardiff 032,25_34,1,1008
W02000398,2023,Cardiff 032,35_49,1,379
W02000398,2023,Cardiff 032,50_64,1,190
W02000398,2023,Cardiff 032,65_plus,1,97
W02000398,2023,Cardiff 032,16_24,2,5361
W02000398,2023,Cardiff 032,25_34,2,959
W02000398,2023,Cardiff 032,35_49,2,312
W02000398,2023,Cardiff 032,50_64,2,133
W02000398,2023,Cardiff 032,65_plus,2,131
W02000398,2025,Cardiff 032,16_24,1,4502
W02000398,2025,Cardiff 032,25_34,1,1130
W02000398,2025,Cardiff 032,35_49,1,409
W02000398,2025,Cardiff 032,50_64,1,221
W02000398,2025,Cardiff 032,65_plus,1,102
W02000398,2025,Cardiff 032,16_24,2,5515
W02000398,2025,Cardiff 032,25_34,2,1068
W02000398,2025,Cardiff 032,35_49,2,331
W02000398,2025,Cardiff 032,50_64,2,118
W02000398,2025,Cardiff 032,65_plus,2,146
W02000399,2021,Cardiff 033,16_24,1,1568
W02000399,2021,Cardiff 033,25_34,1,1440
W02000399,2021,Cardiff 033,35_49,1,956
W02000399,2021,Cardiff 033,50_64,1,607
W02000399,2021,Cardiff 033,65_plus,1,344
W02000399,2021,Cardiff 033,16_24,2,1426
W02000399,2021,Cardiff 033,25_34,2,1225
W02000399,2021,Cardiff 033,35_49,2,707
W02000399,2021,Cardiff 033,50_64,2,482
W02000399,2021,Cardiff 033,65_plus,2,441
W02000399,2023,Cardiff 033,16_24,1,2018
W02000399,2023,Cardiff 033,25_34,1,1643
W02000399,2023,Cardiff 033,35_49,1,1022
W02000399,2023,Cardiff 033,50_64,1,635
W02000399,2023,Cardiff 033,65_plus,1,356
W02000399,2023,Cardiff 033,16_24,2,1755
W02000399,2023,Cardiff 033,25_34,2,1418
W02000399,2023,Cardiff 033,35_49,2,759
W02000399,2023,Cardiff 033,50_64,2,487
W02000399,2023,Cardiff 033,65_plus,2,412
W02000399,2025,Cardiff 033,16_24,1,2083
W02000399,2025,Cardiff 033,25_34,1,1761
W02000399,2025,Cardiff 033,35_49,1,1089
W02000399,2025,Cardiff 033,50_64,1,650
W02000399,2025,Cardiff 033,65_plus,1,388
W02000399,2025,Cardiff 033,16_24,2,1859
W02000399,2025,Cardiff 033,25_34,2,1509
W02000399,2025,Cardiff 033,35_49,2,770
W02000399,2025,Cardiff 033,50_64,2,484
W02000399,2025,Cardiff 033,65_plus,2,425
W02000400,2021,Cardiff 034,16_24,1,283
W02000400,2021,Cardiff 034,25_34,1,715
W02000400,2021,Cardiff 034,35_49,1,747
W02000400,2021,Cardiff 034,50_64,1,636
W02000400,2021,Cardiff 034,65_plus,1,404
W02000400,2021,Cardiff 034,16_24,2,304
W02000400,2021,Cardiff 034,25_34,2,636
W02000400,2021,Cardiff 034,35_49,2,664
W02000400,2021,Cardiff 034,50_64,2,619
W02000400,2021,Cardiff 034,65_plus,2,485
W02000400,2023,Cardiff 034,16_24,1,273
W02000400,2023,Cardiff 034,25_34,1,767
W02000400,2023,Cardiff 034,35_49,1,713
W02000400,2023,Cardiff 034,50_64,1,651
W02000400,2023,Cardiff 034,65_plus,1,401
W02000400,2023,Cardiff 034,16_24,2,347
W02000400,2023,Cardiff 034,25_34,2,668
W02000400,2023,Cardiff 034,35_49,2,603
W02000400,2023,Cardiff 034,50_64,2,638
W02000400,2023,Cardiff 034,65_plus,2,500
W02000400,2025,Cardiff 034,16_24,1,304
W02000400,2025,Cardiff 034,25_34,1,829
W02000400,2025,Cardiff 034,35_49,1,693
W02000400,2025,Cardiff 034,50_64,1,645
W02000400,2025,Cardiff 034,65_plus,1,422
W02000400,2025,Cardiff 034,16_24,2,319
W02000400,2025,Cardiff 034,25_34,2,767
W02000400,2025,Cardiff 034,35_49,2,604
W02000400,2025,Cardiff 034,50_64,2,609
W02000400,2025,Cardiff 034,65_plus,2,490
W02000401,2021,Cardiff 035,16_24,1,242
W02000401,2021,Cardiff 035,25_34,1,375
W02000401,2021,Cardiff 035,35_49,1,678
W02000401,2021,Cardiff 035,50_64,1,567
W02000401,2021,Cardiff 035,65_plus,1,459
W02000401,2021,Cardiff 035,16_24,2,215
W02000401,2021,Cardiff 035,25_34,2,436
W02000401,2021,Cardiff 035,35_49,2,715
W02000401,2021,Cardiff 035,50_64,2,577
W02000401,2021,Cardiff 035,65_plus,2,523
W02000401,2023,Cardiff 035,16_24,1,263
W02000401,2023,Cardiff 035,25_34,1,422
W02000401,2023,Cardiff 035,35_49,1,639
W02000401,2023,Cardiff 035,50_64,1,569
W02000401,2023,Cardiff 035,65_plus,1,472
W02000401,2023,Cardiff 035,16_24,2,247
W02000401,2023,Cardiff 035,25_34,2,450
W02000401,2023,Cardiff 035,35_49,2,685
W02000401,2023,Cardiff 035,50_64,2,593
W02000401,2023,Cardiff 035,65_plus,2,522
W02000401,2025,Cardiff 035,16_24,1,285
W02000401,2025,Cardiff 035,25_34,1,454
W02000401,2025,Cardiff 035,35_49,1,649
W02000401,2025,Cardiff 035,50_64,1,565
W02000401,2025,Cardiff 035,65_plus,1,476
W02000401,2025,Cardiff 035,16_24,2,270
W02000401,2025,Cardiff 035,25_34,2,464
W02000401,2025,Cardiff 035,35_49,2,667
W02000401,2025,Cardiff 035,50_64,2,610
W02000401,2025,Cardiff 035,65_plus,2,527
W02000402,2021,Cardiff 036,16_24,1,1489
W02000402,2021,Cardiff 036,25_34,1,1459
W02000402,2021,Cardiff 036,35_49,1,1222
W02000402,2021,Cardiff 036,50_64,1,691
W02000402,2021,Cardiff 036,65_plus,1,294
W02000402,2021,Cardiff 036,16_24,2,1498
W02000402,2021,Cardiff 036,25_34,2,1191
W02000402,2021,Cardiff 036,35_49,2,864
W02000402,2021,Cardiff 036,50_64,2,626
W02000402,2021,Cardiff 036,65_plus,2,332
W02000402,2023,Cardiff 036,16_24,1,2030
W02000402,2023,Cardiff 036,25_34,1,1646
W02000402,2023,Cardiff 036,35_49,1,1256
W02000402,2023,Cardiff 036,50_64,1,709
W02000402,2023,Cardiff 036,65_plus,1,274
W02000402,2023,Cardiff 036,16_24,2,2034
W02000402,2023,Cardiff 036,25_34,2,1303
W02000402,2023,Cardiff 036,35_49,2,839
W02000402,2023,Cardiff 036,50_64,2,624
W02000402,2023,Cardiff 036,65_plus,2,301
W02000402,2025,Cardiff 036,16_24,1,2050
W02000402,2025,Cardiff 036,25_34,1,1770
W02000402,2025,Cardiff 036,35_49,1,1375
W02000402,2025,Cardiff 036,50_64,1,708
W02000402,2025,Cardiff 036,65_plus,1,285
W02000402,2025,Cardiff 036,16_24,2,2111
W02000402,2025,Cardiff 036,25_34,2,1347
W02000402,2025,Cardiff 036,35_49,2,990
W02000402,2025,Cardiff 036,50_64,2,624
W02000402,2025,Cardiff 036,65_plus,2,293
W02000403,2021,Cardiff 037,16_24,1,402
W02000403,2021,Cardiff 037,25_34,1,583
W02000403,2021,Cardiff 037,35_49,1,873
W02000403,2021,Cardiff 037,50_64,1,554
W02000403,2021,Cardiff 037,65_plus,1,362
W02000403,2021,Cardiff 037,16_24,2,445
W02000403,2021,Cardiff 037,25_34,2,748
W02000403,2021,Cardiff 037,35_49,2,880
W02000403,2021,Cardiff 037,50_64,2,663
W02000403,2021,Cardiff 037,65_plus,2,347
W02000403,2023,Cardiff 037,16_24,1,421
W02000403,2023,Cardiff 037,25_34,1,616
W02000403,2023,Cardiff 037,35_49,1,923
W02000403,2023,Cardiff 037,50_64,1,567
W02000403,2023,Cardiff 037,65_plus,1,360
W02000403,2023,Cardiff 037,16_24,2,514
W02000403,2023,Cardiff 037,25_34,2,733
W02000403,2023,Cardiff 037,35_49,2,933
W02000403,2023,Cardiff 037,50_64,2,655
W02000403,2023,Cardiff 037,65_plus,2,321
W02000403,2025,Cardiff 037,16_24,1,486
W02000403,2025,Cardiff 037,25_34,1,654
W02000403,2025,Cardiff 037,35_49,1,976
W02000403,2025,Cardiff 037,50_64,1,546
W02000403,2025,Cardiff 037,65_plus,1,405
W02000403,2025,Cardiff 037,16_24,2,553
W02000403,2025,Cardiff 037,25_34,2,759
W02000403,2025,Cardiff 037,35_49,2,975
W02000403,2025,Cardiff 037,50_64,2,653
W02000403,2025,Cardiff 037,65_plus,2,338
W02000404,2021,Cardiff 038,16_24,1,302
W02000404,2021,Cardiff 038,25_34,1,685
W02000404,2021,Cardiff 038,35_49,1,642
W02000404,2021,Cardiff 038,50_64,1,517
W02000404,2021,Cardiff 038,65_plus,1,356
W02000404,2021,Cardiff 038,16_24,2,326
W02000404,2021,Cardiff 038,25_34,2,693
W02000404,2021,Cardiff 038,35_49,2,658
W02000404,2021,Cardiff 038,50_64,2,565
W02000404,2021,Cardiff 038,65_plus,2,366
W02000404,2023,Cardiff 038,16_24,1,347
W02000404,2023,Cardiff 038,25_34,1,705
W02000404,2023,Cardiff 038,35_49,1,679
W02000404,2023,Cardiff 038,50_64,1,540
W02000404,2023,Cardiff 038,65_plus,1,353
W02000404,2023,Cardiff 038,16_24,2,378
W02000404,2023,Cardiff 038,25_34,2,719
W02000404,2023,Cardiff 038,35_49,2,669
W02000404,2023,Cardiff 038,50_64,2,589
W02000404,2023,Cardiff 038,65_plus,2,368
W02000404,2025,Cardiff 038,16_24,1,376
W02000404,2025,Cardiff 038,25_34,1,813
W02000404,2025,Cardiff 038,35_49,1,687
W02000404,2025,Cardiff 038,50_64,1,548
W02000404,2025,Cardiff 038,65_plus,1,359
W02000404,2025,Cardiff 038,16_24,2,379
W02000404,2025,Cardiff 038,25_34,2,762
W02000404,2025,Cardiff 038,35_49,2,734
W02000404,2025,Cardiff 038,50_64,2,558
W02000404,2025,Cardiff 038,65_plus,2,391
W02000405,2021,Cardiff 039,16_24,1,471
W02000405,2021,Cardiff 039,25_34,1,409
W02000405,2021,Cardiff 039,35_49,1,591
W02000405,2021,Cardiff 039,50_64,1,530
W02000405,2021,Cardiff 039,65_plus,1,360
W02000405,2021,Cardiff 039,16_24,2,475
W02000405,2021,Cardiff 039,25_34,2,727
W02000405,2021,Cardiff 039,35_49,2,725
W02000405,2021,Cardiff 039,50_64,2,676
W02000405,2021,Cardiff 039,65_plus,2,411
W02000405,2023,Cardiff 039,16_24,1,512
W02000405,2023,Cardiff 039,25_34,1,405
W02000405,2023,Cardiff 039,35_49,1,608
W02000405,2023,Cardiff 039,50_64,1,524
W02000405,2023,Cardiff 039,65_plus,1,334
W02000405,2023,Cardiff 039,16_24,2,522
W02000405,2023,Cardiff 039,25_34,2,673
W02000405,2023,Cardiff 039,35_49,2,787
W02000405,2023,Cardiff 039,50_64,2,673
W02000405,2023,Cardiff 039,65_plus,2,391
W02000405,2025,Cardiff 039,16_24,1,580
W02000405,2025,Cardiff 039,25_34,1,420
W02000405,2025,Cardiff 039,35_49,1,651
W02000405,2025,Cardiff 039,50_64,1,540
W02000405,2025,Cardiff 039,65_plus,1,327
W02000405,2025,Cardiff 039,16_24,2,589
W02000405,2025,Cardiff 039,25_34,2,659
W02000405,2025,Cardiff 039,35_49,2,879
W02000405,2025,Cardiff 039,50_64,2,663
W02000405,2025,Cardiff 039,65_plus,2,397
W02000406,2021,Cardiff 040,16_24,1,497
W02000406,2021,Cardiff 040,25_34,1,838
W02000406,2021,Cardiff 040,35_49,1,1061
W02000406,2021,Cardiff 040,50_64,1,818
W02000406,2021,Cardiff 040,65_plus,1,506
W02000406,2021,Cardiff 040,16_24,2,476
W02000406,2021,Cardiff 040,25_34,2,997
W02000406,2021,Cardiff 040,35_49,2,1159
W02000406,2021,Cardiff 040,50_64,2,839
W02000406,2021,Cardiff 040,65_plus,2,636
W02000406,2023,Cardiff 040,16_24,1,535
W02000406,2023,Cardiff 040,25_34,1,1032
W02000406,2023,Cardiff 040,35_49,1,1093
W02000406,2023,Cardiff 040,50_64,1,862
W02000406,2023,Cardiff 040,65_plus,1,520
W02000406,2023,Cardiff 040,16_24,2,534
W02000406,2023,Cardiff 040,25_34,2,1140
W02000406,2023,Cardiff 040,35_49,2,1210
W02000406,2023,Cardiff 040,50_64,2,867
W02000406,2023,Cardiff 040,65_plus,2,639
W02000406,2025,Cardiff 040,16_24,1,592
W02000406,2025,Cardiff 040,25_34,1,1127
W02000406,2025,Cardiff 040,35_49,1,1157
W02000406,2025,Cardiff 040,50_64,1,817
W02000406,2025,Cardiff 040,65_plus,1,580
W02000406,2025,Cardiff 040,16_24,2,605
W02000406,2025,Cardiff 040,25_34,2,1209
W02000406,2025,Cardiff 040,35_49,2,1288
W02000406,2025,Cardiff 040,50_64,2,874
W02000406,2025,Cardiff 040,65_plus,2,701
W02000407,2021,Cardiff 041,16_24,1,390
W02000407,2021,Cardiff 041,25_34,1,373
W02000407,2021,Cardiff 041,35_49,1,551
W02000407,2021,Cardiff 041,50_64,1,555
W02000407,2021,Cardiff 041,65_plus,1,473
W02000407,2021,Cardiff 041,16_24,2,378
W02000407,2021,Cardiff 041,25_34,2,483
W02000407,2021,Cardiff 041,35_49,2,703
W02000407,2021,Cardiff 041,50_64,2,600
W02000407,2021,Cardiff 041,65_plus,2,530
W02000407,2023,Cardiff 041,16_24,1,429
W02000407,2023,Cardiff 041,25_34,1,384
W02000407,2023,Cardiff 041,35_49,1,520
W02000407,2023,Cardiff 041,50_64,1,548
W02000407,2023,Cardiff 041,65_plus,1,469
W02000407,2023,Cardiff 041,16_24,2,388
W02000407,2023,Cardiff 041,25_34,2,480
W02000407,2023,Cardiff 041,35_49,2,677
W02000407,2023,Cardiff 041,50_64,2,627
W02000407,2023,Cardiff 041,65_plus,2,569
W02000407,2025,Cardiff 041,16_24,1,452
W02000407,2025,Cardiff 041,25_34,1,431
W02000407,2025,Cardiff 041,35_49,1,556
W02000407,2025,Cardiff 041,50_64,1,545
W02000407,2025,Cardiff 041,65_plus,1,490
W02000407,2025,Cardiff 041,16_24,2,433
W02000407,2025,Cardiff 041,25_34,2,478
W02000407,2025,Cardiff 041,35_49,2,687
W02000407,2025,Cardiff 041,50_64,2,631
W02000407,2025,Cardiff 041,65_plus,2,565
W02000408,2021,Cardiff 042,16_24,1,528
W02000408,2021,Cardiff 042,25_34,1,790
W02000408,2021,Cardiff 042,35_49,1,939
W02000408,2021,Cardiff 042,50_64,1,536
W02000408,2021,Cardiff 042,65_plus,1,312
W02000408,2021,Cardiff 042,16_24,2,528
W02000408,2021,Cardiff 042,25_34,2,738
W02000408,2021,Cardiff 042,35_49,2,761
W02000408,2021,Cardiff 042,50_64,2,471
W02000408,2021,Cardiff 042,65_plus,2,326
W02000408,2023,Cardiff 042,16_24,1,575
W02000408,2023,Cardiff 042,25_34,1,843
W02000408,2023,Cardiff 042,35_49,1,941
W02000408,2023,Cardiff 042,50_64,1,544
W02000408,2023,Cardiff 042,65_plus,1,319
W02000408,2023,Cardiff 042,16_24,2,552
W02000408,2023,Cardiff 042,25_34,2,745
W02000408,2023,Cardiff 042,35_49,2,783
W02000408,2023,Cardiff 042,50_64,2,481
W02000408,2023,Cardiff 042,65_plus,2,287
W02000408,2025,Cardiff 042,16_24,1,683
W02000408,2025,Cardiff 042,25_34,1,949
W02000408,2025,Cardiff 042,35_49,1,966
W02000408,2025,Cardiff 042,50_64,1,541
W02000408,2025,Cardiff 042,65_plus,1,304
W02000408,2025,Cardiff 042,16_24,2,580
W02000408,2025,Cardiff 042,25_34,2,816
W02000408,2025,Cardiff 042,35_49,2,780
W02000408,2025,Cardiff 042,50_64,2,491
W02000408,2025,Cardiff 042,65_plus,2,292
W02000409,2021,Cardiff 043,16_24,1,299
W02000409,2021,Cardiff 043,25_34,1,367
W02000409,2021,Cardiff 043,35_49,1,502
W02000409,2021,Cardiff 043,50_64,1,531
W02000409,2021,Cardiff 043,65_plus,1,460
W02000409,2021,Cardiff 043,16_24,2,304
W02000409,2021,Cardiff 043,25_34,2,472
W02000409,2021,Cardiff 043,35_49,2,598
W02000409,2021,Cardiff 043,50_64,2,613
W02000409,2021,Cardiff 043,65_plus,2,600
W02000409,2023,Cardiff 043,16_24,1,342
W02000409,2023,Cardiff 043,25_34,1,371
W02000409,2023,Cardiff 043,35_49,1,530
W02000409,2023,Cardiff 043,50_64,1,519
W02000409,2023,Cardiff 043,65_plus,1,498
W02000409,2023,Cardiff 043,16_24,2,329
W02000409,2023,Cardiff 043,25_34,2,464
W02000409,2023,Cardiff 043,35_49,2,628
W02000409,2023,Cardiff 043,50_64,2,591
W02000409,2023,Cardiff 043,65_plus,2,633
W02000409,2025,Cardiff 043,16_24,1,364
W02000409,2025,Cardiff 043,25_34,1,402
W02000409,2025,Cardiff 043,35_49,1,526
W02000409,2025,Cardiff 043,50_64,1,496
W02000409,2025,Cardiff 043,65_plus,1,500
W02000409,2025,Cardiff 043,16_24,2,331
W02000409,2025,Cardiff 043,25_34,2,478
W02000409,2025,Cardiff 043,35_49,2,665
W02000409,2025,Cardiff 043,50_64,2,589
W02000409,2025,Cardiff 043,65_plus,2,630
W02000410,2021,Cardiff 044,16_24,1,797
W02000410,2021,Cardiff 044,25_34,1,844
W02000410,2021,Cardiff 044,35_49,1,942
W02000410,2021,Cardiff 044,50_64,1,640
W02000410,2021,Cardiff 044,65_plus,1,339
W02000410,2021,Cardiff 044,16_24,2,686
W02000410,2021,Cardiff 044,25_34,2,811
W02000410,2021,Cardiff 044,35_49,2,889
W02000410,2021,Cardiff 044,50_64,2,555
W02000410,2021,Cardiff 044,65_plus,2,332
W02000410,2023,Cardiff 044,16_24,1,848
W02000410,2023,Cardiff 044,25_34,1,869
W02000410,2023,Cardiff 044,35_49,1,947
W02000410,2023,Cardiff 044,50_64,1,645
W02000410,2023,Cardiff 044,65_plus,1,326
W02000410,2023,Cardiff 044,16_24,2,773
W02000410,2023,Cardiff 044,25_34,2,813
W02000410,2023,Cardiff 044,35_49,2,917
W02000410,2023,Cardiff 044,50_64,2,579
W02000410,2023,Cardiff 044,65_plus,2,327
W02000410,2025,Cardiff 044,16_24,1,939
W02000410,2025,Cardiff 044,25_34,1,989
W02000410,2025,Cardiff 044,35_49,1,1009
W02000410,2025,Cardiff 044,50_64,1,648
W02000410,2025,Cardiff 044,65_plus,1,339
W02000410,2025,Cardiff 044,16_24,2,794
W02000410,2025,Cardiff 044,25_34,2,868
W02000410,2025,Cardiff 044,35_49,2,965
W02000410,2025,Cardiff 044,50_64,2,555
W02000410,2025,Cardiff 044,65_plus,2,351
W02000411,2021,Cardiff 045,16_24,1,406
W02000411,2021,Cardiff 045,25_34,1,426
W02000411,2021,Cardiff 045,35_49,1,611
W02000411,2021,Cardiff 045,50_64,1,596
W02000411,2021,Cardiff 045,65_plus,1,409
W02000411,2021,Cardiff 045,16_24,2,367
W02000411,2021,Cardiff 045,25_34,2,493
W02000411,2021,Cardiff 045,35_49,2,712
W02000411,2021,Cardiff 045,50_64,2,658
W02000411,2021,Cardiff 045,65_plus,2,541
W02000411,2023,Cardiff 045,16_24,1,449
W02000411,2023,Cardiff 045,25_34,1,433
W02000411,2023,Cardiff 045,35_49,1,606
W02000411,2023,Cardiff 045,50_64,1,597
W02000411,2023,Cardiff 045,65_plus,1,449
W02000411,2023,Cardiff 045,16_24,2,422
W02000411,2023,Cardiff 045,25_34,2,477
W02000411,2023,Cardiff 045,35_49,2,700
W02000411,2023,Cardiff 045,50_64,2,657
W02000411,2023,Cardiff 045,65_plus,2,546
W02000411,2025,Cardiff 045,16_24,1,483
W02000411,2025,Cardiff 045,25_34,1,458
W02000411,2025,Cardiff 045,35_49,1,641
W02000411,2025,Cardiff 045,50_64,1,567
W02000411,2025,Cardiff 045,65_plus,1,495
W02000411,2025,Cardiff 045,16_24,2,479
W02000411,2025,Cardiff 045,25_34,2,453
W02000411,2025,Cardiff 045,35_49,2,767
W02000411,2025,Cardiff 045,50_64,2,656
W02000411,2025,Cardiff 045,65_plus,2,562
W02000412,2021,Cardiff 046,16_24,1,417
W02000412,2021,Cardiff 046,25_34,1,644
W02000412,2021,Cardiff 046,35_49,1,686
W02000412,2021,Cardiff 046,50_64,1,591
W02000412,2021,Cardiff 046,65_plus,1,403
W02000412,2021,Cardiff 046,16_24,2,419
W02000412,2021,Cardiff 046,25_34,2,620
W02000412,2021,Cardiff 046,35_49,2,714
W02000412,2021,Cardiff 046,50_64,2,558
W02000412,2021,Cardiff 046,65_plus,2,435
W02000412,2023,Cardiff 046,16_24,1,474
W02000412,2023,Cardiff 046,25_34,1,665
W02000412,2023,Cardiff 046,35_49,1,704
W02000412,2023,Cardiff 046,50_64,1,579
W02000412,2023,Cardiff 046,65_plus,1,411
W02000412,2023,Cardiff 046,16_24,2,418
W02000412,2023,Cardiff 046,25_34,2,656
W02000412,2023,Cardiff 046,35_49,2,743
W02000412,2023,Cardiff 046,50_64,2,575
W02000412,2023,Cardiff 046,65_plus,2,454
W02000412,2025,Cardiff 046,16_24,1,483
W02000412,2025,Cardiff 046,25_34,1,743
W02000412,2025,Cardiff 046,35_49,1,734
W02000412,2025,Cardiff 046,50_64,1,563
W02000412,2025,Cardiff 046,65_plus,1,406
W02000412,2025,Cardiff 046,16_24,2,454
W02000412,2025,Cardiff 046,25_34,2,690
W02000412,2025,Cardiff 046,35_49,2,765
W02000412,2025,Cardiff 046,50_64,2,555
W02000412,2025,Cardiff 046,65_plus,2,494
W02000414,2021,Powys 020,16_24,1,230
W02000414,2021,Powys 020,25_34,1,224
W02000414,2021,Powys 020,35_49,1,468
W02000414,2021,Powys 020,50_64,1,797
W02000414,2021,Powys 020,65_plus,1,817
W02000414,2021,Powys 020,16_24,2,209
W02000414,2021,Powys 020,25_34,2,242
W02000414,2021,Powys 020,35_49,2,506
W02000414,2021,Powys 020,50_64,2,847
W02000414,2021,Powys 020,65_plus,2,875
W02000414,2023,Powys 020,16_24,1,198
W02000414,2023,Powys 020,25_34,1,242
W02000414,2023,Powys 020,35_49,1,476
W02000414,2023,Powys 020,50_64,1,769
W02000414,2023,Powys 020,65_plus,1,845
W02000414,2023,Powys 020,16_24,2,205
W02000414,2023,Powys 020,25_34,2,239
W02000414,2023,Powys 020,35_49,2,483
W02000414,2023,Powys 020,50_64,2,855
W02000414,2023,Powys 020,65_plus,2,871
W02000414,2025,Powys 020,16_24,1,195
W02000414,2025,Powys 020,25_34,1,256
W02000414,2025,Powys 020,35_49,1,464
W02000414,2025,Powys 020,50_64,1,765
W02000414,2025,Powys 020,65_plus,1,861
W02000414,2025,Powys 020,16_24,2,211
W02000414,2025,Powys 020,25_34,2,234
W02000414,2025,Powys 020,35_49,2,470
W02000414,2025,Powys 020,50_64,2,835
W02000414,2025,Powys 020,65_plus,2,917
W02000415,2021,Merthyr Tydfil 008,16_24,1,572
W02000415,2021,Merthyr Tydfil 008,25_34,1,550
W02000415,2021,Merthyr Tydfil 008,35_49,1,761
W02000415,2021,Merthyr Tydfil 008,50_64,1,876
W02000415,2021,Merthyr Tydfil 008,65_plus,1,685
W02000415,2021,Merthyr Tydfil 008,16_24,2,561
W02000415,2021,Merthyr Tydfil 008,25_34,2,739
W02000415,2021,Merthyr Tydfil 008,35_49,2,880
W02000415,2021,Merthyr Tydfil 008,50_64,2,979
W02000415,2021,Merthyr Tydfil 008,65_plus,2,782
W02000415,2023,Merthyr Tydfil 008,16_24,1,568
W02000415,2023,Merthyr Tydfil 008,25_34,1,516
W02000415,2023,Merthyr Tydfil 008,35_49,1,754
W02000415,2023,Merthyr Tydfil 008,50_64,1,865
W02000415,2023,Merthyr Tydfil 008,65_plus,1,669
W02000415,2023,Merthyr Tydfil 008,16_24,2,563
W02000415,2023,Merthyr Tydfil 008,25_34,2,707
W02000415,2023,Merthyr Tydfil 008,35_49,2,922
W02000415,2023,Merthyr Tydfil 008,50_64,2,964
W02000415,2023,Merthyr Tydfil 008,65_plus,2,756
W02000415,2025,Merthyr Tydfil 008,16_24,1,598
W02000415,2025,Merthyr Tydfil 008,25_34,1,532
W02000415,2025,Merthyr Tydfil 008,35_49,1,772
W02000415,2025,Merthyr Tydfil 008,50_64,1,798
W02000415,2025,Merthyr Tydfil 008,65_plus,1,696
W02000415,2025,Merthyr Tydfil 008,16_24,2,597
W02000415,2025,Merthyr Tydfil 008,25_34,2,663
W02000415,2025,Merthyr Tydfil 008,35_49,2,958
W02000415,2025,Merthyr Tydfil 008,50_64,2,958
W02000415,2025,Merthyr Tydfil 008,65_plus,2,773
W02000416,2021,Powys 021,16_24,1,513
W02000416,2021,Powys 021,25_34,1,528
W02000416,2021,Powys 021,35_49,1,816
W02000416,2021,Powys 021,50_64,1,1154
W02000416,2021,Powys 021,65_plus,1,1239
W02000416,2021,Powys 021,16_24,2,447
W02000416,2021,Powys 021,25_34,2,517
W02000416,2021,Powys 021,35_49,2,884
W02000416,2021,Powys 021,50_64,2,1178
W02000416,2021,Powys 021,65_plus,2,1462
W02000416,2023,Powys 021,16_24,1,491
W02000416,2023,Powys 021,25_34,1,523
W02000416,2023,Powys 021,35_49,1,800
W02000416,2023,Powys 021,50_64,1,1165
W02000416,2023,Powys 021,65_plus,1,1230
W02000416,2023,Powys 021,16_24,2,433
W02000416,2023,Powys 021,25_34,2,508
W02000416,2023,Powys 021,35_49,2,871
W02000416,2023,Powys 021,50_64,2,1146
W02000416,2023,Powys 021,65_plus,2,1463
W02000416,2025,Powys 021,16_24,1,489
W02000416,2025,Powys 021,25_34,1,513
W02000416,2025,Powys 021,35_49,1,856
W02000416,2025,Powys 021,50_64,1,1143
W02000416,2025,Powys 021,65_plus,1,1245
W02000416,2025,Powys 021,16_24,2,413
W02000416,2025,Powys 021,25_34,2,502
W02000416,2025,Powys 021,35_49,2,897
W02000416,2025,Powys 021,50_64,2,1136
W02000416,2025,Powys 021,65_plus,2,1455
W02000417,2021,Neath Port Talbot 020,16_24,1,495
W02000417,2021,Neath Port Talbot 020,25_34,1,648
W02000417,2021,Neath Port Talbot 020,35_49,1,855
W02000417,2021,Neath Port Talbot 020,50_64,1,1070
W02000417,2021,Neath Port Talbot 020,65_plus,1,1046
W02000417,2021,Neath Port Talbot 020,16_24,2,508
W02000417,2021,Neath Port Talbot 020,25_34,2,636
W02000417,2021,Neath Port Talbot 020,35_49,2,947
W02000417,2021,Neath Port Talbot 020,50_64,2,1118
W02000417,2021,Neath Port Talbot 020,65_plus,2,1118
W02000417,2023,Neath Port Talbot 020,16_24,1,479
W02000417,2023,Neath Port Talbot 020,25_34,1,612
W02000417,2023,Neath Port Talbot 020,35_49,1,895
W02000417,2023,Neath Port Talbot 020,50_64,1,1031
W02000417,2023,Neath Port Talbot 020,65_plus,1,1083
W02000417,2023,Neath Port Talbot 020,16_24,2,474
W02000417,2023,Neath Port Talbot 020,25_34,2,673
W02000417,2023,Neath Port Talbot 020,35_49,2,940
W02000417,2023,Neath Port Talbot 020,50_64,2,1125
W02000417,2023,Neath Port Talbot 020,65_plus,2,1143
W02000417,2025,Neath Port Talbot 020,16_24,1,530
W02000417,2025,Neath Port Talbot 020,25_34,1,601
W02000417,2025,Neath Port Talbot 020,35_49,1,899
W02000417,2025,Neath Port Talbot 020,50_64,1,1030
W02000417,2025,Neath Port Talbot 020,65_plus,1,1126
W02000417,2025,Neath Port Talbot 020,16_24,2,491
W02000417,2025,Neath Port Talbot 020,25_34,2,637
W02000417,2025,Neath Port Talbot 020,35_49,2,968
W02000417,2025,Neath Port Talbot 020,50_64,2,1133
W02000417,2025,Neath Port Talbot 020,65_plus,2,1167
W02000418,2021,Carmarthenshire 027,16_24,1,520
W02000418,2021,Carmarthenshire 027,25_34,1,598
W02000418,2021,Carmarthenshire 027,35_49,1,968
W02000418,2021,Carmarthenshire 027,50_64,1,1364
W02000418,2021,Carmarthenshire 027,65_plus,1,1612
W02000418,2021,Carmarthenshire 027,16_24,2,443
W02000418,2021,Carmarthenshire 027,25_34,2,621
W02000418,2021,Carmarthenshire 027,35_49,2,1024
W02000418,2021,Carmarthenshire 027,50_64,2,1545
W02000418,2021,Carmarthenshire 027,65_plus,2,1654
W02000418,2023,Carmarthenshire 027,16_24,1,555
W02000418,2023,Carmarthenshire 027,25_34,1,551
W02000418,2023,Carmarthenshire 027,35_49,1,972
W02000418,2023,Carmarthenshire 027,50_64,1,1403
W02000418,2023,Carmarthenshire 027,65_plus,1,1683
W02000418,2023,Carmarthenshire 027,16_24,2,457
W02000418,2023,Carmarthenshire 027,25_34,2,546
W02000418,2023,Carmarthenshire 027,35_49,2,1036
W02000418,2023,Carmarthenshire 027,50_64,2,1564
W02000418,2023,Carmarthenshire 027,65_plus,2,1754
W02000418,2025,Carmarthenshire 027,16_24,1,565
W02000418,2025,Carmarthenshire 027,25_34,1,540
W02000418,2025,Carmarthenshire 027,35_49,1,1013
W02000418,2025,Carmarthenshire 027,50_64,1,1355
W02000418,2025,Carmarthenshire 027,65_plus,1,1788
W02000418,2025,Carmarthenshire 027,16_24,2,467
W02000418,2025,Carmarthenshire 027,25_34,2,567
W02000418,2025,Carmarthenshire 027,35_49,2,1045
W02000418,2025,Carmarthenshire 027,50_64,2,1563
W02000418,2025,Carmarthenshire 027,65_plus,2,1869
W02000419,2021,Denbighshire 017,16_24,1,550
W02000419,2021,Denbighshire 017,25_34,1,644
W02000419,2021,Denbighshire 017,35_49,1,851
W02000419,2021,Denbighshire 017,50_64,1,1083
W02000419,2021,Denbighshire 017,65_plus,1,1191
W02000419,2021,Denbighshire 017,16_24,2,527
W02000419,2021,Denbighshire 017,25_34,2,696
W02000419,2021,Denbighshire 017,35_49,2,986
W02000419,2021,Denbighshire 017,50_64,2,1206
W02000419,2021,Denbighshire 017,65_plus,2,1476
W02000419,2023,Denbighshire 017,16_24,1,572
W02000419,2023,Denbighshire 017,25_34,1,680
W02000419,2023,Denbighshire 017,35_49,1,859
W02000419,2023,Denbighshire 017,50_64,1,1126
W02000419,2023,Denbighshire 017,65_plus,1,1179
W02000419,2023,Denbighshire 017,16_24,2,532
W02000419,2023,Denbighshire 017,25_34,2,741
W02000419,2023,Denbighshire 017,35_49,2,999
W02000419,2023,Denbighshire 017,50_64,2,1249
W02000419,2023,Denbighshire 017,65_plus,2,1427
W02000419,2025,Denbighshire 017,16_24,1,606
W02000419,2025,Denbighshire 017,25_34,1,706
W02000419,2025,Denbighshire 017,35_49,1,881
W02000419,2025,Denbighshire 017,50_64,1,1148
W02000419,2025,Denbighshire 017,65_plus,1,1210
W02000419,2025,Denbighshire 017,16_24,2,548
W02000419,2025,Denbighshire 017,25_34,2,757
W02000419,2025,Denbighshire 017,35_49,2,1095
W02000419,2025,Denbighshire 017,50_64,2,1269
W02000419,2025,Denbighshire 017,65_plus,2,1465
W02000421,2021,Ceredigion 011,16_24,1,551
W02000421,2021,Ceredigion 011,25_34,1,495
W02000421,2021,Ceredigion 011,35_49,1,874
W02000421,2021,Ceredigion 011,50_64,1,1342
W02000421,2021,Ceredigion 011,65_plus,1,1444
W02000421,2021,Ceredigion 011,16_24,2,456
W02000421,2021,Ceredigion 011,25_34,2,454
W02000421,2021,Ceredigion 011,35_49,2,923
W02000421,2021,Ceredigion 011,50_64,2,1380
W02000421,2021,Ceredigion 011,65_plus,2,1665
W02000421,2023,Ceredigion 011,16_24,1,572
W02000421,2023,Ceredigion 011,25_34,1,473
W02000421,2023,Ceredigion 011,35_49,1,826
W02000421,2023,Ceredigion 011,50_64,1,1390
W02000421,2023,Ceredigion 011,65_plus,1,1513
W02000421,2023,Ceredigion 011,16_24,2,446
W02000421,2023,Ceredigion 011,25_34,2,478
W02000421,2023,Ceredigion 011,35_49,2,881
W02000421,2023,Ceredigion 011,50_64,2,1440
W02000421,2023,Ceredigion 011,65_plus,2,1682
W02000421,2025,Ceredigion 011,16_24,1,553
W02000421,2025,Ceredigion 011,25_34,1,482
W02000421,2025,Ceredigion 011,35_49,1,840
W02000421,2025,Ceredigion 011,50_64,1,1299
W02000421,2025,Ceredigion 011,65_plus,1,1569
W02000421,2025,Ceredigion 011,16_24,2,436
W02000421,2025,Ceredigion 011,25_34,2,478
W02000421,2025,Ceredigion 011,35_49,2,858
W02000421,2025,Ceredigion 011,50_64,2,1436
W02000421,2025,Ceredigion 011,65_plus,2,1729
W02000422,2021,Cardiff 048,16_24,1,448
W02000422,2021,Cardiff 048,25_34,1,1651
W02000422,2021,Cardiff 048,35_49,1,961
W02000422,2021,Cardiff 048,50_64,1,458
W02000422,2021,Cardiff 048,65_plus,1,223
W02000422,2021,Cardiff 048,16_24,2,465
W02000422,2021,Cardiff 048,25_34,2,1399
W02000422,2021,Cardiff 048,35_49,2,611
W02000422,2021,Cardiff 048,50_64,2,351
W02000422,2021,Cardiff 048,65_plus,2,209
W02000422,2023,Cardiff 048,16_24,1,419
W02000422,2023,Cardiff 048,25_34,1,1548
W02000422,2023,Cardiff 048,35_49,1,933
W02000422,2023,Cardiff 048,50_64,1,486
W02000422,2023,Cardiff 048,65_plus,1,228
W02000422,2023,Cardiff 048,16_24,2,458
W02000422,2023,Cardiff 048,25_34,2,1421
W02000422,2023,Cardiff 048,35_49,2,659
W02000422,2023,Cardiff 048,50_64,2,389
W02000422,2023,Cardiff 048,65_plus,2,196
W02000422,2025,Cardiff 048,16_24,1,521
W02000422,2025,Cardiff 048,25_34,1,1598
W02000422,2025,Cardiff 048,35_49,1,1072
W02000422,2025,Cardiff 048,50_64,1,497
W02000422,2025,Cardiff 048,65_plus,1,233
W02000422,2025,Cardiff 048,16_24,2,478
W02000422,2025,Cardiff 048,25_34,2,1492
W02000422,2025,Cardiff 048,35_49,2,785
W02000422,2025,Cardiff 048,50_64,2,398
W02000422,2025,Cardiff 048,65_plus,2,209
W02000423,2021,Cardiff 049,16_24,1,899
W02000423,2021,Cardiff 049,25_34,1,1427
W02000423,2021,Cardiff 049,35_49,1,1048
W02000423,2021,Cardiff 049,50_64,1,580
W02000423,2021,Cardiff 049,65_plus,1,490
W02000423,2021,Cardiff 049,16_24,2,919
W02000423,2021,Cardiff 049,25_34,2,1280
W02000423,2021,Cardiff 049,35_49,2,749
W02000423,2021,Cardiff 049,50_64,2,519
W02000423,2021,Cardiff 049,65_plus,2,498
W02000423,2023,Cardiff 049,16_24,1,1088
W02000423,2023,Cardiff 049,25_34,1,1475
W02000423,2023,Cardiff 049,35_49,1,1108
W02000423,2023,Cardiff 049,50_64,1,552
W02000423,2023,Cardiff 049,65_plus,1,484
W02000423,2023,Cardiff 049,16_24,2,1098
W02000423,2023,Cardiff 049,25_34,2,1320
W02000423,2023,Cardiff 049,35_49,2,782
W02000423,2023,Cardiff 049,50_64,2,525
W02000423,2023,Cardiff 049,65_plus,2,464
W02000423,2025,Cardiff 049,16_24,1,1254
W02000423,2025,Cardiff 049,25_34,1,1610
W02000423,2025,Cardiff 049,35_49,1,1189
W02000423,2025,Cardiff 049,50_64,1,626
W02000423,2025,Cardiff 049,65_plus,1,489
W02000423,2025,Cardiff 049,16_24,2,1287
W02000423,2025,Cardiff 049,25_34,2,1423
W02000423,2025,Cardiff 049,35_49,2,887
W02000423,2025,Cardiff 049,50_64,2,552
W02000423,2025,Cardiff 049,65_plus,2,488
W02000424,2021,Wrexham 021,16_24,1,309
W02000424,2021,Wrexham 021,25_34,1,280
W02000424,2021,Wrexham 021,35_49,1,517
W02000424,2021,Wrexham 021,50_64,1,780
W02000424,2021,Wrexham 021,65_plus,1,891
W02000424,2021,Wrexham 021,16_24,2,290
W02000424,2021,Wrexham 021,25_34,2,254
W02000424,2021,Wrexham 021,35_49,2,565
W02000424,2021,Wrexham 021,50_64,2,766
W02000424,2021,Wrexham 021,65_plus,2,1055
W02000424,2023,Wrexham 021,16_24,1,315
W02000424,2023,Wrexham 021,25_34,1,307
W02000424,2023,Wrexham 021,35_49,1,521
W02000424,2023,Wrexham 021,50_64,1,760
W02000424,2023,Wrexham 021,65_plus,1,925
W02000424,2023,Wrexham 021,16_24,2,295
W02000424,2023,Wrexham 021,25_34,2,335
W02000424,2023,Wrexham 021,35_49,2,573
W02000424,2023,Wrexham 021,50_64,2,774
W02000424,2023,Wrexham 021,65_plus,2,1131
W02000424,2025,Wrexham 021,16_24,1,306
W02000424,2025,Wrexham 021,25_34,1,383
W02000424,2025,Wrexham 021,35_49,1,531
W02000424,2025,Wrexham 021,50_64,1,757
W02000424,2025,Wrexham 021,65_plus,1,945
W02000424,2025,Wrexham 021,16_24,2,289
W02000424,2025,Wrexham 021,25_34,2,394
W02000424,2025,Wrexham 021,35_49,2,606
W02000424,2025,Wrexham 021,50_64,2,809
W02000424,2025,Wrexham 021,65_plus,2,1131
W02000425,2021,Wrexham 022,16_24,1,510
W02000425,2021,Wrexham 022,25_34,1,920
W02000425,2021,Wrexham 022,35_49,1,1208
W02000425,2021,Wrexham 022,50_64,1,945
W02000425,2021,Wrexham 022,65_plus,1,703
W02000425,2021,Wrexham 022,16_24,2,331
W02000425,2021,Wrexham 022,25_34,2,315
W02000425,2021,Wrexham 022,35_49,2,678
W02000425,2021,Wrexham 022,50_64,2,827
W02000425,2021,Wrexham 022,65_plus,2,767
W02000425,2023,Wrexham 022,16_24,1,519
W02000425,2023,Wrexham 022,25_34,1,1004
W02000425,2023,Wrexham 022,35_49,1,1235
W02000425,2023,Wrexham 022,50_64,1,973
W02000425,2023,Wrexham 022,65_plus,1,764
W02000425,2023,Wrexham 022,16_24,2,332
W02000425,2023,Wrexham 022,25_34,2,360
W02000425,2023,Wrexham 022,35_49,2,634
W02000425,2023,Wrexham 022,50_64,2,821
W02000425,2023,Wrexham 022,65_plus,2,787
W02000425,2025,Wrexham 022,16_24,1,508
W02000425,2025,Wrexham 022,25_34,1,1056
W02000425,2025,Wrexham 022,35_49,1,1319
W02000425,2025,Wrexham 022,50_64,1,1055
W02000425,2025,Wrexham 022,65_plus,1,805
W02000425,2025,Wrexham 022,16_24,2,366
W02000425,2025,Wrexham 022,25_34,2,318
W02000425,2025,Wrexham 022,35_49,2,596
W02000425,2025,Wrexham 022,50_64,2,851
W02000425,2025,Wrexham 022,65_plus,2,822
W02000426,2021,Wrexham 023,16_24,1,523
W02000426,2021,Wrexham 023,25_34,1,466
W02000426,2021,Wrexham 023,35_49,1,868
W02000426,2021,Wrexham 023,50_64,1,945
W02000426,2021,Wrexham 023,65_plus,1,1162
W02000426,2021,Wrexham 023,16_24,2,427
W02000426,2021,Wrexham 023,25_34,2,484
W02000426,2021,Wrexham 023,35_49,2,922
W02000426,2021,Wrexham 023,50_64,2,1057
W02000426,2021,Wrexham 023,65_plus,2,1373
W02000426,2023,Wrexham 023,16_24,1,472
W02000426,2023,Wrexham 023,25_34,1,467
W02000426,2023,Wrexham 023,35_49,1,842
W02000426,2023,Wrexham 023,50_64,1,912
W02000426,2023,Wrexham 023,65_plus,1,1212
W02000426,2023,Wrexham 023,16_24,2,405
W02000426,2023,Wrexham 023,25_34,2,472
W02000426,2023,Wrexham 023,35_49,2,923
W02000426,2023,Wrexham 023,50_64,2,1043
W02000426,2023,Wrexham 023,65_plus,2,1385
W02000426,2025,Wrexham 023,16_24,1,499
W02000426,2025,Wrexham 023,25_34,1,506
W02000426,2025,Wrexham 023,35_49,1,845
W02000426,2025,Wrexham 023,50_64,1,927
W02000426,2025,Wrexham 023,65_plus,1,1232
W02000426,2025,Wrexham 023,16_24,2,415
W02000426,2025,Wrexham 023,25_34,2,502
W02000426,2025,Wrexham 023,35_49,2,899
W02000426,2025,Wrexham 023,50_64,2,1040
W02000426,2025,Wrexham 023,65_plus,2,1426
W02000427,2021,Neath Port Talbot 021,16_24,1,592
W02000427,2021,Neath Port Talbot 021,25_34,1,640
W02000427,2021,Neath Port Talbot 021,35_49,1,1021
W02000427,2021,Neath Port Talbot 021,50_64,1,1149
W02000427,2021,Neath Port Talbot 021,65_plus,1,1091
W02000427,2021,Neath Port Talbot 021,16_24,2,587
W02000427,2021,Neath Port Talbot 021,25_34,2,648
W02000427,2021,Neath Port Talbot 021,35_49,2,1049
W02000427,2021,Neath Port Talbot 021,50_64,2,1220
W02000427,2021,Neath Port Talbot 021,65_plus,2,1308
W02000427,2023,Neath Port Talbot 021,16_24,1,560
W02000427,2023,Neath Port Talbot 021,25_34,1,650
W02000427,2023,Neath Port Talbot 021,35_49,1,959
W02000427,2023,Neath Port Talbot 021,50_64,1,1161
W02000427,2023,Neath Port Talbot 021,65_plus,1,1112
W02000427,2023,Neath Port Talbot 021,16_24,2,589
W02000427,2023,Neath Port Talbot 021,25_34,2,684
W02000427,2023,Neath Port Talbot 021,35_49,2,1021
W02000427,2023,Neath Port Talbot 021,50_64,2,1261
W02000427,2023,Neath Port Talbot 021,65_plus,2,1290
W02000427,2025,Neath Port Talbot 021,16_24,1,615
W02000427,2025,Neath Port Talbot 021,25_34,1,638
W02000427,2025,Neath Port Talbot 021,35_49,1,970
W02000427,2025,Neath Port Talbot 021,50_64,1,1125
W02000427,2025,Neath Port Talbot 021,65_plus,1,1165
W02000427,2025,Neath Port Talbot 021,16_24,2,576
W02000427,2025,Neath Port Talbot 021,25_34,2,696
W02000427,2025,Neath Port Talbot 021,35_49,2,1024
W02000427,2025,Neath Port Talbot 021,50_64,2,1245
W02000427,2025,Neath Port Talbot 021,65_plus,2,1329
W02000428,2021,Swansea 032,16_24,1,884
W02000428,2021,Swansea 032,25_34,1,517
W02000428,2021,Swansea 032,35_49,1,850
W02000428,2021,Swansea 032,50_64,1,1033
W02000428,2021,Swansea 032,65_plus,1,1217
W02000428,2021,Swansea 032,16_24,2,653
W02000428,2021,Swansea 032,25_34,2,506
W02000428,2021,Swansea 032,35_49,2,884
W02000428,2021,Swansea 032,50_64,2,1103
W02000428,2021,Swansea 032,65_plus,2,1474
W02000428,2023,Swansea 032,16_24,1,773
W02000428,2023,Swansea 032,25_34,1,556
W02000428,2023,Swansea 032,35_49,1,903
W02000428,2023,Swansea 032,50_64,1,1026
W02000428,2023,Swansea 032,65_plus,1,1201
W02000428,2023,Swansea 032,16_24,2,573
W02000428,2023,Swansea 032,25_34,2,511
W02000428,2023,Swansea 032,35_49,2,892
W02000428,2023,Swansea 032,50_64,2,1137
W02000428,2023,Swansea 032,65_plus,2,1485
W02000428,2025,Swansea 032,16_24,1,694
W02000428,2025,Swansea 032,25_34,1,569
W02000428,2025,Swansea 032,35_49,1,899
W02000428,2025,Swansea 032,50_64,1,1052
W02000428,2025,Swansea 032,65_plus,1,1183
W02000428,2025,Swansea 032,16_24,2,524
W02000428,2025,Swansea 032,25_34,2,501
W02000428,2025,Swansea 032,35_49,2,907
W02000428,2025,Swansea 032,50_64,2,1124
W02000428,2025,Swansea 032,65_plus,2,1518
