domain_id,benchmark_commute_distance,direct_estimate,direct_ci_lower,direct_ci_upper,direct_ci_width,fh_estimate,fh_ci_lower,fh_ci_upper,fh_ci_width,spatial_fh_estimate,spatial_fh_ci_lower,spatial_fh_ci_upper,spatial_fh_ci_width
W02000001,12.233856228057554,9.69955922390094,4.601025849044644,14.798092598757238,10.197066749712594,9.86511499898455,6.2396988698902005,13.148206209687489,6.908507339797288,9.694752064636907,6.26890609273402,13.643219671033213,7.374313578299193
W02000002,12.717002333962265,11.21454430158621,8.559041730421487,13.870046872750931,5.311005142329445,10.93217738943226,8.728862657822642,13.639577481281615,4.910714823458973,10.900986875349378,8.818637562105147,13.298694918820065,4.480057356714918
W02000003,9.949801455696202,10.648435017435164,5.259962641418723,16.036907393451607,10.776944752032884,9.721667771626212,5.620163256361395,13.551804378706311,7.931641122344916,10.196952203733836,5.62642137327749,15.28333501407715,9.656913640799658
W02000004,11.411980381374129,NA,NA,NA,NA,9.805661767760842,4.004206005909133,15.560893178541017,11.556687172631884,9.989298932070334,3.542530634851305,15.78604852099293,12.243517886141625
W02000005,10.20186677182646,25.326153818971456,5.644334840384751,45.00797279755816,39.36363795717341,10.45014501803643,4.399536645360623,15.841711319687906,11.442174674327283,10.814741352635812,5.552047939977372,16.912710046349414,11.360662106372041
W02000006,8.128392950420954,35.13199730396155,-9.912888712554173,80.17688332047726,90.08977203303144,9.853453118031386,4.349880216304072,15.284088698381389,10.934208482077317,9.651195244092214,4.405344308327679,14.447623788002678,10.042279479674999
W02000007,11.182409039645279,9.908801933204272,5.661433273871014,14.156170592537531,8.49473731866652,9.645077478733356,6.688216220825828,13.123963070504297,6.43574684967847,9.738840497008088,6.50144065615342,12.842163413259247,6.3407227571058264
W02000008,8.64557034608541,14.8734014897587,6.8338730382990995,22.9129299412183,16.079056902919202,10.709376213782324,6.205592109431888,14.928473768428669,8.72288165899678,10.934723020316255,5.500397699284958,15.949981664880875,10.449583965595917
W02000009,9.543121215860086,4.8121675428309,2.17701062212673,7.44732446353507,5.270313841408341,5.3830849772599985,3.006855186477967,7.707313333408697,4.70045814693073,5.798776775943004,3.4378710862093005,7.958088915990075,4.5202178297807745
W02000010,11.092810576251456,6.603529739166287,4.018011394533195,9.18904808379938,5.1710366892661845,6.975979854630309,4.557674803165174,9.200666302136694,4.64299149897152,6.637670146226462,4.196653988231752,9.211871711139283,5.015217722907531
W02000011,8.137024488976378,8.058897869215208,2.8131029270971775,13.30469281133324,10.491589884236062,8.311125726669065,4.259853699300162,12.628026624172989,8.368172924872827,8.418266170965326,4.765589036703629,11.82676413889308,7.061175102189452
W02000012,10.171267009022241,8.374074332236349,2.1390439094200104,14.609104755052687,12.470060845632675,8.773264066415035,5.053062681761961,12.916481858232453,7.863419176470492,8.51262803469293,4.868573140757855,12.448622529646782,7.580049388888927
W02000013,9.367973774160733,5.3002675790893665,1.7980314084585327,8.8025037497202,7.004472341261668,6.450272333961455,3.7044691099079348,9.545462592518847,5.840993482610912,6.327750979096782,3.5464463256257464,9.743799540026231,6.197353214400485
W02000014,9.24027012922211,26.923374612181593,10.129702797982056,43.71704642638113,33.587343628399076,10.953589079433828,5.456408146481244,16.268883292595813,10.812475146114569,9.920651485967278,4.826970313914073,14.158071916631986,9.331101602717913
W02000015,8.052978097960816,9.9196789906432965,2.5245945749047687,17.31476340638182,14.790168831477052,9.050869527929413,4.8780100319196205,13.336689083003991,8.45867905108437,8.377191802238434,3.2991362749322413,13.511749968056161,10.21261369312392
W02000016,9.571522592891762,41.4647784329225,-9.889198641377211,92.81875550722222,102.70795414859944,9.282495649388641,4.247935811479977,14.872283373335947,10.62434756185597,8.342997632924394,3.2426117348588903,13.339710025704631,10.097098290845741
W02000017,10.743092305924172,7.977358245950098,3.607300073255273,12.347416418644924,8.740116345389652,8.580368742657019,5.478834807771139,12.06323345502002,6.584398647248881,8.105913967089075,4.981780543934288,11.499706531513114,6.517925987578826
W02000018,10.810546485078994,13.18638933688711,5.4860989576500865,20.886679716124135,15.400580758474048,10.70601157373031,5.429907832123036,15.24037858057806,9.810470748455025,9.798609337401473,5.876309009561372,13.837958086412497,7.961649076851125
W02000019,9.494834567816092,5.433258835193519,2.252949201656674,8.613568468730364,6.36061926707369,6.32073920738662,3.6191495565823715,9.23368677448341,5.614537217901038,6.412193518433326,4.016061996123916,8.721755389315978,4.705693393192062
W02000020,11.19331815295481,4.617937751514997,0.743099112357489,8.492776390672505,7.749677278315016,6.257592382486968,3.2530734073912377,9.548002174066745,6.294928766675508,6.15369733549304,3.251912594006127,9.179676611947173,5.927764017941046
W02000021,10.104186138126774,8.59705973384213,3.6125766625616658,13.581542805122597,9.968966142560928,8.942156104975066,5.395001311227662,12.837009723337799,7.442008412110137,8.832760611266021,5.319781461103963,12.874277913407855,7.554496452303892
W02000022,10.869966849466463,7.558943632429728,1.0122577893749254,14.10562947548453,13.093371686109606,8.727115441374462,4.093850738936235,13.066405675937158,8.972554937000924,8.477261033245,4.000822111996525,12.361466721061651,8.360644609065126
W02000023,14.881647913480885,13.04109979759831,4.596929483365596,21.485270111831024,16.88834062846543,10.673997391230065,5.7937000386219815,15.441021722673268,9.647321684051287,10.329537021821302,4.204714733368595,15.875582929649656,11.670868196281061
W02000024,13.916643560863411,10.024273865116196,1.02296572824606,19.02558200198633,18.00261627374027,9.634120468061056,4.447480160636847,14.081884295037217,9.63440413440037,9.160559110158937,4.643977216614724,13.569604289067714,8.92562707245299
W02000025,11.320391165811417,6.692875189391497,3.2735015640146052,10.112248814768389,6.838747250753784,7.5103175237089195,4.40533572006917,10.62244780580584,6.2171120857366695,7.229137017697065,4.693534648443871,10.017429737110819,5.323895088666948
W02000026,12.966249474143503,11.20253242451146,6.902219852888404,15.502844996134511,8.60062514324611,10.559774324770567,7.279949305646229,14.304198280584425,7.024248974938195,10.190558865579035,6.785785539684289,13.559293594976014,6.773508055291725
W02000027,6.571576965616046,15.016521382029644,1.7214903919807814,28.311552372078506,26.59006198009772,9.544757372481628,4.027654509573395,15.376518731738289,11.348864222164893,9.973743141659755,3.1371021819070144,17.424632150767714,14.2875299688607
W02000028,7.089796765633965,29.178464910113735,8.386717715847105,49.970212104380366,41.58349438853326,10.23264873971179,5.261911660296729,16.119704244558196,10.857792584261468,10.993552195042211,6.072572709819424,16.33907397704614,10.266501267226717
W02000029,8.068460398831489,7.217629120247801,2.6551195030359933,11.780138737459607,9.125019234423617,8.124964643263688,4.177137643511385,11.768913929181945,7.59177628567056,8.539444720657555,4.9986710790914035,12.252866107708904,7.2541950286175005
W02000030,7.829738309701492,6.984499803220501,2.499744080361367,11.469255526079635,8.969511445718268,7.496043053616858,4.238304843611239,10.850060607814388,6.611755764203149,7.564195043644227,3.9730927614250486,10.85554397425415,6.8824512128291016
W02000031,8.30423576039783,24.38940641574401,10.64482780095122,38.1339850305368,27.48915722958558,11.821658471427872,6.389722810088658,17.65292913847592,11.26320632838726,12.175040064820664,6.950749836063898,17.05697368816265,10.10622385209875
W02000032,9.064114935961713,14.43511971670385,2.5429390597311894,26.32730037367651,23.78436131394532,9.96254496376206,3.8869166626892877,15.728068394511284,11.841151731821997,10.692059998189679,6.1350532601591485,15.890638743231708,9.75558548307256
W02000033,7.259427844019397,7.255688358219293,2.641516259821344,11.869860456617245,9.2283441967959,7.618427026034325,4.132361650317522,10.647648036745284,6.515286386427762,7.816447039172135,3.8632196160757637,11.60025365952268,7.737034043446917
W02000034,8.890724982589504,12.948011355602985,10.858798851652931,15.037223859553034,4.178425007900103,12.443240867518924,10.433214358055741,14.30891528048299,3.8757009224272494,12.219663494400802,10.137334987474986,14.052772281708044,3.915437294233058
W02000035,9.409146735367893,8.953871613655707,4.957243281736915,12.9504999455745,7.9932566638375855,9.173268608337406,5.80934708899116,12.13586892921439,6.326521840223229,9.21450632760852,5.969664700844579,12.55887124684863,6.589206546004052
W02000036,9.476017146302816,8.211853345662737,3.726655794583515,12.69705089674196,8.970395102158443,8.602861897014026,5.028498373523995,11.94676550715341,6.918267133629415,8.828636858656374,5.1766455809115035,12.108654368577454,6.932008787665951
W02000037,7.945232117395223,16.109853306928628,5.325433808881364,26.89427280497589,21.568838996094527,10.749603461310521,5.763689302729366,15.335780201224495,9.572090898495128,10.564004823694308,6.078873653729254,15.07987388966686,9.001000235937607
W02000038,10.217511180683312,8.79423809887986,4.193454166883634,13.395022030876088,9.201567863992452,9.071817473764323,5.6041453915949075,12.522831665131264,6.918686273536356,8.751600758184981,5.666363266244488,12.147803947516174,6.481440681271685
W02000039,10.191576779214065,13.613061623023963,0.35208121790617497,26.874042028141755,26.52196081023558,9.591224581060139,4.697762635148052,14.382971846275076,9.685209211127024,9.257902233973399,4.391078643739663,14.255472411283472,9.86439376754381
W02000040,12.073881327586205,12.076654962910844,-2.2061095811123543,26.35941950693404,28.565529088046397,10.028615678427865,4.469256524285756,15.631127495911741,11.161870971625985,9.823333167364657,6.207329958256506,14.080427329034965,7.873097370778459
W02000041,10.646747444519928,19.185861659709783,7.957544301006488,30.41417901841308,22.45663471740659,11.59688194809559,6.729426029767865,16.26126777949015,9.531841749722286,10.325089964902855,6.029676668296978,14.844168277669707,8.81449160937273
W02000042,8.980777313924051,14.069329715752758,4.659114371554686,23.47954505995083,18.820430688396144,10.578126226329339,5.52300093808729,15.70050240939299,10.1775014713057,10.582174328393712,5.059302789017135,15.454361248327235,10.3950584593101
W02000043,9.176246574193549,4.209131366908058,3.5869634407470654,4.83129929306905,1.2443358523219847,4.264481334698374,3.6652281888549307,4.929829916260108,1.2646017274051768,4.267970038413345,3.6986752076750378,4.8486315906584405,1.1499563829834027
W02000044,8.666001985733246,22.87618511448816,8.382879381660862,37.369490847315454,28.98661146565459,10.856849287240724,4.995833080757439,16.123495209568084,11.127662128810645,10.114445490307492,4.557909461441982,15.2609602072159,10.703050745773918
W02000045,7.500795801166966,9.721000886158324,4.441075903663427,15.00092586865322,10.559849964989793,9.178495263969022,5.117513967515583,13.447283251446782,8.3297692839312,9.284837438412142,5.52451208146225,13.054177173897017,7.529665092434767
W02000047,6.7869127054263565,NA,NA,NA,NA,8.490927252672082,2.270803209977629,14.952595243404653,12.681792033427024,9.319485563514657,3.3438995582841464,15.224963426301242,11.881063868017096
W02000049,9.39996053654575,6.084269196346947,-0.15856251555113143,12.327100908245026,12.485663423796156,7.961879898370438,3.889920236865576,11.820506122513727,7.930585885648151,7.755469657911574,3.580558188507508,11.421856621595866,7.841298433088358
W02000050,8.24784081155164,5.869230698637214,3.0910868268466434,8.647374570427784,5.556287743581141,6.524917359754847,4.471545553498087,9.03758159276115,4.566036039263063,6.93270785787012,4.538393619376709,9.24454781686619,4.7061541974894805
W02000051,8.73391243696275,6.144341428917526,4.16744758712422,8.121235270710832,3.953787683586613,6.505841902815315,4.693925318097596,8.212500003778324,3.5185746856807274,6.4093008498309665,4.5308367402765235,8.23292182035086,3.702085080074337
W02000052,8.498912039986092,37.36762796355122,-9.04193272390659,83.77718865100903,92.81912137491562,9.604828482867577,3.8447904964395487,15.561654292458307,11.716863796018758,9.22178464122495,4.585337307739488,14.282911963393463,9.697574655653975
W02000053,9.019659736096537,15.128779424799603,6.959252331859416,23.298306517739796,16.33905418588038,11.446770135754347,6.8161594722308285,16.245755095205457,9.429595622974627,10.804701229844362,6.186422909514728,15.505245944579507,9.318823035064778
W02000054,11.207818713103448,14.903730700040692,4.657651186727351,25.14981021335403,20.49215902662668,10.491052842997167,5.364598388108439,15.400540700217679,10.03594231210924,9.313655666164806,4.924936453201102,14.006322020605413,9.081385567404311
W02000055,9.074132238965952,34.89655129660246,-2.2848844505437427,72.07798704374866,74.3628714942924,9.589408324279674,3.000182221441065,14.757640649442907,11.757458428001842,9.131449325177023,3.468389097125195,14.85010232863526,11.381713231510064
W02000056,12.330810234182099,8.472147078949957,4.091134376172033,12.853159781727882,8.762025405555848,8.893286973800894,5.493507853872329,11.997922477566462,6.5044146236941325,8.702432030405465,5.432767192227653,11.911659711226601,6.478892518998949
W02000057,12.188973643865031,5.869606389642689,0.9810189499559892,10.75819382932939,9.7771748793734,7.302764604907652,3.4816983958102448,11.136313180365306,7.654614784555061,7.063890820433473,3.671038126663664,10.268280946130263,6.597242819466599
W02000058,12.247328476173543,7.975652192910148,5.85954561788428,10.091758767936014,4.232213150051734,8.140540272103054,5.972508671924609,10.156466409139178,4.183957737214569,8.007789085136006,5.950406598233739,9.895918957489002,3.945512359255263
W02000059,10.466167605943152,11.254050310444864,8.642604610154581,13.865496010735146,5.222891400580567,10.958695548992214,8.718571915492404,13.39074843506523,4.672176519572826,10.518399650890355,8.353441158908469,12.965713303159276,4.612272144250808
W02000060,8.652089772579211,9.558828200483758,5.303655837273961,13.814000563693554,8.510344726419593,9.557009587857268,6.585242096372323,12.721685792757317,6.136443696384994,8.940293622349042,5.6493128404990625,12.450129132995523,6.80081629249646
W02000061,7.380370653147933,4.781295595968235,1.863444287226907,7.699146904709563,5.835702617482656,5.66373113015152,2.8535743023728024,8.28892322773827,5.435348925365467,5.217436868902078,2.677153188215506,8.110622589682524,5.433469401467018
W02000062,7.3844745791823305,5.650251397072872,4.589444553425887,6.711058240719858,2.12161368729397,5.750001493016108,4.769143765874654,6.865896432540942,2.096752666666288,5.751741069670555,4.699406848101031,6.72080947178234,2.0214026236813094
W02000063,10.807873395504544,8.914724964990377,4.497664875320992,13.33178505465976,8.83412017933877,9.160286310089871,5.631171097076035,12.664755023598758,7.033583926522723,8.525621100073355,5.013292931996723,12.080576997294044,7.06728406529732
W02000064,6.54298229935573,3.85877302257823,2.469507964000714,5.248038081155747,2.7785301171550327,4.2299450525915585,3.0176772820409905,5.368035317352235,2.3503580353112445,4.013014740910176,2.7702937516125683,5.228116601085965,2.4578228494733967
W02000065,6.724777063966692,8.660951151027934,5.542555869478735,11.779346432577132,6.236790563098397,8.862501997818534,6.32450052684378,11.322099617766106,4.997599090922327,8.058691836889713,5.350006455801121,10.676140031833537,5.326133576032416
W02000066,5.7957739103591575,6.870240932686305,4.451275977095058,9.289205888277552,4.837929911182495,7.174021775616137,5.160741092719651,9.078460737560514,3.9177196448408624,6.88038280454987,4.483352371224784,9.146976710021555,4.663624338796771
W02000067,8.300179210761279,39.41938021731181,-15.286293663449328,94.12505409807297,109.41134776152228,9.709360743073429,4.185990162062822,15.103829585417364,10.917839423354541,8.545277326964282,3.2165579565985176,13.849854142581716,10.633296185983198
W02000068,6.273430657222223,7.883716027628606,5.449039095054406,10.318392960202804,4.869353865148399,8.149692305612504,6.01317519215227,10.165115832719568,4.1519406405672985,7.81178940870474,5.638353912663969,9.957487036032196,4.3191331233682275
W02000069,8.764380128595601,7.971969104535176,0.8216125658194544,15.122325643250896,14.300713077431444,8.765392049780587,4.631715767053365,13.074164945866146,8.442449178812781,7.775474254870816,4.28097242033745,11.583834763315549,7.3028623429780986
W02000070,8.513701178984576,18.834011951972347,1.2251413435835763,36.44288256036111,35.21774121677754,9.811398051103843,4.5632918972708225,15.197931437087727,10.634639539816904,8.419096436746038,3.7752888523145103,12.97455159986539,9.199262747550879
W02000071,8.01851424918718,9.34968779931894,6.586962223209852,12.112413375428028,5.5254511522181735,9.238520530589275,6.615033171040518,11.780555941957301,5.165522770916783,9.046794924988687,6.582173970281755,11.622841636741956,5.040667666460201
W02000072,7.220904689162068,8.597297036791819,4.141825195822098,13.05276887776154,8.910943681939441,8.977864225283078,5.416909478870658,12.636135480753854,7.219226001883196,8.29229270427286,4.882966724556924,11.848690512703683,6.965723788146759
W02000073,8.056990786419332,9.824953080863509,2.0816712634630967,17.56823489826392,15.486563634800824,9.275712812276975,4.731182917128036,15.29194625572309,10.560763338595054,8.07097740508345,3.9431412275819095,12.073197584201688,8.130056356619779
W02000074,7.779820547310127,4.8665503372520345,2.211746318502159,7.521354356001909,5.309608037499751,5.658600588248381,3.4833780236611283,7.779648230035224,4.296270206374095,5.43537512059031,3.073056261977843,7.466796708655186,4.393740446677342
W02000075,9.068438907115699,6.593551409446255,3.367137183416954,9.819965635475556,6.452828452058602,7.062191987095623,4.4110377670347685,9.651679155354232,5.240641388319464,6.717651050645786,4.267167033757765,9.488445899729847,5.2212788659720815
W02000076,9.911923995071463,5.2409962359781535,3.671811355849729,6.810181116106578,3.138369760256848,5.488911262747243,3.997809933022051,6.93674338508616,2.9389334520641093,5.569869965970613,4.182468818561299,6.965629158416989,2.78316033985569
W02000077,8.969605453703704,21.85301325330822,-8.566387207583265,52.2724137141997,60.83880092178297,9.339254135925337,3.8915295615799845,15.877406897472964,11.98587733589298,8.067485526890618,3.581432577798312,12.713092117969978,9.131659540171666
W02000080,6.721119816218264,14.908669402933148,0.3274812741611015,29.48985753170519,29.162376257544093,10.21738498968546,4.7956307790729,15.149283922844822,10.353653143771922,8.34691409931023,2.977060080057541,13.1013645816409,10.124304501583358
W02000081,6.1228224006978,12.07910858351812,2.952266319131496,21.205950847904745,18.25368452877325,10.169632400790587,5.89771122864354,14.516039409836635,8.618328181193096,8.858927289208198,4.494017660073943,13.318070404037448,8.824052743963504
W02000082,6.444925907953697,4.608737036535778,0.9208970862845836,8.296576986786972,7.375679900502388,5.9316799367811,2.7457347828943686,9.21726542672878,6.471530643834411,5.558507143249882,2.8306945225714344,8.278684380728404,5.447989858156969
W02000083,7.094139846242967,27.348275883180023,-4.348586026256587,59.04513779261664,63.39372381887323,9.994135767697792,4.347143324926993,16.017484145535363,11.67034082060837,7.822793944134132,3.7785227052912873,12.444040963394885,8.665518258103598
W02000085,5.852786436223636,6.5188232265189505,4.098616537869231,8.939029915168671,4.8404133772994395,6.76058868835307,4.748786933873978,9.033573233314087,4.284786299440109,6.656805904550388,4.487564581687554,8.823083642958567,4.335519061271013
W02000087,4.7341405516795865,5.808025833270986,0.45113983414143455,11.164911832400538,10.713771998259103,6.724118209314156,3.1507456556616944,10.522211600614886,7.371465944953192,6.212601151922803,2.151690085894497,10.007066341656303,7.855376255761806
W02000088,5.585909096130774,3.4877211783905375,1.3845876609466194,5.590854695834455,4.206267034887836,4.046112352847267,1.965822595749641,5.825336320986151,3.8595137252365097,4.066698903044879,2.2004433898110705,5.6256939596171325,3.425250569806062
W02000089,5.194614352326686,4.9602250077666605,1.6437676039402431,8.276682411593079,6.632914807652835,5.997357607704349,2.8286741278587577,8.883424550447351,6.054750422588594,5.462096755052207,2.5368020419407866,8.26243983292402,5.7256377909832334
W02000090,8.86976643137255,14.55481580705637,1.2407243904181282,27.868907223694613,26.628182833276483,10.556162032051237,5.5828066410927635,15.757940233860305,10.17513359276754,9.00638483393321,4.900095841993451,13.57283021882446,8.67273437683101
W02000091,6.692000171670703,7.434374168877778,3.8690379309079552,10.9997104068476,7.130672475939645,8.168039754412302,5.119383044288902,11.266448406754925,6.147065362466023,7.484258478915485,4.740581733146559,10.308304896257448,5.567723163110889
W02000092,7.543218721886618,7.764523916874226,1.7546192616367433,13.77442857211171,12.019809310474963,8.529472758928485,4.2862206057137975,12.405373303963238,8.11915269824944,7.868313603079342,3.792606783727816,11.884889466605362,8.092282682877546
W02000093,8.017561388916377,16.019706066449064,7.75510426767878,24.284307865219347,16.52920359754057,11.407646836292914,7.262504498322992,16.83720534018768,9.574700841864688,9.870143424243949,5.507812578539489,14.054160134677954,8.546347556138464
W02000094,8.676340860618634,29.93022850715362,-7.379379132219416,67.23983614652666,74.61921527874607,9.714877320955242,4.550417988587313,14.917873532396076,10.367455543808763,8.472971978576275,3.0462004521329735,13.251102557004447,10.204902104871474
W02000095,10.637894647952855,7.706225509774652,2.763342266762672,12.649108752786631,9.88576648602396,8.661897663509077,4.621435794731138,12.04763497154183,7.426199176810693,7.919302860829829,4.025581097120655,11.6915304683933,7.665949371272644
W02000096,9.181429269192913,27.94197195771128,-2.877078500930672,58.761022416353235,61.63810091728391,10.388913897890895,4.6430646752299065,15.378182687322546,10.73511801209264,9.349804685473204,4.019364063237344,14.933350685549488,10.913986622312144
W02000097,14.99183491081081,9.31646109789359,4.069991290361079,14.562930905426102,10.492939615065024,9.207804615544099,5.5987984354125375,13.241867348799959,7.643068913387421,9.377334692326459,5.630618615064213,12.734980826849391,7.104362211785178
W02000098,13.57670808533105,7.153599430343013,2.606179743864966,11.701019116821058,9.094839372956091,8.203339769845087,4.752421502496672,11.36397866567917,6.611557163182498,8.792976751822357,5.087132677647499,12.602922189738997,7.515789512091498
W02000099,9.136582804777992,19.83152748237821,7.488067005848276,32.17498795890813,24.68692095305986,11.292240522887443,6.4161680518452515,15.408239928692364,8.992071876847113,11.353738063922085,5.711577384508055,17.006496773660157,11.294919389152103
W02000100,15.82229245922747,19.742162643764875,3.3140995124366164,36.17022577509313,32.85612626265652,10.65459358152415,4.314441729220718,16.355632985034635,12.041191255813917,9.701512475928524,4.458618452486444,14.373629201542714,9.91501074905627
W02000101,12.8557177475182,15.039859609875617,2.97011764424329,27.109601575507945,24.139483931264653,10.568301839239826,5.720528445566458,15.09741237820096,9.376883932634502,11.075732591531754,6.00968116595483,15.141064147548942,9.131382981594111
W02000102,13.215335336054423,28.624427079019224,0.6210640803359979,56.62779007770245,56.00672599736645,10.473451217688138,5.428756703415688,16.02898037803083,10.600223674615142,10.551385739096958,5.816092235390042,15.436826908563443,9.620734673173402
W02000103,11.696737445771467,18.105184153059856,1.0607549712736493,35.149613334846066,34.08885836357241,10.965994436863546,5.44487122111041,16.71931084113315,11.27443962002274,11.113587513331279,5.708986821159891,15.689130766178193,9.980143945018302
W02000104,8.323584247757257,15.044446030763352,8.804777600854166,21.284114460672537,12.47933685981837,11.926106870328102,7.793283966674128,16.4794766446631,8.686192677988974,12.010324917000554,7.929519598252461,16.405010330100694,8.475490731848232
W02000105,7.779743341136079,24.69147242205169,4.576402601451388,44.806542242651986,40.2301396412006,10.71232653485793,5.037132171326309,16.560819504796143,11.523687333469834,10.789483017044958,4.37799291797605,16.447389617801942,12.069396699825893
W02000106,12.599160579325423,6.646466198161223,2.9806247400914594,10.312307656230988,7.331682916139527,7.61720116554178,4.2766264667469756,10.9350156064722,6.658389139725225,7.678681471487573,4.563145229004618,10.543015593580698,5.97987036457608
W02000107,14.267998329672793,29.96871083511945,2.615812079653459,57.32160959058544,54.70579751093198,10.633252202943961,5.22154163402401,16.630482331677236,11.408940697653225,10.042081744369531,4.967705526977703,14.212557907416521,9.244852380438818
W02000108,12.754206284069099,7.851971976165475,3.4830605837065303,12.22088336862442,8.737822784917888,8.530483256991166,5.151118571134277,11.720335624043775,6.569217052909498,8.773575411820271,5.76345313902337,12.332063507771323,6.568610368747954
W02000109,9.949986150607288,18.87532610267501,4.1580665851353,33.59258562021472,29.434519035079425,10.610673589699172,5.223869436610619,15.736023844914442,10.512154408303822,10.3713067464471,4.677391454748847,15.891117597254802,11.213726142505955
W02000110,14.63860509009009,13.183443100871695,3.1769047668233448,23.18998143492005,20.013076668096705,10.421685784120228,5.634145651987347,14.822447877320819,9.188302225333473,10.17448297057634,5.6697294375037925,13.918172841932227,8.248443404428436
W02000111,12.171053696895425,7.796758371377288,3.3328161514310395,12.260700591323536,8.927884439892496,8.377145408666365,4.727944533039986,11.78779100986291,7.0598464768229245,8.371569432911837,4.570914002932392,11.593111261297514,7.0221972583651215
W02000113,9.771495142548597,19.899070461312185,1.5999367840868717,38.1982041385375,36.59826735445063,9.847571572500563,4.664087153129268,14.847816458119768,10.1837293049905,10.118314119693022,5.080253465587093,16.220947264052317,11.140693798465223
W02000114,13.534842182365438,18.02184150720594,4.022350395872005,32.02133261853988,27.998982222667873,10.305204793655177,4.981159750118765,15.234438840259045,10.25327909014028,10.296602829607924,6.444190462811113,14.343706370684378,7.8995159078732655
W02000116,10.195106454977628,6.099101638222996,2.6516202004837544,9.54658307596224,6.894962875478484,7.0846061367573805,4.091210895732459,10.286544147018986,6.195333251286527,7.0993877988529706,4.082586385267094,10.137692400850838,6.055106015583744
W02000117,8.501930681991295,26.741016021218687,3.957665087369488,49.52436695506789,45.5667018676984,9.788230356818111,4.076590259691031,15.342696004633936,11.266105744942905,8.802984479436972,3.101777764106032,14.627258381769433,11.525480617663401
W02000118,6.4268629514840185,12.346286586674315,2.763220373487682,21.92935279986095,19.16613242637327,9.817174316695823,5.623474472895607,14.237503683957687,8.61402921106208,9.59833528564825,4.4128633476910935,14.54791197209725,10.135048624406156
W02000120,12.677016787151201,6.546804958028228,2.331264362506547,10.76234555354991,8.431081191043361,7.5870758488274195,4.404705800989076,10.68709734915393,6.2823915481648545,7.718356147637844,4.727436178352233,10.781768470937656,6.054332292585423
W02000122,14.282703571936057,15.106273367363585,4.421737617700892,25.79080911702628,21.369071499325383,10.866441035784334,5.6870526009875375,15.59995082213786,9.912898221150321,10.16900248221739,5.581765471934859,14.891885614147542,9.310120142212682
W02000123,12.21382371875,48.344795395088795,-4.456762204329557,101.14635299450714,105.6031151988367,10.019791439993796,3.812147840892452,15.923662891816267,12.111515050923815,10.049659879895536,5.002385700837099,15.038147473848591,10.035761773011492
W02000124,10.939259764737407,6.806853910227256,1.493974847690465,12.119732972764046,10.62575812507358,7.992607602616206,3.6758347826472484,11.920579045168596,8.244744262521348,8.023844351712809,4.3036482159205285,11.575593185711684,7.271944969791155
W02000125,13.680335068107398,9.249517070323185,5.381282288384144,13.117751852262222,7.736469563878078,9.413343821416014,6.432599138442732,12.50528158456626,6.072682446123529,9.380663981694846,5.953701361043624,12.404539958706003,6.450838597662379
W02000126,12.539125156980056,31.41984011893922,-14.659559526275793,77.49923976415423,92.15879929043004,10.004559437447897,4.1734471084578715,15.606889146174625,11.433442037716754,9.25228002006726,4.102513458233892,13.949523854217116,9.847010395983224
W02000127,11.907833396516912,38.49734453129399,-24.49870452559209,101.49339358818008,125.99209811377216,9.885958950488225,4.124524380977716,16.060888805583154,11.936364424605438,7.351619843338265,2.4245118624184236,12.098756678633395,9.674244816214971
W02000128,11.289751684914842,4.607339590130844,0.597744579194317,8.61693460106737,8.019190021873055,6.280028573408267,2.6871453369137708,9.88145699881502,7.194311661901249,5.728237679192337,2.533387601211647,9.053524487592416,6.520136886380769
W02000129,10.296106991568298,8.86842433937258,3.847517455769705,13.889331222975455,10.041813767205753,9.398631106696179,5.850144327486135,13.296650042940056,7.446505715453921,8.228287068592465,4.851203480996402,11.67374829483365,6.822544813837249
W02000130,6.451447907527418,2.2456034456071525,1.1053565410008217,3.3858503502134836,2.280493809212662,2.497919807138034,1.4461266851536205,3.541189312333266,2.0950626271796455,2.4178292028503687,1.296750273399999,3.492453999399066,2.195703725999067
W02000131,6.731005559738503,2.7179916425430655,1.1167870150546886,4.319196270031442,3.2024092549767538,3.209824010203569,1.6155183307251093,4.634122124813116,3.0186037940880066,3.1272800701392622,1.7372773802679653,4.712053229214606,2.9747758489466403
W02000132,10.198089239104476,14.069963258495912,5.733170577749551,22.406755939242274,16.673585361492723,10.857327383570984,5.9963702011889,15.57169343666576,9.575323235476858,9.79273690530845,5.488462436858656,15.026903959814256,9.5384415229556
W02000133,8.613681366147665,6.72662308838501,2.9162759738465227,10.5369702029235,7.620694229076976,7.712137481767379,4.533888776685243,11.581599707978638,7.047710931293395,6.75377904947936,3.868883301804635,10.052689629400145,6.18380632759551
W02000134,8.083641080524345,30.63806004883872,-12.89179133354629,74.16791143122373,87.05970276477002,10.057236950019536,4.302731983345428,15.4190696395957,11.116337656250272,7.317962288324764,1.3996882892928788,13.486896811490768,12.087208522197889
W02000135,7.163580343051507,6.417505831155966,2.586435656418726,10.248576005893206,7.66214034947448,7.475579713045793,4.460150250545263,10.451250728315877,5.991100477770614,6.665819004300535,3.9130175727393635,9.927803933853982,6.014786361114618
W02000136,10.863145220948411,6.47858955591815,0.7254614177664056,12.231717694069896,11.506256276303487,8.20600925099207,4.499992522286007,12.503357236386957,8.00336471410095,8.12932112356907,4.214300210934875,11.974219833511206,7.759919622576332
W02000137,7.452999938888889,15.528774581065846,4.410598842253359,26.646950319878336,22.236351477624975,10.819950570665368,5.51112383291758,15.863128495692887,10.352004662775308,8.305158645563134,3.0878863526193463,13.2946641948603,10.206777842240953
W02000138,6.885156448493342,76.23414554177654,-19.5786646763041,172.04695575985718,191.62562043616128,9.918488219855615,4.910929068310704,15.068430500587278,10.157501432276574,9.36700978325812,3.1853323157651943,15.735468864409322,12.550136548644128
W02000139,9.273355432316746,10.359694656807784,5.629070065649175,15.090319247966397,9.46124918231722,10.146936278723027,6.609785976449709,14.063143129377334,7.453357152927625,9.685832423836537,6.321584878324554,13.440521239669982,7.118936361345428
W02000140,7.801113444232862,10.416519615041612,4.409702379739168,16.423336850344057,12.01363447060489,10.059328668556908,6.091533574249972,14.395661788095131,8.304128213845159,9.52522566814417,4.672771308480405,13.936444055215468,9.263672746735063
W02000141,9.439162368626063,7.638404928250624,1.3661632137078756,13.91064664279337,12.544483429085496,8.632541225618395,4.551878676682193,12.726675269677438,8.174796592995245,8.210495119806122,3.9168246796327733,12.648568326724716,8.731743647091943
W02000142,11.855912104938271,18.318736627267477,16.24052638003956,20.39694687449539,4.156420494455829,17.451518711878823,15.466482119890578,19.149140182907132,3.6826580630165537,17.09182274078209,15.358259312535814,18.945799512120388,3.5875401995845735
W02000143,15.200416824585636,14.807623942024804,7.259052668910848,22.35619521513876,15.097142546227913,11.429599782783798,7.203805144815248,16.145407665689916,8.941602520874667,11.045920342722598,7.418363600985809,14.613980714025578,7.195617113039769
W02000144,12.574250818493152,20.01173773369063,10.585525197935372,29.43795026944589,18.852425071510517,12.313003785217939,6.787141793200188,17.245456456381106,10.458314663180918,11.513098268082334,7.097157977744618,15.664269420342888,8.567111442598272
W02000145,12.84717131888112,4.850572537738946,0.8828180614788699,8.818327013999022,7.935508952520153,6.3746798807731055,3.016865157402963,9.515825688535301,6.498960531132338,6.817654738428528,4.126279975304065,9.247245233686126,5.120965258382061
W02000146,11.872138733584132,6.760789365088537,3.458305026151709,10.063273704025365,6.604968677873656,7.5490445095505025,4.692631382513186,10.603111810101502,5.9104804275883165,7.770693336514777,5.035262003502547,10.72495145717175,5.689689453669203
W02000147,8.817010476794923,45.53443232795969,-13.976110031010002,105.04497468692938,119.0210847179394,9.743600566544538,4.368171385460819,15.21698675535562,10.848815369894801,9.392158415341008,5.017722602273503,14.538168706331582,9.52044610405808
W02000148,7.548695600182149,10.957650929528416,8.069239119013119,13.846062740043712,5.776823621030595,10.581809083147057,8.260999782802468,12.959638079099829,4.698638296297361,10.25185843912413,7.550348310812045,13.298200244914607,5.747851934102562
W02000149,7.533861266872891,2.2842616361960797,1.367960672512846,3.2005625998793135,1.8326019273664675,2.483520735307401,1.666239664275448,3.3657449618020223,1.6995052975265743,2.4914922794646834,1.6105813920264431,3.35106409740464,1.7404827053781968
W02000151,11.462820337970541,14.596887037188198,9.045578822285988,20.14819525209041,11.10261642980442,12.383749041490471,8.742982491104447,15.880629606680747,7.1376471155763,11.900731507443343,8.60325975009695,15.446826395517583,6.843566645420633
W02000152,9.546793585029686,37.70722537418199,-22.95157430332722,98.3660250516912,121.31759935501842,9.986428726303682,4.146457867103342,16.46319219717723,12.316734330073887,10.445134497299735,4.926124354080875,15.413944344750043,10.487819990669168
W02000153,11.101562868529546,9.07896202023812,4.094875100625405,14.063048939850836,9.968173839225432,9.287123044258278,5.7303844709586995,12.864197891670127,7.133813420711427,9.16760175733861,5.595074020149414,13.005836707513186,7.410762687363772
W02000154,9.320715017141477,10.708382607609709,5.983600905830658,15.43316430938876,9.449563403558102,10.38280604426935,6.64133807467038,14.325340150582782,7.684002075912402,10.025253379874002,6.798971790817559,13.450001359333378,6.651029568515819
W02000156,9.035462369930357,13.970934229420344,6.725751318091891,21.216117140748796,14.490365822656903,11.264523999819868,6.961754562879862,15.282070201192703,8.320315638312842,11.23748810982368,7.571485262247272,15.293092686381572,7.7216074241343
W02000157,10.896827335335688,9.949326486219022,4.404981847154877,15.493671125283166,11.088689278128289,9.498172818364091,5.648520273185537,13.634682953615926,7.986162680430389,10.104030437926609,6.9937697193481645,13.452411064574454,6.458641345226289
W02000158,9.740893984619687,15.955907047499096,-0.2785669400363133,32.190381035034505,32.46894797507082,9.992778471950093,4.178838756921749,15.623906200772726,11.445067443850977,10.49513878412277,6.229760217960878,15.450394489523486,9.220634271562608
W02000159,10.261079737383797,8.906739957311895,6.975012441640141,10.83846747298365,3.863455031343509,9.144108556138326,7.442359948621202,10.822689997806876,3.380330049185674,9.025071434513485,6.963947513418994,10.749395270016489,3.7854477565974953
W02000160,8.797463308701658,10.139401644420262,2.391700983996465,17.88710230484406,15.495401320847597,9.626234413434416,5.561196350326886,14.197960348222622,8.636763997895736,10.706639408402253,6.930715591675603,15.323154434492487,8.392438842816883
W02000161,7.256505886138614,27.75795034748277,11.01709329620908,44.498807398756455,33.48171410254738,11.178984967175671,6.0613344360324275,16.704266582439434,10.642932146407006,12.123487147672805,7.602988947443863,16.586180887594864,8.983191940151002
W02000162,10.233989458800584,6.7720324157824265,3.0851854179462728,10.45887941361858,7.3736939956723075,7.572667556347308,4.80310477160562,10.6342110143653,5.831106242759681,7.852964355470987,5.115190427188075,10.886686341426946,5.771495914238871
W02000163,7.05256085,20.706702192427745,-1.122425954101665,42.535830338957155,43.65825629305882,9.399695904634278,4.082626606396017,15.194058580746884,11.111431974350866,11.451882243655817,6.630060928617177,16.99703292484989,10.366971996232714
W02000164,8.11997078988069,12.010679411593204,5.128781847692658,18.892576975493753,13.763795127801094,10.498466625123683,6.418510154840737,14.624963252390199,8.206453097549462,10.774489859638784,6.6571385888587065,14.882910229319947,8.22577164046124
W02000165,6.783946447064262,13.13259862659574,4.361771244320433,21.903426008871048,17.541654764550614,10.01470218881051,4.659317993907001,14.41276192963743,9.753443935730429,11.257940476261524,6.382550650244439,16.226924528966027,9.844373878721587
W02000166,7.737870857037311,14.166734582228807,11.00952306339709,17.32394610106053,6.31442303766344,13.105867379900312,10.411298585287291,16.061108112881122,5.649809527593831,13.194878986105282,10.6559541553661,15.549018321799828,4.893064166433728
W02000167,7.4807502643716575,14.52523119337729,5.651000161012625,23.399462225741956,17.74846206472933,10.373593813875761,5.731658355273232,15.694933578521907,9.963275223248676,11.421574161461555,6.6158592953214574,15.808299199955222,9.192439904633765
W02000168,8.052406317545747,6.178939625022805,3.937503480439147,8.420375769606462,4.482872289167315,6.503013836756995,4.4271282464435675,8.381504635446554,3.954376389002986,6.515884639653119,4.730424012476659,8.551780059325823,3.8213560468491643
W02000169,7.141362290805995,6.935734214858996,3.643497332475917,10.227971097242076,6.58447376476616,7.775281117114883,4.896963602402481,10.712884747188264,5.815921144785783,7.643702304328321,4.85140636139146,10.15736072474241,5.305954363350951
W02000170,5.600057894409938,6.034008636134158,0.4716692126759243,11.59634805959239,11.124678846916469,7.619020611982277,3.1956023038153845,12.025392087046631,8.829789783231247,7.444170218064694,3.3119024202103535,11.457139002846278,8.145236582635924
W02000171,7.012598308245819,53.128953315131454,-29.32880780693911,135.58671443720203,164.91552224414113,9.520347224510546,4.341995682179663,14.692585869357199,10.350590187177536,9.109533632739202,3.914060194110357,13.700404745734106,9.786344551623749
W02000172,6.8034787699562145,11.509041416370495,1.2744735069338553,21.74360932580714,20.469135818873283,9.879493322527416,5.024868111076513,14.564023692649954,9.539155581573441,9.351188468661908,4.992948599187587,13.941597435502894,8.948648836315307
W02000173,6.829297295831648,3.7324134335176566,2.6635514586250855,4.801275408410228,2.137723949785142,3.8836799351961435,2.838566938198312,4.92990839253839,2.0913414543400783,3.9464924868742024,2.8864844454522327,4.945584102988425,2.0590996575361924
W02000174,7.390650849092812,6.922881709462231,3.6877267769759863,10.158036641948474,6.470309864972489,7.355079524048275,4.403773553831586,10.075714898763831,5.671941344932245,7.5451273764763975,4.859725669135727,10.613130119359225,5.753404450223497
W02000175,5.113317397304833,6.204881302141801,1.1970048119112606,11.21275779237234,10.01575298046108,7.217247981572794,3.585331058006858,11.32377320943146,7.738442151424602,7.189759177848804,3.7007403684711466,10.665732822699793,6.964992454228646
W02000176,5.2884430657628485,16.28649987590742,-4.42866162904237,37.001661380857215,41.43032300989958,9.473122186619335,3.6702682637912964,15.42010990883622,11.749841645044924,9.35975343565391,4.694929406379391,14.613447601164737,9.918518194785346
W02000177,6.108956747345133,4.58148673313625,1.5634298905417152,7.599543575730785,6.03611368518907,5.734334524142682,3.192464661129341,8.048796995117556,4.856332333988215,5.522602409262543,3.0012616775882215,8.34544940997397,5.344187732385748
W02000178,4.982449254007125,18.332317277035763,-2.478775621245358,39.14341017531689,41.62218579656224,9.743752234999123,4.482786633297861,15.459297818263648,10.976511184965787,9.413363622310051,3.615534213764869,13.95321634295567,10.337682129190801
W02000179,7.142369173592127,32.74856828878916,-13.275432875435335,78.77256945301366,92.048002328449,9.415125196912255,3.4259330086973883,14.831198454593764,11.405265445896376,9.434745027352664,4.5432386157017195,13.898179357348969,9.35494074164725
W02000180,5.280922819143932,18.899819043343335,1.3596137456085664,36.4400243410781,35.08041059546954,9.855643997574187,4.589481964948597,14.940399389990613,10.350917425042017,9.774449813413234,5.217120577436063,14.238377237479982,9.02125666004392
W02000181,5.189916746654773,32.361951265698124,9.281823945501014,55.44207858589523,46.16025464039422,10.262753562576084,5.467944838394392,15.802145092849205,10.334200254454814,9.301806364796422,4.549357234584237,14.350085634354379,9.800728399770142
W02000182,4.598529640017668,8.833023693688231,2.4640902279539887,15.201957159422474,12.737866931468483,8.582977489818184,4.585986013260017,12.799830058859417,8.2138440455994,8.470051350571115,4.61329226282305,12.04634779339034,7.433055530567289
W02000183,4.7475224752236755,8.087475395319352,4.169110654616118,12.005840136022586,7.8367294814064685,8.074948966303882,5.241085553933187,10.938098390212813,5.697012836279626,8.00158510331213,5.2154633607325405,11.394304550174637,6.178841189442096
W02000184,5.559325601262493,7.401643175614719,4.873235253225097,9.93005109800434,5.056815844779245,7.7798758440063285,5.44810297088106,9.902823664619403,4.454720693738342,7.660985911278689,5.138578324610363,10.063585377240896,4.925007052630533
W02000185,9.03969919114028,14.064005036789457,3.086048800088548,25.041961273490365,21.955912473401817,10.366671875176369,5.75896885178336,15.305421960227655,9.546453108444295,10.573573316408925,5.663932057148854,15.504555254178321,9.840623197029467
W02000186,4.8568753007228915,20.732089884338695,-6.284607700091083,47.74878746876847,54.03339516885955,8.688108979887701,3.152877478973215,15.133547918526968,11.980670439553753,8.905971467744646,4.294407618632512,13.918719546053687,9.624311927421175
W02000188,5.40753345800646,8.088322253890611,2.988884338190121,13.1877601695911,10.19887583140098,8.23900167156742,5.021428466968713,11.840211575545112,6.818783108576399,7.709423357858706,3.862145876899083,11.355693671313988,7.493547794414905
W02000189,6.031555569835369,6.678886717872038,2.22838285701103,11.129390578733044,8.901007721722015,7.163205559785087,3.6168207575749847,10.855926522034453,7.2391057644594685,7.455143795523532,4.283569678005319,10.825335618045933,6.541765940040614
W02000191,6.835396416751269,7.537306975711035,1.847179979052119,13.227433972369951,11.380253993317831,7.372350100434242,3.3914612654387923,11.241120848038786,7.849659582599994,7.507397289153551,3.943492754097255,11.36862515610372,7.425132402006465
W02000192,5.64204868,8.64233133124552,-0.6149613869794717,17.89962404947051,18.514585436449984,7.734813261475044,2.0901813996906515,12.790230147943443,10.700048748252792,7.624740878713166,2.6056906012295915,13.40584464490111,10.800154043671519
W02000193,7.169971068023256,9.26136405582516,4.090202388856949,14.432525722793372,10.342323333936422,8.234150756528006,4.3306979474274705,11.993064910826815,7.662366963399345,8.331539187826742,4.227797252037405,12.125692228940872,7.897894976903467
W02000194,7.279023187847499,10.320620511414372,2.0855520026256684,18.555689020203076,16.470137017577407,8.961718567050141,4.3430644888447,13.910718591174419,9.567654102329719,9.064096158098778,4.129327401313311,13.03241889037942,8.903091489066108
W02000195,8.286644401639345,9.86288663234542,1.1256509785834794,18.60012228610736,17.47447130752388,8.71623042344116,4.317467198508554,14.208787197174503,9.89131999866595,9.584444737864501,4.888101424471161,14.85170161501897,9.963600190547808
W02000196,7.108780130952381,9.219275475627272,5.6787599558181965,12.759790995436347,7.081031039618152,8.916926778439262,6.182104465578294,11.627509769574658,5.445405303996364,9.067822114615197,6.419460466991138,11.998354587782487,5.5788941207913485
W02000197,11.157848509499136,15.61818533467359,8.210716673112309,23.025653996234873,14.814937323122566,11.12981065553888,7.0558961251717,16.533105199685863,9.477209074514164,11.465974347364439,7.3201386207410986,16.472170481817322,9.152031861076225
W02000198,8.045311904712404,7.727262846204332,2.5223733204263388,12.932152371982326,10.409779051555986,7.543443620473389,3.213151167752045,12.275327004529622,9.062175836777577,8.040535691657537,4.4459095620331315,11.588860676151269,7.142951114118137
W02000200,10.699820325757575,8.460485952031775,3.999648304206119,12.92132359985743,8.92167529565131,8.925379231167177,5.46031590732543,12.10782516477203,6.6475092574466,9.073266613750032,5.972290637025189,12.146564181578256,6.174273544553067
W02000201,11.61373014781402,8.73853894056804,4.200061010694786,13.277016870441294,9.076955859746509,9.14995424024662,6.281238495090086,12.57176094541013,6.290522450320044,9.304606836400929,5.820377400101277,12.652595049121096,6.832217649019819
W02000202,8.450682280696576,17.34411066173484,4.092042588026523,30.59617873544316,26.50413614741664,10.518248754331045,5.796133750269195,16.103871298282442,10.307737548013247,10.766182817210131,6.332450718516411,15.591105628365733,9.258654909849323
W02000204,8.497231951749734,12.16088346432931,6.539361651084622,17.782405277573996,11.243043626489374,10.359521600470137,6.720389299760576,14.175231479233773,7.4548421794731965,10.720991068308944,6.817786005799669,15.118781674721609,8.300995668921939
W02000205,7.394808051587301,13.910334752675842,2.16474112548738,25.655928379864307,23.491187254376925,10.261948614792317,5.679078817357925,14.864969166090232,9.185890348732308,9.382316096265995,4.74729875653655,13.771358081734961,9.024059325198412
W02000206,7.010919718805971,14.248875955039027,-6.020892904708846,34.5186448147869,40.53953771949575,8.844263287375094,3.0363899401967807,14.326924379175185,11.290534438978405,9.904069461337661,4.643518159155498,15.299150150244099,10.655631991088601
W02000207,7.858038614697802,7.920333694319711,1.9916112278065308,13.849056160832893,11.85744493302636,8.795781175038048,4.918551860635169,12.54856800205277,7.630016141417601,9.800479836148252,6.229055080042985,13.441677179576544,7.212622099533559
W02000208,7.850518905457464,30.248808109523814,13.176543415851064,47.32107280319656,34.1445293873455,11.2682397505734,5.6899665889396145,16.647198649956202,10.957232061016587,9.22388988747013,4.359580539974569,14.7858402906108,10.42625975063623
W02000210,6.606855773634763,14.537985840855091,7.377923521783368,21.698048159926813,14.320124638143447,10.759239603337402,6.155542701927123,15.031247199684524,8.8757044977574,11.453180115366864,7.066639117624631,16.192692001940188,9.126052884315556
W02000211,6.634745905392841,7.874325606660624,3.767841806045002,11.980809407276244,8.212967601231243,8.436115092257314,4.897458579223278,11.88860343809118,6.9911448588679015,8.959101037274003,5.432239331184056,11.926620736027253,6.494381404843197
W02000212,7.740921667863555,11.655076734354816,-2.257114211844341,25.567267680553968,27.82438189239831,9.578565653879991,4.4216767950264995,14.627373594372564,10.205696799346065,10.748866456562997,6.2062300949487765,14.981333608247919,8.775103513299143
W02000213,7.681323158266129,17.314061557699254,8.363327896421469,26.26479521897704,17.901467322555572,11.295198974328756,6.693143704850521,16.831617204728783,10.138473499878263,12.830984418704942,8.519926549790442,17.031323478897335,8.511396929106892
W02000214,6.13812176532567,36.44526088737174,1.763944507262778,71.1265772674807,69.36263276021792,9.389947773561182,4.0040227837004085,15.642840174882265,11.638817391181856,12.215454673768456,6.559577441305694,19.041561000168002,12.481983558862307
W02000215,6.328432221077654,16.9851990034233,8.45956420524797,25.51083380159863,17.05126959635066,11.20883842177027,6.594875377467381,15.641977723470356,9.047102346002976,12.797287546880094,8.02626304579805,17.788952949226726,9.762689903428676
W02000216,6.411638220038816,16.546224461408734,5.317145250032027,27.77530367278544,22.458158422753417,10.975016444216212,5.910219941207032,15.700182987788047,9.789963046581015,11.653415436588503,7.513899082589359,16.963131347876224,9.449232265286867
W02000217,7.977578937070938,10.407715871262116,7.703918413095114,13.111513329429116,5.407594916334,10.112456215147825,7.679988930606219,12.497686250617605,4.817697320011386,10.646511005497663,8.36044795055055,13.478883046171129,5.11843509562058
W02000218,8.778152745856353,6.347889657326775,2.929065210540805,9.766714104112744,6.83764889357194,7.055727147580406,3.8211801605744977,9.873055014539316,6.051874853964819,7.602960033659337,4.7705919492989945,10.673791716765589,5.903199767466594
W02000219,8.238983830524344,4.532602712250638,2.362744219314448,6.702461205186827,4.339716985872379,5.020357287316056,3.16953523183334,6.9663476507783635,3.7968124189450236,5.358341930040594,3.5562012500499662,7.2814093726843465,3.7252081226343803
W02000220,8.841162870860927,14.716468538339836,4.643652598192997,24.789284478486675,20.14563188029368,10.880573068510724,5.455714212470543,16.48534250367184,11.029628291201298,11.720559654274002,6.9926808294961225,15.645123321963522,8.6524424924674
W02000221,8.659345496365969,7.447348197365991,2.948969845438307,11.945726549293674,8.996756703855368,8.31018090077309,4.895774410175811,11.762366542466944,6.866592132291133,8.724828765562805,5.3650420622451644,12.532137883774297,7.1670958215291325
W02000222,8.544631866834171,11.755008168876747,4.345291625791648,19.16472471196185,14.819433086170198,10.212242501088664,5.7555911642543816,14.50283931414887,8.747248149894489,11.051089738507672,6.666801026401053,15.91565608706825,9.248855060667196
W02000223,7.35402820879121,25.58394805458324,7.9217409073348115,43.24615520183167,35.324414294496854,11.07805871426904,6.071979056523757,16.099789546432763,10.027810489909006,11.513837630474155,6.649363204118747,16.05899030667913,9.409627102560385
W02000224,7.337884268367347,13.55171276877766,-2.271800182161188,29.37522571971651,31.647025901877697,9.750224342839381,5.208961961629907,14.743265394788086,9.534303433158179,11.01743682830806,6.257123734669668,15.6534912051021,9.39636747043243
W02000225,7.753554270667727,15.118294618307992,5.6204554877717445,24.61613374884424,18.995678261072495,10.936561047737182,6.089918556979595,15.72958838370579,9.639669826726195,12.08656924556449,7.687542504230055,16.613490484745427,8.925947980515371
W02000226,7.92853952882292,22.465753414387994,8.288085306627973,36.64342152214802,28.35533621552004,11.213808689617405,5.605278851431472,16.997494777739607,11.392215926308136,11.651356987032113,7.006472721731385,16.688653244217864,9.68218052248648
W02000227,8.421541571896956,47.6192776806164,-20.565348388398313,115.8039037496311,136.36925213802942,9.631101368802403,3.683643795517087,15.773518341008105,12.089874545491018,12.502685201786944,6.656237324320861,17.388937887014794,10.732700562693934
W02000228,8.079781475931231,16.03982259034895,6.500011720170116,25.579633460527788,19.07962174035767,10.897300170531446,6.16152682120058,14.955834108789903,8.794307287589323,11.808697908379834,6.953882479027417,16.48292139755039,9.529038918522971
W02000229,6.855584852908277,18.176014957790972,-1.6422353895205717,37.99426530510251,39.63650069462309,9.520888850920718,4.079663909161052,14.634730373829003,10.55506646466795,11.127673122431073,4.338016302728221,17.852647252425,13.51463094969678
W02000230,8.645722277891156,10.623105759728714,5.012610932836149,16.23360058662128,11.22098965378513,10.111660216210968,6.216081987297371,14.202878714930986,7.986796727633615,10.855252043060789,7.07431412516258,14.67305508118556,7.598740956022979
W02000231,6.1601341327336545,12.010113673183808,2.801729897986224,21.21849744838139,18.416767550395168,9.173638964674703,4.303438818774067,13.8870563965093,9.583617577735232,10.524411609056017,6.20066046698465,15.143905418223834,8.943244951239183
W02000232,7.484877188519813,10.207893644793211,2.4092767505672548,18.00651053901917,15.597233788451916,9.284204102787974,4.674014988750171,13.418323970405948,8.744308981655777,10.457867236362954,6.565525420584087,14.34660754926004,7.781082128675954
W02000233,6.6638906034582135,NA,NA,NA,NA,8.61940959368938,2.595421790015326,14.791753752927526,12.1963319629122,10.524138160621247,4.418078047867649,16.72022818911045,12.302150141242802
W02000234,8.130974898167006,8.308003536725842,5.300597170582924,11.31540990286876,6.0148127322858365,8.414488051422953,5.468808787664669,11.014003010840202,5.545194223175534,8.9635139403104,6.548284533430256,11.430421265884544,4.8821367324542875
W02000235,10.241663392449082,20.110502612835923,16.75664404609775,23.464361179574095,6.707717133476343,17.084507805291064,13.901241382134977,20.293570020372133,6.3923286382371565,17.89457060400247,15.145880078898095,20.57615196403436,5.430271885136264
W02000236,9.434674797839506,16.31609347450087,8.516234527635822,24.11595242136592,15.599717893730098,11.284215796766603,7.178920831132907,15.430261768062154,8.251340936929246,13.703731753724972,9.345315782181693,18.56474605414076,9.219430271959066
W02000237,11.607728889489954,5.130093489276885,2.000564071727665,8.259622906826106,6.259058835098441,5.976607946919895,3.5361211659393987,8.74096882993895,5.204847663999551,6.436198476463166,3.871719561916267,9.02975799970471,5.158038437788443
W02000238,10.069105106489184,10.535450686494844,6.3105330061957545,14.760368366793934,8.449835360598179,9.583884853920935,6.30243501802722,12.823134032969424,6.520699014942204,9.599009876091962,6.459376495038531,12.846776970449563,6.387400475411032
W02000239,9.216340852616279,4.093688052627683,0.8401317671591042,7.347244338096262,6.507112570937157,5.095166170613123,1.7223858762543394,7.6432173333169695,5.92083145706263,5.7188177110196365,2.901188979442715,8.349653342381599,5.448464362938884
W02000240,5.100927083617021,7.347593897604795,3.5979324053173807,11.097255389892208,7.499322984574828,7.5862665532415905,4.9005912934575395,10.789842970476478,5.8892516770189385,7.532258748946194,4.474766867757815,10.534984507300567,6.060217639542753
W02000241,6.076107928742803,8.446948641623354,4.446266385826672,12.447630897420035,8.001364511593364,7.956917544109654,5.067241479946167,10.968910024482586,5.9016685445364185,7.767698706056189,4.706401908101103,11.258728897406034,6.55232698930493
W02000242,6.129271639452055,7.579802612525712,3.546165372772487,11.613439852278937,8.06727447950645,7.840342596770477,4.5260899689724,10.48648622836086,5.96039625938846,7.873713925698746,4.856567207879948,11.062446722429627,6.205879514549679
W02000243,5.756394885016026,18.26626263776377,3.1490857782834887,33.383439497244055,30.234353718960563,9.609831845011707,4.627089693170818,14.445375225050014,9.818285531879196,10.44785565026845,5.929818126383082,14.914851454460027,8.985033328076945
W02000244,6.763048200317605,7.36374232868403,1.7868649826737606,12.9406196746943,11.153754692020538,7.98654629826638,4.023378613696005,11.380606404307997,7.357227790611992,8.004299266440203,4.129214959218684,11.763287646429053,7.634072687210368
W02000245,5.969209966566652,9.952134057356416,3.045912298054886,16.858355816657944,13.81244351860306,9.303279326219595,4.8877139047008225,13.753188422421564,8.865474517720742,9.375833136966865,4.479545721090435,13.422389954153246,8.94284423306281
W02000246,7.088316139902676,14.473169282986683,7.203504851449992,21.742833714523375,14.539328863073385,11.002596645236105,6.875042101345746,15.750031893659745,8.874989792314,11.175620206657259,6.4029453454377805,15.342210657250012,8.939265311812232
W02000247,10.364055016627079,5.89955510255676,2.937978554100975,8.861131651012546,5.9231530969115695,6.787856164729762,4.361381100809091,9.129666484813374,4.768285384004283,6.504261482467937,4.14082095948681,9.434703991089464,5.293883031602654
W02000248,5.762174825698888,7.316550429367645,5.002041692526348,9.631059166208942,4.6290174736825955,7.3924113274783645,5.511697834747929,9.72520942368131,4.213511588933381,7.560957616066351,5.464230551809267,9.424725325850694,3.960494774041427
W02000249,6.167100573098172,11.862463301515106,2.4172889913716737,21.30763761165854,18.890348620286865,8.993994200315996,4.191676725647648,13.757250104687751,9.565573379040103,9.26836812891844,4.6965051796335135,14.7887538718625,10.092248692228987
W02000250,9.042456435434929,5.191458097004426,0.6783241835241318,9.70459201048472,9.026267826960588,6.711614079473462,3.4018161816756614,10.034313093098874,6.632496911423212,6.863196938174675,3.655348406619522,10.123938815857466,6.468590409237944
W02000251,6.852644330582865,9.159597463389051,5.269710205749974,13.049484721028133,7.779774515278158,8.957613551781158,6.161704194652312,12.1106430295692,5.948938834916888,8.864271265744877,6.083635000608575,11.612808009186338,5.5291730085777635
W02000252,10.204193970075927,7.33586617346574,1.583585597919475,13.088146749012004,11.50456115109253,8.53222741104668,3.9323827565924496,12.325515240371756,8.393132483779306,9.179411471913452,5.742928814772179,12.969866396131057,7.226937581358878
W02000253,8.744897344287951,14.89634759078062,10.20102589189996,19.591669289661283,9.39064339776132,12.319197826825116,8.34720535159339,15.753568328196225,7.406362976602836,12.484319741890248,9.16104146568502,15.878781083638795,6.717739617953775
W02000254,9.353857924426768,8.848434542613386,2.70392736560384,14.992941719622934,12.289014354019091,9.088700160880688,5.3677740874643805,12.979323708152867,7.6115496206884865,9.92401413797894,5.871049051109113,13.766607002006953,7.895557950897841
W02000255,8.477781870581529,11.38218817017172,5.448318469217705,17.316057871125736,11.867739401908027,10.321715440802182,6.498171557760011,14.318001250725429,7.819829692965418,10.903543607880184,6.910693909127731,14.719571714958882,7.808877805831151
W02000256,8.379672290203652,16.525635541573156,8.993612409011039,24.057658674135272,15.064046265124231,11.77596058625825,7.702374458239914,16.352884084951633,8.650509626711719,11.980485704160921,8.187759429061984,16.287107873501473,8.099348444439489
W02000257,8.677399881464414,10.98449380707821,6.217330040652745,15.751657573503676,9.534327532850927,10.026521272245567,6.48783257535532,13.670464123533158,7.182631548177838,10.458040217176851,7.460702578998915,13.787814024860158,6.3271114458612425
W02000258,9.277365752106743,29.31814776195885,11.410004131814862,47.22629139210284,35.81628726028798,10.944188499793363,5.658310864855798,16.52912819632156,10.870817331465764,11.013644528629902,6.2203967574846395,15.738225144103207,9.517828386618568
W02000259,7.75655556880109,11.238794112261154,5.737824582501327,16.739763642020982,11.001939059519652,10.010130560672911,6.434083312254107,14.055807105136548,7.621723792882441,10.66650386196859,6.969781192815652,14.740960475352855,7.7711792825372035
W02000260,8.618394562798635,9.729368707271744,6.535482136256852,12.923255278286632,6.387773142029781,9.620761566740438,6.541950141198028,12.513790465566958,5.971840324368929,9.915940760801353,7.191873223506367,12.337393675711285,5.145520452204917
W02000261,8.755054043558852,11.929355638630362,9.35153284261304,14.507178434647685,5.155645592034644,11.540337153373997,9.436024268984676,13.472518798636305,4.036494529651629,11.393268787970559,9.079723070905084,14.02230836230467,4.9425852913995865
W02000262,8.18178858317089,12.818190367075422,4.62555800237751,21.010822731773334,16.385264729395825,10.457721186818482,6.554441387905093,15.068983280338237,8.514541892433144,11.233162817285132,6.65818911389649,15.76353495455654,9.10534584066005
W02000263,8.449943485875705,11.538404003692724,4.466619555168849,18.610188452216597,14.14356889704775,10.018045618132364,5.8449596407695505,14.379000285010866,8.534040644241315,10.583143873006488,6.427373859945512,14.487553133289836,8.060179273344325
W02000264,8.267559362207358,12.035437702544296,5.819916018378096,18.250959386710495,12.431043368332398,10.643509767341012,6.221981703942908,14.591238720678934,8.369257016736025,11.090482828726055,6.738450725050869,15.69537941233373,8.956928687282861
W02000265,7.748279503034901,7.5794385811564595,1.841207770525303,13.317669391787616,11.476461621262311,8.499045561147966,4.434490770085462,12.944465492599246,8.509974722513784,9.368681835467688,5.997758412294573,13.102202048377826,7.1044436360832535
W02000266,8.50525093030303,12.325983532179134,5.255983392239952,19.395983672118316,14.140000279878365,10.69463806000995,6.1035237698058165,15.246039448646801,9.142515678840985,10.892127143405439,7.15745962743704,14.684902935219776,7.527443307782736
W02000267,7.922232494417863,13.070972349060929,3.2931734068686858,22.84877129125317,19.555597884384483,10.274763955385064,6.085958865586041,14.942018918919695,8.856060053333653,11.186242588763593,6.653119786800344,15.744600496367433,9.091480709567088
W02000268,7.799979255024116,12.950035176314866,-4.462802779003958,30.36287313163369,34.82567591063765,9.399630640154687,3.6909340498681846,14.732120692160995,11.04118664229281,10.682569708191416,5.0913457428962,14.970944080114606,9.879598337218406
W02000269,7.8736091166453805,21.917027747325665,-4.412710215828653,48.246765710479984,52.65947592630864,9.59536148430039,4.204494835253962,14.97924462528126,10.774749790027297,11.211369754749715,6.379487445154453,16.14095518999493,9.761467744840477
W02000270,7.577080823466667,11.169101467220967,1.6372664336873337,20.700936500754604,19.06367006706727,9.531824051597258,5.387392784811926,14.39311549710061,9.005722712288684,9.939421328956245,5.452860424356317,13.992437667732794,8.539577243376478
W02000271,8.027226262300763,20.953170396194835,12.087413042866256,29.818927749523414,17.73151470665716,12.27438798955226,7.702708556505771,17.28529127833919,9.58258272183342,12.993241232769714,8.478965885479182,17.297739799772945,8.818773914293763
W02000272,7.601014422639364,11.09297321625251,7.011164753143184,15.174781679361836,8.163616926218651,10.334255434472054,7.243006462596833,13.643009228215496,6.400002765618662,10.350145960235087,7.456086239865658,13.642426266818884,6.186340026953226
W02000273,7.7160781206967215,12.055427013432633,0.4475725693240076,23.66328145754126,23.21570888821725,9.593955317978375,4.418547161690464,14.984165347366972,10.565618185676508,9.487257268258855,4.531814087483033,14.014138734250189,9.482324646767156
W02000274,8.244074083550066,11.501890501561885,5.430964449707895,17.572816553415876,12.14185210370798,10.406659937356796,6.408469662093562,14.58600570409795,8.177536042004387,11.277495986571628,7.229805852634385,14.876969303592833,7.647163450958448
W02000275,7.624185183630952,12.33934104542063,8.102339763106393,16.576342327734867,8.474002564628476,11.393897747978741,8.284800251534524,14.607299285952925,6.322499034418401,11.564230867781204,8.503446926872519,14.450258047755566,5.946811120883048
W02000276,7.866932287607892,16.395861284281057,8.569027378499499,24.222695190062616,15.653667811563116,11.736508865758374,7.244791844025808,16.375466640378576,9.130674796352768,11.318429513381005,6.894889601415034,15.344683050759077,8.449793449344043
W02000277,7.194741554187192,8.87861425870921,-1.1046670712774276,18.861895588695845,19.96656265997327,8.836511750226641,2.9048873383937934,14.13483338076199,11.229946042368196,8.581223736813222,5.0360080544015045,12.479248846085804,7.4432407916843
W02000278,7.606059987221095,19.92189233367861,9.810250105659872,30.033534561697348,20.223284456037476,11.63351073191323,7.2770410103571885,16.13086934379606,8.853828333438873,11.46201924525284,7.104181287919116,15.546312636316696,8.44213134839758
W02000279,7.374820907843137,5.293692001194658,3.4550662338025853,7.132317768586731,3.677251534784145,5.574120609366804,3.767030677814862,7.3212555487214575,3.5542248709065953,5.809594207344649,4.229307178429524,7.658291151521688,3.428983973092164
W02000280,8.53441793172835,15.201255867010342,5.791268947744806,24.61124278627588,18.819973838531073,10.79248212692213,5.3332443093647255,16.160032915942004,10.826788606577278,10.994103677079881,6.882867616365685,15.1818291158774,8.298961499511716
W02000281,7.452521262398785,12.811008364274514,6.621249290846447,19.00076743770258,12.379518146856132,10.828935005461387,6.438526784071612,14.779464104911087,8.340937320839476,10.7220417013662,7.303273994174512,14.783279675693233,7.480005681518721
W02000282,8.576012456370272,13.56464922400928,5.7994652758924445,21.329833172126115,15.53036789623367,10.581729216835257,6.292854221333215,15.359523394614023,9.066669173280808,10.50709312249197,6.758609114322727,14.30654446460896,7.547935350286233
W02000284,7.050993914434782,12.399483668054856,6.852898555485087,17.946068780624625,11.093170225139538,10.955125531581745,7.258262432656003,14.500082663909488,7.241820231253485,11.000843204861877,7.32774543256954,14.379864886646077,7.052119454076537
W02000285,7.8553646196754565,27.548883080068997,2.732995020556274,52.36477113958172,49.631776119025446,9.679798315767318,4.467701147760611,14.96320189733203,10.49550074957142,10.524156737217433,6.171098066203261,15.83767371882665,9.66657565262339
W02000286,6.837450061546841,10.337662226248108,-0.801390853585632,21.47671530608185,22.27810615966748,9.313245804518328,4.165746883934975,14.522846871860402,10.357099987925427,9.416208303522279,4.842065132763169,14.708137165643295,9.866072032880126
W02000287,6.753486828282829,10.522329323704891,5.64266667776934,15.401991969640443,9.759325291871106,9.867720610187472,6.301921644405243,13.21256318620542,6.910641541800177,10.224334024939722,6.97371940689633,13.445685514967112,6.471966108070782
W02000288,8.20623589370438,25.384718446902127,5.69496381992338,45.074473073880874,39.379509253957494,10.658223507155988,4.870540284325033,16.630308271655064,11.759767987330031,10.537038437207917,6.010041696118971,15.310431283623602,9.300389587504633
W02000289,9.206835277575758,7.311969934039263,3.1501047698589097,11.473835098219617,8.323730328360707,7.968904527886613,4.331540614166318,11.354840385033429,7.02329977086711,8.473110161136386,5.378916457343391,11.789080546867117,6.410164089523726
W02000290,8.096114558002617,6.322088634682421,3.5263241080917425,9.1178531612731,5.5915290531813575,6.892168011723146,4.212841260868084,9.111273736107808,4.898432475239725,7.192220124475837,4.972488861179928,9.279504007471655,4.307015146291727
W02000291,8.402125446347608,8.486298507067724,5.722101641681256,11.250495372454193,5.528393730772937,8.647677558624903,6.519795372148845,11.09723312429652,4.5774377521476755,8.857118737929714,6.080999004206331,11.399459759783305,5.318460755576974
W02000292,6.9378889086697555,6.10985744277958,1.593591277613867,10.626123607945292,9.032532330331426,7.605350151189912,4.2764816852374,11.285585539255854,7.009103854018454,7.5725612364868065,4.372493044777567,10.928754550810668,6.556261506033101
W02000293,8.066156943675889,11.255589887802426,6.093760278094435,16.417419497510416,10.323659219415982,10.235158060062133,6.092019795158008,14.192175604761855,8.100155809603848,10.141043462298498,6.603719402104855,13.467823640323381,6.864104238218526
W02000294,7.516577302796174,11.428122108634984,6.746762867017121,16.109481350252846,9.362718483235726,10.380796582752133,7.057908075451665,13.899020671318684,6.84111259586702,10.367502049322482,7.1153569194162465,13.507263445338143,6.391906525921897
W02000295,7.360889573952199,5.353819732507033,0.7727020176303663,9.9349374473837,9.162235429753334,6.922552746707429,3.5181594588626126,9.876436731928473,6.358277273065861,7.032701242293855,3.401067173129663,10.409982571261915,7.0089153981322525
W02000296,6.939092450554751,8.226934596744133,3.89769079005721,12.556178403431057,8.658487613373845,8.550105845948437,5.619939910224011,12.326379072417822,6.706439162193811,8.675976864595174,5.359008431470188,11.617619770797056,6.258611339326868
W02000297,7.527714342092338,19.349795736806342,7.598683706086424,31.100907767526262,23.502224061439843,11.184602093576007,6.318128821346086,16.89007239846798,10.571943577121893,10.921829978898831,6.1003101573843175,15.580475408482046,9.480165251097729
W02000298,6.897624633618521,14.184316431794064,-1.116350540075448,29.484983403663573,30.60133394373902,9.19099977918077,4.47768219391285,14.25958863292312,9.78190643901027,9.60919481841381,4.858765664319298,14.444391992254603,9.585626327935305
W02000299,7.068277025175644,7.07437521202186,3.906058684370836,10.242691739672884,6.336633055302048,7.6179592617897525,5.20228104802751,10.275279588203055,5.072998540175545,7.389413546366061,4.844548317478761,10.28956615237993,5.445017834901169
W02000300,6.952379253359341,11.064711637385818,6.142530737145808,15.986892537625828,9.84436180048002,10.265673856683618,7.096863659348714,14.091725737825499,6.9948620784767845,10.216243360857728,6.877931793406827,13.7408262773699,6.862894483963073
W02000301,6.9740533923564,11.705061768966038,7.682198227526851,15.727925310405226,8.045727082878374,10.932751309092566,7.575813754346639,14.396457508553452,6.820643754206813,10.638010940971629,7.384972735315552,13.179687144737512,5.79471440942196
W02000302,7.640369503344482,11.601711854524147,1.8388043324644237,21.364619376583875,19.52581504411945,9.580221086648729,5.475667650029043,14.694430819342294,9.218763169313252,9.55732805115625,5.037171696809798,13.963625690373885,8.926453993564087
W02000303,7.389010513414633,41.14758984181217,-1.166038511642725,83.46121819526707,84.62725670690979,10.140557230977484,4.5177703959534234,16.115079493343124,11.5973090973897,8.58985874197414,3.4332289908823057,14.127078760738442,10.693849769856136
W02000304,7.614629138022367,12.279254695698958,1.5429836705132285,23.01552572088469,21.47254205037146,10.01657889024927,4.5806241893752215,15.116173701778106,10.535549512402884,9.666972073494716,5.321647882787768,14.312823677641239,8.991175794853472
W02000305,7.162347125129534,17.01867043201226,9.14494551113031,24.892395352894212,15.7474498417639,11.85320999800807,6.853578943903429,16.013515227721847,9.159936283818418,11.477231292554526,6.3159409266498985,15.626148391325366,9.310207464675468
W02000306,7.175986408727516,9.079783987907058,5.350180014472783,12.809387961341333,7.459207946868551,8.991252270162034,5.9778063048016445,12.030976905073942,6.053170600272297,9.00884482591492,5.952894449631138,12.179174649831989,6.226280200200851
W02000307,6.583145817018909,6.056490039582947,3.064782916574234,9.04819716259166,5.983414246017426,6.765729679046159,4.345128920514146,9.21222142621103,4.867092505696885,6.907907286284096,4.177441200782544,9.465994243992505,5.28855304320996
W02000308,6.894277941487114,10.761317857891354,6.615262260280297,14.907373455502412,8.292111195222114,10.212385617330934,6.774146085663927,13.630900323395066,6.856754237731139,9.946059173543391,7.06135516929035,13.09432042529212,6.03296525600177
W02000309,6.3593548484676505,9.704973760227643,6.85620095279436,12.553746567660928,5.697545614866566,9.515217417408142,7.16835674954403,12.22271413213362,5.05435738258959,9.388801005722653,7.182645656236587,11.932764524851226,4.750118868614639
W02000310,7.669243229684909,50.21906487221129,3.0458325039634317,97.39229724045916,94.34646473649572,9.764748081457718,3.8680697356225267,16.563437586150513,12.695367850527987,8.47633829444196,3.524141993894638,14.558140821272096,11.033998827377458
W02000311,6.259059267998418,4.842365545490801,1.9919286915246237,7.692802399456978,5.700873707932355,5.54114196929075,2.8687007355444827,8.125803589441762,5.25710285389728,5.6212248426191,3.0029766750441684,8.079317227164557,5.076340552120389
W02000312,6.763725037750793,30.379913606829938,2.529335692834241,58.23049152082562,55.701155827991386,9.62850158733222,3.851010027979763,15.720815657312297,11.869805629332534,8.851584017181894,4.137889369164672,13.434795241717914,9.296905872553243
W02000313,7.151795914683266,7.025313145204429,2.9891363423014568,11.0614899481074,8.072353605805944,7.690647103956398,4.4185470539034615,10.667271061563914,6.248724007660453,7.2795861757084666,4.241742592279412,10.242835221513065,6.0010926292336535
W02000314,8.42657730556962,11.779766829344837,6.069607656045922,17.489926002643752,11.42031834659783,10.643179733769703,6.382570521611286,14.627199476848377,8.24462895523709,10.71955023697532,6.918907036082492,14.790525025694343,7.871617989611852
W02000315,8.613017095367027,8.776242115904141,2.27893629649704,15.273547935311242,12.994611638814202,8.831384544534714,5.2667800178587685,13.358446463825851,8.091666445967082,9.147330088045162,4.955283721098697,13.205095633910823,8.249811912812126
W02000316,8.396303476702508,6.397317579844129,3.4328515731881897,9.361783586500067,5.928932013311879,7.028010319870286,4.46362737338238,9.45836660888068,4.994739235498301,7.290912669978084,4.974288142204246,9.785907559244155,4.811619417039909
W02000317,7.762758123238018,13.763133794804096,4.0232100918981235,23.503057497710067,19.479847405811945,10.281574840422724,6.214859172938952,15.709710729247364,9.494851556308411,10.469552749693726,6.41370179967385,14.671934672268923,8.258232872595073
W02000318,8.353119601868487,16.47431787376319,5.880366166897748,27.06826958062863,21.187903413730886,11.196743214829517,6.032657179509566,16.112710843748683,10.080053664239117,10.979215987147017,7.123146203156481,15.201859002945483,8.078712799789002
W02000319,8.288243501790689,20.393644395433206,11.241353355905176,29.545935434961237,18.30458207905606,12.203658252231735,7.359859134514779,16.955253849093367,9.595394714578589,11.562293744966814,7.803146372366416,15.791265891299535,7.988119518933119
W02000320,7.847477087580219,11.558949864454355,2.092382786875559,21.025516942033157,18.933134155157596,9.921824004793905,4.986678516237086,15.283273786162109,10.296595269925023,10.014828646411683,5.782178352025687,14.077353175344628,8.295174823318941
W02000321,7.675004787912912,5.76801141076976,2.3041198151951616,9.23190300634436,6.927783191149197,6.928653202237998,3.5738098709856327,9.726593882931285,6.152784011945652,6.882559156928491,3.940907289511653,9.775225631648102,5.834318342136449
W02000322,8.287622813505607,12.43540658541331,5.213202563843934,19.657610606982686,14.44440804313875,10.604016810548053,6.384528176481218,14.593200663294407,8.208672486813189,9.916789062789523,6.552294577812639,13.397513015852997,6.845218438040358
W02000323,8.754240914850918,10.464553767126487,4.117989221440678,16.8111183128123,12.693129091371622,9.912782348160793,6.194733176549511,13.996238882030152,7.801505705480641,9.580478913256442,5.435706174054851,13.705308214959784,8.269602040904932
W02000324,8.324557402523503,9.095711216774776,4.875888327599353,13.315534105950205,8.43964577835085,9.248100257726048,6.122115541852993,12.806030227733743,6.68391468588075,9.013630071773449,5.959101888506394,12.102409715524077,6.143307827017683
W02000325,7.221276047465209,2.6425414459662058,0.970516970747358,4.3145659211850536,3.3440489504376956,3.1418999925314175,1.525496644420878,4.9756051182182315,3.4501084737973535,3.1933547196570498,1.5119677796728368,4.882215977249251,3.370248197576414
W02000326,7.323422670450098,13.917512654970892,4.040385446778808,23.794639863162978,19.754254416384168,10.441954935816332,5.2990650551940615,15.342918904588931,10.04385384939487,9.117538799446887,4.764900757592066,13.683119016029377,8.91821825843731
W02000327,8.066891473148148,8.004931831872058,3.7611795933010743,12.248684070443042,8.487504477141968,8.482399282343927,5.187909893904434,11.530440712133165,6.342530818228731,8.318298010529524,5.372909106908031,11.588744352744897,6.215835245836866
W02000328,7.2945213471162,10.143527658860869,5.689596138581552,14.59745917914018,8.90786304055863,9.578372385293529,5.884717167326906,12.72473197972306,6.840014812396154,8.99367172390299,5.222890952574814,12.74841772381058,7.525526771235765
W02000329,6.620778003466205,5.060284128684291,2.648677953201624,7.471890304166958,4.823212350965334,5.654403382544686,3.4108463336354404,7.840823046290749,4.429976712655309,5.391451091387894,3.2702436417240115,7.382286959566317,4.112043317842305
W02000330,6.431674563160544,4.6060227736422465,1.1944439062858103,8.017601640998683,6.823157734712872,5.665218098464864,3.1197735038808947,8.438924818453136,5.319151314572242,5.655132811463432,3.1231200474241856,8.408735265574911,5.285615218150726
W02000331,5.687546164248404,3.7773153186101953,2.000366666614134,5.554263970606256,3.5538973039921222,4.174311217934935,2.2286161618838722,5.941097318825439,3.7124811569415668,4.0992045662601555,2.5811509542473132,5.835865885766067,3.2547149315187536
W02000332,6.0237099713553794,2.5429836356087145,1.7493493703602478,3.3366179008571812,1.5872685304969336,2.682500186926273,1.901689229923047,3.4915263769804987,1.5898371470574517,2.6612639301173093,1.8354331844719791,3.5097467836019973,1.6743135991300182
W02000333,6.347087761499148,2.135051546085259,-0.266366267936172,4.53646936010669,4.802835628042862,3.218228830344513,1.0031116221191194,5.363857568640849,4.36074594652173,3.2740792659373223,1.1070956085332746,5.17674344003127,4.069647831497996
W02000334,6.784892006428173,10.73166097396246,6.584287381125918,14.879034566799,8.294747185673081,10.301244356138437,6.468873689854978,13.909149015445138,7.44027532559016,9.735261654820736,6.135526975483118,13.014249735684402,6.878722760201284
W02000335,7.4074974361483,10.80934221343589,4.701624821231458,16.917059605640322,12.215434784408863,10.06627239944181,5.691205959067753,14.340865998936835,8.649660039869081,9.091371180731045,5.1936109738484895,12.93993954931869,7.746328575470201
W02000336,10.42211474710619,30.9257753632422,4.435529965573856,57.41602076091054,52.980490795336685,9.665008456973208,4.51142044779855,15.005103258443256,10.493682810644707,9.404830632392027,4.511606009847899,14.307070003053424,9.795463993205525
W02000337,9.635264524547804,5.7097328798100015,1.0052629375787108,10.414202822041291,9.408939884462582,6.7930146366306445,3.6520091322825596,9.904916871044936,6.252907738762376,6.80971559168604,2.9315975698753167,10.556252633966295,7.6246550640909785
W02000338,10.992515518854065,14.218961938091962,2.040815860939123,26.3971080152448,24.356292154305677,9.61857135359359,5.116686807253354,14.640470792681503,9.52378398542815,10.202117701856677,5.279981911424889,14.891597281264882,9.611615369839994
W02000339,10.632803899215128,13.498848114262096,1.4780126889378682,25.519683539586325,24.041670850648455,9.584782523132489,4.682387436921664,14.78821433961973,10.105826902698066,10.237772763506628,4.988496495706979,15.628537371292284,10.640040875585305
W02000340,12.824625512658228,12.03846462655071,6.554323747032727,17.522605506068693,10.968281759035964,10.636681138022272,6.7887903445945215,14.399306081044248,7.6105157364497265,10.338999328555047,6.926522863328249,14.119658508945022,7.193135645616773
W02000341,11.00628210216895,12.473278274432117,3.740055838700737,21.206500710163496,17.46644487146276,9.994506048153932,5.213701287589848,15.570038971817473,10.356337684227626,9.71248344963125,5.680367522592005,14.23123576993164,8.550868247339636
W02000342,12.703547609611233,37.79384992940254,5.062435225036204,70.52526463376887,65.46282940873267,9.273727159783817,4.683784203196186,14.916773261502424,10.232989058306238,10.477125710146122,4.914047160219424,15.950444891917044,11.03639773169762
W02000343,9.607000017572538,15.192378364207306,0.9611716223595136,29.4235851060551,28.462413483695585,9.613757174023501,4.044373729071104,15.955657149939967,11.911283420868862,10.270176450130421,5.378733766357693,15.496810137809168,10.118076371451476
W02000344,11.203966325038483,12.21691237753517,5.976689095143965,18.457135659926376,12.48044656478241,10.22605120614037,6.047588427099332,14.238342084675791,8.190753657576458,10.939608627708687,6.7932582714152385,14.576365030463311,7.7831067590480725
W02000345,8.734452034045393,9.670293260293072,3.0881378309170087,16.252448689669137,13.16431085875213,9.469003814963854,5.72854933735331,13.445548461614779,7.716999124261469,10.00431024000469,5.721837338462939,14.49780676616114,8.7759694276982
W02000346,10.72773412134503,28.46012356953176,13.776126630219547,43.14412050884397,29.367993878624425,11.230170416239135,5.9316035460455065,16.31592607934425,10.384322533298745,12.016027834427488,6.600958056975494,17.036414763570537,10.435456706595044
W02000347,7.823941938432836,29.889998509344064,0.5373690762491456,59.242627942438986,58.70525886618984,8.949555855885546,2.9468383803646354,14.139722381574716,11.19288400121008,9.12315294361473,4.387399087948404,14.578878023975182,10.191478936026778
W02000348,6.840127969421883,6.366385123946504,0.32493885938396616,12.407831388509042,12.082892529125075,7.534265267456374,3.4075743738095188,11.961882216757697,8.554307842948178,7.877090789893548,3.7334622089563343,11.650895244148764,7.917433035192429
W02000349,6.673018589058524,9.502807228072353,4.059622169245708,14.945992286898996,10.88637011765329,9.290040588269221,5.633785569227888,12.893394656929017,7.259609087701128,9.14504809602148,5.464671645308622,12.690442744814982,7.22577109950636
W02000350,9.661677860412759,9.37316553501438,3.3030125326123736,15.443318537416385,12.140306004804012,9.1539912339734,5.018357945427672,12.857055837641758,7.8386978922140855,9.887009672802211,6.3402289044334905,13.430726821649483,7.090497917215992
W02000351,6.891041821987953,14.25662924692783,7.063299062868805,21.449959430986855,14.386660368118047,10.493902401405578,5.975038876711321,14.59273053784151,8.617691661130188,11.006168577087983,6.543612848846885,15.541465778129732,8.997852929282846
W02000352,6.491089745262588,10.616345419909951,4.083869362861479,17.148821476958428,13.064952114096949,9.289549834518972,5.449557909129718,13.562689597283232,8.113131688153514,9.442893662662396,4.704451749346985,13.840751683141555,9.13629993379457
W02000353,6.186895300271125,5.105723225951837,0.9870071798829728,9.2244392720207,8.237432092137729,6.0394314937654,2.687448288024063,9.379282930399969,6.691834642375905,7.16932964712961,4.062957379992362,10.557807097180667,6.4948497171883055
W02000354,7.214268674578389,6.635614841194458,1.9370650673714425,11.334164615017476,9.397099547646032,7.238878771359929,4.152787994484749,10.577423109554125,6.424635115069377,8.413367015216831,4.170837223052789,12.464098143301898,8.293260920249109
W02000355,7.843264900405679,9.548353732808843,6.622572210701401,12.474135254916286,5.851563044214885,9.31825036718865,6.486551004490837,12.033875029945378,5.54732402545454,9.350671439549659,6.700598336792278,11.93907004285634,5.238471706064062
W02000356,6.13030305762595,11.66242785131768,6.582015733994384,16.742839968640972,10.16082423464659,10.150159265933885,6.2208265930873665,14.188844184515137,7.96801759142777,10.89313904308953,7.427737127436645,15.445229031662873,8.017491904226228
W02000357,6.721539797680928,14.08388127160262,8.912668588459711,19.25509395474553,10.342425366285816,11.038136987899403,7.11934734866774,15.43043206882827,8.31108472016053,11.937707206230861,8.239668939401026,15.435662950205383,7.195994010804357
W02000358,7.9345247176938365,15.035482619479817,7.754651258261358,22.316313980698272,14.561662722436914,10.242318710067178,5.895465557083257,13.9262201715448,8.030754614461543,10.371332206827894,6.28712500604962,14.835068817815081,8.54794381176546
W02000359,6.748055426928282,12.951227947898866,6.528100752849067,19.374355142948662,12.8462543900996,9.947614702262314,6.136916119127255,13.916379210390428,7.779463091263173,11.095414301934646,6.579238358187139,15.733392688213698,9.154154330026559
W02000360,6.0866037238198585,11.80716825660156,3.719710549367488,19.89462596383563,16.174915414468142,9.00455962408748,4.487466879180602,14.105020002274914,9.617553123094313,9.13590200196224,4.561048765339558,13.809817553113884,9.248768787774326
W02000361,6.862138473984419,13.39583785568002,8.177324248816172,18.614351462543866,10.437027213727696,11.398653529421875,7.756272041305427,15.025846881168654,7.269574839863227,12.015405461030811,8.236181651817638,15.84493637659194,7.608754724774302
W02000362,8.021906408369803,6.585049879764016,2.3115240899812175,10.858575669546816,8.547051579565597,7.298404047322161,4.379001608752466,10.60544484580309,6.226443237050624,7.264657871914529,4.044346149512341,10.926524735061278,6.882178585548937
W02000363,5.558182892236025,7.473881397356571,1.5953632633615378,13.352399531351605,11.757036267990069,7.621317458135084,3.4743863568897115,11.676824985946368,8.202438629056656,8.503208076665173,4.016860098715531,12.65788822848797,8.641028129772439
W02000364,6.519394526156941,12.94777050502914,-2.5377243291352816,28.43326533919356,30.97098966832884,9.369313468568821,3.6463416228138854,14.670878625722086,11.0245370029082,9.032302874021974,3.3166797011106386,14.458301831186871,11.141622130076232
W02000365,6.69318265252785,20.289973984947725,6.062992948727571,34.51695502116788,28.45396207244031,9.95438010923292,4.2806238518536635,15.083472818762104,10.80284896690844,9.957032509457145,5.1099165248826885,15.002625518343477,9.892708993460788
W02000366,8.378751665096456,12.857951763297176,0.9087462426814524,24.8071572839129,23.898411041231448,9.600143357248905,4.829313378258492,15.262401534406278,10.433088156147786,9.131956031281037,4.076457852556395,14.125212143823637,10.048754291267242
W02000367,7.405637866691562,7.580477718410777,3.9748315971749206,11.186123839646632,7.211292242471713,7.6607010879216535,4.474862670491451,10.666157318356124,6.191294647864673,7.460037621833601,4.319050985558549,10.250092751287376,5.931041765728827
W02000368,6.101638211002785,3.2748114728110513,1.605565781898753,4.9440571637233495,3.3384913818245967,3.738255983349916,2.233838186632214,5.203754109535854,2.96991592290364,3.575290489638089,1.989925488631318,5.402639306571732,3.412713817940414
W02000369,7.2700407,4.4504982185489546,2.423025005956552,6.477971431141357,4.054946425184805,4.868234190984159,3.1974355940406713,6.738669039722956,3.541233445682285,5.067367760132418,3.163274003202792,7.00527489926333,3.8420008960605374
W02000370,6.495652703036723,4.221165910395479,1.713681721273789,6.72865009951717,5.01496837824338,4.952571565942165,2.6378060535062797,7.478795743759533,4.840989690253253,4.916603444437923,2.656204061135993,7.077114934262952,4.420910873126959
W02000371,5.423291582848186,3.733923781080957,0.7506396980711165,6.717207864090797,5.966568166019681,4.697607183865893,2.0368085352807483,7.363693962760899,5.326885427480151,4.304333033686035,1.5499236729508201,6.6156046391793275,5.065680966228507
W02000372,7.6304825996240595,15.961198446873366,5.653738742867853,26.26865815087888,20.614919408011023,9.30447097982622,3.944555639725639,14.329152060317703,10.384596420592064,9.608934306499275,5.236525928378106,14.163498838939093,8.926972910560988
W02000373,5.444325424626007,18.389389318926774,2.4720962244281157,34.30668241342544,31.834586188997324,9.139469997027442,4.34752100447686,14.823919593015145,10.476398588538284,8.259194673853735,2.7435681221450334,13.796428100280298,11.052859978135265
W02000374,6.346860928571428,6.58611820745636,1.0498554865522012,12.122380928360515,11.072525441808317,7.143556964811663,3.519483258167133,11.038361747687734,7.518878489520601,6.377803139057751,3.0411224396665215,10.354030744388373,7.3129083047218515
W02000375,5.33473624576706,6.828223612232073,0.6662574570883395,12.990189767375806,12.323932310287468,7.793413523407265,3.7941537401171335,12.174521983337353,8.38036824322022,6.828791188777033,2.560163602332347,11.081070264578251,8.520906662245904
W02000376,6.337247881500988,6.098475441448855,3.1629650087527867,9.033985874144925,5.871020865392136,6.52231897479237,4.004700012650192,9.12681463461393,5.122114621963739,6.534270493951287,4.016874268856441,9.045904625748975,5.029030356892534
W02000377,7.09447686337761,5.324977143677473,3.4497596072833083,7.200194680071638,3.75043507278833,5.672875193267065,3.7280765628680363,7.550005549639132,3.8219289867710957,5.60733624574676,3.643593073272333,7.390673713205228,3.7470806399328946
W02000378,6.071613531007753,5.730981705358661,-0.4073477808218086,11.869311191539133,12.27665897236094,6.385683201162466,2.497589697605269,10.53161944929744,8.03402975169217,5.775631065810532,1.9191415128634546,9.890954544438005,7.97181303157455
W02000379,6.166127536036036,47.4303517569962,-5.646070787080262,100.50677430107268,106.15284508815292,8.352442440586582,2.8856431868048595,13.31574976610766,10.4301065793028,7.334071150815683,1.5971759109958068,12.679465155949043,11.082289244953236
W02000380,8.02556907119828,8.855183364555808,6.184703198697445,11.525663530414173,5.340960331716727,8.823668418180507,6.5622957183849655,11.169261447701485,4.60696572931652,8.734242707989756,6.159469022909911,10.912086179975525,4.752617157065614
W02000381,5.039611780975878,17.741587405594732,6.349590137997886,29.133584673191574,22.783994535193692,10.614761784593012,5.64649621897602,16.13637657834995,10.48988035937393,9.110192176813928,4.960798127550701,13.640157966174767,8.679359838624066
W02000382,5.224866573262839,8.735814187217894,0.5315428116186833,16.940085562817103,16.40854275119842,8.247969439735872,3.810852838703907,12.90616167797434,9.095308839270434,7.304886572074725,2.6156582090766705,12.03726579263405,9.42160758355738
W02000383,4.284830273510972,4.0613326887318415,2.182587123419699,5.940078254043984,3.757491130624284,4.4518001730295005,2.751076306705283,5.9691860407222626,3.2181097340169798,4.304549306610788,2.5997500835261373,5.852460858914299,3.2527107753881612
W02000384,5.815377514105419,3.738737209807085,2.974404117428284,4.503070302185886,1.5286661847576029,3.7930702380531134,3.1143453396853555,4.478762046729578,1.3644167070442226,3.7957473361083807,3.10325844735868,4.603863910232073,1.5006054628733931
W02000385,7.924785038575667,22.00173652404174,-11.426522984019122,55.4299960321026,66.85651901612172,7.983348816106906,1.6512363023866161,13.847975222357512,12.196738919970896,6.548934079441321,1.5221091818550807,11.455079102737983,9.932969920882902
W02000386,5.88427283386277,8.598484125800605,0.9976120266342487,16.199356224966962,15.201744198332712,7.8107712300091965,3.1298483643853547,11.77855981599565,8.648711451610295,7.280068655727814,3.0300991763633167,11.466313332248644,8.436214155885327
W02000387,5.691247255140898,13.48883480527684,0.9195144453248324,26.05815516522885,25.138640719904014,8.2586361574307,2.6942748598192665,13.672529212276782,10.978254352457515,7.21043916743288,2.751130256921556,11.678485830106215,8.92735557318466
W02000388,5.221447910383597,5.588005659013572,3.195824450130237,7.980186867896906,4.784362417766669,5.926403913471084,3.6762759007027643,7.894942828998511,4.218666928295747,5.912939486572247,3.558852333282882,8.188790013155375,4.6299376798724925
W02000389,5.040853611270983,5.644775340982704,2.3257510213222172,8.963799660643192,6.638048639320974,6.081050453564596,3.719290917810003,8.67868309667451,4.959392178864507,6.229028029065263,3.5446236761793397,9.325738389055864,5.781114712876525
W02000390,7.131030428853754,6.617859747350056,2.7472055418671433,10.488513952832967,7.741308410965825,6.830193926000959,3.8557551288376644,10.274340443020991,6.418585314183327,6.498896699433694,3.296100994542618,9.728848016536794,6.432747021994176
W02000391,7.61065084167894,9.495707985789393,1.46085335347305,17.530562618105733,16.069709264632685,7.986376818405922,2.709595175013451,12.959552723718152,10.249957548704701,7.546131729271213,3.448829166827995,12.136190763278638,8.687361596450643
W02000392,6.720200010331703,7.431107541964304,2.6029609183515277,12.25925416557708,9.656293247225552,7.425763625710563,3.0347442820779804,11.50399546285155,8.46925118077357,7.4140914724514895,4.04744140644733,10.717675655812068,6.6702342493647375
W02000393,5.590882946104277,7.646527027819966,3.064217495311767,12.228836560328164,9.164619065016398,7.821024015068459,4.122004338170916,11.063334566874062,6.941330228703146,7.955662704664857,4.610161079515743,11.555376972660607,6.945215893144864
W02000394,7.073455819395466,20.14621200919989,-12.46022707613022,52.752651094529995,65.21287817066022,7.563233216263353,1.470085751930247,13.546803240827257,12.07671748889701,6.705957083565133,1.6934368000006046,11.290804864254639,9.597368064254034
W02000395,5.7643818833671405,18.286188004321787,-0.8145067734396356,37.386882782083205,38.20138955552285,7.642103188730842,2.5741394647828972,12.993045776911172,10.418906312128275,5.834938470766671,0.3276755436844976,11.151128648676229,10.823453104991732
W02000396,5.728680598175965,43.885537255447595,-1.4906305357032323,89.26170504659842,90.75233558230164,6.394922996352274,0.5122087160747508,12.159186895197317,11.646978179122566,5.5257926691310395,-0.05590592383227566,10.38782331732313,10.443729241155406
W02000397,5.6134151817080555,12.77127849465313,2.640859737682563,22.901697251623695,20.260837513941137,8.797036388325104,4.065654227739731,13.584973873031975,9.519319645292244,9.063191920644162,4.481234849476024,14.04223571521018,9.561000865734156
W02000398,9.018257535955057,5.743367168111327,0.6063125844826551,10.880421751739998,10.274109167257343,6.414306823620352,2.436518789808245,10.604108026799342,8.167589236991097,6.044123958630759,2.5912234555998026,9.668545732881796,7.0773222772819935
W02000399,5.290283652777778,3.9098385750514137,1.077034206456724,6.7426429436461035,5.6656087371893795,4.260543066273076,1.5450048846727498,6.955161395168425,5.410156510495675,4.1004833370660645,1.8399930482556375,6.250684645563067,4.410691597307429
W02000400,5.946821574889868,7.545819281234707,4.762924609619772,10.32871395284964,5.565789343229868,7.306338601242687,5.007262373255443,10.200251084372693,5.19298871111725,6.996763405886881,4.686221630261155,9.635362634588798,4.949141004327643
W02000401,5.4269778517420315,5.941598146118677,3.0380505218650424,8.845145770372312,5.807095248507269,6.18980536122815,3.5028918844521773,8.612007781935233,5.109115897483056,6.104558355144299,3.6378388065179728,8.605647723128332,4.967808916610359
W02000402,4.883552680961924,3.964228040641638,1.8281102051190077,6.100345876164268,4.2722356710452605,4.201345282731884,2.2461606857057728,6.276436316481246,4.030275630775473,4.204698212368607,2.281296488086811,6.360867259224603,4.079570771137792
W02000403,4.672296280959373,8.206328163694529,1.5777078866856833,14.834948440703377,13.257240554017692,8.370446368012244,3.907749393377438,12.952680924016903,9.044931530639465,7.1883998010874794,2.9806787077593437,11.425422184057393,8.444743476298049
W02000404,4.428791343137255,3.5761852892923516,0.9009004883686202,6.251470090216083,5.350569601847463,4.413328457952222,2.113901322512527,7.054966933983275,4.941065611470748,4.090647559959068,1.9950001179066064,6.413752513761741,4.418752395855135
W02000405,5.356977004935225,5.31963558646857,1.7871348750766658,8.852136297860474,7.065001422783808,6.135121846757664,2.984622134548095,8.958770617770615,5.974148483222519,6.268207865418595,3.433392907301311,9.312672155939541,5.87927924863823
W02000406,5.0937675879705395,12.833454488678909,-1.3884040554390555,27.05531303279687,28.44371708823593,7.9783725377334225,2.953503842074907,13.52568914196755,10.572185299892643,7.322581343729373,2.611024660452312,12.239670619114147,9.628645958661835
W02000407,4.393184523702755,5.425306863485208,2.341212494677382,8.509401232293033,6.168188737615652,6.216643323661409,3.5519153497609253,8.588554141978566,5.036638792217641,6.187605406797573,3.2101162737036066,9.423641710845892,6.213525437142286
W02000408,4.553811626404494,7.9461689546719745,3.99884299280164,11.89349491654231,7.894651923740669,7.310078109405582,3.930082978548656,10.797055351615674,6.866972373067018,7.375901669186994,3.9131539873388963,11.086739127356573,7.173585140017677
W02000409,6.062863422214183,8.602754578064927,2.984903074687588,14.220606081442266,11.235703006754678,8.25406487223842,4.41305970888442,12.519751804811337,8.106692095926917,8.157064309722598,3.9795714746349464,11.724857219657176,7.74528574502223
W02000410,4.501289779370301,4.124394787388791,2.623384596434564,5.625404978343019,3.002020381908454,4.232626713471433,3.080974071395742,5.691605338950904,2.6106312675551617,4.393872540674893,3.085544401422597,5.631179629057585,2.545635227634988
W02000411,5.4137042294437725,17.4549439538183,3.379657720115123,31.53023018752148,28.150572467406356,9.62937779843328,4.007720032080458,14.555793927809907,10.548073895729448,9.439372081513874,3.769216945625862,14.540906629044644,10.771689683418781
W02000412,4.6901145884396716,9.21138548133769,5.715942085670454,12.706828877004924,6.990886791334471,9.12485270608925,6.305180805420063,12.141186197135928,5.836005391715865,8.373727834250332,5.37898111308695,11.079489729062061,5.700508615975111
W02000414,15.694077960213288,4.388364907461722,2.710149292316045,6.066580522607399,3.3564312302913537,4.772294156299962,3.162050870327345,6.455387951250369,3.293337080923024,5.047760337363965,3.567885752853215,6.7275643584524945,3.1596786055992796
W02000415,6.69013696386037,16.65543147242418,2.0284730067053705,31.28238993814299,29.25391693143762,10.18078560244832,5.227955828756418,15.86372990693997,10.635774078183552,10.434531715436052,5.576456016230233,15.571030878489376,9.994574862259142
W02000416,13.96898927480916,8.023921893691407,2.6912444193617615,13.356599368021053,10.66535494865929,8.799916213548215,4.846226554294306,12.975127596374909,8.128901042080603,9.082991454026875,5.539268057586815,12.705576227607844,7.166308170021029
W02000417,9.979846689446685,13.875316050113502,4.03089321498971,23.719738885237295,19.688845670247584,10.420218210159796,5.948865212025604,14.622209947451367,8.673344735425763,10.694408105069714,6.22548574049756,15.0427674263551,8.817281685857541
W02000418,12.427863836428571,9.638976319784414,2.8986502836376484,16.37930235593118,13.48065207229353,9.753150940942007,5.101648602142516,13.998369139059621,8.896720536917105,8.914926765359459,5.282809549358309,12.413548029979296,7.130738480620987
W02000419,7.701953769099203,24.494580467362734,17.724687748876125,31.26447318584935,13.539785436973228,15.245806594184444,10.705739650443377,19.814845546583825,9.109105896140449,15.40641689063412,10.712375143618857,19.736163799948198,9.02378865632934
W02000421,11.639938722936137,19.738438562327502,-0.33710029477558123,39.813977419430586,40.15107771420617,9.901243751662877,3.8354290016112493,14.718683129335796,10.883254127724546,10.393901950500172,5.98588930689165,15.103681626792849,9.117792319901199
W02000422,6.532722560536045,12.538670109748516,-1.7200564571542678,26.7973966766513,28.517453133805567,7.4628111375920625,2.319978115777097,12.320033664516735,10.000055548739638,6.375853751392291,1.2497441792230628,11.1307634517933,9.881019272570237
W02000423,5.938972712274527,18.240953327326388,3.639785661691107,32.84212099296167,29.20233533127056,8.40886135689551,1.993408784225771,13.97323212101048,11.979823336784708,7.161341822633882,2.9110029969552578,13.064878019245723,10.153875022290466
W02000424,7.773183271891892,6.8174112040365324,1.604649114176894,12.030173293896173,10.425524179719275,7.6286779962022955,3.679070108346105,11.334990637158155,7.65592052881205,7.4142871593731154,3.647063461802725,11.029194933361627,7.3821314715589015
W02000425,8.81056228389371,6.014773230968838,1.9845756569303328,10.044970805007342,8.06039514807701,7.105747419367411,3.644176285615126,10.06889337309584,6.424717087480714,6.706934815703646,3.387146285593218,10.077937812733863,6.690791527140645
W02000426,5.64371449138741,17.88684647361067,5.009767756595831,30.76392519062551,25.75415743402968,10.446462346276546,5.537076583705601,15.300951231961566,9.763874648255964,9.206045116620512,3.7890517864931166,14.731362977911193,10.942311191418076
W02000427,9.331285267903645,28.8035474709716,7.553504031202312,50.053590910740894,42.50008687953858,10.926759756826753,5.655548952146159,16.106597576176004,10.451048624029845,10.847099030790226,6.0041668845019425,16.17994288572647,10.175776001224527
W02000428,7.023157830515464,8.354227387904418,3.298047838522878,13.410406937285956,10.11235909876308,8.44183100677063,4.757176271015075,12.151556665804886,7.3943803947898115,8.837050168402325,5.3111434425673885,11.985428328972624,6.6742848864052355
