area_id,msoa_name,time_id,shallow_mrp_estimate,shallow_mrp_variance,shallow_mrp_lower,shallow_mrp_upper,shallow_mrp_ci_width
W02000001,Isle of Anglesey 001,2021,0.11673757591171131,4.6068100541148555e-4,0.07925532699898005,0.16496978108361096,0.08571445408463091
W02000001,Isle of Anglesey 001,2023,0.1376246147143123,5.933906201598283e-4,0.09319679227270368,0.19182484860865898,0.0986280563359553
W02000001,Isle of Anglesey 001,2025,0.13507607204982636,5.718442981001643e-4,0.09248616973365109,0.18615810130257204,0.09367193156892095
W02000002,Isle of Anglesey 002,2021,0.13916185940366513,5.880867770222692e-4,0.10100466936515434,0.19642193292608012,0.09541726356092578
W02000002,Isle of Anglesey 002,2023,0.16412706282219022,7.545471776785783e-4,0.11806965171795301,0.2285378679220398,0.1104682162040868
W02000002,Isle of Anglesey 002,2025,0.16159930051071875,6.92425370602936e-4,0.11751335976648365,0.22161408046907377,0.10410072070259012
W02000003,Isle of Anglesey 003,2021,0.15953806038688204,0.0014644195390611742,0.09887524768928456,0.25733605092343076,0.15846080323414619
W02000003,Isle of Anglesey 003,2023,0.1886730134261714,0.001963809164884466,0.11818177699086417,0.29138909983086997,0.17320732284000578
W02000003,Isle of Anglesey 003,2025,0.18592934351163573,0.0018544014567288402,0.11772921328917871,0.28636412482573076,0.16863491153655205
W02000004,Isle of Anglesey 004,2021,0.10439950664930707,3.8856172810382056e-4,0.06661836151107198,0.14246607380306142,0.07584771229198944
W02000004,Isle of Anglesey 004,2023,0.12497089446748712,5.402399135364209e-4,0.0820812480729909,0.16946464728349292,0.08738339921050202
W02000004,Isle of Anglesey 004,2025,0.12265397950054382,5.016147240881285e-4,0.08179746797987097,0.16317303667135763,0.08137556869148665
W02000005,Isle of Anglesey 005,2021,0.1420807496513332,7.746450322282224e-4,0.09626657024599726,0.20210337229284,0.10583680204684275
W02000005,Isle of Anglesey 005,2023,0.16721615375336982,0.0010484583652552093,0.11672470498937011,0.2419199019408353,0.1251951969514652
W02000005,Isle of Anglesey 005,2025,0.1636141760431287,9.218536945269555e-4,0.11476787635203306,0.23097974488234826,0.1162118685303152
W02000006,Isle of Anglesey 006,2021,0.13056199299384427,6.163217189914652e-4,0.08912199530367636,0.18573936487452236,0.096617369570846
W02000006,Isle of Anglesey 006,2023,0.15590327687027342,7.39088521198669e-4,0.10894632534583212,0.22183365100582214,0.11288732565999002
W02000006,Isle of Anglesey 006,2025,0.1539177219457906,7.18136761257108e-4,0.10925494820544183,0.2110017885626208,0.10174684035717897
W02000007,Isle of Anglesey 007,2021,0.12367000130829046,3.936434468411895e-4,0.08574244739999687,0.1657447277847525,0.08000228038475563
W02000007,Isle of Anglesey 007,2023,0.14686854169833716,5.20552300645933e-4,0.10435263702598827,0.19443306910562064,0.09008043207963237
W02000007,Isle of Anglesey 007,2025,0.14396493215666875,4.985905849082036e-4,0.1034191270587419,0.19061651462524243,0.08719738756650053
W02000008,Isle of Anglesey 008,2021,0.14251764526933425,7.758073169795606e-4,0.09544730297093543,0.2053390370170033,0.10989173404606786
W02000008,Isle of Anglesey 008,2023,0.16791688533764754,0.001017706773071782,0.11113394669158662,0.240093757020921,0.1289598103293344
W02000008,Isle of Anglesey 008,2025,0.16452842002455084,9.016908797956504e-4,0.11131719586135314,0.23351722457104712,0.12220002870969399
W02000009,Isle of Anglesey 009,2021,0.12992132631152073,4.7230966463305743e-4,0.09408262234644754,0.17600483380260296,0.08192221145615541
W02000009,Isle of Anglesey 009,2023,0.15326743240708934,6.095378429652467e-4,0.10742461615112961,0.20030149313702866,0.09287687698589905
W02000009,Isle of Anglesey 009,2025,0.15075355007013613,5.787631388934374e-4,0.1083579685064231,0.20281802022717138,0.09446005172074828
W02000010,Gwynedd 001,2021,0.18796058929916643,0.002397288442138009,0.10824190805045568,0.30658658393620664,0.19834467588575094
W02000010,Gwynedd 001,2023,0.21521565799031037,0.002915700923325767,0.12371159200970133,0.33693677388416376,0.21322518187446243
W02000010,Gwynedd 001,2025,0.20944572445752935,0.002641453691382916,0.12343203469434516,0.33154030326031214,0.20810826856596698
W02000011,Gwynedd 002,2021,0.14156605559262214,6.387067834417777e-4,0.1003214033641198,0.19623132262071896,0.09590991925659917
W02000011,Gwynedd 002,2023,0.16602681997301189,7.699216086102613e-4,0.12087276606725686,0.228096471465567,0.10722370539831014
W02000011,Gwynedd 002,2025,0.16334739198476067,7.004696805562527e-4,0.11669013390032701,0.21975262254464561,0.1030624886443186
W02000012,Gwynedd 003,2021,0.12395260183239006,4.726328969280045e-4,0.08427204731288415,0.1710105488140444,0.08673850150116025
W02000012,Gwynedd 003,2023,0.14751545530098537,6.045979736006416e-4,0.10382073996548488,0.19976046866933966,0.09593972870385478
W02000012,Gwynedd 003,2025,0.14507090963663097,5.746630995755596e-4,0.1031707831640571,0.19566100135269687,0.09249021818863977
W02000013,Gwynedd 004,2021,0.13707294995224586,7.521463299231802e-4,0.09345594521211803,0.19408596748859522,0.10063002227647719
W02000013,Gwynedd 004,2023,0.1624030994265036,8.81747612348004e-4,0.11164944636338395,0.22020974633506535,0.1085602999716814
W02000013,Gwynedd 004,2025,0.15982537677521405,9.035414184846707e-4,0.11047989930654811,0.22682832373783451,0.1163484244312864
W02000014,Gwynedd 005,2021,0.1332110258627121,4.403216100500544e-4,0.09317789824293418,0.17066486517885854,0.07748696693592436
W02000014,Gwynedd 005,2023,0.15727530905444384,5.492835235363648e-4,0.1116124276779224,0.20363399027160542,0.09202156259368302
W02000014,Gwynedd 005,2025,0.1548816257618704,4.821910719407816e-4,0.11000598416555857,0.19871538737162955,0.08870940320607099
W02000015,Gwynedd 006,2021,0.13559411153527584,8.238665151593124e-4,0.08381239829908294,0.19186480892287608,0.10805241062379314
W02000015,Gwynedd 006,2023,0.16175979982135677,0.0010759020444121225,0.10003493255157764,0.22983732923433114,0.1298023966827535
W02000015,Gwynedd 006,2025,0.15991850458555226,0.0010505874556859217,0.10002844834718327,0.22861512399146705,0.12858667564428378
W02000016,Gwynedd 007,2021,0.13394381924762436,6.160839493716202e-4,0.09428036398096838,0.19232651769908038,0.098046153718112
W02000016,Gwynedd 007,2023,0.15904605760975682,7.194016279349165e-4,0.11227561268776559,0.22127589398911346,0.10900028130134787
W02000016,Gwynedd 007,2025,0.15668013735839756,7.127342706620327e-4,0.1138534344479058,0.22201208298581973,0.10815864853791393
W02000017,Gwynedd 008,2021,0.12912214491827065,5.764110162102512e-4,0.08999479386808631,0.18349805875996206,0.09350326489187574
W02000017,Gwynedd 008,2023,0.15429061385634601,6.758202836322547e-4,0.10780638213032581,0.2091927022856121,0.10138632015528629
W02000017,Gwynedd 008,2025,0.15220312765151786,6.476075406304984e-4,0.10844554025692783,0.21039512711944847,0.10194958686252063
W02000018,Gwynedd 009,2021,0.12752200759962493,4.334633093016813e-4,0.090710719670876655,0.1711009751721686,0.08039025550129195
W02000018,Gwynedd 009,2023,0.15235030461636961,5.25571406749212e-4,0.11050533397979045,0.20040873192926417,0.08990339794947372
W02000018,Gwynedd 009,2025,0.15026528707765294,5.077997595922399e-4,0.11062431088826878,0.19976802170360008,0.0891437108153313
W02000019,Gwynedd 010,2021,0.1277649925392653,4.971253615211468e-4,0.0903490658041515,0.17740229366047594,0.08705322785632444
W02000019,Gwynedd 010,2023,0.1514600383857685,5.828937476361995e-4,0.10946597649992806,0.20015614192968675,0.09069016542975869
W02000019,Gwynedd 010,2025,0.14990237249127755,5.681569996097277e-4,0.10747196930172381,0.19835249000948182,0.09088052070775801
W02000020,Gwynedd 011,2021,0.1250510284939742,5.610702778747719e-4,0.08617092107327862,0.18035128922135424,0.09418036814807562
W02000020,Gwynedd 011,2023,0.1481036759130496,6.364368280152462e-4,0.10413313619553016,0.20348147582617876,0.0993483396306486
W02000020,Gwynedd 011,2025,0.14640661573839617,6.279619934799638e-4,0.10331500406946091,0.19709125610809092,0.09377625203863
W02000021,Gwynedd 012,2021,0.13469719320157267,7.765623385082519e-4,0.08399097579886797,0.19186437737088563,0.10787340157201766
W02000021,Gwynedd 012,2023,0.16052082183712868,0.0010369306076059863,0.10271800529963679,0.23150447045036393,0.12878646515072714
W02000021,Gwynedd 012,2025,0.158197291668744,9.81068521871734e-4,0.0998860277119091,0.2213845500226802,0.1214985223107711
W02000022,Gwynedd 013,2021,0.11912075892706245,4.262118935271067e-4,0.08438122991148939,0.16134732406540514,0.07696609415391575
W02000022,Gwynedd 013,2023,0.14227595647557156,5.606478557443961e-4,0.10138052706833328,0.19776466964395012,0.09638414257561684
W02000022,Gwynedd 013,2025,0.14065762021758468,5.103720885707027e-4,0.1013485025416758,0.1916533383020617,0.0903048357603859
W02000023,Gwynedd 014,2021,0.11162488235303919,9.87547010497231e-4,0.06115115271919046,0.18704821272515126,0.1258970600059608
W02000023,Gwynedd 014,2023,0.13383220414015384,0.001286825135002126,0.07580104131938042,0.20589184740090266,0.13009080608152224
W02000023,Gwynedd 014,2025,0.1326452778873576,0.001243117203470237,0.07317309881036801,0.20740785718141144,0.13423475837104343
W02000024,Gwynedd 015,2021,0.12602980624183058,3.5506359242280176e-4,0.08959937032892405,0.16236390106247595,0.0727645307335519
W02000024,Gwynedd 015,2023,0.1492122307439746,4.7373952681333106e-4,0.10580146898089031,0.1926465601857154,0.0868450912048251
W02000024,Gwynedd 015,2025,0.14723231202378115,4.240563718867292e-4,0.10627885282503441,0.18881519165494437,0.08253633882990996
W02000025,Gwynedd 016,2021,0.12694177561805842,4.4062734739765147e-4,0.08876860220906073,0.16989753677749442,0.08112893456843369
W02000025,Gwynedd 016,2023,0.1503013411468236,5.527557690692019e-4,0.11035331127265083,0.2014489338331362,0.09109562256048537
W02000025,Gwynedd 016,2025,0.14818809694985596,4.92763283481854e-4,0.11154275593530304,0.19602214704494664,0.0844793911096436
W02000026,Gwynedd 017,2021,0.12193655035092353,4.0622694016077614e-4,0.08347054820910908,0.1628759746150834,0.07940542640597432
W02000026,Gwynedd 017,2023,0.14509038696093546,5.186450346340656e-4,0.10457825019580425,0.18732932264241875,0.0827510724466145
W02000026,Gwynedd 017,2025,0.14303296651293562,4.799870158027058e-4,0.09977840891122348,0.18444276116926117,0.08466435225803769
W02000027,Conwy 001,2021,0.13745121764132318,0.0012915277149078623,0.08060115379236868,0.21747701110635148,0.1368758573139828
W02000027,Conwy 001,2023,0.16330611129576503,0.001596729466472703,0.09981299607558847,0.25319991734362646,0.153386921268038
W02000027,Conwy 001,2025,0.16064906080973843,0.0015104062896421561,0.09822974707198388,0.24917287457187148,0.15094312749988759
W02000028,Conwy 002,2021,0.12451208447742582,5.971423561740925e-4,0.084013970466052,0.18005445381301563,0.09604048334696363
W02000028,Conwy 002,2023,0.14805722228064722,7.802774127445982e-4,0.10116587537199931,0.2121749268990472,0.1110090515270479
W02000028,Conwy 002,2025,0.14533413182186894,6.948672293595203e-4,0.1025126736401179,0.20779259865909727,0.10527992501897937
W02000029,Conwy 003,2021,0.11148437714712882,5.071033115921002e-4,0.07536100784235392,0.15684960981201615,0.08148860196966223
W02000029,Conwy 003,2023,0.13128822269667206,5.906500943865066e-4,0.0908184925175616,0.18422790819656432,0.09340941567900271
W02000029,Conwy 003,2025,0.12873000102877669,5.595746844844464e-4,0.08973282593392279,0.1781555546746071,0.0884227287406843
W02000030,Conwy 004,2021,0.12372449087551199,6.600820152207441e-4,0.0804063257531638,0.18625944996239763,0.10585312420923383
W02000030,Conwy 004,2023,0.14684311033988642,8.551560224951164e-4,0.09952468408546805,0.21054559716974228,0.11102091308427423
W02000030,Conwy 004,2025,0.14454615237347865,7.792725765719927e-4,0.10048588528112373,0.202868008235216,0.10238212295409227
W02000031,Conwy 005,2021,0.13281875807975155,7.069126749257861e-4,0.08817675133115524,0.18574776939645254,0.0975710180652973
W02000031,Conwy 005,2023,0.15797863558117212,9.355879863897984e-4,0.10784011409811818,0.21440674182016206,0.10656662772204388
W02000031,Conwy 005,2025,0.1541925188251649,8.909556345328216e-4,0.1045189865340217,0.20922059637407137,0.10470160984004967
W02000032,Conwy 006,2021,0.11271190802711407,4.975939161511041e-4,0.07412843290414539,0.16202743551443755,0.08789900261029215
W02000032,Conwy 006,2023,0.13377609044086483,6.905820967351647e-4,0.08789371864622825,0.1965185890884974,0.10862487044226915
W02000032,Conwy 006,2025,0.13156664783428743,6.114106296920503e-4,0.08606204722669633,0.18914632959027028,0.10308428236357395
W02000033,Conwy 007,2021,0.13882658430988215,7.160239002163224e-4,0.09395214158474127,0.19963089036357723,0.10567874877883596
W02000033,Conwy 007,2023,0.16553235697641733,8.992293661280282e-4,0.11594546577214085,0.23117049854727922,0.11522503277513838
W02000033,Conwy 007,2025,0.16179844329441145,8.27349085163749e-4,0.1128711051366614,0.22636490997026332,0.11349380483360191
W02000034,Conwy 008,2021,0.11924355527093917,4.756726707130629e-4,0.08099899655997254,0.16907065802302254,0.08807166146305
W02000034,Conwy 008,2023,0.14063843053449862,6.576986221032526e-4,0.09541039707459707,0.1933187283086969,0.09790833123409982
W02000034,Conwy 008,2025,0.13766132444429421,5.779451258715203e-4,0.09638669476742856,0.18977083491031757,0.09338414014288901
W02000035,Conwy 009,2021,0.12258845533991351,4.690442056014276e-4,0.08669066327430226,0.16443761560784984,0.07774695233354757
W02000035,Conwy 009,2023,0.14596344103034747,6.122316303952812e-4,0.10089944099012191,0.19703110740837018,0.09613166641824827
W02000035,Conwy 009,2025,0.14393071457082182,5.762149363498064e-4,0.10114040249526413,0.19197904805626181,0.09083864556099769
W02000036,Conwy 010,2021,0.11565894726736985,4.127161744775503e-4,0.07761015392629221,0.15890985600468321,0.081299702078391
W02000036,Conwy 010,2023,0.13813087147038158,5.091269585694358e-4,0.09603083208654264,0.18716037134818359,0.09112953926164094
W02000036,Conwy 010,2025,0.13676299523841953,4.8576809156570156e-4,0.09327694541209744,0.18125313353582223,0.08797618812372479
W02000037,Conwy 011,2021,0.11710973816569825,4.635514387231412e-4,0.07866687742918102,0.16714173947638866,0.08847486204720764
W02000037,Conwy 011,2023,0.13838177591010314,6.237267198901076e-4,0.09833300088240475,0.18935389791300572,0.09102089703060097
W02000037,Conwy 011,2025,0.13587639183962086,5.819647070978302e-4,0.09445284060273963,0.18914728104653872,0.09469444044379909
W02000038,Conwy 012,2021,0.11800860358793738,6.085535558788619e-4,0.07693317600528199,0.17736071004270765,0.10042753403742566
W02000038,Conwy 012,2023,0.1395193097922008,7.479486030518341e-4,0.08987220106139929,0.20383076848174642,0.11395856742034713
W02000038,Conwy 012,2025,0.1363319733396607,7.035766543349145e-4,0.09017826013278661,0.1967760363862203,0.10659777625343368
W02000039,Conwy 013,2021,0.11665657658595277,6.844545118699313e-4,0.0712156793823211,0.17215691288521096,0.10094123350288986
W02000039,Conwy 013,2023,0.13840371877257193,8.485505388040074e-4,0.0890888428954956,0.20323024606518852,0.11414140316969293
W02000039,Conwy 013,2025,0.13603776989151062,8.414965596469967e-4,0.08570362334370799,0.19528761269644618,0.10958398935273819
W02000040,Conwy 014,2021,0.11737252071416485,3.8085289227856374e-4,0.08031477731763947,0.16377552652302274,0.08346074920538327
W02000040,Conwy 014,2023,0.1393893840636872,4.712269258616591e-4,0.1014134660351936,0.1874203875135738,0.08600692147838018
W02000040,Conwy 014,2025,0.13726207023109707,4.3880783856223835e-4,0.09906652385806744,0.18659662123186013,0.08753009737379269
W02000041,Conwy 015,2021,0.11952457366351431,4.4750545133884803e-4,0.07644384853250064,0.1653210813526253,0.08887723282012466
W02000041,Conwy 015,2023,0.14255493405646502,5.498325349993729e-4,0.09655563768245418,0.18392324820221365,0.08736761051975947
W02000041,Conwy 015,2025,0.13900241877768205,5.165205161009408e-4,0.09393753895764378,0.18481112106296677,0.09087358210532298
W02000042,Denbighshire 001,2021,0.13309629057521044,8.404526622529342e-4,0.08542211990408,0.2029261719812056,0.11750405207712561
W02000042,Denbighshire 001,2023,0.15698933658494288,0.0010540459157727558,0.10327538503380575,0.23635591142312926,0.1330805263893235
W02000042,Denbighshire 001,2025,0.1544266707704105,9.984049597842161e-4,0.10177109080570486,0.23144664967401124,0.1296755588683064
W02000043,Denbighshire 002,2021,0.12018557553194784,5.74025789908829e-4,0.07735723921172669,0.17491552124015547,0.09755828202842878
W02000043,Denbighshire 002,2023,0.14181634133481397,7.066578809806645e-4,0.09395307319947116,0.19763670782744136,0.1036836346279702
W02000043,Denbighshire 002,2025,0.13875224110858447,6.921926589452753e-4,0.09115691520895419,0.19398536097787028,0.10282844576891609
W02000044,Denbighshire 003,2021,0.11808467435928985,5.340089239812417e-4,0.07987211403243132,0.16953045502534841,0.0896583409929171
W02000044,Denbighshire 003,2023,0.1402059687344972,6.485433283996041e-4,0.0941226721431139,0.19138207056154038,0.09725939841842648
W02000044,Denbighshire 003,2025,0.13680742852396743,6.175746034973508e-4,0.09560171852704755,0.18520202192748725,0.0896003034004397
W02000045,Denbighshire 004,2021,0.15331094615936303,9.477894015196069e-4,0.10319888665287005,0.21716581365886517,0.11396692700599512
W02000045,Denbighshire 004,2023,0.18205307769523807,0.0011417637893409752,0.11868375702408418,0.2528410326631302,0.134157275639046
W02000045,Denbighshire 004,2025,0.18015071847500147,0.001127104525729323,0.12119341271663038,0.2513455015412892,0.13015208882465884
W02000047,Denbighshire 006,2021,0.15630087738973902,0.0011013635037216787,0.10601366271266655,0.23532139148925996,0.1293077287765934
W02000047,Denbighshire 006,2023,0.1845199035415183,0.0014009963013493587,0.1251059057478831,0.2760177348295403,0.15091182908165718
W02000047,Denbighshire 006,2025,0.18216477041285772,0.0013013866354307732,0.1242106954102257,0.27290079862757755,0.14869010321735185
W02000049,Denbighshire 008,2021,0.1214642009599522,4.337857137479522e-4,0.08930112076558044,0.16609953047779516,0.07679840971221472
W02000049,Denbighshire 008,2023,0.14433176070968376,5.244951581429613e-4,0.10314247793777274,0.1927182427142014,0.08957576477642866
W02000049,Denbighshire 008,2025,0.1432117525983634,5.043358158351284e-4,0.10560273842555945,0.19443434400180687,0.08883160557624742
W02000050,Denbighshire 009,2021,0.12076320331258215,4.335080576585295e-4,0.08537241835167625,0.1705401390709048,0.08516772071922854
W02000050,Denbighshire 009,2023,0.14366944978119767,5.039816801689674e-4,0.101531025012196,0.19590253635517818,0.09437151134298218
W02000050,Denbighshire 009,2025,0.14109393186028538,4.897473892529991e-4,0.10263091322330994,0.19615424926177533,0.09352333603846538
W02000051,Denbighshire 010,2021,0.11630696155153102,3.743049924340846e-4,0.07915794435901763,0.15486941641651314,0.07571147205749551
W02000051,Denbighshire 010,2023,0.13860262958361286,4.694379670275732e-4,0.09769228521381781,0.18312535847426942,0.0854330732604516
W02000051,Denbighshire 010,2025,0.13613443663486266,4.370234982194567e-4,0.09567094769757642,0.1762523221879282,0.08058137449035177
W02000052,Denbighshire 011,2021,0.12864220741711788,4.794169944737101e-4,0.09462569367923082,0.17384658467371364,0.07922089099448282
W02000052,Denbighshire 011,2023,0.15184081698535762,6.023569247518324e-4,0.11149615163127605,0.20607219037691205,0.094576038745636
W02000052,Denbighshire 011,2025,0.14986742156198177,5.391701777813081e-4,0.11312231737026253,0.19678072814379932,0.08365841077353679
W02000053,Denbighshire 012,2021,0.11525759808575789,4.175192024971809e-4,0.07959209047079885,0.15482995022263646,0.07523785975183761
W02000053,Denbighshire 012,2023,0.1369439382664692,4.894496920390405e-4,0.09530752498745623,0.18069599859303556,0.08538847360557933
W02000053,Denbighshire 012,2025,0.13556078412553155,4.6345667546360253e-4,0.09476709046578857,0.1791610661387978,0.08439397567300921
W02000054,Denbighshire 013,2021,0.12909163216925462,3.835436483932423e-4,0.09498728319947483,0.16672010767581413,0.0717328244763393
W02000054,Denbighshire 013,2023,0.15255963575805445,5.466276695136138e-4,0.1123488677343025,0.20395846088569483,0.09160959315139233
W02000054,Denbighshire 013,2025,0.14962377516432776,4.580441901630733e-4,0.11261720331582484,0.19081839254218047,0.07820118922635563
W02000055,Denbighshire 014,2021,0.12405630936052142,5.31971980949067e-4,0.08592822579629639,0.16733341028103954,0.08140518448474315
W02000055,Denbighshire 014,2023,0.1452744547041879,6.264918865676087e-4,0.1003082905573145,0.19359197144368992,0.09328368088637543
W02000055,Denbighshire 014,2025,0.14262177502107334,5.997157133629001e-4,0.0985416330436122,0.18910624063405773,0.09056460759044553
W02000056,Denbighshire 015,2021,0.1215800548444108,4.254067772026161e-4,0.08582455062400754,0.1628232086593673,0.07699865803535977
W02000056,Denbighshire 015,2023,0.1442059039094453,4.985847182791982e-4,0.10631835775023127,0.19486682417520151,0.08854846642497025
W02000056,Denbighshire 015,2025,0.1413731816706756,4.501389352671708e-4,0.10585359830823657,0.18765749618786506,0.0818038978796285
W02000057,Denbighshire 016,2021,0.12453962323719114,3.2922113389871475e-4,0.09253795405769363,0.15865545282526503,0.06611749876757139
W02000057,Denbighshire 016,2023,0.14744029184335136,4.363645273696398e-4,0.11209053928819643,0.19057166767833944,0.07848112839014301
W02000057,Denbighshire 016,2025,0.1454169338485343,4.0297382058484816e-4,0.10889054811018145,0.1841343004131104,0.07524375230292896
W02000058,Flintshire 001,2021,0.1217803570991496,4.5732198478182803e-4,0.08707090339778367,0.16530536562354883,0.07823446222576516
W02000058,Flintshire 001,2023,0.1435579246385981,5.631443685141701e-4,0.10352219888256822,0.1931256064289421,0.08960340754637389
W02000058,Flintshire 001,2025,0.14063171701782604,5.044598163024926e-4,0.10299458599764544,0.18717434292960006,0.08417975693195462
W02000059,Flintshire 002,2021,0.12653908393347715,4.76153436917288e-4,0.09092337712561432,0.17965739895266128,0.08873402182704695
W02000059,Flintshire 002,2023,0.1506013761951303,6.212941802789324e-4,0.10743098963213132,0.20764462763972796,0.10021363800759664
W02000059,Flintshire 002,2025,0.148085935128057,5.361780785050669e-4,0.10728556618821841,0.20025686857169994,0.09297130238348153
W02000060,Flintshire 003,2021,0.1288280076502238,5.214530155574414e-4,0.08557740083233192,0.17697721592708954,0.09139981509475761
W02000060,Flintshire 003,2023,0.15268938816150127,6.875208362885558e-4,0.10267971416917032,0.21014947643249243,0.10746976226332211
W02000060,Flintshire 003,2025,0.1501752159574582,6.203858625155689e-4,0.10402410640245452,0.20402764586081967,0.10000353945836515
W02000061,Flintshire 004,2021,0.14261759281605377,8.597362096676556e-4,0.09838551257060596,0.2119663952693313,0.11358088269872535
W02000061,Flintshire 004,2023,0.16995328815332422,0.0010937275107639742,0.11383330359560137,0.24410446006325548,0.1302711564676541
W02000061,Flintshire 004,2025,0.1671350738970287,9.876422718301157e-4,0.11076996148761334,0.2438350363106328,0.13306507482301946
W02000062,Flintshire 005,2021,0.13366220098081574,5.104511665551503e-4,0.09712089818482333,0.18622944174346437,0.08910854355864103
W02000062,Flintshire 005,2023,0.15780369587120058,7.068952998672703e-4,0.11278575736918697,0.21569315558701602,0.10290739821782904
W02000062,Flintshire 005,2025,0.15460898255191588,6.577433632476638e-4,0.11270364343027789,0.2067263316090885,0.0940226881788106
W02000063,Flintshire 006,2021,0.12772649188045687,4.289628573433994e-4,0.09513099105246695,0.17107693570251076,0.07594594465004381
W02000063,Flintshire 006,2023,0.15113426755970288,5.737654077449343e-4,0.10753900179681022,0.20026120460188704,0.09272220280507681
W02000063,Flintshire 006,2025,0.14781030214302765,5.20527461850246e-4,0.10946654299144308,0.19444109365122778,0.0849745506597847
W02000064,Flintshire 007,2021,0.14488368540528068,0.0010362252821044648,0.09411416275393984,0.21866146506181666,0.12454730230787682
W02000064,Flintshire 007,2023,0.17198441434812473,0.0013574737784440905,0.11031244991731631,0.25580809606958277,0.14549564615226646
W02000064,Flintshire 007,2025,0.16895227159377588,0.0012323577929042812,0.11003983769573225,0.24979623806385606,0.1397564003681238
W02000065,Flintshire 008,2021,0.1336226585168944,7.698232713073972e-4,0.08967542009018434,0.19668833950880849,0.10701291941862415
W02000065,Flintshire 008,2023,0.15774905862832264,9.638637939216922e-4,0.09994102381562878,0.2232721371151245,0.12333111329949573
W02000065,Flintshire 008,2025,0.15416416673905295,9.139235572336813e-4,0.10235749576237457,0.21858403916196173,0.11622654339958716
W02000066,Flintshire 009,2021,0.13759903379120042,7.083641002529421e-4,0.09317719855421458,0.20100195119055586,0.10782475263634128
W02000066,Flintshire 009,2023,0.16243311200429458,9.056800670453682e-4,0.10719411275810563,0.2255206018288568,0.11832648907075118
W02000066,Flintshire 009,2025,0.16103679169973484,8.475443815621136e-4,0.11179908380380066,0.22077599456058883,0.10897691075678817
W02000067,Flintshire 010,2021,0.1446964969002706,7.181726694163336e-4,0.10011816658060871,0.1992225687108071,0.09910440213019839
W02000067,Flintshire 010,2023,0.1706842896890984,8.909331218664923e-4,0.12114784141026934,0.2361095933662748,0.11496175195600546
W02000067,Flintshire 010,2025,0.1677446518362032,8.364688575135054e-4,0.11855178442866136,0.2276373611200418,0.10908557669138043
W02000068,Flintshire 011,2021,0.13416964527551953,6.751286051514557e-4,0.09166260787751959,0.1942917585627001,0.1026291506851805
W02000068,Flintshire 011,2023,0.1580727438506102,8.643849647061058e-4,0.1097987678195805,0.2241420841877531,0.1143433163681726
W02000068,Flintshire 011,2025,0.15580265250415304,8.358572027304011e-4,0.10669064501680707,0.2196795771644,0.11298893214759294
W02000069,Flintshire 012,2021,0.1279025271107039,4.703244932348786e-4,0.08661602618526634,0.16815209268573192,0.08153606650046558
W02000069,Flintshire 012,2023,0.15084542049806926,5.984726030272447e-4,0.10140451977286379,0.20056017526334274,0.09915565549047896
W02000069,Flintshire 012,2025,0.14897191265865783,5.469312831922976e-4,0.10352205730398775,0.19696901048798746,0.0934469531839997
W02000070,Flintshire 013,2021,0.13300426192862816,4.839805599140372e-4,0.0959027346798011,0.18401148086356472,0.08810874618376363
W02000070,Flintshire 013,2023,0.15704157566736152,6.545356086867109e-4,0.11195423437009075,0.20792985473137443,0.09597562036128368
W02000070,Flintshire 013,2025,0.15403553240703885,6.002112247349342e-4,0.11290419803529063,0.2065036266165708,0.09359942858128016
W02000071,Flintshire 014,2021,0.11969120326008993,5.117766357125755e-4,0.08305601290239362,0.1734007371792289,0.09034472427683529
W02000071,Flintshire 014,2023,0.14245361532436548,7.462279776875782e-4,0.09545348076864021,0.20287532407484163,0.10742184330620141
W02000071,Flintshire 014,2025,0.13954294250144536,6.750894462881175e-4,0.09714220843581237,0.19851581351609443,0.10137360508028206
W02000072,Flintshire 015,2021,0.12965127381952193,5.407733513486078e-4,0.08847222112207175,0.17431293014352367,0.08584070902145192
W02000072,Flintshire 015,2023,0.1535501779781412,6.829954379623128e-4,0.10373315942883272,0.2010759514401923,0.09734279201135958
W02000072,Flintshire 015,2025,0.15095330828828266,6.225677256158928e-4,0.10636882636828746,0.1989855610721755,0.09261673470388804
W02000073,Flintshire 016,2021,0.12592592172236433,4.745366236887637e-4,0.08591171192718752,0.1709904064801303,0.08507869455294279
W02000073,Flintshire 016,2023,0.14937472999343268,5.780327373777539e-4,0.10530963277466056,0.19858133631526068,0.09327170354060012
W02000073,Flintshire 016,2025,0.14726633928240557,5.477460241471734e-4,0.10364110247586675,0.1927350744995438,0.08909397202367705
W02000074,Flintshire 017,2021,0.13527077860171782,4.8081745711881554e-4,0.09558133378362053,0.18182023464634,0.08623890086271947
W02000074,Flintshire 017,2023,0.16016680884049236,6.175824657455713e-4,0.1140990727808082,0.2106727721946144,0.09657369941380618
W02000074,Flintshire 017,2025,0.15776087213515988,5.795818627156148e-4,0.11422796347342473,0.20495664098026822,0.09072867750684349
W02000075,Flintshire 018,2021,0.13188190045722664,5.480040418769421e-4,0.09590861116607291,0.18676505640095753,0.09085644523488462
W02000075,Flintshire 018,2023,0.1557526852526876,6.92762986622907e-4,0.1127410803752373,0.21635236197870844,0.10361128160347115
W02000075,Flintshire 018,2025,0.1535769797197707,6.450060235102163e-4,0.11113220891512923,0.21439860546126305,0.10326639654613382
W02000076,Flintshire 019,2021,0.12108458218169792,3.788952457361754e-4,0.08582852147919282,0.16458115764743014,0.07875263616823733
W02000076,Flintshire 019,2023,0.14344530752471282,5.245839550069145e-4,0.10131423055628247,0.1919649522941342,0.09065072173785174
W02000076,Flintshire 019,2025,0.14068535933230086,4.612773542355968e-4,0.10180360397773791,0.1901575931444825,0.08835398916674458
W02000077,Flintshire 020,2021,0.12156303487795786,3.552780152076549e-4,0.08610697675584887,0.1611735387369656,0.07506656198111673
W02000077,Flintshire 020,2023,0.14438650644016252,5.250671725189394e-4,0.10707441668059592,0.19414019388431059,0.08706577720371467
W02000077,Flintshire 020,2025,0.14156902398418447,4.26809155980619e-4,0.10276778666073721,0.18547779101025455,0.08271000434951734
W02000080,Wrexham 003,2021,0.12091628367637962,5.737528319341893e-4,0.0826413039261314,0.17305203585814147,0.09041073193201007
W02000080,Wrexham 003,2023,0.14408512088350675,7.692015025921576e-4,0.0988529324012909,0.20534802631174193,0.10649509391045103
W02000080,Wrexham 003,2025,0.14238708141075984,6.995180234330056e-4,0.09815845337072668,0.20078228555634198,0.1026238321856153
W02000081,Wrexham 004,2021,0.12513290836406032,4.820427636929393e-4,0.08870063957239549,0.17377507952665627,0.08507443995426078
W02000081,Wrexham 004,2023,0.1501051966811576,6.828202699894986e-4,0.10637491440866734,0.20844311543655342,0.10206820102788608
W02000081,Wrexham 004,2025,0.14750399332948164,6.091312069530289e-4,0.10491636872392883,0.20675844382383038,0.10184207509990155
W02000082,Wrexham 005,2021,0.14344272709372102,8.124049676821377e-4,0.10294347265317114,0.21338968515731577,0.11044621250414463
W02000082,Wrexham 005,2023,0.17094611365104398,0.0011350642865867006,0.12003574947414877,0.2565279676190252,0.13649221814487641
W02000082,Wrexham 005,2025,0.1687294916258114,0.0010139365529172894,0.12294214468556341,0.24722793171332813,0.12428578702776472
W02000083,Wrexham 006,2021,0.1316594542499258,5.303634824553323e-4,0.09128350523954448,0.18653957561911122,0.09525607037956674
W02000083,Wrexham 006,2023,0.15566935782981078,7.289900870540872e-4,0.1100400283429884,0.21501450222253346,0.10497447387954506
W02000083,Wrexham 006,2025,0.15289016736595673,6.46856290211468e-4,0.11165237179393656,0.21520672282456754,0.10355435103063099
W02000085,Wrexham 008,2021,0.1200612276296574,5.473161296915756e-4,0.07834592684613492,0.16724495208440007,0.08889902523826515
W02000085,Wrexham 008,2023,0.14242823009731204,7.520498465185092e-4,0.0875503490431935,0.19480452868885045,0.10725417964565695
W02000085,Wrexham 008,2025,0.14226775394808377,7.020946704542722e-4,0.09254406401778242,0.19061174300996953,0.0980676789921871
W02000087,Wrexham 010,2021,0.14415832324394617,8.938257174262969e-4,0.09340570895462907,0.2113462580238675,0.11794054906923843
W02000087,Wrexham 010,2023,0.17183259138138474,0.0011804987335461133,0.11104121800978962,0.24912560825886482,0.1380843902490752
W02000087,Wrexham 010,2025,0.17063380268846012,0.0011095631134798874,0.11213987569028366,0.24859708785523765,0.136457212164954
W02000088,Wrexham 011,2021,0.13751408799265893,7.051497354825865e-4,0.09279410721624823,0.19646712289639778,0.10367301568014956
W02000088,Wrexham 011,2023,0.16238608589861223,9.431069511519703e-4,0.10747839486547937,0.22597650893315419,0.11849811406767481
W02000088,Wrexham 011,2025,0.16073707868525072,8.776631225966041e-4,0.10867709981080063,0.2228426399146382,0.11416554010383757
W02000089,Wrexham 012,2021,0.14961063428223811,0.0012225951624459635,0.08990961656949444,0.22689883807075428,0.13698922150125986
W02000089,Wrexham 012,2023,0.17575844650786457,0.0014780287054728814,0.11141645624277219,0.2590911369731674,0.1476746807303952
W02000089,Wrexham 012,2025,0.1734362785037447,0.0014932043346730193,0.1108901988576777,0.2638641660184517,0.152973967160774
W02000090,Wrexham 013,2021,0.11766401898792586,3.5671962960772725e-4,0.08156047690220866,0.1617942702627252,0.08023379336051653
W02000090,Wrexham 013,2023,0.140208505021096,5.162056400599431e-4,0.09925724416256203,0.19528102836349565,0.09602378420093362
W02000090,Wrexham 013,2025,0.13770355495342676,4.6730575570666256e-4,0.09872312479439442,0.1918118794748097,0.09308875468041529
W02000091,Wrexham 014,2021,0.118581820092115,5.066242651076472e-4,0.08004551576446203,0.169615305023107,0.08956978925864498
W02000091,Wrexham 014,2023,0.14203353709205746,7.063037108500234e-4,0.09354449961207092,0.19998997783053243,0.10644547821846151
W02000091,Wrexham 014,2025,0.13954920395550505,6.567488505003862e-4,0.09303427468194943,0.2003241183117933,0.10728984362984388
W02000092,Wrexham 015,2021,0.1265311374059364,5.410981597664987e-4,0.0898698557281483,0.17538614061959593,0.08551628489144762
W02000092,Wrexham 015,2023,0.15008402400399928,7.042566083738678e-4,0.1031934475031613,0.2057620743390729,0.1025686268359116
W02000092,Wrexham 015,2025,0.14789374972166247,6.301455246968828e-4,0.10638740365924294,0.19704663938512892,0.09065923572588598
W02000093,Wrexham 016,2021,0.12090183083434333,4.196874890346402e-4,0.08485838437691301,0.15877904227975567,0.07392065790284266
W02000093,Wrexham 016,2023,0.14331945312904262,5.423974754297465e-4,0.10096883024700976,0.18972005714415227,0.08875122689714252
W02000093,Wrexham 016,2025,0.1413846641154252,4.7887579233447166e-4,0.10214427395828946,0.18364550176072963,0.08150122780244018
W02000094,Wrexham 017,2021,0.1335292903921874,5.444402618623475e-4,0.09374591960648215,0.18896274824209347,0.09521682863561132
W02000094,Wrexham 017,2023,0.15853382734128252,7.295960830428843e-4,0.11359546197361742,0.21241480963026993,0.09881934765665251
W02000094,Wrexham 017,2025,0.15656576306472852,6.879677175515351e-4,0.11099779316573066,0.20963653420152373,0.09863874103579306
W02000095,Wrexham 018,2021,0.12834155183830756,6.222135339121957e-4,0.08833178395490848,0.18199355153541005,0.09366176758050157
W02000095,Wrexham 018,2023,0.15173138549865867,8.116573269014118e-4,0.10601966033814317,0.21372483850172508,0.10770517816358191
W02000095,Wrexham 018,2025,0.14875825105156626,7.126849892433272e-4,0.10471970274296588,0.21082799982303219,0.1061082970800663
W02000096,Wrexham 019,2021,0.12975619214437167,5.495371958093672e-4,0.09035307398281497,0.18143031511563934,0.09107724113282437
W02000096,Wrexham 019,2023,0.15349841820663562,7.24958820889803e-4,0.10590439426152755,0.21987657589337073,0.11397218163184318
W02000096,Wrexham 019,2025,0.1515968465524941,6.820813173225735e-4,0.10688793907041219,0.2145751184925403,0.1076871794221281
W02000097,Powys 001,2021,0.14729309153570658,4.99601585701637e-4,0.11059230048439757,0.1941508677382371,0.08355856725383952
W02000097,Powys 001,2023,0.17384118739454346,6.093147132975902e-4,0.12706227516110633,0.22624238124514431,0.09918010608403799
W02000097,Powys 001,2025,0.17104756158485387,5.58947461472939e-4,0.1316514861147387,0.22446873028980893,0.09281724417507023
W02000098,Powys 002,2021,0.1446567324021019,5.995443799485842e-4,0.10408811811791374,0.19849557539653884,0.0944074572786251
W02000098,Powys 002,2023,0.17037771270854418,7.362912556230156e-4,0.1250213791657063,0.232941521110592,0.1079201419448857
W02000098,Powys 002,2025,0.16772518369346795,6.892581829746066e-4,0.12471852613296265,0.22820798371790774,0.10348945758494509
W02000099,Powys 003,2021,0.16087030675446876,8.632302388205135e-4,0.11331953784973195,0.21936436770369977,0.10604482985396782
W02000099,Powys 003,2023,0.18799804862484037,0.0010200871191398606,0.13328941708673214,0.2542692465414493,0.12097982945471714
W02000099,Powys 003,2025,0.18482974547291225,0.001001385096612299,0.13463629852096923,0.25163812278694264,0.11700182426597341
W02000100,Powys 004,2021,0.14074053081649257,0.00046917884979086767,0.10411133865580763,0.19316936859841433,0.0890580299426067
W02000100,Powys 004,2023,0.16709854884510694,6.708376115245773e-4,0.12160327590299735,0.23370810738441905,0.1121048314814217
W02000100,Powys 004,2025,0.16398200637426785,5.466751552362306e-4,0.12020139597107202,0.2192270265844355,0.09902563061336347
W02000101,Powys 005,2021,0.14236258758577178,4.966820564939349e-4,0.10358198905344669,0.1864756382129251,0.0828936491594784
W02000101,Powys 005,2023,0.16706165445670665,6.34757023458717e-4,0.12322193452494534,0.22064984484342498,0.09742791031847964
W02000101,Powys 005,2025,0.16425119304226216,5.750704576948755e-4,0.11965946889957715,0.20722626015276135,0.0875667912531842
W02000102,Powys 006,2021,0.14017743555097947,3.92615949224389e-4,0.10025839007309693,0.17925241530576813,0.0789940252326712
W02000102,Powys 006,2023,0.1669102690470127,4.921971811109552e-4,0.1256102060980922,0.20895334034115365,0.08334313424306145
W02000102,Powys 006,2025,0.1637884846960415,4.462652017927389e-4,0.12345912990982999,0.20711806281250267,0.08365893290267268
W02000103,Powys 007,2021,0.14722790275931225,4.6086956879582883e-4,0.11149507210848733,0.19435305722349006,0.08285798511500272
W02000103,Powys 007,2023,0.1735671048746304,5.305631467729156e-4,0.12694832657467703,0.22127282436024376,0.09432449778556673
W02000103,Powys 007,2025,0.1709738155403687,4.975998970564083e-4,0.12530136350236043,0.22033876108899128,0.09503739758663085
W02000104,Powys 008,2021,0.1562491855836527,6.776367441799255e-4,0.11043260477150685,0.21418071234161593,0.10374810757010908
W02000104,Powys 008,2023,0.18494329390698752,8.882023995725754e-4,0.12894777909144037,0.24545436152747788,0.11650658243603751
W02000104,Powys 008,2025,0.18264520459216418,8.007032254607756e-4,0.13127835909996557,0.24017784685066979,0.10889948775070421
W02000105,Powys 009,2021,0.15568698300297554,7.339693870377021e-4,0.10867999649828444,0.21333356768501444,0.10465357118673
W02000105,Powys 009,2023,0.18208009818381302,8.868854668732659e-4,0.12594617371577468,0.24375328262101237,0.11780710890523768
W02000105,Powys 009,2025,0.17932245349297,8.432688275117415e-4,0.12634007037164724,0.24304412106215592,0.11670405069050868
W02000106,Powys 010,2021,0.14494579562490098,4.175734537402874e-4,0.11066981979617066,0.1870828093730661,0.07641298957689543
W02000106,Powys 010,2023,0.17062542002410952,5.3978894704973e-4,0.13183125565683623,0.22047015656513713,0.0886389009083009
W02000106,Powys 010,2025,0.1677364884976279,4.697831831010673e-4,0.13076915578855736,0.21630376927951328,0.08553461349095592
W02000107,Powys 011,2021,0.14901566731883567,5.448664957910679e-4,0.10536540480448937,0.19952110063960632,0.09415569583511695
W02000107,Powys 011,2023,0.17572414960779525,6.928944690709704e-4,0.12872854537328376,0.2384997749204832,0.10977122954719942
W02000107,Powys 011,2025,0.1720659959575834,6.172447837279057e-4,0.12799944857805193,0.22414551316613748,0.09614606458808556
W02000108,Powys 012,2021,0.13698463995240923,5.061421811372152e-4,0.09312479989517242,0.18680327361585872,0.0936784737206863
W02000108,Powys 012,2023,0.1622174389052649,6.363771664932411e-4,0.11456374437415016,0.2143139223902898,0.09975017801613963
W02000108,Powys 012,2025,0.15862482282794818,5.935945119601301e-4,0.11150123721498065,0.21158020167492353,0.10007896445994288
W02000109,Powys 013,2021,0.17372504150645213,7.731523650993475e-4,0.12662240163334484,0.2332421339840932,0.10661973235074834
W02000109,Powys 013,2023,0.20404202422168502,9.839669871478307e-4,0.1505924858036756,0.26959576032410604,0.11900327452043044
W02000109,Powys 013,2025,0.20219804158610014,9.238817985949331e-4,0.15255370748996,0.27172650347883787,0.11917279598887787
W02000110,Powys 014,2021,0.14726009529277054,3.7858542149848555e-4,0.11267396738511964,0.19302276034988786,0.08034879296476821
W02000110,Powys 014,2023,0.17369049617007415,5.240311698852737e-4,0.13272405225634898,0.2264116469317619,0.09368759467541293
W02000110,Powys 014,2025,0.16996371058283316,4.451326403982835e-4,0.13563525661844544,0.21230040281532842,0.07666514619688297
W02000111,Powys 015,2021,0.13794066689557968,3.8187417747131524e-4,0.10751678520242,0.1763731567636297,0.06885637156120969
W02000111,Powys 015,2023,0.1632861939545692,4.93119281470809e-4,0.12385140367217531,0.20607736707118718,0.08222596339901186
W02000111,Powys 015,2025,0.15996726564597702,4.44565408162153e-4,0.1230514100365594,0.20177298698523166,0.07872157694867227
W02000113,Powys 017,2021,0.16011167845803412,7.905123799481093e-4,0.11398862509868052,0.2171152002003754,0.10312657510169487
W02000113,Powys 017,2023,0.1880535227929714,9.748998779054039e-4,0.13561070924401586,0.25185503638725004,0.11624432714323418
W02000113,Powys 017,2025,0.18335821673977756,9.385494948948422e-4,0.12973527126336992,0.24763055194857586,0.11789528068520594
W02000114,Powys 018,2021,0.13463281504046576,3.965814019914599e-4,0.09868210410270936,0.1774083530592629,0.07872624895655353
W02000114,Powys 018,2023,0.15935419039249638,5.105164946934681e-4,0.11681173905749301,0.20487482762653042,0.08806308856903741
W02000114,Powys 018,2025,0.15658357311787863,4.7542319145719216e-4,0.11561298204082426,0.2025243725741976,0.08691139053337332
W02000116,Ceredigion 001,2021,0.11941371706144994,4.6292417010424105e-4,0.08304142993996794,0.16486447037651314,0.0818230404365452
W02000116,Ceredigion 001,2023,0.14207822169138382,5.726398531646242e-4,0.10135880446497947,0.19093416656778694,0.08957536210280748
W02000116,Ceredigion 001,2025,0.1387392205360753,5.104249076405704e-4,0.10091992663503721,0.18530337352276657,0.08438344688772936
W02000117,Ceredigion 002,2021,0.18090233681907986,0.0018253313533073618,0.11579322216967607,0.28465830362052585,0.16886508145084977
W02000117,Ceredigion 002,2023,0.20910550591139762,0.002135154478161363,0.13435784711987825,0.31752037921022946,0.18316253209035122
W02000117,Ceredigion 002,2025,0.20736193546155587,0.001996446964751491,0.1334026884571709,0.31134677150708656,0.17794408304991566
W02000118,Ceredigion 003,2021,0.15504187880750298,7.933413678088015e-4,0.10141521210251683,0.2070144358821913,0.10559922377967446
W02000118,Ceredigion 003,2023,0.18179300310849397,0.0010450866243075223,0.12583351878703228,0.25069712096160757,0.12486360217457529
W02000118,Ceredigion 003,2025,0.17928745281077443,9.136618902087622e-4,0.12115322275411947,0.24085971678358348,0.11970649402946401
W02000120,Ceredigion 005,2021,0.13177954396980585,5.183614054954033e-4,0.08939875221833907,0.18114872647441088,0.09174997425607181
W02000120,Ceredigion 005,2023,0.15683417474551758,6.766560245678446e-4,0.10905705263279068,0.2038229871132155,0.09476593448042482
W02000120,Ceredigion 005,2025,0.1539248004717028,6.109544769905671e-4,0.10684720785160602,0.19951428391469395,0.09266707606308792
W02000122,Ceredigion 007,2021,0.12836508127958093,4.143619077554293e-4,0.09447762682117022,0.17345873280693838,0.07898110598576816
W02000122,Ceredigion 007,2023,0.15302475960412965,5.475963204540208e-4,0.11033945379135363,0.20026122628690338,0.08992177249554975
W02000122,Ceredigion 007,2025,0.1499830218242547,4.7719635025240964e-4,0.11147597139032442,0.19522858348057515,0.08375261209025073
W02000123,Ceredigion 008,2021,0.14283671139444834,5.768114132471e-4,0.10408504692847802,0.20001767270810644,0.09593262577962842
W02000123,Ceredigion 008,2023,0.1659592195173084,6.774175007683826e-4,0.11997993596416828,0.21981637258908543,0.09983643662491715
W02000123,Ceredigion 008,2025,0.16335627836207794,6.714744593154864e-4,0.1190741186655542,0.22157839299086074,0.10250427432530654
W02000124,Ceredigion 009,2021,0.13001447553514678,5.578942116525625e-4,0.09222778533686345,0.1787425117186896,0.08651472638182615
W02000124,Ceredigion 009,2023,0.15413292062089665,6.70690884962671e-4,0.11025023958032065,0.210992463290124,0.10074222370980335
W02000124,Ceredigion 009,2025,0.1518484892068471,6.463909943894223e-4,0.11127813201532481,0.2094785941839777,0.0982004621686529
W02000125,Ceredigion 010,2021,0.12394036606384282,3.574968825580726e-4,0.0912750353901583,0.16121957006913168,0.06994453467897338
W02000125,Ceredigion 010,2023,0.14692739312746406,4.575765914986569e-4,0.10806113290305822,0.18644866147758865,0.07838752857453044
W02000125,Ceredigion 010,2025,0.14512888950285271,4.0836652840078717e-4,0.1072338219069528,0.18507105863462986,0.07783723672767706
W02000126,Pembrokeshire 001,2021,0.13121506118641527,4.8020710541241856e-4,0.09390814841956495,0.1774601326686831,0.08355198424911815
W02000126,Pembrokeshire 001,2023,0.1557428438684029,6.071677770115361e-4,0.11211325054234975,0.20529061892199274,0.093177368379643
W02000126,Pembrokeshire 001,2025,0.15256798315407222,5.702888729965094e-4,0.11223031888812893,0.20351903459884418,0.09128871571071526
W02000127,Pembrokeshire 002,2021,0.12619561571907634,5.849836774238188e-4,0.08794090814202968,0.1782754482847831,0.09033454014275341
W02000127,Pembrokeshire 002,2023,0.14950917238445385,7.438271967123604e-4,0.10170416667926795,0.20674241046227754,0.10503824378300959
W02000127,Pembrokeshire 002,2025,0.1469729610109051,6.671293841550019e-4,0.10282851561999795,0.20526322335339536,0.10243470773339741
W02000128,Pembrokeshire 003,2021,0.1483967324209573,8.00066141811439e-4,0.10095572314125148,0.20871059596643612,0.10775487282518464
W02000128,Pembrokeshire 003,2023,0.17533869207819788,0.0010648873482399998,0.12292225205071003,0.24648812675097342,0.1235658747002634
W02000128,Pembrokeshire 003,2025,0.17212043561009197,9.959471945457767e-4,0.12061962159884196,0.24233518319664973,0.12171556159780778
W02000129,Pembrokeshire 004,2021,0.1266861015243156,4.3401448682315024e-4,0.09061329194408585,0.16885805355507905,0.0782447616109932
W02000129,Pembrokeshire 004,2023,0.15105207163245923,5.821266441543346e-4,0.1094113248067744,0.20299814037525268,0.09358681556847828
W02000129,Pembrokeshire 004,2025,0.14937123737010635,5.29830072457948e-4,0.1090841872935919,0.19447743192016065,0.08539324462656875
W02000130,Pembrokeshire 005,2021,0.15328883592475012,8.710364304115916e-4,0.09982954745630308,0.21723519313414413,0.11740564567784105
W02000130,Pembrokeshire 005,2023,0.17993446940017926,0.0011537551234355006,0.11888028298999048,0.25656121099888163,0.13768092800889115
W02000130,Pembrokeshire 005,2025,0.17712027372935796,0.0010442121695471206,0.11628274181939743,0.24951074755036856,0.13322800573097113
W02000131,Pembrokeshire 006,2021,0.12928755258083066,4.84135573530161e-4,0.09025400880528436,0.17396581314728538,0.08371180434200101
W02000131,Pembrokeshire 006,2023,0.1543248294767704,7.13782331523278e-4,0.10874048011772117,0.20878916262047653,0.10004868250275537
W02000131,Pembrokeshire 006,2025,0.1518135877135062,6.29600704432666e-4,0.11028854926361867,0.19690047977664452,0.08661193051302585
W02000132,Pembrokeshire 007,2021,0.11928790138801494,4.0366135409927365e-4,0.08335934878773069,0.16531216655059605,0.08195281776286537
W02000132,Pembrokeshire 007,2023,0.14133642641818886,6.365252206798865e-4,0.09841243394821758,0.19260672925753164,0.09419429530931406
W02000132,Pembrokeshire 007,2025,0.13921893459469803,5.497802501789625e-4,0.10034576631323511,0.18980553704571884,0.08945977073248373
W02000133,Pembrokeshire 008,2021,0.13797490435350596,5.603071109409587e-4,0.09536080964572993,0.1854163968034188,0.09005558715768885
W02000133,Pembrokeshire 008,2023,0.16331866849937393,7.602181281941431e-4,0.11337435157407805,0.2165070781785418,0.10313272660446376
W02000133,Pembrokeshire 008,2025,0.1612577806110037,6.897270495898384e-4,0.11481024773502607,0.2107899834414163,0.09597973570639023
W02000134,Pembrokeshire 009,2021,0.13803395103500152,7.198153204142471e-4,0.09194292641787813,0.20248200765132757,0.11053908123344944
W02000134,Pembrokeshire 009,2023,0.16433292086453724,0.0010233338047917228,0.10502267480702637,0.23988441975071725,0.13486174494369088
W02000134,Pembrokeshire 009,2025,0.16165889728029004,9.325822431592261e-4,0.10781155712012974,0.23320818949216826,0.12539663237203852
W02000135,Pembrokeshire 010,2021,0.13791091202430578,6.783489042749961e-4,0.09128771852439291,0.19365294244711545,0.10236522392272254
W02000135,Pembrokeshire 010,2023,0.16349341146239393,9.278976797190131e-4,0.10800923337636892,0.22920815522960997,0.12119892185324105
W02000135,Pembrokeshire 010,2025,0.16131837494385048,8.602413994028605e-4,0.10953345659740037,0.2233441323611901,0.11381067576378974
W02000136,Pembrokeshire 011,2021,0.11028664559897892,3.7356788641490995e-4,0.07532869130586452,0.15613293325344502,0.0808042419475805
W02000136,Pembrokeshire 011,2023,0.1312733876357024,5.42906637241313e-4,0.0903775185491863,0.1889787034265089,0.09860118487732261
W02000136,Pembrokeshire 011,2025,0.12890579197532606,4.836146809194551e-4,0.09037769583089507,0.1825167297030486,0.09213903387215354
W02000137,Pembrokeshire 012,2021,0.13413123535152985,7.272894780634387e-4,0.0898410993634857,0.19296940304651328,0.10312830368302758
W02000137,Pembrokeshire 012,2023,0.1597445969989864,0.0010260405766801069,0.10429499531844369,0.22365003408825665,0.11935503876981296
W02000137,Pembrokeshire 012,2025,0.15658187335648624,9.253048605574871e-4,0.10099682400871646,0.21689974267980877,0.11590291867109231
W02000138,Pembrokeshire 013,2021,0.11899980493679047,7.12257162376201e-4,0.07038752316034728,0.17914597870991733,0.10875845554957005
W02000138,Pembrokeshire 013,2023,0.14149738135365336,9.552932758822947e-4,0.08696405799611198,0.21470952140964839,0.1277454634135364
W02000138,Pembrokeshire 013,2025,0.1386232758582815,8.759456407951666e-4,0.08690325364959725,0.20616397209300458,0.11926071844340733
W02000139,Pembrokeshire 014,2021,0.11716219195241637,5.322270742045611e-4,0.07953884244398482,0.16440814141261567,0.08486929896863085
W02000139,Pembrokeshire 014,2023,0.13975084906923077,7.089394886821178e-4,0.09786017987209819,0.19279649738567997,0.09493631751358178
W02000139,Pembrokeshire 014,2025,0.137046436731825,6.478191687059317e-4,0.09601078078598707,0.1892468399438957,0.09323605915790864
W02000140,Pembrokeshire 015,2021,0.12337660721003202,7.24481991699198e-4,0.08192841675567195,0.1867815848828574,0.10485316812718545
W02000140,Pembrokeshire 015,2023,0.14718878593691265,9.312315668054941e-4,0.09367824143408462,0.20945508101178087,0.11577683957769624
W02000140,Pembrokeshire 015,2025,0.1432790136577708,8.66692992435826e-4,0.09494531633395521,0.20376675224512963,0.10882143591117442
W02000141,Pembrokeshire 016,2021,0.11280036812413148,5.658528249547518e-4,0.07073872276428608,0.1689066384555647,0.09816791569127861
W02000141,Pembrokeshire 016,2023,0.133518255378446,7.096100561842797e-4,0.08429522453115997,0.19150817726506272,0.10721295273390276
W02000141,Pembrokeshire 016,2025,0.13083588693250991,6.470232770479087e-4,0.08575596897549854,0.1894570244596025,0.10370105548410395
W02000142,Carmarthenshire 001,2021,0.13011220453942865,3.6327050760814704e-4,0.0947367652878203,0.17015789568350204,0.07542113039568174
W02000142,Carmarthenshire 001,2023,0.15436616869746564,5.009268239353875e-4,0.11371816991883607,0.19796093988232877,0.0842427699634927
W02000142,Carmarthenshire 001,2025,0.15145063801155123,4.4142010888026514e-4,0.11590216447119833,0.19252156085756617,0.07661939638636783
W02000143,Carmarthenshire 002,2021,0.13303311508473867,4.536126566356351e-4,0.09557791793454641,0.17862343791339103,0.08304551997884461
W02000143,Carmarthenshire 002,2023,0.15747430461979994,5.321589895674201e-4,0.11123430239807165,0.2040347246508708,0.09280042225279915
W02000143,Carmarthenshire 002,2025,0.15338279749370728,5.099725369872713e-4,0.1110993426198525,0.20115225454427763,0.09005291192442512
W02000144,Carmarthenshire 003,2021,0.13198711679429204,4.252789958734985e-4,0.08947661092247657,0.16989751497033992,0.08042090404786335
W02000144,Carmarthenshire 003,2023,0.15618843108492972,6.151392595469638e-4,0.1106358713126705,0.20414113267005396,0.09350526135738346
W02000144,Carmarthenshire 003,2025,0.15337995155315745,5.3485419562244e-4,0.11124658781334026,0.20048335037613207,0.08923676256279181
W02000145,Carmarthenshire 004,2021,0.14222167662225652,4.7915563005504486e-4,0.10380673161189001,0.193437512724078,0.08963078111218799
W02000145,Carmarthenshire 004,2023,0.16872464174062873,6.148641693989901e-4,0.12708317182908002,0.21624466937677175,0.08916149754769173
W02000145,Carmarthenshire 004,2025,0.16614729430434697,0.00055079355447934335,0.1272671907077178,0.21981938131718415,0.09255219060946634
W02000146,Carmarthenshire 005,2021,0.13387050197775366,3.972433591679565e-4,0.09985996961021272,0.17125591492216016,0.07139594531194744
W02000146,Carmarthenshire 005,2023,0.1574278339480226,5.157853384077118e-4,0.11517399489805194,0.20880337019973244,0.0936293753016805
W02000146,Carmarthenshire 005,2025,0.15436409298188855,4.55507744697064e-4,0.11536701012872078,0.19550404135015406,0.08013703122143329
W02000147,Carmarthenshire 006,2021,0.13961620425585908,4.731856413339131e-4,0.10022249354646401,0.18674140577864548,0.08651891223218147
W02000147,Carmarthenshire 006,2023,0.16472272397506477,6.359861762894222e-4,0.12091406692460024,0.22488109413474128,0.10396702721014103
W02000147,Carmarthenshire 006,2025,0.16128756433541894,5.283423728356053e-4,0.11833977122276751,0.20965742151199007,0.09131765028922256
W02000148,Carmarthenshire 007,2021,0.14006834098205848,7.587278570151561e-4,0.09158606846158555,0.19995463338986436,0.1083685649282788
W02000148,Carmarthenshire 007,2023,0.16564309514115924,0.0010438331392323707,0.1031049383355041,0.23237650497202983,0.12927156663652573
W02000148,Carmarthenshire 007,2025,0.16343634637687598,9.00899838042303e-4,0.10570944105588687,0.2261037376817724,0.12039429662588552
W02000149,Carmarthenshire 008,2021,0.141487047719423,5.870732870368378e-4,0.10239745771568996,0.18760547291910984,0.08520801520341988
W02000149,Carmarthenshire 008,2023,0.16691430938598154,7.59809206595763e-4,0.1194329277854164,0.22580835847728317,0.10637543069186677
W02000149,Carmarthenshire 008,2025,0.16499173007450724,7.182948042725409e-4,0.1182999019086271,0.22040253778625307,0.10210263587762597
W02000151,Carmarthenshire 010,2021,0.1360466027777395,5.215780136965871e-4,0.0940807817113436,0.18682133107256604,0.09274054936122245
W02000151,Carmarthenshire 010,2023,0.160501085991719,5.704014478815646e-4,0.11296497672470243,0.20842547765992553,0.0954605009352231
W02000151,Carmarthenshire 010,2025,0.1585159189719549,5.773635319841625e-4,0.11163641564394433,0.20726491694141874,0.09562850129747441
W02000152,Carmarthenshire 011,2021,0.13116890357282396,4.30007454177067e-4,0.09460736908358117,0.177280445002686,0.08267307591910483
W02000152,Carmarthenshire 011,2023,0.15484590710592053,5.55460530120424e-4,0.11128621484269727,0.20210472602712717,0.0908185111844299
W02000152,Carmarthenshire 011,2025,0.15225900465561562,5.12501016950654e-4,0.11264814808756643,0.19721683347357777,0.08456868538601134
W02000153,Carmarthenshire 012,2021,0.12946416315132087,5.261279939795873e-4,0.0866725612179187,0.17939027520394435,0.09271771398602564
W02000153,Carmarthenshire 012,2023,0.15436136282181082,7.020640819599481e-4,0.10480521102885686,0.21535379552645456,0.1105485844975977
W02000153,Carmarthenshire 012,2025,0.15143746647280318,6.852495420373994e-4,0.1050729881800695,0.20982737473952195,0.10475438655945246
W02000154,Carmarthenshire 013,2021,0.14407688321868337,6.454195534959615e-4,0.09732709490054808,0.1986560824743237,0.10132898757377562
W02000154,Carmarthenshire 013,2023,0.17134501188905138,8.457237871766622e-4,0.12091586484320999,0.23484599500571238,0.11393013016250239
W02000154,Carmarthenshire 013,2025,0.16915393385405364,8.116458392385696e-4,0.11741138009531582,0.22873367318088933,0.11132229308557351
W02000156,Carmarthenshire 015,2021,0.12792182546487837,4.7739475594221704e-4,0.08851172707652687,0.1735026861820166,0.08499095910548975
W02000156,Carmarthenshire 015,2023,0.15173595138107798,7.018418697256131e-4,0.10260667840312263,0.20866352680637484,0.10605684840325222
W02000156,Carmarthenshire 015,2025,0.14936990982658965,6.311234142168292e-4,0.10351408773819924,0.20060261677921337,0.09708852904101413
W02000157,Carmarthenshire 016,2021,0.14014049021387975,4.743406626449585e-4,0.1022018209416168,0.18650060043901795,0.08429877949740115
W02000157,Carmarthenshire 016,2023,0.16608323966296754,6.658271445227165e-4,0.11891032351120731,0.22059244454396776,0.10168212103276045
W02000157,Carmarthenshire 016,2025,0.16403270623345423,5.787527301168433e-4,0.11988573907579714,0.21706613327486496,0.09718039419906782
W02000158,Carmarthenshire 017,2021,0.13439478255790296,4.322953485077191e-4,0.09789250666607541,0.17301375860406817,0.07512125193799277
W02000158,Carmarthenshire 017,2023,0.15877310110907344,6.270424021146245e-4,0.11560762344614581,0.2082754941183025,0.0926678706721567
W02000158,Carmarthenshire 017,2025,0.15637214586434792,5.64120007989264e-4,0.11608387054168184,0.20509664558002214,0.08901277503834029
W02000159,Carmarthenshire 018,2021,0.1408671058399499,5.632513423233887e-4,0.0990339811451596,0.1886716488265761,0.08963766768141651
W02000159,Carmarthenshire 018,2023,0.16561849031674594,7.234566820247798e-4,0.11624917912102559,0.2219206889605758,0.1056715098395502
W02000159,Carmarthenshire 018,2025,0.16319003618545894,6.778170289012753e-4,0.11441202918614171,0.22035478897646138,0.10594275979031967
W02000160,Carmarthenshire 019,2021,0.14198060158564757,5.952621300508908e-4,0.10032545355119676,0.1998198988562297,0.09949444530503293
W02000160,Carmarthenshire 019,2023,0.1687411421874123,7.467390129596719e-4,0.12054471517328527,0.22609332968629978,0.1055486145130145
W02000160,Carmarthenshire 019,2025,0.16682129543296478,7.120302524316587e-4,0.12108476181044275,0.2264324894079275,0.10534772759748476
W02000161,Carmarthenshire 020,2021,0.14956339482680364,5.764426523192726e-4,0.10355847100572535,0.20017107439394546,0.09661260338822011
W02000161,Carmarthenshire 020,2023,0.17506053501548724,7.899345443982763e-4,0.12331202687995255,0.22904501542881345,0.1057329885488609
W02000161,Carmarthenshire 020,2025,0.17341135608896507,7.072534160064825e-4,0.12506198600392032,0.22723009142437733,0.10216810542045701
W02000162,Carmarthenshire 021,2021,0.13625239750241508,7.536644176463075e-4,0.09032141123185979,0.19582809024805584,0.10550667901619605
W02000162,Carmarthenshire 021,2023,0.16077770820290635,9.93241266436272e-4,0.1053341177619653,0.23203797706178864,0.12670385929982333
W02000162,Carmarthenshire 021,2025,0.15852050140043836,9.107956088730258e-4,0.10202567151285931,0.2193711444528808,0.1173454729400215
W02000163,Carmarthenshire 022,2021,0.16318639513400116,7.533251363878573e-4,0.11366387335505194,0.21847907127096844,0.1048151979159165
W02000163,Carmarthenshire 022,2023,0.1921119999647968,9.881318705585492e-4,0.13754456683637822,0.26177055270737926,0.12422598587100103
W02000163,Carmarthenshire 022,2025,0.19092452158309595,9.503556481641894e-4,0.13655660932903924,0.25439515953794295,0.11783855020890371
W02000164,Carmarthenshire 023,2021,0.16137724583213367,6.402224476795723e-4,0.11742901649164728,0.21899709846058002,0.10156808196893274
W02000164,Carmarthenshire 023,2023,0.18901719035321365,8.221649970172643e-4,0.13564290988816158,0.25702008291049633,0.12137717302233475
W02000164,Carmarthenshire 023,2025,0.18588136656718893,7.763401787079279e-4,0.13520335332446864,0.2469742943654267,0.11177094104095806
W02000165,Carmarthenshire 024,2021,0.16573284370221697,8.644761128237284e-4,0.11887220084148983,0.2298536104381228,0.11098140959663297
W02000165,Carmarthenshire 024,2023,0.19525643572653015,0.0011642732853936553,0.14057153894185082,0.2646849807885796,0.12411344184672879
W02000165,Carmarthenshire 024,2025,0.19261416115697808,0.001093565954971765,0.13719048904603054,0.268075632184702,0.13088514313867144
W02000166,Carmarthenshire 025,2021,0.15596563321190696,6.467588804375604e-4,0.11295830294051548,0.2046806104435881,0.09172230750307261
W02000166,Carmarthenshire 025,2023,0.18386026679052328,8.706132050427181e-4,0.13079336739718667,0.24666068879520026,0.11586732139801359
W02000166,Carmarthenshire 025,2025,0.18186796780849326,7.807067614716793e-4,0.1315513772527459,0.23492465188539596,0.10337327463265006
W02000167,Carmarthenshire 026,2021,0.19031682100317837,0.0012080986553284234,0.13126015586004924,0.2685419178231635,0.13728176196311426
W02000167,Carmarthenshire 026,2023,0.22217059791700464,0.0014642689137047014,0.15708001616637796,0.3086207161378467,0.15154069997146874
W02000167,Carmarthenshire 026,2025,0.21752566058684344,0.0013687136942994891,0.15576136369331067,0.3022897172682879,0.14652835357497723
W02000168,Swansea 001,2021,0.12252850196563526,4.685492858957733e-4,0.08388466395521216,0.16746669427008315,0.08358203031487099
W02000168,Swansea 001,2023,0.14683460874548904,6.349451886437578e-4,0.10073551564948718,0.20030263682546523,0.09956712117597805
W02000168,Swansea 001,2025,0.14444174752354316,6.040405423006839e-4,0.10198812393730332,0.19673628563388876,0.09474816169658544
W02000169,Swansea 002,2021,0.13645660977801577,4.117427222082424e-4,0.10233504178842118,0.1747984101316049,0.07246336834318373
W02000169,Swansea 002,2023,0.16234661470712325,5.208571506981991e-4,0.12468088807908045,0.21209451124350368,0.08741362316442322
W02000169,Swansea 002,2025,0.16089418255409357,4.7462638818520904e-4,0.1222581011955097,0.20853209176052168,0.08627399056501198
W02000170,Swansea 003,2021,0.1267515131531724,5.500509592681695e-4,0.08740870957042468,0.17944960573493957,0.09204089616451488
W02000170,Swansea 003,2023,0.15123667427527634,6.431994641116611e-4,0.10582173641637,0.20009750288112546,0.09427576646475547
W02000170,Swansea 003,2025,0.15005863922982826,6.776871027330451e-4,0.1044799261134815,0.20210534848889505,0.09762542237541355
W02000171,Swansea 004,2021,0.12643117690758227,4.4586844171094184e-4,0.09067614848877772,0.1710272751248178,0.08035112663604008
W02000171,Swansea 004,2023,0.15027137062480106,0.00055651925134549455,0.10998527037824427,0.20277280724818086,0.0927875368699366
W02000171,Swansea 004,2025,0.14879283884484026,5.325989620677679e-4,0.10938296155964045,0.1968809495732235,0.08749798801358305
W02000172,Swansea 005,2021,0.11727643316067471,5.535080883783658e-4,0.07655890952948037,0.16562011870935348,0.0890612091798731
W02000172,Swansea 005,2023,0.1400369113846547,7.587462216265878e-4,0.09607489064738897,0.20089735272778508,0.10482246208039611
W02000172,Swansea 005,2025,0.1392811698986262,7.22779214629502e-4,0.0957534335622175,0.19538327953747298,0.09962984597525548
W02000173,Swansea 006,2021,0.13142093924781809,5.255789296010131e-4,0.09126263165770744,0.1811167818589508,0.08985415020124336
W02000173,Swansea 006,2023,0.15663558749930673,7.201078874909299e-4,0.10942910248542903,0.21390929287746208,0.10448019039203305
W02000173,Swansea 006,2025,0.15441824881788965,6.833963055101538e-4,0.10716920904798302,0.21180302800895257,0.10463381896096954
W02000174,Swansea 007,2021,0.1119835988180502,5.398923541880804e-4,0.07179607489029918,0.15972899797728637,0.08793292308698719
W02000174,Swansea 007,2023,0.13369822375721163,7.65191700615143e-4,0.08609876384372055,0.19484898614585505,0.1087502223021345
W02000174,Swansea 007,2025,0.13240186387074904,7.009051401915958e-4,0.08840827524358685,0.18999540337937007,0.10158712813578322
W02000175,Swansea 008,2021,0.12929868283698023,7.96840426947391e-4,0.0879941056169101,0.2017068705311467,0.1137127649142366
W02000175,Swansea 008,2023,0.15364454134297703,8.953888550998948e-4,0.10899079402335571,0.22733678737912288,0.11834599335576718
W02000175,Swansea 008,2025,0.15132338077183444,8.92828966455905e-4,0.10648546949283184,0.22755507714469597,0.12106960765186413
W02000176,Swansea 009,2021,0.12439073457145217,4.7968172412084985e-4,0.08636356524460512,0.1743548729856165,0.08799130774101138
W02000176,Swansea 009,2023,0.14813184727933065,5.42701943620371e-4,0.10619711381963642,0.1970118524824313,0.09081473866279488
W02000176,Swansea 009,2025,0.14740913174660963,5.572220950210483e-4,0.10395013050369668,0.19785820983226576,0.09390807932856908
W02000177,Swansea 010,2021,0.1170115513763296,5.645372290398107e-4,0.07508879363781855,0.16886674993421297,0.09377795629639442
W02000177,Swansea 010,2023,0.13998347446275322,7.710546193597052e-4,0.08948238715516435,0.19938957058128687,0.10990718342612252
W02000177,Swansea 010,2025,0.13855108511122335,7.302849293817716e-4,0.08984520656114836,0.19591950584740547,0.10607429928625711
W02000178,Swansea 011,2021,0.12512641518989617,6.451410795898885e-4,0.08136549944001727,0.18002211386289227,0.098656614422875
W02000178,Swansea 011,2023,0.14879859176474447,7.062240958627422e-4,0.09946675477944592,0.19988289480409527,0.10041614002464935
W02000178,Swansea 011,2025,0.1488403930057938,7.454971664369244e-4,0.09842186838675526,0.2037068689248453,0.10528500053809003
W02000179,Swansea 012,2021,0.11371612453972574,3.903233495320238e-4,0.0780007057747315,0.15779528330843062,0.07979457753369912
W02000179,Swansea 012,2023,0.13645300727966594,5.5779051678135e-4,0.0954943317125215,0.18301081669579522,0.08751648498327372
W02000179,Swansea 012,2025,0.13551228057295336,5.276865875420673e-4,0.09613401605909233,0.18596923430788925,0.08983521824879692
W02000180,Swansea 013,2021,0.11898323879273072,0.00052971214969394745,0.07676804468486297,0.1685266180529485,0.09175857336808553
W02000180,Swansea 013,2023,0.14214308582484658,6.713780312833938e-4,0.09175564705033168,0.19565002190994552,0.10389437485961384
W02000180,Swansea 013,2025,0.1404462451898931,6.657013722908164e-4,0.09260884232903768,0.19998424827997857,0.10737540595094089
W02000181,Swansea 014,2021,0.12982891551458417,5.866314775039084e-4,0.08426850726896506,0.18100502493007625,0.09673651766111119
W02000181,Swansea 014,2023,0.15436654430921815,7.653226274215628e-4,0.10112206584282185,0.21696737195684918,0.11584530611402732
W02000181,Swansea 014,2025,0.153332046532129,7.168550496487138e-4,0.10127873336593504,0.21194838015007833,0.11066964678414329
W02000182,Swansea 015,2021,0.13129140807491765,6.913809629927508e-4,0.0900134279573445,0.18690102241521311,0.09688759445786861
W02000182,Swansea 015,2023,0.1559993090987335,8.926807945344107e-4,0.10888932925481118,0.22441195682521675,0.11552262757040557
W02000182,Swansea 015,2025,0.1541974497504843,8.936734024529586e-4,0.10434825176188267,0.22003584845332994,0.11568759669144726
W02000183,Swansea 016,2021,0.1366227025766008,5.627607846672379e-4,0.09287066443982589,0.18288866835090434,0.09001800391107845
W02000183,Swansea 016,2023,0.16290123155329958,6.841054315258405e-4,0.11334012772198654,0.2113073133394499,0.09796718561746337
W02000183,Swansea 016,2025,0.1624707159517055,7.018203346766828e-4,0.1139978981811684,0.2107522982220194,0.09675440004085101
W02000184,Swansea 017,2021,0.11665499500923568,4.892322023181843e-4,0.08250722439448369,0.16462272375506032,0.08211549936057663
W02000184,Swansea 017,2023,0.1395980818302133,6.041379832664598e-4,0.09709954437680032,0.19213849348218742,0.0950389491053871
W02000184,Swansea 017,2025,0.13780294297755158,5.771975757896631e-4,0.09886811068167706,0.19162109248397774,0.09275298180230068
W02000185,Swansea 018,2021,0.11203765389752872,5.11311985628562e-4,0.07447808955192645,0.16210053653885825,0.0876224469869318
W02000185,Swansea 018,2023,0.13313222541775024,6.214865011038933e-4,0.08837610643399854,0.18289875068948724,0.0945226442554887
W02000185,Swansea 018,2025,0.13197642109945798,6.174184987854168e-4,0.08617924005396736,0.18300615378712443,0.09682691373315706
W02000186,Swansea 019,2021,0.14226504892486577,7.97492694932878e-4,0.09808661093305651,0.20489406785761155,0.10680745692455504
W02000186,Swansea 019,2023,0.17021747699383402,0.0010171804945236214,0.12036165285658448,0.24201242792043512,0.12165077506385064
W02000186,Swansea 019,2025,0.16917748868518862,9.96252356956274e-4,0.11885995326569507,0.2360407034774517,0.11718075021175664
W02000188,Swansea 021,2021,0.13883406914949614,8.374504252017973e-4,0.08691450547535584,0.2059295814230224,0.11901507594766655
W02000188,Swansea 021,2023,0.16606874056745455,0.0010735961329235454,0.11120860627974342,0.2317704336303666,0.12056182735062317
W02000188,Swansea 021,2025,0.1652895402792747,0.0010290701348192083,0.10532943311471218,0.23450240805861117,0.12917297494389898
W02000189,Swansea 022,2021,0.12138423854980757,5.663248425980066e-4,0.0795218347147412,0.17324577430765684,0.09372393959291564
W02000189,Swansea 022,2023,0.14402403720580334,7.614980425228349e-4,0.09731887535366468,0.20719595937354512,0.10987708401988044
W02000189,Swansea 022,2025,0.14328867656004368,6.926585969873445e-4,0.09691607309663544,0.20403794809762404,0.1071218750009886
W02000191,Swansea 024,2021,0.16324952704298468,0.0011771531777228477,0.1011671388435448,0.2382439488633555,0.1370768100198107
W02000191,Swansea 024,2023,0.1913931124323685,0.001541552892226974,0.12221537984764207,0.2754962180561825,0.15328083820854044
W02000191,Swansea 024,2025,0.1876720450910582,0.0014668785746978887,0.11930754236312427,0.271681572383095,0.1523740300199707
W02000192,Swansea 025,2021,0.15457326688204162,9.398119713685654e-4,0.10372511812959602,0.22515645968876424,0.12143134155916822
W02000192,Swansea 025,2023,0.18477243105895938,0.0012773952049312328,0.12615178509975272,0.26456040225420485,0.13840861715445213
W02000192,Swansea 025,2025,0.1812903305848226,0.0011731831226965725,0.12265740567094398,0.2531692621029581,0.13051185643201413
W02000193,Swansea 026,2021,0.17087526523920143,0.0015072974141761345,0.10320514725497806,0.25210874374490116,0.1489035964899231
W02000193,Swansea 026,2023,0.19612299918626516,0.0018547871142042772,0.11941455139978852,0.2854125605822085,0.16599800918241997
W02000193,Swansea 026,2025,0.19160170057801243,0.0017291940112984193,0.11646028508286399,0.2818560224103005,0.1653957373274365
W02000194,Swansea 027,2021,0.12476724179486251,6.23678466089704e-4,0.07802981422646936,0.17329771052603488,0.09526789629956552
W02000194,Swansea 027,2023,0.1486931948260152,8.304690019343542e-4,0.09441716523079867,0.2072328359044363,0.11281567067363764
W02000194,Swansea 027,2025,0.14589215171077152,7.896335346564015e-4,0.09401230464823575,0.2005150050598284,0.10650270041159264
W02000195,Swansea 028,2021,0.1199611829665527,5.714727012236463e-4,0.07826230567173484,0.1718229733223554,0.09356066765062057
W02000195,Swansea 028,2023,0.14370701193911117,7.599227671644982e-4,0.10057517399285,0.19982287740897364,0.09924770341612364
W02000195,Swansea 028,2025,0.14233013430669064,7.103426083125515e-4,0.09908559607339507,0.19902005038841963,0.09993445431502457
W02000196,Swansea 029,2021,0.11630705362713871,7.068763736602783e-4,0.06755487168264793,0.17405648144932137,0.10650160976667344
W02000196,Swansea 029,2023,0.1389755234408048,9.006492573545546e-4,0.08493641597131796,0.21156845461266283,0.12663203864134487
W02000196,Swansea 029,2025,0.1375034305435367,8.69361149477333e-4,0.08289646372848522,0.2026497409303188,0.11975327720183357
W02000197,Swansea 030,2021,0.10819937417307425,5.570725189370702e-4,0.06601852053902127,0.16035860096237994,0.09434008042335867
W02000197,Swansea 030,2023,0.130190800501787,7.364404752956252e-4,0.08399706223505271,0.19228869616180622,0.1082916339267535
W02000197,Swansea 030,2025,0.1288449125858367,6.998596159758709e-4,0.08151169943332963,0.1893978800323515,0.10788618059902187
W02000198,Swansea 031,2021,0.13798576608566981,9.560402289361865e-4,0.08737628271789294,0.2089522218355879,0.12157593911769496
W02000198,Swansea 031,2023,0.16487942095130864,0.0012059973652276746,0.10631711758969091,0.23719388585170673,0.13087676826201583
W02000198,Swansea 031,2025,0.16342088344551273,0.0011839371396230984,0.10477688907262277,0.23676933661101496,0.13199244753839218
W02000200,Neath Port Talbot 002,2021,0.127863542185422,4.100894911920973e-4,0.08890209706917945,0.17134488585935922,0.08244278879017977
W02000200,Neath Port Talbot 002,2023,0.15219908024048684,5.801346751220076e-4,0.11002684693881906,0.1997974142286848,0.08977056728986574
W02000200,Neath Port Talbot 002,2025,0.1506080171854025,5.35614382916956e-4,0.10471558802202971,0.19924763936117573,0.09453205133914602
W02000201,Neath Port Talbot 003,2021,0.12322788397033696,4.308580746431151e-4,0.08042416905631136,0.16604431958288535,0.08562015052657398
W02000201,Neath Port Talbot 003,2023,0.14652197859260824,5.579368539618982e-4,0.09962519601957429,0.19099951866170772,0.09137432264213344
W02000201,Neath Port Talbot 003,2025,0.1452398179819286,5.563855622592216e-4,0.0975686399064844,0.19615739318084235,0.09858875327435795
W02000202,Neath Port Talbot 004,2021,0.13946777321951317,5.006323286612462e-4,0.10475839626038691,0.1899646483398078,0.0852062520794209
W02000202,Neath Port Talbot 004,2023,0.16566820767262472,6.416981732461585e-4,0.12531077777595226,0.22351205512908404,0.09820127735313178
W02000202,Neath Port Talbot 004,2025,0.16281918370393864,6.423677412200189e-4,0.12530015365419592,0.2203646565401996,0.09506450288600368
W02000204,Neath Port Talbot 006,2021,0.13227752147063535,5.988637307937749e-4,0.08576918080906362,0.18496663590880383,0.0991974550997402
W02000204,Neath Port Talbot 006,2023,0.15544328043445263,7.733829297274411e-4,0.10555203323918266,0.21766199102683953,0.11210995778765687
W02000204,Neath Port Talbot 006,2025,0.15285606569393936,7.496803561144967e-4,0.10459439130515433,0.21412542259501083,0.1095310312898565
W02000205,Neath Port Talbot 007,2021,0.13086416434901052,4.839788704545794e-4,0.09198117926347607,0.1779552142531834,0.08597403498970732
W02000205,Neath Port Talbot 007,2023,0.1545111924982117,6.607415594627896e-4,0.10824918547619462,0.20700090253131137,0.09875171705511675
W02000205,Neath Port Talbot 007,2025,0.15147537421633125,5.914079631924402e-4,0.10674988953235642,0.2014721966837616,0.09472230715140517
W02000206,Neath Port Talbot 008,2021,0.1684856927524023,9.179849816408717e-4,0.1168619976367723,0.23232027674686784,0.11545827911009554
W02000206,Neath Port Talbot 008,2023,0.19854181244231497,0.0011248739553608332,0.1384984467640828,0.2687766360381334,0.1302781892740506
W02000206,Neath Port Talbot 008,2025,0.19763268647146695,0.0010728593894853919,0.13987641172019583,0.2656813431922145,0.12580493147201866
W02000207,Neath Port Talbot 009,2021,0.14518474405121146,5.30351184572625e-4,0.10570203829868371,0.19724562190284822,0.09154358360416451
W02000207,Neath Port Talbot 009,2023,0.1712687494268017,6.652231626913112e-4,0.12832792494026216,0.2286603705091267,0.10033244556886453
W02000207,Neath Port Talbot 009,2025,0.16845001907488336,6.838687514630335e-4,0.12802477373672105,0.23093437975617495,0.1029096060194539
W02000208,Neath Port Talbot 010,2021,0.14061534782237717,7.767690102519364e-4,0.09202345438821335,0.19888363635389966,0.10686018196568631
W02000208,Neath Port Talbot 010,2023,0.1680394666373754,0.0010097236167116094,0.11121175451325627,0.23166310782354121,0.12045135331028495
W02000208,Neath Port Talbot 010,2025,0.16743226856803808,9.690805005586554e-4,0.10915352081445359,0.23305744130436074,0.12390392048990714
W02000210,Neath Port Talbot 012,2021,0.16807253226798388,7.951398087496118e-4,0.1129836113678442,0.2337408895650349,0.12075727819719069
W02000210,Neath Port Talbot 012,2023,0.19793482700696505,0.0011157971619339727,0.14239927377177294,0.2646283737658809,0.12222909999410794
W02000210,Neath Port Talbot 012,2025,0.19471848496248034,0.0010212115174649456,0.1390061014364336,0.2626461768047189,0.12364007536828531
W02000211,Neath Port Talbot 013,2021,0.16545797527265982,7.16851040754198e-4,0.11808352201356008,0.22150797797987154,0.10342445596631146
W02000211,Neath Port Talbot 013,2023,0.1955442138907608,9.575250105871132e-4,0.14244726053207832,0.26611554061805154,0.12366828008597322
W02000211,Neath Port Talbot 013,2025,0.19222321393322317,9.116334524255054e-4,0.13998785246757584,0.25423507748677315,0.11424722501919732
W02000212,Neath Port Talbot 014,2021,0.15398001175274345,5.530141317163819e-4,0.11214809787915175,0.19936707388555178,0.08721897600640002
W02000212,Neath Port Talbot 014,2023,0.1814946822520694,6.621989973760975e-4,0.13990130258914918,0.23251108943676443,0.09260978684761526
W02000212,Neath Port Talbot 014,2025,0.17877836835875194,6.653206136363484e-4,0.13813098660369566,0.23198364800990512,0.09385266140620946
W02000213,Neath Port Talbot 015,2021,0.14221078692658964,5.748915943496283e-4,0.10139843190484449,0.18958399033071568,0.0881855584258712
W02000213,Neath Port Talbot 015,2023,0.16959139447439714,8.182996672086493e-4,0.11825307451918216,0.23172214742316216,0.11346907290398
W02000213,Neath Port Talbot 015,2025,0.16789583922472393,7.648804014201892e-4,0.12025582633965724,0.22620042543586122,0.10594459909620398
W02000214,Neath Port Talbot 016,2021,0.1530638824701737,8.369701077561583e-4,0.10329212699313554,0.21094225362459273,0.10765012663145719
W02000214,Neath Port Talbot 016,2023,0.18127862296714287,0.0010945547873644392,0.12085690178208308,0.24171690167097215,0.12085999988888907
W02000214,Neath Port Talbot 016,2025,0.17929895797271078,0.0011056165231204493,0.12104281034431649,0.24765746511134037,0.12661465476702388
W02000215,Neath Port Talbot 017,2021,0.1511693603240355,8.231584430991012e-4,0.09872963126030507,0.20383358590997763,0.10510395464967257
W02000215,Neath Port Talbot 017,2023,0.17810864721988226,0.0010715481089446797,0.12017119063231363,0.24168694225112228,0.12151575161880865
W02000215,Neath Port Talbot 017,2025,0.17623133055804663,0.0010195106133396945,0.12158783693526168,0.23707041152459615,0.11548257458933447
W02000216,Neath Port Talbot 018,2021,0.15802790253958415,6.244168376302508e-4,0.1121204011245258,0.20952236605689048,0.09740196493236468
W02000216,Neath Port Talbot 018,2023,0.18588626433832875,8.411575524974154e-4,0.131700917894487,0.24648375552889032,0.1147828376344033
W02000216,Neath Port Talbot 018,2025,0.18342764899095715,8.077853271567242e-4,0.1342366271315077,0.24041571028511405,0.10617908315360636
W02000217,Neath Port Talbot 019,2021,0.14650242741427766,5.095183780428463e-4,0.10405736466325768,0.19091583248788624,0.08685846782462855
W02000217,Neath Port Talbot 019,2023,0.17317334434260254,7.331899735346005e-4,0.12198944445744359,0.22789356954864687,0.10590412509120328
W02000217,Neath Port Talbot 019,2025,0.17153357867694402,6.274264875535468e-4,0.12168600340461136,0.21683345529051037,0.09514745188589901
W02000218,Bridgend 001,2021,0.15620555579751913,5.654400769226016e-4,0.11309285498243589,0.20594358126234524,0.09285072627990935
W02000218,Bridgend 001,2023,0.18418172499874066,7.487763079422665e-4,0.13172563854437697,0.24735027263415166,0.11562463408977469
W02000218,Bridgend 001,2025,0.18169814671411136,7.305582084229369e-4,0.1339194403842941,0.23692576645853725,0.10300632607424315
W02000219,Bridgend 002,2021,0.16141143052738044,7.37498943876164e-4,0.1119426147174398,0.21686736195853518,0.10492474724109538
W02000219,Bridgend 002,2023,0.18936338824867596,9.925198111983978e-4,0.1337882727963492,0.2541081016048675,0.12031982880851833
W02000219,Bridgend 002,2025,0.1870975411351525,9.341041026389339e-4,0.1329976584844064,0.24810276541897575,0.11510510693456935
W02000220,Bridgend 003,2021,0.15186138741687463,6.501644938117605e-4,0.10524222196965896,0.21264249517751554,0.10740027320785658
W02000220,Bridgend 003,2023,0.17902917983343578,8.573980078307818e-4,0.12552625098906695,0.2383117858971076,0.11278553490804066
W02000220,Bridgend 003,2025,0.17637398004531618,7.56595243180643e-4,0.12553474588915176,0.236963558515616,0.11142881262646426
W02000221,Bridgend 004,2021,0.1602686228208149,6.759165104125266e-4,0.11183064919958563,0.21643057297000357,0.10459992377041794
W02000221,Bridgend 004,2023,0.1886975428880521,9.29759582431031e-4,0.13430581139111278,0.24921258812844116,0.11490677673732838
W02000221,Bridgend 004,2025,0.18513327856588596,8.607303054596584e-4,0.13406753961208037,0.2472982534310908,0.11323071381901043
W02000222,Bridgend 005,2021,0.15172792822843634,6.797496455551549e-4,0.10495867116479488,0.20949700372206587,0.10453833255727099
W02000222,Bridgend 005,2023,0.1785997656956186,8.404213115474628e-4,0.12843491420279757,0.2377818560566875,0.10934694185388993
W02000222,Bridgend 005,2025,0.17588290316695893,8.131935033531498e-4,0.12523684849687772,0.23361714725374855,0.10838029875687083
W02000223,Bridgend 006,2021,0.15243925952644033,5.83714826215917e-4,0.10765486833784552,0.20139531888675855,0.09374045054891303
W02000223,Bridgend 006,2023,0.17993885266703646,7.324008692588435e-4,0.12493896090052244,0.2339955359991387,0.10905657509861626
W02000223,Bridgend 006,2025,0.17612590739213782,6.958558001288199e-4,0.12384430728225934,0.22723946511486037,0.10339515783260103
W02000224,Bridgend 007,2021,0.16516239978779254,6.558468300802385e-4,0.11992211801876815,0.21434259121646979,0.09442047319770164
W02000224,Bridgend 007,2023,0.19417943159938628,8.302025322129506e-4,0.14312741053680617,0.252585120695274,0.10945771015846784
W02000224,Bridgend 007,2025,0.19041475205006556,8.017314247395465e-4,0.1364554987861334,0.2431897210566848,0.1067342222705514
W02000225,Bridgend 008,2021,0.154608723988977,6.336048576534078e-4,0.10798049935804108,0.2056702398406215,0.09768974048258042
W02000225,Bridgend 008,2023,0.18119217839969334,8.038501147787547e-4,0.12732560333216944,0.24013593548191337,0.11281033214974392
W02000225,Bridgend 008,2025,0.178877273077192,7.363619036952928e-4,0.12834264466158057,0.23470612252511913,0.10636347786353856
W02000226,Bridgend 009,2021,0.16273201805310236,6.525403990384188e-4,0.11895817066531303,0.21649629296472095,0.09753812229940792
W02000226,Bridgend 009,2023,0.19088840955997097,8.39792896092876e-4,0.14509074192099053,0.25286708296020677,0.10777634103921624
W02000226,Bridgend 009,2025,0.18837354950576407,7.962163628819065e-4,0.14135019921614972,0.24824142490345646,0.10689122568730675
W02000227,Bridgend 010,2021,0.16641909304671107,8.472845591693595e-4,0.10890536054882104,0.23539522391980547,0.12648986337098445
W02000227,Bridgend 010,2023,0.19584669014738765,0.0010463130023936334,0.13308433960142513,0.2685206824191743,0.1354363428177492
W02000227,Bridgend 010,2025,0.1925232245775019,0.0010051454114447054,0.13183314287185927,0.26384491529725607,0.1320117724253968
W02000228,Bridgend 011,2021,0.17692762602336087,7.878381021537071e-4,0.12939084758802502,0.23913675299242226,0.10974590540439724
W02000228,Bridgend 011,2023,0.20761217696138182,9.514028351425875e-4,0.14753133232715468,0.26991107567165973,0.12237974334450505
W02000228,Bridgend 011,2025,0.20302928965013256,9.087831474027196e-4,0.15028775256015098,0.2611728964606392,0.1108851439004882
W02000229,Bridgend 012,2021,0.16147655513220532,8.271313762602857e-4,0.1096713014435984,0.22623554180007877,0.11656424035648036
W02000229,Bridgend 012,2023,0.19001966576880847,0.0011253045533936444,0.1317814320405899,0.2630026615544892,0.1312212295138993
W02000229,Bridgend 012,2025,0.18790430228755892,0.0010188314592122622,0.12924515865369907,0.25825804373731764,0.12901288508361858
W02000230,Bridgend 013,2021,0.16164977162714456,6.980883468946852e-4,0.11492306932061781,0.21997403629966011,0.1050509669790423
W02000230,Bridgend 013,2023,0.19035419469435033,8.615100333760463e-4,0.13732902857111168,0.25042358854565905,0.11309455997454737
W02000230,Bridgend 013,2025,0.18747495381577503,8.036859662274678e-4,0.13617970428325027,0.24572549336697408,0.10954578908372381
W02000231,Bridgend 014,2021,0.18621854014570297,8.59746176535526e-4,0.13448509085443827,0.24798123159197885,0.11349614073754058
W02000231,Bridgend 014,2023,0.218846994529778,0.0011047126245574829,0.15622970452390256,0.2852221109615592,0.12899240643765664
W02000231,Bridgend 014,2025,0.21488526267864438,0.0010572238969537187,0.15515117976328976,0.28778249683455837,0.1326313170712686
W02000232,Bridgend 015,2021,0.1675000777626104,6.792446626185446e-4,0.12403943137026469,0.2189417061149037,0.09490227474463903
W02000232,Bridgend 015,2023,0.19623076453389837,8.199134074816309e-4,0.1493120890515214,0.2614865170169268,0.11217442796540542
W02000232,Bridgend 015,2025,0.1927796923897046,7.483701563508697e-4,0.14406636212960428,0.25056423942687633,0.10649787729727206
W02000233,Bridgend 016,2021,0.1718818842732232,9.457512808820957e-4,0.11849176111400833,0.2401041029832966,0.12161234186928827
W02000233,Bridgend 016,2023,0.2016006236538751,0.0012111137802457434,0.14218734505976688,0.2793358937753637,0.13714854871559684
W02000233,Bridgend 016,2025,0.19885191976096214,0.001105660366026473,0.13899555572153602,0.2703251540957473,0.1313295983742113
W02000234,Bridgend 017,2021,0.1869290655030383,0.0010769406495722954,0.1278613488739827,0.25266459018607,0.12480324131208731
W02000234,Bridgend 017,2023,0.2180381532581499,0.0013572607989500453,0.15647105421791518,0.2909722370397487,0.13450118282183354
W02000234,Bridgend 017,2025,0.21525698242723956,0.0012729094221409643,0.15098810508797028,0.28669046597719694,0.13570236088922666
W02000235,Bridgend 018,2021,0.16093015322903886,9.899433530318792e-4,0.10937382655116482,0.23633257455548842,0.1269587480043236
W02000235,Bridgend 018,2023,0.18928884050746198,0.0012612513006475144,0.1291364049158669,0.2674607926780129,0.13832438776214603
W02000235,Bridgend 018,2025,0.1860519717485838,0.0012041548118702928,0.12887033778444815,0.26665139577583763,0.13778105799138948
W02000236,Bridgend 019,2021,0.17354611384067237,9.94888296466348e-4,0.11860867535597998,0.24726495495014666,0.1286562795941667
W02000236,Bridgend 019,2023,0.20292588287750823,0.001266416120324694,0.14472366601300593,0.285322097355213,0.1405984313422071
W02000236,Bridgend 019,2025,0.19941512739177597,0.0011660104269196172,0.1391044778394983,0.2794852856605047,0.14038080782100637
W02000237,Vale of Glamorgan 001,2021,0.1648074259569966,7.246072861159495e-4,0.1145345388277732,0.226580972970713,0.1120464341429398
W02000237,Vale of Glamorgan 001,2023,0.1942128604226068,8.994976172145436e-4,0.13724571463030077,0.25674400436790057,0.1194982897375998
W02000237,Vale of Glamorgan 001,2025,0.19137742404001787,8.190165378473923e-4,0.1370525005944143,0.2533414511158138,0.11628895052139951
W02000238,Vale of Glamorgan 002,2021,0.15932623904764465,6.702146211150422e-4,0.11243362589029302,0.20990855691350174,0.09747493102320873
W02000238,Vale of Glamorgan 002,2023,0.18772845384609577,9.135469882357313e-4,0.13595552858761928,0.24876016207477153,0.11280463348715225
W02000238,Vale of Glamorgan 002,2025,0.1859833397014841,7.871080864013723e-4,0.13476555712530802,0.23811524869815087,0.10334969157284285
W02000239,Vale of Glamorgan 003,2021,0.1640784617054297,7.407427619497139e-4,0.1156140095117544,0.223146843058507,0.10753283354675258
W02000239,Vale of Glamorgan 003,2023,0.1944694673825597,9.265031419981046e-4,0.1415391273626121,0.2543995472805145,0.11286041991790241
W02000239,Vale of Glamorgan 003,2025,0.19119339666033738,8.547487028568381e-4,0.1420082159909773,0.253919304977019,0.11191108898604168
W02000240,Vale of Glamorgan 004,2021,0.18335921918079343,9.20782312766422e-4,0.1353031042802999,0.24965392556833357,0.11435082128803367
W02000240,Vale of Glamorgan 004,2023,0.21527507086266828,0.001206680826696858,0.15952657806366388,0.2901870511407813,0.13066047307711742
W02000240,Vale of Glamorgan 004,2025,0.2134423472431226,0.0011027606686202288,0.16107075072117583,0.2900901560048351,0.1290194052836593
W02000241,Vale of Glamorgan 005,2021,0.19507930147064906,0.0012408011895483429,0.13604864973424496,0.27621559802165674,0.14016694828741177
W02000241,Vale of Glamorgan 005,2023,0.22841138795940558,0.001644741596830931,0.15678662370981838,0.31812292005519927,0.16133629634538088
W02000241,Vale of Glamorgan 005,2025,0.22527320118498678,0.0014404841515208646,0.16038539509309796,0.3146432255598092,0.15425783046671127
W02000242,Vale of Glamorgan 006,2021,0.16986615472721778,8.048365976409128e-4,0.12062954044021158,0.2348440291565596,0.11421448871634803
W02000242,Vale of Glamorgan 006,2023,0.20029832395684571,0.0010362387821766987,0.14461044300760154,0.263742966106666,0.11913252309906444
W02000242,Vale of Glamorgan 006,2025,0.1980115377530834,9.065605661103995e-4,0.14405567562643556,0.25965833109122805,0.11560265546479248
W02000243,Vale of Glamorgan 007,2021,0.1678536042067917,8.722709594549884e-4,0.12143498831571042,0.23451834350419865,0.11308335518848822
W02000243,Vale of Glamorgan 007,2023,0.19686536963402967,0.0011650823421855178,0.13804010363993152,0.2698504229506263,0.13181031931069476
W02000243,Vale of Glamorgan 007,2025,0.1938344534734832,0.0010605687691033693,0.14016876347501356,0.2647813465029276,0.12461258302791406
W02000244,Vale of Glamorgan 008,2021,0.1651043228467966,7.357759955100539e-4,0.11818783447881978,0.22405275576219236,0.10586492128337258
W02000244,Vale of Glamorgan 008,2023,0.19559900949054856,0.0010119170154913352,0.13798537213044848,0.2672923570984065,0.129306984967958
W02000244,Vale of Glamorgan 008,2025,0.19312844922850778,8.362060361187094e-4,0.14017874055315255,0.251174660638809,0.11099592008565645
W02000245,Vale of Glamorgan 009,2021,0.1654475393973574,6.545497189451588e-4,0.11359603954947985,0.21574454292496187,0.10214850337548202
W02000245,Vale of Glamorgan 009,2023,0.19519533575675407,8.73495740141325e-4,0.1387704691019599,0.25316164806452945,0.11439117896256956
W02000245,Vale of Glamorgan 009,2025,0.19094341945792154,7.381574072597434e-4,0.13605314002046925,0.24434578712153793,0.10829264710106867
W02000246,Vale of Glamorgan 010,2021,0.16421655001389995,7.962059096365898e-4,0.11158114697349253,0.2225480531606983,0.11096690618720578
W02000246,Vale of Glamorgan 010,2023,0.19272699654084371,0.001048922838723416,0.13105650037601158,0.25888064280086603,0.12782414242485446
W02000246,Vale of Glamorgan 010,2025,0.19021402698010353,9.757705385778342e-4,0.13200250606692515,0.25633934954549664,0.12433684347857149
W02000247,Vale of Glamorgan 011,2021,0.1811129244738978,9.798702915329526e-4,0.13199513909625787,0.2536052902605835,0.12161015116432561
W02000247,Vale of Glamorgan 011,2023,0.21152359813204752,0.0012572206451216855,0.14826941645489022,0.2887379867779537,0.14046857032306348
W02000247,Vale of Glamorgan 011,2025,0.21070423490931944,0.0011453589912442464,0.1556412175754992,0.28341506981179354,0.12777385223629434
W02000248,Vale of Glamorgan 012,2021,0.19289044933857583,0.001238790041269172,0.13310754785058224,0.2681887050169082,0.135081157166326
W02000248,Vale of Glamorgan 012,2023,0.22551434583534757,0.0016095555523746234,0.15572399845787216,0.3123881753746558,0.15666417691678364
W02000248,Vale of Glamorgan 012,2025,0.22242067335383361,0.0014358085407465842,0.1578997388971436,0.30131472438300355,0.14341498548585996
W02000249,Vale of Glamorgan 013,2021,0.18792730511668293,0.0011607259325259267,0.12653400521752667,0.27181845825899165,0.14528445304146498
W02000249,Vale of Glamorgan 013,2023,0.21958622783624335,0.0014871707460893066,0.14757838887308775,0.3078447007528293,0.16026631187974158
W02000249,Vale of Glamorgan 013,2025,0.21702422460936463,0.0012942274731154665,0.1512506391767261,0.2934338978443536,0.1421832586676275
W02000250,Vale of Glamorgan 014,2021,0.1751797418547839,8.143422956375168e-4,0.1264605846473125,0.23591567073110645,0.10945508608379395
W02000250,Vale of Glamorgan 014,2023,0.20437019801939962,9.802239689049672e-4,0.1488687867302504,0.2702584847353872,0.12138969800513683
W02000250,Vale of Glamorgan 014,2025,0.2002947643258876,9.022181544519879e-4,0.14865894834014193,0.2593522920215605,0.11069334368141859
W02000251,Vale of Glamorgan 015,2021,0.17557001455103108,6.421097172006722e-4,0.1287536126073409,0.23102199301479487,0.10226838040745398
W02000251,Vale of Glamorgan 015,2023,0.2060425602454459,8.688083213531857e-4,0.15244799865708336,0.27329903762193186,0.1208510389648485
W02000251,Vale of Glamorgan 015,2025,0.2029497555153482,7.088776842798192e-4,0.1530503449344761,0.2609880157930599,0.1079376708585838
W02000252,Rhondda Cynon Taf 001,2021,0.1268156744298262,3.7859830220107976e-4,0.08875499588651098,0.17052304545981278,0.0817680495733018
W02000252,Rhondda Cynon Taf 001,2023,0.15064751844037783,4.6156892754849454e-4,0.1085157340289066,0.1942194256244017,0.0857036915954951
W02000252,Rhondda Cynon Taf 001,2025,0.1497644863598543,4.4800715462753413e-4,0.10763100308007198,0.19872018963338267,0.09108918655331069
W02000253,Rhondda Cynon Taf 002,2021,0.13066917575919718,4.5685037679062335e-4,0.08765626624577694,0.17752604331695593,0.08986977707117899
W02000253,Rhondda Cynon Taf 002,2023,0.1545155953615277,6.319856473763497e-4,0.10880980313199522,0.20686605475373143,0.09805625162173622
W02000253,Rhondda Cynon Taf 002,2025,0.1521469862942437,5.872486458607742e-4,0.10832309498785003,0.19906358536878566,0.09074049038093562
W02000254,Rhondda Cynon Taf 003,2021,0.13480814574238834,4.3526958195149986e-4,0.09927052805124621,0.17362347360262143,0.07435294555137521
W02000254,Rhondda Cynon Taf 003,2023,0.16045957978050038,5.793645804950027e-4,0.11874850069854509,0.20970494559880665,0.09095644490026156
W02000254,Rhondda Cynon Taf 003,2025,0.15750692305278186,5.454142305453154e-4,0.11576486341472908,0.2016287454619058,0.08586388204717671
W02000255,Rhondda Cynon Taf 004,2021,0.13636354272396048,4.7591128000508024e-4,0.09465060082654772,0.18070443556700946,0.08605383474046174
W02000255,Rhondda Cynon Taf 004,2023,0.16266042769837663,6.267693414086379e-4,0.11776274977027276,0.2129277550190582,0.09516500524878543
W02000255,Rhondda Cynon Taf 004,2025,0.16046752392117525,5.780972460855599e-4,0.11596131418467226,0.21111712241803485,0.09515580823336259
W02000256,Rhondda Cynon Taf 005,2021,0.1440289330872528,5.015843893844005e-4,0.10578545570211283,0.19450134597991892,0.08871589027780609
W02000256,Rhondda Cynon Taf 005,2023,0.17029842668819228,5.768301185226867e-4,0.12504471466616643,0.2165310836760586,0.09148636900989218
W02000256,Rhondda Cynon Taf 005,2025,0.1679871049490752,5.764680661117549e-4,0.12626136869495053,0.22162892456940675,0.09536755587445622
W02000257,Rhondda Cynon Taf 006,2021,0.13995868184017024,4.1101814636711133e-4,0.10415119730205943,0.18122876023860343,0.077077562936544
W02000257,Rhondda Cynon Taf 006,2023,0.16646432439695752,5.637382097181107e-4,0.11659614280418032,0.2139717251310406,0.09737558232686028
W02000257,Rhondda Cynon Taf 006,2025,0.16387187632388353,4.959548488939961e-4,0.12215703411539525,0.21068548208331378,0.08852844796791853
W02000258,Rhondda Cynon Taf 007,2021,0.13534626724411078,4.836803580957042e-4,0.09181091518375589,0.17529658359503342,0.08348566841127752
W02000258,Rhondda Cynon Taf 007,2023,0.15876301603843337,5.802166409036154e-4,0.10913264308124374,0.20578137251554782,0.09664872943430408
W02000258,Rhondda Cynon Taf 007,2025,0.15640149746005033,5.71333858923239e-4,0.10465821093267483,0.20245862067071574,0.09780040973804091
W02000259,Rhondda Cynon Taf 008,2021,0.14086448151401876,6.626261451663692e-4,0.09304105779637728,0.19287410159458931,0.09983304379821203
W02000259,Rhondda Cynon Taf 008,2023,0.16736048419501207,8.548400992458208e-4,0.11320864940487557,0.2277344258125545,0.11452577640767891
W02000259,Rhondda Cynon Taf 008,2025,0.16507451831876305,7.969519738329744e-4,0.11384662736239556,0.2236272208974326,0.10978059353503702
W02000260,Rhondda Cynon Taf 009,2021,0.14331575068236,6.46732437725935e-4,0.10379523706713023,0.20773747247696628,0.10394223540983605
W02000260,Rhondda Cynon Taf 009,2023,0.16957917347618512,8.17832974346357e-4,0.12603800988576178,0.23749870684998453,0.11146069696422276
W02000260,Rhondda Cynon Taf 009,2025,0.16700251950237255,7.547530369949838e-4,0.12488151073118264,0.23199245955000214,0.1071109488188195
W02000261,Rhondda Cynon Taf 010,2021,0.12655219144694368,5.60043218112953e-4,0.08179710344012066,0.17826388691939365,0.096466783479273
W02000261,Rhondda Cynon Taf 010,2023,0.1509045719605974,7.51641695967426e-4,0.10348978386963566,0.2102727286518924,0.10678294478225674
W02000261,Rhondda Cynon Taf 010,2025,0.14785551859599733,7.270412873150513e-4,0.1017360350539912,0.2070282836226316,0.10529224856864039
W02000262,Rhondda Cynon Taf 011,2021,0.12614146874060422,5.69178934089097e-4,0.0895361071107176,0.17975053540018504,0.09021442828946744
W02000262,Rhondda Cynon Taf 011,2023,0.150389755322773,8.230656821011292e-4,0.10579341717412835,0.2067879144131572,0.10099449723902884
W02000262,Rhondda Cynon Taf 011,2025,0.1487128998884702,7.559387022949234e-4,0.10554122825837427,0.20615691761745025,0.10061568935907599
W02000263,Rhondda Cynon Taf 012,2021,0.14516569070402238,5.702072083864462e-4,0.10652326369505277,0.19391977518421583,0.08739651148916305
W02000263,Rhondda Cynon Taf 012,2023,0.1704617747831608,7.383709596113676e-4,0.127626848655261,0.2297353653818046,0.10210851672654361
W02000263,Rhondda Cynon Taf 012,2025,0.1676911934009994,6.922419425092672e-4,0.1243212556314128,0.22619140904677157,0.10187015341535877
W02000264,Rhondda Cynon Taf 013,2021,0.14582966208979162,5.350767465081033e-4,0.10398080316806207,0.19734766315860452,0.09336685999054245
W02000264,Rhondda Cynon Taf 013,2023,0.17134715731238315,6.725475354863872e-4,0.1253357096034734,0.22369389249688038,0.09835818289340698
W02000264,Rhondda Cynon Taf 013,2025,0.16983365708431125,6.640075867496461e-4,0.12525472845480987,0.22127883533085796,0.0960241068760481
W02000265,Rhondda Cynon Taf 014,2021,0.14342077480080825,5.505879870648785e-4,0.10182530898189775,0.1940885063392918,0.09226319735739406
W02000265,Rhondda Cynon Taf 014,2023,0.1689570490182142,7.628134220720165e-4,0.11558593320302601,0.23023215507256256,0.11464622186953655
W02000265,Rhondda Cynon Taf 014,2025,0.16610553755017438,7.028042186372411e-4,0.11717025325315443,0.22568715934562517,0.10851690609247074
W02000266,Rhondda Cynon Taf 015,2021,0.15095464267576317,6.070177057564211e-4,0.1106444671815191,0.20447895832532517,0.09383449114380607
W02000266,Rhondda Cynon Taf 015,2023,0.1785766677844063,7.342549767123756e-4,0.13034087768593036,0.2343941753731645,0.10405329768723415
W02000266,Rhondda Cynon Taf 015,2025,0.17581509699776668,6.713740768088537e-4,0.13286262085085365,0.23313463027381284,0.10027200942295919
W02000267,Rhondda Cynon Taf 016,2021,0.144027133653842,6.690051553819607e-4,0.09667593597932667,0.20121406312436219,0.10453812714503552
W02000267,Rhondda Cynon Taf 016,2023,0.1706225000318827,9.034081340262788e-4,0.11220846284589257,0.23391262273706445,0.12170415989117188
W02000267,Rhondda Cynon Taf 016,2025,0.16871722148003007,8.551821347162511e-4,0.11226228867422729,0.22910886724768043,0.11684657857345314
W02000268,Rhondda Cynon Taf 017,2021,0.144174027981201,5.600941221901389e-4,0.10254873756876545,0.1918726179497559,0.08932388038099046
W02000268,Rhondda Cynon Taf 017,2023,0.1710903818287375,6.976903354104301e-4,0.12596978487957375,0.22400055275244846,0.09803076787287471
W02000268,Rhondda Cynon Taf 017,2025,0.16884364697193482,6.451715195979752e-4,0.12358326599055094,0.21914278722311614,0.0955595212325652
W02000269,Rhondda Cynon Taf 018,2021,0.13990321226385338,5.99580454394018e-4,0.09243937848859368,0.19757884984064716,0.10513947135205348
W02000269,Rhondda Cynon Taf 018,2023,0.16544748039671975,8.074159530996554e-4,0.11581904781981003,0.22781633102857632,0.11199728320876629
W02000269,Rhondda Cynon Taf 018,2025,0.16303252577246427,7.57103372203976e-4,0.11189589212319595,0.22496916753815166,0.11307327541495571
W02000270,Rhondda Cynon Taf 019,2021,0.14332591491208418,5.450176199047162e-4,0.09889882062810021,0.19234803306534376,0.09344921243724355
W02000270,Rhondda Cynon Taf 019,2023,0.16937883115601748,7.497660901783042e-4,0.11957837332763442,0.22617549507270285,0.10659712174506843
W02000270,Rhondda Cynon Taf 019,2025,0.1663878464835686,6.477513974867684e-4,0.11859889395456867,0.2212091329162757,0.10261023896170703
W02000271,Rhondda Cynon Taf 020,2021,0.1441057150859654,5.874299749051942e-4,0.09700993636502828,0.19096621290123839,0.09395627653621011
W02000271,Rhondda Cynon Taf 020,2023,0.16984192643608895,7.671282222285368e-4,0.11412451912848728,0.22043236786620068,0.1063078487377134
W02000271,Rhondda Cynon Taf 020,2025,0.16784558057267177,7.409282426279519e-4,0.1160306966737315,0.2234903616904842,0.10745966501675269
W02000272,Rhondda Cynon Taf 021,2021,0.15407817611212513,4.915031327671232e-4,0.11569989516957976,0.2022484721609808,0.08654857699140103
W02000272,Rhondda Cynon Taf 021,2023,0.18172095943914526,5.651267673254467e-4,0.13605880892086647,0.23534720062392575,0.09928839170305928
W02000272,Rhondda Cynon Taf 021,2025,0.17887262693684602,5.125406740315657e-4,0.13873549883324454,0.22805889739637458,0.08932339856313004
W02000273,Rhondda Cynon Taf 022,2021,0.17935410954418904,0.0011343615449565655,0.12242956167480926,0.2610212450014623,0.13859168332665303
W02000273,Rhondda Cynon Taf 022,2023,0.20665114886325414,0.0013698262442806495,0.1440263791090421,0.28005493326694675,0.13602855415790466
W02000273,Rhondda Cynon Taf 022,2025,0.2009331823995192,0.0012394384241295213,0.1416136066049427,0.2803667339766984,0.1387531273717557
W02000274,Rhondda Cynon Taf 023,2021,0.149446592446002,6.484671286565619e-4,0.10704092992589903,0.19705832872921303,0.090017398803314
W02000274,Rhondda Cynon Taf 023,2023,0.1760784435279578,8.134876614941445e-4,0.12826801153174366,0.23894149033974854,0.11067347880800488
W02000274,Rhondda Cynon Taf 023,2025,0.1729368717960334,7.406621632191375e-4,0.12763307247055164,0.227375802099597,0.09974272962904537
W02000275,Rhondda Cynon Taf 024,2021,0.1458280757454406,5.603786660806833e-4,0.10179110091838475,0.20043813285628395,0.0986470319378992
W02000275,Rhondda Cynon Taf 024,2023,0.1737963533805723,6.957832028872111e-4,0.12359585753456317,0.2244048521316076,0.10080899459704443
W02000275,Rhondda Cynon Taf 024,2025,0.1704031372380887,6.516402580419026e-4,0.1204052665128015,0.22495991001744542,0.10455464350464391
W02000276,Rhondda Cynon Taf 025,2021,0.14444962142565157,5.58120293788038e-4,0.09920265915593099,0.1950283698662405,0.09582571071030951
W02000276,Rhondda Cynon Taf 025,2023,0.17157969436690243,6.839304455902568e-4,0.12516801943955844,0.2258900880673002,0.10072206862774177
W02000276,Rhondda Cynon Taf 025,2025,0.16902806169005785,6.311508166090273e-4,0.12227858118234533,0.21912047009809762,0.0968418889157523
W02000277,Rhondda Cynon Taf 026,2021,0.15561425699813114,6.222621963531288e-4,0.11174976652901489,0.20732345664059287,0.09557369011157799
W02000277,Rhondda Cynon Taf 026,2023,0.18371721359824458,8.052625545517643e-4,0.1355294243989977,0.24394521049575058,0.10841578609675287
W02000277,Rhondda Cynon Taf 026,2025,0.17972406650705003,6.790101897468765e-4,0.13155788440442423,0.2326060210794064,0.10104813667498216
W02000278,Rhondda Cynon Taf 027,2021,0.1509554234151396,5.39384027998156e-4,0.11004907189007487,0.20026123363706674,0.09021216174699187
W02000278,Rhondda Cynon Taf 027,2023,0.178665271285122,6.81560182460468e-4,0.13165213515247987,0.2367901164263269,0.10513798127384705
W02000278,Rhondda Cynon Taf 027,2025,0.17562965656975432,6.26054697263808e-4,0.13133386940777042,0.23065978588905536,0.09932591648128494
W02000279,Rhondda Cynon Taf 028,2021,0.15460307655580005,7.037170215984794e-4,0.10799047522048824,0.2118029418861145,0.10381246666562627
W02000279,Rhondda Cynon Taf 028,2023,0.18233247091277122,8.831115539902462e-4,0.1294115207532742,0.24291594732473037,0.11350442657145618
W02000279,Rhondda Cynon Taf 028,2025,0.1794959944001421,8.355045653099414e-4,0.13040449545070737,0.24071302432606623,0.11030852887535886
W02000280,Rhondda Cynon Taf 029,2021,0.15871780335803815,0.00064829539313124795,0.10738485336470253,0.21049227845568858,0.10310742509098604
W02000280,Rhondda Cynon Taf 029,2023,0.18786909167765625,8.327038769818035e-4,0.13373831247933637,0.24548134454273166,0.11174303206339528
W02000280,Rhondda Cynon Taf 029,2025,0.18447565385937761,8.16827732513989e-4,0.1282459831025348,0.24286893108353247,0.11462294798099767
W02000281,Rhondda Cynon Taf 030,2021,0.14945494257851186,5.052998911650162e-4,0.10955810793636787,0.19320929892057484,0.08365119098420697
W02000281,Rhondda Cynon Taf 030,2023,0.1775748945298292,6.605142748197163e-4,0.13153746301164193,0.22701424711836676,0.09547678410672483
W02000281,Rhondda Cynon Taf 030,2025,0.17535706723915873,6.094374283227719e-4,0.13019823373185588,0.22661147928761877,0.09641324555576289
W02000282,Rhondda Cynon Taf 031,2021,0.1548222663754351,5.670208244418024e-4,0.11164328396019735,0.20004357924718946,0.08840029528699211
W02000282,Rhondda Cynon Taf 031,2023,0.18433820074890445,7.094300565131337e-4,0.1329043288468509,0.23369302419386956,0.10078869534701865
W02000282,Rhondda Cynon Taf 031,2025,0.18168085189875346,6.788847824666845e-4,0.13281348413052033,0.23211370229668293,0.09930021816616261
W02000284,Merthyr Tydfil 002,2021,0.13493084865458813,4.209543458209007e-4,0.0909703038186698,0.17635817374624013,0.08538786992757033
W02000284,Merthyr Tydfil 002,2023,0.16002860376354203,5.443242398873497e-4,0.10946360932200852,0.2045335934749884,0.09506998415297988
W02000284,Merthyr Tydfil 002,2025,0.15688625845622833,5.206413174355957e-4,0.11021436287465336,0.20224777161054264,0.09203340873588928
W02000285,Merthyr Tydfil 003,2021,0.1323816797799111,3.776296030018367e-4,0.09983001114317608,0.17086193331060529,0.0710319221674292
W02000285,Merthyr Tydfil 003,2023,0.156851141787984,4.718441073759396e-4,0.12091490623578668,0.19885716517606167,0.07794225894027498
W02000285,Merthyr Tydfil 003,2025,0.15487971393238606,4.497152060445984e-4,0.12036430269758627,0.19639504122272416,0.07603073852513789
W02000286,Merthyr Tydfil 004,2021,0.16440288099537229,8.43264477173554e-4,0.11466733834750939,0.23095295762411353,0.11628561927660414
W02000286,Merthyr Tydfil 004,2023,0.19414478220074108,0.0010569707750557591,0.13729848512628573,0.2612070802988077,0.12390859517252195
W02000286,Merthyr Tydfil 004,2025,0.19158876680844117,0.0010341442800648464,0.13800585623847486,0.25879337233534905,0.12078751609687419
W02000287,Merthyr Tydfil 005,2021,0.16233216936758418,6.040066377579205e-4,0.12234337442484818,0.2191683424673601,0.09682496804251194
W02000287,Merthyr Tydfil 005,2023,0.19107618390202571,7.816188031523462e-4,0.1415977908429022,0.25063682532112536,0.10903903447822316
W02000287,Merthyr Tydfil 005,2025,0.18837960675265636,7.629365914754032e-4,0.13589621323383538,0.25121694375901416,0.11532073052517877
W02000288,Merthyr Tydfil 006,2021,0.14257299520923908,4.2025302427312186e-4,0.10425663756017944,0.18761668509663998,0.08336004753646054
W02000288,Merthyr Tydfil 006,2023,0.16914481932795986,5.704571700888341e-4,0.12426779048060456,0.22296110923543644,0.09869331875483188
W02000288,Merthyr Tydfil 006,2025,0.16583067326643267,5.092821971824223e-4,0.12209739553415175,0.2172365202543075,0.09513912472015576
W02000289,Merthyr Tydfil 007,2021,0.14301952864721107,4.6289375268636856e-4,0.1060437131892476,0.19077676230390417,0.08473304911465657
W02000289,Merthyr Tydfil 007,2023,0.16875390561381187,6.282262743006945e-4,0.12488826721437216,0.22739443888959282,0.10250617167522066
W02000289,Merthyr Tydfil 007,2025,0.16544544118252283,5.827059155612807e-4,0.12291460864838367,0.22570893271525388,0.10279432406687021
W02000290,Caerphilly 001,2021,0.14713425040670308,5.742998495360692e-4,0.10931082240063447,0.20583961293655337,0.0965287905359189
W02000290,Caerphilly 001,2023,0.1734820608863673,7.015870941149634e-4,0.1321048682290562,0.23506049287884584,0.10295562464978963
W02000290,Caerphilly 001,2025,0.17052011174877252,7.046616645272511e-4,0.12989571449246137,0.2348329550161815,0.10493724052372014
W02000291,Caerphilly 002,2021,0.14417256665905137,5.412119308600183e-4,0.10709358438094173,0.19218830986289787,0.08509472548195614
W02000291,Caerphilly 002,2023,0.17062041820261425,6.652375874968086e-4,0.12351346740937993,0.2237940197048021,0.10028055229542215
W02000291,Caerphilly 002,2025,0.16890635170996332,6.592289272323673e-4,0.12338708443691467,0.21951401954658034,0.09612693510966568
W02000292,Caerphilly 003,2021,0.13740426387466625,4.8271796957348787e-4,0.09722716308934556,0.18923511298958418,0.09200794990023861
W02000292,Caerphilly 003,2023,0.16289421731888307,6.74646678856505e-4,0.11786775652324778,0.22084790832516799,0.1029801518019202
W02000292,Caerphilly 003,2025,0.16106664961928677,6.160821271081955e-4,0.11800378909612816,0.21954628591623676,0.1015424968201086
W02000293,Caerphilly 004,2021,0.14266964626807338,6.571491993897777e-4,0.09462671687237444,0.1939872335839123,0.09936051671153785
W02000293,Caerphilly 004,2023,0.16716850709256306,8.430577131871129e-4,0.11375313424331351,0.22013058156870888,0.10637744732539536
W02000293,Caerphilly 004,2025,0.1646273565649654,7.828674078015895e-4,0.11398511820392129,0.22157764553914228,0.10759252733522098
W02000294,Caerphilly 005,2021,0.13865780031337024,4.591673850725706e-4,0.09803710109083569,0.18337006593489835,0.08533296484406266
W02000294,Caerphilly 005,2023,0.16470460806828827,6.087667450736692e-4,0.12313381153941544,0.21643390473896273,0.0933000931995473
W02000294,Caerphilly 005,2025,0.16146213696399558,5.459499898685987e-4,0.12235801615832946,0.2129798003512294,0.09062178419289994
W02000295,Caerphilly 006,2021,0.1303152867323639,4.5283626565616284e-4,0.09768239549906355,0.18142660567854732,0.08374421017948377
W02000295,Caerphilly 006,2023,0.15503551565048002,5.591066158819548e-4,0.117021623662391,0.20530893465979766,0.088287310997406665
W02000295,Caerphilly 006,2025,0.15317035988891478,5.638571498466234e-4,0.11668347218977113,0.2093163948128659,0.09263292262309478
W02000296,Caerphilly 007,2021,0.1427744362604223,4.907793075244963e-4,0.10502412669371657,0.1872455472470247,0.08222142055330812
W02000296,Caerphilly 007,2023,0.16830320106995356,6.829598324762065e-4,0.12304700616136532,0.22051428042418653,0.0974672742628212
W02000296,Caerphilly 007,2025,0.16572077907483146,6.353780410123627e-4,0.12287389137258642,0.21407869410114308,0.09120480272855666
W02000297,Caerphilly 008,2021,0.1397646914211868,4.378854521613855e-4,0.10401159563444591,0.17911857240285362,0.0751069767684077
W02000297,Caerphilly 008,2023,0.16420461784652815,5.381109756687051e-4,0.12401438367792435,0.2111091877857636,0.08709480410783925
W02000297,Caerphilly 008,2025,0.16120712231831255,5.318907734615921e-4,0.1177346542574652,0.20386592509830498,0.08613127084083978
W02000298,Caerphilly 009,2021,0.13247493559874923,4.5035098899747503e-4,0.09561401112215125,0.17837943913966053,0.08276542801750929
W02000298,Caerphilly 009,2023,0.15647599315359928,6.076592410025733e-4,0.11374386713651363,0.20769584761494944,0.09395198047843581
W02000298,Caerphilly 009,2025,0.154411926884397,5.638949835390773e-4,0.11334941404619117,0.2064692643549466,0.09311985030875544
W02000299,Caerphilly 010,2021,0.14022543284249975,6.856495630729095e-4,0.09789311598837255,0.20272616280660577,0.10483304681823322
W02000299,Caerphilly 010,2023,0.16595327661762588,9.716219829509623e-4,0.11521322396223471,0.2282457861198351,0.11303256215760038
W02000299,Caerphilly 010,2025,0.1637802942390402,8.89999443536704e-4,0.11599479639670587,0.225562470169286,0.10956767377258012
W02000300,Caerphilly 011,2021,0.13237783969177674,5.165335942913387e-4,0.09048977551186366,0.18438037714864547,0.09389060163678181
W02000300,Caerphilly 011,2023,0.15650223491725948,6.523667976094084e-4,0.11117652932968577,0.21342886340605066,0.10225233407636489
W02000300,Caerphilly 011,2025,0.15410747224360974,6.32545412920349e-4,0.112259146493846,0.20828009418137455,0.09602094768752856
W02000301,Caerphilly 012,2021,0.13385261157785128,4.666262315942359e-4,0.094483263638187015,0.17673974090844213,0.08225647727025512
W02000301,Caerphilly 012,2023,0.1576224404566344,5.951202503560347e-4,0.11461317335969973,0.2078343573256382,0.09322118396593848
W02000301,Caerphilly 012,2025,0.1559664627703997,5.440364319245076e-4,0.11368584376326449,0.2010296929485198,0.08734384918525531
W02000302,Caerphilly 013,2021,0.1414881482735175,5.151302974037989e-4,0.10295240373773992,0.18917208010094289,0.08621967636320296
W02000302,Caerphilly 013,2023,0.16746681799775762,6.601184298650932e-4,0.12309649074349807,0.22388919961269013,0.10079270886919206
W02000302,Caerphilly 013,2025,0.16479954559323715,5.831148368770162e-4,0.12483847275648174,0.21975980631099884,0.0949213335545171
W02000303,Caerphilly 014,2021,0.1302641142310919,4.3945055106799297e-4,0.09356610841660581,0.1798584854593878,0.08629237704278198
W02000303,Caerphilly 014,2023,0.15399965694921391,5.651894354844688e-4,0.11518770448694676,0.20099218519945988,0.08580448071251312
W02000303,Caerphilly 014,2025,0.15182055760844054,5.302522462099457e-4,0.11161870615346159,0.19994610353084857,0.08832739737738698
W02000304,Caerphilly 015,2021,0.13022597551701448,4.346910148703906e-4,0.0904781260050308,0.1747508003966401,0.08427267439160929
W02000304,Caerphilly 015,2023,0.1534249281881662,4.829156703787313e-4,0.11461017161293367,0.19360101805898422,0.07899084644605055
W02000304,Caerphilly 015,2025,0.1512283598503173,4.5596160638199074e-4,0.11275009547049836,0.1916736740098256,0.07892357853932724
W02000305,Caerphilly 016,2021,0.1342660813000422,0.00064251161221923995,0.09046592741822859,0.18830598566618312,0.09784005824795453
W02000305,Caerphilly 016,2023,0.15936228446816475,8.714189948097898e-4,0.1107908535602146,0.22444291294301472,0.11365205938280011
W02000305,Caerphilly 016,2025,0.15707145288921961,8.533976121440697e-4,0.10804709065641518,0.22143333849094832,0.11338624783453313
W02000306,Caerphilly 017,2021,0.13518215140001924,5.422631755778699e-4,0.09730523635362959,0.1846100153998923,0.08730477904626271
W02000306,Caerphilly 017,2023,0.16024743385295726,6.261514674197886e-4,0.11213040507844635,0.21645286380515658,0.10432245872671023
W02000306,Caerphilly 017,2025,0.15860294330970848,6.390892234906931e-4,0.11369432687638037,0.21037782653153786,0.09668349965515749
W02000307,Caerphilly 018,2021,0.16095346061751728,6.925541603579116e-4,0.11352077029561429,0.21697901706044764,0.10345824676483335
W02000307,Caerphilly 018,2023,0.18941897973777505,8.381753546650954e-4,0.13866430610470298,0.24653377772743726,0.10786947162273428
W02000307,Caerphilly 018,2025,0.18688098272836595,7.531785432793799e-4,0.13959140328310132,0.24061878628471176,0.10102738300161043
W02000308,Caerphilly 019,2021,0.14096998999015278,5.485089530996435e-4,0.09842494288402984,0.1887286537538743,0.09030371086984446
W02000308,Caerphilly 019,2023,0.1666143522607219,6.342707409849407e-4,0.12373347713915228,0.2187837763607816,0.09505029922162933
W02000308,Caerphilly 019,2025,0.16520558532575072,6.169363886482136e-4,0.1210611906116786,0.21391853579429368,0.09285734518261508
W02000309,Caerphilly 020,2021,0.14437700467705206,6.013505228159557e-4,0.10030837559350828,0.19766252506729998,0.0973541494737917
W02000309,Caerphilly 020,2023,0.1703672887736861,7.593039852460376e-4,0.12239424066388588,0.22970758841092354,0.10731334774703766
W02000309,Caerphilly 020,2025,0.16903225710945888,7.02431834379618e-4,0.12203507536604222,0.22301740395552128,0.10098232858947906
W02000310,Caerphilly 021,2021,0.1409579966530389,5.719182024447146e-4,0.09802515240547179,0.18613205398033045,0.08810690157485866
W02000310,Caerphilly 021,2023,0.16486739881978166,6.599945170553924e-4,0.11653944756518289,0.22015137833770848,0.10361193077252559
W02000310,Caerphilly 021,2025,0.16174541428506148,6.078336874578789e-4,0.11714573824501112,0.212917963189781,0.09577222494476989
W02000311,Caerphilly 022,2021,0.15065090666119416,6.957277624127566e-4,0.10277319785376346,0.20878376328452253,0.10601056543075907
W02000311,Caerphilly 022,2023,0.17698621194005415,8.114381066360853e-4,0.12722826059297404,0.2276658804700471,0.10043761987707306
W02000311,Caerphilly 022,2025,0.1753588245956871,7.707526046933804e-4,0.12388644859123552,0.2279802139326769,0.10409376534144138
W02000312,Caerphilly 023,2021,0.14792624055554618,6.157650773267461e-4,0.10341335670243096,0.1981324471468683,0.09471909044443735
W02000312,Caerphilly 023,2023,0.17433956732269631,7.519650409840345e-4,0.12442691299151609,0.22825697134731876,0.10383005835580267
W02000312,Caerphilly 023,2025,0.17246798838354063,7.281590921094557e-4,0.12358146322061077,0.22562494928508497,0.1020434860644742
W02000313,Caerphilly 024,2021,0.15549646512898027,6.809716413274448e-4,0.10909776647200553,0.20768895765734496,0.09859119118533943
W02000313,Caerphilly 024,2023,0.18286004073487233,8.673578840246472e-4,0.1311978990034138,0.24503999928008288,0.11384210027666908
W02000313,Caerphilly 024,2025,0.18062787625641014,7.797522358578986e-4,0.13125790592185924,0.23546729772939975,0.10420939180754052
W02000314,Blaenau Gwent 001,2021,0.11439207319103185,4.037902106614705e-4,0.07607366140239649,0.1539655551150968,0.0778918937127003
W02000314,Blaenau Gwent 001,2023,0.1362095150632611,5.311549655538411e-4,0.09104867281774448,0.18148824844150618,0.0904395756237617
W02000314,Blaenau Gwent 001,2025,0.13435542478950036,5.202267385904468e-4,0.09111494932125008,0.17839135816734653,0.08727640884609644
W02000315,Blaenau Gwent 002,2021,0.12341772822665224,5.695422022239535e-4,0.08122277403420623,0.17431979659972266,0.09309702256551643
W02000315,Blaenau Gwent 002,2023,0.14630056527844965,7.448371869841257e-4,0.09796241525062403,0.20518975261017328,0.10722733735954924
W02000315,Blaenau Gwent 002,2025,0.14511994178094906,7.311059701134768e-4,0.09690275892365639,0.20352641403528476,0.10662365511162837
W02000316,Blaenau Gwent 003,2021,0.12288261414531296,4.028984315637193e-4,0.08740112284613291,0.16913513740680564,0.08173401456067272
W02000316,Blaenau Gwent 003,2023,0.14618479528665,5.1561670680059e-4,0.1044129592217462,0.19378357008488745,0.08937061086314124
W02000316,Blaenau Gwent 003,2025,0.14367583937504724,4.8148117871422096e-4,0.10595211223620077,0.18944595665896385,0.08349384442276309
W02000317,Blaenau Gwent 004,2021,0.12541682488335767,3.9924990763080944e-4,0.08837774744779509,0.163781295663194,0.07540354821539891
W02000317,Blaenau Gwent 004,2023,0.14824450849113288,5.278741939613565e-4,0.10188154903469572,0.19215015699654978,0.09026860796185406
W02000317,Blaenau Gwent 004,2025,0.1451107473431008,4.982059377510242e-4,0.10330384978710386,0.18758289238970394,0.08427904260260008
W02000318,Blaenau Gwent 005,2021,0.11924322033690954,4.072695016972561e-4,0.08418529622087832,0.16313526374147264,0.07894996752059431
W02000318,Blaenau Gwent 005,2023,0.14186989448278128,5.770752806616098e-4,0.10321521342371046,0.19465609735850034,0.09144088393478988
W02000318,Blaenau Gwent 005,2025,0.1403655423311331,5.186477281851375e-4,0.1021747020005944,0.18741967744850216,0.08524497544790775
W02000319,Blaenau Gwent 006,2021,0.13003507534753694,3.700073410131585e-4,0.09469998998297456,0.1720721075802344,0.07737211759725983
W02000319,Blaenau Gwent 006,2023,0.15406169746445472,4.88799064920627e-4,0.1133168918643166,0.20279775586811674,0.08948086400380015
W02000319,Blaenau Gwent 006,2025,0.15164665121298226,4.5698460845224655e-4,0.1133684171285077,0.1998159012249177,0.08644748409641001
W02000320,Blaenau Gwent 007,2021,0.1266313493436768,3.6869771808746755e-4,0.09099820919299395,0.16312333211631125,0.0721251229233173
W02000320,Blaenau Gwent 007,2023,0.1496718477039276,4.650307698846832e-4,0.1077966795683293,0.193893914856375,0.08609723528804569
W02000320,Blaenau Gwent 007,2025,0.14639863530626665,4.375727797579182e-4,0.10645165403525458,0.18370647407977828,0.07725482004452369
W02000321,Blaenau Gwent 008,2021,0.11450917654384464,0.00041309861885331514,0.07481842297034527,0.15574359082267797,0.0809251678523327
W02000321,Blaenau Gwent 008,2023,0.13652062246901622,5.268915719818715e-4,0.09386322213711895,0.17983222638886515,0.0859690042517462
W02000321,Blaenau Gwent 008,2025,0.1341409917521079,5.163294823245871e-4,0.08888001179968466,0.18057626869849167,0.091696256898807
W02000322,Blaenau Gwent 009,2021,0.13149657930661623,4.4884907836572344e-4,0.09497125128529434,0.17881690004381717,0.08384564875852284
W02000322,Blaenau Gwent 009,2023,0.15566941226844036,5.770574815000266e-4,0.11269198003096055,0.2155952095476858,0.10290322951672524
W02000322,Blaenau Gwent 009,2025,0.15450245080468902,5.332043435119391e-4,0.11551577746383468,0.20785458220013225,0.09233880473629758
W02000323,Torfaen 001,2021,0.11976124167441488,4.376502168082636e-4,0.08356033458407544,0.15971171093672526,0.07615137635264982
W02000323,Torfaen 001,2023,0.14268388211925867,5.990055503090188e-4,0.09651167282375907,0.19282754768765034,0.09631587486389127
W02000323,Torfaen 001,2025,0.1413464702844615,5.544081275212256e-4,0.09914557690914022,0.1881338590617482,0.08898828215260798
W02000324,Torfaen 002,2021,0.11932949062964283,4.2329719588128596e-4,0.08439084584716597,0.1642843740028807,0.07989352815571474
W02000324,Torfaen 002,2023,0.141477836929276,5.650844471972417e-4,0.10126184613688163,0.19475682370227698,0.09349497756539535
W02000324,Torfaen 002,2025,0.14026660214729852,5.273747165931379e-4,0.10052839265613503,0.1867555717247833,0.08622717906864827
W02000325,Torfaen 003,2021,0.1264521006242487,5.351373991035384e-4,0.08741442342929702,0.1756390649061702,0.08822464147687319
W02000325,Torfaen 003,2023,0.15024544241741147,7.307971209499786e-4,0.10417284809669375,0.20635995115147254,0.1021871030547788
W02000325,Torfaen 003,2025,0.1476129469577833,6.700054792559141e-4,0.10425488764953168,0.2031873849956254,0.0989324973460937
W02000326,Torfaen 004,2021,0.12027237670169894,4.514081134883676e-4,0.08188439195365749,0.1699934342593591,0.0881090423057016
W02000326,Torfaen 004,2023,0.1438583222178573,6.03392909715348e-4,0.10051736616717383,0.1959065090699345,0.09538914290276068
W02000326,Torfaen 004,2025,0.14131156641856574,5.59003490179766e-4,0.097056856658366,0.1930998356754244,0.09604297901705841
W02000327,Torfaen 005,2021,0.10889730143154361,3.518018519406432e-4,0.07359883945904652,0.15021650332102762,0.0766176638619811
W02000327,Torfaen 005,2023,0.12940408192578173,4.544382197683943e-4,0.09129873819738177,0.17262887815910322,0.08133013996172145
W02000327,Torfaen 005,2025,0.12716864554922794,4.2953125253199833e-4,0.09075630103347204,0.1681092517608914,0.07735295072741935
W02000328,Torfaen 006,2021,0.11931292091946634,5.44290454832259e-4,0.08049262985731123,0.17044280381279675,0.08995017395548552
W02000328,Torfaen 006,2023,0.1410693054516889,6.978093137641186e-4,0.09520065093158928,0.1997517246461631,0.10455107371457381
W02000328,Torfaen 006,2025,0.1386225862222625,6.726792666122867e-4,0.09452037220208592,0.1913786882965377,0.09685831609445178
W02000329,Torfaen 007,2021,0.13403841963655597,6.330950486779645e-4,0.09193910069045932,0.18579886539585805,0.09385976470539872
W02000329,Torfaen 007,2023,0.15946633834140986,8.05485768879957e-4,0.10918747860762969,0.21180719067531983,0.10261971206769015
W02000329,Torfaen 007,2025,0.15725539699992938,7.705213018859848e-4,0.10954641708796818,0.2167637081346509,0.10721729104668272
W02000330,Torfaen 008,2021,0.11862969132466536,4.090478482800287e-4,0.08308386804952317,0.1609431158769623,0.07785924782743914
W02000330,Torfaen 008,2023,0.14185926825130507,5.215863736375008e-4,0.097990397613249,0.1881891231417091,0.0901987255284601
W02000330,Torfaen 008,2025,0.13985806276302085,4.95034804532111e-4,0.09910415942211001,0.18587942074089864,0.08677526131878863
W02000331,Torfaen 009,2021,0.1330344807644305,5.213545477146666e-4,0.09431580897756855,0.18509492349206447,0.09077911451449591
W02000331,Torfaen 009,2023,0.15803173109746094,6.814426925287873e-4,0.11498275842105858,0.2133046597638955,0.09832190134283693
W02000331,Torfaen 009,2025,0.15616274770732688,6.789617337624983e-4,0.10798674105745903,0.2144686951999713,0.10648195414251227
W02000332,Torfaen 010,2021,0.11982418032779656,3.873942175498411e-4,0.08210518534805253,0.15879582692899574,0.07669064158094321
W02000332,Torfaen 010,2023,0.1423935139994639,5.285659503959038e-4,0.10167458207785318,0.19260865471859429,0.0909340726407411
W02000332,Torfaen 010,2025,0.14053518931370654,5.019505140346295e-4,0.10106880107226178,0.18543661390109756,0.08436781282883578
W02000333,Torfaen 011,2021,0.11658888589762234,4.317520381055794e-4,0.07665797444047698,0.1603288855121059,0.08367091107162891
W02000333,Torfaen 011,2023,0.13851722715216855,6.519726976778488e-4,0.09102454159065088,0.19193834417086655,0.10091380258021568
W02000333,Torfaen 011,2025,0.13607406664295868,5.533174358828863e-4,0.09479641590855838,0.18961460548211728,0.0948181895735589
W02000334,Torfaen 012,2021,0.12518371578510207,3.827113254712856e-4,0.08978786908730446,0.16279307173834642,0.07300520265104196
W02000334,Torfaen 012,2023,0.1480003018990238,4.869175266285371e-4,0.108695465678979,0.1930901682537144,0.08439470257473539
W02000334,Torfaen 012,2025,0.1457671730539842,4.5083500583950956e-4,0.106870761330261,0.19099884667219644,0.08412808534193544
W02000335,Torfaen 013,2021,0.11911861929496277,4.5012972925094816e-4,0.0838754375729808,0.16386801181002075,0.07999257423703995
W02000335,Torfaen 013,2023,0.14194795135558733,6.120917760308082e-4,0.0988347182014986,0.19412865334239665,0.09529393514089805
W02000335,Torfaen 013,2025,0.14066478839322555,5.428475591490242e-4,0.10054454183539797,0.18677028590217795,0.08622574406677998
W02000336,Monmouthshire 001,2021,0.12444863655496775,4.090587945523496e-4,0.08926722969924884,0.16774579112166954,0.0784785614224207
W02000336,Monmouthshire 001,2023,0.1477502444079981,4.8200114361092976e-4,0.10945454780677627,0.1924561612863513,0.08300161347957502
W02000336,Monmouthshire 001,2025,0.14583881874087057,4.404066490698437e-4,0.10772455169273361,0.19047621808508539,0.08275166639235178
W02000337,Monmouthshire 002,2021,0.13448437090307772,6.950272278303113e-4,0.08824516785056138,0.1896642106225129,0.10141904277195152
W02000337,Monmouthshire 002,2023,0.16063933096294628,9.404318606065214e-4,0.10780048760449298,0.22365638695693835,0.11585589935244536
W02000337,Monmouthshire 002,2025,0.15777813442160343,8.801784945268435e-4,0.10525358581798991,0.21888541581086668,0.11363182999287677
W02000338,Monmouthshire 003,2021,0.13296277127019054,4.106987633080133e-4,0.09626506342148532,0.17242720695856426,0.07616214353707894
W02000338,Monmouthshire 003,2023,0.15691664558905294,5.219861417022415e-4,0.11667424108632479,0.20697839078623692,0.09030414969991213
W02000338,Monmouthshire 003,2025,0.15410729623769642,4.7365078672648105e-4,0.11771774542451455,0.2050338724482259,0.08731612702371136
W02000339,Monmouthshire 004,2021,0.1293565700837009,6.400835976556098e-4,0.083448712175231,0.18098744175442175,0.09753872957919074
W02000339,Monmouthshire 004,2023,0.15330388652908639,8.579345757627616e-4,0.09974680865112645,0.21302694111618264,0.1132801324650562
W02000339,Monmouthshire 004,2025,0.1503607651570454,7.627049671720143e-4,0.09958291156188365,0.21462998887609908,0.11504707731421543
W02000340,Monmouthshire 005,2021,0.12811670356262544,4.1263143926375997e-4,0.09063164846862393,0.17245270172739,0.08182105325876607
W02000340,Monmouthshire 005,2023,0.1529888699424998,5.880366619270714e-4,0.10885678891659432,0.20076523801810442,0.0919084491015101
W02000340,Monmouthshire 005,2025,0.15004045404713365,4.789662881296237e-4,0.11047630814460238,0.1934699153411323,0.08299360719652993
W02000341,Monmouthshire 006,2021,0.1139603229238607,3.2284876236275375e-4,0.08150939093992943,0.15116743043297715,0.06965803949304772
W02000341,Monmouthshire 006,2023,0.13534044700083636,4.238704023996173e-4,0.09881013192505603,0.17683934823323133,0.0780292163081753
W02000341,Monmouthshire 006,2025,0.13320824463202544,3.5104403758025446e-4,0.09855274516080098,0.16912096352662467,0.07056821836582369
W02000342,Monmouthshire 007,2021,0.12141905620497011,4.978135759146511e-4,0.08062157823048459,0.16363249720078304,0.08301091897029846
W02000342,Monmouthshire 007,2023,0.14423166907119783,7.348958043310257e-4,0.09742575363897349,0.195364077952177,0.09793832431320351
W02000342,Monmouthshire 007,2025,0.14095487454374878,6.19638084456115e-4,0.09578537072652228,0.18629099531037308,0.0905056245838508
W02000343,Monmouthshire 008,2021,0.12131061025180692,5.817392095170033e-4,0.08063683986997751,0.1733642518105727,0.09272741194059518
W02000343,Monmouthshire 008,2023,0.14304310115439406,7.769862696498322e-4,0.09771428927238082,0.20485508006286246,0.10714079079048164
W02000343,Monmouthshire 008,2025,0.1408966597563773,7.001193586029835e-4,0.09627864887877785,0.2026116828317494,0.10633303395297156
W02000344,Monmouthshire 009,2021,0.1251661393689654,4.4237446093345063e-4,0.08858021832383801,0.16471285907288252,0.07613264074904451
W02000344,Monmouthshire 009,2023,0.14884732479634002,6.390437442745401e-4,0.1052419201701264,0.2033827576577088,0.0981408374875824
W02000344,Monmouthshire 009,2025,0.14592501090153248,5.406722963732105e-4,0.10622544931099068,0.191949240916796,0.08572379160580532
W02000345,Monmouthshire 010,2021,0.13964398983146414,7.1213152248394e-4,0.09376931386029298,0.1963938529716152,0.10262453911132223
W02000345,Monmouthshire 010,2023,0.16566263520566363,9.862672286838439e-4,0.10987120283797637,0.23945783970251117,0.1295866368645348
W02000345,Monmouthshire 010,2025,0.16292394237107172,9.295406223720227e-4,0.10977488216374118,0.23157864095430725,0.12180375879056607
W02000346,Monmouthshire 011,2021,0.12465139015886172,5.573685437134806e-4,0.08110919768836594,0.17037102211613128,0.08926182442776534
W02000346,Monmouthshire 011,2023,0.14866408479738394,8.043647783993709e-4,0.09904187202134818,0.21109764340439935,0.11205577138305117
W02000346,Monmouthshire 011,2025,0.1455553757403937,7.01334097195744e-4,0.09799960071014605,0.19881023734948994,0.10081063663934389
W02000347,Newport 001,2021,0.12462078124776378,4.909807064437752e-4,0.08491574809359287,0.17168131842369988,0.08676557033010701
W02000347,Newport 001,2023,0.14807637583429095,6.57791824247815e-4,0.10128082930618035,0.21141678459832827,0.11013595529214792
W02000347,Newport 001,2025,0.14529530975392344,5.885638962644502e-4,0.10264543447338881,0.19922971259632,0.09658427812293119
W02000348,Newport 002,2021,0.11711273708893961,5.720586528209248e-4,0.07271869918136281,0.1624990960811187,0.0897803968997559
W02000348,Newport 002,2023,0.1388982886109049,7.236424625837439e-4,0.08968278031714826,0.19302249998043797,0.10333971966328971
W02000348,Newport 002,2025,0.1366436847402812,6.962648520288512e-4,0.0897352244777817,0.1838054052897953,0.0940701808120136
W02000349,Newport 003,2021,0.13262317880353308,4.352491205731242e-4,0.09669079219491446,0.18189209470987927,0.08520130251496481
W02000349,Newport 003,2023,0.1570346105081536,5.944844146610692e-4,0.11486319146890403,0.21117429371995608,0.09631110225105205
W02000349,Newport 003,2025,0.154904433815415,5.168838907059129e-4,0.11692145136983437,0.20283296691520716,0.0859115155453728
W02000350,Newport 004,2021,0.12132112421301514,4.4015619838685667e-4,0.08336891479434867,0.1618258982933285,0.07845698349897982
W02000350,Newport 004,2023,0.14502715498111232,5.865176376988588e-4,0.10218508682867578,0.1911278002325405,0.08894271340386473
W02000350,Newport 004,2025,0.1432803073754833,5.47980623889726e-4,0.10256496909958507,0.19097129246949412,0.08840632336990906
W02000351,Newport 005,2021,0.12524731762562377,8.269387641647569e-4,0.07526676344293892,0.19269427483751356,0.11742751139457464
W02000351,Newport 005,2023,0.14820759236777922,9.792331642312084e-4,0.09349576619273381,0.21298053811982176,0.11948477192708795
W02000351,Newport 005,2025,0.14675409814573845,0.0010466155395240043,0.0898331662731364,0.2136251595779916,0.12379199330485521
W02000352,Newport 006,2021,0.14050966495286774,8.461849376117719e-4,0.0936006885294698,0.20323299618016172,0.10963230765069192
W02000352,Newport 006,2023,0.16824932411814575,0.0010157934049069282,0.11525852719893204,0.23715158077990392,0.12189305358097188
W02000352,Newport 006,2025,0.16427782355301912,9.490735169438466e-4,0.11409884577092216,0.22838282854408143,0.11428398277315927
W02000353,Newport 007,2021,0.1332971873029924,0.001110141459729195,0.08150622692115195,0.21217823917273515,0.1306720122515832
W02000353,Newport 007,2023,0.15781908864053926,0.0013076927334844323,0.1011650406259431,0.2431144269969744,0.14194938637103127
W02000353,Newport 007,2025,0.1554701672520215,0.0013623779045397395,0.09643941094699943,0.24063682549278048,0.14419741454578106
W02000354,Newport 008,2021,0.11411794750743999,6.33367540168039e-4,0.07000068609054644,0.16687686093525722,0.09687617484471078
W02000354,Newport 008,2023,0.13524013945323338,7.831570073668135e-4,0.08323991733867536,0.19295335291341037,0.10971343557473501
W02000354,Newport 008,2025,0.1330696913676018,7.89781933740654e-4,0.08369675639541853,0.19407500607647626,0.11037824968105774
W02000355,Newport 009,2021,0.13314686667844028,6.206042339349721e-4,0.08939896282843486,0.1898959259236913,0.10049696309525645
W02000355,Newport 009,2023,0.15875513092979704,7.88989974727365e-4,0.10780853332668375,0.22319826195769352,0.11538972863100977
W02000355,Newport 009,2025,0.15688273688850415,7.502590149397376e-4,0.1067345253384768,0.21643517052116845,0.10970064518269165
W02000356,Newport 010,2021,0.12976567937407507,7.694747004257527e-4,0.08444600294281861,0.19807506327986216,0.11362906033704355
W02000356,Newport 010,2023,0.15516706945215242,0.0010038213794029587,0.10567544785242655,0.23910912360923195,0.1334336757568054
W02000356,Newport 010,2025,0.15356018253932474,9.63260792411277e-4,0.10252671223320671,0.23641976259597994,0.13389305036277321
W02000357,Newport 011,2021,0.12700381134050354,8.843246097679759e-4,0.07518942608861244,0.1893604813011771,0.11417105521256467
W02000357,Newport 011,2023,0.15112264449645488,0.0011740497568493817,0.09088720783012066,0.21706901929645442,0.12618181146633375
W02000357,Newport 011,2025,0.1485904540245692,0.0011473147595679688,0.08765995569301156,0.22149973823841568,0.13383978254540413
W02000358,Newport 012,2021,0.13735280693715593,5.80233982909192e-4,0.09680180683282744,0.192369925011321,0.09556811817849356
W02000358,Newport 012,2023,0.1640645416103997,7.706678194818129e-4,0.11625064093881624,0.22569752070737856,0.10944687976856232
W02000358,Newport 012,2025,0.16199679722157698,6.846732845126256e-4,0.11322051658660143,0.22465264081968309,0.11143212423308166
W02000359,Newport 013,2021,0.14084534046114572,0.00101359564971822,0.08900010385191495,0.2129987420693785,0.12399863821746354
W02000359,Newport 013,2023,0.16727408024840232,0.0012060973263210136,0.11036082100954356,0.23405562802785781,0.12369480701831426
W02000359,Newport 013,2025,0.16502246874414342,0.0012267687470709078,0.1059095651614354,0.23894848494672216,0.13303891978528676
W02000360,Newport 014,2021,0.14900532979637723,8.356884603267826e-4,0.10355526512804546,0.21539743601229994,0.11184217088425448
W02000360,Newport 014,2023,0.17582903054903237,0.0010460165323756556,0.11914950520255288,0.24520774276404556,0.12605823756149268
W02000360,Newport 014,2025,0.17469491037126583,9.748224174199054e-4,0.12324145576504847,0.23834156632032932,0.11510011055528085
W02000361,Newport 015,2021,0.1158330101588358,6.323805075056559e-4,0.07768114828354439,0.17233847827258175,0.09465732998903736
W02000361,Newport 015,2023,0.13699314395839876,7.583754801402573e-4,0.09347069122077668,0.19380154723702597,0.10033085601624929
W02000361,Newport 015,2025,0.13532078263219477,7.744364103422339e-4,0.0927641545380834,0.1980400664967244,0.105275911958641
W02000362,Newport 016,2021,0.13562028201058335,7.006130167521805e-4,0.09086874349131543,0.18779812811031435,0.096929384618998915
W02000362,Newport 016,2023,0.16098049449787485,9.166433690998348e-4,0.1059959482283657,0.22408081747089664,0.11808486924253095
W02000362,Newport 016,2025,0.1593219787509955,8.425804341565963e-4,0.1065575383255537,0.2205632862218713,0.1140057478963176
W02000363,Newport 017,2021,0.11610116917355949,6.879797064285469e-4,0.0746381274198961,0.17463138284674473,0.09999325542684863
W02000363,Newport 017,2023,0.13885000477801954,9.03624672724826e-4,0.08718958387721272,0.20280726387997283,0.11561768000276011
W02000363,Newport 017,2025,0.13708076228383578,8.37947452217039e-4,0.08764706339130919,0.20150090642185592,0.11385384303054673
W02000364,Newport 018,2021,0.15197987938391888,9.566118616902933e-4,0.09508077196014475,0.21933179450494383,0.12425102254479908
W02000364,Newport 018,2023,0.17929310230105186,0.0011824993608087497,0.1143455416230844,0.2492660214018273,0.13492047977874289
W02000364,Newport 018,2025,0.1771560008031617,0.0011279234721802962,0.11572241260802596,0.24502741529457503,0.12930500268654907
W02000365,Newport 019,2021,0.14467059420139294,7.040969871854219e-4,0.09499035179233375,0.20005382628973173,0.10506347449739797
W02000365,Newport 019,2023,0.17209741519398927,9.965228577843398e-4,0.11847411876789181,0.23650467307720435,0.11803055430931254
W02000365,Newport 019,2025,0.17022927395100634,8.918777363648147e-4,0.1151111279924068,0.2300995586614285,0.1149884306690217
W02000366,Newport 020,2021,0.13843292581934288,4.897114057623899e-4,0.09832781795989051,0.1827041602547241,0.0843763422948336
W02000366,Newport 020,2023,0.1637318628518806,6.829086455848355e-4,0.1141211431289448,0.22007027153309533,0.10594912840415054
W02000366,Newport 020,2025,0.16164990760795153,6.210225523668237e-4,0.11388264640596342,0.2093828957098508,0.09550024930388738
W02000367,Cardiff 001,2021,0.17133925651375398,8.238674424440304e-4,0.12493099175073584,0.23229784443358056,0.10736685268284472
W02000367,Cardiff 001,2023,0.20243919672490862,0.001037684471485373,0.14491109656660706,0.2661078470616889,0.12119675049508183
W02000367,Cardiff 001,2025,0.20096443735446584,0.0010059521210378927,0.1478627068965895,0.26783907546418007,0.11997636856759056
W02000368,Cardiff 002,2021,0.17328789939234684,9.356586740812072e-4,0.12116627912618104,0.23496968473026528,0.11380340560408424
W02000368,Cardiff 002,2023,0.20436165857344582,0.0012270685091328665,0.14321277525910117,0.27725221199148176,0.13403943673238058
W02000368,Cardiff 002,2025,0.20164255029690004,0.001179431689642203,0.14373198434862552,0.2733073413303566,0.1295753569817311
W02000369,Cardiff 003,2021,0.16748088495755062,7.86305477775848e-4,0.11647675355517467,0.22141318487874043,0.10493643132356575
W02000369,Cardiff 003,2023,0.19797994364721186,0.001027864112370971,0.14600509766174619,0.26318712922025694,0.11718203155851076
W02000369,Cardiff 003,2025,0.19550874047099032,9.425493740838316e-4,0.14370885490767438,0.2571934231635816,0.11348456825590725
W02000370,Cardiff 004,2021,0.16807482423200262,7.702765853718438e-4,0.11747498247919139,0.22668770598802299,0.1092127235088316
W02000370,Cardiff 004,2023,0.19846542609202544,9.591589185308036e-4,0.14035591482566365,0.2597172901365788,0.11936137531091515
W02000370,Cardiff 004,2025,0.19596419608124183,8.745847893192848e-4,0.13912822145431947,0.2562045896820612,0.11707636822774176
W02000371,Cardiff 005,2021,0.1841537128365762,7.985634566436987e-4,0.12964930771520258,0.23877340880681364,0.10912410109161105
W02000371,Cardiff 005,2023,0.21608642747257173,9.844888894471049e-4,0.16202993195783438,0.2753731113276369,0.11334317936980254
W02000371,Cardiff 005,2025,0.2153987049897192,9.299990704924138e-4,0.1608904024018394,0.2738688745943525,0.11297847219251309
W02000372,Cardiff 006,2021,0.16983484623135817,6.610356419147144e-4,0.12307283146274584,0.22448447930151377,0.10141164783876794
W02000372,Cardiff 006,2023,0.20069192899109758,8.800358222226318e-4,0.14526068278109844,0.26760685663127504,0.1223461738501766
W02000372,Cardiff 006,2025,0.19888980639765258,7.842486772778513e-4,0.1450390193487568,0.26130915201376953,0.11627013266501274
W02000373,Cardiff 007,2021,0.19077623300595936,0.0012398357356669819,0.13383653484903263,0.26932240554202086,0.13548587069298823
W02000373,Cardiff 007,2023,0.2257447967415215,0.001506698341633345,0.16589109780120564,0.31079584135448457,0.14490474355327893
W02000373,Cardiff 007,2025,0.22420640277301848,0.0014726553397971548,0.16279177839466635,0.314698837805894,0.15190705941122767
W02000374,Cardiff 008,2021,0.17837102079175676,9.77865194757692e-4,0.124281028786809,0.24217122406241892,0.11789019527560993
W02000374,Cardiff 008,2023,0.21035425163638977,0.001190395074846951,0.15222789978645568,0.2826686151040974,0.13044071531764173
W02000374,Cardiff 008,2025,0.20825449527179102,0.0011421043618464312,0.14882466542967204,0.27794934624534473,0.1291246808156727
W02000375,Cardiff 009,2021,0.19327423983724304,0.0012143826934347675,0.13213488501312654,0.2631255538712487,0.13099066885812216
W02000375,Cardiff 009,2023,0.22790025824706936,0.0015437912416584104,0.16108198096384238,0.3101619819216132,0.14908000095777083
W02000375,Cardiff 009,2025,0.22555181551724351,0.0014893044446188093,0.15839734778390316,0.3049759877858156,0.14657864000191242
W02000376,Cardiff 010,2021,0.17363196488599542,7.169103397819245e-4,0.12548852403777505,0.23481777745158733,0.10932925341381228
W02000376,Cardiff 010,2023,0.2044734291237162,8.431680210337052e-4,0.15315201044205462,0.26827862095650923,0.11512661051445461
W02000376,Cardiff 010,2025,0.2034996129617372,7.746937507187098e-4,0.15547770664451543,0.2618505901270653,0.10637288348254986
W02000377,Cardiff 011,2021,0.17012124089173922,9.364300568955595e-4,0.11925769995758799,0.2395565421444547,0.12029884218686672
W02000377,Cardiff 011,2023,0.2037633721827626,0.001246740899431752,0.1439398822313216,0.278242564848011,0.13430268261668943
W02000377,Cardiff 011,2025,0.20079896503453412,0.0011053694796919276,0.14622199048778425,0.27005620398880126,0.123834213501017
W02000378,Cardiff 012,2021,0.1879943637209813,0.001051500183433144,0.12667523758662885,0.25178793367966806,0.1251126960930392
W02000378,Cardiff 012,2023,0.22244618948585682,0.0012679090665659663,0.15320732529555942,0.29211213157291865,0.13890480627735924
W02000378,Cardiff 012,2025,0.2207808575997189,0.0012453328534919484,0.15084675357541052,0.29083481734983185,0.13998806377442133
W02000379,Cardiff 013,2021,0.19063599091096012,0.0013049721318336594,0.12997391233995703,0.26423664786816126,0.13426273552820422
W02000379,Cardiff 013,2023,0.22680371000259292,0.001694090014035264,0.1612559798328468,0.31047870169323527,0.14922272186038846
W02000379,Cardiff 013,2025,0.22499506797650662,0.0015866376405310517,0.16351825491173994,0.3069146554584793,0.14339640054673936
W02000380,Cardiff 014,2021,0.15932604130643488,5.568021414107821e-4,0.11698943679491988,0.20467525074513804,0.08768581395021816
W02000380,Cardiff 014,2023,0.18999119226411645,7.594695438845606e-4,0.13470277503126404,0.24114854604064453,0.10644577100938049
W02000380,Cardiff 014,2025,0.1880960727167857,6.654004536108548e-4,0.13929252673060688,0.23366270514027393,0.09437017840966705
W02000381,Cardiff 015,2021,0.18326829662868194,9.611029180860626e-4,0.13196788480596733,0.24564573191602707,0.11367784711005974
W02000381,Cardiff 015,2023,0.21734532194144493,0.0011460383661907347,0.16385217211221753,0.2939985138088743,0.1301463416966568
W02000381,Cardiff 015,2025,0.21600200512526987,0.0011332539278524128,0.16511230262550447,0.28833145088948753,0.12321914826398306
W02000382,Cardiff 016,2021,0.1734193310343967,0.0010265496088841493,0.11361194346134806,0.23459163274017508,0.12097968927882702
W02000382,Cardiff 016,2023,0.20563567414486023,0.0013442334517879573,0.13811455314222343,0.27392961197622234,0.13581505883399891
W02000382,Cardiff 016,2025,0.2037237352825695,0.0012466579475724304,0.1377328928812409,0.27154570667079686,0.13381281378955595
W02000383,Cardiff 017,2021,0.1862457268461725,9.790580959397684e-4,0.132968501168305,0.2581725937754521,0.1252040926071471
W02000383,Cardiff 017,2023,0.2205930708608143,0.0012948847009635984,0.15892864177870836,0.29364844698388104,0.13471980520517268
W02000383,Cardiff 017,2025,0.22040695195867732,0.0011739154421131432,0.16095332271797066,0.2910738744235003,0.13012055170552964
W02000384,Cardiff 018,2021,0.173770897573755,6.380476775970647e-4,0.12839391518385926,0.22647041086652758,0.09807649568266832
W02000384,Cardiff 018,2023,0.20580784730789,7.786696770384013e-4,0.15651600560890835,0.2599684329482957,0.10345242733938734
W02000384,Cardiff 018,2025,0.2043913006181223,7.397828849231203e-4,0.15848037679600813,0.2619603680856617,0.10347999128965357
W02000385,Cardiff 019,2021,0.18529680324933806,9.186255849255239e-4,0.12469048795494642,0.2513902698474305,0.1266997818924841
W02000385,Cardiff 019,2023,0.2064502653886499,0.0010032435162777272,0.14540014506949112,0.27351470283188684,0.12811455776239572
W02000385,Cardiff 019,2025,0.20927204972918137,9.804279116263402e-4,0.14760585288101452,0.2701018237559072,0.12249597087489267
W02000386,Cardiff 020,2021,0.18635074201644208,0.0010507802255964901,0.1306290760632174,0.25495569106681304,0.12432661500359565
W02000386,Cardiff 020,2023,0.2192565617163686,0.0013795005120493405,0.15611896462497238,0.29019740791520454,0.13407844329023216
W02000386,Cardiff 020,2025,0.21662080312538567,0.00129911704931306,0.1528817880120334,0.2933716976107838,0.1404899095987504
W02000387,Cardiff 021,2021,0.20901640429695614,0.0010644730629811342,0.15183143995334314,0.286884550768851,0.13505311081550786
W02000387,Cardiff 021,2023,0.24018968160178994,0.0012996045877270623,0.17402903449130852,0.3228998316124681,0.14887079712115958
W02000387,Cardiff 021,2025,0.24093366543577885,0.001251776008903004,0.17650971485438147,0.3255967846089876,0.14908706975460614
W02000388,Cardiff 022,2021,0.1613759201998309,9.345618399498046e-4,0.1127465469453997,0.22925480518919855,0.11650825824379885
W02000388,Cardiff 022,2023,0.19168842525439433,0.0012395923270946145,0.13219288858350137,0.2768947093960351,0.14470182081253374
W02000388,Cardiff 022,2025,0.1901140514742406,0.001176013989804789,0.13603104694549495,0.2692635518355896,0.13323250489009464
W02000389,Cardiff 023,2021,0.1786248572483367,7.68130274196769e-4,0.12716133795779644,0.23519252895641474,0.1080311909986183
W02000389,Cardiff 023,2023,0.21204799793333257,0.0010445579939878066,0.1529101607629826,0.28608806836541834,0.13317790760243572
W02000389,Cardiff 023,2025,0.21035035631961904,9.505253201444856e-4,0.15158631429580538,0.276589671463377,0.1250033571675716
W02000390,Cardiff 024,2021,0.19604643274450517,0.0011233229653919792,0.14106560693864265,0.27100474598263957,0.12993913904399693
W02000390,Cardiff 024,2023,0.22055489583104065,0.0013637893938884158,0.15472938583159981,0.2977720673693891,0.1430426815377893
W02000390,Cardiff 024,2025,0.21830191197637025,0.0012430009178671297,0.15562008069772415,0.29408155415341436,0.1384614734556902
W02000391,Cardiff 025,2021,0.22387146642929376,0.0020997762195048837,0.14650369269434455,0.31826368324598353,0.17175999055163899
W02000391,Cardiff 025,2023,0.25063564383567744,0.0025049316767587182,0.1626479256003283,0.3568388707201307,0.1941909451198024
W02000391,Cardiff 025,2025,0.25292162657158407,0.0023858601507685475,0.16380758502001305,0.3514687996816881,0.18766121466167504
W02000392,Cardiff 026,2021,0.1914337945503623,9.411643057827633e-4,0.13698390894916423,0.26069262937070886,0.12370872042154463
W02000392,Cardiff 026,2023,0.2216710587658813,0.0011171557501574482,0.15878353649106275,0.2890721601630886,0.13028862367202587
W02000392,Cardiff 026,2025,0.21903151546579816,0.0010739824344469615,0.15829601375894764,0.2843129298237447,0.12601691606479704
W02000393,Cardiff 027,2021,0.18564153986193388,9.379564482114818e-4,0.13533928167811726,0.24417451632158566,0.10883523464346839
W02000393,Cardiff 027,2023,0.21935530662994868,0.0012452566135730573,0.15718560311527952,0.28936323535242925,0.13217763223714973
W02000393,Cardiff 027,2025,0.21743373718892023,0.0011609462430827889,0.15854118568886766,0.2904215542641955,0.13188036857532787
W02000394,Cardiff 028,2021,0.24361017787281497,0.002942228965055833,0.14412085696986057,0.34384054862716085,0.19971969165730027
W02000394,Cardiff 028,2023,0.2859179695430006,0.003761062541747662,0.17198429572882137,0.4066492388936196,0.23466494316479822
W02000394,Cardiff 028,2025,0.2806981873623568,0.003458628170402335,0.17563567347793085,0.394297238856638,0.21866156537870712
W02000395,Cardiff 029,2021,0.20092206654469877,0.0014098870706029194,0.13426625477162885,0.2871977142265804,0.15293145945495157
W02000395,Cardiff 029,2023,0.2367828282777021,0.0018598781526475323,0.1590133582648437,0.3221381951962725,0.16312483693142882
W02000395,Cardiff 029,2025,0.23375425828757176,0.0016380840518346205,0.16369812588796123,0.3199214332868609,0.15622330739889967
W02000396,Cardiff 030,2021,0.23662262937411552,0.0016820526228746035,0.15971373644398065,0.3300929213109953,0.17037918486701467
W02000396,Cardiff 030,2023,0.2728569744372959,0.001998352786960962,0.19162616376613312,0.3625546320299269,0.17092846826379376
W02000396,Cardiff 030,2025,0.2706481214817984,0.0018608882578393822,0.19148982621677346,0.36095527798117094,0.16946545176439748
W02000397,Cardiff 031,2021,0.18622072022312272,9.900672877850257e-4,0.13262136883020226,0.2536172868003058,0.12099591797010356
W02000397,Cardiff 031,2023,0.22102333046315203,0.0012470787564130346,0.1641703146559701,0.2989335925981894,0.13476327794221932
W02000397,Cardiff 031,2025,0.2189708158895012,0.0011794292588435656,0.1633092172343104,0.2905377485648185,0.1272285313305081
W02000398,Cardiff 032,2021,0.2363635194122022,0.0037169828892318537,0.1411434522883273,0.3650540734078934,0.2239106211195661
W02000398,Cardiff 032,2023,0.27291695286871775,0.00445119755646027,0.1574394028505043,0.4317825841569017,0.27434318130639734
W02000398,Cardiff 032,2025,0.26741580736857434,0.0040745815315158355,0.15984046622539566,0.40766761026900045,0.24782714404360479
W02000399,Cardiff 033,2021,0.25921171650412084,0.002352677609507054,0.17618850448303122,0.3634303144594273,0.18724180997639608
W02000399,Cardiff 033,2023,0.306057015338041,0.00310735695355663,0.2067960716736426,0.4227662206365743,0.2159701489629317
W02000399,Cardiff 033,2025,0.3020871848794185,0.002797819931901977,0.21481424267832516,0.4137475053333697,0.19893326265504452
W02000400,Cardiff 034,2021,0.21270967247538983,0.0012420000523616517,0.1525904286480943,0.29137044132584133,0.13878001267774703
W02000400,Cardiff 034,2023,0.24891948662896576,0.0014947286609545518,0.18297833738803732,0.3317475437070663,0.14876920631902896
W02000400,Cardiff 034,2025,0.2462485391807967,0.0014042467213135285,0.18674735544498866,0.32906689334105,0.14231953789606133
W02000401,Cardiff 035,2021,0.20764281548076577,0.0014271466998298774,0.13628579751196784,0.2887637668002465,0.15247796928827867
W02000401,Cardiff 035,2023,0.2443203532085141,0.0017752467845225336,0.16462850180758207,0.3355326903654999,0.1709041885579178
W02000401,Cardiff 035,2025,0.24235019859738038,0.0016523790129856812,0.1699921039625747,0.3207661311865746,0.1507740272239999
W02000402,Cardiff 036,2021,0.22050561781914677,0.0015443468411639961,0.15175597002879698,0.3099623996193963,0.15820642959059933
W02000402,Cardiff 036,2023,0.2667808463799304,0.002124973708200046,0.18504017556495905,0.3617932287742812,0.17675305320932216
W02000402,Cardiff 036,2025,0.26216118391249554,0.0018480901929122193,0.18040308910090136,0.3466644606082091,0.16626137150730774
W02000403,Cardiff 037,2021,0.179326535319843,9.747975834611891e-4,0.12851055223337282,0.24898384746649938,0.12047329523312655
W02000403,Cardiff 037,2023,0.2129600880504906,0.0011692436892392006,0.15482624396815725,0.2846843452862105,0.12985810131805325
W02000403,Cardiff 037,2025,0.2115494315790346,0.0010965167147900653,0.1572033912127326,0.28566284795838387,0.12845945674565126
W02000404,Cardiff 038,2021,0.18470389852973623,0.0010417940043698042,0.12864394970674414,0.2543863133686547,0.12574236366191055
W02000404,Cardiff 038,2023,0.219101020793624,0.001234169526813455,0.15664650959450077,0.291892866534319,0.13524635693981824
W02000404,Cardiff 038,2025,0.2167876233027274,0.001145771268694259,0.15996586950158506,0.28766139496677756,0.1276955254651925
W02000405,Cardiff 039,2021,0.19150220468668802,0.0011768249256423043,0.1284819944886445,0.26150513142738474,0.13302313693874024
W02000405,Cardiff 039,2023,0.22727480033314315,0.0015836295917147553,0.15416470930864268,0.30340789702181903,0.14924318771317635
W02000405,Cardiff 039,2025,0.22676369138127245,0.0014596409846797163,0.15513209154261065,0.3035932109653648,0.14846111942275414
W02000406,Cardiff 040,2021,0.19108583192366732,0.0014250127086807278,0.12323322241494777,0.2691064114350158,0.14587318902006802
W02000406,Cardiff 040,2023,0.2256552340765154,0.0018340446303822784,0.15147903833644863,0.3142989266321885,0.16281988829573987
W02000406,Cardiff 040,2025,0.2236486749712368,0.0016935016306782594,0.14874473314536274,0.3064233613079961,0.15767862816263334
W02000407,Cardiff 041,2021,0.17182144422148876,0.0014298522686998665,0.10552860525058831,0.24912463846643862,0.1435960332158503
W02000407,Cardiff 041,2023,0.20302579147663316,0.0018207598914303591,0.1261241745556449,0.28426457158713014,0.15814039703148525
W02000407,Cardiff 041,2025,0.20176583242632615,0.0017554605023369742,0.12483173990735896,0.2817887442033079,0.15695700429594894
W02000408,Cardiff 042,2021,0.21071865604569645,0.0013587368165832862,0.146537667693045,0.2869196416253209,0.14038197393227592
W02000408,Cardiff 042,2023,0.2480181306421237,0.0017427941478632503,0.17636836740328538,0.32725134768940506,0.15088298028611968
W02000408,Cardiff 042,2025,0.24742725357477133,0.0016230991542342218,0.17729443911606724,0.3254111696519792,0.14811673053591196
W02000409,Cardiff 043,2021,0.18726348959111613,0.0010331253187991507,0.135963277384047,0.2613459509252598,0.1253826735412128
W02000409,Cardiff 043,2023,0.2216746944945488,0.001361225080654957,0.15609401951522478,0.3094652374781063,0.1533712179628815
W02000409,Cardiff 043,2025,0.219465130778492,0.0012505669549247752,0.15815864232651566,0.2999405065144326,0.14178186418791694
W02000410,Cardiff 044,2021,0.2059740755194439,0.0014343635694383924,0.12764244672778913,0.28620438676679905,0.15856194003900992
W02000410,Cardiff 044,2023,0.24280828625100445,0.0019081459836520012,0.15933639448225556,0.3393873182213525,0.18005092373909692
W02000410,Cardiff 044,2025,0.24076279294215583,0.001811394731787072,0.16080985497903644,0.3333430798067769,0.17253322482774047
W02000411,Cardiff 045,2021,0.20543258640009052,0.0016113680798967506,0.13987045698449216,0.28439986669546213,0.14452940971096997
W02000411,Cardiff 045,2023,0.24258807536443158,0.0022387405134723414,0.16669414905447122,0.34126920392288235,0.17457505486841113
W02000411,Cardiff 045,2025,0.24087139768645824,0.001993151239874568,0.16614628985369856,0.3322486899462385,0.16610240009253996
W02000412,Cardiff 046,2021,0.17947587314566363,0.001048967635858187,0.12463913399208261,0.25285230107528156,0.12821316708319896
W02000412,Cardiff 046,2023,0.21209854562437458,0.0013529030642586855,0.13992915500514486,0.2953091608599703,0.15538000585482542
W02000412,Cardiff 046,2025,0.20981640373198168,0.0012350190291623472,0.14132891583090765,0.2840664913551686,0.14273757552426095
W02000414,Powys 020,2021,0.14036968909333808,4.076697898286109e-4,0.10342246539878133,0.17817906179010368,0.07475659639132234
W02000414,Powys 020,2023,0.16566394176743737,5.213877310987037e-4,0.12010674868492512,0.2087786439579769,0.08867189527305179
W02000414,Powys 020,2025,0.16282813282871203,4.784704889364371e-4,0.12174911883127695,0.20582425195704615,0.0840751331257692
W02000415,Merthyr Tydfil 008,2021,0.15319774255353652,6.118242752882901e-4,0.11247802784735861,0.20710915469221813,0.09463112684485953
W02000415,Merthyr Tydfil 008,2023,0.18144439670265253,7.851883994516121e-4,0.13738961100546682,0.25204891669852636,0.11465930569305954
W02000415,Merthyr Tydfil 008,2025,0.17983857707866086,7.279598076774433e-4,0.13711438346238988,0.2387020752010659,0.10158769173867602
W02000416,Powys 021,2021,0.12691106805284055,2.6024181260780524e-4,0.09604909115028588,0.15912198864928323,0.06307289749899735
W02000416,Powys 021,2023,0.15070998544941458,0.00035156095153122653,0.11543729128526836,0.18889424133213795,0.07345695004686958
W02000416,Powys 021,2025,0.14823993512657332,3.173605651693233e-4,0.11478062300891964,0.1842353668642259,0.06945474385530626
W02000417,Neath Port Talbot 020,2021,0.12412858666607043,5.08128127957927e-4,0.08207579796282395,0.17083668841726035,0.0887608904544364
W02000417,Neath Port Talbot 020,2023,0.1467680557418912,5.917700954415467e-4,0.10618195387240939,0.19967108005372025,0.09348912618131086
W02000417,Neath Port Talbot 020,2025,0.14519165497381203,5.767244836185425e-4,0.10225566645974943,0.19908100046449717,0.09682533400474774
W02000418,Carmarthenshire 027,2021,0.1349682282557727,4.4629821090454483e-4,0.09916958414286145,0.1823517083498853,0.08318212420702384
W02000418,Carmarthenshire 027,2023,0.1601938516727983,5.726589242592732e-4,0.11702305761450096,0.21321069194904335,0.09618763433454239
W02000418,Carmarthenshire 027,2025,0.15737351771140753,5.34023058461108e-4,0.11835470882330223,0.20448481526658766,0.08613010644328542
W02000419,Denbighshire 017,2021,0.14589919201654447,8.025609211237954e-4,0.09871435419541295,0.2028332984135035,0.10411894421809055
W02000419,Denbighshire 017,2023,0.17353274895829998,0.001059068404515697,0.12127024892932961,0.24392403423515108,0.12265378530582147
W02000419,Denbighshire 017,2025,0.17123981868003785,9.938310542298328e-4,0.11811229897784559,0.23665890766317488,0.11854660868532929
W02000421,Ceredigion 011,2021,0.13429958913299517,3.4525044550918e-4,0.09911302159860458,0.17109050480404078,0.0719774832054362
W02000421,Ceredigion 011,2023,0.15925623167220598,4.864522856461557e-4,0.11447407675851608,0.20284713856192949,0.08837306180341341
W02000421,Ceredigion 011,2025,0.1560956311646532,4.1001764751338735e-4,0.11823493881188551,0.1951850562436242,0.07695011743173868
W02000422,Cardiff 048,2021,0.2117084289524888,0.0014364054691483796,0.1463910003053324,0.3008459242089903,0.15445492390365792
W02000422,Cardiff 048,2023,0.24564882813237027,0.0017476619421567324,0.1722288350431751,0.33549417396300657,0.16326533891983147
W02000422,Cardiff 048,2025,0.24351894425893486,0.001515154702436513,0.17226987411800815,0.3218351992055702,0.14956532508756204
W02000423,Cardiff 049,2021,0.20643770801578626,0.0010997430409879288,0.1471433818444351,0.28260379532203683,0.13546041347760174
W02000423,Cardiff 049,2023,0.24634853304668347,0.0013288558414802792,0.18124995423777124,0.32812656370637283,0.1468766094686016
W02000423,Cardiff 049,2025,0.24517063634364242,0.0012293356629856109,0.17922396647099537,0.3229002664734719,0.14367630000247655
W02000424,Wrexham 021,2021,0.12527061675108556,4.771069675372997e-4,0.08595057331535866,0.17310387648497993,0.08715330316962128
W02000424,Wrexham 021,2023,0.14907926477681271,6.703144336600734e-4,0.10849518472218514,0.20623216296250288,0.09773697824031774
W02000424,Wrexham 021,2025,0.146615419671711,5.997773785109731e-4,0.10632110506924372,0.20123598618436117,0.09491488111511745
W02000425,Wrexham 022,2021,0.14174050218881645,6.459836751231878e-4,0.1026134718579651,0.21087129656898468,0.10825782471101958
W02000425,Wrexham 022,2023,0.16821693042924665,8.330912723469592e-4,0.12368626037231607,0.23897889493581592,0.11529263456349985
W02000425,Wrexham 022,2025,0.16533292703151725,7.566245500428465e-4,0.1207439694297647,0.23419581902087577,0.11345184959111107
W02000426,Wrexham 023,2021,0.13018670192166598,6.391372640847956e-4,0.09240234561710317,0.18542037804124561,0.09301803242414244
W02000426,Wrexham 023,2023,0.15340442051597764,8.054819069632408e-4,0.10941172349504219,0.21222470140346505,0.10281297790842286
W02000426,Wrexham 023,2025,0.15146447205166436,7.54743425000567e-4,0.10740804342527033,0.21188851308612866,0.10448046966085833
W02000427,Neath Port Talbot 021,2021,0.13399452355879177,4.3383819502880563e-4,0.09416377311264598,0.17433345420361773,0.08016968109097175
W02000427,Neath Port Talbot 021,2023,0.15850778287412737,5.417683946618314e-4,0.11320558875760296,0.20610234563686236,0.0928967568792594
W02000427,Neath Port Talbot 021,2025,0.1565615768168391,5.289793386655322e-4,0.11335566566106065,0.20169029581667286,0.08833463015561221
W02000428,Swansea 032,2021,0.12071722651774569,4.3085024872118187e-4,0.08144532357725691,0.16072850999452087,0.07928318641726396
W02000428,Swansea 032,2023,0.14145842902207553,5.661769233199064e-4,0.09592709967547189,0.18647366147287806,0.09054656179740617
W02000428,Swansea 032,2025,0.13746055261287743,4.946460097715388e-4,0.09336766260257792,0.17698274255435192,0.083615079951774
