area_id,time_id,msoa_name,direct_estimate,variance,n,fh_estimate,fh_variance,fh_lower,fh_upper,fh_ci_width
W02000001,2021,Isle of Anglesey 001,0,0,6,0.01828476812922415,1.460748865693287e-4,-0.0054414476328709625,0.04195891749153151,0.047400365124402474
W02000002,2021,Isle of Anglesey 002,0.4319653664782163,0.04066522486314988,9,0.08755011120901235,8.2905235816813e-4,0.031034825464368164,0.1440066816446699,0.11297185618030173
W02000003,2021,Isle of Anglesey 003,0.1612312830188462,0.01159843217579599,11,0.10997326533164906,0.0011076469735281696,0.04470570446238831,0.17533835379304621,0.1306326493306579
W02000004,2021,Isle of Anglesey 004,0.13881811744044975,0.01557077848474238,14,0.0894649562300664,0.0019049833415053126,0.004078182558074586,0.17562418129395174,0.17154599873587717
W02000005,2021,Isle of Anglesey 005,0.2357800735403681,0.01570308073073289,17,0.11044526870295296,0.001256553098153134,0.041141213911918384,0.18028485870633376,0.13914364479441538
W02000006,2021,Isle of Anglesey 006,0.10088047765018358,0.00553827251265835,19,0.09407278126542827,9.67408480932427e-4,0.03311889247670503,0.15517570443555212,0.1220568119588471
W02000007,2021,Isle of Anglesey 007,0.07130340702194102,0.00493823604628872,13,0.08752968386166239,0.0010282204816891224,0.024672152944253053,0.15051907736480769,0.12584692442055462
W02000008,2021,Isle of Anglesey 008,0.19842023274990855,0.01220788361272883,12,0.07982768875399321,9.403702847107752e-4,0.019613953604795127,0.1399343194557141,0.12032036585091899
W02000009,2021,Isle of Anglesey 009,0,0,13,0.11008648214915016,0.0016448376046144604,0.03112323647090627,0.19045974033083612,0.15933650385992987
W02000010,2021,Gwynedd 001,0.09295304405275805,0.00810245734821603,12,0.18510079726075132,0.001874506087972787,0.1002979553745299,0.270157430642323,0.1698594752677931
W02000011,2021,Gwynedd 002,0.12433733047748036,0.0053721902964639,18,0.06163183106252006,5.22656801523329e-4,0.01670759855292875,0.10637874584100335,0.0896711472880746
W02000012,2021,Gwynedd 003,0,0,13,0.10015850858747037,0.001682943344469896,0.02018886268236976,0.1813435228058291,0.16115466012345936
W02000013,2021,Gwynedd 004,0.06754144696914653,0.00432395742111153,15,0.09113246877473523,0.001317390379847646,0.0200998775920411,0.16258384463788067,0.14248396704583957
W02000014,2021,Gwynedd 005,0,0,5,0.12935268656639914,0.0016380676204428186,0.05118973786573654,0.21012805787909464,0.15893832001335811
W02000015,2021,Gwynedd 006,0.07864534144766384,0.00572050590698416,15,0.10064203460718411,0.0015815216908918392,0.02258559826713108,0.17877496317944538,0.1561893649123143
W02000016,2021,Gwynedd 007,0,0,4,0.1079865022468343,0.0017802811430682743,0.025752018765872714,0.19157155842767376,0.16581953966180105
W02000017,2021,Gwynedd 008,0.29622405171495725,0.05123598044056675,7,0.10071789663179495,0.0015161764019321709,0.02473192731781501,0.17765956615707254,0.15292763883925753
W02000018,2021,Gwynedd 009,0.16517724306715606,0.02220608790766266,9,0.10571220139128365,0.0015563937041408705,0.029028088714490086,0.18400326220615687,0.15497517349166678
W02000019,2021,Gwynedd 010,0.14870638382979637,0.01897832148608475,9,0.10424146592775758,0.0015184269039803244,0.028499175988785,0.18155443760323714,0.15305526161445215
W02000020,2021,Gwynedd 011,0.09952226276588916,0.00931368695508842,10,0.09359520654374034,0.0011317984473473743,0.027701700344035157,0.15974145599844597,0.1320397556544108
W02000021,2021,Gwynedd 012,0.04884539924695608,0.00236761286709421,15,0.0852968420678744,0.0011291036660562935,0.019397929665435756,0.1512846045993872,0.13188667493395145
W02000022,2021,Gwynedd 013,0.0212344945063327,4.957953341325928e-4,15,0.04043144863192553,3.5798762585758124e-4,0.003280520116345713,0.07748916271164906,0.07420864259530335
W02000023,2021,Gwynedd 014,0,0,13,0.08696634133647384,0.0024867706262937956,-0.01135312775440217,0.1849706578666142,0.19632378562101638
W02000024,2021,Gwynedd 015,0,0,6,0.09858253312055357,0.0018992525371120722,0.013563884260807471,0.1849678868962304,0.17140400263542294
W02000025,2021,Gwynedd 016,0,0,12,0.09782681211693804,0.0015595423467651692,0.020636965082693123,0.1757778299867093,0.15514086490401618
W02000026,2021,Gwynedd 017,0,0,11,0.09894605631909334,0.0017717567655790491,0.016826713590167297,0.1822324708858991,0.16540575729573181
W02000027,2021,Conwy 001,0,0,6,0.09149931974841473,0.0015676952457708458,0.01344018210968996,0.1688799749417466,0.15543979283205667
W02000028,2021,Conwy 002,0.08536254482339001,0.00687076517368526,11,0.09901898246885578,0.0013034709429862506,0.028268154029312084,0.16998370493804343,0.14171555090873134
W02000029,2021,Conwy 003,0.04888062877624214,0.00236765824355765,13,0.062326033044857884,8.323418640668436e-4,0.005710070451588757,0.11889848239597722,0.11318841194438847
W02000030,2021,Conwy 004,0.29301465708004104,0.0284234309485235,9,0.06195823647011435,6.469362685221592e-4,0.011968545816023697,0.11173495199693977,0.09976640618091606
W02000031,2021,Conwy 005,0.16280358842584405,0.02119865250217118,10,0.10541839861277102,0.0018674813928407782,0.021551636469319874,0.1913477661350681,0.16979612966574822
W02000032,2021,Conwy 006,0,0,9,0.08660481473320991,0.001740231908603768,0.004838775428122305,0.16872091083359592,0.1638821354054736
W02000033,2021,Conwy 007,0,0,12,0.11665794650105216,0.001594131145014206,0.03872058379453344,0.19551036430248972,0.15678978050795628
W02000034,2021,Conwy 008,0,0,9,0.09394577593984002,0.0018778417127538782,0.009072238445267278,0.1794439865002742,0.17037174805500693
W02000035,2021,Conwy 009,0.17850345132662307,0.0264125301482222,8,0.0990689667519235,0.0014668437480273803,0.024187100646455073,0.17460829580300447,0.1504211951565494
W02000036,2021,Conwy 010,0,0,9,0.08193593446160194,0.0010546451594142438,0.01822495480983649,0.14567696415105785,0.12745200934122136
W02000037,2021,Conwy 011,0.18730064894195425,0.02642139122380393,9,0.09079631804916811,0.0015904163210716472,0.012939631538078311,0.16961215985909242,0.1566725283210141
W02000038,2021,Conwy 012,0,0,4,0.09617476875417463,0.0015825469210810714,0.018343353865936024,0.17459890038375953,0.1562555465178235
W02000039,2021,Conwy 013,0,0,4,0.026502245300186085,2.466734368504905e-4,-0.004341309349540631,0.057255253155591115,0.06159656250513175
W02000040,2021,Conwy 014,0,0,9,0.09254442081015185,0.0019094622505334627,0.007344080867543776,0.1791873349633812,0.17184325409583745
W02000041,2021,Conwy 015,0,0,5,0.0386807288231938,4.3154276875696416e-4,-0.0021602526064170846,0.07931956019586492,0.081479812802282
W02000042,2021,Denbighshire 001,0.08310723454801548,0.00776025183408073,6,0.10151011748547091,0.0013522800711966083,0.029578273864948254,0.17392782196767076,0.1443495481027225
W02000043,2021,Denbighshire 002,0.09760301676463667,0.00939359001374457,6,0.09730370970680098,0.0017578847843048807,0.015025474553622964,0.17975313239805063,0.16472765784442767
W02000044,2021,Denbighshire 003,0,0,5,0.0382626187570628,4.2592805125473684e-4,-0.002286426168983134,0.07865746107679122,0.08094388724577437
W02000045,2021,Denbighshire 004,0.5055304661328172,0.1252931707786196,2,0.11207641158767502,0.0018207403568886293,0.028701192891977034,0.19630463315611507,0.16760344026413804
W02000047,2021,Denbighshire 006,0.7664673715912351,0.01979925801996805,7,0.058438165722793284,4.550438648690562e-4,0.01651372011694325,0.10017927070278632,0.08366555058584307
W02000049,2021,Denbighshire 008,0.39874769738438265,0.04553724994701191,6,0.09555542413253083,0.001958234530490993,0.00939437247129589,0.18340612699652886,0.174011754525233
W02000050,2021,Denbighshire 009,0.11995833006885533,0.01374006697519294,6,0.08621566720248128,0.0015061971870050886,0.010338925800774237,0.16276215617915873,0.1524232303783845
W02000051,2021,Denbighshire 010,0.2317161438545716,0.02065744504654773,10,0.10186514360914893,0.0018486914752601086,0.018056963445866506,0.18709261511418046,0.16903565166831397
W02000052,2021,Denbighshire 011,0.12311978967183251,0.01410254943464735,6,0.09842072160575129,0.001532218792518818,0.021830107515091915,0.17557295855489632,0.1537428510398044
W02000053,2021,Denbighshire 012,0,0,5,0.07317283895824286,0.0012385388334655962,0.004078266266489314,0.1422581483568034,0.13817988209031407
W02000054,2021,Denbighshire 013,0.2460556360699084,0.03068042426516305,7,0.11182672758295617,0.0017924614058049246,0.029804778965747625,0.19621140299403145,0.16640662402828382
W02000055,2021,Denbighshire 014,0,0,8,0.09499701051907916,0.0019160695100045898,0.0095839891689449,0.1816485347371435,0.1720645455681986
W02000056,2021,Denbighshire 015,0,0,5,0.04287415543205159,5.028383813770139e-4,-0.0012215410350635489,0.08673536866296545,0.087956909698029
W02000057,2021,Denbighshire 016,0,0,8,0.09614625350856415,0.0016769898363433006,0.016266495970935033,0.17721924049239313,0.16095274452145808
W02000058,2021,Flintshire 001,0,0,4,0.10132183533613302,0.0017510896861401765,0.02000095671892646,0.1844247195025543,0.16442376278362783
W02000059,2021,Flintshire 002,0,0,4,0.08969956429134777,0.001586937537320355,0.011885637277309222,0.16837867900534037,0.15649304172803113
W02000060,2021,Flintshire 003,0,0,9,0.09951343369725392,0.0017564886079721347,0.017660227782387614,0.18234086198072919,0.16468063419834156
W02000061,2021,Flintshire 004,0.07092279883856752,0.00507441700753664,8,0.09077357756667291,0.001023434587627324,0.027937772854626133,0.1534724491214231,0.12553467626679699
W02000062,2021,Flintshire 005,0.3169497019631973,0.03389740936116187,15,0.11544548275311353,0.001837050926932985,0.03243457749433418,0.2008377505256679,0.16840317303133373
W02000063,2021,Flintshire 006,0.5807428473912614,0.05782561005534034,5,0.07405010748285769,0.0010811373596351628,0.009491093048224833,0.13855437746800708,0.12906328441978226
W02000064,2021,Flintshire 007,0.3400236493834109,0.05794456959511587,4,0.11016059954735159,0.0020260619586505864,0.02239432025883939,0.19928586347931326,0.17689154322047387
W02000065,2021,Flintshire 008,0,0,7,0.09136370652595899,0.0016524017358301966,0.011862039690430579,0.17151437030376918,0.1596523306133386
W02000066,2021,Flintshire 009,0.05669483832587613,0.00358898375455876,8,0.08429859484282416,0.0011370199677485154,0.018106418392812254,0.1504423558241899,0.13233593743137767
W02000067,2021,Flintshire 010,0.2165076563383515,0.023910887603942,8,0.11176427006602069,0.0014231947038781875,0.038295130098319266,0.18641130004213663,0.14811616994381738
W02000068,2021,Flintshire 011,0.388625349074746,0.04441879481131547,7,0.053921079263990666,6.963410303925826e-4,0.002060009235472511,0.10557689823219948,0.10351688899672698
W02000069,2021,Flintshire 012,0,0,9,0.09540500850682875,0.001306669948193062,0.024648921795720563,0.16658334223861126,0.1419344204428907
W02000070,2021,Flintshire 013,0.10612560517590662,0.01087587462463244,8,0.04732582480873876,4.903868546297678e-4,0.003799897088506761,0.0906582418658187,0.08685834477731194
W02000071,2021,Flintshire 014,0,0,6,0.08543746449163508,0.0018536622949963924,0.0013377622570699133,0.1705648766025405,0.16922711434547058
W02000072,2021,Flintshire 015,0.07883294023049847,0.00604652123950761,9,0.08577480960559972,0.0010515431032416028,0.02215625858088653,0.14941405543639336,0.1272577968555068
W02000073,2021,Flintshire 016,0.3926370913326062,0.0789895722137904,4,0.10449169894042416,0.0019930316874318833,0.01720683745138102,0.19277130583535812,0.1755644683839771
W02000074,2021,Flintshire 017,0.22049183312206763,0.03890169151227537,5,0.11400405383401588,0.0017223405458082952,0.03335004998488439,0.19642462192968954,0.16307457194480515
W02000075,2021,Flintshire 018,0.13035296866652085,0.01549209059202033,7,0.0832851154497455,0.001236755876935775,0.014287998058316584,0.1523482424245332,0.1380602443662166
W02000076,2021,Flintshire 019,0,0,4,0.09300135809765246,0.0017941721440779268,0.010455503111840653,0.17697068199654292,0.16651517888470227
W02000077,2021,Flintshire 020,0,0,3,0.0655892938984832,0.0014729700281362918,-0.009980381987876055,0.14078672864127212,0.15076711062914816
W02000080,2021,Wrexham 003,0,0,10,0.09671596931278716,0.002010340185197147,0.009268296770165607,0.185521692051791,0.1762533952816254
W02000081,2021,Wrexham 004,0.17424834112776175,0.03161566763902536,3,0.07608892207958691,0.0010657991696366616,0.011913405130940302,0.14004044454052927,0.12812703940958897
W02000082,2021,Wrexham 005,0.12777937306999088,0.01477241987858861,10,0.11748720851073058,0.0018093636872534534,0.03473759806934491,0.20184738095579996,0.16710978288645506
W02000083,2021,Wrexham 006,0.2202932512168121,0.03776561057965603,5,0.10064599448175152,0.0019134436064203956,0.01549467682408534,0.1874657537106849,0.17197107688659957
W02000085,2021,Wrexham 008,0,0,7,0.08030768565032165,0.002184937005783135,-0.011556064392598611,0.17223111501961402,0.18378717941221262
W02000087,2021,Wrexham 010,0,0,9,0.12020744232459067,0.002110538559369167,0.029891460749853355,0.21042100103470335,0.18052954028485
W02000088,2021,Wrexham 011,0,0,8,0.10028068494224288,0.0016944322476813124,0.019719622598330294,0.18142956698828533,0.16170994438995503
W02000089,2021,Wrexham 012,0.2936482507535497,0.03862842705470457,6,0.06918830680683809,9.090500248050292e-4,0.009786771462041932,0.12808121445723541,0.11829444299519348
W02000090,2021,Wrexham 013,0,0,3,0.07955185417744208,0.0019751706556204087,-0.007590394049608942,0.1672288740258931,0.17481926807550202
W02000091,2021,Wrexham 014,0,0,9,0.08067631462600171,0.0013534352132965272,0.008580633365760829,0.15302882576037247,0.14444819239461165
W02000092,2021,Wrexham 015,0,0,4,0.10180827182472313,0.0019452973166241905,0.015618897494321132,0.18901704859747018,0.17339815110314905
W02000093,2021,Wrexham 016,0,0,5,0.08439822997730238,0.001983575320537659,-0.002926732570912291,0.17225530837799685,0.17518204094890916
W02000094,2021,Wrexham 017,0.21678352818019048,0.04002218830936517,4,0.10425428217523211,0.0018796793046087724,0.019755722883156218,0.19020121686314995,0.17044549397999373
W02000095,2021,Wrexham 018,0,0,4,0.10296206292977753,0.0019715810256099482,0.016314620727433157,0.1908592929614941,0.17454467223406095
W02000096,2021,Wrexham 019,0.2284921390218744,0.04719399962669436,4,0.10877909238366856,0.0018261358086055397,0.02584397386003308,0.1938144431777611,0.16797046931772802
W02000097,2021,Powys 001,0.09544433940052938,0.00456611416643002,14,0.0735077062047105,8.06347887442437e-4,0.01775096041864331,0.12917048170366965,0.11141952128502634
W02000098,2021,Powys 002,0.1396089447123203,0.01577833622180705,13,0.10292853488062437,0.0011735993075169275,0.035978239704573464,0.1704570709873102,0.13447883128273674
W02000099,2021,Powys 003,0.18947225976330812,0.01591104740415212,15,0.14109399028640415,0.0016319432278040361,0.06280645873435381,0.22144190753269663,0.15863544879834282
W02000100,2021,Powys 004,0.30084786128152663,0.00830158794306465,32,0.03818306501017717,2.716273639122413e-4,0.005808133145242783,0.07044612921839385,0.06463799607315107
W02000101,2021,Powys 005,0,0,19,0.09944087987549222,0.0014193582802966007,0.025875411781168034,0.17382612493159058,0.14795071315042255
W02000102,2021,Powys 006,0.02711225174705767,7.801651154317132e-4,16,0.0522042277231634,5.172326707074681e-4,0.007496481691709363,0.09670613762689409,0.08920965593518473
W02000103,2021,Powys 007,0.187231220486261,0.01082193626267944,14,0.11555607508339827,0.0011767929970301107,0.04867563366490035,0.18334023340861866,0.1346645997437183
W02000104,2021,Powys 008,0.23218260438122432,0.01430912483758249,13,0.11896188034802174,0.0012594210909972743,0.04982699327241562,0.18913076154698957,0.13930376827457397
W02000105,2021,Powys 009,0.06604678770346228,0.00420809146373214,15,0.11239892193508157,0.0011099345781504667,0.04712399455044873,0.17787103373345636,0.13074703918300762
W02000106,2021,Powys 010,0.04418643323889526,0.00196485453236236,13,0.09321123308635823,8.45387473526889e-4,0.03620485058573262,0.15030256258198213,0.11409771199624952
W02000107,2021,Powys 011,0.09419578553554664,0.00457976452741175,20,0.11981405295902949,0.0010356876647352848,0.0570380203774202,0.18334775120203342,0.12630973082461322
W02000108,2021,Powys 012,0.13071439914755056,0.00880585338095505,17,0.10417088258803696,0.0011218051693395127,0.03860360256956577,0.17007311337333422,0.13146951080376845
W02000109,2021,Powys 013,0.04606357820323005,0.00115671687406302,19,0.09600355171866629,6.785813978543303e-4,0.04491071463126629,0.14710099497642826,0.10219028034516198
W02000110,2021,Powys 014,0.07649586349486223,0.0031622018401281,25,0.11352988287944185,0.0010154935234507037,0.05116033305940383,0.1762377270939903,0.12507739403458645
W02000111,2021,Powys 015,0.34563781929446286,0.02651960369840405,13,0.13371792368679142,0.0013321875114461932,0.06266025106874816,0.20598238219441134,0.14332213112566317
W02000113,2021,Powys 017,0.0333264045456834,0.00114665466007505,13,0.07708945832050738,6.648179310313525e-4,0.026435276653041476,0.12758431413540366,0.10114903748236219
W02000114,2021,Powys 018,0.1058660636516851,0.0039952661471837,18,0.11989111733582494,0.0011130338553694311,0.0547404870119637,0.1857029638812288,0.1309624768692651
W02000116,2021,Ceredigion 001,0,0,6,0.04215085944043442,4.392806758190537e-4,9.358706010010945e-4,0.08314032877851216,0.08220445817751107
W02000117,2021,Ceredigion 002,0,0,8,0.15261512809860983,0.0018053186430555986,0.06907328447222749,0.23577768152082368,0.1667043970485962
W02000118,2021,Ceredigion 003,0,0,11,0.13396899504110152,0.001720349021147035,0.05290284214289069,0.21584575962769764,0.16294291748480694
W02000120,2021,Ceredigion 005,0,0,6,0.11711123468178526,0.0016475507346530444,0.0380369958856511,0.1975174309507175,0.1594804350650664
W02000122,2021,Ceredigion 007,0,0,11,0.11120449485940248,0.0012145421916257995,0.042930348055934944,0.17973720640798682,0.13680685835205186
W02000123,2021,Ceredigion 008,0.13408260985062156,0.01713986999890884,5,0.13148064744516286,0.0016165388778713494,0.05340949317111163,0.21139346014440596,0.15798396697329434
W02000124,2021,Ceredigion 009,0,0,10,0.09568367947580747,0.0011349889634060218,0.029521133483283973,0.16175951722190618,0.1322383837386222
W02000125,2021,Ceredigion 010,0.21917961940435535,0.02239875888291658,12,0.12083183007675859,0.0013880438831554295,0.048207828969553126,0.19451895348980436,0.14631112452025125
W02000126,2021,Pembrokeshire 001,0,0,6,0.1228784448302679,0.0018390662254106213,0.039725449819200676,0.20830136068950833,0.16857591087030765
W02000127,2021,Pembrokeshire 002,0,0,15,0.10775725324028373,0.0019337441660366471,0.021937546189292778,0.1948261067445893,0.17288856055529653
W02000128,2021,Pembrokeshire 003,0.05785220874888427,0.0024423752881622,9,0.050734428368838826,4.0739832716829436e-4,0.011087868123603711,0.09025267275967425,0.07916480463607053
W02000129,2021,Pembrokeshire 004,0,0,6,0.08891449787274436,0.0012822177922871892,0.018683427889784485,0.15928441800134246,0.14060099011155797
W02000130,2021,Pembrokeshire 005,0.0218462097672741,5.505489771829779e-4,10,0.04741579646130495,4.2504737313382675e-4,0.0068982468645754705,0.0877593211988734,0.08086107433429793
W02000131,2021,Pembrokeshire 006,0,0,14,0.11116772373819152,0.0018426378566245517,0.027519885326594523,0.1961941072728856,0.1686742219462911
W02000132,2021,Pembrokeshire 007,0,0,6,0.0954237963692811,0.0020207339140899307,0.00726927089789868,0.18406122147484344,0.17679195057694475
W02000133,2021,Pembrokeshire 008,0.41283899813086133,0.04757877286985046,10,0.12502745508657528,0.001925616221434015,0.0402001155838114,0.21267090943414604,0.17247079385033465
W02000134,2021,Pembrokeshire 009,0.35622973532524743,0.0621289595695766,10,0.11477158713598802,0.0018270940664876399,0.03190474950891048,0.19982403319023517,0.1679192836813247
W02000135,2021,Pembrokeshire 010,0,0,10,0.10844605852988688,0.0016700057040487817,0.02873530605045453,0.18926300343231162,0.16052769738185707
W02000136,2021,Pembrokeshire 011,0,0,15,0.0833741619710732,0.0011719265586718761,0.016231202233986594,0.15060083161589893,0.13436962938191233
W02000137,2021,Pembrokeshire 012,0.05001729164591482,0.002476362984288,15,0.07689063294506224,9.279593086420952e-4,0.01707800961321739,0.13660597111775472,0.11952796150453732
W02000138,2021,Pembrokeshire 013,0,0,12,0.0924451423332976,0.0019347770386339072,0.006239260331906457,0.17911464435599916,0.1728753840240927
W02000139,2021,Pembrokeshire 014,0,0,11,0.10595998601854961,0.0020370357602804514,0.018103334447644642,0.19550512065688846,0.17740178620924382
W02000140,2021,Pembrokeshire 015,0.14526186177297862,0.01480410744747963,9,0.10990876038380226,0.0016926615328223139,0.029460271015540385,0.1910899221521219,0.1616296511365815
W02000141,2021,Pembrokeshire 016,0,0,10,0.06247784449707525,8.131991618834859e-4,0.006354902106910261,0.11822441322486422,0.11186951111795396
W02000142,2021,Carmarthenshire 001,0.13704682389226022,0.01606175013541019,9,0.0975458931109712,0.0014484264260470287,0.023107098599495335,0.1726144806480166,0.14950738204852126
W02000143,2021,Carmarthenshire 002,0,0,6,0.10078431146475035,0.002015000232493141,0.012634408762950314,0.18921708777317736,0.17658267901022706
W02000144,2021,Carmarthenshire 003,0.09097016580598384,0.00862237090412444,9,0.08781812139223477,8.723216360428336e-4,0.029767113478309834,0.1456606051646511,0.11589349168634126
W02000145,2021,Carmarthenshire 004,0.23456238084119208,0.03797704043668866,7,0.1321480573879689,0.0017291122653735023,0.05133865581709067,0.21478418610997208,0.1634455302928814
W02000146,2021,Carmarthenshire 005,0,0,2,0.10040728067630596,0.0016975141460157746,0.019687984394600955,0.18164472441266838,0.16195674001806742
W02000147,2021,Carmarthenshire 006,0,0,7,0.11274341817630455,0.0019021452986541978,0.027649913258380315,0.199115220161686,0.1714653069033057
W02000148,2021,Carmarthenshire 007,0,0,6,0.12303818025923063,0.002045105176534687,0.03491940452719387,0.21270172407537496,0.17778231954818108
W02000149,2021,Carmarthenshire 008,0.19823795880340647,0.03118803907968298,6,0.10783015202262142,0.0015701540154001508,0.030198716983857163,0.18582195821132808,0.1556232412274709
W02000151,2021,Carmarthenshire 010,0,0,4,0.11692457154740957,0.0018613404709689819,0.033122422456044465,0.2027864606613558,0.16966403820531134
W02000152,2021,Carmarthenshire 011,0.06020085014244122,0.0037736298794235,8,0.08982022872826133,0.0012195911655746938,0.021289332024176405,0.1584159216910866,0.1371265896669102
W02000153,2021,Carmarthenshire 012,0,0,7,0.0988443969262479,0.0018903022261341233,0.013821205577892057,0.184777031675448,0.17095582609755594
W02000154,2021,Carmarthenshire 013,0.2285910182098281,0.01805950830733252,8,0.11980883886368095,0.0014852610262302733,0.044678374962723005,0.1960634555217176,0.1513850805589946
W02000156,2021,Carmarthenshire 015,0,0,12,0.08034876677170724,0.0013312482697210683,0.008641333147306418,0.15191338353439027,0.14327205038708385
W02000157,2021,Carmarthenshire 016,0,0,4,0.09959503206151073,0.0014567285760232267,0.024895751864368168,0.17481806224519048,0.14992231038082232
W02000158,2021,Carmarthenshire 017,0.04756372055979965,0.00224029093699532,15,0.05643492469090751,5.319106115048971e-4,0.011093979227024174,0.1015593692641705,0.09046539003714632
W02000159,2021,Carmarthenshire 018,0.08954296808812531,0.00772963009383915,9,0.10430763612152223,0.0013931635350901488,0.031213316707442748,0.17779807501113487,0.1465847583036921
W02000160,2021,Carmarthenshire 019,0,0,5,0.10276875164849192,0.0019360527014152858,0.01684411953886962,0.18985864778682482,0.1730145282479552
W02000161,2021,Carmarthenshire 020,0.09864675077769616,0.00928749944213018,11,0.11370218945478583,0.0016858902040797086,0.03347003552424753,0.1947863062446657,0.16131627072041815
W02000162,2021,Carmarthenshire 021,0.03230184194529271,0.00120239049805652,11,0.05783078342493549,7.730512401742948e-4,0.0031192982194326244,0.11219886534281451,0.10907956712338188
W02000163,2021,Carmarthenshire 022,0.23659184026031504,0.02579313541890911,12,0.12702325688287602,0.0018169262064366212,0.04396730104898003,0.21144570148272857,0.16747840043374854
W02000164,2021,Carmarthenshire 023,0.26102730416474546,0.02976521032347925,7,0.13187432339134847,0.0015078018183177604,0.056417994726966555,0.20893157652802896,0.1525135818010624
W02000165,2021,Carmarthenshire 024,0.7492109322523505,0.04213698707853686,7,0.10439426864502338,0.00116078518914115,0.03755651767306428,0.17128197227656777,0.1337254546035035
W02000166,2021,Carmarthenshire 025,0.15612989955161513,0.02693023445625694,4,0.1263564926730202,0.001907436262989736,0.04153900220101507,0.21318267792636095,0.1716436757253459
W02000167,2021,Carmarthenshire 026,0.33604421260374767,0.04204022748596404,9,0.15509855232603947,0.0019899784061770537,0.06901049952583657,0.24429503474980296,0.1752845352239664
W02000168,2021,Swansea 001,0,0,13,0.1082801791698344,0.001857137404527512,0.02404538437837936,0.19346075015152903,0.16941536577314967
W02000169,2021,Swansea 002,0.32726129190546793,0.06176508163109479,6,0.12309544266738401,0.0016356542211415877,0.044560595474764195,0.20348990218942298,0.15892930671465877
W02000170,2021,Swansea 003,0,0,5,0.11433971314389173,0.0018032556874020866,0.031479143987979866,0.19836523243605134,0.16688608844807146
W02000171,2021,Swansea 004,0.23017958058915464,0.02603927313980572,9,0.12963204666217168,0.00197599441833278,0.04359727848929172,0.21828763699133985,0.17469035850204812
W02000172,2021,Swansea 005,0.09428135406700092,0.00865036864405945,8,0.09966217449586072,0.0016939575541035261,0.018902567626631464,0.18061616461433133,0.16171359698769988
W02000173,2021,Swansea 006,0.31339800305349097,0.04472444693261124,12,0.11563232539669727,0.001876762750854065,0.03116043648966567,0.20138992324603502,0.17022948675636934
W02000174,2021,Swansea 007,0.06210812928663949,0.0037572545052504,13,0.08943742216494678,0.0013148025791056733,0.01830356250340613,0.16067281382533805,0.1423692513219319
W02000175,2021,Swansea 008,0,0,3,0.1172358912038138,0.002081547407999976,0.027783004412599288,0.2071710378814619,0.17938803346886262
W02000176,2021,Swansea 009,0.3415309764087192,0.06091412099118625,7,0.11691099493751599,0.001857005900584484,0.03301598434525056,0.20240024005831742,0.16938425571306687
W02000177,2021,Swansea 010,0,0,8,0.09445945641198186,0.0020919357639676305,0.004743286930697449,0.18460185426959752,0.17985856733890007
W02000178,2021,Swansea 011,0.10557749277367684,0.00973051594575015,13,0.12178658212660087,0.001807876295235846,0.0382608499370404,0.20530243718668945,0.16704158724964904
W02000179,2021,Swansea 012,0.08944517479268621,0.00754761580464424,10,0.05573401058592778,9.35763221895477e-4,-0.004540237227070393,0.11549386228527508,0.12003409951234548
W02000180,2021,Swansea 013,0,0,5,0.10084444147108554,0.0015843243325801733,0.022696034605590915,0.17905759542250554,0.15636156081691463
W02000181,2021,Swansea 014,0,0,5,0.097348809524153,0.001538831741376971,0.02019541788159561,0.17424728508209242,0.1540518672004968
W02000182,2021,Swansea 015,0.03075304023895119,0.00112422444029347,11,0.0423659781454138,5.583550492948526e-4,-0.0041260658146991536,0.08855419080073507,0.09268025661543422
W02000183,2021,Swansea 016,0,0,11,0.10931840160718029,0.0017385287399706158,0.027454623062292946,0.19128276779950704,0.16382814473721408
W02000184,2021,Swansea 017,0.1945492170053909,0.03330182419997291,5,0.11753289821604702,0.0017242583312981825,0.036520671037776176,0.1996912226785228,0.16317055164074662
W02000185,2021,Swansea 018,0,0,12,0.11260867699673759,0.0020602653478168243,0.024160549353535024,0.2026083954927556,0.1784478461392206
W02000186,2021,Swansea 019,0.1650752298991866,0.02123591473622745,11,0.1413907624779004,0.001745562293185666,0.059608705470319906,0.22370456910308115,0.16409586363276124
W02000188,2021,Swansea 021,0.02512028909033901,6.998130632569989e-4,10,0.05348929345400795,5.195529495782745e-4,0.00865446491299917,0.09805580401031569,0.08940133909731651
W02000189,2021,Swansea 022,0,0,10,0.12678284502516396,0.0020965733551868704,0.037169813775020044,0.21716194544898948,0.17999213167396944
W02000191,2021,Swansea 024,0.3988146059280348,0.04014108920948344,8,0.1697025751175768,0.0021178824088244133,0.08030402615376211,0.261086846495434,0.1807828203416719
W02000192,2021,Swansea 025,0.08772431892535032,0.00746695727101445,10,0.109350269092856,0.0018277652358405748,0.02538603209992936,0.19312037641878407,0.1677343443188547
W02000193,2021,Swansea 026,0.3583113814135157,0.03493154188568444,10,0.15281948669780765,0.0023859619698330704,0.05699896351554862,0.24871537554458184,0.19171641202903322
W02000194,2021,Swansea 027,0,0,7,0.13492246170818575,0.0023096066109971926,0.0405456796715489,0.22945193181917983,0.18890625214763093
W02000195,2021,Swansea 028,0.10947433149693314,0.0065984111173372,13,0.1304871861276672,0.0011911366161861392,0.0630423049083757,0.19847328493467575,0.13543098002630005
W02000196,2021,Swansea 029,0,0,7,0.11659428089719057,0.0023615729212752147,0.02116420839890107,0.21228492292302542,0.19112071452412435
W02000197,2021,Swansea 030,0,0,7,0.10531630428586722,0.002218632336478536,0.012877135643096574,0.19807469797298022,0.18519756232988366
W02000198,2021,Swansea 031,0.17904818711813564,0.01186535148014989,11,0.14324001190168906,0.0019430124048035564,0.05733252842498211,0.23050540244490186,0.17317287401991976
W02000200,2021,Neath Port Talbot 002,0.1350110123263027,0.01593009202442366,8,0.03591344938969661,8.151329659364384e-4,-0.020417620121534134,0.09159618981226625,0.11201380993380039
W02000201,2021,Neath Port Talbot 003,0,0,12,0.09860205192511186,0.0019116992055938206,0.012881521620184203,0.18485617348893574,0.17197465186875155
W02000202,2021,Neath Port Talbot 004,0.2437751959290285,0.02544080132501822,9,0.12849535056247868,0.0017917038664192165,0.046433655864694695,0.21285171494805583,0.16641805908336113
W02000204,2021,Neath Port Talbot 006,0.1782666596818152,0.02778396467983425,6,0.10625544828460488,0.0018253306052230505,0.02272369914515225,0.19066353475976422,0.16793983561461195
W02000205,2021,Neath Port Talbot 007,0.35840498484678074,0.04385432942156078,6,0.12078470059013587,0.0018238159441497008,0.03767488868228505,0.20554746636597365,0.1678725776836886
W02000206,2021,Neath Port Talbot 008,0.07142232075243102,0.0027191382455396,14,0.2926874207560418,8.455687714905013e-4,0.23620846545080137,0.35017468133384566,0.11396621588304429
W02000207,2021,Neath Port Talbot 009,0.25905486006221407,0.02018704851764841,10,0.12240449682580336,0.0014425527243877787,0.04803368346018923,0.19717572527830932,0.14914204181812007
W02000208,2021,Neath Port Talbot 010,0.06567448442388035,0.00435618132141005,8,0.09721007560931587,0.0014762975565871701,0.021836497193415044,0.17266906583474412,0.15083256864132907
W02000210,2021,Neath Port Talbot 012,0.16203712282595134,0.02539782339713333,6,0.13429241805567116,0.00172397043763859,0.05316327597946778,0.21625625946651938,0.1630929834870516
W02000211,2021,Neath Port Talbot 013,0.23553312616071945,0.01659358717647248,12,0.12812222733867912,0.0015394823665111218,0.05125800350203717,0.20533670088769057,0.15407869738565338
W02000212,2021,Neath Port Talbot 014,0.2677788171470654,0.02614717165176611,10,0.13076176255019617,0.0012113592912382613,0.0627295784044935,0.19937989612071172,0.13665031771621822
W02000213,2021,Neath Port Talbot 015,0.05389160108305756,0.00299139629101427,8,0.08170003173273435,9.319177492785792e-4,0.021597548046425094,0.14138180371747397,0.11978425567104888
W02000214,2021,Neath Port Talbot 016,0.06823242992753273,0.00496713397966649,6,0.09564056772243716,9.698927662707482e-4,0.03441485444389796,0.15660702885249292,0.12219217440859495
W02000215,2021,Neath Port Talbot 017,0.29535108093288087,0.03444030204686686,6,0.13224716679973042,0.0020700196190083058,0.043233424303906406,0.2221036203472449,0.17887019604333848
W02000216,2021,Neath Port Talbot 018,0.1939132220476324,0.0146557278124347,10,0.1230120944723433,0.0015240551620238527,0.0466754319846959,0.20001896008361725,0.15334352809892135
W02000217,2021,Neath Port Talbot 019,0.09387957998462136,0.00896470657534745,6,0.11428883928443222,0.0016647016898845256,0.034046773863946736,0.19436961666793479,0.16032284280398806
W02000218,2021,Bridgend 001,0.15800958585742095,0.01255934277332099,10,0.11184586268704645,0.001369120794135523,0.0392792510202835,0.18457910929272114,0.14529985827243763
W02000219,2021,Bridgend 002,0.3443152298894676,0.0426693919353435,7,0.10653752421492237,0.0014083573172701533,0.03282437866990129,0.1802022412121775,0.14737786254227622
W02000220,2021,Bridgend 003,0.3163729247039421,0.04674368472405334,5,0.12470498167732201,0.0018870264671684619,0.04018442807275971,0.21096907018134753,0.17078464210858782
W02000221,2021,Bridgend 004,0.1706260169161869,0.02459766896340362,6,0.12408642110813711,0.001686357204045854,0.04392654764702425,0.20531403175470203,0.16138748410767778
W02000222,2021,Bridgend 005,0.19854904870901657,0.01952349031918925,8,0.11430331592943065,0.0015791418454338122,0.03662363789882432,0.19274298337740273,0.15611934547857842
W02000223,2021,Bridgend 006,0.08401065019598318,0.00655594113393967,12,0.10739437356951131,0.0012599394898977906,0.037637377212097034,0.1770112362300127,0.13937385901791566
W02000224,2021,Bridgend 007,0.7152273905640969,0.02567485584309066,8,0.15916792913472905,0.001943342605315847,0.07435059495328325,0.24762786863836886,0.1732772736850856
W02000225,2021,Bridgend 008,0.17185562126867276,0.01169144608310289,15,0.12649038813966473,0.0017396514828605866,0.045075534656941946,0.20896332751868346,0.16388779286174152
W02000226,2021,Bridgend 009,0.1877215164823944,0.0112726673227187,13,0.07899728785198654,7.685621993167312e-4,0.024448116490029523,0.1332146622443448,0.10876654575431528
W02000227,2021,Bridgend 010,0.39761037884404415,0.03566960811240275,11,0.11831744210898539,0.0013202241073745175,0.04713696222484573,0.18980111442488368,0.14266415220003795
W02000228,2021,Bridgend 011,0.4101397733803831,0.07212175581950968,6,0.09942945226096278,0.002011150657771032,0.011809140616335756,0.18783749740724687,0.1760283567909111
W02000229,2021,Bridgend 012,0.372596028853177,0.05143712390680408,10,0.05034734845009879,5.082484724375051e-4,0.006025690615377166,0.09444890454337113,0.08842321392799396
W02000230,2021,Bridgend 013,0.2016441058332007,0.03198579527481923,6,0.07398607631341246,8.005815088814707e-4,0.018285407108162177,0.12929216657303688,0.1110067594648747
W02000231,2021,Bridgend 014,0.2472861559093759,0.02086188485061717,13,0.11971199926946476,0.0013558920676024662,0.04738400391000355,0.19196532177705417,0.1445813178670506
W02000232,2021,Bridgend 015,0.2089893262583731,0.03245549152384563,7,0.12846795246710316,0.0014120148656821506,0.0550927693916166,0.20266932019192624,0.14757655080030962
W02000233,2021,Bridgend 016,0.1889879167546872,0.01679458206755793,11,0.1049450990137706,0.0011414721965865712,0.038551527027416946,0.17114463821358308,0.13259311118616612
W02000234,2021,Bridgend 017,0.23793242127900188,0.02837439863724711,7,0.152462007549348,0.0018710969145026048,0.06836452359934918,0.23830689089287171,0.16994236729352252
W02000235,2021,Bridgend 018,0.5408530781595624,0.05900934608218884,7,0.12144073831878892,0.002024896848799907,0.0335957008599226,0.2104267376696526,0.17683103680973
W02000236,2021,Bridgend 019,0.7427696585151857,0.02582544992658348,12,0.15264127465705904,0.0016684935480310926,0.07348363812378167,0.23390607314949102,0.16042243502570935
W02000237,2021,Vale of Glamorgan 001,0,0,6,0.13215098680930734,0.0015250057788242927,0.055777067319329535,0.20916955434620393,0.1533924870268744
W02000238,2021,Vale of Glamorgan 002,0.0697226178451028,0.00512124616335283,10,0.11192167633000999,0.0011552031853016406,0.04503787230497382,0.178429874452661,0.1333920021476872
W02000239,2021,Vale of Glamorgan 003,0.0878882555274812,0.00447735435358631,13,0.11894525529635577,0.0011699231442521844,0.05173809545436529,0.18600436219269417,0.13426626673832887
W02000240,2021,Vale of Glamorgan 004,0.3842605519584914,0.02654797717361021,11,0.16478498203828612,0.0018051693518913103,0.08237193721117074,0.24932584786971018,0.16695391065853943
W02000241,2021,Vale of Glamorgan 005,0.3254299456153663,0.02399623667622223,10,0.15265386043294776,0.0016041721446166425,0.07413447334108449,0.23139591337136292,0.15726144003027842
W02000242,2021,Vale of Glamorgan 006,0.23229378979409,0.02616522429055024,7,0.14409822005566048,0.0019023771250982204,0.05912225454366367,0.23054159892480874,0.1714193443811451
W02000243,2021,Vale of Glamorgan 007,0.09583720050472132,0.00445311557213456,17,0.11427701032446351,0.0010831759344651483,0.04954115036920245,0.1786979779683216,0.12915682759911915
W02000244,2021,Vale of Glamorgan 008,0.0930599756826962,0.00814188401424482,11,0.13036645952768583,0.0014290754625904051,0.0562098597972986,0.204656217551211,0.1484463577539124
W02000245,2021,Vale of Glamorgan 009,0,0,6,0.1257045740269774,0.0016527913614962709,0.045946341511254554,0.2056713041114815,0.15972496260022695
W02000246,2021,Vale of Glamorgan 010,0.40298903120194407,0.04840920788628492,7,0.14349922580335125,0.0019688931621129127,0.057549898676708094,0.23192217257292755,0.17437227389621945
W02000247,2021,Vale of Glamorgan 011,0.5089711206498703,0.04487040727336258,6,0.1547229475689836,0.0016233212951949386,0.0763611137015653,0.23459861440632535,0.15823750070476006
W02000248,2021,Vale of Glamorgan 012,0.09452546823005964,0.00857139382610514,8,0.14597526791057436,0.0015107994874129504,0.06981389040013855,0.222416712890473,0.15260282249033444
W02000249,2021,Vale of Glamorgan 013,0,0,1,0.15861836982802613,0.002014675783214626,0.07101858057644254,0.24740370219844315,0.1763851216220006
W02000250,2021,Vale of Glamorgan 014,0.25625338871703796,0.05443056319780204,4,0.13868562950720242,0.0017003818203495042,0.0584519069449744,0.22046248633778104,0.16201057939280664
W02000251,2021,Vale of Glamorgan 015,0,0,12,0.15737756285744006,0.0018469763293384245,0.07359890396072773,0.24249455852912377,0.16889565456839606
W02000252,2021,Rhondda Cynon Taf 001,0,0,12,0.09787136716744113,0.0019183035337507776,0.011636046214331966,0.18396740530423722,0.17233135908990527
W02000253,2021,Rhondda Cynon Taf 002,0,0,8,0.10306851770323795,0.001982029782209852,0.015536166012239366,0.19064240718016284,0.17510624116792348
W02000254,2021,Rhondda Cynon Taf 003,0.45613524911080167,0.07806328820345773,6,0.1125403289366647,0.001950387260986572,0.026077525909910595,0.1997847982774129,0.17370727236750233
W02000255,2021,Rhondda Cynon Taf 004,0.21476578694195855,0.03247331881536928,9,0.113568924591216,0.001695094729426626,0.03302447331935757,0.19486501633455866,0.1618405430152011
W02000256,2021,Rhondda Cynon Taf 005,0.11179896075730704,0.01287202005263511,5,0.11782839218223487,0.0016638015025881388,0.03800848126710843,0.19832221027271574,0.1603137290056073
W02000257,2021,Rhondda Cynon Taf 006,0,0,4,0.10220808532669136,0.0015584703415984606,0.02452563696405481,0.1796514469709672,0.1551258100069124
W02000258,2021,Rhondda Cynon Taf 007,0,0,8,0.10385132462767312,0.0019336838399820475,0.017544040665381636,0.19045749496289172,0.1729134542975101
W02000259,2021,Rhondda Cynon Taf 008,0,0,8,0.08193593222604637,0.0014524095984701814,0.0065361326261782204,0.1562034598304216,0.1496673272042434
W02000260,2021,Rhondda Cynon Taf 009,0.2524366414500395,0.01998260887720358,9,0.12435576570340044,0.001817695689765595,0.0411429472924682,0.20874481984705057,0.16760187255458237
W02000261,2021,Rhondda Cynon Taf 010,0,0,12,0.09108017371274155,0.001329167480918351,0.01926949803990008,0.16242586811068752,0.14315637007078744
W02000262,2021,Rhondda Cynon Taf 011,0,0,7,0.10437535668777548,0.0018336633445601277,0.020405987798558373,0.1887176647814689,0.16831167698291052
W02000263,2021,Rhondda Cynon Taf 012,0.14227615304313618,0.0098252087922224,10,0.10410478668819234,0.001283124328425004,0.03379492882963707,0.17445631912375986,0.14066139029412278
W02000264,2021,Rhondda Cynon Taf 013,0.08858266354524647,0.00730549835997708,11,0.11038793336212531,0.0015594260139452712,0.03303304344504682,0.18817250293392412,0.1551394594888773
W02000265,2021,Rhondda Cynon Taf 014,0.05132387244528289,0.0028207968927463,8,0.08998484655307411,0.001108063036050112,0.024493791875006388,0.1551565348770153,0.13066274300200892
W02000266,2021,Rhondda Cynon Taf 015,0,0,5,0.12560541320352775,0.001787331724049879,0.04313107634474202,0.20935567141556824,0.1662245950708262
W02000267,2021,Rhondda Cynon Taf 016,0,0,6,0.1084868141825443,0.0020086214117877327,0.020696519449868292,0.1969453111087315,0.1762487916588632
W02000268,2021,Rhondda Cynon Taf 017,0,0,3,0.07289757436621265,8.624730206614177e-4,0.014977237723057257,0.13020919549834534,0.11523195777528808
W02000269,2021,Rhondda Cynon Taf 018,0.08489608206896909,0.00688138809569497,9,0.10365651959224448,0.0015463232515906516,0.026293419279639324,0.18079796495060696,0.15450454567096764
W02000270,2021,Rhondda Cynon Taf 019,0,0,5,0.10990125101904176,0.001947884836529643,0.023177425422848424,0.19678706611106217,0.17360964068821375
W02000271,2021,Rhondda Cynon Taf 020,0,0,5,0.10115442138019574,0.0018464631554528288,0.01661975601177179,0.18553226606438328,0.1689125100526115
W02000272,2021,Rhondda Cynon Taf 021,0.23744356703814623,0.03912458022743475,7,0.13368979011610232,0.0017207971625834465,0.05262767894024668,0.2157089583048715,0.1630812793646248
W02000273,2021,Rhondda Cynon Taf 022,0.4992046024265114,0.08652624919370804,4,0.15434985301217027,0.0021400351296835857,0.06393467793687921,0.24576092576219877,0.18182624782531956
W02000274,2021,Rhondda Cynon Taf 023,0.07445337174504847,0.00523924836027016,13,0.10496407363003168,0.0013509653672832238,0.03284916587196195,0.1771948644548802,0.14434569858291824
W02000275,2021,Rhondda Cynon Taf 024,0,0,6,0.12101274553799693,0.0017789947399369005,0.03870097988024741,0.2045255584848556,0.1658245786046082
W02000276,2021,Rhondda Cynon Taf 025,0,0,3,0.11343271996960105,0.001805435330287571,0.030113358437842602,0.19715409410613177,0.16704073566828917
W02000277,2021,Rhondda Cynon Taf 026,0.20879429506292893,0.0361116556916902,5,0.12399742860750415,0.00163084289178121,0.04479041415456603,0.20348426157247046,0.15869384741790443
W02000278,2021,Rhondda Cynon Taf 027,0.18255421188670268,0.01776429243785815,8,0.11255886565643176,0.001508246266055146,0.0364369778995227,0.1889703677813225,0.15253338988179982
W02000279,2021,Rhondda Cynon Taf 028,0.1231693676092707,0.01379060584948184,8,0.1281747741751578,0.001631041544549523,0.049373899339166014,0.20805811718363507,0.15868421784446907
W02000280,2021,Rhondda Cynon Taf 029,0.24440039640518788,0.04037675502059418,7,0.13435723892153129,0.0018772383964624146,0.04997948415735695,0.22030129475577243,0.17032181059841547
W02000281,2021,Rhondda Cynon Taf 030,0.06235284232741819,0.00384542022198588,11,0.1000341548010442,0.0011983570028158924,0.03186918223993611,0.16778532735048612,0.13591614511055
W02000282,2021,Rhondda Cynon Taf 031,0,0,8,0.11786212869571357,0.0016891695878193203,0.03707504263268545,0.1985962733051853,0.16152123067249985
W02000284,2021,Merthyr Tydfil 002,0,0,8,0.09385129500112961,0.0010611501933752623,0.02982942128733765,0.15769754832281524,0.1278681270354776
W02000285,2021,Merthyr Tydfil 003,0.04783204821367207,0.0022579170183266,14,0.08584953579314138,9.186697317012826e-4,0.026280964993059784,0.14522321485764952,0.11894224986458973
W02000286,2021,Merthyr Tydfil 004,0,0,13,0.1370697556145523,0.0016122959550029477,0.058666403801074005,0.21638534269084303,0.157718938889769
W02000287,2021,Merthyr Tydfil 005,0.28424014016189636,0.01580350178666467,15,0.1243006200476518,0.0013632199857115772,0.05237004236977978,0.19736236047575645,0.14499231810597668
W02000288,2021,Merthyr Tydfil 006,0,0,15,0.13587755135897953,0.0014888102845245913,0.06103022453355572,0.21259405811652435,0.15156383358296863
W02000289,2021,Merthyr Tydfil 007,0.502546487410291,0.02752522054250398,10,0.13132411011592712,0.001441849697099994,0.05752919796434894,0.2066703362302667,0.14914113826591777
W02000290,2021,Caerphilly 001,0.1505846982555116,0.01136164469830365,8,0.12518681524967887,0.0016074940147105673,0.04709769780799897,0.20463646814338676,0.1575387703353878
W02000291,2021,Caerphilly 002,0.29516036906540793,0.03690597982520536,6,0.1142041224838063,0.0018807089520256877,0.02963379492642719,0.20018126608968237,0.1705474711632552
W02000292,2021,Caerphilly 003,0,0,6,0.11164136914527052,0.0016505289744693352,0.0320178751558432,0.1916933386522845,0.1596754634964413
W02000293,2021,Caerphilly 004,0,0,4,0.11152129226881322,0.0019924620708736073,0.023792792825140005,0.19935527878936773,0.17556248596422774
W02000294,2021,Caerphilly 005,0.1119222634503804,0.01155757883382839,8,0.12283580392512264,0.0014818946370114985,0.0478314629242748,0.19906049281179095,0.15122902988751613
W02000295,2021,Caerphilly 006,0,0,5,0.10939476335070003,0.0018678224699459952,0.025284356558607488,0.1951928407669927,0.16990848420838522
W02000296,2021,Caerphilly 007,0.18886448092645217,0.020736039521925,7,0.12008906510654034,0.001616518361714751,0.041653304712681666,0.1996461503067,0.15799284559401833
W02000297,2021,Caerphilly 008,0,0,4,0.044001570393631895,4.414116768598116e-4,0.0026586025830685686,0.08506229500836629,0.08240369242529771
W02000298,2021,Caerphilly 009,0,0,8,0.11180649727634681,0.0019821133652794727,0.02444898230160167,0.1995600317587349,0.17511104945713324
W02000299,2021,Caerphilly 010,0,0,6,0.11734373859229662,0.00184134866658805,0.03364825960646764,0.20228916673013456,0.16864090712366692
W02000300,2021,Caerphilly 011,0,0,5,0.10316050129577181,0.0018697322300275637,0.0184503979933104,0.18846195157158355,0.17001155357827313
W02000301,2021,Caerphilly 012,0,0,8,0.10483153186171085,0.0019544492711358256,0.018061810259666508,0.19197531223103653,0.17391350197137
W02000302,2021,Caerphilly 013,0,0,8,0.1174961704987342,0.0018510218370869534,0.0334168608200541,0.20261931522329313,0.16920245440323903
W02000303,2021,Caerphilly 014,0,0,7,0.10148770928010242,0.0014327655492980017,0.02722283701431559,0.17588559927320807,0.14866276225889247
W02000304,2021,Caerphilly 015,0,0,7,0.08002376283100227,0.0010950208850795545,0.014782469750682883,0.14467690370435476,0.1298944339536719
W02000305,2021,Caerphilly 016,0.573935559463205,0.05833176520419561,5,0.12208255889223481,0.0020593279723034093,0.0335770030734132,0.21200514731651415,0.17842814424310094
W02000306,2021,Caerphilly 017,0,0,8,0.12273942084466526,0.0017987155830816342,0.040117326476840506,0.20683596988098718,0.16671864340414666
W02000307,2021,Caerphilly 018,0.4320452407582359,0.03625548987556307,7,0.14902745652172797,0.001800494142953444,0.06681888901112767,0.2335597662836455,0.16674087727251782
W02000308,2021,Caerphilly 019,0,0,7,0.10664746723729426,0.0014825304518272483,0.03087847190363266,0.18214591885188713,0.15126744694825447
W02000309,2021,Caerphilly 020,0,0,7,0.13834473672391595,0.0017045665307526686,0.05798511944978703,0.2202367954699685,0.16225167602018148
W02000310,2021,Caerphilly 021,0,0,7,0.13069674987331412,0.001886478616222414,0.04581692865301763,0.21662245168782257,0.17080552303480495
W02000311,2021,Caerphilly 022,0,0,2,0.10525300116990279,0.001333874326341012,0.03320235255394571,0.17661792827900596,0.14341557572506025
W02000312,2021,Caerphilly 023,0.3425450280076635,0.04832520891100893,5,0.1292487521174489,0.0019463374363059248,0.04299034576624104,0.2164800728346949,0.17348972706845384
W02000313,2021,Caerphilly 024,0,0,3,0.13283769348324487,0.0019912282500127135,0.04548427650032684,0.220974556499511,0.17549027999918415
W02000314,2021,Blaenau Gwent 001,0,0,11,0.09500613954186976,0.0016125327790897476,0.01637073679085431,0.1741486788976494,0.15777794210679508
W02000315,2021,Blaenau Gwent 002,0,0,5,0.048999241195799584,5.61932005605118e-4,0.0023848346611561252,0.09536775693926522,0.09298292227810909
W02000316,2021,Blaenau Gwent 003,0,0,8,0.11051559264710653,0.00159364093820041,0.032529884708710904,0.18939619692678222,0.15686631221807132
W02000317,2021,Blaenau Gwent 004,0.07684608211718354,0.0055712179983515,13,0.11026551766470766,0.0013940025466657056,0.03739829620477478,0.18402342142935627,0.1466251252245815
W02000318,2021,Blaenau Gwent 005,0.09591177864401844,0.00500803683223185,13,0.07220551928893659,7.690687632528754e-4,0.017706770762854034,0.1265129436529115,0.10880617289005745
W02000319,2021,Blaenau Gwent 006,0.3324055890215195,0.03546240437466064,7,0.11487786694580547,0.0014574592262032156,0.04031263912171279,0.19027883315840877,0.14996619403669598
W02000320,2021,Blaenau Gwent 007,0,0,10,0.10538361293340172,0.001735172148447626,0.02419165333863725,0.18791261044882202,0.16372095711018475
W02000321,2021,Blaenau Gwent 008,0.1427824828460426,0.01653797436940841,13,0.09870653796100513,0.001795907968681133,0.01572410291501561,0.18232613470891584,0.16660203179390023
W02000322,2021,Blaenau Gwent 009,0.27964622072196255,0.02017118479351907,12,0.11627986765245786,0.0015400286087683748,0.03984976851400024,0.19397184379728635,0.15412207528328611
W02000323,2021,Torfaen 001,0,0,3,0.06044820905409569,8.074731413825914e-4,0.0044952507550209825,0.1159880554509524,0.11149280469593141
W02000324,2021,Torfaen 002,0.14659302990796735,0.01220798597388092,8,0.09343938105881198,0.0013169648382955655,0.02239362050576829,0.1649083728106241,0.1425147523048558
W02000325,2021,Torfaen 003,0.14780344870627912,0.01885439370001807,7,0.11453050485563859,0.0016015333348563066,0.03627787816847902,0.19348929236116136,0.15721141419268234
W02000326,2021,Torfaen 004,0,0,8,0.07308777756879119,9.32092101327246e-4,0.01296702521936146,0.13277657678764135,0.11980955156827988
W02000327,2021,Torfaen 005,0,0,7,0.05174836876150422,6.511548865679948e-4,0.0015550178760116232,0.10165515341282835,0.10010013553681674
W02000328,2021,Torfaen 006,0.13336829110225745,0.01636135473065036,6,0.08491484623153686,0.0011984363955408874,0.016925189999520557,0.15281481037601352,0.13588962037649296
W02000329,2021,Torfaen 007,0.07459865787870286,0.00544087502413176,9,0.11421968838662663,0.0013101202960617735,0.04333144050895549,0.18545444136416842,0.14212300085521293
W02000330,2021,Torfaen 008,0,0,6,0.11073342314894553,0.0018961578196882679,0.02587666029563268,0.19706911458165383,0.17119245428602115
W02000331,2021,Torfaen 009,0,0,5,0.1406255919033406,0.0020772249371984984,0.05181075461273982,0.23091207205212305,0.17910131743938323
W02000332,2021,Torfaen 010,0,0,10,0.08363832771922318,9.513110499943002e-4,0.02287394901284305,0.14390580819923282,0.12103185918638977
W02000333,2021,Torfaen 011,0,0,14,0.10464824154658449,0.0019308984485378235,0.018575772857252495,0.19136270243471284,0.17278692957746034
W02000334,2021,Torfaen 012,0.43663510383048343,0.09292600955045602,3,0.12243880572452838,0.0016675351897203117,0.042970016796850516,0.20343646591822756,0.16046644912137703
W02000335,2021,Torfaen 013,0.06905700055019381,0.00495079082797615,7,0.09853237853647584,0.0014186189954542659,0.024530328609967803,0.17247827486210685,0.14794794625213903
W02000336,2021,Monmouthshire 001,0,0,5,0.040791758733807706,3.9919001711233656e-4,0.001509437269204196,0.07987115630219466,0.07836171903299047
W02000337,2021,Monmouthshire 002,0.0664034393909624,0.00464130879896362,12,0.10197853253965299,9.546924637185532e-4,0.04122769036998941,0.16246814811096716,0.12124045774097775
W02000338,2021,Monmouthshire 003,0.08117764504973123,0.00683891887556973,7,0.10719450057462529,0.0014287261724418336,0.03352988550637276,0.18198482521675785,0.1484549397103851
W02000339,2021,Monmouthshire 004,0.0805840494703497,0.00235258584608737,22,0.10397316961773163,0.0010507521237784166,0.0403746614752621,0.16759190678498356,0.12721724530972145
W02000340,2021,Monmouthshire 005,0.2493855064044002,0.04461862826729217,5,0.09490950048821988,9.401533381241459e-4,0.03469468256295457,0.15500964161402686,0.12031495905107228
W02000341,2021,Monmouthshire 006,0.05331547271456603,0.0029665693676985,8,0.046482241522418956,3.7062070292880967e-4,0.00866352275439649,0.08416941117624377,0.07550588842184727
W02000342,2021,Monmouthshire 007,0,0,9,0.11494178566437868,0.0018633730169438092,0.030640142168096934,0.20028275149231234,0.1696426093242154
W02000343,2021,Monmouthshire 008,0,0,16,0.10063993002084212,0.0013686606027912553,0.027911375361832594,0.17316636608814587,0.14525499072631326
W02000344,2021,Monmouthshire 009,0.15467507421381077,0.0150305474461935,9,0.11765422332419152,0.0016638414823884357,0.03813698428527475,0.19838717973804532,0.16025019545277058
W02000345,2021,Monmouthshire 010,0.2752911092516351,0.01877852125088854,12,0.13564393392503818,0.0016629010912619926,0.056270432555463906,0.2164095728213083,0.1601391402658444
W02000346,2021,Monmouthshire 011,0,0,9,0.12129182020940361,0.0016978461352280749,0.04072267778174804,0.20257633615527482,0.16185365837352678
W02000347,2021,Newport 001,0.17701533329397057,0.01331387707291669,11,0.10279156573285717,0.001053428203668969,0.03904865510118537,0.16642340706409986,0.12737475196291448
W02000348,2021,Newport 002,0,0,4,0.10809741133547175,0.0021627241937594646,0.016598696179496872,0.1994704409549124,0.1828717447754155
W02000349,2021,Newport 003,0.11657089572760564,0.01464963988680642,5,0.12838646018794736,0.0014434327366187466,0.05401969152587485,0.20320967377274335,0.1491899822468685
W02000350,2021,Newport 004,0.222557700948331,0.04184543372881259,4,0.07387600422521513,8.684188614040732e-4,0.01589896275393792,0.13152118718236613,0.1156222244284282
W02000351,2021,Newport 005,0.22744423718807197,0.06188759010254333,2,0.07310468962474215,8.697113911363051e-4,0.014961080704831098,0.13065432043925623,0.11569323973442514
W02000352,2021,Newport 006,0.519228760498974,0.124907484922061,2,0.13045845514743065,0.001631192500258106,0.051224299561577216,0.209860026753277,0.15863572719169977
W02000353,2021,Newport 007,0.26820930542550536,0.05444648310025773,4,0.12605546198852982,0.0019840369598544956,0.03860524506492706,0.21360908861782632,0.17500384355289927
W02000354,2021,Newport 008,0,0,6,0.10594098349079373,0.0022427156400049194,0.012661785732982891,0.1988548010464246,0.18619301531344173
W02000355,2021,Newport 009,0.11442809147415396,0.01383337750064948,4,0.12110420755048561,0.0018061997634431816,0.037873432387218825,0.2049097118957089,0.16703627950849007
W02000356,2021,Newport 010,0.8335123279112889,0.02909343926723593,3,0.15227410382673723,0.0018771410402322124,0.06819885581715955,0.23836799926702754,0.170169143449868
W02000357,2021,Newport 011,0,0,3,0.10733025424502673,0.002598463945425378,0.006970213715062082,0.2072963469652747,0.20032613325021265
W02000358,2021,Newport 012,0.40342087507914787,0.03613973204470329,8,0.14153999399834566,0.0020359163281154675,0.05352321068328603,0.2308998701017172,0.17737665941843117
W02000359,2021,Newport 013,0.1697570567083315,0.02611475602287101,5,0.12811858549069832,0.001987694222159338,0.040698212942879855,0.21576584514071445,0.1750676321978346
W02000360,2021,Newport 014,0.22926892251601105,0.036586042294795,8,0.12337169862048043,0.0019175868197306972,0.03748405684617512,0.209413695343179,0.17192963849700388
W02000361,2021,Newport 015,0.04798596142166566,0.0024393235280123,9,0.07813183765563778,0.0011524486521328201,0.011278163159484766,0.14451390461310826,0.1332357414536235
W02000362,2021,Newport 016,0,0,3,0.1257150306292506,0.0019154429757793944,0.039946034846386896,0.21196399885164335,0.17201796400525646
W02000363,2021,Newport 017,0,0,9,0.09854828654892876,0.0014679802753791804,0.02304554970775055,0.17349851872218136,0.1504529690144308
W02000364,2021,Newport 018,0.04379930036359009,0.00243647775245415,6,0.08975467263940741,0.0011399425418936059,0.023260673970394663,0.1557338812201846,0.13247320724978995
W02000365,2021,Newport 019,0.48010813542985065,0.0356181991786642,9,0.15586058131311425,0.0021745154353614016,0.06480901633086303,0.24810151956901338,0.18329250323815036
W02000366,2021,Newport 020,0,0,4,0.07409646639280078,8.732218982449995e-4,0.015888292368459178,0.13183372239949345,0.11594543003103427
W02000367,2021,Cardiff 001,0.14631232104499473,0.02102053179256693,6,0.1468301745116236,0.0018443477141317777,0.06332692948157871,0.2321042232282831,0.16877729374670442
W02000368,2021,Cardiff 002,0.30445436137243015,0.05767380762701814,5,0.15074141255362689,0.0019580870224564337,0.06430123742583918,0.2381505907588591,0.17384935333301993
W02000369,2021,Cardiff 003,0.5141819474538545,0.07225310715612424,8,0.14436175388973702,0.0018514884674072814,0.06033761118927583,0.2292992907248676,0.16896167953559177
W02000370,2021,Cardiff 004,0.28522044059785767,0.05542380009511634,5,0.1689863346011924,0.002049658533736211,0.0814945445179221,0.25941078107410764,0.17791623655618555
W02000371,2021,Cardiff 005,0.06381581887068648,0.00428990251898288,8,0.12726483237370706,0.0012926878732269949,0.0565915623312092,0.19774738762429994,0.14115582529309073
W02000372,2021,Cardiff 006,0,0,7,0.16021426607161818,0.0019977918995395423,0.07340948609070055,0.24912486349449922,0.17571537740379867
W02000373,2021,Cardiff 007,0,0,8,0.16468610631082117,0.0019913803593822606,0.07788003836958654,0.2532637723801771,0.17538373401059057
W02000374,2021,Cardiff 008,0.16352208568012455,0.01383165457348628,8,0.14739363786827164,0.001649782971010323,0.06804074005981572,0.2275936703163305,0.15955293025651476
W02000375,2021,Cardiff 009,0,0,4,0.15536097189711265,0.0020176066185954196,0.06815573094821786,0.24472693723857344,0.17657120629035558
W02000376,2021,Cardiff 010,0,0,11,0.1667992011530521,0.0019613540080666053,0.0808315805483859,0.2549139719436817,0.1740823913952958
W02000377,2021,Cardiff 011,0.5182159042391264,0.0582144569815675,6,0.14031513386626135,0.0017646325242819812,0.05832668483619864,0.22332981963186258,0.16500313479566392
W02000378,2021,Cardiff 012,0.13365947411566514,0.018358200350305,5,0.15469250420140984,0.0018526797266185076,0.07067260684780631,0.23979409091506923,0.1691214840672629
W02000379,2021,Cardiff 013,0,0,9,0.16161573116019834,0.0022437287417485345,0.06905529355149591,0.25525084409171,0.18619555054021408
W02000380,2021,Cardiff 014,0,0,7,0.13828214255158,0.0018925335786916728,0.053281458477582574,0.22431162404858765,0.1710301655710051
W02000381,2021,Cardiff 015,0,0,1,0.15754835589355506,0.001944003639938841,0.07200371078175405,0.24530322255699666,0.1732995117752426
W02000382,2021,Cardiff 016,0.07653429651474196,0.00624813426685928,6,0.1324760265702223,0.0015293033284073732,0.055620708369902294,0.20918233958751695,0.15356163121761465
W02000383,2021,Cardiff 017,0.16868443322707682,0.02885570713132928,5,0.1497663184935419,0.0018703442105934933,0.0652573124446339,0.23518719123256676,0.16992987878793286
W02000384,2021,Cardiff 018,0,0,6,0.13691186316266693,0.0018843119849768222,0.05196343159508167,0.22259144323900587,0.17062801164392422
W02000385,2021,Cardiff 019,0,0,4,0.14036836580477632,0.001827274846117083,0.05656715498059603,0.22454835140619722,0.1679811964256012
W02000386,2021,Cardiff 020,0.5833751796469482,0.03986579755713218,8,0.17213695427256917,0.00206400137020021,0.08400792169870468,0.26253130318619367,0.17852338148748897
W02000387,2021,Cardiff 021,0.41316164609251266,0.04486244811532508,8,0.1881119296646263,0.0019367292009513856,0.10301461267342939,0.27591320230531385,0.17289858963188448
W02000388,2021,Cardiff 022,0.03079413991411704,0.00116276356308988,8,0.07320734108301827,7.289031263800726e-4,0.020020960264866543,0.12593524132395048,0.10591428105908393
W02000389,2021,Cardiff 023,0.11713845390239466,0.0136158054645015,5,0.0731584095274379,6.446884477527932e-4,0.0230804156744639,0.12266835158669903,0.09958793591223514
W02000390,2021,Cardiff 024,0.20692314337625012,0.03299166017010988,6,0.16563678403357485,0.0019866317515771816,0.07901722261041168,0.2541698364203385,0.17515261380992686
W02000391,2021,Cardiff 025,0.17284998566812504,0.02790491275449387,4,0.2118162246326742,0.0027527464422149803,0.10898003801203195,0.31498846771013944,0.2060084296981075
W02000392,2021,Cardiff 026,0.16956164171937987,0.0234886960036483,8,0.1711901100157176,0.001850341938110206,0.08753081419538988,0.2565866683533259,0.169055854157936
W02000393,2021,Cardiff 027,0,0,5,0.16869425716838152,0.0019764700395084253,0.08208321535611898,0.25682780896340657,0.17474459360728758
W02000394,2021,Cardiff 028,0,0,5,0.2432128931574538,0.0035619936556354134,0.1264906029995857,0.36078383848399215,0.23429323548440645
W02000395,2021,Cardiff 029,0.3244584508651281,0.04226143374591339,6,0.15364600134148781,0.0016922256267245528,0.07278566236383423,0.23432775620562524,0.16154209384179102
W02000396,2021,Cardiff 030,0,0,4,0.18579388983439393,0.002200383193110139,0.09376106184291834,0.2779928376653508,0.1842317758224325
W02000397,2021,Cardiff 031,0.13461226956242411,0.01630492688944871,10,0.13925597558101496,0.0014927628562040709,0.06342338386648416,0.21515037615146015,0.151726992284976
W02000398,2021,Cardiff 032,0,0,7,0.2343830121330512,0.0026567723225230863,0.13324984846314725,0.3354471143377648,0.20219726587461756
W02000399,2021,Cardiff 033,0.2355382443273811,0.02513088401112957,7,0.1682845193675481,0.0016375302392703133,0.0886045371938157,0.24738983424694666,0.15878529705313096
W02000400,2021,Cardiff 034,0.13383546070830082,0.01711177691599993,5,0.1960326060509602,0.002065383995435987,0.10777492599003988,0.2862539946018916,0.17847906861185173
W02000401,2021,Cardiff 035,0.4940242110912581,0.04708333986320062,9,0.189958958314309,0.0020152729053082847,0.10261308754863614,0.2789333322892075,0.1763202447405714
W02000402,2021,Cardiff 036,0,0,6,0.18127270072920842,0.0025760099569892836,0.08179542182078929,0.2811925726788167,0.1993971508580274
W02000403,2021,Cardiff 037,0,0,7,0.15453082652834502,0.0020421345685071868,0.06622752008315708,0.24385293798426788,0.1776254179011108
W02000404,2021,Cardiff 038,0,0,7,0.1797843587468785,0.002268723130522232,0.08651230687779352,0.2736817758379609,0.18716946896016737
W02000405,2021,Cardiff 039,0.12852043024098997,0.01414476040138025,11,0.16812588334356643,0.0018629311126314026,0.08358456506113932,0.2531042557481267,0.1695196906869874
W02000406,2021,Cardiff 040,0,0,7,0.174377336637526,0.002007094814880452,0.08654356210935842,0.2625120735808939,0.17596851147153547
W02000407,2021,Cardiff 041,0,0,7,0.1441615551865368,0.0023090949288200667,0.04999621193282232,0.2389603008925658,0.18896408895974348
W02000408,2021,Cardiff 042,0,0,5,0.1313584589444591,0.0018322621200120325,0.046980535944064566,0.21497415943704723,0.16799362349298266
W02000409,2021,Cardiff 043,0,0,8,0.16512744448426595,0.0018754652958659116,0.08074784619397128,0.25090893132531655,0.17016108513134526
W02000410,2021,Cardiff 044,0,0,4,0.14250309270102757,0.0017892433832976326,0.05928764061434323,0.22531003571228944,0.1660223950979462
W02000411,2021,Cardiff 045,0.12390080101473344,0.01519457361976722,6,0.16601992742497285,0.0018283583122481566,0.08308246250359091,0.25106297849221515,0.16798051598862423
W02000412,2021,Cardiff 046,0,0,7,0.1418940462641256,0.0017426687891221211,0.05987863914183064,0.22386792148703202,0.16398928234520138
W02000414,2021,Powys 020,0.13931155955565344,0.00650849234472328,17,0.13006826843188674,0.0014085489236854776,0.05695872883525355,0.2043523766895709,0.14739364785431736
W02000415,2021,Merthyr Tydfil 008,0.19585793791323836,0.01237457231515581,14,0.12124290570518985,9.723350324759676e-4,0.06006859480778066,0.18242785929751976,0.1223592644897391
W02000416,2021,Powys 021,0.07227103201458769,0.0027983293569637,23,0.08509331291415276,8.395488163942481e-4,0.02819247389490511,0.14189633775921123,0.11370386386430612
W02000417,2021,Neath Port Talbot 020,0.17453315070401065,0.0163979100923879,17,0.10636365718909165,0.001801962135716102,0.023380021771969475,0.19025031615817561,0.16687029438620615
W02000418,2021,Carmarthenshire 027,0.25890622374747385,0.02011824679180617,13,0.1196312403251392,0.0015755912505491644,0.0423939101019314,0.19834520023449864,0.15595129013256726
W02000419,2021,Denbighshire 017,0.6927867060761899,0.03437899344324663,6,0.13661831054807044,0.002092645836700841,0.0483537026070017,0.22808111185175167,0.17972740924474997
W02000421,2021,Ceredigion 011,0,0,5,0.11666872939425521,0.00159831503797727,0.03889168902228762,0.19600805790144,0.15711636887915237
W02000422,2021,Cardiff 048,0.6527917608833991,0.06382526590078362,4,0.17143579780077797,0.002590100296120438,0.07213473769318794,0.2719186475530152,0.19978390985982725
W02000423,2021,Cardiff 049,0.28636207675085457,0.05171990262301033,6,0.18452189168414387,0.0021564400744223944,0.09378586540230731,0.27628378267228615,0.18249791726997883
W02000424,2021,Wrexham 021,0,0,3,0.03607099648816578,9.488717227025974e-4,-0.024655941904527003,0.0962137765045621,0.12086971840908911
W02000425,2021,Wrexham 022,0.3765990236350886,0.08291873523211025,3,0.07593537088337644,0.002683812578588043,-0.025040399421632206,0.1783641590320144,0.20340455845364663
W02000426,2021,Wrexham 023,0.1457022301622879,0.01998616893545668,5,0.09747770965853422,0.0016454074542363408,0.01814684480237269,0.17744853661054052,0.15930169180816783
W02000427,2021,Neath Port Talbot 021,0.17594921208937675,0.02407479984200419,9,0.05714510077535889,7.799719357829186e-4,0.0020341401559689012,0.11160446189331942,0.10957032173735051
W02000428,2021,Swansea 032,0.16492194552070902,0.01449449700169193,12,0.11497227411670997,0.001836520674103288,0.031168307986526297,0.19959276996882602,0.1684244619822997
W02000001,2023,Isle of Anglesey 001,0.18565260641894785,0.0160569283101873,9,0.07502108052261498,1.9737777375178605e-4,0.04747546744762333,0.10254699732963232,0.055071529882008995
W02000002,2023,Isle of Anglesey 002,0.48853585090916113,0.03329906285454524,8,0.144286028618842,8.757198182575039e-4,0.08617373288863761,0.2022765623806429,0.11610282949200529
W02000003,2023,Isle of Anglesey 003,0.5456427510644392,0.09405494524933898,3,0.16670907115925795,0.0011644057534826553,0.0997459581821796,0.23367665425057416,0.13393069606839456
W02000004,2023,Isle of Anglesey 004,0,0,11,0.14620044024667248,0.0019586256656412594,0.05952797065240366,0.2334610165753948,0.17393304592299114
W02000005,2023,Isle of Anglesey 005,0.4171105013713594,0.02600708736442021,10,0.16718096435269,0.0012980850844735434,0.09667782390844312,0.23809821051134733,0.1414203866029042
W02000006,2023,Isle of Anglesey 006,0,0,5,0.15080861178794652,0.0010281258258566584,0.0879282589622574,0.21375238207425246,0.12582412311199506
W02000007,2023,Isle of Anglesey 007,0.09184314433287606,0.00845292408699315,6,0.1442654818183188,0.0010726442223455458,0.08001889966516422,0.20854959055090527,0.12853069088574104
W02000008,2023,Isle of Anglesey 008,0.06211923226941231,0.00386535618315295,9,0.13656358557795623,9.52903291830374e-4,0.07591928296267972,0.19703274267124565,0.12111345970856593
W02000009,2023,Isle of Anglesey 009,0,0,10,0.1668219846141431,0.0016879808125733718,0.08673530824033372,0.2481413535122471,0.16140604527191338
W02000010,2023,Gwynedd 001,0.8613292132743351,0.02163078010589764,3,0.2418366570915236,0.0019272016249545084,0.15581076369707586,0.32803947771457137,0.1722287140174955
W02000011,2023,Gwynedd 002,0,0,7,0.11836789762711887,5.811065511237694e-4,0.07099369810960021,0.1655392201156191,0.0945455220060189
W02000012,2023,Gwynedd 003,0.4428703168015301,0.05179742526544381,5,0.1568940013070213,0.0017267286822741645,0.07579737573424053,0.23902648777649366,0.16322911204225313
W02000013,2023,Gwynedd 004,0.15253095293977811,0.01980468659471703,7,0.14786813163016158,0.0013771862067763277,0.07517366705908878,0.2208510262987156,0.14567735923962682
W02000014,2023,Gwynedd 005,0.7807750363518592,0.02749290513071423,6,0.18608809676463625,0.0016750237883657174,0.10693489353123647,0.2676553195977285,0.160720426066492
W02000015,2023,Gwynedd 006,0.4101724213071303,0.09035637635772605,3,0.15737762810710376,0.0016494423436269644,0.07759084833781701,0.23709003975692172,0.1594991914191047
W02000016,2023,Gwynedd 007,0,0,4,0.16472190199875691,0.0018286087164754578,0.0812711543965893,0.24931599114393416,0.16804483674734486
W02000017,2023,Gwynedd 008,0.1677875833576799,0.03069489913364147,3,0.15745340808273145,0.0015609065687427067,0.08026510002291155,0.23542450358739236,0.15515940356448082
W02000018,2023,Gwynedd 009,0.3894890347740432,0.09116285542589674,3,0.16244767136480637,0.001606268799783147,0.08444254013078989,0.24187433801338828,0.1574317978825984
W02000019,2023,Gwynedd 010,0.186320668723806,0.02948498924564126,5,0.1609769549965949,0.0015617387581331153,0.08406415308449533,0.23928092510536703,0.1552167720208717
W02000020,2023,Gwynedd 011,0.1307567077994757,0.01491441663403652,9,0.15033092567796516,0.001180479079985693,0.08297793285617293,0.21782178350336928,0.13484385064719634
W02000021,2023,Gwynedd 012,0.4465195232973333,0.09508480775803044,3,0.1420326146093481,0.001214132981744949,0.07364748711259743,0.2104050846956239,0.13675759758302647
W02000022,2023,Gwynedd 013,0,0,3,0.09716755531488565,4.641210561774721e-4,0.054868914627335966,0.13935736009100752,0.08448844546367155
W02000023,2023,Gwynedd 014,0,0,5,0.14370172867201175,0.002541078212982481,0.044216554792117696,0.24265435997087267,0.19843780517875498
W02000024,2023,Gwynedd 015,0,0,5,0.15531794066129773,0.0019461780817140555,0.06914879353812411,0.24264353490092258,0.17349474136279847
W02000025,2023,Gwynedd 016,0,0,1,0.1545623487880439,0.0016071058352400901,0.07611982531145702,0.23359821437115347,0.15747838905969647
W02000026,2023,Gwynedd 017,0.41717904425518626,0.05333459473588196,5,0.15568154886921082,0.0018128836897742739,0.07252210189370305,0.23982668654587141,0.16730458465216835
W02000027,2023,Conwy 001,0.07201612177035013,0.00542375678925592,6,0.14823512167543748,0.0015737505294624308,0.06998586416570847,0.22571275379670847,0.155726889631
W02000028,2023,Conwy 002,NA,NA,0,0.15575473743380147,0.0013628952160796984,0.08335629932769224,0.22826096777242985,0.1449046684447376
W02000029,2023,Conwy 003,0.11725684052952652,0.01497783895008014,4,0.11906194759949063,8.964627045220646e-4,0.06027618992165121,0.177740625599234,0.1174644356775828
W02000030,2023,Conwy 004,0,0,5,0.11869428836014644,6.974523149314986e-4,0.06678209216119767,0.1703644941119064,0.10358240195070874
W02000031,2023,Conwy 005,0,0,2,0.16215381621882569,0.0019163560384884042,0.07708538081450987,0.24908458905036218,0.1719992082358523
W02000032,2023,Conwy 006,0,0,4,0.14334037991143983,0.0017840089517539395,0.06047486081925142,0.22639623032503803,0.16592136950578662
W02000033,2023,Conwy 007,0.25094443439548175,0.02836874533429019,8,0.1733935250289041,0.0016278399743977316,0.09455724816775214,0.25299059458850787,0.15843334642075574
W02000034,2023,Conwy 008,0.1634414873861036,0.02349806121853055,7,0.150681229620638,0.0019106272100088868,0.06497714861974616,0.23681571187982853,0.17183856326008237
W02000035,2023,Conwy 009,0,0,3,0.15580455080551542,0.0015162466784852632,0.0795934389483568,0.23251951977680535,0.15292608082844855
W02000036,2023,Conwy 010,0,0,5,0.13867173849736114,0.0011014832537027711,0.07351715534946383,0.20376348360376656,0.1302463282543027
W02000037,2023,Conwy 011,0,0,2,0.1475318371669475,0.001640900089397733,0.06835948178567929,0.22749077470620027,0.15913129292052097
W02000038,2023,Conwy 012,0,0,4,0.1529103453912144,0.0016309523538001016,0.07382030392459046,0.23243682324461548,0.15861651932002502
W02000039,2023,Conwy 013,0,0,3,0.08323847623230657,2.995673453088533e-4,0.049268762339588205,0.11713191221567357,0.06786314987608535
W02000040,2023,Conwy 014,0,0,9,0.14927983139339046,0.001953322508181001,0.06299951833189539,0.2367943103837009,0.17379479205180554
W02000041,2023,Conwy 015,0,0,5,0.09541685126642385,4.8437979017741493e-4,0.05215244004863084,0.1384671403159497,0.08631470026731886
W02000042,2023,Denbighshire 001,0.3313023329144385,0.08001068469126606,3,0.15824580572372185,0.0014087812995281816,0.08476169036421934,0.232092448940566,0.14733075857634664
W02000043,2023,Denbighshire 002,0,0,7,0.1540392706859392,0.0018157969604003924,0.07033983952542545,0.23774870002963427,0.16740886050420883
W02000044,2023,Denbighshire 003,0.3625484086399611,0.08063175449769942,3,0.09499874915974416,4.768618457432656e-4,0.05209765353220277,0.13773596794938117,0.0856383144171784
W02000045,2023,Denbighshire 004,0.25041531385433663,0.05323223089066296,3,0.1688119487706076,0.0018576972484877637,0.08451036726164186,0.2538001002779153,0.16928973301627342
W02000047,2023,Denbighshire 006,0,0,6,0.115174283321497,5.089099445011234e-4,0.07084103909018234,0.15931115010887803,0.08847011101869569
W02000049,2023,Denbighshire 008,0,0,4,0.15229082912119285,0.0020010957004005445,0.06508229806493145,0.24097970507154562,0.17589740700661416
W02000050,2023,Denbighshire 009,0,0,1,0.14295127138383684,0.0015571931251855894,0.0657238516169108,0.22070038671455197,0.15497653509764117
W02000051,2023,Denbighshire 010,0,0,3,0.15860058185797535,0.001896598764346419,0.0736093014242035,0.24481246330321466,0.17120316187901116
W02000052,2023,Denbighshire 011,0,0,2,0.15515630586912219,0.0015853274844831215,0.07717190452329327,0.23354859749898674,0.15637669297569345
W02000053,2023,Denbighshire 012,0,0,3,0.12990856332437767,0.0012854384939002643,0.05946416114244521,0.20022836900830693,0.14076420786586172
W02000054,2023,Denbighshire 013,0.436270444748604,0.09673885970565106,3,0.16856218343798002,0.0018341417278483034,0.08548358806526433,0.25381214290081944,0.1683285548355551
W02000055,2023,Denbighshire 014,0,0,5,0.1517324649021726,0.0019554574018258407,0.06534749399699424,0.23916266346903725,0.173815169472043
W02000056,2023,Denbighshire 015,0,0,2,0.09961024128020156,5.546225384907047e-4,0.053298819501412305,0.14566608998522326,0.09236727048381096
W02000057,2023,Denbighshire 016,0.3749929773727695,0.05028788630254579,5,0.15288175540546545,0.0017142930646018952,0.07202578042957199,0.23475131895203671,0.16272553852246474
W02000058,2023,Flintshire 001,0.4212547180351624,0.08495410261225096,4,0.1580572857278251,0.001793403803898329,0.0756559297882282,0.24204878853244816,0.16639285874421994
W02000059,2023,Flintshire 002,0,0,3,0.14643510460320322,0.001631216413390757,0.0674572160925385,0.2261117968187603,0.1586545807262218
W02000060,2023,Flintshire 003,0.24360117708221335,0.04966091954703872,4,0.15624891463928664,0.0018001426370155144,0.07329158574410516,0.23999655536597983,0.16670496962187467
W02000061,2023,Flintshire 004,0.21396930860502059,0.04282754655655748,3,0.14750941454981076,0.00108641865408015,0.08273170614476423,0.21206604024308912,0.1293343340983249
W02000062,2023,Flintshire 005,0.21277184831160817,0.03628608881694567,5,0.17218091973033414,0.0018781423178438272,0.08813772370021931,0.2584107725191054,0.17027304881888605
W02000063,2023,Flintshire 006,0.06328614773287769,0.00412545229775711,9,0.13078590028115858,0.0010853316506287299,0.06605757974425024,0.1953633445895866,0.12930576484533635
W02000064,2023,Flintshire 007,0,0,2,0.1668960191530329,0.0020769069362729826,0.07793123814018431,0.25701832083220616,0.17908708269202184
W02000065,2023,Flintshire 008,0,0,3,0.14809927719999416,0.0017021669402062269,0.06732952229749978,0.22936097610480194,0.16203145380730216
W02000066,2023,Flintshire 009,0,0,4,0.1410343929844453,0.0012110360625824136,0.07267779027825767,0.20924810062706606,0.1365703103488084
W02000067,2023,Flintshire 010,0.30356176462050305,0.0895616581890234,2,0.16849991088570943,0.0014696989577028079,0.0937636248855595,0.24427784651342427,0.15051422162786476
W02000068,2023,Flintshire 011,0,0,4,0.11065708392769869,7.487275398776054e-4,0.056866704569300326,0.16420118899226618,0.10733448442296586
W02000069,2023,Flintshire 012,0.33381175047048606,0.07460936595515419,3,0.15214069877943823,0.001349957352322514,0.08015879848979696,0.22442065824107138,0.14426185975127442
W02000070,2023,Flintshire 013,0.09678404742283277,0.00902433342768153,7,0.10406191369218337,5.35617562491892e-4,0.058570598461927394,0.14933979743109313,0.09076919896916574
W02000071,2023,Flintshire 014,0,0,2,0.1421729593145062,0.0018926889660434815,0.05709974275482782,0.2280923097768678,0.17099256702204
W02000072,2023,Flintshire 015,0,0,6,0.14251065467206897,0.001112618498996132,0.07703166005772506,0.20792819902516985,0.1308965389674448
W02000073,2023,Flintshire 016,0,0,2,0.1612271483447643,0.00203388381211874,0.07295390645023529,0.2502980955562498,0.17734418910601452
W02000074,2023,Flintshire 017,0.2839129094184388,0.08282562937094819,2,0.17073955759465698,0.001765781132045577,0.08897709355157603,0.25409117623929,0.165114082687714
W02000075,2023,Flintshire 018,0.06828490396943032,0.0047483396458024,7,0.14002088357233752,0.0012461055101437339,0.0707155532277526,0.20928902581962433,0.13857347259187175
W02000076,2023,Flintshire 019,0.20040966133149013,0.03147842745341744,6,0.1497368406180891,0.001825966333100688,0.06636656296406784,0.23434466963755643,0.1679781066734886
W02000077,2023,Flintshire 020,0.07033545480116019,0.00519663084268556,6,0.12232499851812019,0.0014708209645251347,0.04675600949892064,0.19740024718425098,0.15064423768533033
W02000080,2023,Wrexham 003,0,0,3,0.15345146957615172,0.0020506817378383897,0.06503793413047891,0.24304180687104185,0.17800387274056295
W02000081,2023,Wrexham 004,0,0,2,0.13282476159072762,0.001114812934585478,0.06715364395194132,0.19818774137724632,0.131034097425305
W02000082,2023,Wrexham 005,0,0,2,0.17422273021415124,0.0018586482795666312,0.09025947813356598,0.2596248012020001,0.1693653230684341
W02000083,2023,Wrexham 006,0,0,2,0.1573814335015668,0.001956720569628482,0.07116715053285061,0.24506592404979616,0.17389877351694555
W02000085,2023,Wrexham 008,0,0,5,0.13704319047085764,0.0022183917375617375,0.04439458098976051,0.22957190665062924,0.18517732566086872
W02000087,2023,Wrexham 010,0,0,5,0.1769430856224991,0.002155653224256086,0.08560569822000659,0.268038609801505,0.18243291158149844
W02000088,2023,Wrexham 011,0.5412010756132453,0.09273974889601344,3,0.15701624545960433,0.0017341062126183216,0.07543724028832428,0.2390220359054167,0.16358479561709244
W02000089,2023,Wrexham 012,0.3165511728360981,0.07106914553963639,4,0.1259243417132272,9.595829151727715e-4,0.06488945651727676,0.18641704387238006,0.1215275873551033
W02000090,2023,Wrexham 013,0,0,3,0.13628730518958224,0.002017848853702507,0.048113569147508306,0.22479844259543968,0.17668487344793138
W02000091,2023,Wrexham 014,0,0,5,0.1374119920763845,0.0013977750894721905,0.06408182981500316,0.21087144816081982,0.14678961834581666
W02000092,2023,Wrexham 015,0,0,6,0.1585437264653305,0.00198793176190519,0.07131765652732674,0.24659510444551364,0.1752774479181869
W02000093,2023,Wrexham 016,0,0,4,0.1411336838271627,0.0020242157557045642,0.05282368129661898,0.2297795049208761,0.1769558236242571
W02000094,2023,Wrexham 017,0,0,2,0.16098970169902402,0.0019261841190915954,0.07534619668595827,0.24787768114880274,0.17253148446284447
W02000095,2023,Wrexham 018,0,0,3,0.1596975390762504,0.0020098932964619093,0.07211671774457733,0.24834059172533995,0.1762238739807626
W02000096,2023,Wrexham 019,0.33015053109435116,0.04254151640683186,5,0.1655145123635974,0.0018657925422100876,0.08157418401335621,0.2513525304685612,0.169778346455205
W02000097,2023,Powys 001,0.04638055190476762,0.00221674760902548,10,0.13024362154801064,8.084229283911102e-4,0.07438702043341955,0.18594307980683508,0.11155605937341553
W02000098,2023,Powys 002,0.20212535148751437,0.0152212614087156,13,0.15966422311678283,0.0012131179054934334,0.09153178733698825,0.2282513330042792,0.13671954566729094
W02000099,2023,Powys 003,0.4261644260286347,0.02555182843389532,10,0.197829456831879,0.0016752715965248491,0.11840565186296761,0.27912990309478386,0.16072425123181625
W02000100,2023,Powys 004,0.06929813512837374,0.00468211842381154,11,0.0949192729743038,3.1825984374148937e-4,0.05989094763634126,0.1298449121155508,0.06995396447920954
W02000101,2023,Powys 005,0.10023252527488909,0.00970907444774877,7,0.15617646635051968,0.0014412654156071775,0.08196965775079693,0.2310503598594974,0.14908070210870047
W02000102,2023,Powys 006,0.09584713998961757,0.00807558046940742,16,0.10894026159708042,6.082232216370834e-4,0.06045343322507625,0.1571873373280176,0.09673390410294135
W02000103,2023,Powys 007,0.09196391158694066,0.00754458058033506,15,0.17229172792907937,0.0012060815185371725,0.1045143956067827,0.24083961842051527,0.13632522281373255
W02000104,2023,Powys 008,0.18448697986513407,0.00904059352884088,13,0.1756975184971402,0.0012873145719383208,0.1057291232913741,0.24656328929000493,0.14083416599863083
W02000105,2023,Powys 009,0.1698036387350112,0.02298932264404276,8,0.1691346920239295,0.0011752874795008007,0.10191480422100133,0.23645040172736334,0.13453559750636201
W02000106,2023,Powys 010,0.25703262905601043,0.01587758226803101,14,0.14994709399504216,9.191692419342306e-4,0.09046644599056768,0.20943493219971449,0.11896848620914681
W02000107,2023,Powys 011,0.31250291681787146,0.0237474106636558,10,0.176549792611173,0.001092519384437933,0.11201107587258392,0.24173704906835647,0.12972597319577256
W02000108,2023,Powys 012,0.1708727044563507,0.01245678065628967,12,0.16090663053541532,0.0011673097367438758,0.09396887202118472,0.22807147603271982,0.13410260401153512
W02000109,2023,Powys 013,0.3046914644681177,0.01570422104154662,16,0.15273952277014374,7.663116057749428e-4,0.09842124515516061,0.20701352507125464,0.10859227991609403
W02000110,2023,Powys 014,0.17417748717299184,0.01324202948512799,13,0.1702656549323686,0.0010771156082852104,0.1059786037722423,0.23478971205860488,0.12881110828636258
W02000111,2023,Powys 015,0.16199556113550218,0.01101646306323544,14,0.19045350456801988,0.00136406711437944,0.11846987394774769,0.26349005541647647,0.14502018146872878
W02000113,2023,Powys 017,0.17795160171170055,0.01395529767229613,10,0.13382545965419823,7.52070439504808e-4,0.07993660622175514,0.1875132260967418,0.10757661987498665
W02000114,2023,Powys 018,0.2886249915018037,0.05301340957434953,5,0.176626853401757,0.0011768589973182378,0.10957121397285821,0.2442329151171974,0.1346617011443392
W02000116,2023,Ceredigion 001,0,0,8,0.09888702468531016,4.920045485771116e-4,0.05527999234848976,0.14226743597937666,0.0869874436308869
W02000117,2023,Ceredigion 002,0,0,5,0.20935104726195752,0.0018557342103122448,0.12462464914273755,0.29363575097660743,0.1690111018338699
W02000118,2023,Ceredigion 003,0.11730413417446586,0.01363808105992421,5,0.19070452495301152,0.001748893424318852,0.1088862281465726,0.2731636579014616,0.16427742975488896
W02000120,2023,Ceredigion 005,0.47234863851125647,0.09633140248014103,3,0.17384673110846632,0.001689604834660897,0.09367535291866402,0.2551705970636123,0.16149524414494826
W02000122,2023,Ceredigion 007,0.13471114352661953,0.01780572436534221,5,0.1679402183387159,0.0012540756512439133,0.0985080788224745,0.2375163090659333,0.1390082302434588
W02000123,2023,Ceredigion 008,0.6075384631657605,0.06333543674061774,4,0.18821611306484767,0.0016669635804125724,0.10883191749929474,0.2692534829554609,0.16042156545616618
W02000124,2023,Ceredigion 009,0.07888291900823918,0.00609448443439128,9,0.15241946924836175,0.001154967778200688,0.08563409735652605,0.21902136920028398,0.13338727184375793
W02000125,2023,Ceredigion 010,0,0,7,0.17756742506190237,0.0014395445171150115,0.10352667654735248,0.2525210232828807,0.1489943467355282
W02000126,2023,Pembrokeshire 001,0.3780849951838567,0.07246385043349798,5,0.17961382608813659,0.0018834118812944207,0.09534806436412377,0.2659349798375544,0.1705869154734306
W02000127,2023,Pembrokeshire 002,0,0,5,0.16449265774839106,0.0019826294257050854,0.07749032293272516,0.25253532993901046,0.17504500700628528
W02000128,2023,Pembrokeshire 003,0.6905345654021999,0.03648845967121849,6,0.10747056821582071,4.6999448584114124e-4,0.06489231159046718,0.14991349845793442,0.08502118686746724
W02000129,2023,Pembrokeshire 004,0,0,4,0.14565020165205392,0.0013323173685911675,0.0740034355011037,0.21731501828510758,0.14331158278400385
W02000130,2023,Pembrokeshire 005,0,0,3,0.10415189678127987,5.357164078681823e-4,0.05867039955956291,0.1494418777715037,0.09077147821194079
W02000131,2023,Pembrokeshire 006,0.21823227825356092,0.03483912681480942,7,0.167903146160785,0.0018876182260047433,0.08313780645130818,0.2538464963983767,0.1707086899470685
W02000132,2023,Pembrokeshire 007,0,0,6,0.15215922960689968,0.0020691320899299294,0.06286111981968968,0.24173887687681322,0.17887775705712355
W02000133,2023,Pembrokeshire 008,NA,NA,0,0.1817627630172295,0.0019787923257564215,0.09563983435449178,0.27046857723759055,0.17482874288309877
W02000134,2023,Pembrokeshire 009,0,0,2,0.1715070107625265,0.0018745195385870723,0.08746084741583031,0.2575410179540202,0.17008017053818986
W02000135,2023,Pembrokeshire 010,0.2160171140620766,0.0363151875920126,5,0.16518154894021003,0.0017149781736666458,0.08431200100794588,0.24697744916965447,0.16266544816170858
W02000136,2023,Pembrokeshire 011,0,0,5,0.140109939304815,0.0012198567413447376,0.07156005764905267,0.2086433983613303,0.13708334071227762
W02000137,2023,Pembrokeshire 012,0,0,2,0.13362652653121082,0.0010086147533193842,0.07123873448898063,0.195847563607583,0.12460882911860235
W02000138,2023,Pembrokeshire 013,0,0,1,0.1491806500363415,0.0019811851339203677,0.06186277465698674,0.2367846915561982,0.17492191689921144
W02000139,2023,Pembrokeshire 014,0,0,4,0.16269541057018289,0.0020770386278485577,0.07387560742161627,0.25300231810407414,0.1791267106824579
W02000140,2023,Pembrokeshire 015,0.1566169536105545,0.01387544715000621,10,0.16664430075567685,0.001730349546264727,0.0852234220865531,0.2486307305489463,0.1634073084623932
W02000141,2023,Pembrokeshire 016,0.09379934334303676,0.009157432454165,5,0.11921388581559017,8.508256817335373e-4,0.06179972523141166,0.17622031449564107,0.1144205892642294
W02000142,2023,Carmarthenshire 001,0,0,2,0.1542814938383197,0.0015019738521367123,0.0784033866633734,0.23063888257861292,0.15223549591523952
W02000143,2023,Carmarthenshire 002,0,0,7,0.15751979516637554,0.002064704963730592,0.06820409036359132,0.24693016039976884,0.17872607003617752
W02000144,2023,Carmarthenshire 003,0,0,4,0.14455403808086176,9.310531114456871e-4,0.08455554943176949,0.20428024978768858,0.11972470035591909
W02000145,2023,Carmarthenshire 004,0,0,4,0.18888350076266205,0.001777147760075759,0.10685309377173562,0.2725438410672799,0.16569074729554428
W02000146,2023,Carmarthenshire 005,0,0,5,0.15714281854205506,0.0017430169413359398,0.07526739600285283,0.23936593485231936,0.1640985388494665
W02000147,2023,Carmarthenshire 006,0,0,3,0.16947885914446906,0.0019469935818329303,0.08328770145716813,0.256749770727994,0.17346206927082586
W02000148,2023,Carmarthenshire 007,0.4215787752705564,0.0940528994760698,3,0.17977357467251473,0.0020879160354294528,0.09062963493468477,0.27025141624296284,0.17962178130827805
W02000149,2023,Carmarthenshire 008,0.09239522812757683,0.0080848671593361,8,0.16456577574031458,0.0015872162097474163,0.08644697910053542,0.24290196685023618,0.15645498774970076
W02000151,2023,Carmarthenshire 010,0,0,5,0.1736599547117707,0.0019069899921696255,0.0887218233328524,0.26044062199657125,0.17171879866371886
W02000152,2023,Carmarthenshire 011,0,0,1,0.1465559688665747,0.001291699390528783,0.07597577645716999,0.21708965296882043,0.14111387651165044
W02000153,2023,Carmarthenshire 012,0,0,3,0.15557986019230527,0.0019361230947798416,0.0694382519574102,0.2424379619406823,0.17299970998327208
W02000154,2023,Carmarthenshire 013,0.20106968044923307,0.03648779588946124,4,0.17654438098542216,0.001532410687819497,0.1001431676571727,0.2539037110154029,0.1537605433582302
W02000156,2023,Carmarthenshire 015,0,0,3,0.13708451534472738,0.0013825871357645153,0.06396016700359904,0.20995701816295098,0.14599685115935196
W02000157,2023,Carmarthenshire 016,0.47034066890210224,0.04892456193418357,6,0.15633065453501221,0.0015030180674215322,0.08038336970030258,0.23265736882786414,0.15227399912756157
W02000158,2023,Carmarthenshire 017,0.3978256498449094,0.06156795372300046,4,0.11317100945438172,6.003679898255921e-4,0.06500035324348322,0.16110420204064435,0.09610384879716113
W02000159,2023,Carmarthenshire 018,0.1952223080601683,0.03052578617792752,6,0.16104328587459052,0.0014519501486234684,0.08635598934743224,0.23599071731623356,0.1496347279688013
W02000160,2023,Carmarthenshire 019,0,0,3,0.1595042072975589,0.001982236771950526,0.07246377455818123,0.2475143202892907,0.17505054573110948
W02000161,2023,Carmarthenshire 020,0.4820884187887595,0.05492001714950025,5,0.1704377430536345,0.0017476400296577259,0.08866548980758321,0.25289796467692344,0.16423247486934023
W02000162,2023,Carmarthenshire 021,0,0,2,0.11456677391225782,8.737569077557559e-4,0.05639239232106913,0.17235257631898532,0.11596018399791619
W02000163,2023,Carmarthenshire 022,0,0,5,0.18375876171865618,0.0018680273795147473,0.09944884651650608,0.26925775608271546,0.16980890956620937
W02000164,2023,Carmarthenshire 023,1,0,2,0.18860984853922488,0.001558061514861188,0.11181138802857742,0.26683924324539077,0.15502785521681334
W02000165,2023,Carmarthenshire 024,0.3111153116848293,0.05804979447757004,5,0.16113008017962901,0.0012117795915450177,0.09279746352160306,0.22942126537814841,0.13662380185654535
W02000166,2023,Carmarthenshire 025,0,0,3,0.18309190107405993,0.0019608735764993154,0.0969822775250012,0.27100478619188684,0.17402250866688562
W02000167,2023,Carmarthenshire 026,0.6329721270766093,0.08110008501195173,3,0.2118339016727807,0.0020379015428318155,0.12458914818059764,0.3019677644526386,0.177378616272041
W02000168,2023,Swansea 001,0,0,5,0.16501563203864192,0.0019041625116218185,0.07962496047530537,0.2511574785274714,0.17153251805216602
W02000169,2023,Swansea 002,0,0,1,0.17983090507692318,0.001680754993408175,0.10011680597097938,0.2612146133508334,0.16109780737985402
W02000170,2023,Swansea 003,0.5444928596855071,0.07251248986734608,5,0.1710751946622955,0.0018431627456152592,0.08720879121871743,0.25592166160191937,0.16871287038320193
W02000171,2023,Swansea 004,0,0,7,0.18636747505052434,0.0020207838337936504,0.09925068893858964,0.2759065826274597,0.17665589368887008
W02000172,2023,Swansea 005,0,0,7,0.15639774197686998,0.0017556694719334728,0.07410502509568372,0.23872515038293746,0.16462012528725373
W02000173,2023,Swansea 006,0,0,3,0.17236780328005138,0.0019258148805275307,0.08670308272588514,0.25913303637423163,0.17242995364834648
W02000174,2023,Swansea 007,0,0,2,0.14617314392015388,0.0013863406697410925,0.07307353835472752,0.21925847871777304,0.14618494036304552
W02000175,2023,Swansea 008,0,0,3,0.17397137335958524,0.0021250772543135177,0.08350084349835775,0.26473754974449526,0.18123670624613752
W02000176,2023,Swansea 009,0.21688537879473965,0.03586825439230302,6,0.17364645023677558,0.0018934697510821115,0.08883227623543034,0.2598614539744285,0.17102917773899817
W02000177,2023,Swansea 010,0,0,6,0.1511949017949853,0.0021428705919058727,0.06030182977391235,0.242317007169884,0.18201517739597164
W02000178,2023,Swansea 011,0,0,6,0.17852219931504154,0.0018717664767206458,0.09346743068999883,0.263421494122339,0.16995406343234018
W02000179,2023,Swansea 012,0.0417253249187784,0.00206720842182614,6,0.11246999460657964,9.212973153297535e-4,0.052644502758723864,0.17173653768312644,0.11909203492440257
W02000180,2023,Swansea 013,0,0,2,0.15758007443866112,0.001634103001049044,0.07814859097166839,0.23693508911513142,0.15878649814346302
W02000181,2023,Swansea 014,0.07662829889642137,0.00626676249543404,7,0.1540844842793635,0.001556309297424015,0.07643982118587066,0.2313463472566316,0.15490652607076094
W02000182,2023,Swansea 015,0.03386443230632921,0.00195425644360269,4,0.09910211219816306,5.997747777867646e-4,0.05092125591041872,0.14697172830135993,0.09605047239094122
W02000183,2023,Swansea 016,0.10312664013304068,0.01188731312806185,5,0.16605399557884148,0.0017622493810039094,0.08356456236087971,0.24849154504253176,0.16492698268165207
W02000184,2023,Swansea 017,0.3614948223729675,0.08133307219283634,4,0.17426840004448096,0.0017690431589519361,0.09211855192804361,0.25738565945136127,0.16526710752331766
W02000185,2023,Swansea 018,0.5111342947018428,0.04027874639370389,7,0.16934408832183026,0.0020930223846850862,0.08009126700096798,0.25994221031371745,0.17985094331274948
W02000186,2023,Swansea 019,0.1264890353690798,0.01483064807299354,6,0.1981263621794509,0.001778881882547455,0.11549524598956168,0.28113951885794997,0.1656442728683883
W02000188,2023,Swansea 021,0.1849270406530563,0.02749729943167805,7,0.11022540623533172,6.25167446499401e-4,0.06105441408212745,0.15911398603187812,0.09805957194975068
W02000189,2023,Swansea 022,0.3562960079821394,0.03499415269039485,8,0.18351832096095058,0.0021261697653694868,0.09318440360358157,0.274430987500674,0.18124658389709244
W02000191,2023,Swansea 024,1,0,1,0.22643810179092122,0.002155708492900907,0.13615224353561373,0.3185401308236985,0.18238788728808475
W02000192,2023,Swansea 025,0.14784933055527222,0.02243205228205621,4,0.16608615358337228,0.0018694270553434066,0.08113715674840226,0.2507700366687437,0.16963287992034143
W02000193,2023,Swansea 026,0,0,5,0.2095552461737192,0.0024272194689266627,0.1128588402826711,0.30622266176653296,0.19336382148386186
W02000194,2023,Swansea 027,0,0,4,0.19165796933940663,0.002353824062107726,0.09629893149909322,0.2869919777834292,0.190693046284336
W02000195,2023,Swansea 028,0.819499722246084,0.02401445851746337,5,0.18722298608980778,0.0012366809553897228,0.1184497915203494,0.2564445454403065,0.13799475391995708
W02000196,2023,Swansea 029,0,0,5,0.1733297013440331,0.0024018399321642475,0.07699384354129767,0.269722118562092,0.19272827502079432
W02000197,2023,Swansea 030,0,0,5,0.1620517467818246,0.0022593520004569566,0.06867507257991022,0.2555507281851967,0.18687565560528646
W02000198,2023,Swansea 031,0.47088110995614874,0.06580273754059142,5,0.19997552922995263,0.001987851881369622,0.1129906309124091,0.2881454655710826,0.17515483465867351
W02000200,2023,Neath Port Talbot 002,0.0338356149082533,0.00137014441317602,7,0.09264960840705821,7.753911175496682e-4,0.03770740980157081,0.14694501491041784,0.10923760510884703
W02000201,2023,Neath Port Talbot 003,0.2632683166386646,0.04930119722220372,5,0.15533751569634519,0.001954527316441662,0.06857176724304781,0.24244314759099403,0.17387138034794622
W02000202,2023,Neath Port Talbot 004,0,0,4,0.18523075137084166,0.001839014369610516,0.10197677962725396,0.27056953109050097,0.168592751463247
W02000204,2023,Neath Port Talbot 006,0.1850280117589225,0.029056219691545,7,0.16299094058223781,0.0018618835686678955,0.07853699873515851,0.248138257180548,0.16960125844538948
W02000205,2023,Neath Port Talbot 007,0,0,5,0.17752012526883337,0.0018710933138603029,0.09323389154240448,0.2632569752325876,0.17002308369018315
W02000206,2023,Neath Port Talbot 008,0.9521251167783326,0.00280801819620681,4,0.3494235552669115,8.59784734231553e-4,0.2924604692276338,0.4073886220576644,0.1149281528300306
W02000207,2023,Neath Port Talbot 009,0,0,4,0.17914012621716796,0.001491242687645722,0.10345440025678823,0.25508527032483197,0.15163087006804374
W02000208,2023,Neath Port Talbot 010,0,0,6,0.15394582374471888,0.0015491152163325354,0.07668369902922828,0.23118518840737845,0.15450148937815017
W02000210,2023,Neath Port Talbot 012,0.15341508785553387,0.01418756005607991,6,0.1910279876068029,0.0017535928633227724,0.10912584665293706,0.27360608118673874,0.16448023453380167
W02000211,2023,Neath Port Talbot 013,0,0,2,0.1848578614585579,0.0015899010059813798,0.1066764924537558,0.26324951987587264,0.15657302742211684
W02000212,2023,Neath Port Talbot 014,0.7652619908734066,0.03156076432224193,6,0.18749745703864598,0.001255416052628383,0.1181756349738567,0.2572821756358802,0.1391065406620235
W02000213,2023,Neath Port Talbot 015,0,0,7,0.13843595770560993,0.0010037594334520413,0.07604075616876008,0.20034871215194533,0.12430795598318525
W02000214,2023,Neath Port Talbot 016,0.13965012833234064,0.01823768869350546,5,0.15237651597723145,0.001028281568128654,0.08931468043266443,0.21512374795678826,0.12580906752412385
W02000215,2023,Neath Port Talbot 017,0,0,4,0.1889826162854271,0.002119633819335332,0.09881310170236067,0.27979938059081344,0.18098627888845276
W02000216,2023,Neath Port Talbot 018,0.582131891392225,0.11858886891004962,2,0.17974769911191457,0.0015757399418775755,0.10205165210204878,0.25796498778990873,0.15591333568785995
W02000217,2023,Neath Port Talbot 019,0,0,5,0.1710244510289461,0.0017275735326372117,0.08921629934432258,0.2525236222572641,0.16330732291294153
W02000218,2023,Bridgend 001,0.10001880722181827,0.01052162524184737,5,0.1685815381707936,0.0014050110666517927,0.0950100978490609,0.24219106191081408,0.14718096406175318
W02000219,2023,Bridgend 002,0.07512376829491951,0.00657604399375621,4,0.16327320703574225,0.0014234899310950934,0.08910880365834029,0.23726268186574515,0.14815387820740486
W02000220,2023,Bridgend 003,0,0,2,0.18144041562694163,0.0019379638552632706,0.09568110950251595,0.26874184314018235,0.1730607336376664
W02000221,2023,Bridgend 004,0,0,2,0.18082193821040884,0.0017385659859033215,0.09934062001860626,0.2631953356643087,0.16385471564570242
W02000222,2023,Bridgend 005,0,0,4,0.17103889965404376,0.0016280170824123014,0.09208721547738322,0.250594989170436,0.15850777369305277
W02000223,2023,Bridgend 006,0.15463081215945146,0.02317247323842648,4,0.16413012197250446,0.0013140827116826165,0.09284205660172626,0.23516916370033625,0.14232710709861
W02000224,2023,Bridgend 007,0.476449030286195,0.0982846295077342,3,0.2159032749924602,0.0019900086345683785,0.12994203128612505,0.30528485932968796,0.1753428280435629
W02000225,2023,Bridgend 008,0,0,5,0.18322590357161417,0.0017983418880167593,0.10035802768583019,0.26697688659240804,0.16661885890657785
W02000226,2023,Bridgend 009,0.33242400929295135,0.03714580498362501,6,0.13573330467762637,8.217151267920739e-4,0.07931976311518005,0.19177700427107905,0.112457241155899
W02000227,2023,Bridgend 010,0.3667259490850701,0.0849495858447122,3,0.1750531447127523,0.0013694857223063644,0.1024977644640842,0.24779065548635099,0.14529289102226678
W02000228,2023,Bridgend 011,0.13500546782867492,0.01926314327430547,4,0.15616520774525883,0.0020391988763673765,0.06788199953023985,0.2451303171309061,0.17724831760066626
W02000229,2023,Bridgend 012,0.14036913945894475,0.01997354636929015,4,0.10708351676688664,5.575488033832537e-4,0.06067183660331005,0.15327541834086417,0.09260358173755412
W02000230,2023,Bridgend 013,1,6.162476901133555e-33,2,0.13072209907556342,8.506573763859618e-4,0.07329711516137766,0.1877158305665253,0.11441871540514764
W02000231,2023,Bridgend 014,0.1470825502256866,0.02254107778186926,4,0.17644772930465114,0.0013984876666602306,0.10294130060379199,0.2497659548563962,0.14682465425260421
W02000232,2023,Bridgend 015,0.5720643907672591,0.03045709201199172,10,0.18520357958644618,0.0014551211315489423,0.11064332239432534,0.26044779627777714,0.1498044738834518
W02000233,2023,Bridgend 016,0,0,4,0.16168095574980934,0.0011944706555520185,0.09372967597434236,0.2293588644614158,0.13562918848707345
W02000234,2023,Bridgend 017,0.3319684097213635,0.06177737630349128,5,0.20919751179083285,0.0019143109539469514,0.12403867521541947,0.2959269172220533,0.1718882420066338
W02000235,2023,Bridgend 018,0.14075988961524832,0.01855516492437538,6,0.17817623673657754,0.0020487356132805334,0.08972677017425779,0.26758679070616276,0.17786002053190497
W02000236,2023,Bridgend 019,0,0,3,0.20937678535259763,0.001711666169557431,0.1291024302974803,0.29158562963661,0.1624831993391297
W02000237,2023,Vale of Glamorgan 001,0,0,6,0.18888661268432103,0.001568923987915312,0.11134861241364503,0.2669260589940926,0.1555774465804476
W02000238,2023,Vale of Glamorgan 002,0.14118483278569652,0.02022357229056553,5,0.1686575438021823,0.001211365165940736,0.10013709297505007,0.2367257684801881,0.13658867550513804
W02000239,2023,Vale of Glamorgan 003,0.09814815869375534,0.00992993493438209,6,0.17568107104122702,0.0012186810400914053,0.10704816257064605,0.24407557597543228,0.13702741340478625
W02000240,2023,Vale of Glamorgan 004,0.3821218455135906,0.07541976152873689,4,0.22152042958229637,0.0018510276923248347,0.1379600009198649,0.3070151721285568,0.16905517120869187
W02000241,2023,Vale of Glamorgan 005,0.19491158055598495,0.03509183804939568,4,0.20938954182512162,0.0016475470504908744,0.12975446472020025,0.2891207806731017,0.15936631595290146
W02000242,2023,Vale of Glamorgan 006,0,0,4,0.20083369246603583,0.0019497272236873727,0.11470817679543212,0.2882387418828518,0.1735305650874197
W02000243,2023,Vale of Glamorgan 007,0,0,5,0.17101289857167004,0.0011518770126710857,0.1042286930985254,0.23741086745063006,0.13318217435210467
W02000244,2023,Vale of Glamorgan 008,0,0,4,0.18710215547856754,0.0014888018511122411,0.11135305006917882,0.26286120636518295,0.15150815629600412
W02000245,2023,Vale of Glamorgan 009,0,0,5,0.18244020099750421,0.0017031845654688765,0.1014085758612997,0.2635366903012155,0.16212811443991582
W02000246,2023,Vale of Glamorgan 010,0,0,3,0.20023466509533247,0.00201305493076017,0.11321716948172193,0.28952984998324394,0.176312680501522
W02000247,2023,Vale of Glamorgan 011,0,0,8,0.21145848628186384,0.0016706882277566853,0.13187039079574367,0.2923946549349875,0.16052426413924384
W02000248,2023,Vale of Glamorgan 012,0.17496181338717995,0.02076146570673613,7,0.20271097070632646,0.0015609282870077677,0.12523726134574828,0.2803442300356569,0.15510696868990861
W02000249,2023,Vale of Glamorgan 013,0,0,3,0.2153538676630817,0.0020590171643014993,0.126703435629118,0.305009824558378,0.17830638892925998
W02000250,2023,Vale of Glamorgan 014,0.41237789295661,0.03423242187615998,8,0.19542114185772066,0.0017415913593700275,0.11412813418361974,0.2780817943449812,0.16395366016136148
W02000251,2023,Vale of Glamorgan 015,0,0,5,0.2141130434110422,0.0018930915004957414,0.12919922165482484,0.3001797255283547,0.17098050387352987
W02000252,2023,Rhondda Cynon Taf 001,0,0,7,0.1546068708412408,0.0019649927151005366,0.06724996241926667,0.24164216575613906,0.1743922033368724
W02000253,2023,Rhondda Cynon Taf 002,0,0,3,0.15980398960097633,0.0020273808987307552,0.07119080179282303,0.24826871556523386,0.17707791377241083
W02000254,2023,Rhondda Cynon Taf 003,0,0,5,0.16927577226331234,0.0019936275217191345,0.08176385731803061,0.2573695614882635,0.1756057041702329
W02000255,2023,Rhondda Cynon Taf 004,0,0,7,0.1703044288114624,0.0017423077431899733,0.08855735090999381,0.2526233576096029,0.1640660066996091
W02000256,2023,Rhondda Cynon Taf 005,0,0,2,0.1745639222447919,0.0017196193659556533,0.09333105540377092,0.2562988220021981,0.1629677665984272
W02000257,2023,Rhondda Cynon Taf 006,0,0,4,0.1589437220678903,0.0016048217270213487,0.08005320652873436,0.23745427063875407,0.1574010641100197
W02000258,2023,Rhondda Cynon Taf 007,0.2496770476051043,0.03119143931930032,7,0.16058682821533324,0.001969477385568592,0.07340156259797694,0.2478901028136842,0.17448854021570726
W02000259,2023,Rhondda Cynon Taf 008,0.06396191490916571,0.00459812913163889,7,0.13867176206392018,0.001451838431188717,0.06325463288755792,0.21287228822732313,0.1496176553397652
W02000260,2023,Rhondda Cynon Taf 009,0,0,2,0.18109124183122294,0.0018684350352428795,0.09662906539926752,0.2665413207198183,0.16991225532055076
W02000261,2023,Rhondda Cynon Taf 010,0,0,4,0.14781594218691807,0.0013772186761652173,0.07467734014696577,0.22038623848418137,0.14570889833721562
W02000262,2023,Rhondda Cynon Taf 011,0,0,8,0.16111087939249022,0.001880025792368366,0.07600528959971685,0.2464157026511412,0.17041041305142435
W02000263,2023,Rhondda Cynon Taf 012,0,0,3,0.16084049690870986,0.001340663052099889,0.08891599103206951,0.23268734766116161,0.1437713566290921
W02000264,2023,Rhondda Cynon Taf 013,0.4463187324576003,0.04251886103566664,8,0.16712354178097183,0.0016154701222369265,0.08831822287717729,0.246210069575531,0.1578918466983537
W02000265,2023,Rhondda Cynon Taf 014,0,0,2,0.14672068562006016,0.0011867474608718218,0.0789116903114481,0.21412585776924076,0.13521416745779266
W02000266,2023,Rhondda Cynon Taf 015,0.46814725674600344,0.09813279954298192,3,0.1823408725815762,0.0018329577322897803,0.09872221298122573,0.2670413542295418,0.16831914124831604
W02000267,2023,Rhondda Cynon Taf 016,0,0,3,0.16522227707289336,0.0020569454802105837,0.07629106288708601,0.2546283269757771,0.17833726408869108
W02000268,2023,Rhondda Cynon Taf 017,0.15751108875263864,0.02232284622425626,5,0.12963360313395947,9.089027046730731e-4,0.07017051561901755,0.18845304832497264,0.1182825327059551
W02000269,2023,Rhondda Cynon Taf 018,0,0,7,0.16039217925192684,0.0016131984633005506,0.08131674354707565,0.2391116050375804,0.15779486149050476
W02000270,2023,Rhondda Cynon Taf 019,0,0,3,0.1666367171905296,0.0019945600606344725,0.07879306704241826,0.2544498981261784,0.17565683108376015
W02000271,2023,Rhondda Cynon Taf 020,0.12268950939478776,0.0171393386633907,4,0.1578899861494115,0.0018780370223652372,0.07256551927485749,0.2428961323637406,0.17033061308888311
W02000272,2023,Rhondda Cynon Taf 021,0,0,2,0.19042528038693765,0.0017694458498874468,0.10813336729893694,0.27348965239737644,0.1653562850984395
W02000273,2023,Rhondda Cynon Taf 022,0,0,3,0.21108534267595497,0.002185283224333874,0.11962846400328005,0.3033546639455665,0.18372619994228645
W02000274,2023,Rhondda Cynon Taf 023,0.1881054911567012,0.03033909528162065,5,0.16169977392866602,0.0014128667421231568,0.08789386722282147,0.23549922941362256,0.1476053621908011
W02000275,2023,Rhondda Cynon Taf 024,1,0,1,0.1777482202868137,0.0018246096032287008,0.09429260751273674,0.2622153219243466,0.16792271441160986
W02000276,2023,Rhondda Cynon Taf 025,0,0,2,0.17016823645647544,0.0018485089028925786,0.08577766795806334,0.2547843976901673,0.16900672973210396
W02000277,2023,Rhondda Cynon Taf 026,0,0,4,0.18073299099474943,0.0016812615303287632,0.10023480861541591,0.2613490817330246,0.16111427311760873
W02000278,2023,Rhondda Cynon Taf 027,0,0,5,0.16929453506131456,0.0015583049075202045,0.0918560349178849,0.2468916110585051,0.1550355761406202
W02000279,2023,Rhondda Cynon Taf 028,0,0,4,0.1849103131153189,0.00168570706089112,0.10471142863914394,0.2660233297459248,0.16131190110678084
W02000280,2023,Rhondda Cynon Taf 029,0.31322778610688284,0.06393153441522402,4,0.19109270673091994,0.0019239858531498314,0.10557157274470794,0.27798917075337803,0.1724175980086701
W02000281,2023,Rhondda Cynon Taf 030,0,0,4,0.15676995806357824,0.001268565103192218,0.08660016124754769,0.22643158511545197,0.1398314238679043
W02000282,2023,Rhondda Cynon Taf 031,0,0,5,0.1745977466083237,0.0017377945231382488,0.09259105368513405,0.2564047359178331,0.16381368223269904
W02000284,2023,Merthyr Tydfil 002,0.13005856501978796,0.01566378197715605,7,0.15058711598969762,0.0011020140061108465,0.08530622228359866,0.21560343780013208,0.13029721551653342
W02000285,2023,Merthyr Tydfil 003,0.541986534139711,0.05413486319098594,6,0.14258541751512,9.943939578814477e-4,0.08058013195122435,0.20432282218693415,0.1237426902357098
W02000286,2023,Merthyr Tydfil 004,0.1685173827141214,0.01008814072661191,10,0.19380530732267096,0.0016312715901631236,0.11486256153703168,0.273496984575675,0.15863442303864334
W02000287,2023,Merthyr Tydfil 005,0.08143689220832523,0.00719258543337596,7,0.18103619116506944,0.001382907747788778,0.10850896737395488,0.25453751905415634,0.14602855168020146
W02000288,2023,Merthyr Tydfil 006,0.4107890450004816,0.04425884425201754,8,0.19261307081790893,0.0015282227310347979,0.11668568076013258,0.27023793428489556,0.15355225352476298
W02000289,2023,Merthyr Tydfil 007,0.13349329772120822,0.0090454268199364,13,0.1880596446609177,0.0014628962475741886,0.11364159737863926,0.263861263514912,0.15021966613627274
W02000290,2023,Caerphilly 001,0.18260721374531855,0.02808857171382208,5,0.18192230658661407,0.0016575252638232547,0.10253106053758396,0.26249246150337346,0.1599614009657895
W02000291,2023,Caerphilly 002,0,0,3,0.17093954347761767,0.0019285531115816148,0.08519551817101265,0.2578843137731792,0.17268879560216657
W02000292,2023,Caerphilly 003,0,0,3,0.16837690903609362,0.0016988582954088301,0.08751585226506833,0.2494974375975042,0.16198158533243587
W02000293,2023,Caerphilly 004,0,0,2,0.16825675969705622,0.002040920945509034,0.07938194626883524,0.25704578278223855,0.1776638365134033
W02000294,2023,Caerphilly 005,0.21544720375870355,0.03488404546037146,6,0.17957133856095087,0.0015332907935683843,0.10318675875841334,0.25700777277705783,0.1538210140186445
W02000295,2023,Caerphilly 006,0.37325681043477665,0.07359730969832547,4,0.16613017558450197,0.0019139423444620785,0.08087991639018423,0.25286145764176227,0.17198154125157805
W02000296,2023,Caerphilly 007,0.486175963503618,0.0985411267376636,3,0.1768245782162626,0.001666750863072358,0.09708782036950073,0.2575068485958886,0.1604190282263879
W02000297,2023,Caerphilly 008,0.3574645379987234,0.10575003934330138,2,0.1007377373974185,4.943944878922323e-4,0.05699726639893716,0.14419497270535275,0.0871977063064156
W02000298,2023,Caerphilly 009,0,0,5,0.16854195114872483,0.0020321282757195004,0.07999824746342825,0.25728567414731784,0.17728742668388958
W02000299,2023,Caerphilly 010,0.2764754807732366,0.03109158066888201,7,0.17407918276697945,0.0018836060960746648,0.08933027725702967,0.25988254905230523,0.17055227179527555
W02000300,2023,Caerphilly 011,0,0,1,0.1598959780644511,0.0019184472811051602,0.07399964721736088,0.24619537320047366,0.17219572598311278
W02000301,2023,Caerphilly 012,0,0,4,0.16156699569222455,0.0020026558341122644,0.07364428553381018,0.24966971307400562,0.17602542754019546
W02000302,2023,Caerphilly 013,0,0,3,0.17423161658582254,0.001894915477443696,0.08906295676992626,0.26024537177444435,0.17118241500451808
W02000303,2023,Caerphilly 014,0,0,2,0.15822337348729093,0.0014859895186707074,0.0825301667237026,0.2339173401207486,0.151387173397046
W02000304,2023,Caerphilly 015,0,0,4,0.13675964609369903,0.0011486244662137803,0.06991718487086268,0.2029410688267779,0.13302388395591522
W02000305,2023,Caerphilly 016,0,0,4,0.17881794321127203,0.002111284077708081,0.08909390999590935,0.2697441635848904,0.18065025358898104
W02000306,2023,Caerphilly 017,0.4530414639157232,0.06060539935958151,5,0.17947484830319343,0.00184505897359475,0.09569142621287668,0.26453082590506183,0.16883939969218514
W02000307,2023,Caerphilly 018,1,0,1,0.20576285588946677,0.0018509524959661391,0.12229435516803343,0.2913481524847011,0.16905379731666764
W02000308,2023,Caerphilly 019,0.08565602134734411,0.00948467705884187,6,0.16338313082784012,0.0015086013385865286,0.08689421053233912,0.23946893370456893,0.1525747231722298
W02000309,2023,Caerphilly 020,1,0,1,0.19508020255734246,0.00175315306290421,0.11348293856882609,0.27802042719422093,0.16453748862539486
W02000310,2023,Caerphilly 021,0,0,4,0.18743219914079925,0.0019337799444590353,0.10139732715168093,0.2743152080948979,0.17291788094321697
W02000311,2023,Caerphilly 022,0,0,2,0.16198878607214245,0.0013842648074635922,0.08855344721932433,0.2346393755631302,0.14608592834380585
W02000312,2023,Caerphilly 023,0,0,7,0.1859841799180106,0.0019933898021495464,0.09858929997506212,0.27414882809212343,0.17555952811706133
W02000313,2023,Caerphilly 024,0.3236375146979967,0.07507203563544239,3,0.18957312865374562,0.0020347739519858826,0.1011727929645522,0.2785557005546184,0.17738290759006622
W02000314,2023,Blaenau Gwent 001,0,0,9,0.15174169720040664,0.0016631815122081367,0.07180219308443181,0.2320255725381068,0.16022337945367499
W02000315,2023,Blaenau Gwent 002,0.2072958791544463,0.01899374673819776,10,0.10573534717947884,6.110117125410781e-4,0.057129344621148215,0.15408004643682235,0.09695070181567414
W02000316,2023,Blaenau Gwent 003,0,0,8,0.1672511117153344,0.0016438438718382154,0.08795881298927131,0.24726414261830326,0.15930532962903193
W02000317,2023,Blaenau Gwent 004,0.5944450301563333,0.08864529794196965,3,0.1670011213156764,0.0014599443555775304,0.09234935074307996,0.24239566233881943,0.15004631159573947
W02000318,2023,Blaenau Gwent 005,0.38249591074927686,0.07652870564300704,4,0.12894148145388126,8.317373668399637e-4,0.07224682012011646,0.1853929297694229,0.11314610964930644
W02000319,2023,Blaenau Gwent 006,0.2243304327354886,0.02093511355040131,10,0.17161343277144717,0.001496979620289239,0.09596357027696653,0.24793925611404524,0.1519756858370787
W02000320,2023,Blaenau Gwent 007,0.1928059865560531,0.01844980018984125,6,0.16211906829970224,0.0017702158447718032,0.08001466805803727,0.24536715403559492,0.16535248597755764
W02000321,2023,Blaenau Gwent 008,0,0,3,0.15544202878436233,0.0018549862174398503,0.07101693911045846,0.2403202756652884,0.16930333655482993
W02000322,2023,Blaenau Gwent 009,0.10489895066300456,0.00990851580828027,11,0.17301539918938474,0.0015737468818131928,0.09566693688637257,0.25145750937474765,0.15579057248837508
W02000323,2023,Torfaen 001,0,0,3,0.11718420867110493,8.60566464055119e-4,0.05941086918604089,0.17450178362639368,0.1150909144403528
W02000324,2023,Torfaen 002,0,0,5,0.15017503769944734,0.0013761228724188496,0.07748441713537182,0.22315494333223093,0.1456705261968591
W02000325,2023,Torfaen 003,0,0,6,0.17126607252911843,0.001659846210437389,0.09152175691173613,0.2515571131028421,0.16003535619110598
W02000326,2023,Torfaen 004,0.14576240938113172,0.02169376310134523,4,0.12982371593864492,9.800526355321047e-4,0.0681569416983835,0.19100023824428627,0.12284329654590277
W02000327,2023,Torfaen 005,0.08999153556139101,0.00824077208525349,6,0.10848443192913738,6.907589258226265e-4,0.05678214033477519,0.15987418246246207,0.10309204212768688
W02000328,2023,Torfaen 006,0,0,3,0.14165063479112242,0.0012535660819150383,0.07207123895629106,0.2110428158301988,0.13897157687390774
W02000329,2023,Torfaen 007,0.1305471075409996,0.01772483941796278,4,0.17095536485950302,0.001367550204013326,0.09846702933693695,0.243662168134211,0.14519513879727403
W02000330,2023,Torfaen 008,0,0,3,0.16746884764458372,0.0019415764898485096,0.08149802419956198,0.25471567641683907,0.17321765221727708
W02000331,2023,Torfaen 009,0,0,7,0.19736104990387243,0.0021319469368135118,0.10728464024021776,0.2887178259920362,0.18143318575181844
W02000332,2023,Torfaen 010,0,0,4,0.14037428511713768,0.0010060736068887887,0.07787082103334339,0.2023273158348326,0.12445649480148921
W02000333,2023,Torfaen 011,0.1801664973338166,0.03668874945540509,3,0.16138368955096885,0.00197581342292575,0.07422287532605713,0.24898972934303548,0.17476685401697833
W02000334,2023,Torfaen 012,0,0,5,0.17917427225742455,0.0017180940916966534,0.0984089608522545,0.26127969664243583,0.16287073579018133
W02000335,2023,Torfaen 013,0,0,1,0.15526805485040313,0.001490793090515131,0.07934882664297481,0.23100163391269185,0.15165280726971703
W02000336,2023,Monmouthshire 001,0.30515894032408536,0.06774669916944898,3,0.09752793410737823,4.5112944657027017e-4,0.0557808174311558,0.13907339181701076,0.08329257438585495
W02000337,2023,Monmouthshire 002,0.2266073737872185,0.02415428091441315,11,0.15871446397018588,0.0010148104395742395,0.0960581582500836,0.2210495071133189,0.12499134886323529
W02000338,2023,Monmouthshire 003,0,0,5,0.16393009485052978,0.001487671733593345,0.08867719425728955,0.24015794287962222,0.15148074862233268
W02000339,2023,Monmouthshire 004,0.4413825104832975,0.07740276334741407,6,0.16070900425626994,0.0011325855965407666,0.09464049362639587,0.2267123863729577,0.13207189274656184
W02000340,2023,Monmouthshire 005,0.43008795952272394,0.06899429682118333,8,0.15164540546935334,9.92990776377347e-4,0.08973343090121769,0.21337613503686967,0.12364270413565198
W02000341,2023,Monmouthshire 006,0,0,10,0.1032183865085637,4.310284731436284e-4,0.0624407815142669,0.14385832446137056,0.08141754294710365
W02000342,2023,Monmouthshire 007,0,0,3,0.17167727570449756,0.0019118683505052467,0.08619358264499861,0.25801779123705115,0.17182420859205255
W02000343,2023,Monmouthshire 008,0,0,1,0.15737565181609445,0.0014224247679174953,0.08318255947821647,0.23125091724711216,0.1480683577688957
W02000344,2023,Monmouthshire 009,0,0,6,0.1743897327136208,0.0017204672846783465,0.09343704003652567,0.2563827657364002,0.1629457256998745
W02000345,2023,Monmouthshire 010,0.272672014980336,0.05294750313592281,4,0.19237946021396135,0.0017158256166760891,0.11166054147449021,0.27432196988750523,0.162661428413015
W02000346,2023,Monmouthshire 011,0,0,2,0.17802736258646276,0.0017501429109433794,0.09614370981923537,0.26046078620504654,0.16431707638581117
W02000347,2023,Newport 001,0.20714229944335608,0.03219332550515778,7,0.15952741566146103,0.001105175552964844,0.09420264740325934,0.224660105159792,0.13045745775653267
W02000348,2023,Newport 002,0,0,7,0.1648328997811191,0.0022116618807289865,0.07222351738172472,0.25713271705823315,0.18490919967650843
W02000349,2023,Newport 003,0.2031642634113361,0.03577025330460753,6,0.18512209918833925,0.001498093332689153,0.10929210511756636,0.2612702302767942,0.15197812515922782
W02000350,2023,Newport 004,0.09754941208026335,0.01080617943620027,5,0.13061196195253094,9.115368094314709e-4,0.0711947950138358,0.18964417112260637,0.11844937610877057
W02000351,2023,Newport 005,0.17128147249146472,0.02552863854132759,5,0.12984072475611147,9.198581725707102e-4,0.07004132809135935,0.1890126586374899,0.11897133054613054
W02000352,2023,Newport 006,0.12145417576364093,0.01773366595147175,3,0.18719406268751718,0.0016693021789972245,0.10697165261220264,0.26743637222983196,0.16046471961762931
W02000353,2023,Newport 007,0.3618756581717707,0.10688663101796322,2,0.18279100061543452,0.0020364494025865987,0.09411617446821405,0.27140213773315025,0.1772859632649362
W02000354,2023,Newport 008,0,0,5,0.16267645303408843,0.0022955314281114907,0.06822372217142073,0.25657618492044365,0.18835246274902293
W02000355,2023,Newport 009,0,0,4,0.17783973506208942,0.0018630997196420753,0.09322363739481057,0.2628580825072082,0.16963444511239764
W02000356,2023,Newport 010,0,0,4,0.20900954185649917,0.001932143186638577,0.12360335963307909,0.29624110281604366,0.17263774318296457
W02000357,2023,Newport 011,0,0,7,0.1640657442387015,0.0026482971828198955,0.06266638169755924,0.26489074482164116,0.20222436312408193
W02000358,2023,Newport 012,0,0,6,0.1982754430113701,0.0020832420206362483,0.10914166354273552,0.28855681573089986,0.17941515218816434
W02000359,2023,Newport 013,0,0,2,0.18485418775849552,0.0020419267846513225,0.09617797234711332,0.27360954302862617,0.17743157068151283
W02000360,2023,Newport 014,0.22917463003060484,0.04437829266759606,4,0.1801073706523436,0.0019555121998872174,0.09331267806682754,0.26692784778870765,0.17361516972188012
W02000361,2023,Newport 015,0,0,2,0.1348676833660296,0.0012431341703956073,0.06540568586216382,0.20377530496217797,0.13836961910001416
W02000362,2023,Newport 016,0,0,4,0.18245053386683766,0.001963877673862781,0.09551872810527973,0.2696833480063029,0.17416461990102317
W02000363,2023,Newport 017,0,0,6,0.1552840240910391,0.0015175566438036731,0.07847244645953871,0.2314315886136431,0.1529591421541044
W02000364,2023,Newport 018,0,0,3,0.1464906089283992,0.001221313808559863,0.07764727994553579,0.2147603661310292,0.1371130861854934
W02000365,2023,Newport 019,0,0,4,0.21259602938645197,0.00222968053547861,0.1202986282347281,0.305887533757568,0.1855889055228399
W02000366,2023,Newport 020,0.13075058285162028,0.01805426947704809,5,0.13083246573959237,9.192037029539143e-4,0.0711006068951586,0.19005076536364957,0.11895015846849097
W02000367,2023,Cardiff 001,0.4647650196373027,0.06022726542689862,5,0.2035656353602996,0.0018881284470312135,0.11897482167584172,0.28973673560814706,0.17076191393230533
W02000368,2023,Cardiff 002,0,0,6,0.20747693299423905,0.0020032118424392485,0.11995841518847478,0.2957921882572517,0.1758337730687769
W02000369,2023,Cardiff 003,0.3702882547519212,0.05089767880210381,6,0.20109736824995453,0.001896592267153038,0.1159809875238853,0.2869826528745555,0.17100166535067018
W02000370,2023,Cardiff 004,0.7707927468783831,0.03112639897473354,7,0.22572173420344557,0.0020784266171573816,0.13750594562090895,0.31666407666936935,0.1791581310484604
W02000371,2023,Cardiff 005,0.18426894733000623,0.03017596428734195,4,0.1840005783681412,0.0013550691236132032,0.11159370106213572,0.25610752115721774,0.144513820095082
W02000372,2023,Cardiff 006,0.5222030906214987,0.06614923199643358,5,0.21694969220292432,0.0020362553703017626,0.12920593858817844,0.3065970705831781,0.17739113199499965
W02000373,2023,Cardiff 007,0.42244032684830635,0.04881353143118073,8,0.22142150896112472,0.0020327382837056415,0.13361082755112985,0.31079688204597433,0.17718605449484448
W02000374,2023,Cardiff 008,0.602367861552656,0.11485473062352332,2,0.20412921004412543,0.0017011898233925472,0.12346754998897096,0.2854803287714297,0.16201277878245873
W02000375,2023,Cardiff 009,0.45016842819208247,0.09330004741602832,3,0.21209635100512367,0.002061877257269126,0.12382496367176292,0.30231356689750455,0.17848860322574162
W02000376,2023,Cardiff 010,0.41781742694391755,0.03755448247644911,7,0.22353460374077205,0.0019971722500397447,0.1366760056799486,0.31233229877047686,0.17565629309052827
W02000377,2023,Cardiff 011,0.264800086218664,0.05776414557143902,3,0.19705065482596792,0.0018149125434359786,0.1138142950950006,0.28114192411481687,0.16732762901981627
W02000378,2023,Cardiff 012,0.2532905120751764,0.03258189564346581,6,0.21142801688028298,0.0018918623801800207,0.12643470269663662,0.2973280225084858,0.17089331981184916
W02000379,2023,Cardiff 013,0,0,1,0.21835114628604524,0.002294357503025729,0.12465068355756356,0.31292229687739026,0.1882716133198267
W02000380,2023,Cardiff 014,0.3721170925603895,0.0646441406014491,4,0.19501764318130885,0.0019339816905035098,0.10900107368661774,0.28188112082069144,0.1728800471340737
W02000381,2023,Cardiff 015,0.25941958194310355,0.0522477044901706,4,0.21428372787097663,0.001985667398836162,0.12771200232438196,0.30284953735370557,0.1751375350293236
W02000382,2023,Cardiff 016,0,0,3,0.18921171674009613,0.0015993063302327248,0.11056206531254519,0.26758801063254034,0.15702594531999514
W02000383,2023,Cardiff 017,0.3056848391145617,0.05698457957208019,5,0.2065018329279302,0.0019171107286568986,0.12085480951463574,0.29288592482731796,0.17203111531268223
W02000384,2023,Cardiff 018,0,0,3,0.19364738156241423,0.0019232465022932105,0.10773956829044391,0.2801107913194313,0.17237122302898739
W02000385,2023,Cardiff 019,0,0,2,0.19710393794471198,0.0018692592136540789,0.11226907869420841,0.28215816264848015,0.16988908395427174
W02000386,2023,Cardiff 020,0,0,1,0.22887238380911246,0.0021030631780148967,0.13980569390729658,0.3200068083260146,0.180201114418718
W02000387,2023,Cardiff 021,0.3488570154499443,0.03501122100685774,7,0.24484739124617036,0.001969875447548647,0.15892043959179475,0.33329075445327805,0.1743703148614833
W02000388,2023,Cardiff 022,0,0,2,0.12994335473605415,8.283281510732786e-4,0.0732445887599936,0.186144008141264,0.1128994193812704
W02000389,2023,Cardiff 023,0,0,2,0.12989456869341298,7.014685944861793e-4,0.07767534319974198,0.18154294810898372,0.10386760490924174
W02000390,2023,Cardiff 024,0.5887097278005532,0.11737122689426338,2,0.22237224278074103,0.00202899060376599,0.13473147593537496,0.3117361505514642,0.17700467461608924
W02000391,2023,Cardiff 025,0,0,1,0.26855190766599557,0.0028078787135067253,0.164629011686722,0.3726848887022377,0.2080558770155157
W02000392,2023,Cardiff 026,0.3079183300702689,0.04159946918620508,5,0.22792558874189706,0.0018897174524096086,0.14328195726960796,0.31412075185014865,0.1708387945805407
W02000393,2023,Cardiff 027,0,0,4,0.22542969153906373,0.0020216566289099555,0.1377312898617029,0.3144516819202746,0.1767203920585717
W02000394,2023,Cardiff 028,0.4976859850854756,0.09640807456576318,3,0.29994860213539326,0.0036103551248845844,0.18237615661265183,0.4182515413696283,0.23587538475697645
W02000395,2023,Cardiff 029,0,0,3,0.21038169000234075,0.0017412777780657848,0.12830149837483018,0.29215833220892307,0.16385683383409289
W02000396,2023,Cardiff 030,0.17154133574073277,0.02465092343158432,6,0.24252953023939405,0.0022333038014684045,0.1497450792180923,0.33534171622987563,0.18559663701178333
W02000397,2023,Cardiff 031,0.1246061028444968,0.00877025134046161,7,0.19599163864195002,0.001518215742087978,0.11945474927122955,0.27245850768650404,0.15300375841527447
W02000398,2023,Cardiff 032,0.8422381412483302,0.02677104679277708,3,0.2911189534550065,0.0027008799922449284,0.18912340822776713,0.39298957410039154,0.2038661658726244
W02000399,2023,Cardiff 033,0.5579520449133508,0.04881885396032232,6,0.22502041901952605,0.0016821791208575245,0.14423419743348515,0.30516403488646593,0.16092983745298078
W02000400,2023,Cardiff 034,0.6402190307054487,0.04311052641822286,7,0.2527681805319664,0.002104840914367273,0.1635853015588794,0.34375953247968044,0.18017423092080104
W02000401,2023,Cardiff 035,0.22040819235405973,0.04093696539318296,4,0.246694492393066,0.0020495256150787067,0.15852090933599328,0.3363296060162222,0.17780869668022892
W02000402,2023,Cardiff 036,0.525760269019592,0.05114663362583142,8,0.23800828738610477,0.0026085211380275845,0.13783091259157929,0.3384741009866367,0.20064318839505743
W02000403,2023,Cardiff 037,0.20121196781533016,0.04029677931993272,3,0.21126627710905319,0.0020868146916746123,0.1219069265292329,0.30144995027054966,0.17954302374131675
W02000404,2023,Cardiff 038,0,0,4,0.2365198834669499,0.002318021713313461,0.14215651453979977,0.3313363667267306,0.18917985218693084
W02000405,2023,Cardiff 039,0.49225564432170416,0.09429754806456342,3,0.2248614823927986,0.0019184690350577613,0.13899565265570646,0.3110147866130393,0.17201913395733281
W02000406,2023,Cardiff 040,0.5671503834768972,0.1206515425854046,2,0.23111293030551588,0.0020536447711238318,0.14219395623408568,0.32018165133681425,0.17798769510272858
W02000407,2023,Cardiff 041,0,0,6,0.20089700948970202,0.0023586985906260747,0.10563343988113048,0.2965988589640163,0.19096541908288578
W02000408,2023,Cardiff 042,0,0,3,0.18809431516250325,0.0018714091172157901,0.10278744487772103,0.2725594907865785,0.16977204590885747
W02000409,2023,Cardiff 043,1,4.36794170409636e-33,3,0.22186291788803808,0.0019222983433777527,0.1363389831621415,0.3086026553687886,0.17226367220664712
W02000410,2023,Cardiff 044,0.45561540617658025,0.06306380517691158,4,0.199238901899529,0.0018305938978390795,0.11502698026951653,0.28295057199692203,0.1679235917274055
W02000411,2023,Cardiff 045,0.714266673441121,0.08338826032321775,2,0.22275539306964176,0.001878607494025103,0.1385802293364488,0.30884964362599676,0.17026941428954795
W02000412,2023,Cardiff 046,0,0,2,0.1986296685634591,0.0017890766656454696,0.11546379903557255,0.28161008209385463,0.16614628305828208
W02000414,2023,Powys 020,0,0,8,0.18680387694543021,0.0014703132787369027,0.11202497482971079,0.2626106975890064,0.1505857227592956
W02000415,2023,Merthyr Tydfil 008,0.21482493393678545,0.01873793826518991,10,0.17797877902477202,0.0010216718571883707,0.11523735337492706,0.24065645195273594,0.12541909857780886
W02000416,2023,Powys 021,0,0,8,0.1418292145576552,9.103970858382674e-4,0.08254683354597099,0.20094612620489666,0.11839929265892567
W02000417,2023,Neath Port Talbot 020,0,0,7,0.1630991279151098,0.0018582500925594001,0.07873482377897853,0.24817706311433635,0.16944223933535782
W02000418,2023,Carmarthenshire 027,0.29332153653988474,0.05246298223141205,6,0.17636673343782525,0.0016252823100844011,0.097823437584426,0.2562062689710515,0.15838283138662546
W02000419,2023,Denbighshire 017,0,0,3,0.1933537085704405,0.002134979918006409,0.10408259964418104,0.2856193010509095,0.18153670140672845
W02000421,2023,Ceredigion 011,0,0,11,0.1734042144593366,0.0016435498618449053,0.09443554719363499,0.25375099823850866,0.15931545104487366
W02000422,2023,Cardiff 048,0.383280859516237,0.08459565952097206,3,0.2281714639193748,0.0026307220133756984,0.12802672464332138,0.3293688497751049,0.2013421251317835
W02000423,2023,Cardiff 049,0,0,3,0.24125740238095772,0.002199973654086827,0.1495213487804842,0.333842521975938,0.1843211731954538
W02000424,2023,Wrexham 021,0.03824105622606566,0.00157982677432748,9,0.09280703205625848,9.005408395662308e-4,0.03362920554243841,0.1513697994482328,0.1177405939057944
W02000425,2023,Wrexham 022,0,0,1,0.1326710173673634,0.0027181848955678193,0.03097859856437335,0.23568172164236809,0.20470312307799474
W02000426,2023,Wrexham 023,0,0,1,0.15421336128229066,0.0016890030174296596,0.07376923869740513,0.23516217095819475,0.1613929322607896
W02000427,2023,Neath Port Talbot 021,0.04543851708913563,0.00214566299872215,10,0.11388123066926355,7.757599496987911e-4,0.05892067182591985,0.16818320024061192,0.10926252841469208
W02000428,2023,Swansea 032,0,0,4,0.17170776488485626,0.0018873845334709085,0.08665895227702315,0.257390897922419,0.17073194564539584
W02000001,2025,Isle of Anglesey 001,0.00939999614413936,9.325536415956076e-5,22,0.013206369282349077,8.887673914271381e-5,-0.00528432464669738,0.031688410124601926,0.03697273477129931
W02000002,2025,Isle of Anglesey 002,0.05118071695859134,0.00135952060307236,26,0.08247204147178003,7.879289182881515e-4,0.027439135009204363,0.1375743454351466,0.11013521042594224
W02000003,2025,Isle of Anglesey 003,0.08442708534476404,0.00223073561758146,24,0.10489525631355884,0.00108030915492883,0.04051054978605474,0.16952338117546112,0.1290128313894064
W02000004,2025,Isle of Anglesey 004,0,0,24,0.08438748027186835,0.0018932891538471967,-5.917551062877419e-4,0.17043379167617678,0.1710255467824645
W02000005,2025,Isle of Anglesey 005,0.06347735831144721,0.00379139987131602,20,0.10536743571856741,0.0012320166436884299,0.03684128337661541,0.17462060685672048,0.13777932348010508
W02000006,2025,Isle of Anglesey 006,0.0929604922927978,0.00253699130319121,28,0.08899481214461516,9.472024458595743e-4,0.028758238795814198,0.14953525084049168,0.12077701204467749
W02000007,2025,Isle of Anglesey 007,0.12266923897140668,0.00520240434255808,25,0.08245176014383615,0.001016299484579354,0.020042114651355726,0.14516031537941537,0.12511820072805965
W02000008,2025,Isle of Anglesey 008,0.07621454543800806,0.00290213188652788,18,0.07474963169151459,9.118041605192658e-4,0.015521225941423654,0.13400250247907408,0.11848127653765042
W02000009,2025,Isle of Anglesey 009,0.1991126105754353,0.00777268370258454,26,0.10500891620588004,0.0016219363254320574,0.02673552109157655,0.18495929623439758,0.15822377514282104
W02000010,2025,Gwynedd 001,0.11246581789895128,0.0085270076871056,14,0.1800227086514399,0.0018630950225240054,0.09554028661660414,0.26488189170639465,0.16934160508979051
W02000011,2025,Gwynedd 002,0.03567060536421822,6.96335312213858e-4,17,0.05655354939881964,4.804347439798942e-4,0.013514771696095593,0.09948826922529456,0.08597349752919897
W02000012,2025,Gwynedd 003,0.09898799288222276,0.00867530018479925,15,0.0950809680824417,0.0016546072363868118,0.015927932073958262,0.17572313353336672,0.15979520145940845
W02000013,2025,Gwynedd 004,0.28371651469427717,0.02858407204711903,8,0.0860546766267713,0.0013153359766184614,0.015176768616839323,0.157554202591771,0.1423774339749317
W02000014,2025,Gwynedd 005,0.13140501904633856,0.00816703881342107,17,0.12427509714257655,0.0016166811626888346,0.04676433528206117,0.20465486309084732,0.15789052780878615
W02000015,2025,Gwynedd 006,0,0,8,0.09556434750199062,0.0015816794988622945,0.01761749223305993,0.17382040098174315,0.1562029087486832
W02000016,2025,Gwynedd 007,0.20830430827077637,0.01267070058304612,15,0.10290899013817802,0.0017596500606154829,0.021297430168458045,0.18615470097714165,0.16485727080868362
W02000017,2025,Gwynedd 008,0.1119440814703882,0.00666077787564505,18,0.09564023637228065,0.00149299146491632,0.020360726394421158,0.17211520736012342,0.15175448096570227
W02000018,2025,Gwynedd 009,0.16004840997875117,0.00864622769984785,25,0.1006345948076667,0.001539935913166753,0.024489358551930476,0.17864190766194626,0.1541525491100158
W02000019,2025,Gwynedd 010,0.19330514598470397,0.00937429785394132,21,0.09916383144703055,0.0015024140447110655,0.023949998440862708,0.17619549676892884,0.15224549832806614
W02000020,2025,Gwynedd 011,0.0970039934039527,0.00373142301720894,19,0.08851729975738427,0.0011120331663147934,0.023287956010243693,0.15417094548002472,0.13088298946978102
W02000021,2025,Gwynedd 012,0.3973343698625338,0.02559915894294447,16,0.08021890501094503,0.0011447282871622675,0.013945437866583865,0.14674546340658023,0.13280002553999637
W02000022,2025,Gwynedd 013,0.08936955803134836,0.00312838394597555,21,0.03535307431022193,3.86843986458369e-4,-0.0032407274930143226,0.07390332176579958,0.07714404925881391
W02000023,2025,Gwynedd 014,0,0,10,0.08188887243731793,0.0024711688758983167,-0.01597701133319314,0.179748471196992,0.19572548253018512
W02000024,2025,Gwynedd 015,0.24696837873901048,0.03909264874130525,10,0.0935051328590482,0.0018797718084767447,0.009084762517805559,0.17961286047395184,0.17052809795614626
W02000025,2025,Gwynedd 016,0.1295171940947774,0.00643094104387587,13,0.09274918670400638,0.0015350058187122582,0.01629659870873222,0.17021355552457743,0.15391695681584522
W02000026,2025,Gwynedd 017,0.12023827388684268,0.01243963655426867,14,0.09386852494360685,0.0017509687229832916,0.012373546718329007,0.176808462476846,0.164434915758517
W02000027,2025,Conwy 001,0.16868629532345147,0.01002640738727874,14,0.08642142937329522,0.0015439864402694993,0.009039176104014099,0.1633022280678725,0.15426305196385842
W02000028,2025,Conwy 002,0.12411815960295478,0.00498526882402063,20,0.0939411425634564,0.0012871503722458044,0.023728690556159213,0.16455705465038217,0.14082836409422295
W02000029,2025,Conwy 003,0.05964954227518533,0.00348514269847698,16,0.057247944486619295,8.241594677157369e-4,9.704895063861671e-4,0.1136050133608735,0.11263452385448733
W02000030,2025,Conwy 004,0.03798562579064527,8.19809841266815e-4,16,0.056879980043183336,5.971861310964292e-4,0.008886219428488412,0.10474046564281952,0.09585424621433111
W02000031,2025,Conwy 005,0.40249462598369,0.02517454297577843,14,0.10034093282351401,0.001851953702212396,0.016975039158914726,0.18606416087918987,0.16908912172027513
W02000032,2025,Conwy 006,0.09547909697907148,0.00833355371475396,13,0.08152722302842136,0.0017069345024739776,6.753806278414765e-4,0.16298907132995671,0.16231369070211524
W02000033,2025,Conwy 007,0.1623525862615769,0.00642371518522936,23,0.11158029661422085,0.0015637355391501327,0.034513929130648074,0.1898037326935742,0.15528980356292613
W02000034,2025,Conwy 008,0,0,17,0.08886836185198117,0.0018523100290256476,0.004728174029858007,0.17394718387222305,0.16921900984236504
W02000035,2025,Conwy 009,0.10107880247212209,0.00587767062242192,20,0.09399132403421927,0.0014388309596276557,0.019951418003288632,0.16893366756036837,0.14898224955707973
W02000036,2025,Conwy 010,0.07747668402013014,0.00201190517711896,25,0.07685798994063796,0.0010135186302281472,0.014481411336577224,0.13942607372015337,0.12494466238357614
W02000037,2025,Conwy 011,0.09847861214509396,0.00879739152334915,13,0.08571874473557027,0.0015659347262937792,0.008597822178999098,0.1640641976798518,0.1554663755008527
W02000038,2025,Conwy 012,0.1126751448509084,0.00618471116617769,20,0.09109718578091658,0.0015522368900899742,0.01414639933014572,0.16890206280850617,0.15475566347836045
W02000039,2025,Conwy 013,0.01403107703491803,2.081932514098613e-4,16,0.021423868316657758,1.903771515675487e-4,-0.0056533332681485,0.048459522785410054,0.054112856053558554
W02000040,2025,Conwy 014,0.23214204496569932,0.03563525250453521,10,0.08746704292734293,0.0018830732378877094,0.0030213239800258446,0.17368224287055112,0.17066091889052526
W02000041,2025,Conwy 015,0.0209092839803282,4.7007548886108543e-4,14,0.033602434919831135,3.783838244188936e-4,-0.004611939715793725,0.07168487287772915,0.07629681259352288
W02000042,2025,Denbighshire 001,0.1260252307061565,0.00551742540331326,21,0.09643230770749213,0.001333334812083382,0.02510542401307718,0.1684428478379384,0.1433374238248612
W02000043,2025,Denbighshire 002,0,0,16,0.09222615695811663,0.0017477322243676739,0.010317816517547304,0.1745764821761743,0.164258665658627
W02000044,2025,Denbighshire 003,0.02013667279109238,4.4661742640228816e-4,15,0.033184279180983316,3.7087019138860655e-4,-0.004629324483955914,0.0709022014532541,0.07553152593721002
W02000045,2025,Denbighshire 004,0.1348182443700502,0.00934615869473055,15,0.10699879636395083,0.0017939975507208288,0.02436628549357453,0.19073676309273976,0.16637047759916523
W02000047,2025,Denbighshire 006,0.02206805432667437,5.004318845318209e-4,17,0.05335985011586655,4.0352705925435954e-4,0.01390676821929919,0.09269424545583993,0.07878747723654074
W02000049,2025,Denbighshire 008,0,0,14,0.09047807622159972,0.0019348216825639097,0.005001530912205204,0.17797916260349017,0.17297763169128497
W02000050,2025,Denbighshire 009,0.09183443829277764,0.00772539650009909,16,0.08113800714172775,0.0014812414187067764,0.006012154234988576,0.15717426995842265,0.15116211572343408
W02000051,2025,Denbighshire 010,0,0,23,0.09678774467789196,0.001831221209576831,0.013535068943067344,0.1817782933724562,0.16824322442938888
W02000052,2025,Denbighshire 011,0.11530383595304,0.00871340734479714,13,0.09334307767249678,0.001514354930661986,0.017322540937326228,0.1701698222624488,0.1528472813251226
W02000053,2025,Denbighshire 012,0.05645606527526956,0.00309761419837439,16,0.06809504293218716,0.001198819025419913,2.1567678650884214e-4,0.13616754264143188,0.13595186585492303
W02000054,2025,Denbighshire 013,0.2025524872712724,0.02343274007254511,17,0.1067493219963744,0.0017722453885636973,0.02535360485363443,0.19082242247137532,0.1654688176177409
W02000055,2025,Denbighshire 014,0.2464053865813099,0.02102537517773563,20,0.08991960006154255,0.0018892460402401663,0.005264556343223065,0.17612677975466443,0.17086222341144136
W02000056,2025,Denbighshire 015,0.02344968017913032,5.847714276023549e-4,14,0.037795887934273895,4.5006002136110533e-4,-0.0038897700769235724,0.07932401999862702,0.0832137900755506
W02000057,2025,Denbighshire 016,0.11212993199199618,0.01159967606002411,11,0.09106874762307333,0.0016520435360108457,0.011930556028724781,0.17168697922992363,0.15975642320119884
W02000058,2025,Flintshire 001,0.18594490178766837,0.0109308582520543,20,0.0962443681476231,0.0017252289239004374,0.01567914048491592,0.17888666501080314,0.16320752452588722
W02000059,2025,Flintshire 002,0.12305279430198109,0.00672632284403445,16,0.08462197830953806,0.0015561848775651822,0.007698555307090363,0.16267214444438416,0.1549735891372938
W02000060,2025,Flintshire 003,0.1342621961266177,0.01199929913592249,15,0.09443590589411277,0.0017339905988967704,0.013249749906368985,0.17687455412158565,0.16362480421521666
W02000061,2025,Flintshire 004,0.07263082378115174,0.00298333589089916,18,0.08569558153528684,0.0010061537677185867,0.023465056556464983,0.14793665637395698,0.12447159981749199
W02000062,2025,Flintshire 005,0.2949412858986682,0.02551070918236802,14,0.11036802413530329,0.0018200575782479668,0.027895925831935356,0.19551784237899633,0.167621916547061
W02000063,2025,Flintshire 006,0.07066968464508129,0.00476758102713259,13,0.06897221755673617,0.0010482927870274078,0.005486576203936888,0.1325794821035602,0.1270929058996233
W02000064,2025,Flintshire 007,0.2181327185933091,0.02128755641893934,17,0.10508311382643294,0.002010785111819095,0.017796343824100946,0.1940188562608841,0.17622251243678316
W02000065,2025,Flintshire 008,0.11041972876857678,0.00640802294407663,11,0.08628606041043185,0.0016221535533027884,0.007638879644193977,0.16582588437252074,0.15818700472832675
W02000066,2025,Flintshire 009,0.10579691596247456,0.00627515497053205,16,0.07922067542975277,0.001133900327761679,0.013201962885557389,0.1453588323662373,0.13215686948067992
W02000067,2025,Flintshire 010,0.13087590271871072,0.00480392595278555,16,0.10668659323862163,0.001394110444920967,0.03409456459017737,0.18069059103375412,0.14659602644357675
W02000068,2025,Flintshire 011,0.02971756513680312,9.520705907764246e-4,11,0.048842905569087686,6.493597080379968e-4,-0.0011913829524428446,0.09877290145823912,0.09996428441068198
W02000069,2025,Flintshire 012,0.08479231754676822,0.00355351907765837,19,0.09032727191120903,0.0012689677551607353,0.020709490780489767,0.16058587989917283,0.13987638911868305
W02000070,2025,Flintshire 013,0.02389856921768838,6.303028717571055e-4,11,0.04224753475425184,4.420729977667195e-4,9.514844831753355e-4,0.08342120955449867,0.08246972507132333
W02000071,2025,Flintshire 014,0.15522493936879786,0.01634768264634133,20,0.08036002048526279,0.0018222505431242358,-0.002871932869077873,0.16492401060704676,0.16779594347612464
W02000072,2025,Flintshire 015,0.07437716956948956,0.00294386640003957,18,0.08069687970744296,0.001027736990558536,0.01788373211580871,0.14369581622090982,0.1258120841051011
W02000073,2025,Flintshire 016,0,0,16,0.09941435845689128,0.0019695385356666793,0.012812196516053018,0.1873477373974275,0.17453554088137446
W02000074,2025,Flintshire 017,0.1793842227367029,0.01327019320116586,21,0.10892659292953935,0.001699685899719555,0.02895786241659777,0.19095895096837046,0.1620010885517727
W02000075,2025,Flintshire 018,0.13478196469561102,0.01208564961595197,13,0.07820730702014962,0.0012117443995235233,0.010007912177780617,0.14667125857454763,0.13666334639676703
W02000076,2025,Flintshire 019,0.18289258645694312,0.0256925229053077,10,0.08792393885701383,0.0017670305210923372,0.006162416821428471,0.17142159298358103,0.16525917616215258
W02000077,2025,Flintshire 020,0,0,9,0.06051160590904077,0.0014440319115951214,-0.014202730474045362,0.13508689337619403,0.1492896238502394
W02000080,2025,Wrexham 003,0.31374109725913635,0.02992811395107196,12,0.0916385715082104,0.001987017715064279,0.004859866791559864,0.180092323730646,0.17523245693908612
W02000081,2025,Wrexham 004,0.04703659368579207,0.00218164610978419,17,0.07101098617378572,0.001026164568112527,0.008118199479127786,0.13384342271558414,0.12572522323645635
W02000082,2025,Wrexham 005,0.40578796755389185,0.02520377774978397,16,0.11240970471852814,0.001795637998335332,0.030118830224649173,0.19659486250251304,0.16647603227786387
W02000083,2025,Wrexham 006,0.3246154780467624,0.05188864619804715,8,0.09556859781677196,0.0018935263645206545,0.011022552381671685,0.18210179804586912,0.17107924566419744
W02000085,2025,Wrexham 008,0,0,9,0.07523027866250497,0.002152567217455241,-0.01579851507408324,0.16663433783048204,0.1824328529045653
W02000087,2025,Wrexham 010,0.17563427342700577,0.01686484279010632,14,0.11512995247817961,0.0020861329179882905,0.025479576705565776,0.20496647366427978,0.179486896958714
W02000088,2025,Wrexham 011,0.09237473893916798,0.00813683011542647,10,0.09520310117914176,0.0016644646219187448,0.01548912882214469,0.1757668092377337,0.16027768041558899
W02000089,2025,Wrexham 012,0.03400246441283333,0.00134706178077425,8,0.06411015281205817,8.631272490274575e-4,0.006274227663367535,0.12154422520170116,0.11526999753833363
W02000090,2025,Wrexham 013,0,0,14,0.07447446739768619,0.0019499839112581483,-0.011951757346905359,0.16176098720450566,0.173712744551411
W02000091,2025,Wrexham 014,0.08077406106431079,0.00369374314475149,13,0.07559855709887883,0.0013166537067263678,0.0045954266018799345,0.147071150662971,0.14247572406109105
W02000092,2025,Wrexham 015,0.2525827500622753,0.02908380067451654,8,0.0967308528212555,0.0019246199237899113,0.011157026543965207,0.18363603140734386,0.17247900486337864
W02000093,2025,Wrexham 016,0,0,13,0.07932084980547328,0.001957559760239998,-0.007270142577322461,0.1667708881167946,0.17404103069411708
W02000094,2025,Wrexham 017,0.2827583878420045,0.03913621691880618,10,0.09917685603811127,0.0018649120053493803,0.01516720186667804,0.1849446082434944,0.16977740637681638
W02000095,2025,Wrexham 018,0.26184911986455184,0.02559458278174375,15,0.09788466991362064,0.0019457406071713946,0.011967517083722096,0.185370041749374,0.1734025246656519
W02000096,2025,Wrexham 019,0.23951481233022204,0.03354645253066218,13,0.1037016665697704,0.0018099685418405589,0.02129273179978977,0.1885193117147307,0.16722657991494091
W02000097,2025,Powys 001,0.23536852854024376,0.00741630092391679,25,0.0684296406651294,7.934808764631937e-4,0.013182461953794272,0.12371230069822149,0.11052983874442722
W02000098,2025,Powys 002,0.10074700259259677,0.00382297344824648,23,0.09785070601295194,0.0011495760439696535,0.03168827003202827,0.16478415162840587,0.13309588159637759
W02000099,2025,Powys 003,0.2415704623958348,0.01222904999260018,31,0.13601630975858003,0.0016289984921720147,0.05791967778424277,0.21640535735490676,0.158485679570664
W02000100,2025,Powys 004,0.01611119770867258,2.6793425793688344e-4,26,0.03310470398675736,2.2116272747421846e-4,0.003912762368830043,0.062237864161328885,0.05832510179249884
W02000101,2025,Powys 005,0.18784810285125508,0.0076061073091056,26,0.0943631936321689,0.0013949500389902265,0.021552198543794185,0.16822640662780208,0.14667420808400788
W02000102,2025,Powys 006,0.21548079651584187,0.01666844446359484,22,0.04712593893332859,5.442852274041447e-4,0.0013004944770738797,0.09281704205372607,0.09151654757665219
W02000103,2025,Powys 007,0.20283838884303385,0.00625333479066918,36,0.11047825589682138,0.0011619402278835818,0.04412215369444138,0.17793349404329348,0.13381134034885211
W02000104,2025,Powys 008,0.1577280893058326,0.00581677093966316,33,0.11388405029056618,0.0012450851829508836,0.045243922135724285,0.18375017486053752,0.13850625272481323
W02000105,2025,Powys 009,0.1687515200449198,0.00535647932851,34,0.10732097916618144,0.0011079026334195015,0.042186589298928934,0.17281431195569238,0.13062772265676345
W02000106,2025,Powys 010,0.21741064544931868,0.00822193741950979,37,0.08813322335888717,8.556420103400822e-4,0.03085262778203838,0.14564309636063993,0.11479046857860156
W02000107,2025,Powys 011,0.1701473497420348,0.0042401118490936,34,0.11473615171966207,0.001028290674389467,0.052273010819180836,0.17813025479572017,0.12585724397653933
W02000108,2025,Powys 012,0.09335051787031395,0.00413542545216157,31,0.09909298283934383,0.0011058214542225032,0.03408253315251532,0.16461217812191214,0.13052964496939684
W02000109,2025,Powys 013,0.4129090231611433,0.01052331809282885,35,0.090925394088976,7.031160251754643e-4,0.03896863561203833,0.14299193940880864,0.1040233037967703
W02000110,2025,Powys 014,0.22783181426432603,0.00872403845257044,30,0.10845196134281765,0.0010192906312104962,0.04604886687838837,0.17136143098676201,0.12531256410837366
W02000111,2025,Powys 015,0.16438287185584582,0.00649688067225321,40,0.12864018216953305,0.0013146714444646213,0.05816441722385077,0.20053989311828113,0.14237547589443036
W02000113,2025,Powys 017,0.2618622228010663,0.00853863865885935,36,0.07201127414025932,6.859607765614194e-4,0.020606703383292825,0.12335491928676107,0.10274821590346825
W02000114,2025,Powys 018,0.17283430302697408,0.00657371939807889,34,0.11481329099847452,0.0011089005087140114,0.049879779951437886,0.18060203387827045,0.13072225392683257
W02000116,2025,Ceredigion 001,0.0216680769408185,4.7499939522030026e-4,28,0.037072560487621344,3.858888731893264e-4,-0.0015294431987991977,0.07551797992881634,0.07704742312761553
W02000117,2025,Ceredigion 002,0.1254145715107483,0.0038100824099077,33,0.14753705973599454,0.0017735998976588267,0.06479496240290737,0.2300280625068479,0.16523310010394054
W02000118,2025,Ceredigion 003,0.3297731413729008,0.01723814473321186,24,0.12889140832075457,0.001701202012759473,0.04840942734713477,0.21044498074774343,0.16203555340060866
W02000120,2025,Ceredigion 005,0.16717430422124294,0.00832342584968711,30,0.11203367990440216,0.0016247948957393964,0.03364674335080549,0.19202312759572468,0.15837638424491918
W02000122,2025,Ceredigion 007,0.11525596053876372,0.0032147792665267,36,0.10612664101219726,0.001184470238196206,0.03879740585364508,0.1739005181048405,0.13510311225119542
W02000123,2025,Ceredigion 008,0.2147557505929441,0.01519637482965234,21,0.12640308649162882,0.0016076389783476854,0.04868458461397844,0.2062323189244029,0.15754773431042446
W02000124,2025,Ceredigion 009,0.12015517339067466,0.00384743179103896,27,0.0906057921077627,0.001106855695754038,0.025355539476282066,0.15594621734925995,0.1305906778729779
W02000125,2025,Ceredigion 010,0.14617540956978628,0.00500511048352681,36,0.11575411475923689,0.0013677858625819655,0.04377830017204537,0.1890177931594337,0.14523949298738834
W02000126,2025,Pembrokeshire 001,0.3032450311456092,0.01956750943253327,18,0.11780099427112183,0.001823219532756132,0.03516303301795304,0.2030104014977659,0.16784736847981285
W02000127,2025,Pembrokeshire 002,0.2690954163279087,0.02812020741323871,13,0.10267982723884929,0.001918159972961176,0.017362850516854753,0.18955582154518785,0.17219297102833309
W02000128,2025,Pembrokeshire 003,0.02246704895695863,5.547631760222455e-4,13,0.04565609714659339,3.723452021833153e-4,0.007780897250209182,0.08346360489620636,0.07568270764599717
W02000129,2025,Pembrokeshire 004,0.07734105470699854,0.00336047291040065,16,0.08383671407767612,0.0012483870038247358,0.014640676103465172,0.15337725469398955,0.13873657859052438
W02000130,2025,Pembrokeshire 005,0.18611119234914236,0.00947440478178165,16,0.04233740282731185,4.5974971214758777e-4,2.2263814992267567e-4,0.0843229405739945,0.08410030242407182
W02000131,2025,Pembrokeshire 006,0.2059601230258639,0.01598238057573869,14,0.10609017759255723,0.001826390598862585,0.022951122160949924,0.19088091907029692,0.167929796909347
W02000132,2025,Pembrokeshire 007,0,0,11,0.09034641647509274,0.002001185357624141,0.0027793891941011034,0.17872170199131965,0.17594231279721856
W02000133,2025,Pembrokeshire 008,0.32160362306924334,0.02258368403794515,13,0.1199499951717856,0.0019156418429491472,0.03549666490332774,0.20751601909939085,0.17201935419606312
W02000134,2025,Pembrokeshire 009,0.248498848196269,0.01041969119615377,19,0.10969403473237045,0.0018097848307960724,0.027361683929580716,0.1944815285804617,0.16711984465088098
W02000135,2025,Pembrokeshire 010,0.1625268146406409,0.00810831111326606,16,0.10336843877470682,0.001651317623587679,0.024233784216139018,0.18386059546158343,0.15962681124544442
W02000136,2025,Pembrokeshire 011,0.07868015536839972,0.0025009162658183,23,0.07829627953394976,0.0011349270409955657,0.012310476343339372,0.1445438510665031,0.13223337472316374
W02000137,2025,Pembrokeshire 012,0.08579073209676916,0.004191187142175,13,0.0718125928204392,9.28721068355642e-4,0.01204216906837595,0.13162167527679824,0.1195795062084223
W02000138,2025,Pembrokeshire 013,0.10601607823830984,0.010219966055312,12,0.0873675685787825,0.0019086070089035373,0.0018803384573370802,0.1735859990441732,0.17170566058683612
W02000139,2025,Pembrokeshire 014,0.35209858714901615,0.02171961600463605,20,0.1008825715759199,0.0020142198610353813,0.013678319309370315,0.19008667056072048,0.17640835125135018
W02000140,2025,Pembrokeshire 015,0.1726677409248139,0.0226457379422177,14,0.10483110491744822,0.001681598047542662,0.02476856282666816,0.18586912772795838,0.1611005649012902
W02000141,2025,Pembrokeshire 016,0.03546912066416068,0.00129967702376809,17,0.057399692791880355,7.696990020834225e-4,0.0028462603664936442,0.11168356800949854,0.1088373076430049
W02000142,2025,Carmarthenshire 001,0.1085597992753008,0.00740187778089984,9,0.09246823891084982,0.001430711031234093,0.018607925292309327,0.16720134907375594,0.14859342378144663
W02000143,2025,Carmarthenshire 002,0,0,7,0.09570688228161113,0.002000217157978502,0.008035343857581381,0.18397456553589003,0.17593922167830867
W02000144,2025,Carmarthenshire 003,0.06599265594319388,0.00172428113716553,20,0.08274007698291458,8.41499702708066e-4,0.025788783377176334,0.13961776655972796,0.11382898318255164
W02000145,2025,Carmarthenshire 004,0.25999806831673655,0.01536098621601223,15,0.12707053821933978,0.001718097640851332,0.04666367298190731,0.20958615438127326,0.16292248139936594
W02000146,2025,Carmarthenshire 005,0.11287773362534176,0.0113282397831304,11,0.09532975353430843,0.0016737800882323046,0.01531658526559379,0.1761423839231014,0.1608257986575076
W02000147,2025,Carmarthenshire 006,0.2704269807429745,0.02339864101703794,12,0.10766596731135247,0.0018827262166708405,0.023160850698882088,0.19375269307660664,0.17059184237772457
W02000148,2025,Carmarthenshire 007,0.332246539269178,0.03636461716012154,10,0.1179607564329499,0.0020306211450828605,0.030311491514611585,0.20746445757072124,0.17715296605610964
W02000149,2025,Carmarthenshire 008,0.2968642002048154,0.02407259230352023,15,0.10275245341096362,0.0015555972395527738,0.02559610861651558,0.1804984974499087,0.15490238883339313
W02000151,2025,Carmarthenshire 010,0.4865729101774327,0.02966075361199007,12,0.11184715466786059,0.0018518550865803537,0.028419180773488872,0.1976478465221789,0.16922866574869003
W02000152,2025,Carmarthenshire 011,0.19980982291969268,0.01761378862418134,11,0.08474244566426585,0.0012237493699638379,0.016195564871991752,0.1535601734141173,0.13736460854212554
W02000153,2025,Carmarthenshire 012,0.20039526802664004,0.02833171621297215,12,0.09376697845993731,0.001871949228306845,0.00931407641774809,0.17944243191620865,0.17012835549846056
W02000154,2025,Carmarthenshire 013,0.13504243620429662,0.00882794505116138,13,0.11473120000006867,0.0014750431243948075,0.03998532535455655,0.19084714700098065,0.1508618216464241
W02000156,2025,Carmarthenshire 015,0.05883994883762803,0.00369367440371187,7,0.07527101279088842,0.001300566664272481,0.004499605975360865,0.14611327622362602,0.14161367024826516
W02000157,2025,Carmarthenshire 016,0.07381366487938326,0.00547721610347597,10,0.0945173758074477,0.0014318574019324146,0.020580984564459642,0.16921909106239036,0.14863810649793072
W02000158,2025,Carmarthenshire 017,0.02982852985554847,9.620377518338888e-4,10,0.051356673040938536,5.082561702387826e-4,0.0070729149109529585,0.09550493445411437,0.0884320195431614
W02000159,2025,Carmarthenshire 018,0.11541527583403556,0.01226480196722176,9,0.09922994397571326,0.0013896856952962894,0.026341993996419122,0.17274482352950504,0.14640282953308592
W02000160,2025,Carmarthenshire 019,0.304816817216375,0.03421625630710492,6,0.09769134979855743,0.0019206460966923,0.012268878103873754,0.18459664884463475,0.172327770740761
W02000161,2025,Carmarthenshire 020,0,0,8,0.10862463080257671,0.0016886929875233982,0.0284596612046233,0.1899103240547999,0.16145066285017662
W02000162,2025,Carmarthenshire 021,0,0,5,0.0527526302004046,8.005216481479344e-4,-0.0028686285246015547,0.10813690467880452,0.11100553320340607
W02000163,2025,Carmarthenshire 022,0.2033415802781794,0.01639879804613141,12,0.12194574293978544,0.0018048710910115433,0.03930849278253254,0.20623068958972895,0.16692219680719642
W02000164,2025,Carmarthenshire 023,0.15145645877934877,0.00638587258219278,21,0.1267966845488792,0.0014936927374601813,0.051822335755432866,0.20361674306773433,0.15179440731230148
W02000165,2025,Carmarthenshire 024,0.04460589483460792,0.00258885781315688,5,0.09931641096176932,0.0011302575081935592,0.03345582195504941,0.16541134029289953,0.13195551833785013
W02000166,2025,Carmarthenshire 025,0.479665552414865,0.03436522188755858,11,0.12127903938747715,0.00190159017445061,0.036743598546298606,0.20812181771375954,0.17137821916746093
W02000167,2025,Carmarthenshire 026,0.4589448374458594,0.02701811366841075,10,0.150021051101136,0.0019901322743675755,0.06407503835045211,0.23935697739643544,0.17528193904598333
W02000168,2025,Swansea 001,0.18361995535619988,0.0200861932354291,17,0.10320269959508833,0.0018436022320012027,0.01942379181321341,0.18822169695597585,0.16879790514276244
W02000169,2025,Swansea 002,0.21235991071668048,0.00936872533001717,17,0.11801785482758484,0.0016228163180798084,0.03992818766661775,0.19822815947100575,0.15829997180438798
W02000170,2025,Swansea 003,0.12613782013815375,0.01385209999298553,13,0.10926215731187804,0.001787611371178874,0.026899616481139435,0.19306116738969026,0.16616155090855084
W02000171,2025,Swansea 004,0.6968712317346386,0.05184205493777315,4,0.12455448181848813,0.0019707826909524553,0.03877052320882035,0.21322697462167267,0.17445645141285232
W02000172,2025,Swansea 005,0,0,7,0.0945845597414799,0.0016973684888778077,0.013868589584396324,0.1757492887884401,0.16188069920404377
W02000173,2025,Swansea 006,0.13584555172983476,0.01643109043321021,7,0.11055470716454416,0.001864007504758073,0.026499071129043927,0.1961499502789848,0.16965087914994087
W02000174,2025,Swansea 007,0.3050241900452019,0.05192578673240396,10,0.08435961487474321,0.0013240763035812068,0.013072691032332356,0.1559473032050372,0.14287461217270483
W02000175,2025,Swansea 008,0.2842427254159557,0.05146719348627623,6,0.11215836156603445,0.0020737705110469226,0.023012205768725355,0.20206889633960073,0.17905669057087537
W02000176,2025,Swansea 009,0.2143825830882824,0.03422371683773016,7,0.11183342482026587,0.0018498094015565614,0.028237536197518398,0.1972916232769363,0.1690540870794179
W02000177,2025,Swansea 010,0,0,6,0.08938195274275507,0.002082544571921894,1.0569027722173718e-5,0.1794696864786739,0.17945911745095172
W02000178,2025,Swansea 011,0,0,10,0.11670889737206394,0.0018146057480502974,0.03314441277892992,0.20049801336297168,0.16735360058404175
W02000179,2025,Swansea 012,0.24764267951482924,0.02928269718646051,14,0.05065599282029099,9.241789486708497e-4,-0.00917630593640286,0.11011575754945685,0.11929206348585972
W02000180,2025,Swansea 013,0.08040879968974707,0.00654770495938855,9,0.0957667250326955,0.0015668788183809974,0.018162977047817164,0.17366075576556267,0.1554977787177455
W02000181,2025,Swansea 014,0.2063450402167813,0.02192115016840678,8,0.09227096382872928,0.001529372502371066,0.015448724466642971,0.1690282598387427,0.15357953537209973
W02000182,2025,Swansea 015,0.2120499599980602,0.03210861699624001,11,0.03728762600248009,5.721145809985605e-4,-0.009745958338905333,0.0840728360949045,0.09381879443380983
W02000183,2025,Swansea 016,0.20765156239873592,0.03208418772704308,9,0.10424074249164274,0.0017272253817965499,0.022765120051137913,0.1860589561659921,0.1632938361148542
W02000184,2025,Swansea 017,0.13032373465975444,0.01408706498058976,16,0.11245528574328949,0.0017173878338282123,0.03173401166701621,0.19457756281196548,0.16284355114494925
W02000185,2025,Swansea 018,0,0,6,0.10753120808149519,0.0020534530445387683,0.01937864768384491,0.1975332360747204,0.1781545883908755
W02000186,2025,Swansea 019,0.3346087921705049,0.02620285173450932,11,0.1363130002329608,0.0017425387899810266,0.05470816699892775,0.21866213963202427,0.16395397263309652
W02000188,2025,Swansea 021,0.13897817046277686,0.01844925430414842,5,0.04841092168851714,5.545805318083854e-4,0.002117168781367265,0.09448671766320954,0.09236954888184228
W02000189,2025,Swansea 022,0,0,15,0.12170531819865578,0.002086839894726992,0.032440118058969375,0.21201789322448134,0.17957777516551196
W02000191,2025,Swansea 024,0.23300905004342748,0.02196400610444944,10,0.16462493845138984,0.002107706167629772,0.07556792764058695,0.2559143908951287,0.18034646325454173
W02000192,2025,Swansea 025,0.1078801290794299,0.01012995719370896,18,0.10427218544360556,0.0018205513452231956,0.02053542274697029,0.18793897808739218,0.1674035553404219
W02000193,2025,Swansea 026,0.10782255669977564,0.01026360563372489,14,0.1477415912709932,0.002364192682384126,0.05244592348397342,0.2432866614495413,0.19084073796556789
W02000194,2025,Swansea 027,0,0,14,0.12984495179507058,0.002300046463582936,0.03580464721588457,0.2243230497472939,0.18851840253140933
W02000195,2025,Swansea 028,0.08341744529806772,0.00382003552158274,11,0.12540919500729614,0.0011802270489405312,0.058349350764842906,0.1931595067466313,0.1348101559817884
W02000196,2025,Swansea 029,0,0,10,0.11151686944151896,0.0023518461992862016,0.016437343102699342,0.20717351725266908,0.19073617414996974
W02000197,2025,Swansea 030,0,0,8,0.10023887327277063,0.002210055257279582,0.008130957405488276,0.19297471935751653,0.18484376195202826
W02000198,2025,Swansea 031,0.2579443622255798,0.0337731711557654,10,0.13816238090948982,0.0019438304371669005,0.05236002253649641,0.2255729808234167,0.1732129582869203
W02000200,2025,Neath Port Talbot 002,0.15122342062928207,0.01878555743192171,11,0.03083535835036805,7.950529715481153e-4,-0.02474258504878084,0.08588763703765914,0.11063022208643998
W02000201,2025,Neath Port Talbot 003,0,0,16,0.09352463620920135,0.0019008953586649362,0.00820339366463528,0.17969542323121362,0.17149202956657833
W02000202,2025,Neath Port Talbot 004,0.5023359976108932,0.04245466863922829,9,0.12341789839810438,0.0017863513280241012,0.04163266604096001,0.20779924243778158,0.16616657639682159
W02000204,2025,Neath Port Talbot 006,0,0,4,0.10117797681808789,0.0018127157818954801,0.018082534931828043,0.18544619068860888,0.16736365575678083
W02000205,2025,Neath Port Talbot 007,0.21896696023517323,0.02251379567339341,12,0.11570718919456328,0.001817630466574325,0.03288307682695839,0.20046853104876428,0.16758545422180587
W02000206,2025,Neath Port Talbot 008,0.08980904995079791,0.00412179320150282,18,0.2876090714960838,8.553289648058072e-4,0.2308382911658181,0.3454403998849671,0.114602108719149
W02000207,2025,Neath Port Talbot 009,0.1069953436546872,0.00560321629928274,15,0.11732679149456816,0.001422990661873919,0.04357651188918389,0.19170445016248427,0.1481279382733004
W02000208,2025,Neath Port Talbot 010,0.26027978042766364,0.03545495700960153,9,0.09213222235285408,0.0014832444519738248,0.01667304226002661,0.16786301466236445,0.15118997240233784
W02000210,2025,Neath Port Talbot 012,0.282859436264422,0.03308632355891663,8,0.12921482223459846,0.0017126816215810683,0.04848252732610203,0.21103977051227946,0.16255724318617742
W02000211,2025,Neath Port Talbot 013,0.11457597231886088,0.00745009134234743,10,0.12304452897362708,0.0015270900817338001,0.046605869295185634,0.20006237754235145,0.15345650824716583
W02000212,2025,Neath Port Talbot 014,0.07787970940284689,0.00353760576034458,11,0.1256839532771731,0.0011893674525841368,0.05837439790913326,0.19377814095956325,0.13540374305043
W02000213,2025,Neath Port Talbot 015,0.05826025533035244,0.00354543578986813,11,0.07662198078893652,9.233598369124312e-4,0.016859505529303966,0.13609687224833367,0.11923736671902971
W02000214,2025,Neath Port Talbot 016,0.0697043651606858,0.002636683280789,16,0.090562506938651,9.516747316212146e-4,0.029977487087536954,0.1510187811554544,0.12104129406791744
W02000215,2025,Neath Port Talbot 017,0,0,18,0.12716973668139847,0.002061351913387143,0.03849596355484754,0.21699467580694543,0.1784987122520979
W02000216,2025,Neath Port Talbot 018,0.09887157885488725,0.00887472537360822,13,0.11793444986766131,0.0015122080436369542,0.042017945442293925,0.19476579595832177,0.15274785051602785
W02000217,2025,Neath Port Talbot 019,0,0,16,0.10921123832663851,0.0016635450416223818,0.02912342611751695,0.18939606651962382,0.16027264040210687
W02000218,2025,Bridgend 001,0.15229566803392136,0.0109034672504786,11,0.10676810422041712,0.0013605582338484818,0.03453477288737912,0.17938083941366978,0.14484606652629067
W02000219,2025,Bridgend 002,0.1682122113814376,0.0139961429419419,12,0.10145980071878365,0.0013916233560974933,0.02829546079712869,0.17479810188171463,0.14650264108458594
W02000220,2025,Bridgend 003,0.35532433610683933,0.03163293726336011,15,0.11962751988369683,0.0018807506490034485,0.0353990249250275,0.20589893152451721,0.17049990659948971
W02000221,2025,Bridgend 004,0.22464690922113356,0.0140983287141928,12,0.1190088507835598,0.001678093542171792,0.039180484065245214,0.20017261398726857,0.16099212992202336
W02000222,2025,Bridgend 005,0.15158375295854637,0.00961452561119984,15,0.10922569652048038,0.0015653554049397667,0.03201255704015245,0.1874514898632427,0.15543893282309024
W02000223,2025,Bridgend 006,0.09757512051333785,0.00841453973360498,17,0.10231657148940296,0.0012502684250531946,0.03292534493689071,0.17176844457577797,0.13884309963888725
W02000224,2025,Bridgend 007,0,0,13,0.15409050576876226,0.0019430370793456116,0.0694365279128297,0.242692860846778,0.1732563329339483
W02000225,2025,Bridgend 008,0.28250679011949603,0.046100102267075,10,0.12141283008623352,0.0017383682962334168,0.040162414229451146,0.20399133195810953,0.16382891772865837
W02000226,2025,Bridgend 009,0.03520363460281459,0.00130610230687431,12,0.07391916554690747,7.308812824016915e-4,0.02077614769294877,0.12684483912922065,0.10606869143627187
W02000227,2025,Bridgend 010,0.08362598579906975,0.00386682045615299,19,0.11323966175418357,0.0012950600195289416,0.042844767133009984,0.18414420782357646,0.1412994406905665
W02000228,2025,Bridgend 011,0.13750561923203072,0.00914558896790724,12,0.09435158266695323,0.0019810121204626007,0.00748301421456897,0.18218965170927776,0.17470663749470877
W02000229,2025,Bridgend 012,0.02366703171999162,5.939299805793825e-4,15,0.04526905160368585,4.568215703221416e-4,0.00327824105224446,0.08710921634211755,0.08383097528987309
W02000230,2025,Bridgend 013,0.03432351547577085,0.00123157673493007,14,0.06890792604013746,7.550348575762669e-4,0.014861480115685714,0.12266692328974592,0.10780544317406021
W02000231,2025,Bridgend 014,0.07183417284544649,0.0052387770914089,8,0.11463421016619244,0.001331748979131171,0.04305267431845336,0.1863451489346545,0.14329247461620115
W02000232,2025,Bridgend 015,0.07382530913478066,0.00564646116036695,9,0.12339025357177456,0.0013886052912578679,0.05074266363621985,0.1970937930377826,0.14635112940156275
W02000233,2025,Bridgend 016,0.06802796645371637,0.00256054360588346,14,0.09986714297673413,0.001106664070858805,0.03456977964248667,0.16512878576258594,0.13055900612009927
W02000234,2025,Bridgend 017,0.24809512359347852,0.01759214410250996,15,0.14738449653283345,0.0018516794627768116,0.06386886974408516,0.23292982355926545,0.16906095381518027
W02000235,2025,Bridgend 018,0,0,13,0.11636320750582764,0.002007283359801078,0.029040870096990273,0.20510489478529242,0.17606402468830215
W02000236,2025,Bridgend 019,0.13370182663871005,0.00806865787511177,16,0.1475636507800723,0.001654300877120599,0.06887425669975596,0.22860873434066442,0.15973447764090848
W02000237,2025,Vale of Glamorgan 001,0.1627169233043331,0.00557483099244682,20,0.1270733110065247,0.0014975806091057366,0.051508514372183414,0.20351947846170787,0.15201096408952447
W02000238,2025,Vale of Glamorgan 002,0.09491294921351873,0.00529947441630956,12,0.10684370599625088,0.0011430247855226706,0.040387515220303094,0.17307884999570455,0.13269133477540146
W02000239,2025,Vale of Glamorgan 003,0.2267787281000853,0.01445762414180057,15,0.11386736205491557,0.0011658709154318426,0.04686177649930916,0.18090051948928293,0.13403874298997376
W02000240,2025,Vale of Glamorgan 004,0.23257132757896865,0.02165848856048714,9,0.15970749384053917,0.0017944491611477443,0.07768755648084066,0.2441441041168248,0.16645654763598414
W02000241,2025,Vale of Glamorgan 005,0.08571980997754938,0.00684297326408523,14,0.14757610555396325,0.0015803303821858607,0.06974822238382886,0.22583985136432994,0.15609162898050108
W02000242,2025,Vale of Glamorgan 006,0.3303578552998071,0.03512637468853634,11,0.13902074408461165,0.0018924352417005429,0.054414956756431127,0.22538772481395647,0.17097276805752534
W02000243,2025,Vale of Glamorgan 007,0.08317159924169112,0.00387401401355907,11,0.10919903793587604,0.0010703597917963781,0.04492152670845813,0.17331554198857613,0.128394015280118
W02000244,2025,Vale of Glamorgan 008,0.1570993129235458,0.0089089090669488,18,0.12528872283224288,0.0014183192956391047,0.0515192759743677,0.19940993021778503,0.14789065424341732
W02000245,2025,Vale of Glamorgan 009,0.12334052629428711,0.00786840781573228,16,0.12062698691254779,0.0016288005800063083,0.04157927736251725,0.2001444955415425,0.15856521817902525
W02000246,2025,Vale of Glamorgan 010,0.38345641557840093,0.0228186109348791,13,0.13842178218104942,0.001956719086943677,0.0528938913114249,0.22672422665866226,0.17383033534723735
W02000247,2025,Vale of Glamorgan 011,0.1916693699386835,0.0067366554064259504,19,0.14964529949762478,0.0016057399447229929,0.07183539741924097,0.22921163131091615,0.15737623389167518
W02000248,2025,Vale of Glamorgan 012,0.22411832339759163,0.01266490482991558,20,0.14089749532220044,0.0014987747484186686,0.06514255350052545,0.21714066061308426,0.15199810711255882
W02000249,2025,Vale of Glamorgan 013,0.30956485591124094,0.01817167953600328,13,0.15354087099210992,0.0019950514355230806,0.06651341096346185,0.24204071579915623,0.1755273048356944
W02000250,2025,Vale of Glamorgan 014,0.15434933297738462,0.01205902844864081,13,0.1336080655716964,0.0016837949758619281,0.05390415891975134,0.2151228340307622,0.16121867511101087
W02000251,2025,Vale of Glamorgan 015,0.2951833288197265,0.01407341563645197,18,0.15230004945962222,0.0018312995208459202,0.0690215959087331,0.23719980685003042,0.1681782109412973
W02000252,2025,Rhondda Cynon Taf 001,0,0,5,0.09279395362148588,0.0019048970246144782,0.0070160984507852825,0.17875151266982625,0.17173541421904098
W02000253,2025,Rhondda Cynon Taf 002,0,0,7,0.09799112348544613,0.0019661148663678418,0.010968095541133052,0.1853773457554782,0.17440925021434517
W02000254,2025,Rhondda Cynon Taf 003,0,0,6,0.10746293324499068,0.0019360783069066066,0.02147713620982443,0.19455247221845634,0.1730753360086319
W02000255,2025,Rhondda Cynon Taf 004,0.1304459405317504,0.0163323027759761,6,0.10849141793412796,0.0016794330616822072,0.028462747003043756,0.1895586917058083,0.16109594470276456
W02000256,2025,Rhondda Cynon Taf 005,0.2727221010340992,0.0325324572589449,8,0.11275084255822122,0.0016590947668055876,0.03317964947647131,0.19326992813341037,0.16009027865693906
W02000257,2025,Rhondda Cynon Taf 006,0.08332934345818582,0.00707666406425715,7,0.09713045640520268,0.0015340116264397558,0.020181666821971728,0.17409103257431424,0.15390936575234251
W02000258,2025,Rhondda Cynon Taf 007,0,0,8,0.09877385270905882,0.0019228168796542632,0.01285702465903732,0.18528790799759431,0.172430883338557
W02000259,2025,Rhondda Cynon Taf 008,0,0,5,0.07685817227315542,0.0014303837722778269,0.002129876359826352,0.1506659496569589,0.14853607329713253
W02000260,2025,Rhondda Cynon Taf 009,0.2583865506994965,0.05113041848495398,4,0.11927825973319373,0.0018151621406699119,0.036266870828681255,0.2037529153156306,0.16748604448694937
W02000261,2025,Rhondda Cynon Taf 010,0.06159992601556031,0.00367901562196499,14,0.08600240066890716,0.0012981870586859293,0.015133066418797414,0.15661511217772706,0.14148204575892964
W02000262,2025,Rhondda Cynon Taf 011,0.130551361953057,0.01481034237209046,12,0.0992978678010396,0.0018148151811247654,0.01590509853360557,0.18335440467176523,0.16744930613815967
W02000263,2025,Rhondda Cynon Taf 012,0.07301305027132968,0.0052858860771012,8,0.09902701296140247,0.0012664663559192808,0.029277728890993976,0.1690267334552571,0.13974900456426312
W02000264,2025,Rhondda Cynon Taf 013,0,0,9,0.10531030012381716,0.0015600601350632922,0.028061801233178377,0.18323734293181185,0.15517554169863346
W02000265,2025,Rhondda Cynon Taf 014,0.18504699755418308,0.0159764538766468,9,0.08490694754618992,0.0011166102995936542,0.019248664380348363,0.15041963389463375,0.1311709695142854
W02000266,2025,Rhondda Cynon Taf 015,0.19101749344806623,0.01805137985346083,9,0.12052793582628735,0.0017730980419823751,0.03853218176210625,0.20409599580795268,0.1655638140458464
W02000267,2025,Rhondda Cynon Taf 016,0.3876848127336204,0.07569560365471198,4,0.10340941966354969,0.001997095669765827,0.01603047290406706,0.1917770033350038,0.17574653043093674
W02000268,2025,Rhondda Cynon Taf 017,0.03728687811082731,0.00147635974183728,11,0.06781951890207688,8.213343095859896e-4,0.011354972718368106,0.12380735607131169,0.11245238335294358
W02000269,2025,Rhondda Cynon Taf 018,0,0,7,0.09857889175285181,0.0015477700829208028,0.021301882408684025,0.17588478809274063,0.1545829056840566
W02000270,2025,Rhondda Cynon Taf 019,0,0,4,0.10482385308280885,0.0019300385027140705,0.01865484727422649,0.19147658587445912,0.17282173860023264
W02000271,2025,Rhondda Cynon Taf 020,0,0,7,0.09607691910248993,0.001831185388509198,0.012033062846160694,0.18025139209562913,0.16821832924946845
W02000272,2025,Rhondda Cynon Taf 021,0.1855565686140649,0.01727400927802911,8,0.1286122845220336,0.0017077677120215587,0.04800166651945434,0.21046788898341268,0.16246622246395834
W02000273,2025,Rhondda Cynon Taf 022,0.3226183991408277,0.04147132676107223,7,0.14927232240494376,0.0021273350981137473,0.059265595697159265,0.2405543724044205,0.18128877670726123
W02000274,2025,Rhondda Cynon Taf 023,0.1887888568142841,0.02836594638437752,7,0.09988634677233456,0.0013512577928651603,0.02787190097809307,0.17223843803308775,0.1443665370549947
W02000275,2025,Rhondda Cynon Taf 024,0.13233078446833696,0.01609793561785056,8,0.1159352717329617,0.0017634824345485328,0.03413275229422552,0.19923574682598136,0.16510299453175584
W02000276,2025,Rhondda Cynon Taf 025,0.14269715022150847,0.01692906107665517,10,0.10835523679694932,0.001782849950777937,0.025703113880819375,0.19170337099005563,0.16600025710923627
W02000277,2025,Rhondda Cynon Taf 026,0.10088609002340776,0.01018566563734435,6,0.11891983625565716,0.0016135148757553848,0.040264245461873086,0.19811657351251133,0.15785232805063826
W02000278,2025,Rhondda Cynon Taf 027,0.08316256222900299,0.00703547690226713,7,0.1074811701746868,0.0014841028514301754,0.032084597492973474,0.18339822579740495,0.15131362830443146
W02000279,2025,Rhondda Cynon Taf 028,0.25312851242312073,0.01675411550252992,11,0.12309721078736872,0.0016203445212881193,0.04468960636922724,0.20285609263797982,0.15816648626875257
W02000280,2025,Rhondda Cynon Taf 029,0.21060406256842443,0.03449264812068904,6,0.12927976563141275,0.0018637540451756503,0.04535492041812775,0.2150674700098048,0.16971254959167706
W02000281,2025,Rhondda Cynon Taf 030,0.12026842955867198,0.01262069315154442,10,0.09495631006282339,0.0011970054984948109,0.026920469079144055,0.1627672768438409,0.13584680776469685
W02000282,2025,Rhondda Cynon Taf 031,0.0898198462406467,0.00982488383950507,5,0.11278455353425065,0.0016645068582191863,0.03271900695085747,0.1930635262205288,0.16034451926967133
W02000284,2025,Merthyr Tydfil 002,0.08036287104106436,0.00248401447213526,31,0.08877338849219958,0.0010279675283618812,0.025844219477758293,0.151698959596979,0.1258547401192207
W02000285,2025,Merthyr Tydfil 003,0.08607233660619168,0.00655397376923579,23,0.08077152060099238,9.213030663690136e-4,0.021186391376548805,0.14030445086077367,0.11911805948422487
W02000286,2025,Merthyr Tydfil 004,0.31781479424180314,0.01510502554650004,18,0.13199209858853497,0.001597217544583595,0.05407884898332735,0.2110586452439635,0.15697979626063616
W02000287,2025,Merthyr Tydfil 005,0.3733724764228139,0.01681172985111207,19,0.11922292810280602,0.0013508154758432851,0.04773797436197193,0.19207009530491628,0.14433212094294434
W02000288,2025,Merthyr Tydfil 006,0.22002796937911617,0.00584310726496935,32,0.13079988694510178,0.0014707057283519195,0.05653589209393972,0.20717192736703383,0.1506360352730941
W02000289,2025,Merthyr Tydfil 007,0.21904547495787316,0.01359111880808216,32,0.12624647666996777,0.0014263298750144262,0.052977570230045054,0.20131436584515644,0.14833679561511137
W02000290,2025,Caerphilly 001,0.4940004281368866,0.04800114891573124,7,0.12010922904095693,0.001606535365050657,0.04217446294607505,0.1996669046035991,0.15749244165752405
W02000291,2025,Caerphilly 002,0.38510048043962464,0.07552190854049042,5,0.1091266858059217,0.001871140477129423,0.024926200188786385,0.19504350131667414,0.17011730112788775
W02000292,2025,Caerphilly 003,0.1328072485359273,0.00969458237186979,9,0.10656382232230266,0.0016286453644760257,0.027606254846871764,0.18622476624701054,0.15861851140013877
W02000293,2025,Caerphilly 004,0,0,6,0.10644389624452238,0.0019754550326251397,0.01924745921368269,0.19406690815084554,0.17481944893716284
W02000294,2025,Caerphilly 005,0.22972725402244865,0.01346904739298823,14,0.11775819625792261,0.0014723845883636167,0.04312354682066298,0.19386914900962365,0.15074560218896066
W02000295,2025,Caerphilly 006,0.23708748617540648,0.02423079665279696,7,0.10431733520824438,0.0018485752130599448,0.02079852291071886,0.18983359423723528,0.1690350713265164
W02000296,2025,Caerphilly 007,0.11814081890186584,0.01281790231980255,8,0.11501152249255067,0.0015999960602387194,0.037115878575402786,0.19430385399412106,0.15718797541871826
W02000297,2025,Caerphilly 008,0.02050999532070842,4.820683277050661e-4,8,0.03892327278826645,3.884954426145555e-4,1.6305728332328961e-4,0.07747060201871953,0.07730754473539624
W02000298,2025,Caerphilly 009,0,0,9,0.10672911002305749,0.0019617285114343842,0.019980323608750183,0.19419818374489548,0.1742178601361453
W02000299,2025,Caerphilly 010,0.1968710323092155,0.02070306108664358,7,0.11226624309103522,0.0018252720082876977,0.029083140860898263,0.1969872158006328,0.16790407493973453
W02000300,2025,Caerphilly 011,0.15140732293935924,0.02369638116854418,5,0.09808304687591901,0.0018488731150622228,0.013996313672441377,0.1830640724493784,0.16906775877693703
W02000301,2025,Caerphilly 012,0,0,9,0.0997541278536518,0.0019341717133094201,0.013591738544801404,0.1866116226992367,0.1730198841544353
W02000302,2025,Caerphilly 013,0.26456358564365673,0.02997053978219121,12,0.11241875208069255,0.0018313431131447668,0.028944003215413003,0.19725273405883775,0.16830873084342474
W02000303,2025,Caerphilly 014,0.0903635329897166,0.0045819523425108,11,0.09640998501744139,0.0014042120255796581,0.022999298963373715,0.1701764199166951,0.1471771209533214
W02000304,2025,Caerphilly 015,0.04511958651772993,0.00230500804706211,7,0.07494584604456915,0.0010574643000954103,0.010910789738294902,0.1385619151981393,0.1276511254598444
W02000305,2025,Caerphilly 016,0,0,6,0.11700516739969147,0.002046509947558141,0.028936308572849803,0.20681106512597092,0.17787475655312113
W02000306,2025,Caerphilly 017,0.1914716093221539,0.01820986060833416,11,0.11766194591624711,0.0017836884341589033,0.03553569137949221,0.20155815260167287,0.16602246122218067
W02000307,2025,Caerphilly 018,0.17240741216894648,0.01604838936723919,10,0.14394991722044453,0.0017939043402153863,0.062033232565596674,0.2284643911199146,0.16643115855431792
W02000308,2025,Caerphilly 019,0.12023790671158982,0.01278096943276208,10,0.10156979925901409,0.0014594213540090623,0.026508924486170427,0.1765992847361415,0.15009036024997108
W02000309,2025,Caerphilly 020,0.16949886344541443,0.01031795675701423,9,0.13326720365529343,0.0016880896334839739,0.05343925367749866,0.21490525169111127,0.1614659980136126
W02000310,2025,Caerphilly 021,0.26962821900533507,0.02996641869850812,11,0.12561930328486517,0.001870474839442658,0.04125319874374403,0.211337977155234,0.17008477841148997
W02000311,2025,Caerphilly 022,0.05899856156677649,0.00375202688166048,8,0.10017521198037385,0.0012991687198752337,0.029162763767921998,0.1707060028472936,0.1415432390793716
W02000312,2025,Caerphilly 023,0,0,9,0.12417134875918492,0.0019299012736886635,0.038435680353516785,0.21119855555760497,0.17276287520408817
W02000313,2025,Caerphilly 024,0,0,6,0.12776028042710708,0.001973755093364775,0.04094737232423391,0.2156728623167585,0.17472548999252457
W02000314,2025,Blaenau Gwent 001,0.1154649264108974,0.00758341358664255,27,0.08992855971641679,0.0015874367956199532,0.0120390750806159,0.16858916568932925,0.15655009060871333
W02000315,2025,Blaenau Gwent 002,0.02585755314227178,7.061671069476614e-4,12,0.0439210054341653,5.12872777653297e-4,-5.753183594991579e-4,0.08825648691557732,0.08883180527507648
W02000316,2025,Blaenau Gwent 003,0.16102771019666345,0.0077174621768716,22,0.1054380139779649,0.0015726747415096764,0.02810120648180542,0.18393458687952174,0.15583338039771633
W02000317,2025,Blaenau Gwent 004,0.2686285661167653,0.01890156563112764,23,0.10518784786968997,0.001392268307647673,0.03248307991777995,0.17902068285785014,0.14653760294007018
W02000318,2025,Blaenau Gwent 005,0.03934170008503007,0.00154309265889181,19,0.06712741924495602,7.410399750756772e-4,0.013688250969780776,0.12049549231624487,0.1068072413464641
W02000319,2025,Blaenau Gwent 006,0.09374711394837162,0.0076936383203531,23,0.10980021853022003,0.001437929440011738,0.03585996228061361,0.18482053197351705,0.14896056969290344
W02000320,2025,Blaenau Gwent 007,0.2671863695725407,0.02462330119504111,17,0.1003060982746623,0.0017183410967568002,0.01965246208738855,0.18258074668291407,0.16292828459552552
W02000321,2025,Blaenau Gwent 008,0,0,23,0.0936290649227311,0.0017874830698470148,0.010987568981399146,0.17720472068382984,0.16621715170243068
W02000322,2025,Blaenau Gwent 009,0.2890004976589016,0.01930707733208523,17,0.11120218582053287,0.0015309918465673984,0.035115592994130154,0.18878449113190016,0.15366889813777002
W02000323,2025,Torfaen 001,0.03503674928122015,0.00124592339117171,17,0.05537012491329208,7.618248006406252e-4,0.001076831649237102,0.1093747127117238,0.1082978810624867
W02000324,2025,Torfaen 002,0.0748106038887924,0.00528491507234404,14,0.08836166615177633,0.001296301530094836,0.017987444757881332,0.15938426829425084,0.1413968235363695
W02000325,2025,Torfaen 003,0.13605163464876163,0.00996095532295979,14,0.1094529303117834,0.001585253669289386,0.03173151648378937,0.1881447733564377,0.15641325687264834
W02000326,2025,Torfaen 004,0.04080259603411167,0.00174493086229559,12,0.06800977892490191,8.915928192946929e-4,0.009277009270309507,0.12645760601929515,0.11718059674898565
W02000327,2025,Torfaen 005,0.03058069694009597,9.513699824588816e-4,20,0.0466701804604315,6.031515738707744e-4,-0.0015952794854424204,0.09474628475463705,0.09634156424007947
W02000328,2025,Torfaen 006,0.0569182626120659,0.00313932203665786,17,0.0798369993552114,0.0011648614073134502,0.012897327390261781,0.14687465131792776,0.13397732392766598
W02000329,2025,Torfaen 007,0.304692529644205,0.0197642585335252,20,0.10914197285872348,0.0013066306847073978,0.03845829734652784,0.18039621633918895,0.14193791899266112
W02000330,2025,Torfaen 008,0.32735145550316547,0.02380815135631992,16,0.10565605953306965,0.0018738382075600827,0.021465411851178506,0.19165324132032915,0.17018782946915065
W02000331,2025,Torfaen 009,0.35083136233578727,0.02120655596166082,18,0.13554810105589757,0.002061158956540448,0.047224253490153384,0.22563209929027683,0.17840784580012345
W02000332,2025,Torfaen 010,0.05349338083449262,0.00164771696165409,24,0.07856031637201204,9.101224990271088e-4,0.01919125992065382,0.1375760680250436,0.11838480810438978
W02000333,2025,Torfaen 011,0,0,21,0.09957084084238955,0.0019101415069125718,0.014119153238134674,0.18598306184554247,0.1718639086074078
W02000334,2025,Torfaen 012,0.17030412564008704,0.00943615712554789,15,0.1173612937612558,0.0016459243488224468,0.03855475148290416,0.1979800290415838,0.15942527755867963
W02000335,2025,Torfaen 013,0,0,16,0.09345471866019961,0.0014163825104820445,0.019626676170490687,0.16746746446279584,0.14784078829230515
W02000336,2025,Monmouthshire 001,0.02030209219874314,4.143617534151925e-4,34,0.03571343835719437,3.452126801329711e-4,-7.921915499102469e-4,0.07207962394584488,0.07287181549575514
W02000337,2025,Monmouthshire 002,0.09581761749089136,0.00256189176311349,26,0.0969004801506002,9.344169731461457e-4,0.03686174632608757,0.15681100085246713,0.11994925452637956
W02000338,2025,Monmouthshire 003,0.2967555285685354,0.01428241642633621,25,0.1021168989544474,0.0014196795529898172,0.028813501720743484,0.1768026860493626,0.14798918432861913
W02000339,2025,Monmouthshire 004,0.19756310464376825,0.01285497952951069,26,0.09889524527385014,0.0010612559585598277,0.03506125698794363,0.16291641887139224,0.12785516188344861
W02000340,2025,Monmouthshire 005,0.06206963035056901,0.0016345103988168,16,0.08983146987621025,9.002301137794306e-4,0.03097632164722218,0.14871046104393992,0.11773413939671774
W02000341,2025,Monmouthshire 006,0.02914626227780904,4.4694577924210094e-4,29,0.04140388742088167,3.286508278460062e-4,0.005814184440141146,0.07691686986605847,0.07110268542591733
W02000342,2025,Monmouthshire 007,0.1730340931630624,0.01400440739537029,16,0.10986433287797392,0.0018378552506391045,0.026292923361057763,0.19477525059891634,0.16848232723785858
W02000343,2025,Monmouthshire 008,0.08429630309605435,0.00364955938271199,16,0.09556216615110213,0.0013341607328939996,0.023858356059514613,0.16727440309506542,0.1434160470355508
W02000344,2025,Monmouthshire 009,0.1722797710711219,0.01487524893279657,21,0.11257670957511161,0.0016472758366992398,0.033598115106584975,0.19305257704354448,0.1594544619369595
W02000345,2025,Monmouthshire 010,0.18609584214749028,0.00897440093666466,19,0.13056629331422048,0.0016483581874878611,0.0516667814333157,0.2111020053272977,0.15943522389398201
W02000346,2025,Monmouthshire 011,0.15232416813976363,0.00736750770497059,24,0.11621423525171058,0.0016705668156730587,0.03642701931983712,0.19697761707389824,0.1605505977540611
W02000347,2025,Newport 001,0.06461458946959135,0.00245960683457328,18,0.097713637639176,0.0010210448706634795,0.035038529118007616,0.16044329807856855,0.12540476896056094
W02000348,2025,Newport 002,0,0,9,0.10302001715988539,0.00213847969523402,0.012190039597378535,0.19404391205987565,0.18185387246249712
W02000349,2025,Newport 003,0.1448486715851302,0.00687144531082198,20,0.12330872807735323,0.001429723596765494,0.049406452642821425,0.19788714166661756,0.14848068902379613
W02000350,2025,Newport 004,0.03890340997158043,0.00158593964109854,12,0.06879792674438664,8.260617247167808e-4,0.01231021331462722,0.12507986129301454,0.11276964797838732
W02000351,2025,Newport 005,0.0349899336508939,0.00132188995380489,11,0.06802651649837826,8.227806733317848e-4,0.011514423233691437,0.12404595201009117,0.11253152877639973
W02000352,2025,Newport 006,0.1385748196838811,0.0085590026491063,15,0.1253807998889847,0.001607703795343803,0.04683937858981477,0.20433116912465765,0.15749179053484288
W02000353,2025,Newport 007,0.1169784876836714,0.01337218701077527,6,0.12097789216059522,0.0019577215252945287,0.03423983358146113,0.20808579435613536,0.17384596077467424
W02000354,2025,Newport 008,0,0,8,0.10086357649178757,0.0022188598029028225,0.008233204583827272,0.1934431336441636,0.18520992906033634
W02000355,2025,Newport 009,0,0,11,0.11602670606774722,0.0017916518086586767,0.0332724714053598,0.19964342010588026,0.16637094870052047
W02000356,2025,Newport 010,0.14106642875320174,0.01202188137219196,11,0.14719650807173096,0.0018686580795743318,0.06344460478828974,0.23322313960221208,0.16977853481392235
W02000357,2025,Newport 011,0,0,15,0.10225273160766744,0.0025664951631018448,0.0026460347304204657,0.2017453313435748,0.19909929661315434
W02000358,2025,Newport 012,0,0,7,0.13646260570530971,0.002018256268704846,0.048988556087970175,0.22559978308485665,0.17661122699688647
W02000359,2025,Newport 013,0.17195682146256686,0.01016322462469572,16,0.12304086297427416,0.0019600980907947055,0.03633920808802038,0.2101919227472128,0.17385271465919241
W02000360,2025,Newport 014,0.11607631589507758,0.00857051176979691,18,0.11829392879808019,0.0018910534136224162,0.033106491405929805,0.20384446842981477,0.17073797702388496
W02000361,2025,Newport 015,0,0,9,0.07305392332019464,0.0011646214092542542,0.005930867271064441,0.13987443351901,0.13394356624794557
W02000362,2025,Newport 016,0.14387404477650712,0.01770099762354224,9,0.12063754552483598,0.0018909185400823195,0.035563621691828334,0.20648333965524315,0.17091971796341482
W02000363,2025,Newport 017,0.06635440745682769,0.00415797891576541,18,0.09347051617252117,0.001433958289801619,0.018946848136151925,0.16765101347298572,0.14870416533683378
W02000364,2025,Newport 018,0.14274502605112585,0.01071694158660544,17,0.08467656746443887,0.0011453279196051462,0.018083190080438946,0.1508740161770111,0.13279082609657217
W02000365,2025,Newport 019,0,0,8,0.15078312545123504,0.0021642481047970436,0.06009711459966409,0.24295848415194182,0.18286136955227772
W02000366,2025,Newport 020,0.03770907390667587,0.00149023333982446,13,0.06901837541917805,8.287304230523394e-4,0.012366508334621391,0.12532202927324582,0.11295552093862443
W02000367,2025,Cardiff 001,0.3743079987346414,0.04600185325896609,6,0.14175269124423318,0.0018322692651572443,0.05867071516280041,0.22689750997096247,0.16822679480816205
W02000368,2025,Cardiff 002,0.16644062989317782,0.01454450770980091,12,0.1456638570011435,0.0019330886788274657,0.059912989028790206,0.23265402496617565,0.17274103593738543
W02000369,2025,Cardiff 003,0.09228696752456968,0.0082712712898028,10,0.1392840251470795,0.0018252527167339078,0.0559699836764964,0.22373206989070282,0.1677620862142064
W02000370,2025,Cardiff 004,0,0,4,0.16390889845034615,0.0020393481705811185,0.07679380390469064,0.254259727397866,0.17746592349317536
W02000371,2025,Cardiff 005,0.2834663408827189,0.02132167361584807,10,0.12218700776518068,0.0012912106232574796,0.0516481907082772,0.19272932010637495,0.14108112939809775
W02000372,2025,Cardiff 006,0.3899580034663602,0.03954553849103894,11,0.15513682746752172,0.0019809332566219223,0.0688552963805826,0.24383073685268442,0.1749754404721018
W02000373,2025,Cardiff 007,0.35447867896554264,0.02686278747332256,14,0.15960863436042919,0.001977473322098088,0.07325651610411624,0.24802678326617056,0.17477026716205432
W02000374,2025,Cardiff 008,0.12483984995641914,0.01360781905158248,9,0.1423160257794503,0.0016342768943105252,0.0634638391556585,0.22226953083704706,0.15880569168138858
W02000375,2025,Cardiff 009,0.4786412438280221,0.03650228213922832,9,0.15028356982773614,0.0020029639033304725,0.06355670710048601,0.2394861010960319,0.1759293939955459
W02000376,2025,Cardiff 010,0.4900738685735866,0.04140697303203829,10,0.1617217217064097,0.0019511987810282609,0.07612679586645542,0.24975706231480377,0.17363026644834834
W02000377,2025,Cardiff 011,0.10278574992280767,0.00956167453808583,11,0.13523746999549738,0.001745811222731264,0.05380938478113037,0.2179313295611703,0.16412194478003994
W02000378,2025,Cardiff 012,0.4226705532265014,0.07315114090492444,6,0.14961496916183323,0.001837157665055385,0.06608566446776157,0.23450266658537688,0.16841700211761532
W02000379,2025,Cardiff 013,0.5307039623181139,0.04219997437590358,9,0.15653822157240938,0.0022291118247165613,0.06442239824670828,0.2500150668217372,0.1855926685750289
W02000380,2025,Cardiff 014,0.1703568835836895,0.02449801361732903,8,0.13320465865174458,0.0018730666594376085,0.048789133062139986,0.2189434649995014,0.1701543319373614
W02000381,2025,Cardiff 015,0.5257138832190421,0.02758597298479044,14,0.15247090845315686,0.0019331806661465193,0.06731930162113757,0.24013382825793544,0.17281452663679786
W02000382,2025,Cardiff 016,0.22240470963156955,0.0190902187129934,14,0.12739826927755282,0.0015272605129630498,0.050698216458899756,0.20416216409293753,0.15346394763403776
W02000383,2025,Cardiff 017,0.16695039187655963,0.02234482601391983,8,0.14468878018538506,0.0018545464170632367,0.06067543318716935,0.2298893642802362,0.16921393109306687
W02000384,2025,Cardiff 018,0.2046289437144066,0.01771383392246868,10,0.13183436400947934,0.0018583369461779196,0.04761671556579232,0.2170722607978765,0.16945554523208417
W02000385,2025,Cardiff 019,0.16290038484607827,0.01240023836400937,12,0.13529080614303154,0.001799113752874178,0.05227085162467836,0.2189600577030093,0.16668920607833093
W02000386,2025,Cardiff 020,0.29112509940266035,0.03143101625458684,13,0.16705948508717922,0.0020490765368054546,0.07940082847708071,0.2572777497988972,0.1778769213218165
W02000387,2025,Cardiff 021,0.4545101788241111,0.02629343793842477,11,0.18303443664887406,0.0019203444365561081,0.09844755064751218,0.2706117302344574,0.17216417958694522
W02000388,2025,Cardiff 022,0.2558509811794808,0.02042176886851218,12,0.06812912799910127,7.511919600032193e-4,0.014181671404357402,0.12170892188940644,0.10752725048504903
W02000389,2025,Cardiff 023,0.02866268919409662,8.613061685194141e-4,14,0.06808016622624453,5.979784075462267e-4,0.019880317603895914,0.11579525435743081,0.0959149367535349
W02000390,2025,Cardiff 024,0.3711698198875468,0.03087849530775885,15,0.16055931435333834,0.0019707210295929166,0.07443738116321508,0.2488897245593913,0.1744523433961762
W02000391,2025,Cardiff 025,0.30740845692023927,0.05275273998707581,8,0.2067384453698205,0.0027342643348478995,0.10434987208580414,0.3096696090305952,0.20531973694479105
W02000392,2025,Cardiff 026,0.556312319786682,0.05186395766494042,7,0.16611260949348955,0.0018374169548080672,0.08289094549157727,0.251359352385785,0.16846840689420772
W02000393,2025,Cardiff 027,0.4022961260797456,0.02342310086882338,15,0.16361678106644478,0.0019621046560116644,0.07747035721587475,0.25158003477200125,0.1741096775561265
W02000394,2025,Cardiff 028,0.5047138276525701,0.04402893107287459,10,0.2381350498030603,0.003540107013360605,0.12186638388986665,0.35544107793506907,0.23357469404520242
W02000395,2025,Cardiff 029,0.08246422989637363,0.00686155437429759,7,0.14856826067782686,0.0016659381893152846,0.0684445647765732,0.22873074025210044,0.16028617547552726
W02000396,2025,Cardiff 030,0.21053658235672584,0.02507284485106603,7,0.18071619163555247,0.002169146545882933,0.08945140933978346,0.2723765839642322,0.18292517462444874
W02000397,2025,Cardiff 031,0.23207340116475697,0.02085811008193523,11,0.13417825161263777,0.0014775992067312118,0.05884090717973747,0.20979967060801652,0.15095876342827905
W02000398,2025,Cardiff 032,0.08403365903910262,0.00683727694912481,12,0.22930480847728138,0.0026342636038079945,0.1286476899220722,0.32998594590532404,0.20133825598325183
W02000399,2025,Cardiff 033,0.06388966893256559,0.00429808593693086,9,0.16320647269514307,0.0016009019342094653,0.08448529246593928,0.2414870704273832,0.15700177796144393
W02000400,2025,Cardiff 034,0.5653953957252704,0.04022768465745965,10,0.19095495576561608,0.0020573173925376373,0.10299291912894333,0.28112282214793766,0.17812990301899434
W02000401,2025,Cardiff 035,0.27424028104590087,0.01579222912273057,16,0.18488135475356637,0.001994592404240547,0.09811628795509399,0.27353024062539255,0.17541395267029858
W02000402,2025,Cardiff 036,0,0,8,0.1761950809033785,0.002549042753738573,0.07736434512080413,0.275720644782187,0.19835629966138285
W02000403,2025,Cardiff 037,0.3884071760766388,0.05166504358565265,9,0.14945332928201688,0.0020313344922904546,0.06152888663922833,0.23868498068252494,0.17715609404329663
W02000404,2025,Cardiff 038,0.3044993808990656,0.03084581377540834,11,0.1747067876025828,0.002258959704143349,0.08176941024567239,0.2685359024483467,0.1867664922026743
W02000405,2025,Cardiff 039,0.17633801530263452,0.01849512225202716,12,0.16304821454712215,0.0018539798125297505,0.07882830933705692,0.24794264882321432,0.1691143394861574
W02000406,2025,Cardiff 040,0.13115748284013626,0.0104657264495303,12,0.16929967849240246,0.001983885770686186,0.08209520238309885,0.25704570967241436,0.1749505072893155
W02000407,2025,Cardiff 041,0,0,4,0.1390841357086516,0.0022964777090018207,0.04533185980865963,0.23378303707046444,0.18845117726180483
W02000408,2025,Cardiff 042,0.07104526300740088,0.00488787411992192,11,0.12628048934357358,0.001789259164900331,0.0429694616128283,0.20898379538719386,0.16601433377436556
W02000409,2025,Cardiff 043,0.19153745556896415,0.01236439744549229,12,0.16004991336214433,0.0018598756981894162,0.07616322888899715,0.24561519709376395,0.1694519682047668
W02000410,2025,Cardiff 044,0.07258993377153926,0.00504197862583933,13,0.13742517379416977,0.0017474710290025786,0.055266592900648656,0.21934331981315114,0.16407672691250247
W02000411,2025,Cardiff 045,0.33818330501675087,0.01760608880566301,13,0.16094235829646975,0.0018209346818991584,0.07830942028238286,0.24594620975128545,0.1676367894689026
W02000412,2025,Cardiff 046,0.12874926305241097,0.00829752134970795,14,0.13681639655609756,0.0017179634215054689,0.055504374054382646,0.21833045268753024,0.16282607863314758
W02000414,2025,Powys 020,0.2288125222915825,0.01231107645818973,25,0.12499055545120391,0.001405876512756855,0.05206352883747846,0.19931794180682527,0.14725441296934683
W02000415,2025,Merthyr Tydfil 008,0.0968178672010492,0.00212990939563256,32,0.11616486970372698,9.47782647894045e-4,0.055836863032325885,0.17664061553206367,0.1208037524997378
W02000416,2025,Powys 021,0.08284698841206274,0.00294160090819805,25,0.08001529490351049,8.330026950440806e-4,0.023406302502235868,0.13666852686976358,0.11326222436752771
W02000417,2025,Neath Port Talbot 020,0,0,13,0.1012861888957571,0.0017984215681205729,0.018532243160332418,0.18524030620947218,0.16670806304913977
W02000418,2025,Carmarthenshire 027,0.1118247856859071,0.011072156926720811,11,0.1145536533779024,0.0015620757434011512,0.03778203505536752,0.19306342592867087,0.15528139087330334
W02000419,2025,Denbighshire 017,0.374484824340738,0.0359603202694305,13,0.13154093961687605,0.0020735125132848066,0.04384915271945415,0.22274981631230112,0.17890066359284695
W02000421,2025,Ceredigion 011,0.19558762019629897,0.00817094807213975,25,0.11159118334085764,0.0015756764922985002,0.03450908383380048,0.1905102546464026,0.15600117081260212
W02000422,2025,Cardiff 048,0.16442719866020877,0.01382455279276886,9,0.16635796958808977,0.0025714359645183857,0.06751404651235872,0.2665762037555111,0.1990621572431524
W02000423,2025,Cardiff 049,0.386029609120118,0.0407181831721557,11,0.17944433897691306,0.0021409917904890922,0.08917038972851864,0.2710168216713521,0.18184643194283345
W02000424,2025,Wrexham 021,0.38668272783617713,0.03714843679057483,11,0.030992945309091732,9.199155233236608e-4,-0.028741290113064002,0.09027600919709382,0.11901729931015782
W02000425,2025,Wrexham 022,0.21485879600477464,0.01742904966086088,10,0.07085762773333615,0.002655830012655223,-0.02947906216228348,0.17286349199421974,0.2023425541565032
W02000426,2025,Wrexham 023,0.1233595580884146,0.00785897326892542,11,0.0924000639685021,0.0016175354549440406,0.013866194245911567,0.1718176099634918,0.15795141571758023
W02000427,2025,Neath Port Talbot 021,0.05303561036563484,0.00273429171052016,18,0.05206700212825789,7.517842022296224e-4,-0.001986086937813984,0.10558924642718909,0.10757533336500308
W02000428,2025,Swansea 032,0,0,4,0.10989474201001555,0.0018353588179993374,0.026255748649241434,0.19462830428457714,0.1683725556353357
