area_id,time_id,bhf_estimate,bhf_variance,bhf_lower,bhf_upper,bhf_ci_width
W02000001,2021,0.02094739917367671,6.0237199392831374e-5,0.010185531072951462,0.0396752648590449,0.029489733786093437
W02000002,2021,0.01629287372351166,2.8689219648531892e-5,0.0076934176177271465,0.02755470705023559,0.019861289432508443
W02000003,2021,0.03642692794206926,3.2054689981441466e-4,0.013525681380123444,0.08259735383753171,0.06907167245740826
W02000004,2021,0.025325255292849857,7.806315461343966e-5,0.01229415440965017,0.04872412433968695,0.03642996993003678
W02000005,2021,0.01535034498529538,3.352112629002419e-5,0.0067633177160966885,0.028055916654959143,0.021292598938862456
W02000006,2021,0.020882158830062406,4.828911447424292e-5,0.010713966468919742,0.035598840095982104,0.024884873627062362
W02000007,2021,0.02409717948397198,5.9515789971492655e-5,0.013282886030398539,0.043183803265891454,0.029900917235492916
W02000008,2021,0.01678614877541448,4.3773025813272e-5,0.007033239807503982,0.03126939764217086,0.02423615783466688
W02000009,2021,0.018574945983437254,3.955976293646913e-5,0.008487770057424775,0.03551413768912838,0.027026367631703605
W02000010,2021,0.032053392279497016,2.876464930257966e-4,0.010060119892365507,0.07172141593554301,0.06166129604317751
W02000011,2021,0.022344147953467817,6.745970531918875e-5,0.01033806146643469,0.04091582351005359,0.030577762043618895
W02000012,2021,0.020384953879238936,4.6941770856609315e-5,0.010142772584059687,0.035955756349693176,0.02581298376563349
W02000013,2021,0.020429708534929918,4.929336471194233e-5,0.009377745659498178,0.03405455198830262,0.024676806328804445
W02000014,2021,0.021174897329554607,4.749141495506466e-5,0.011261550593985752,0.037755772117922914,0.026494221523937163
W02000015,2021,0.020727685573643215,6.514074315528182e-5,0.008275000314179881,0.03950281355883327,0.031227813244653388
W02000016,2021,0.018899503886350012,3.7646605367048e-5,0.009310297062719297,0.03182558099151038,0.022515283928791083
W02000017,2021,0.01974183372952812,4.2622894189078914e-5,0.009430694931835563,0.03530001493464342,0.02586932000280786
W02000018,2021,0.020794851682735104,4.330589901085802e-5,0.011059480274678606,0.034831226870949555,0.02377174659627095
W02000019,2021,0.017693923958288376,3.1231502850165505e-5,0.008422352632398326,0.029725457145720294,0.021303104513321968
W02000020,2021,0.019584214992289708,5.1647875139566936e-5,0.009688768028669147,0.035872282754878373,0.026183514726209226
W02000021,2021,0.020624603442919297,7.19052775009261e-5,0.007968958059422958,0.04108591262874376,0.0331169545693208
W02000022,2021,0.017753934491354463,4.553450586106475e-5,0.00865601066245232,0.0369703338073568,0.02831432314490448
W02000023,2021,0.0177478797560641,8.259191301587983e-5,0.005252347990261308,0.03823282351132126,0.032980475521059954
W02000024,2021,0.022069995013162744,4.0694861354702686e-5,0.012675903352652614,0.037244337148065576,0.024568433795412962
W02000025,2021,0.019983891757548194,4.342234264223505e-5,0.009964215297269225,0.0351991979895189,0.025234982692249674
W02000026,2021,0.021104828739737694,4.312994431987508e-5,0.011227930929959226,0.036547576030958706,0.02531964510099948
W02000027,2021,0.016900890329018297,8.844765320393975e-5,0.003906692491558052,0.03986162619369457,0.03595493370213652
W02000028,2021,0.015799176177673898,4.957712120036873e-5,0.006172461509494706,0.032126820292181515,0.025954358782686808
W02000029,2021,0.014480667967692578,3.4581987447602086e-5,0.0059466624377694614,0.029134673008523067,0.023188010570753606
W02000030,2021,0.015291299773212867,3.949053972743084e-5,0.006519628827681825,0.031752705866457606,0.02523307703877578
W02000031,2021,0.018642800351199414,5.719970569997552e-5,0.008305254535944984,0.03624353183923179,0.027938277303286806
W02000032,2021,0.015557052069600424,4.1537651313432467e-5,0.006554580908202939,0.029030043443079703,0.022475462534876763
W02000033,2021,0.0208486724567297,6.288250628153068e-5,0.009611096708582765,0.039186165076684876,0.02957506836810211
W02000034,2021,0.020499175402736262,6.0257416271903004e-5,0.009727291132134667,0.04053108145405365,0.030803790321918986
W02000035,2021,0.01922254174220126,4.109961636950409e-5,0.009410630546801142,0.03384579323518874,0.0244351626883876
W02000036,2021,0.018134432528849425,3.645709742323802e-5,0.008626375516439511,0.03065129257504303,0.02202491705860352
W02000037,2021,0.018874799517439013,4.060530600186173e-5,0.00938638997215667,0.03228506485209576,0.022898674879939088
W02000038,2021,0.017819073094584782,4.45334319926979e-5,0.007331310135811245,0.031247348249257095,0.02391603811344585
W02000039,2021,0.018022101602447795,5.0602460583849917e-5,0.007647497958245828,0.03538738297584898,0.027739885017603154
W02000040,2021,0.018803653960456267,2.8274631669673586e-5,0.009853719570079293,0.031162863119186028,0.021309143549106735
W02000041,2021,0.01924220785682115,3.144908015419798e-5,0.010497516705031832,0.03193780647174603,0.0214402897667142
W02000042,2021,0.021573441518675702,6.373917030745647e-5,0.009752310239317073,0.04074416989275433,0.03099185965343726
W02000043,2021,0.025476684493959834,8.884898188842872e-5,0.012509480226764388,0.049158314002216555,0.036648833775452166
W02000044,2021,0.022413696034964285,8.182619893442213e-5,0.010670957575885688,0.04409971682622772,0.033428759250342034
W02000045,2021,0.0234363081457343,6.860970080928209e-5,0.01102999725007626,0.04438228233191364,0.03335228508183738
W02000047,2021,0.023727935377440598,1.0318746854298466e-4,0.010124404332919106,0.04640835093077035,0.036283946597851245
W02000049,2021,0.023391120834075275,5.7388620116210206e-5,0.012703367049507456,0.04162696337204089,0.028923596322533433
W02000050,2021,0.019926472285199726,4.6146875867285446e-5,0.009821710756344863,0.03429084961969572,0.024469138863350854
W02000051,2021,0.020279097954813956,3.804791746100908e-5,0.011020203714042661,0.03397644287852565,0.02295623916448299
W02000052,2021,0.02456725461974117,7.44206279594305e-5,0.012226068360565799,0.04483351585927339,0.032607447498707594
W02000053,2021,0.021322600099700727,4.8499253688078836e-5,0.011043296921893184,0.03932842999098224,0.028285133069089054
W02000054,2021,0.021507426512610516,3.8386080807320445e-5,0.012391021780245079,0.03624732283285817,0.02385630105261309
W02000055,2021,0.026539939802943596,7.486394048856569e-5,0.01319052397112909,0.04794566100440037,0.03475513703327128
W02000056,2021,0.021970851849035664,4.4647944710976685e-5,0.012268979459454231,0.03904960522901185,0.02678062576955762
W02000057,2021,0.020330906351479532,3.023281000337977e-5,0.011678455657009746,0.03328057331510248,0.021602117658092734
W02000058,2021,0.023693743726119664,6.542582172257116e-5,0.012483579615522551,0.04094116468726104,0.02845758507173849
W02000059,2021,0.022852606391027305,6.15821497544594e-5,0.011466892006187376,0.041327927304625534,0.029861035298438157
W02000060,2021,0.022114477593022385,5.24764328366823e-5,0.012122035477704327,0.04106387684857521,0.028941841370870882
W02000061,2021,0.027108745118743668,9.278903898020293e-5,0.013422207459189154,0.05373140928194964,0.04030920182276049
W02000062,2021,0.02179928890642228,5.461844050854305e-5,0.011122952749759297,0.04065172221239989,0.029528769462640596
W02000063,2021,0.01900150896058106,3.360779198891956e-5,0.010279352017055711,0.0317436904695779,0.021464338452522193
W02000064,2021,0.02438072103344236,8.482625731469348e-5,0.010417611828557567,0.04553459842930993,0.03511698660075237
W02000065,2021,0.023912567567311038,7.080222305547546e-5,0.011831747575724593,0.04586557477898437,0.03403382720325977
W02000066,2021,0.02416798472269203,8.691888999269363e-5,0.011416941767933404,0.04547292893509605,0.03405598716716265
W02000067,2021,0.02044551210584205,5.025980943245902e-5,0.009419139829834045,0.03688098921924449,0.02746184938941044
W02000068,2021,0.025690704771670556,7.88190372726046e-5,0.012002791563713418,0.04589544140688845,0.03389264984317503
W02000069,2021,0.02005247356153429,3.712502912450717e-5,0.009692183337151508,0.033457667817845024,0.023765484480693516
W02000070,2021,0.021969773214898423,5.284933823719884e-5,0.011658620295675971,0.03882210870730654,0.02716348841163057
W02000071,2021,0.020632604287908148,4.051620666752908e-5,0.010546517781315455,0.03510159851151853,0.02455508073020307
W02000072,2021,0.024637056675449177,7.278037506037481e-5,0.010759411552425893,0.044991023967237115,0.03423161241481122
W02000073,2021,0.020356895834477907,3.753387992817687e-5,0.009861240279124456,0.033886241339669713,0.024025001060545257
W02000074,2021,0.023098482631270168,4.996354560883715e-5,0.01273719036868691,0.0405854740158256,0.02784828364713869
W02000075,2021,0.021347817222813422,3.9575299205635026e-5,0.010798960235101119,0.036396052663751774,0.025597092428650655
W02000076,2021,0.021143667479902283,3.783775532285811e-5,0.01142143813003901,0.034365629180973994,0.022944191050934985
W02000077,2021,0.021188686543034185,4.1839289516915084e-5,0.012098349538585587,0.03610094301116877,0.024002593472583184
W02000080,2021,0.02260551334440309,7.79552157770543e-5,0.010539451347141848,0.04423368818814882,0.033694236841006975
W02000081,2021,0.02358276043020107,6.351359484473186e-5,0.012354035922477129,0.04161399067303559,0.02925995475055846
W02000082,2021,0.024629075375310033,8.628086233388959e-5,0.012357683010732378,0.04847221241990411,0.03611452940917173
W02000083,2021,0.023706299135979426,6.885165465965878e-5,0.011293726673938617,0.04289930252142106,0.03160557584748244
W02000085,2021,0.021353105552808307,5.722509801805191e-5,0.010017656575134242,0.03942836227271104,0.0294107056975768
W02000087,2021,0.03654737229604409,2.7616606178194685e-4,0.01559420835106944,0.07271308476941402,0.05711887641834458
W02000088,2021,0.025455424558832717,7.140665077479775e-5,0.011945544075491345,0.04252089102231152,0.030575346946820174
W02000089,2021,0.030610926698460758,2.7652727542002873e-4,0.009025392051036876,0.07082880985605193,0.061803417805015054
W02000090,2021,0.021915622292594628,4.7519617332543785e-5,0.011766425230126651,0.03593165684136933,0.024165231611242677
W02000091,2021,0.02258340100375067,6.342085354127359e-5,0.010903502717345585,0.0409862212259125,0.030082718508566916
W02000092,2021,0.022913503006707067,5.7219877027235126e-5,0.010617556991223348,0.040520971781007636,0.02990341478978429
W02000093,2021,0.023085020755791736,4.6585282038974575e-5,0.01205564198144124,0.04071139380540109,0.028655751823959852
W02000094,2021,0.023331142425085986,6.79263053860746e-5,0.010844741819280378,0.04569276901395676,0.03484802719467638
W02000095,2021,0.02041028521271073,5.74750756092155e-5,0.010278320409128253,0.03709012082289585,0.0268118004137676
W02000096,2021,0.02381175360659568,6.463613875550715e-5,0.011585076343751801,0.04461105092675541,0.0330259745830036
W02000097,2021,0.02378116065909632,6.060800345901692e-5,0.013917802857475996,0.042963270293352174,0.029045467435876177
W02000098,2021,0.020367632908180583,4.233988153117583e-5,0.010376755268035458,0.03717410754215274,0.02679735227411728
W02000099,2021,0.021802040580265553,5.929335837812516e-5,0.010614162474386417,0.04052661314595486,0.029912450671568447
W02000100,2021,0.025617959814879247,5.5214932676173635e-5,0.014915573457719409,0.04526113422130129,0.030345560763581882
W02000101,2021,0.021263380654291102,4.564401324604978e-5,0.011540446487402052,0.03663531968656701,0.02509487319916496
W02000102,2021,0.023865834882106616,4.974745615232776e-5,0.013658371102243664,0.042147637710450075,0.02848926660820641
W02000103,2021,0.02456112741918304,5.422743911434826e-5,0.013911379279295921,0.03960067247230746,0.02568929319301154
W02000104,2021,0.028647310365354825,1.1208787797712163e-4,0.014630388080688197,0.05230797671568714,0.03767758863499894
W02000105,2021,0.03124673122682561,1.4223132371538494e-4,0.015878696348840815,0.06012614096361261,0.04424744461477179
W02000106,2021,0.023389377011997597,4.858754461299472e-5,0.012970539621013417,0.03900219298205686,0.02603165336104344
W02000107,2021,0.02552833661961824,5.7217362683600896e-5,0.013756847746405149,0.04295659879677157,0.029199751050366422
W02000108,2021,0.024975818948603425,5.82724718174772e-5,0.013856083998268627,0.04367238307338406,0.029816299075115432
W02000109,2021,0.032991680059630435,1.536128449786473e-4,0.016973385640742668,0.0686648348990401,0.05169144925829743
W02000110,2021,0.022367161650438686,4.325884271267085e-5,0.011721238522649023,0.03790261359513514,0.026181375072486114
W02000111,2021,0.020308247566664366,3.410737912721537e-5,0.0112080405120738,0.034080195642688306,0.022872155130614504
W02000113,2021,0.02684108050293325,1.0229706225441308e-4,0.01307881814964934,0.048093078031209616,0.035014259881560275
W02000114,2021,0.018753323065216987,2.427618784360782e-5,0.011409944654506704,0.030156766082904914,0.01874682142839821
W02000116,2021,0.024044694054171284,5.73018202874922e-5,0.012711823189100585,0.04250290576112845,0.029791082572027866
W02000117,2021,0.041526887781420364,1.7071918640089058e-4,0.020806297614228402,0.07192864440088204,0.05112234678665363
W02000118,2021,0.03448023436646498,1.4487175781147804e-4,0.018412614935057935,0.06462677942753095,0.046214164492473016
W02000120,2021,0.023140423956221158,5.3177968917915745e-5,0.012363372450131775,0.040649098555429225,0.02828572610529745
W02000122,2021,0.023105405375137732,4.780515779673107e-5,0.013687522666942236,0.03939620507720647,0.02570868241026423
W02000123,2021,0.025964092898111496,6.658306134717319e-5,0.013491027308774738,0.04523341744950759,0.03174239014073285
W02000124,2021,0.02144199728118515,4.806556906152558e-5,0.010648381586334039,0.0385194211504159,0.02787103956408186
W02000125,2021,0.02203042165237987,3.250548205385618e-5,0.012582883404305049,0.03390186275495661,0.021318979350651558
W02000126,2021,0.02216556334582207,3.879324885010382e-5,0.011931412903556982,0.037718390503881094,0.025786977600324112
W02000127,2021,0.021502415926202726,4.838234951507519e-5,0.01038566495193581,0.03717685651644765,0.02679119156451184
W02000128,2021,0.022470379210363073,5.71433424287332e-5,0.011655266291720628,0.04074084695177424,0.029085580660053612
W02000129,2021,0.024520197357194812,5.821320511344124e-5,0.013634059295428134,0.045625167675578004,0.031991108380149874
W02000130,2021,0.03409437539898961,1.5649362919349216e-4,0.017067293864564924,0.06463173195406842,0.047564438089503495
W02000131,2021,0.027205772250837056,8.326728282668436e-5,0.014250237969969909,0.05043338952401167,0.03618315155404176
W02000132,2021,0.020881309318405487,4.334120734019518e-5,0.011071014037337252,0.036785274045948904,0.025714260008611652
W02000133,2021,0.027433228674693163,9.144435505392082e-5,0.015191822527043824,0.05289342107425382,0.037701598547209995
W02000134,2021,0.027072480783393155,1.1705351114076038e-4,0.013399622679915395,0.05578217684821549,0.04238255416830009
W02000135,2021,0.029001265916151122,1.1438755065543186e-4,0.01315661619180667,0.05232531460938161,0.03916869841757494
W02000136,2021,0.020565200060623276,5.990212440879114e-5,0.010162351761513373,0.03973227971025154,0.029569927948738167
W02000137,2021,0.03275066101500866,1.6625334974311497e-4,0.015913273945553745,0.06087072147844923,0.04495744753289548
W02000138,2021,0.021224669934980185,9.996553090600841e-5,0.00702263587287791,0.04422590982281717,0.03720327394993926
W02000139,2021,0.01840383581839462,5.212174703056366e-5,0.007608948768179495,0.03536466099959787,0.027755712231418372
W02000140,2021,0.01963637157052107,8.777422794706972e-5,0.007186191153475878,0.042560564038413434,0.035374372884937555
W02000141,2021,0.018955724415454473,5.946954422065359e-5,0.007802189329527454,0.0382774954701832,0.030475306140655745
W02000142,2021,0.022863691310588147,4.372373552424906e-5,0.012695838791504484,0.03784168287335061,0.025145844081846124
W02000143,2021,0.020970111824720944,3.494737163976078e-5,0.01167839624000643,0.03421492748493961,0.022536531244933176
W02000144,2021,0.021035593859064422,4.730264987426719e-5,0.011212691140632884,0.036305892561065374,0.02509320142043249
W02000145,2021,0.019327805458363385,3.301882908039006e-5,0.009869124725582368,0.03276843468520879,0.022899309959626423
W02000146,2021,0.020314596882442304,3.179736575570409e-5,0.0112657182601499,0.03412404993680601,0.02285833167665611
W02000147,2021,0.025168223306749716,5.391403500257072e-5,0.013385565411168834,0.04143708154857956,0.028051516137410724
W02000148,2021,0.026868051294618802,1.2148053209864898e-4,0.012436370943813061,0.05498567234801805,0.04254930140420499
W02000149,2021,0.023353940371640902,6.194931307879648e-5,0.011517065600528382,0.04403031146881187,0.03251324586828348
W02000151,2021,0.02008658665460252,3.1786469242380775e-5,0.01082217252628849,0.032537873254427876,0.021715700728139387
W02000152,2021,0.020682302156765867,3.550198286431486e-5,0.011779747945968144,0.03554194753948012,0.023762199593511973
W02000153,2021,0.020407473203216047,3.808363087857216e-5,0.011738332406672103,0.035924636879640384,0.02418630447296828
W02000154,2021,0.02176103735151428,4.9370391867741554e-5,0.010669216036201839,0.037208710624308666,0.026539494588106827
W02000156,2021,0.020639425533893297,3.919577454913129e-5,0.010207738530062356,0.0348887322978183,0.024680993767755947
W02000157,2021,0.02096394265447981,3.536716716641017e-5,0.011394356283473623,0.03480565628865326,0.023411300005179637
W02000158,2021,0.021867762294099938,4.7605504196522006e-5,0.011956718551813376,0.037525862052948375,0.025569143501134997
W02000159,2021,0.025438238817909416,9.436409688618143e-5,0.012405540584571172,0.049341911920037895,0.03693637133546672
W02000160,2021,0.020019497988480215,3.7168651587806105e-5,0.009459448304134418,0.033289843736799614,0.023830395432665196
W02000161,2021,0.021563209442294964,5.059162932208382e-5,0.010583590642940233,0.04041362639021771,0.02983003574727748
W02000162,2021,0.02098296189556262,5.648621105305974e-5,0.009731001930268983,0.03744218562389192,0.027711183693622937
W02000163,2021,0.023542805940945998,7.202118006750616e-5,0.010978300968730894,0.044421662283172104,0.033443361314441214
W02000164,2021,0.021332567928161718,4.552802125989244e-5,0.011123954076485025,0.038358876037848474,0.02723492196136345
W02000165,2021,0.024702025547938093,7.669933123592461e-5,0.010667235057610067,0.04507868894143215,0.034411453883822087
W02000166,2021,0.02384953418032791,5.462920113393755e-5,0.01262943254178785,0.04088955568743434,0.02826012314564649
W02000167,2021,0.026256018975647943,9.086214647572853e-5,0.013870617316979108,0.04884245046608769,0.03497183314910858
W02000168,2021,0.023260818423990463,5.70520580507432e-5,0.012300237558042916,0.04023046417426997,0.02793022661622705
W02000169,2021,0.02249076729695451,5.334631599005174e-5,0.012507087803961002,0.040351036529417655,0.027843948725456653
W02000170,2021,0.020264823118513044,4.243907212784581e-5,0.009345604397890471,0.0358627355669801,0.02651713116908963
W02000171,2021,0.019494215843932624,4.562751575952509e-5,0.009626879282273418,0.03427312871336239,0.024646249431088972
W02000172,2021,0.018935890014810067,4.787675681284805e-5,0.00791466162509688,0.03667402933255301,0.02875936770745613
W02000173,2021,0.02077914172017971,5.1096980396734675e-5,0.010107091753901926,0.03784666298785846,0.027739571233956532
W02000174,2021,0.017923127441596406,4.023321814530627e-5,0.009005013978965175,0.03205761904108566,0.023052605062120483
W02000175,2021,0.0199696493082042,5.6632997948529974e-5,0.008671170259668005,0.03652601839029353,0.027854848130625522
W02000176,2021,0.018368401720161333,3.180876804371319e-5,0.0094358048839608,0.03095306422385819,0.021517259339897392
W02000177,2021,0.01947084381807776,6.919981650688555e-5,0.007890374611051859,0.040747711170070436,0.032857336559018575
W02000178,2021,0.022013570992940944,4.9539299862880845e-5,0.010720223349436717,0.039259136253885475,0.02853891290444876
W02000179,2021,0.017044201357925764,2.889881704382815e-5,0.008214755074862367,0.028580843496682388,0.02036608842182002
W02000180,2021,0.02052758670489851,4.666605026003296e-5,0.009965438571249485,0.03589528411735289,0.025929845546103406
W02000181,2021,0.019778242828283044,5.523597861332321e-5,0.008966285082698571,0.03987920691334616,0.030912921830647592
W02000182,2021,0.020579477720696782,6.085274930003869e-5,0.009515188381886946,0.0395556974175577,0.03004050903567075
W02000183,2021,0.022913435016990634,4.7845288125461444e-5,0.011527461674602038,0.03710873836203507,0.025581276687433034
W02000184,2021,0.019972779692591733,4.3400594925443325e-5,0.008938971433689328,0.034363001037284624,0.025424029603595296
W02000185,2021,0.01847310460715401,4.022412766440603e-5,0.00908668073842431,0.03456016754175954,0.025473486803335235
W02000186,2021,0.02332761507004111,6.080949523775616e-5,0.009715160330830076,0.03895751414187719,0.029242353811047114
W02000188,2021,0.024397191465653292,8.923512448214091e-5,0.011194942897379177,0.04829972753309267,0.03710478463571349
W02000189,2021,0.021093275258315954,7.117303679373092e-5,0.010210648636000689,0.041297512508128034,0.031086863872127345
W02000191,2021,0.027171316647221673,1.138996547826679e-4,0.012346415430467148,0.054634562509002636,0.04228814707853549
W02000192,2021,0.02720579769487684,7.5923161170273e-5,0.013969474731054803,0.04674814115248288,0.03277866642142808
W02000193,2021,0.02927994898176211,1.133744275846003e-4,0.014410487361904952,0.053022882384358726,0.038612395022453776
W02000194,2021,0.021232206596465384,5.851661544485868e-5,0.009774369516065085,0.038315229534198206,0.02854086001813312
W02000195,2021,0.01741394570349849,4.739786816923673e-5,0.007893688602572417,0.03471442792753711,0.02682073932496469
W02000196,2021,0.023540579137187226,1.2368653321268128e-4,0.009609029139590719,0.05147691291223405,0.04186788377264333
W02000197,2021,0.017046344936998147,4.5317368932769426e-5,0.00756933823091819,0.032250366744118554,0.024681028513200365
W02000198,2021,0.02266089050561605,1.1313026032368176e-4,0.008548462047433475,0.04630539353582283,0.03775693148838936
W02000200,2021,0.02019082730136149,3.423298466382059e-5,0.010420506409031138,0.033445750286021245,0.023025243876990106
W02000201,2021,0.019563557076945487,3.639685461848668e-5,0.010343825928940648,0.034070555423166476,0.02372672949422583
W02000202,2021,0.02083418029298476,3.5044197993639345e-5,0.011756835470747394,0.034875039264265065,0.023118203793517672
W02000204,2021,0.01801600409033025,3.3453713544603205e-5,0.009336290788515373,0.031738491423129664,0.02240220063461429
W02000205,2021,0.018161835876132355,3.4462508839018755e-5,0.008449522621952817,0.03181691926779466,0.023367396645841844
W02000206,2021,0.01857615283440212,5.5505673874052565e-5,0.007550626077262146,0.03530996018873386,0.027759334111471717
W02000207,2021,0.016317153430922812,2.696280787897131e-5,0.00717883387307287,0.026970185658046687,0.019791351784973817
W02000208,2021,0.021758367264011324,5.5598826477294946e-5,0.0103029513155449,0.037899236768701244,0.027596285453156344
W02000210,2021,0.01820538702231885,4.388047019268854e-5,0.007990983059482155,0.03260358767977133,0.024612604620289177
W02000211,2021,0.01972834985040131,4.773834475664069e-5,0.009297401008219436,0.037397800423527326,0.02810039941530789
W02000212,2021,0.01872531182689294,2.7006340046189874e-5,0.01097090175124945,0.031100247740196027,0.020129345988946577
W02000213,2021,0.015973300680200052,2.9085163829423965e-5,0.007362961127643174,0.02695744838846348,0.019594487260820304
W02000214,2021,0.017265565118988996,5.522259426414482e-5,0.007143145775722191,0.033350569468950916,0.026207423693228725
W02000215,2021,0.018020248520852804,5.9451881085505544e-5,0.006991357831549971,0.03491310354958626,0.027921745718036288
W02000216,2021,0.018009667605721442,3.722998456196232e-5,0.008638004656310073,0.03126500476569279,0.02262700010938272
W02000217,2021,0.018920410292913636,3.1228387017694625e-5,0.009335846291133054,0.03158933259648171,0.022253486305348655
W02000218,2021,0.021664166629672445,4.066198980277492e-5,0.011213370655223098,0.03577293012865765,0.02455955947343455
W02000219,2021,0.019778938946020282,4.56801521943001e-5,0.009381214289107941,0.0363736899892631,0.02699247570015516
W02000220,2021,0.020961191025268257,3.988512022877688e-5,0.010507837895690576,0.03482053342557076,0.024312695529880184
W02000221,2021,0.020635112226801998,3.299496022039411e-5,0.01074553811606744,0.03262290104608036,0.021877362930012918
W02000222,2021,0.018898072643660738,3.077129252534203e-5,0.010204130494165355,0.03126360979555426,0.021059479301388906
W02000223,2021,0.019698440172722216,3.2746041456297896e-5,0.009624022902755082,0.029993974499410457,0.020369951596655375
W02000224,2021,0.021070262998256952,4.650878662897244e-5,0.011332033019302792,0.036649493866926924,0.02531746084762413
W02000225,2021,0.02171876757815211,5.0038309428427906e-5,0.011098152875712823,0.037346240498149386,0.026248087622436564
W02000226,2021,0.019295294601988013,3.030610283896503e-5,0.009992788639126353,0.030536474784731434,0.020543686145605082
W02000227,2021,0.02244405858345455,4.7926926995532115e-5,0.01244100307703697,0.038468380244951084,0.026027377167914114
W02000228,2021,0.02392062730667919,5.052548855952281e-5,0.012463952653472646,0.03880768523190861,0.026343732578435967
W02000229,2021,0.022575377520482325,6.548241864193592e-5,0.008899770731966569,0.040138265022613376,0.031238494290646807
W02000230,2021,0.021153300241632676,4.053016160163717e-5,0.010846164635216414,0.0353424028576108,0.024496238222394384
W02000231,2021,0.02722544310929755,1.023732447011257e-4,0.013206388380077972,0.049543988336943706,0.03633759995686574
W02000232,2021,0.020400984136513034,3.663484912027947e-5,0.011010020160876951,0.032661967993265095,0.021651947832388142
W02000233,2021,0.02113854604395058,5.329747437830784e-5,0.01029410031354559,0.035906410840689934,0.025612310527144345
W02000234,2021,0.02110215134672774,6.438648677859011e-5,0.009164664372268988,0.040270026337595646,0.031105361965326657
W02000235,2021,0.01684723953907771,4.598577212136301e-5,0.007547948889461446,0.029731055369347753,0.022183106479886305
W02000236,2021,0.01813982545466229,4.9038575125178344e-5,0.007685038266313228,0.0347338318356308,0.027048793569317574
W02000237,2021,0.021257625203144212,4.068509921847988e-5,0.01064455828220432,0.03617626903168275,0.02553171074947843
W02000238,2021,0.020520521104471976,4.088606606244816e-5,0.010771457297783785,0.03435596367374276,0.023584506375958974
W02000239,2021,0.0226498801053001,4.652870225692142e-5,0.012089932325018017,0.03733276576960483,0.02524283344458681
W02000240,2021,0.028924633745552736,1.0202499952731649e-4,0.015028280349216619,0.05152404129692679,0.03649576094771017
W02000241,2021,0.026571246420239693,1.0242828492526467e-4,0.011499997578419685,0.053162968278722536,0.04166297070030285
W02000242,2021,0.02495848853323643,7.537758652834216e-5,0.012277972003691212,0.04531674049434581,0.033038768490654596
W02000243,2021,0.03035351339743929,9.854046282496308e-5,0.015007681116999436,0.049825416209411805,0.03481773509241237
W02000244,2021,0.023694488357667163,6.0265715126154535e-5,0.012090950809997145,0.04187905002285762,0.029788099212860474
W02000245,2021,0.02893895096883178,6.704607835986667e-5,0.016337979480654012,0.04829206733797957,0.03195408785732556
W02000246,2021,0.023348272917252392,6.80635526276028e-5,0.010501735255573462,0.0422614053767199,0.03175967012114644
W02000247,2021,0.02282288729952964,8.797479068324988e-5,0.00984696045086986,0.04552375173051086,0.035676791279641004
W02000248,2021,0.031896999510628514,1.2524665615450272e-4,0.015901618198888696,0.06085486758420331,0.044953249385314614
W02000249,2021,0.033565649147167594,1.6343573374783392e-4,0.016513964014994484,0.06429052564219846,0.04777656162720398
W02000250,2021,0.02344001258863807,6.641916085696878e-5,0.010650608105880357,0.043538610458460796,0.03288800235258044
W02000251,2021,0.030803599346363772,8.949953454687803e-5,0.018736454333951755,0.051582690166722206,0.03284623583277045
W02000252,2021,0.021382561662396136,2.9387071150983307e-5,0.012761965311939568,0.03433054701946941,0.02156858170752984
W02000253,2021,0.0223785570525318,7.17076966221062e-5,0.010522453115010677,0.03801427285065761,0.027491819735646933
W02000254,2021,0.021532997708226153,4.5675513510102325e-5,0.012291916264602422,0.036080602819095225,0.023788686554492802
W02000255,2021,0.02095481152959531,3.879236102739675e-5,0.01127528337913119,0.0356502454400216,0.02437496206089041
W02000256,2021,0.022700187663552678,4.080195533593695e-5,0.012108194462100576,0.0371200724475102,0.025011877985409624
W02000257,2021,0.02229795108219577,3.937320180539029e-5,0.012077599157128895,0.035276748287294823,0.02319914913016593
W02000258,2021,0.023570048290009537,4.765279719762228e-5,0.012599703842600849,0.03926733759386759,0.026667633751266746
W02000259,2021,0.023261225401004587,5.1603912494301033e-5,0.011938453896372315,0.040326173282790465,0.02838771938641815
W02000260,2021,0.024537312944905926,5.867839178100124e-5,0.013493662643275041,0.04158077728279598,0.02808711463952094
W02000261,2021,0.021118590448903546,4.9934016598135775e-5,0.010388197657027826,0.03581176973427707,0.025423572077249244
W02000262,2021,0.020819928851956878,6.449229389425707e-5,0.010044802738940043,0.041100960335907634,0.03105615759696759
W02000263,2021,0.02330484372749777,4.084469931442259e-5,0.013063293945514918,0.03550043521513477,0.022437141269619848
W02000264,2021,0.02553843190231941,5.810182135388093e-5,0.01354612722501058,0.044335051163221485,0.030788923938210908
W02000265,2021,0.022089688274919975,5.3724132508059236e-5,0.01002393858413071,0.038410274483051954,0.02838633589892124
W02000266,2021,0.023265459004661582,3.8786473256550266e-5,0.013515445694082855,0.03783640573317079,0.024320960039087937
W02000267,2021,0.02266047506271409,5.332656566889355e-5,0.01126101458514852,0.040829456969677574,0.029568442384529055
W02000268,2021,0.024091596920034746,4.554088939585843e-5,0.015155173285164608,0.03983568514481496,0.024680511859650353
W02000269,2021,0.021931201935223507,3.8987436746044466e-5,0.011641339184702133,0.03533522042834904,0.023693881243646905
W02000270,2021,0.02252436934037406,4.7958920210287856e-5,0.012286380330343702,0.03718347908328687,0.024897098752943166
W02000271,2021,0.025171224473962698,7.40300898863177e-5,0.012956894050294984,0.045184314010726895,0.03222741996043191
W02000272,2021,0.024768886659545526,5.06643925879403e-5,0.014043229348817767,0.04365323028032485,0.02961000093150708
W02000273,2021,0.030987433744891622,7.260061426468767e-5,0.017301477488121046,0.05049013059022815,0.033188653102107106
W02000274,2021,0.024664913909040045,4.934463063505565e-5,0.012927186019287091,0.0431086412961635,0.030181455276876407
W02000275,2021,0.023092817476144473,4.3359927300219056e-5,0.011628237341672485,0.037081009942692623,0.02545277260102014
W02000276,2021,0.02532244446235296,6.099056917536967e-5,0.014052533374227554,0.047470886853897235,0.03341835347966968
W02000277,2021,0.02419950568268385,4.847846627175663e-5,0.013248617329532045,0.039149166631637956,0.02590054930210591
W02000278,2021,0.02596474163096814,5.904724821046259e-5,0.014049833393023424,0.043604005643281485,0.02955417225025806
W02000279,2021,0.02346945426610799,6.159608405149834e-5,0.012329822245394466,0.041165398329860964,0.028835576084466498
W02000280,2021,0.023527643654066333,4.250541613678855e-5,0.012703228070048252,0.036542749189378956,0.023839521119330704
W02000281,2021,0.02353275001938765,4.475788336534144e-5,0.012150687692978874,0.04118689818802474,0.029036210495045865
W02000282,2021,0.02486511202435983,5.9002653887618444e-5,0.01359391916952346,0.042382629343163766,0.028788710173640306
W02000284,2021,0.026665276316116343,5.857011681986928e-5,0.015471671483310866,0.04456890400364308,0.029097232520332212
W02000285,2021,0.021562681735869775,3.763353737906072e-5,0.01233305783777387,0.03524181044255785,0.022908752604783977
W02000286,2021,0.02413832671634295,6.0698246587136785e-5,0.012720996806469714,0.04402761958099843,0.03130662277452871
W02000287,2021,0.025444026998325014,4.9825836909141996e-5,0.014042486982090995,0.042980033072839895,0.0289375460907489
W02000288,2021,0.025142537293181888,4.788568044750874e-5,0.014987941657625087,0.03931743536945298,0.024329493711827892
W02000289,2021,0.025074918089463886,5.5112092561257775e-5,0.01459564851169633,0.042166021580772095,0.027570373069075765
W02000290,2021,0.02573060047720363,5.449503384523008e-5,0.013739124855061768,0.04188018158570725,0.02814105673064548
W02000291,2021,0.02352368028961441,3.9458117340726485e-5,0.01261878229451181,0.03713050251191192,0.02451172021740011
W02000292,2021,0.022701872774364463,4.3900895652987116e-5,0.012240531762705379,0.03606865093802049,0.02382811917531511
W02000293,2021,0.023399170468505426,5.503374093355661e-5,0.011273300881603016,0.04054737802608689,0.029274077144483875
W02000294,2021,0.021114804184978322,4.68471925604711e-5,0.011252489125131309,0.03646780605211075,0.025215316926979443
W02000295,2021,0.019886816905038414,3.5702005500852586e-5,0.011325844782317122,0.034950756487723056,0.023624911705405933
W02000296,2021,0.022962126217198894,4.663828245641808e-5,0.012404963038985929,0.03869671912101899,0.02629175608203306
W02000297,2021,0.023334872160185254,4.7009263944252614e-5,0.01210927072137465,0.04028449474774565,0.028175224026370998
W02000298,2021,0.021304398655409607,4.36226851120337e-5,0.010484400615471378,0.03571938957046276,0.025234988954991378
W02000299,2021,0.02086521475288834,4.977821905562373e-5,0.009047992997743726,0.037633659757454974,0.028585666759711248
W02000300,2021,0.02109232815327006,3.6472262939171506e-5,0.0100477657087222,0.03517251818442542,0.02512475247570322
W02000301,2021,0.02431758935349489,4.473076442525836e-5,0.014796254992972598,0.03955903326183635,0.024762778268863753
W02000302,2021,0.022557972970116604,4.016392178550891e-5,0.012671841927738424,0.03804349733297864,0.025371655405240216
W02000303,2021,0.02044742545478662,3.842101994325542e-5,0.010374940946372686,0.035199940054946866,0.024824999108574178
W02000304,2021,0.021929798507746408,4.2092745188422094e-5,0.011746387813340657,0.03539542563983514,0.02364903782649448
W02000305,2021,0.01990684298717877,5.519874762444461e-5,0.008777254416289161,0.03678968602164552,0.02801243160535636
W02000306,2021,0.020014456467370347,3.302785064972193e-5,0.010881509798639345,0.03201390346575357,0.021132393667114224
W02000307,2021,0.025950310270734422,5.7437687182830915e-5,0.013679387594325548,0.04140150305481047,0.02772211546048492
W02000308,2021,0.02242225225200814,4.3444066526158916e-05,0.0117234029964915,0.03646992547721854,0.02474652248072704
W02000309,2021,0.021749516860941207,3.91447231832609e-5,0.010960500135468784,0.03562367739859365,0.024663177263124867
W02000310,2021,0.0221805950256707,3.416353919688175e-5,0.0119968425727203,0.03527064368492232,0.023273801112202015
W02000311,2021,0.024641435831835777,6.419021585876658e-5,0.013304576983447971,0.04430218984306648,0.030997612859618513
W02000312,2021,0.022181494910047034,3.8440574794915174e-5,0.012587044229858794,0.036527770822908395,0.0239407265930496
W02000313,2021,0.024125945744650233,5.084350291456018e-5,0.012093488175188934,0.03878542337316189,0.026691935197972957
W02000314,2021,0.020070321681534196,3.951876117932523e-5,0.010315217950857714,0.033365473634971415,0.023050255684113702
W02000315,2021,0.0214530912602151,5.125017089888961e-5,0.010694658852808223,0.039310230646168114,0.02861557179335989
W02000316,2021,0.02147037498039072,3.9748526827230976e-5,0.011536588507737727,0.03474004030397805,0.023203451796240324
W02000317,2021,0.02117205370896477,4.303907108480587e-5,0.010844358541578072,0.034654586915800645,0.023810228374222572
W02000318,2021,0.022189236027360053,4.614360066348571e-5,0.011637680743959163,0.036629301447660495,0.024991620703701332
W02000319,2021,0.022518730781756705,4.6088211181096505e-5,0.012126489849852568,0.03755169194268846,0.025425202092835893
W02000320,2021,0.021637853397163943,3.860857574320812e-5,0.011647078913374184,0.03596826631646704,0.024321187403092855
W02000321,2021,0.01992655884586863,3.7583108138055004e-5,0.010171515985472964,0.033489274615249545,0.02331775862977658
W02000322,2021,0.020775834177225824,4.419950289888727e-5,0.010340779457168214,0.03635806539547257,0.02601728593830436
W02000323,2021,0.02102542296519015,4.578564902549256e-5,0.010875554603828427,0.03677248043227697,0.02589692582844854
W02000324,2021,0.01911674736857144,3.0923423365676015e-5,0.009777960947909666,0.03055478909821388,0.020776828150304214
W02000325,2021,0.021335325609609615,4.312282928497809e-5,0.011297764258617782,0.035859410036869245,0.024561645778251463
W02000326,2021,0.01903379698846212,3.5218188134569407e-5,0.009181394640743551,0.03220479193457489,0.023023397293831342
W02000327,2021,0.016729697966991787,2.4898592503289837e-5,0.008669449312469763,0.028736976376253852,0.02006752706378409
W02000328,2021,0.01772474611814809,3.483445691217321e-5,0.008522637932446927,0.03101578791530639,0.022493149982859464
W02000329,2021,0.018430498413574425,3.313585489170311e-5,0.009010683640253401,0.031066474547848652,0.02205579090759525
W02000330,2021,0.01730214135587419,2.4818031556724443e-5,0.008887697857123848,0.028918103815460512,0.020030405958336665
W02000331,2021,0.0223120172684269,4.86614037278849e-5,0.010132295027972252,0.03927487443195489,0.029142579403982637
W02000332,2021,0.01930816612253568,3.441631731469148e-5,0.009394196770542446,0.03153028881516768,0.022136092044625234
W02000333,2021,0.020932249834854717,4.62415115535824e-5,0.010720547549493292,0.036764183128157824,0.026043635578664532
W02000334,2021,0.01873394540802037,3.493432154537786e-5,0.00964660788353533,0.03206574318565899,0.02241913530212366
W02000335,2021,0.017678380730729536,2.490053052948307e-5,0.009062227928633496,0.028998368317944744,0.019936140389311248
W02000336,2021,0.018092171636044135,3.886181308327858e-5,0.009398201164304072,0.030493777712550383,0.02109557654824631
W02000337,2021,0.022837894855911027,8.502942515408219e-5,0.009160630696511405,0.04641778630005686,0.03725715560354545
W02000338,2021,0.018492014058116138,3.429473926809189e-5,0.009734433495060245,0.0334456571838022,0.023711223688741956
W02000339,2021,0.01543287831575382,3.257709777044343e-5,0.006193318347132435,0.029166255958097912,0.02297293761096548
W02000340,2021,0.01594032126176399,2.1534388839586964e-5,0.00840498487387114,0.025059489549134506,0.016654504675263367
W02000341,2021,0.015638502208128045,1.6428466538261537e-5,0.008287425148430082,0.02469705187972875,0.016409626731298668
W02000342,2021,0.017985843655683512,3.00694160337502e-5,0.008387300889160794,0.029797003847667917,0.021409702958507124
W02000343,2021,0.0194528108869816,5.060087583572039e-5,0.008971537994695761,0.035328643785553934,0.026357105790858173
W02000344,2021,0.018118401107024527,3.145358189616411e-5,0.008401640554609121,0.030193695137800056,0.021792054583190935
W02000345,2021,0.019091669176338897,5.974402862264029e-5,0.007997811407095042,0.037062360101476406,0.029064548694381364
W02000346,2021,0.019012126052874154,4.924235249562146e-5,0.008551627803093311,0.03306369474758633,0.024512066944493018
W02000347,2021,0.0184236748610175,3.9939339612879734e-5,0.009198314228115057,0.03179366904810404,0.02259535481998898
W02000348,2021,0.01685033842522069,4.0314811718809803e-5,0.007574001686077002,0.03407921849131137,0.026505216805234367
W02000349,2021,0.02037671107769654,3.250774080936825e-5,0.010675651286456662,0.031677064374938835,0.021001413088482173
W02000350,2021,0.01841088331042718,3.566872517581248e-5,0.009425253007809591,0.03188630098623158,0.02246104797842199
W02000351,2021,0.015957218859070282,4.8967108781810376e-5,0.005682277246184456,0.03373876634836505,0.028056489102180594
W02000352,2021,0.020406995338753755,7.059809937220875e-5,0.00776785622162514,0.04030447985048741,0.03253662362886227
W02000353,2021,0.017311250724486995,5.6389324143506075e-5,0.0049909290137541175,0.03622007691764731,0.03122914790389319
W02000354,2021,0.01529969861270256,4.439560793266907e-5,0.006200946378585423,0.03206806902760642,0.025867122649021
W02000355,2021,0.01849325648252067,3.135491186159142e-5,0.00973750958593646,0.032258028055961376,0.022520518470024918
W02000356,2021,0.019934010834895956,7.378375068444514e-5,0.008263816547560168,0.043754843512329555,0.035491026964769384
W02000357,2021,0.018288018987654763,5.811099573525503e-5,0.005851747479167637,0.036453647044027884,0.030601899564860247
W02000358,2021,0.018589161034700815,4.2830976642385306e-5,0.009515565663642214,0.0362400565325551,0.026724490868912883
W02000359,2021,0.019260264016155527,6.726113007049972e-5,0.0065194398807677766,0.03865506365322957,0.03213562377246179
W02000360,2021,0.02418243761686294,6.640941015388551e-5,0.010685457914188104,0.04436144557193926,0.03367598765775116
W02000361,2021,0.017908960139330934,4.492766679032357e-5,0.006852151672290004,0.033167848882008834,0.02631569720971883
W02000362,2021,0.019906084866709323,5.670033707939946e-5,0.008766946364397236,0.03879474415453067,0.030027797790133436
W02000363,2021,0.01932697035631509,6.153313789755581e-5,0.0073668723805314345,0.0350196785617459,0.027652806181214462
W02000364,2021,0.02630524062009419,1.0342023271010739e-4,0.00945940412772217,0.049110349677584514,0.03965094554986234
W02000365,2021,0.024850547981640193,9.580545437187859e-5,0.01150802889513468,0.04981035949400908,0.038302330598874404
W02000366,2021,0.020148838477667623,3.034067312265348e-5,0.01122260968913218,0.03257701569660144,0.021354406007469257
W02000367,2021,0.022641084851238755,5.191393441192276e-5,0.01284382196670157,0.040037147834791315,0.027193325868089743
W02000368,2021,0.02995405672032415,1.4591290711165223e-4,0.013975496454223262,0.06111871301483938,0.04714321656061612
W02000369,2021,0.025583138108391346,6.095839354501736e-5,0.013350945780836669,0.04420297635455017,0.030852030573713503
W02000370,2021,0.024015751022222122,7.112179104090303e-5,0.011202727087887937,0.04151628019618678,0.030313553108298842
W02000371,2021,0.028013415370590756,8.382905105459984e-5,0.015194844502921712,0.05052919261539123,0.03533434811246952
W02000372,2021,0.030755760676283488,1.0129566574212996e-4,0.0165628538910694,0.05415623791815927,0.037593384027089866
W02000373,2021,0.03210150095192973,1.759405006656133e-4,0.014750065027544397,0.06130017632564777,0.046550111298103374
W02000374,2021,0.026984821915321148,1.0310758969855946e-4,0.014204583641710906,0.05005435784634356,0.03584977420463265
W02000375,2021,0.035566528467856955,1.6580381019182822e-4,0.016675254366813788,0.06668902422717335,0.05001376986035956
W02000376,2021,0.0275261517080908,7.615627411474928e-5,0.014789023012157114,0.04893350684528959,0.034144483833132476
W02000377,2021,0.027814960281423384,1.1584230937161725e-4,0.013720496988536788,0.05547277014627928,0.04175227315774249
W02000378,2021,0.026632195095770386,8.71226110983019e-5,0.013262137093698095,0.04919188149083566,0.03592974439713756
W02000379,2021,0.03799070251532196,3.2118457403431007e-4,0.018470948591695478,0.0774630935031197,0.05899214491142422
W02000380,2021,0.02400032033779688,4.5884911181461774e-5,0.012653084459948578,0.04090001960391186,0.028246935143963283
W02000381,2021,0.035751097339232554,1.8349963214757173e-4,0.018071095052546025,0.07015195396650309,0.052080858913957064
W02000382,2021,0.03327961096863245,1.5837215435193238e-4,0.015462366328267859,0.06337456186196819,0.047912195533700325
W02000383,2021,0.030357468324176996,1.549669211336452e-4,0.012068119047986617,0.06679610395124988,0.05472798490326326
W02000384,2021,0.025062641806002105,5.3643534068571114e-5,0.014148125993489951,0.04132138437937692,0.02717325838588697
W02000385,2021,0.027827878663324156,7.673368572714904e-5,0.015073107018567919,0.04657629113053467,0.03150318411196675
W02000386,2021,0.02383245657644002,7.280138298464745e-5,0.012174024442848212,0.044903505966089066,0.03272948152324086
W02000387,2021,0.025555772845168398,7.689020395274264e-5,0.01160214275859162,0.04674088616941126,0.03513874341081964
W02000388,2021,0.028305330201302742,9.300592647539348e-5,0.014506052592439554,0.05103821275778626,0.0365321601653467
W02000389,2021,0.02976711138713449,8.368340113984682e-5,0.016197782853261265,0.052383531456784954,0.03618574860352369
W02000390,2021,0.02521313079162469,7.382761168457557e-5,0.0126177336172911,0.045720240720897254,0.033102507103606155
W02000391,2021,0.04332156059725385,1.9894665797579614e-4,0.021322411032215417,0.07591047704581028,0.05458806601359486
W02000392,2021,0.029979700807083152,9.430223939859941e-5,0.015796232262684402,0.05248693670889448,0.03669070444621008
W02000393,2021,0.03238894741883071,1.0762966146447604e-4,0.016846096926632786,0.057078938198177345,0.040232841271544556
W02000394,2021,0.044343076598314185,1.779663137343769e-4,0.022783122469267586,0.07492169565446868,0.0521385731852011
W02000395,2021,0.03365758586649858,1.6180721232658655e-4,0.01748159286345257,0.06671024453068736,0.049228651667234787
W02000396,2021,0.04228150825416795,1.8693626542516426e-4,0.022932075552163783,0.07758205909598935,0.05464998354382557
W02000397,2021,0.033076450716608086,1.3775444828432066e-4,0.016264899208011947,0.06094985008947326,0.044684950881461315
W02000398,2021,0.057035660341824446,3.478339686159146e-4,0.030937083174358622,0.10783858427136254,0.07690150109700392
W02000399,2021,0.05102956569169823,3.0461239087533655e-4,0.026788762813796153,0.09260967080640606,0.06582090799260991
W02000400,2021,0.0365312456459021,1.0701126546688581e-4,0.019029583272755984,0.05940438511894944,0.04037480184619345
W02000401,2021,0.0405861964925694,2.5832768744158194e-4,0.018038277041015287,0.07757263791951888,0.05953436087850359
W02000402,2021,0.048442190255214686,2.527117492887806e-4,0.025337228605552493,0.08458535846391466,0.05924812985836216
W02000403,2021,0.03584593663055717,1.5554725489232995e-4,0.018864052270750244,0.06636920613606138,0.04750515386531114
W02000404,2021,0.04083782846752855,1.867634080750937e-4,0.021594558716125326,0.07545666115432974,0.05386210243820441
W02000405,2021,0.03568820676384884,1.6566261085333882e-4,0.01740947338404205,0.07360109618898814,0.056191622804946086
W02000406,2021,0.04777417797139296,4.159093325410915e-4,0.020874147078696066,0.09939117621545872,0.07851702913676264
W02000407,2021,0.03153082483590052,2.6659340898522814e-4,0.012670844383436299,0.06512411739030197,0.05245327300686567
W02000408,2021,0.04511366472077058,2.4438086425435074e-4,0.022964113465578365,0.07729097031517526,0.0543268568495969
W02000409,2021,0.03257828753741396,1.586596324903315e-4,0.01595496119640706,0.06223546434803909,0.04628050315163203
W02000410,2021,0.05416690536980177,4.857287132054669e-4,0.025336261995100712,0.1058038020401102,0.08046754004500949
W02000411,2021,0.03274351829530984,1.927317497597358e-4,0.015262123151084148,0.06409583137527634,0.048833708224192196
W02000412,2021,0.04307987343675359,2.6327447482211373e-4,0.021624186302140764,0.08297968214589692,0.06135549584375616
W02000414,2021,0.02025786125738586,2.5854536273273855e-5,0.011674207626564868,0.03240265269870499,0.02072844507214012
W02000415,2021,0.02725899970712242,6.135994867163653e-5,0.015344715272088846,0.04619767600269939,0.030852960730610543
W02000416,2021,0.019851605364585013,3.037444516672023e-5,0.011359127960696741,0.03285892876611375,0.02149980080541701
W02000417,2021,0.02055983881489505,4.225981572237494e-5,0.008930275534450624,0.03525464983166658,0.026324374297215958
W02000418,2021,0.02226124647568591,4.8218524410989844e-5,0.01241880307598079,0.038760150919909024,0.026341347843928234
W02000419,2021,0.019384933832804607,4.5358566325118455e-5,0.00922469988811522,0.034628309502967594,0.025403609614852374
W02000421,2021,0.02377713333161656,5.266865114262517e-5,0.013115708181083104,0.04169889084031252,0.02858318265922942
W02000422,2021,0.054424933296210634,4.081610462669411e-4,0.025615841751244067,0.10312054533202404,0.07750470358077997
W02000423,2021,0.04922691157821956,2.6305768542393796e-4,0.023401523577675252,0.08610954499239787,0.06270802141472262
W02000424,2021,0.021644090496923018,5.464065141655956e-5,0.011111308682239805,0.03897550526530693,0.027864196583067123
W02000425,2021,0.0262660587002172,7.967265799634279e-5,0.014061023032202736,0.05083270554348428,0.036771682511281545
W02000426,2021,0.02039093429243795,5.8611078254866954e-5,0.0093539794366602,0.03674346233873514,0.027389482902074942
W02000427,2021,0.01940506622413131,2.5150269707479154e-5,0.011115911276039588,0.030340960625731522,0.019225049349691936
W02000428,2021,0.018859049312634248,4.08826944990513e-5,0.009169792577853554,0.03426625940431036,0.02509646682645681
W02000001,2023,0.0295670603098111,9.595343277085574e-5,0.01556066194619511,0.05485873465070253,0.03929807270450742
W02000002,2023,0.02321645651368037,5.842224077489197e-5,0.011297666305873928,0.04129008333682444,0.029992417030950513
W02000003,2023,0.05127015098909614,6.12381496964403e-4,0.02085878154761172,0.1217648212913889,0.10090603974377718
W02000004,2023,0.03590930539333478,1.49297377933655e-4,0.017682186928084178,0.06539993066960814,0.04771774374152396
W02000005,2023,0.02189937775061203,6.600692697958263e-5,0.009609627220618427,0.03920264520226087,0.02959301798164244
W02000006,2023,0.02967196696587845,8.756797232795404e-5,0.015408089037952594,0.04866065169795274,0.03325256266000015
W02000007,2023,0.03428095882113071,1.1736773567374476e-4,0.019899541765037103,0.061447639213907654,0.04154809744887055
W02000008,2023,0.02384018102918809,8.422034735076504e-5,0.010115486007358922,0.04559384181112622,0.03547835580376729
W02000009,2023,0.02623613504524821,6.292147690269677e-5,0.014404345332991213,0.046187543759224126,0.03178319842623291
W02000010,2023,0.04529257967544153,5.270433036876322e-4,0.014414303285273308,0.10461735816092582,0.09020305487565251
W02000011,2023,0.031687382254780135,1.265375194654806e-4,0.015161689390711216,0.05665265691975123,0.04149096752904001
W02000012,2023,0.0289447220108575,8.6689307936705e-5,0.014751466514840262,0.05121516700515774,0.03646370049031748
W02000013,2023,0.029138271869565992,1.0310159049559686e-4,0.01266135854253749,0.05093826073690372,0.038276902194366226
W02000014,2023,0.030146893793565773,9.575935746726788e-5,0.016656758833746687,0.05245165523833231,0.03579489640458562
W02000015,2023,0.029679340926639118,1.55072413519368e-4,0.012678489948735654,0.05969834278551589,0.047019852836780236
W02000016,2023,0.026829424871977803,6.736303365993432e-5,0.012723184581583974,0.04518904077704056,0.03246585619545658
W02000017,2023,0.028050701678126982,7.848229599978057e-5,0.013737807416094835,0.049404061064860796,0.03566625364876596
W02000018,2023,0.02943744689041609,7.4255718265825e-5,0.016851849835272804,0.047874326336956215,0.03102247650168341
W02000019,2023,0.02517623244087102,5.791113052548345e-5,0.012160547738137623,0.043964359833203695,0.031803812095066074
W02000020,2023,0.027833470929753152,1.007590498148912e-4,0.013996613195620322,0.05242240887139737,0.038425795675777044
W02000021,2023,0.029248509898334073,1.3725262399448613e-4,0.012046361088941837,0.05805536503916432,0.046009003950222484
W02000022,2023,0.025186766895249894,7.857243946997516e-5,0.012675036076138317,0.049685397276111924,0.037010361199973606
W02000023,2023,0.02528368555243257,1.7061007164248363e-4,0.007992033084243134,0.056781289687869635,0.0487892566036265
W02000024,2023,0.03125008502682826,6.733893210385565e-5,0.018837140273842902,0.04750033773322419,0.02866319745938129
W02000025,2023,0.02835382227032602,7.598705567369715e-5,0.01510129956878331,0.048076980225172206,0.032975680656388895
W02000026,2023,0.029940251195532733,7.712280600088406e-5,0.01579028730362099,0.04756794672248143,0.03177765941886044
W02000027,2023,0.024016076999594575,1.7452636730196024e-4,0.005916277281702304,0.052276353393659436,0.04636007611195713
W02000028,2023,0.02250537043370705,9.290958863259994e-5,0.0074915024881344345,0.04476138576840698,0.037269883280272545
W02000029,2023,0.02061450994178199,6.355211355987472e-5,0.008066007341262858,0.039348853010157836,0.03128284566889498
W02000030,2023,0.021742578657061643,7.279939528896772e-5,0.008592255984727418,0.042349646483861574,0.033757390499134156
W02000031,2023,0.02631450431695498,9.306727592271692e-5,0.012422478852890703,0.049248223651587715,0.03682574479869701
W02000032,2023,0.022123864820637832,7.253799590768698e-5,0.009557529950991513,0.041335557884180224,0.03177802793318871
W02000033,2023,0.029547256549970854,1.174850180054473e-4,0.013784301974674697,0.05523091943026261,0.041446617455587906
W02000034,2023,0.028885517739074495,9.32813627487277e-5,0.015026309374060878,0.05229266958062218,0.03726636020656131
W02000035,2023,0.02717271925765922,6.723039762058853e-5,0.014155300798965487,0.04555210197071709,0.0313968011717516
W02000036,2023,0.025703470244877166,6.060654692129196e-5,0.01294284087881457,0.043577587583048236,0.030634746704233665
W02000037,2023,0.026879955643118146,7.453720084985829e-5,0.012568878057608097,0.04782633517991615,0.03525745712230805
W02000038,2023,0.025281836775985667,8.037261313809964e-5,0.01094246667308117,0.0480159294595905,0.03707346278650933
W02000039,2023,0.02559373596437054,9.590108724984964e-5,0.01146084071605484,0.04525550991835797,0.03379466920230313
W02000040,2023,0.02670810715267295,5.127178081032559e-5,0.015362729856069145,0.043123693451436476,0.02776096359536733
W02000041,2023,0.027296173658684475,5.6934931082767886e-5,0.015014093669398668,0.04602854856176125,0.031014454892362583
W02000042,2023,0.030623380190516084,1.234284358313908e-4,0.014573469060815941,0.05381498980119988,0.03924152074038394
W02000043,2023,0.036052044842273125,1.6191676851255227e-4,0.018234579092917286,0.06766918056174151,0.049434601468824224
W02000044,2023,0.031520626149088946,1.2613805617188895e-4,0.015979788596357666,0.056365210791060716,0.04038542219470305
W02000045,2023,0.033077822069631675,1.1578805448872504e-4,0.016057734391488727,0.05620560816440863,0.0401478737729199
W02000047,2023,0.0334234885790001,1.6677985443168053e-4,0.013118019193249264,0.06597558237269963,0.05285756317945036
W02000049,2023,0.032907134182592335,8.275691475917244e-5,0.019556499693652064,0.056568837125301814,0.03701233743164975
W02000050,2023,0.028202754137295078,7.524432660317261e-5,0.013557077270709312,0.04722187192437808,0.03366479465366877
W02000051,2023,0.028773199413586054,6.400537334207052e-5,0.015146330398782038,0.04751580850288487,0.03236947810410283
W02000052,2023,0.034661326140527866,1.210829556290275e-4,0.018115395134782747,0.06144125119601741,0.043325856061234666
W02000053,2023,0.030262073101908312,8.677992942672707e-5,0.01608273022580555,0.05233941163098195,0.0362566814051764
W02000054,2023,0.03051813568865202,6.89171594243086e-5,0.017087903077082283,0.048888128542129164,0.03180022546504688
W02000055,2023,0.037671544643649496,1.4406540072424095e-4,0.020195027281746412,0.0650663264155854,0.044871299133838985
W02000056,2023,0.031082999984158845,7.289037056815947e-5,0.01799173330092395,0.05143261246411147,0.03344087916318752
W02000057,2023,0.028837475944570503,5.111806477100245e-5,0.016946847284886185,0.04514697514116286,0.028200127856276673
W02000058,2023,0.03352013261353211,1.1097026472144891e-4,0.01730938700332965,0.05598326258132291,0.03867387557799326
W02000059,2023,0.03219042750804567,9.202423135415096e-5,0.015472505285067231,0.053597490856162125,0.038124985571094894
W02000060,2023,0.031295016855029216,8.811595563455542e-5,0.01540196551085746,0.051902141154432334,0.03650017564357487
W02000061,2023,0.038357911665425314,1.7019886773232226e-4,0.018635024529358623,0.067427301418853,0.048792276889494376
W02000062,2023,0.030976564913624452,1.0128337640008333e-4,0.01732234309477679,0.05697192475928285,0.039649581664506064
W02000063,2023,0.026952839341104654,5.9163383761622255e-5,0.014784918086145137,0.04414566874950944,0.029360750663364302
W02000064,2023,0.03450450873889636,1.4971744433190374e-4,0.0158955779939784,0.06299793016369865,0.047102352169720245
W02000065,2023,0.03385535118912664,1.273077908129562e-4,0.01758236330504677,0.0620551289106665,0.04447276560561973
W02000066,2023,0.03414735789348617,1.5341969025648081e-4,0.016087227229853025,0.0614832634198208,0.04539603618996778
W02000067,2023,0.028983847566238237,8.652604182135831e-5,0.013734813341855986,0.05139401676162258,0.03765920341976659
W02000068,2023,0.03644722059197708,1.5253529592578103e-4,0.01769326324757199,0.06417748898138097,0.046484225733808976
W02000069,2023,0.02838754216137446,6.157997448006588e-5,0.015150684506696818,0.04655248907607761,0.0314018045693808
W02000070,2023,0.03114522218828442,9.682741763431598e-5,0.0171246896081307,0.05514357035807316,0.03801888074994246
W02000071,2023,0.02923017985246301,7.11835518678315e-5,0.01572578588091343,0.048587809182095876,0.032862023301182444
W02000072,2023,0.03482863850741458,1.284890696315383e-4,0.016686213255797628,0.05969960252277422,0.04301338926697659
W02000073,2023,0.028829678159290033,6.549921751382034e-5,0.01456308311496278,0.04639055784986406,0.03182747473490128
W02000074,2023,0.03268167535706686,8.36266809620414e-5,0.018280785913893035,0.05357026849826801,0.035289482584374976
W02000075,2023,0.030357746117336073,7.37912951857584e-5,0.016446834015494065,0.04929492001267759,0.03284808599718352
W02000076,2023,0.029964966395901047,6.522300714533343e-5,0.01751562653115707,0.046759299107781385,0.029243672576624316
W02000077,2023,0.029967607960509582,6.821649881750633e-5,0.017218939756393395,0.05040893758668424,0.03318999783029084
W02000080,2023,0.03199234100148412,1.3642445793530568e-4,0.015262571947609736,0.06049822611264826,0.045235654165038525
W02000081,2023,0.033362284000045046,1.0628047664040285e-4,0.0171803310065543,0.05721529465015269,0.04003496364359839
W02000082,2023,0.034700274671435584,1.407640273457029e-4,0.015893431525451196,0.06464459299702863,0.04875116147157743
W02000083,2023,0.033386336201114336,1.1041703253583488e-4,0.01753995521354563,0.05861353383143644,0.041073578617890814
W02000085,2023,0.030250945114416457,9.939777633967862e-5,0.014882665737235665,0.05328299784954893,0.038400332112313265
W02000087,2023,0.051366320196956146,4.737988260456556e-4,0.023262632149607013,0.10227152576896877,0.07900889361936175
W02000088,2023,0.03596986798642385,1.2559862781124208e-4,0.01702804782896919,0.05786822678418972,0.04084017895522053
W02000089,2023,0.04320942414561445,5.425304816152337e-4,0.014031553649970097,0.0959960080497154,0.08196445439974531
W02000090,2023,0.031035771626856515,7.674212008570839e-5,0.01651543252476393,0.05023295832023067,0.03371752579546674
W02000091,2023,0.031827988857336925,9.99770895724261e-5,0.01602438720008856,0.055113270851824464,0.039088883651735906
W02000092,2023,0.032471240147626715,1.0369948795479457e-4,0.01729308311312351,0.05636703678287017,0.039073953669746656
W02000093,2023,0.03259958683848902,7.459949412822013e-5,0.019212897464422424,0.052567764719752774,0.03335486725533035
W02000094,2023,0.032862418748415695,1.0888268630094688e-4,0.017211664120251838,0.058723033282405725,0.04151136916215389
W02000095,2023,0.028766190752981424,8.929150875016691e-5,0.014300364816123637,0.050381386232957966,0.03608102141683433
W02000096,2023,0.03363068359939074,1.0939412152013947e-4,0.017930863072517726,0.06039268517777717,0.04246182210525944
W02000097,2023,0.03367923325150519,1.1061636359209953e-4,0.019881931264368054,0.05937143747281542,0.039489506208447364
W02000098,2023,0.02888328105407295,7.556569480339413e-5,0.015812788609491264,0.04856283191445655,0.03275004330496529
W02000099,2023,0.030863683669069237,1.022958226479882e-4,0.015171882491669245,0.0537383066592375,0.03856642416756825
W02000100,2023,0.036251033987765253,9.454555661953262e-5,0.02294724289326814,0.06014319845918697,0.03719595556591883
W02000101,2023,0.030138803856685475,8.078906941785481e-5,0.016693295576886546,0.050441819036412074,0.03374852345952553
W02000102,2023,0.03370932085366728,8.1130531856985e-5,0.019468298054023152,0.05564467133564319,0.03617637328162003
W02000103,2023,0.03469038236669428,9.04899143952629e-5,0.02081258604667667,0.05847014328464335,0.03765755723796668
W02000104,2023,0.0400658294658825,1.6091764718622798e-4,0.0227702911776159,0.06888731163877407,0.04611702046115817
W02000105,2023,0.043678029567552165,2.0240009717932412e-4,0.02401429756706903,0.07509090258221474,0.0510766050151457
W02000106,2023,0.032994715931519716,7.69094177116557e-5,0.02038070046459157,0.050515584840548244,0.030134884375956673
W02000107,2023,0.03601689498054093,9.36307678793766e-5,0.02242905576683377,0.05684483969805035,0.03441578393121658
W02000108,2023,0.03536509700331984,1.051826516691656e-4,0.020753348968334518,0.061255744838767376,0.04050239587043286
W02000109,2023,0.04640107704316213,2.479752769333273e-4,0.025283833529924894,0.08766856772955467,0.062384734199629775
W02000110,2023,0.03169941493832171,7.215826631445361e-5,0.017759286692430636,0.05159197424457501,0.03383268755214437
W02000111,2023,0.02885242645792747,6.163009333766513e-5,0.01607525759463524,0.04890474485298188,0.03282948725834664
W02000113,2023,0.03812638158417154,2.0093546668762392e-4,0.018614150446435523,0.0676695835917992,0.049055433145363675
W02000114,2023,0.026618729467374966,4.1054083192952503e-5,0.016609019809788402,0.04034079174054108,0.02373177193075268
W02000116,2023,0.03398928476148609,9.806661044758768e-5,0.018179938124659796,0.0573867538419206,0.039206815717260805
W02000117,2023,0.05829794595753148,2.940032731469897e-4,0.030597578342966066,0.09355469842163465,0.06295712007866858
W02000118,2023,0.04853361809031497,2.478761109748784e-4,0.02663569581355589,0.08657425002941882,0.05993855421586293
W02000120,2023,0.032819949757184,9.736484734105749e-5,0.01892174842619958,0.05483172976006726,0.03590998133386768
W02000122,2023,0.03267241913713973,7.878048133353622e-5,0.019834712627739483,0.051424921470621714,0.03159020884288223
W02000123,2023,0.0366305574044366,1.0758073933801972e-4,0.02115745935456808,0.06093621875723451,0.03977875940266643
W02000124,2023,0.030394917356692766,8.579194239799552e-5,0.01474403037925993,0.052941365516297106,0.03819733513703717
W02000125,2023,0.031240687711789995,5.526363235506477e-5,0.017755570780555847,0.047601234105151095,0.029845663324595248
W02000126,2023,0.03155503477111983,7.775238706684582e-5,0.017298275485609887,0.053399271438103246,0.03610099595249336
W02000127,2023,0.030392073429105448,8.003115885576477e-5,0.015889641771333795,0.0493620066911105,0.033472364919776704
W02000128,2023,0.03195604527148505,1.1398114596190008e-4,0.016295344868980648,0.05745702157141462,0.04116167670243397
W02000129,2023,0.03461525971245408,9.00741664234494e-5,0.020583475623581895,0.058450132282140015,0.03786665665855812
W02000130,2023,0.048136866019927727,2.945519669122733e-4,0.02386535314620322,0.0885046375893967,0.06463928444319347
W02000131,2023,0.03838854892334945,1.3843159629659907e-4,0.020512636003742202,0.06572910290197856,0.04521646689823636
W02000132,2023,0.029610825474702798,7.879401670705205e-5,0.015328287294132052,0.052775198176399404,0.037446910882267356
W02000133,2023,0.03885035250803892,1.7314798870153233e-4,0.022309536747387615,0.07213771174832664,0.04982817500093903
W02000134,2023,0.03809078005043522,1.9336505129053253e-4,0.01925672050597764,0.07648045524920087,0.05722373474322323
W02000135,2023,0.04093368200027684,2.0407021889182336e-4,0.019599431628761398,0.07617472037916304,0.05657528875040164
W02000136,2023,0.02913112722659839,1.0488854363985349e-4,0.014049195222405497,0.05579602598202682,0.04174683075962132
W02000137,2023,0.04606761543759225,2.793156309110573e-4,0.023370530736659054,0.08364426603937447,0.06027373530271542
W02000138,2023,0.03006389864226259,1.7915870251291704e-4,0.00895702309092395,0.06113737317618004,0.05218035008525609
W02000139,2023,0.02616493586845536,9.479664485966806e-5,0.010842415852167102,0.04673771745392953,0.03589530160176243
W02000140,2023,0.02776105835527254,1.4617699820650867e-4,0.01009916562187624,0.056857003716597174,0.046757838094720935
W02000141,2023,0.02681089466905183,1.0199536025086739e-4,0.01096089367477053,0.05156800958723713,0.0406071159124666
W02000142,2023,0.032361473602860374,7.414194586283019e-5,0.018385322986557883,0.051702897737456274,0.03331757475089839
W02000143,2023,0.029633046751145153,5.276739515878645e-5,0.017809402067338324,0.045660215594006535,0.02785081352666821
W02000144,2023,0.029867621628752537,8.393828400731255e-5,0.015431957942356305,0.052076810814552926,0.03664485287219662
W02000145,2023,0.027414546202170726,5.7921709569778494e-5,0.014296170692203588,0.045598863972635045,0.031302693280431455
W02000146,2023,0.028856886213278816,5.864079320054341e-5,0.01682801965335999,0.04443286011271859,0.0276048404593586
W02000147,2023,0.03558967461617445,8.925663499929565e-5,0.01918008186455087,0.056265876985621896,0.037085795121071026
W02000148,2023,0.03784826520735553,2.0235028013220187e-4,0.018386553935391833,0.06946205132702635,0.051075497391634514
W02000149,2023,0.03303804331644068,1.002862421943124e-4,0.01749445148625323,0.05669247605429927,0.03919802456804604
W02000151,2023,0.028574465721759687,6.12843191201173e-5,0.01554230194614661,0.046847170442850083,0.03130486849670347
W02000152,2023,0.029419946067562115,6.732378493727949e-5,0.01746064423631205,0.048600061608064474,0.031139417371752423
W02000153,2023,0.028918250429103794,6.437989081410036e-5,0.016855162982711325,0.0487424702888822,0.03188730730617087
W02000154,2023,0.030902532696722725,9.3533759881377e-5,0.015483469866230351,0.05495920792735768,0.03947573806112733
W02000156,2023,0.029301495830116587,6.89757143475764e-5,0.01447496912821298,0.04914616201496225,0.03467119288674927
W02000157,2023,0.02983499524773911,6.898319304073185e-5,0.016511338673464708,0.04913827255217187,0.03262693387870716
W02000158,2023,0.030953376681896436,7.671519160793012e-5,0.016743508452433213,0.05166603503667663,0.03492252658424342
W02000159,2023,0.035807815267035054,1.532579850630806e-4,0.018696032302234378,0.0656228909879836,0.04692685868574922
W02000160,2023,0.028534719926639335,7.705641913698773e-5,0.014307605799939553,0.04950127203064178,0.03519366623070223
W02000161,2023,0.03064751752836269,1.0500375104468438e-4,0.01638902116192392,0.05456954319626166,0.038180522034337736
W02000162,2023,0.029883473567392193,1.1159994267392857e-4,0.013806999094205678,0.05490063479363129,0.04109363569942561
W02000163,2023,0.03328813006358579,1.2816656197110288e-4,0.016618970767135262,0.06249321677193204,0.04587424600479678
W02000164,2023,0.030337027624983883,8.83963367076666e-5,0.01640898118551047,0.049500316666688915,0.033091335481178444
W02000165,2023,0.0350117542395558,1.46226367891706e-4,0.01705461256871995,0.06250706785375464,0.045452455285034686
W02000166,2023,0.033918129938284,1.0761852574812278e-4,0.01748653334040471,0.059633724058620906,0.042147190718216196
W02000167,2023,0.037240861135834025,1.6489246424242424e-4,0.018443295750791025,0.0662950429503219,0.04785174719953088
W02000168,2023,0.03295342736096811,9.796836757363719e-5,0.016096696279393446,0.053796729074545795,0.03770003279515235
W02000169,2023,0.03183395875326967,8.994603661661683e-5,0.018315633496632063,0.05490397751890336,0.03658834402227129
W02000170,2023,0.028795748270367138,7.714377039014095e-5,0.014027721592808073,0.04543463442243159,0.03140691282962352
W02000171,2023,0.02768419660000445,8.148544989313662e-5,0.013789609612043617,0.049491331345055234,0.035701721733011615
W02000172,2023,0.027084894688524954,1.0009622726102497e-4,0.01215666294153923,0.051240195621907715,0.03908353268036849
W02000173,2023,0.029513235805641466,9.673076014824627e-5,0.014875644151738246,0.05396283427949365,0.039087190127755404
W02000174,2023,0.025504638136286544,7.83138222172473e-5,0.013191032424740604,0.04569366524291296,0.03250263281817236
W02000175,2023,0.028482895882228167,1.1208647652457225e-4,0.012344761677640686,0.05091038219008724,0.03856562051244655
W02000176,2023,0.026180077160809504,6.258613102990951e-5,0.012976248520219079,0.042958559481156594,0.029982310960937515
W02000177,2023,0.027526435741430294,1.1853349117281985e-4,0.011670235687489594,0.05571258322931094,0.04404234754182135
W02000178,2023,0.031308600804097635,9.221989127509602e-5,0.015014288583733848,0.0548482103723926,0.03983392178865875
W02000179,2023,0.02430186717176617,5.616615158362249e-5,0.011820120626913372,0.03988362070835648,0.028063500081443107
W02000180,2023,0.029306784694177232,1.028918577386477e-4,0.015129216210376568,0.05195233734499735,0.03682312113462079
W02000181,2023,0.02811483908071323,1.0209638109016087e-4,0.01215506343341106,0.05090540603659076,0.0387503426031797
W02000182,2023,0.029359385474149576,1.2244053791411034e-4,0.0127642891290882,0.05591188350874318,0.043147594379654985
W02000183,2023,0.03255438871365136,8.835830653198249e-5,0.015334625140716797,0.05285404366157026,0.03751941852085346
W02000184,2023,0.02844278995297671,8.241842971412126e-5,0.01283216525982701,0.04641900906409553,0.03358684380426852
W02000185,2023,0.026445219318582982,9.35237469137767e-5,0.012609181309282451,0.04937726826109923,0.03676808695181678
W02000186,2023,0.03314376848389307,1.180728795136078e-4,0.014600817060746575,0.05522735490479548,0.040626537844048904
W02000188,2023,0.034682459550191294,1.774318340700056e-4,0.015658196358996568,0.06655004407541343,0.05089184771641686
W02000189,2023,0.029959192237094465,1.3500330517231393e-4,0.013894732643574676,0.058313426543587635,0.04441869390001296
W02000191,2023,0.03838126124555151,2.0942677720271437e-4,0.018535426636120365,0.07714765279809482,0.05861222616197446
W02000192,2023,0.038551549367439056,1.3787115789173915e-4,0.019542249406801823,0.06466827302729167,0.04512602362048984
W02000193,2023,0.041365690703405344,2.0237752484390158e-4,0.02002172311623436,0.0723033924905027,0.05228166937426834
W02000194,2023,0.030166200523362437,1.1133176686268586e-4,0.014192939951972046,0.053740751971765754,0.03954781201979371
W02000195,2023,0.02481507746663996,9.443155900715514e-5,0.01131929491177422,0.0494987196055184,0.038179424693744184
W02000196,2023,0.03338616876176094,2.4362329598844642e-4,0.015166310769019815,0.07535004779615093,0.06018373702713111
W02000197,2023,0.024280056484759872,8.44512466873211e-5,0.010770717481603518,0.0460044904196929,0.03523377293808938
W02000198,2023,0.03225396946051849,2.245926282821335e-4,0.01224452717983249,0.06736980821497801,0.055125281035145524
W02000200,2023,0.028641424289426454,5.7839849266502446e-5,0.01552692830968419,0.04334731737956059,0.027820389069876397
W02000201,2023,0.027820559784658434,6.658853139049596e-5,0.013606998596959128,0.044552149721705,0.03094515112474587
W02000202,2023,0.02958532331293547,6.200103631653057e-5,0.01633486905695423,0.04704393511863626,0.03070906606168203
W02000204,2023,0.025522491061295588,5.645650763159466e-5,0.013944565958306973,0.04375961923548009,0.02981505327717312
W02000205,2023,0.02585778968456353,6.801087969813444e-5,0.01297904243745994,0.04457236383392678,0.03159332139646684
W02000206,2023,0.026477081970617194,1.0549163258862226e-4,0.010079970160033426,0.04865464134572402,0.03857467118569059
W02000207,2023,0.023290516619256213,5.6726258333934036e-5,0.010524416273999727,0.03870042175934389,0.028176005485344165
W02000208,2023,0.030935658380062278,1.117470824388094e-4,0.013970526018922564,0.05606549543679765,0.042094969417875085
W02000210,2023,0.02597951663085544,8.686775162350285e-5,0.011262368527676803,0.04820595363042881,0.036943585102752
W02000211,2023,0.02812337862934102,9.410157799411478e-5,0.013187513124931369,0.04892775897741735,0.03574024585248598
W02000212,2023,0.026601303904794954,4.6586903144544866e-5,0.01540273888789162,0.041820540326877105,0.026417801438985485
W02000213,2023,0.022754072711005397,5.3249899927468596e-5,0.010061188715074259,0.037494166278910945,0.027432977563836686
W02000214,2023,0.024453807603526053,9.547953984378331e-5,0.00998457348929829,0.04478666177982711,0.03480208829052882
W02000215,2023,0.025513746906121643,1.0127923507596854e-4,0.009938753879531652,0.044625350135022876,0.034686596255491225
W02000216,2023,0.02569724573132585,7.32977197081298e-5,0.012807419475580905,0.04702411298989537,0.03421669351431446
W02000217,2023,0.02695690443031182,5.966529172866617e-5,0.012743905251277284,0.04383451118788505,0.031090605936607764
W02000218,2023,0.030796428616752622,7.920404682827788e-5,0.01630314971619839,0.05264490574070472,0.03634175602450633
W02000219,2023,0.02809197427761767,8.093204225450014e-5,0.013111673074175219,0.05150881806474956,0.03839714499057434
W02000220,2023,0.02980745414030864,7.678753785769845e-5,0.015224233940580135,0.050941109132366436,0.035716875191786304
W02000221,2023,0.029429082364266737,6.999682428671858e-5,0.015518253775518513,0.04715555826456366,0.03163730448904515
W02000222,2023,0.026878958085240358,5.534326996015731e-5,0.014037793315237938,0.04322039025012988,0.02918259693489194
W02000223,2023,0.028123611702444377,7.06921739136578e-5,0.01397907607318438,0.045698069467571815,0.03171899339438743
W02000224,2023,0.029857393164938045,8.103353424155319e-5,0.016371837858609357,0.04694483139913361,0.03057299354052425
W02000225,2023,0.031017896600294217,1.1179307613252444e-4,0.014900083300878768,0.05648329532115014,0.04158321202027137
W02000226,2023,0.0274601848399135,5.7563694481068753e-5,0.014453669048932473,0.044020972700502356,0.029567303651569884
W02000227,2023,0.03197642570309644,9.66746931923037e-5,0.017668936562095762,0.05472299742336409,0.03705406086126833
W02000228,2023,0.03382370987966271,8.211546802603368e-5,0.018385104777331754,0.052768008469639235,0.03438290369230748
W02000229,2023,0.032069014943447965,1.321040105594209e-4,0.014347967854751847,0.0568697557062896,0.04252178785153775
W02000230,2023,0.030093486841621754,7.707886124785166e-5,0.015238996448686655,0.05268879691342814,0.03744980046474149
W02000231,2023,0.0384754184577379,1.8253870743720863e-4,0.018406482653536872,0.06903696375479498,0.05063048110125811
W02000232,2023,0.029034256001381247,7.298608838793524e-5,0.014904722941786746,0.04678107588770645,0.0318763529459197
W02000233,2023,0.0299814581702376,1.0121935427320603e-4,0.014905513637284519,0.051001325248023796,0.03609581161073928
W02000234,2023,0.029883243663412593,1.1646093437082932e-4,0.014563876521735285,0.052470059508645084,0.0379061829869098
W02000235,2023,0.02404962031922787,9.656307675440767e-5,0.010602054562690132,0.04584139305793543,0.0352393384952453
W02000236,2023,0.025733293278342947,8.892335473857626e-5,0.011790562919681238,0.04639963946480062,0.03460907654511938
W02000237,2023,0.030122646582081553,7.083655319831411e-5,0.016636728496022123,0.05027550749369086,0.03363877899766874
W02000238,2023,0.02918424126848285,8.053318160498014e-5,0.015812583886576727,0.052169322978711796,0.03635673909213507
W02000239,2023,0.0320598456876556,7.87190830662332e-5,0.01789063839987158,0.04970908499654439,0.03181844659667281
W02000240,2023,0.04100033433113763,1.900371833080941e-4,0.02033699769162072,0.07554817729640785,0.05521117960478713
W02000241,2023,0.03763314944196886,1.8930959613868998e-4,0.015413450954653879,0.07121977577721535,0.05580632482256147
W02000242,2023,0.03546109203514701,1.5003870447403574e-4,0.0182347112350325,0.06267745174815251,0.044442740513120006
W02000243,2023,0.043155370336114475,2.075442501128091e-4,0.02078596768511691,0.07387418443410403,0.053088216748987116
W02000244,2023,0.033721555325321166,1.1990409331686272e-4,0.016861799760922693,0.05598218560049047,0.03912038583956777
W02000245,2023,0.041023256288436186,1.277178948674879e-4,0.02304788683034112,0.06830710283141735,0.04525921600107623
W02000246,2023,0.03333045950402222,1.480547828573592e-4,0.015959370032909332,0.06187439565354501,0.04591502562063568
W02000247,2023,0.03242390819923167,1.7272212081762708e-4,0.013743117548757764,0.06471081699966166,0.0509676994509039
W02000248,2023,0.04510668586582249,2.394306457327768e-4,0.02243420099870043,0.07628706995506808,0.05385286895636765
W02000249,2023,0.04744256667096029,3.0011256940735065e-4,0.02373080390233672,0.09596398741444215,0.07223318351210542
W02000250,2023,0.0331788244516522,1.1544019866751205e-4,0.015705064249958822,0.05993485721023245,0.04422979296027363
W02000251,2023,0.043740170501806924,1.7710724306063263e-4,0.02570838823288163,0.0786589032244005,0.05295051499151887
W02000252,2023,0.030403629137841788,5.373298862782064e-5,0.018053093524144512,0.04634090270325767,0.02828780917911316
W02000253,2023,0.03178114642593378,1.2871942122082765e-4,0.015101608003973574,0.05198180482822652,0.03688019682425295
W02000254,2023,0.030666102293669173,8.414046993476111e-5,0.01621123969043903,0.05276662806291774,0.03655538837247871
W02000255,2023,0.02981557809631586,7.226152553935045e-5,0.016362196891556154,0.04865166956950352,0.032289472677947365
W02000256,2023,0.03222447281516862,7.35598155868386e-5,0.017313551973786617,0.049885708392368465,0.03257215641858185
W02000257,2023,0.0316373542661899,6.920377912908355e-5,0.017874773654138067,0.0509199183899268,0.033045144735788734
W02000258,2023,0.033575069190277806,9.931547861735627e-5,0.018796275021031778,0.05707011680897993,0.038273841787948154
W02000259,2023,0.03303059712671904,9.75900265162046e-5,0.016994977177381285,0.057515922518017376,0.04052094534063609
W02000260,2023,0.03488857181585676,1.1984882070238491e-4,0.019604524750296295,0.05899006413776068,0.039385539387464384
W02000261,2023,0.029962201595383604,8.861728407022995e-5,0.014994084580694676,0.05229124844926873,0.037297163868574054
W02000262,2023,0.029436410421200668,1.0203631073597829e-4,0.015088072838259288,0.05050948482027829,0.035421411982019
W02000263,2023,0.03309550325610677,7.771045553581642e-5,0.018392398349688904,0.052458843440218825,0.03406644509052992
W02000264,2023,0.03616335810106435,1.0064249081496865e-4,0.02050847411643253,0.0587459161502238,0.03823744203379127
W02000265,2023,0.03131545395465268,9.615555873543913e-5,0.015240785913516918,0.05505289314036456,0.03981210722684764
W02000266,2023,0.03306728242953455,7.36925868636637e-5,0.019566862759004343,0.05028438747316454,0.0307175247141602
W02000267,2023,0.03222003708567165,1.0369101808762544e-4,0.015702593577712344,0.053773051726621474,0.03807045814890913
W02000268,2023,0.034257478357928695,8.862504401894543e-5,0.019699809653661846,0.05451411859000349,0.034814308936341645
W02000269,2023,0.031203904304854525,7.527454719818435e-5,0.01682577064755781,0.05252057457796967,0.03569480393041186
W02000270,2023,0.03199061559120992,8.776283802648828e-5,0.01674365896283512,0.05206372359790125,0.03532006463506613
W02000271,2023,0.03573167248441033,1.4484579765070322e-4,0.01858157782643207,0.06294885635682004,0.04436727853038797
W02000272,2023,0.03523112443164435,1.0401749019564175e-4,0.019177622566851973,0.060866852079126635,0.04168922951227466
W02000273,2023,0.04394984941738834,1.4373065798602676e-4,0.02322003314087357,0.07256283431799035,0.04934280117711678
W02000274,2023,0.03504722581763145,9.607712464043034e-5,0.018596917932094725,0.06027109943934929,0.04167418150725456
W02000275,2023,0.03284382371167626,8.538357869017162e-5,0.017712456694063114,0.05512887650728462,0.0374164198132215
W02000276,2023,0.035850681934439334,1.0821708596472865e-4,0.020347150887757987,0.0639196626000576,0.043572511712299616
W02000277,2023,0.03439791808761809,9.740300790618606e-5,0.018928254177171387,0.05547806975815583,0.03654981558098444
W02000278,2023,0.03676490211767269,1.0660920927684485e-4,0.021876345089003255,0.06270079017471186,0.04082444508570861
W02000279,2023,0.033198505875156506,9.974921722635803e-5,0.018243307608212654,0.0543618160205772,0.036118508412364546
W02000280,2023,0.03330451043174569,7.274228086980586e-5,0.017780657121606834,0.05339559161549427,0.03561493449388744
W02000281,2023,0.03342205513963763,8.13446934427152e-5,0.01810667155606577,0.05489528297158246,0.03678861141551669
W02000282,2023,0.03518709384753077,1.0104294727416076e-4,0.018669101617412663,0.059601598757038854,0.04093249713962619
W02000284,2023,0.03773799904509638,1.0023352438433056e-4,0.021630365152653545,0.06493736749553364,0.043307002342880097
W02000285,2023,0.030781194919540355,7.668018604194554e-5,0.018270462687535464,0.05244081208183064,0.03417034939429518
W02000286,2023,0.03427967059959919,1.0953695034537142e-4,0.01737879977812035,0.06030664363521407,0.04292784385709372
W02000287,2023,0.03608688754738266,8.961281921354416e-5,0.020088121563403685,0.05776145525728782,0.037673333693884134
W02000288,2023,0.035531981915126444,7.38355665386142e-5,0.02181161563638465,0.05562299551896649,0.033811379882581843
W02000289,2023,0.0356052583150023,9.938493163280834e-5,0.02058006526789131,0.05882296661015217,0.038242901342260854
W02000290,2023,0.03639823066745213,9.985695571572291e-5,0.02098775453308452,0.057598206159223175,0.03661045162613866
W02000291,2023,0.03352014354916725,8.160496635328195e-5,0.018461863047252842,0.0540054241752046,0.035543561127951755
W02000292,2023,0.03230075388505684,8.697932100786852e-5,0.016422083278754704,0.053181185103287926,0.03675910182453322
W02000293,2023,0.033226372925731024,1.0528817616713066e-4,0.01554067403390466,0.054258805085472955,0.038718131051568294
W02000294,2023,0.029986784118520217,8.020309407629361e-5,0.016120964586732005,0.049317991354415266,0.03319702676768326
W02000295,2023,0.02831877699448555,6.778664166499267e-5,0.01582457245889722,0.04804539637119805,0.03222082391230083
W02000296,2023,0.03257721907733031,8.172280441457833e-5,0.018497710677438328,0.05414907444091446,0.035651363763476135
W02000297,2023,0.03326415197448711,9.490861882495644e-5,0.018694308266889954,0.05565592337235061,0.03696161510546066
W02000298,2023,0.030322706022663494,8.659710276999682e-5,0.01426548546985109,0.051664646094950376,0.037399160625099286
W02000299,2023,0.02957493202130607,9.072219577577411e-5,0.013554985702036292,0.0501934105176235,0.03663842481558721
W02000300,2023,0.0301260774082913,8.082103193156222e-5,0.015299467102731036,0.05054674161372675,0.03524727451099571
W02000301,2023,0.034592440155318566,8.517128762102175e-5,0.019941364451106638,0.052799683360558985,0.032858318909452344
W02000302,2023,0.03217383994823135,8.340516212134427e-5,0.017089852120338554,0.053937638665073354,0.0368477865447348
W02000303,2023,0.029088926385123146,6.903287457547721e-5,0.014879247507980468,0.04550350265451418,0.030624255146533712
W02000304,2023,0.031242117070680756,8.33146598499522e-5,0.016665488585068167,0.05114347071695137,0.0344779821318832
W02000305,2023,0.02829414299918465,1.0353830254194368e-4,0.013784348134126916,0.04954499591515793,0.03576064778103101
W02000306,2023,0.028583684188900022,6.710193654272969e-5,0.014596905584832068,0.04958678083619293,0.034989875251360866
W02000307,2023,0.036887855426946246,1.1064702663402658e-4,0.01938455992956028,0.059227920574383676,0.0398433606448234
W02000308,2023,0.03183573704438894,7.50561218566557e-5,0.0166434394570873,0.04847278416361864,0.031829344706531336
W02000309,2023,0.03093209669788214,7.472339298450504e-5,0.016740004829182094,0.05053762289571391,0.033797618066531816
W02000310,2023,0.031665063930194505,7.115366866962413e-5,0.017270336040361947,0.05031960420927577,0.03304926816891382
W02000311,2023,0.03496913884155859,1.1408357408290423e-4,0.018461771794361842,0.06165550124492103,0.04319372945055919
W02000312,2023,0.03160528390478229,8.190767632071535e-5,0.01746728119366902,0.05266466750519676,0.03519738631152774
W02000313,2023,0.03417537621454277,8.968744839448022e-5,0.017681551139826862,0.05565227929338402,0.037970728153557155
W02000314,2023,0.0284911513199818,6.989805262032333e-5,0.015542038981437582,0.047196375978380334,0.031654336996942756
W02000315,2023,0.030564713875794375,1.027605879154807e-4,0.015201673348966768,0.05617418717259064,0.040972513823623866
W02000316,2023,0.03046763928598399,7.095757666227592e-5,0.017074050866929112,0.05111511402739467,0.03404106316046556
W02000317,2023,0.03003106644226938,7.835766611759883e-5,0.015772923620988036,0.04912995877052441,0.033357035149536376
W02000318,2023,0.031574932824547076,9.214432756275511e-5,0.016053575417559616,0.05608488520185008,0.04003130978429047
W02000319,2023,0.031856890233751434,7.415185803922806e-5,0.01862810606200134,0.0504570816260551,0.03182897556405376
W02000320,2023,0.0307738824073592,7.384436097339964e-5,0.018056323684336573,0.049110778882934414,0.03105445519859784
W02000321,2023,0.028423469899145657,7.816032392452805e-5,0.015127169453007381,0.04863899068237869,0.03351182122937131
W02000322,2023,0.029550061958198388,8.645979895791222e-5,0.015201805986080383,0.05093621750962193,0.035734411523541544
W02000323,2023,0.029847466442464977,8.091543086707011e-5,0.01592114506632485,0.04914981667983634,0.03322867161351149
W02000324,2023,0.02726932631638177,6.239799004458216e-5,0.01377463806736029,0.04355393415177647,0.02977929608441618
W02000325,2023,0.03031713956092067,8.172722099281502e-5,0.01675673377890719,0.04889727372046637,0.03214053994155918
W02000326,2023,0.026988893422548718,5.9027327865396354e-5,0.014060131194702528,0.045039426783876214,0.030979295589173686
W02000327,2023,0.023864041196349946,4.8593615697753144e-5,0.011792260238508224,0.03812860622337849,0.026336345984870266
W02000328,2023,0.025299219493292394,6.82559421512441e-5,0.010694670189464631,0.04322671486072528,0.032532044671260654
W02000329,2023,0.02632316037203863,6.901792737397306e-5,0.01350530312446388,0.044013561715025004,0.030508258590561124
W02000330,2023,0.02460690102767487,4.477508807988999e-5,0.013801504676707816,0.040302392814167615,0.0265008881374598
W02000331,2023,0.03174272932738693,9.639811356105227e-5,0.013975431231780529,0.051724830202044464,0.037749398970263935
W02000332,2023,0.027512428661295885,6.543022154462042e-5,0.012763900930160107,0.044023373826056034,0.03125947289589592
W02000333,2023,0.029830994396537348,9.238640998888936e-5,0.01441418412855425,0.05500352927893978,0.040589345150385536
W02000334,2023,0.0267012272165183,7.155248380541668e-5,0.013125561918308479,0.04758430619560165,0.034458744277293174
W02000335,2023,0.025281128957338455,5.432046734395096e-5,0.013234200899022401,0.04221219303554854,0.02897799213652614
W02000336,2023,0.025681393866524873,6.517105417900265e-5,0.01432786743582333,0.045440157044511445,0.031112289608688115
W02000337,2023,0.032432501795727285,1.5935682848456124e-4,0.014309165416642313,0.06603860639127908,0.05172944097463676
W02000338,2023,0.026209490987800593,5.6619297917851306e-05,0.01434283878463446,0.04458522436558343,0.030242385580948973
W02000339,2023,0.02199638322068753,6.270807306622001e-5,0.00885502226074988,0.03880556026002692,0.02995053799927704
W02000340,2023,0.022654387865660396,3.965928356387107e-5,0.01142883910873347,0.03664720743339083,0.02521836832465736
W02000341,2023,0.022285525417896402,3.088100545472054e-5,0.012822085775996674,0.03396315559488973,0.021141069818893056
W02000342,2023,0.0255540273532949,5.415866012306795e-5,0.01326729413401688,0.039988367740969075,0.026721073606952195
W02000343,2023,0.0276156583398557,9.646630931025872e-5,0.012597856217868967,0.05035965608020413,0.03776179986233516
W02000344,2023,0.025803413451184923,6.09599348648565e-5,0.012220122215113068,0.04259894777533837,0.030378825560225302
W02000345,2023,0.027120829578052248,1.1225324939695456e-4,0.011795114980260413,0.050023229441661946,0.038228114461401536
W02000346,2023,0.027093359932811752,9.785368571089773e-5,0.013131337170269094,0.05100044479020743,0.037869107619938336
W02000347,2023,0.026241197533632406,7.807097723404083e-5,0.013907765845249578,0.044882954043779615,0.030975188198530037
W02000348,2023,0.02396163774897298,7.419147548247195e-5,0.012618745934833572,0.04544286633963279,0.03282412040479922
W02000349,2023,0.029023351739347066,6.478253851277587e-5,0.014273433919807366,0.04411550618552966,0.029842072265722296
W02000350,2023,0.026259489744907754,6.793829726999525e-5,0.014174481661155598,0.04415130324842742,0.029976821587271822
W02000351,2023,0.02279291753414114,9.977056897063279e-5,0.008070697247937103,0.046847205436953004,0.0387765081890159
W02000352,2023,0.02891035409519175,1.2454341570812538e-4,0.011102259500285197,0.05378714858086571,0.04268488908058051
W02000353,2023,0.024607477302608045,1.0639030552003546e-4,0.007630099070529955,0.0514980620772012,0.04386796300667124
W02000354,2023,0.02177369828834645,7.986768129836546e-5,0.008793111007224932,0.043516737467898886,0.03472362646067395
W02000355,2023,0.026405658511505815,6.747619716005666e-5,0.014857981498432435,0.044801516516442694,0.02994353501801026
W02000356,2023,0.02828168378658158,1.2697243300912835e-4,0.01108634862791313,0.05706404494860484,0.04597769632069171
W02000357,2023,0.02604564326585331,1.1629944033113954e-4,0.008254104056606437,0.05133727863826254,0.0430831745816561
W02000358,2023,0.02635929364257124,7.349228255423892e-5,0.013912395925498162,0.04729514974862157,0.033382753823123404
W02000359,2023,0.027499222535136328,1.3388865349361122e-4,0.008375066391029043,0.05215266338382915,0.04377759699280011
W02000360,2023,0.034444875040855694,1.3437809059287963e-4,0.015101874895045275,0.0617950139664065,0.046693139071361224
W02000361,2023,0.02556715256508006,8.952344853658437e-5,0.009763806903258797,0.04612753707594569,0.03636373017268689
W02000362,2023,0.028275769533608115,1.0129074653673155e-4,0.013110191063561713,0.051549185613815024,0.03843899455025331
W02000363,2023,0.027411862612068145,1.15901383366266e-4,0.011974789870927198,0.05197837614122598,0.040003586270298784
W02000364,2023,0.03716913234079186,1.8676678041722758e-4,0.013021928795452078,0.06927585020250432,0.05625392140705224
W02000365,2023,0.03504972370580392,1.6766417248480157e-4,0.01666860331354412,0.06927081878827562,0.052602215474731505
W02000366,2023,0.028726178361099114,6.143391051506796e-5,0.015712846197822015,0.04597343083960834,0.030260584641786322
W02000367,2023,0.032072531729229574,8.96137258318809e-5,0.01814968084403653,0.054137229640988896,0.035987548796952366
W02000368,2023,0.042408686192837795,2.7857040832959075e-4,0.020059186717650123,0.08243012856912713,0.062370941851477
W02000369,2023,0.03635144849591503,1.1841062575652728e-4,0.0185034154064537,0.06189972196227349,0.04339630655581979
W02000370,2023,0.03406038612128529,1.4099817182861802e-4,0.01601073539816426,0.06428730897050354,0.048276573572339276
W02000371,2023,0.03967512107539401,1.5621113154711642e-4,0.0225572519527154,0.07014550325208818,0.04758825129937278
W02000372,2023,0.04335681024005929,1.662390428795638e-4,0.025120845835090857,0.07452134011013486,0.049400494275044005
W02000373,2023,0.04516923987458386,2.845375119760747e-4,0.021919588255062076,0.0869184012294899,0.06499881297442783
W02000374,2023,0.03811481400158608,1.829706921544875e-4,0.019928549030623327,0.07160935111843689,0.05168080208781356
W02000375,2023,0.0499450741589883,2.739709119290325e-4,0.02501277636488492,0.08992883131501986,0.06491605495013494
W02000376,2023,0.03885385527016298,1.2518063715357043e-4,0.021840948839997334,0.06563497227754546,0.043794023437548124
W02000377,2023,0.03921817344718534,1.9712276400301712e-4,0.0198028295416861,0.07436233065228512,0.05455950111059902
W02000378,2023,0.037657313336267435,1.550677257817679e-4,0.018674059558860596,0.07083395553456584,0.052159895975705244
W02000379,2023,0.053156584131308485,5.102987419621462e-4,0.025080627143919006,0.1126684612725338,0.08758783412861479
W02000380,2023,0.03399385656681456,7.801164193079209e-5,0.01837205647574671,0.053942598971389935,0.035570542495643225
W02000381,2023,0.050123439905578375,2.9988229622408575e-4,0.026431726473943064,0.09364604711975816,0.06721432064581509
W02000382,2023,0.046850256529493005,2.753162203702308e-4,0.02200473244500585,0.09107526958915099,0.06907053714414514
W02000383,2023,0.04286596685298298,2.8441243136772247e-4,0.017197949212042877,0.085574354685336,0.06837640547329313
W02000384,2023,0.03564187874127077,1.0537748479795503e-4,0.018815711354990685,0.05725372968314606,0.03843801832815537
W02000385,2023,0.03950315550950878,1.4575201352299134e-4,0.01975278077241307,0.06741750460824006,0.04766472383582699
W02000386,2023,0.03372031633322059,1.2782413484878377e-4,0.01673228833546256,0.05877716078935788,0.04204487245389532
W02000387,2023,0.03616413916162841,1.4031801478476963e-4,0.017465784272767737,0.06457300156972297,0.04710721729695523
W02000388,2023,0.040017116262792606,1.6092948025905223e-4,0.02012819708968648,0.069344095155675,0.049215898065988514
W02000389,2023,0.04197345679645429,1.3436021824949558e-4,0.024273046050276595,0.07090161116251825,0.04662856511224166
W02000390,2023,0.03585524867080991,1.4501167037577828e-4,0.016717940189246275,0.06972968594474571,0.05301174575549944
W02000391,2023,0.06075939371454787,3.3440557752798276e-4,0.031322567803184216,0.10543156781330837,0.07410900001012416
W02000392,2023,0.042218817627488706,1.5693666157122086e-4,0.023778935029612258,0.07197794243333674,0.048199007403724486
W02000393,2023,0.045589366406828556,1.7221299483398522e-4,0.024378270935526823,0.0765811371127354,0.052202866177208575
W02000394,2023,0.06237856305622497,3.315230867506233e-4,0.03412811244927505,0.10151664374311162,0.06738853129383657
W02000395,2023,0.04760093037533964,3.044489135691656e-4,0.02310850766552528,0.08838705493997062,0.06527854727444535
W02000396,2023,0.05957848436545668,3.5583117282524617e-4,0.031169218306176107,0.10896669964070774,0.07779748133453163
W02000397,2023,0.046751735692079285,2.68687885172737e-4,0.023811676768129862,0.08613357349563311,0.06232189672750325
W02000398,2023,0.07965893046859993,5.829466241548706e-4,0.043953718762191285,0.1321513186209365,0.0881975998587452
W02000399,2023,0.07157003339028664,5.63757297372061e-4,0.0362274832061599,0.1390626418034362,0.1028351585972763
W02000400,2023,0.051581518885144804,1.9671539925955982e-4,0.027625131851088343,0.08019075170666594,0.052565619855577596
W02000401,2023,0.05705076148690168,4.6684881557714864e-4,0.027394964749587192,0.10337357817666121,0.07597861342707402
W02000402,2023,0.06789132090795566,4.4025630980562655e-4,0.035620493445195814,0.11260634422145133,0.07698585077625551
W02000403,2023,0.05045991749544792,2.60615634369398e-4,0.025446762937271158,0.08974691093322641,0.06430014799595525
W02000404,2023,0.05723322094268748,3.0920747463565216e-4,0.0321661419177664,0.09651324444317175,0.06434710252540535
W02000405,2023,0.050431450559433585,3.067376324166136e-4,0.0255823673977185,0.09541590615832429,0.0698335387606058
W02000406,2023,0.0666065097686805,6.893155539742901e-4,0.030346548838292527,0.1318559173309684,0.10150936849267589
W02000407,2023,0.044578489992991265,4.7708033472674335e-4,0.0189444654312335,0.10000154759486651,0.08105708216363301
W02000408,2023,0.06328061393306554,4.2165114376971157e-4,0.03280607761714634,0.12000847469649403,0.0872023970793477
W02000409,2023,0.046031270515238545,2.989362694075116e-4,0.021978664557700797,0.09237795413325994,0.07039928957555915
W02000410,2023,0.07527660597054253,7.604372083341208e-4,0.034472906068182624,0.14426412597787247,0.10979121990968985
W02000411,2023,0.04641380072326498,3.985145815566991e-4,0.020869026440147966,0.09918942497558743,0.07832039853543946
W02000412,2023,0.06042853289254958,4.5588913933643764e-4,0.031027581176742036,0.11672332379667458,0.08569574261993254
W02000414,2023,0.02881782926185529,4.820619877315466e-5,0.0179180972516017,0.045895615573487085,0.027977518321885386
W02000415,2023,0.038651578096595494,1.1646575256718671e-4,0.02245742463930645,0.06505794900557092,0.04260052436626447
W02000416,2023,0.02820048606768846,5.634561691769114e-5,0.01633493540217821,0.0466313287436038,0.030296393341425594
W02000417,2023,0.029251058655635747,8.004817184675136e-5,0.012748328184420002,0.049407016985541896,0.03665868880112189
W02000418,2023,0.03157044576487814,8.363724393058874e-5,0.017600414911098317,0.05447552294254178,0.03687510803144346
W02000419,2023,0.027499991883554068,8.055583363943961e-5,0.01210191649632485,0.047564366436799385,0.03546244994047454
W02000421,2023,0.033675221846547115,9.228825155850568e-5,0.01940375729403567,0.05359312858332231,0.03418937128928664
W02000422,2023,0.0755765712441659,6.044548687853053e-4,0.039126290259226634,0.1310943201534257,0.09196802989419907
W02000423,2023,0.06875087760968278,4.3824484355238437e-4,0.03615332199497652,0.11587214087388109,0.07971881887890457
W02000424,2023,0.03065392614196282,9.257701149954507e-5,0.01571140366606174,0.05081068658251374,0.035099282916452
W02000425,2023,0.03718311930903503,1.4000012262307317e-4,0.020641286139505707,0.06519088043481429,0.04454959429530858
W02000426,2023,0.02886265160118168,1.0312640603269212e-4,0.013798853071497006,0.05412588536720293,0.04032703229570593
W02000427,2023,0.02763956224136676,4.712920971651378e-5,0.014885345980924131,0.040625867640600735,0.025740521659676604
W02000428,2023,0.026952840035405316,8.82904713420139e-5,0.013497871899410856,0.04679718008040039,0.03329930818098953
W02000001,2025,0.03438024568757574,1.250475132562881e-4,0.01738876814714073,0.06355240050975812,0.04616363236261739
W02000002,2025,0.026965151075542752,7.269744819604436e-5,0.013326872889592447,0.045739756428382336,0.03241288353878989
W02000003,2025,0.05903082195079057,7.091415802364811e-4,0.026013892659534757,0.130207138642829,0.10419324598329426
W02000004,2025,0.04162642834947322,1.8574677819420285e-4,0.021219823987167957,0.07434904775739196,0.053129223770224
W02000005,2025,0.02541608041829744,8.178074220742496e-5,0.011682418158322709,0.047777429996406426,0.03609501183808372
W02000006,2025,0.03446744890323125,1.0773598448478337e-4,0.01847523261718785,0.06008151942701129,0.04160628680982344
W02000007,2025,0.03985763417622684,1.5625349859672502e-4,0.022734587685615197,0.06753949390303024,0.04480490621741504
W02000008,2025,0.027778283617830295,1.1491048072642595e-4,0.012884729321348475,0.05117431140021693,0.038289582078868456
W02000009,2025,0.030583114680604186,8.84468976606992e-5,0.01698867528543913,0.058083902040178124,0.04109522675473899
W02000010,2025,0.05229853681699729,6.517379800982308e-4,0.01608742395172353,0.11587052246123775,0.09978309850951422
W02000011,2025,0.03680508681621631,1.5918565077543666e-4,0.017412453858806996,0.06287300368803858,0.04546054982923159
W02000012,2025,0.03366495192786962,1.1494028626257259e-4,0.01783568669889475,0.059954376479618154,0.0421186897807234
W02000013,2025,0.033870127767855356,1.356655337135435e-4,0.015237751920492933,0.05633925713003726,0.04110150520954433
W02000014,2025,0.03498814707066795,1.1331621363794975e-4,0.01983777560141991,0.05989624621736021,0.040058470615940305
W02000015,2025,0.034298762973360424,1.7662616807257489e-4,0.014895167843267266,0.06173402873396236,0.0468388608906951
W02000016,2025,0.03122119128810873,8.87858775260359e-5,0.015620743667857881,0.05350142100126034,0.03788067733340246
W02000017,2025,0.03251132530417168,9.22618253650292e-5,0.016770640178793053,0.05437675648392429,0.037606116305131235
W02000018,2025,0.03417567409413602,8.73081484791846e-5,0.01899791035319158,0.0547156963932756,0.03571778604008402
W02000019,2025,0.029189387893034578,6.774758948319483e-5,0.015702717758321195,0.04872246961322393,0.03301975185490273
W02000020,2025,0.032471287998049235,1.450443664649759e-4,0.016027631711792494,0.06471368632801028,0.048686054616217785
W02000021,2025,0.03395767725881462,1.7429076225306052e-4,0.013942870897165012,0.06356228619367676,0.04961941529651175
W02000022,2025,0.0293709742690488,1.1418462474689975e-4,0.014121411670182797,0.0589203496814851,0.0447989380113023
W02000023,2025,0.029387669770285,2.219704432476213e-4,0.00973695809768034,0.06393091117517599,0.05419395307749565
W02000024,2025,0.03640733909804279,9.449909136953012e-5,0.021478124916388078,0.05979771088321671,0.038319585966828634
W02000025,2025,0.032986031722786247,1.0160759939674355e-4,0.017771147356785755,0.05866300168456231,0.040891854327776554
W02000026,2025,0.034816690325818474,1.0215934390622466e-4,0.01889308955848488,0.05710693948124448,0.0382138499227596
W02000027,2025,0.027839644351873322,2.0890916719718076e-4,0.006675124349309721,0.055119810609717275,0.04844468626040756
W02000028,2025,0.02612025796803355,1.1687261174229677e-4,0.009411466052324735,0.052068713364262914,0.04265724731193818
W02000029,2025,0.023988924059637724,8.291744586899421e-5,0.009921636941393834,0.04393003371024948,0.03400839676885564
W02000030,2025,0.025274824211997112,9.381732296717244e-5,0.010299836859786738,0.04770209493337203,0.0374022580735853
W02000031,2025,0.030550063789457196,1.1983450756798126e-4,0.014119145101873492,0.058224490896206044,0.04410534579433255
W02000032,2025,0.02572727596190726,9.465625599380704e-5,0.01146293371814818,0.047941870979956114,0.03647893726180793
W02000033,2025,0.0343667088059523,1.4609381473280287e-4,0.016729946151887994,0.06131826634648264,0.04458832019459465
W02000034,2025,0.03366595008899539,1.315528817611759e-4,0.017491192623147342,0.06239097504258631,0.04489978241943897
W02000035,2025,0.03165142274809932,8.83715218550103e-5,0.01554716093821627,0.051925761438696004,0.03637860050047974
W02000036,2025,0.02988318134117825,7.85746300477219e-5,0.016045876372859025,0.050103338967667055,0.03405746259480803
W02000037,2025,0.03122546845735927,9.461014604574698e-5,0.015146716794306934,0.056117900504115886,0.040971183709808956
W02000038,2025,0.029359630380650956,1.0153338782626442e-4,0.012925736418340994,0.053903827082086714,0.04097809066374572
W02000039,2025,0.029719588037047173,1.1971849535807384e-4,0.012709932659460233,0.05230643452938856,0.03959650186992833
W02000040,2025,0.03110354091382476,6.769130870558217e-5,0.016768855061615108,0.0524543008285383,0.035685445766923195
W02000041,2025,0.031682197551514524,6.594030636674521e-5,0.01859387961792534,0.051947863220696694,0.03335398360277135
W02000042,2025,0.035607674590827046,1.563651412538311e-4,0.0159272073323354,0.06583136387859655,0.049904156546261146
W02000043,2025,0.04184270148829638,2.0253441053593433e-4,0.021500044949461374,0.07623355951350594,0.054733514564044565
W02000044,2025,0.03667925939152729,1.6691028588461577e-4,0.018776236534515017,0.06724175015566172,0.048465513621146705
W02000045,2025,0.038369633647040324,1.380664162386982e-4,0.018530026814679926,0.06558185441651047,0.04705182760183055
W02000047,2025,0.03876593360549492,2.171910231571358e-4,0.01720451626169591,0.0753640659129373,0.05815954965124139
W02000049,2025,0.03838294388130119,1.2291724464412766e-4,0.022748811747786035,0.06511266703152431,0.042363855283738275
W02000050,2025,0.03276925164688046,9.670728507367445e-5,0.016521711524790067,0.05538990102342848,0.03886818949863841
W02000051,2025,0.03346502533355415,8.557937468167633e-5,0.01781462873187656,0.055754332773804566,0.03793970404192801
W02000052,2025,0.04027171878538715,1.5950774817643598e-4,0.023287858251016983,0.07240044014285178,0.0491125818918348
W02000053,2025,0.03509191821899564,1.0442677491318411e-4,0.019433694804715594,0.05986476038297789,0.040431065578262294
W02000054,2025,0.03544151137197684,8.391874114706373e-5,0.022012485793499757,0.053703386807288145,0.03169090101378839
W02000055,2025,0.04372362798942508,1.8146863182193893e-4,0.024379524670043652,0.0733052280078351,0.04892570333779144
W02000056,2025,0.03619792922704583,1.0241709676642994e-4,0.020991989986041355,0.061458217487708196,0.04046622750166684
W02000057,2025,0.03355117549057267,6.502034380051807e-5,0.019469985682253457,0.05223520008944835,0.03276521440719489
W02000058,2025,0.03894331558189948,1.4377028123709472e-4,0.02061030904170926,0.06740160949876639,0.04679130045705713
W02000059,2025,0.03746510904272149,1.2775267951511116e-4,0.020362066460288153,0.06531243937909065,0.044950372918802495
W02000060,2025,0.036463191139879524,1.2595031057670712e-4,0.019016501098298198,0.06148659240673117,0.042470091308432975
W02000061,2025,0.044541688164415096,2.2784658993325624e-4,0.023422175132038904,0.08303337048613135,0.05961119535409245
W02000062,2025,0.035902623302990384,1.2214396422986553e-4,0.019697073048846648,0.06547772173952557,0.045780648690678924
W02000063,2025,0.03138223776012964,7.981508357275063e-5,0.018741580940504852,0.05250628582257765,0.033764704882072796
W02000064,2025,0.040121299338099915,2.0809886595631665e-4,0.017913570439328244,0.07276413499248807,0.05485056455315983
W02000065,2025,0.039443013109217405,1.7914884792485523e-4,0.020965685586782985,0.07471428190036722,0.05374859631358424
W02000066,2025,0.03978549049398614,2.1941040072983223e-4,0.01852718811048098,0.07418518643262628,0.055657998322145304
W02000067,2025,0.03374130604410793,1.1560786731142569e-4,0.015936291655484252,0.05819434215574365,0.042258050500259395
W02000068,2025,0.04226818472902207,1.994293034813729e-4,0.021931837796163485,0.07421809883460805,0.05228626103844456
W02000069,2025,0.033042792607086424,8.171663516971381e-5,0.018189717971573587,0.056316652495463,0.03812693452388941
W02000070,2025,0.0360902877827264,1.1417927688052723e-4,0.02077977996424691,0.0637355271192209,0.04295574715497399
W02000071,2025,0.03392700771224249,8.742663388746621e-5,0.018258925779829654,0.055723459663577765,0.03746453388374811
W02000072,2025,0.04047965330632072,1.7657060653165191e-4,0.020782262603947284,0.06796675774225917,0.04718449513831189
W02000073,2025,0.03352955007523341,8.576333498077345e-5,0.01738432039213783,0.0552150902970579,0.03783076990492007
W02000074,2025,0.03795133598639376,1.0536570923091594e-4,0.02127577875763051,0.06026795718864636,0.03899217843101585
W02000075,2025,0.03523970440523827,9.023394724039075e-5,0.019575305120811293,0.05538653771008986,0.03581123258927857
W02000076,2025,0.03481637769577568,8.228952034863533e-5,0.020576849994425904,0.05603497448639999,0.03545812449197409
W02000077,2025,0.03477215979155387,8.099815225140113e-5,0.019515698589343385,0.05652724752876455,0.037011548939421164
W02000080,2025,0.03711250185037406,1.7292500966460572e-4,0.017600632190890572,0.06806352476460481,0.05046289257371424
W02000081,2025,0.03880737747242712,1.4616172321951657e-4,0.0215425374893079,0.06816588186820646,0.04662334437889856
W02000082,2025,0.040301641395153284,1.7942612123354957e-4,0.01986645534197174,0.07212692093163718,0.05226046558966544
W02000083,2025,0.038670974899427,1.2947318046891958e-4,0.021698372868009692,0.06463808250716786,0.04293970963915817
W02000085,2025,0.035179314435144264,1.33703991724633e-4,0.017552170256621265,0.06198679101321905,0.044434620756597785
W02000087,2025,0.05949418516888095,6.444458556257778e-4,0.02866141678809523,0.11721261216587468,0.08855119537777945
W02000088,2025,0.041706799816507906,1.5377676019037365e-4,0.02086943054459874,0.06678773858844908,0.045918308043850345
W02000089,2025,0.049998578723856116,6.974311606814706e-4,0.017530245080212566,0.11000145220329433,0.09247120712308177
W02000090,2025,0.03607913123997541,1.0230765610123813e-4,0.020367331480898587,0.05906463715274293,0.038697305671844345
W02000091,2025,0.03706147946433613,1.377390609378774e-4,0.01765542883414991,0.06326949518781516,0.04561406635366525
W02000092,2025,0.03768671446466745,1.2614826799053336e-4,0.01950915707313952,0.06319127643456515,0.04368211936142563
W02000093,2025,0.03791955959211491,9.666258195000222e-5,0.02181663544197756,0.05876079036695034,0.03694415492497278
W02000094,2025,0.03821225303064815,1.4093809419098358e-4,0.020282881327522338,0.06906679697953519,0.04878391565201285
W02000095,2025,0.03341897406816827,1.0827397335066382e-4,0.01682492300478592,0.057409180207660795,0.040584257202874875
W02000096,2025,0.03913969342046658,1.4256697149663238e-4,0.019963129666157237,0.07056886822645468,0.050605738560297445
W02000097,2025,0.039177196328228435,1.5097602389395825e-4,0.02430978010855661,0.06719571895214085,0.04288593884358424
W02000098,2025,0.0337755130009399,1.1603768506540527e-4,0.017571996575129513,0.05973290258242275,0.04216090600729324
W02000099,2025,0.03594801594630213,1.43761774385405e-4,0.017316168788763173,0.06444690113713845,0.04713073234837528
W02000100,2025,0.04224544618151008,1.4129883167059214e-4,0.02657756776978211,0.07482456813548177,0.04824700036569966
W02000101,2025,0.035219621727072985,1.2390167043844832e-4,0.018957471827759916,0.06318903347362863,0.04423156164586871
W02000102,2025,0.03921090301437789,1.0813778372235039e-4,0.0232588905023784,0.06256642178099621,0.03930753127861781
W02000103,2025,0.040457476605181036,1.3008820894914707e-4,0.023794018617556464,0.06538588004027085,0.041591861422714385
W02000104,2025,0.04659325364635437,2.1486435960869777e-4,0.026185158856718068,0.0767523733311034,0.05056721447438532
W02000105,2025,0.05070188016065481,2.72364899072569e-4,0.027710697307724443,0.08931734063353933,0.061606643325814885
W02000106,2025,0.03842281294617698,1.062131424729668e-4,0.023033532584606234,0.058970986637200754,0.03593745405259452
W02000107,2025,0.041854092209325386,1.2077155961221715e-4,0.02583332170915688,0.06620856582072832,0.04037524411157144
W02000108,2025,0.04105656713866994,1.3246992386074533e-4,0.02491959818994636,0.07121873679542001,0.046299138605473654
W02000109,2025,0.05369692012200847,3.082214674829703e-4,0.030560888447822926,0.09855415913069172,0.0679932706828688
W02000110,2025,0.036773219947772676,8.666999191265048e-5,0.02128483794424552,0.055680931626999094,0.03439609368275358
W02000111,2025,0.03347079569079328,7.383377580520543e-5,0.020567349030588097,0.05562733585491404,0.03505998682432594
W02000113,2025,0.044245206979079355,2.5444989632324004e-4,0.020987981179308737,0.07939659367614889,0.05840861249684015
W02000114,2025,0.031024087486080786,5.6754435643392785e-5,0.0190828996611093,0.04651110945179493,0.02742820979068563
W02000116,2025,0.039470514984129776,1.2955614504231883e-4,0.02226817216656874,0.06723355722290468,0.04496538505633594
W02000117,2025,0.06732295190609183,3.554995851719905e-4,0.03705649564114842,0.10911552707721908,0.07205903143607066
W02000118,2025,0.05621122495476912,3.165737896727202e-4,0.03187184085335096,0.09940990651613141,0.06753806566278045
W02000120,2025,0.038156081251367345,1.2936517213223419e-4,0.0215306912322608,0.0660362746637907,0.044505583431529896
W02000122,2025,0.03794526498557863,9.235293729851028e-5,0.023342563968097134,0.06054411631885338,0.03720155235075625
W02000123,2025,0.04256676563839302,1.410921293355093e-4,0.024867905443706626,0.07140313301705349,0.04653522757334687
W02000124,2025,0.035400259392111735,1.1789464482644636e-4,0.0177513086580234,0.05961535640796772,0.04186404774994432
W02000125,2025,0.03634266920217713,7.126706094195234e-5,0.02085976109510258,0.05311128472827263,0.03225152363317005
W02000126,2025,0.03684010341417701,1.1711227801394887e-4,0.01988562155958211,0.06457161324540264,0.044685991685820534
W02000127,2025,0.035426911830318854,1.1286468200394566e-4,0.018528066961169196,0.05953263406131831,0.04100456710014912
W02000128,2025,0.03715709473388777,1.519478546048172e-4,0.0178711641945722,0.07089402794817012,0.053022863753597924
W02000129,2025,0.04035621942572856,1.2782070658574532e-4,0.023873067669276687,0.06638443117168374,0.04251136350240706
W02000130,2025,0.055764159282622176,3.7327730146820244e-4,0.028954518767451316,0.10166781190360455,0.07271329313615324
W02000131,2025,0.04466895169624696,1.8776374468000212e-4,0.024289598752490423,0.08023901623643269,0.05594941748394226
W02000132,2025,0.03449598920264563,1.0935232192035246e-4,0.018228258042736076,0.06103370183267534,0.042805443789939265
W02000133,2025,0.04521836287359263,2.3794117473319133e-4,0.025272882657918244,0.08448078873452687,0.05920790607660863
W02000134,2025,0.04433094239670503,2.6503669729689456e-4,0.021760486946412992,0.0864578424247157,0.06469735547830271
W02000135,2025,0.0476069236559315,2.6230900286712365e-4,0.021966728056,0.08897748824529139,0.06701076018929139
W02000136,2025,0.0338438749253739,1.342330337410462e-4,0.017957897679686675,0.06452978100348224,0.04657188332379556
W02000137,2025,0.053445692302936394,3.586133066045067e-4,0.0259868994205288,0.09729227375374094,0.07130537433321214
W02000138,2025,0.03490301762369718,2.3226832328367917e-4,0.013212797944035843,0.07164031607721691,0.05842751813318107
W02000139,2025,0.030355966375031927,1.2160860114549649e-4,0.012951971004096615,0.05392842592051969,0.04097645491642307
W02000140,2025,0.03223434128972548,1.9117287647665753e-4,0.011852809717598198,0.06093728767652713,0.04908447795892894
W02000141,2025,0.03122154620892185,1.3862410280820718e-4,0.013356152561959623,0.059240573455430386,0.045884420893470765
W02000142,2025,0.037602945752800425,9.326651673463445e-5,0.02168095022698041,0.06007634703401141,0.038395396807030996
W02000143,2025,0.03441841059433277,6.619452524541325e-5,0.021359997313228497,0.05552284403357606,0.03416284672034756
W02000144,2025,0.034710580754998374,1.1455735784612928e-4,0.018589525896614778,0.057757586672101804,0.039168060775487026
W02000145,2025,0.03185643165103616,7.04643767271925e-5,0.01792505915116593,0.052204119260543067,0.03427906010937713
W02000146,2025,0.0336073976865153,7.986855098613104e-5,0.01988726106583471,0.052340038852229424,0.032452777786394715
W02000147,2025,0.041320809260003415,1.1539646201457203e-4,0.02362420319717873,0.0651879597114624,0.04156375651428368
W02000148,2025,0.04392771409556041,2.5432017108927306e-4,0.022678808868354595,0.07689423374730787,0.05421542487895328
W02000149,2025,0.03836232592203578,1.2867452677542234e-4,0.02056681545792849,0.06604715735371433,0.04548034189578584
W02000151,2025,0.03315689936568633,7.29945500800225e-5,0.019851807259950935,0.053271673933455,0.033419866673504064
W02000152,2025,0.03418202721880653,8.43958248914971e-5,0.020579770724236102,0.05610196217936222,0.03552219145512611
W02000153,2025,0.0336523081851518,8.416203746366262e-5,0.01932529024558684,0.05508468542064741,0.03575939517506056
W02000154,2025,0.03582736001182982,1.1103997963881384e-4,0.018577626650941925,0.05589455395851582,0.0373169273075739
W02000156,2025,0.03403440782511763,8.817585018647979e-5,0.018378046921047282,0.05364005516496285,0.035262008243915566
W02000157,2025,0.0346822227741294,8.690889480779607e-5,0.01985608815635359,0.05510275544563557,0.03524666728928198
W02000158,2025,0.03597606794562159,9.96265905610721e-5,0.01942695328940959,0.05731474653264901,0.03788779324323942
W02000159,2025,0.04176052114794191,2.2182528862403226e-4,0.022480311523924802,0.0781942956274333,0.055713984103508495
W02000160,2025,0.03320331556279663,9.670858709324661e-5,0.017361869011185922,0.05373415646361099,0.036372287452425066
W02000161,2025,0.0357122572072561,1.352664811653582e-4,0.01779875720475167,0.06158715402664115,0.04378839682188948
W02000162,2025,0.034760659580322754,1.4760939636124292e-4,0.01612369025517226,0.06355526626624193,0.04743157601106967
W02000163,2025,0.038822382159052225,1.7473925755832182e-4,0.019102557879187926,0.07274498816916879,0.053642430289980864
W02000164,2025,0.03523572545220832,1.1108063991768873e-4,0.01829297060063826,0.05990437054059079,0.04161139993995253
W02000165,2025,0.040747629880195715,1.9136489565260654e-4,0.018704050769495793,0.07189765787105545,0.05319360710155966
W02000166,2025,0.03935626392585655,1.2978636635244229e-4,0.020103237028621053,0.064922561536062115,0.04481932450744106
W02000167,2025,0.04330358551830963,2.2054512167967786e-4,0.0215718665662656,0.07758314706221382,0.056011280495948224
W02000168,2025,0.03832988599318218,1.3299902767069093e-4,0.02008264929798222,0.06429825881224435,0.044215609514262136
W02000169,2025,0.03700375472132395,1.1474624608085195e-4,0.021436062832569172,0.061215669701551456,0.039779606868982284
W02000170,2025,0.03344422163560953,9.662322496788482e-5,0.01599822254130996,0.05495100599849227,0.03895278345718231
W02000171,2025,0.032201931789360434,1.0519803574010072e-4,0.01576453357104137,0.05620249436347692,0.04043796079243555
W02000172,2025,0.031455978586157944,1.2935431540972347e-4,0.013687443862944584,0.05825339972805213,0.044565955865107545
W02000173,2025,0.03437195567109955,1.2900824267726268e-4,0.017028774736248007,0.060334951133700715,0.04330617639745271
W02000174,2025,0.029606654434529388,9.700024296732544e-5,0.015791707066966837,0.05288551412411234,0.0370938070571455
W02000175,2025,0.03314825415072567,1.5326641919361606e-4,0.013714459170212108,0.06080906874255042,0.04709460957233831
W02000176,2025,0.030530303747847248,8.812213004672527e-5,0.015293565979544777,0.05034642076703179,0.035052854787487014
W02000177,2025,0.03198945260704694,1.5340738294358457e-4,0.01319334867432132,0.06453484244035629,0.05134149376603497
W02000178,2025,0.03626617202916242,1.1027753486965258e-4,0.017969988823506707,0.06028095280070163,0.04231096397719492
W02000179,2025,0.028263022447329547,7.357124737541038e-5,0.013312102304834341,0.04730947592248939,0.03399737361765505
W02000180,2025,0.03402723606689108,1.3299045068025406e-4,0.01744161043729175,0.05765576741966768,0.04021415698237593
W02000181,2025,0.032703709543381636,1.3202157715146495e-4,0.013817418582961507,0.05815957917804823,0.04434216059508672
W02000182,2025,0.034142276971763696,1.6323774675680358e-4,0.015133251519059615,0.06762372840925125,0.05249047689019164
W02000183,2025,0.037864306114157725,1.2040311699284473e-4,0.018119742593078372,0.06180390005696443,0.043684157463886056
W02000184,2025,0.033032425962957655,1.0705884422258914e-4,0.01632977941784439,0.05390933959386087,0.03757956017601648
W02000185,2025,0.03072748595180839,1.1958634866474694e-4,0.01570061713741396,0.05702090730493452,0.04132029016752056
W02000186,2025,0.03850493778599613,1.5390014939923227e-4,0.016056881306930414,0.06388364470863975,0.047826763401709334
W02000188,2025,0.040110072772570456,2.096105866805644e-4,0.018326689910619007,0.07507954156928354,0.05675285165866453
W02000189,2025,0.034914852652103416,1.9030151066230664e-4,0.01700491087314579,0.06744274326180036,0.05043783238865457
W02000191,2025,0.04460645698749713,2.8096416781293843e-4,0.021656910325000438,0.08605563659422011,0.06439872626921966
W02000192,2025,0.044681629380452434,1.7102395140926048e-4,0.023453655222912248,0.07132429910720892,0.04787064388429667
W02000193,2025,0.04811243339234677,2.7978744182484194e-4,0.023641391777722322,0.08478710399860712,0.061145712220884794
W02000194,2025,0.03504719268383654,1.4596606242125664e-4,0.0166618950496494,0.06247902810482128,0.045817133055171884
W02000195,2025,0.028768085295883112,1.1210793330790999e-4,0.013549114993911364,0.049900827560282454,0.03635171256637109
W02000196,2025,0.038738812470058705,3.216898519015256e-4,0.017183468830786513,0.08651579387791215,0.06933232504712564
W02000197,2025,0.028210842258710588,1.1082683305691258e-4,0.01362075040206787,0.0530048544538527,0.03938410405178483
W02000198,2025,0.037369654999455854,2.7477978285725266e-4,0.014338157422345284,0.07837862869777802,0.06404047127543273
W02000200,2025,0.03331237072834506,7.553656578617291e-5,0.018830677753388803,0.051718752994464115,0.032888075241075315
W02000201,2025,0.03232633688997223,8.426822006097232e-5,0.016445554424332983,0.053367234663319774,0.03692168023898679
W02000202,2025,0.034389582741543856,8.07082001143814e-5,0.0193304963264182,0.054063937538556504,0.034733441212138304
W02000204,2025,0.029637840424608587,6.80469035542487e-5,0.017685773203635652,0.048539491052120645,0.030853717848484993
W02000205,2025,0.030075339329377535,8.436995220502474e-5,0.01425717442954124,0.05138758372783331,0.03713040929829207
W02000206,2025,0.03072041137115862,1.3444953897310183e-4,0.012392901795912344,0.05507987632713747,0.04268697453122512
W02000207,2025,0.027104523207118193,7.203285345266283e-5,0.013055533168507848,0.04462988762800939,0.03157435445950154
W02000208,2025,0.03593097385136105,1.39946134453598e-4,0.017282685016874074,0.060101655741324186,0.04281897072445011
W02000210,2025,0.030121256795743342,1.0585768512511188e-4,0.01341745262946745,0.051576182562764375,0.03815872993329693
W02000211,2025,0.032713116665637434,1.2771606938233204e-4,0.015787076025900546,0.05723014787111047,0.04144307184520993
W02000212,2025,0.030968440047185013,6.248529626212194e-5,0.018029075241529205,0.04635150630375021,0.028322431062221008
W02000213,2025,0.026411643878252528,6.698909784602874e-5,0.01211835171760367,0.04264004357195842,0.03052169185435475
W02000214,2025,0.02852934657141665,1.3425441575017015e-4,0.011886801607760115,0.051036008054400304,0.03914920644664019
W02000215,2025,0.029671238271234097,1.3307414974140524e-4,0.011194267842087234,0.0519297250428805,0.04073545720079327
W02000216,2025,0.029880376977325915,9.687652202824481e-5,0.014645347788837446,0.05166873415505771,0.03702338636622027
W02000217,2025,0.03134403672697579,7.76640590490738e-5,0.015283319067357026,0.04913640099008169,0.03385308192272466
W02000218,2025,0.0358395742656531,1.1043508038270639e-4,0.02014521167912559,0.058744441202408085,0.0385992295232825
W02000219,2025,0.03262449897494506,1.0250758267830621e-4,0.015427815683672581,0.05346215708868039,0.03803434140500781
W02000220,2025,0.034625718534209315,9.661468440019303e-5,0.017769746708488764,0.057778880277888356,0.04000913356939959
W02000221,2025,0.0342073101093143,9.084586586637587e-5,0.018185039492564656,0.054993632447272026,0.03680859295470737
W02000222,2025,0.031218580419891537,6.926242436379133e-5,0.017382023358780186,0.04923582323423402,0.031853799875453837
W02000223,2025,0.03261077959815182,8.47060464289534e-5,0.01647982676075935,0.0511716769511687,0.03469185019040935
W02000224,2025,0.03459299138858621,8.768975725306435e-5,0.019149962574788945,0.055721689640526054,0.03657172706573711
W02000225,2025,0.03605306604399967,1.4754473342727458e-4,0.01749892094826181,0.06477930330148407,0.04728038235322226
W02000226,2025,0.03186759753235797,6.801657872670472e-5,0.016931079091892995,0.05064657009296926,0.033715491001076264
W02000227,2025,0.03717732039304329,1.2697438532549736e-4,0.02006381615696339,0.06452894151575544,0.04446512535879206
W02000228,2025,0.03937809484151755,1.1553754720051389e-4,0.021214051262511326,0.06319030695001088,0.04197625568749955
W02000229,2025,0.03729600647385743,1.7391674096765318e-4,0.016600386407922753,0.06505311147361423,0.048452725065691475
W02000230,2025,0.03494778454827223,1.0043041403692005e-4,0.018755232679335286,0.05667986817836787,0.037924635499032584
W02000231,2025,0.04463356862515599,2.4132973195487982e-4,0.022871266698444193,0.07820754188557413,0.05533627518712994
W02000232,2025,0.03370912707202977,8.639651939289246e-5,0.017527527374013488,0.05461120174390381,0.037083674369890324
W02000233,2025,0.034845776779392275,1.2742555394660277e-4,0.01771491953761219,0.05959371690391006,0.041878797366297876
W02000234,2025,0.03470126367621238,1.3865868466244466e-4,0.016346034042577506,0.06014575325671864,0.043799719214141136
W02000235,2025,0.027943095468457226,1.2480643308666897e-4,0.012714493528834591,0.05054917959798155,0.03783468606914696
W02000236,2025,0.029923606926866683,1.1574014890750787e-4,0.01405670659306381,0.05255351874546874,0.038496812152404934
W02000237,2025,0.03505186511975032,9.645871049835254e-5,0.019615987446926775,0.0581950191541989,0.03857903170727212
W02000238,2025,0.03381569059268393,9.491237886985067e-5,0.018839394069606427,0.05653100210278294,0.03769160803317651
W02000239,2025,0.03720565718044897,9.503542093130441e-5,0.0207317540413685,0.05919449626449069,0.038462742223122195
W02000240,2025,0.047358470178963365,2.237704280942341e-4,0.025833556461457647,0.08479928514090686,0.058965728679449214
W02000241,2025,0.04350782071093279,2.3618005566078455e-4,0.019728390434685147,0.07657392042005426,0.05684552998536911
W02000242,2025,0.04106131910297086,1.7591188482292338e-4,0.02189569446934601,0.07101632619014417,0.049120631720798155
W02000243,2025,0.0497974194461676,2.3223338840435928e-4,0.02625097915435503,0.08249903294451283,0.0562480537901578
W02000244,2025,0.03898796297761195,1.337053590477189e-4,0.021135685752357948,0.06356424976503039,0.04242856401267244
W02000245,2025,0.04758108456893496,1.5753662949521204e-4,0.028207309521175457,0.0767474694184302,0.04854015989725475
W02000246,2025,0.03858850523331806,1.7854286503184312e-4,0.019145142002958488,0.06827416323688207,0.049129021233923584
W02000247,2025,0.03745766166727877,1.9719545619574717e-4,0.017621333647872252,0.07279114705630864,0.05516981340843639
W02000248,2025,0.05207534351528087,2.662447864042081e-4,0.02745759634290579,0.0931378307182304,0.06568023437532461
W02000249,2025,0.054787644476531464,3.4725514244117114e-4,0.028366690199964212,0.10767758524456325,0.07931089504459904
W02000250,2025,0.03827622168465201,1.2289335935712628e-4,0.02063354763295166,0.062410462591532455,0.041776914958580796
W02000251,2025,0.05062182119139414,2.149498760095163e-4,0.030770420541831937,0.08553001799213197,0.05475959745030004
W02000252,2025,0.035338426432948655,6.848069173543351e-5,0.021813437115369236,0.053623801714698036,0.0318103645993288
W02000253,2025,0.03691757409215869,1.723372296862178e-4,0.017552990338924615,0.06479062923740483,0.04723763889848022
W02000254,2025,0.03565032733588363,1.1278390992064264e-4,0.019406310897072558,0.058341845502172085,0.03893553460509953
W02000255,2025,0.03466773511206258,9.654229903574544e-5,0.01967917687559357,0.05757689750910877,0.0378977206335152
W02000256,2025,0.03736400478039804,8.806511207165865e-5,0.019961235428128617,0.05730693303358568,0.037345697605457064
W02000257,2025,0.03674008244925881,8.503936059544903e-5,0.021530834576564052,0.05766809055773005,0.036137255981165996
W02000258,2025,0.038833805815949314,1.07418041895884e-4,0.02175617052110157,0.06279328399077923,0.04103711346967766
W02000259,2025,0.03840013572079855,1.2532486416973326e-4,0.020612401412192866,0.06343788841192852,0.04282548699973565
W02000260,2025,0.04049432436705849,1.503913158889047e-4,0.02309828384004073,0.06803943262140122,0.04494114878136049
W02000261,2025,0.034737016034864746,1.0542130068032319e-4,0.01846059069727712,0.058164692243546645,0.03970410154626952
W02000262,2025,0.034197095645103356,1.3509764207016186e-4,0.01772343019015512,0.06386628489770574,0.04614285470755062
W02000263,2025,0.038466995669491404,9.836870856078263e-5,0.02186516307359717,0.058748004247591946,0.036882841173994776
W02000264,2025,0.04187115418290467,1.1785609064498741e-4,0.024761142030672468,0.07068549244810426,0.0459243504174318
W02000265,2025,0.03632894649040076,1.1879822818699088e-4,0.01849273427647856,0.060917227346794965,0.042424493070316406
W02000266,2025,0.03841397257625772,9.304864819018248e-5,0.022570764234759864,0.06004773452207193,0.03747697028731207
W02000267,2025,0.037388171780612524,1.2829612299228174e-4,0.018798600910578313,0.06086645799946027,0.04206785708888196
W02000268,2025,0.039772236709934176,1.08538475014464e-4,0.025005371160417462,0.06162062771890313,0.036615256558485666
W02000269,2025,0.036214026325467705,9.579831607616632e-5,0.021416524907575524,0.05580483710790882,0.034388312200333296
W02000270,2025,0.03717581647504215,1.1793330171698162e-4,0.0200994917047362,0.06318140486633353,0.04308191316159733
W02000271,2025,0.04148138487586179,1.9478862871155156e-4,0.0221500853851437,0.07357951886165254,0.051429433476508836
W02000272,2025,0.04094059195482143,1.370237841387361e-4,0.022715430259506786,0.07004366750345642,0.047328237243949633
W02000273,2025,0.05085792311271773,1.718810105369291e-4,0.028689104513182316,0.08102101025453334,0.05233190574135103
W02000274,2025,0.04075460703905428,1.29552465408558e-4,0.023332176990379212,0.06937174461755635,0.04603956762717714
W02000275,2025,0.03819017516475064,1.1431605944333848e-4,0.020505760128187566,0.060316044092519464,0.039810283964331894
W02000276,2025,0.041592760965427626,1.3195598204342773e-4,0.02484919662717782,0.06973139233360022,0.0448821957064224
W02000277,2025,0.03986115082501323,1.129762656247332e-4,0.02328772322885765,0.06428856097332153,0.04100083774446388
W02000278,2025,0.042673320622915505,1.3230445482171352e-4,0.024913336109556934,0.07048139883695607,0.04556806272739914
W02000279,2025,0.038569379247849846,1.3518315676329235e-4,0.021122924674060177,0.06176202407032762,0.04063909939626744
W02000280,2025,0.03871016343158001,9.331883381499909e-5,0.022814992282691245,0.06076532660556325,0.037950334322872
W02000281,2025,0.038841903680888155,1.0601074447268323e-4,0.022001739773031756,0.06417262005695905,0.04217088028392729
W02000282,2025,0.040888229680426304,1.332691247717132e-4,0.02464810904719309,0.06874653276291864,0.04409842371572555
W02000284,2025,0.04385068706841816,1.2856014162946247e-4,0.02598672005658388,0.07265948473653322,0.04667276467994934
W02000285,2025,0.035770656366413474,9.944648975500285e-5,0.02148615624164614,0.05978963488780256,0.03830347864615642
W02000286,2025,0.03966001514570675,1.2695383810588926e-4,0.021412709064287827,0.06412539479514037,0.042712685730852545
W02000287,2025,0.04187956049806628,1.0840674090031635e-4,0.025046170295174818,0.06471293474294554,0.039666764447770717
W02000288,2025,0.04128691900871631,9.431818380387213e-5,0.026276370162735985,0.06314642404163173,0.03687005387889575
W02000289,2025,0.04126010354664752,1.1931676626378611e-4,0.025182482611580355,0.066571112591257,0.04138862997967665
W02000290,2025,0.04232115851615685,1.3138396834690974e-4,0.024061201956709556,0.06802339613913955,0.04396219418242999
W02000291,2025,0.03884843666554789,9.344420188086727e-5,0.022362450718650638,0.06010272200702804,0.037740271288377404
W02000292,2025,0.037462539305367595,1.0429904467925803e-4,0.02053627116271671,0.06149722886132589,0.04096095769860918
W02000293,2025,0.03861830933120161,1.405113007201255e-4,0.020023981541971988,0.06327541994127503,0.04325143839930304
W02000294,2025,0.034824233891497976,1.0243030556310236e-4,0.020126011111146605,0.05714689261611344,0.03702088150496684
W02000295,2025,0.032838629238989975,7.930159632524527e-5,0.0183465777876598,0.04985662019327375,0.03151004240561395
W02000296,2025,0.03775921810206504,9.594717775860407e-5,0.0225360228569488,0.061502467438585326,0.038966444581636527
W02000297,2025,0.0385426311883516,1.1322568658540233e-4,0.021827944963902432,0.06281652662491136,0.040988581661008924
W02000298,2025,0.03513248106317884,1.026642152790929e-4,0.017221336472571597,0.056900154715995466,0.03967881824342387
W02000299,2025,0.03437574701954101,1.2195151616332484e-4,0.01582422964513248,0.058364756789239636,0.04254052714410715
W02000300,2025,0.03490998679319393,9.454708689347394e-5,0.019251800160067715,0.05603086533394544,0.036779065173877724
W02000301,2025,0.04012639174989404,1.0304438854085774e-4,0.024159045342694307,0.0609444459859359,0.036785400643241595
W02000302,2025,0.03734597291304074,1.0359504345575439e-4,0.02053839585718929,0.05960781273153244,0.03906941687434315
W02000303,2025,0.03374075484431044,8.224450346696446e-5,0.017257107556552742,0.05303246048714648,0.03577535293059374
W02000304,2025,0.036216336558204484,1.039820641062729e-4,0.019765840522405653,0.0608435795744125,0.041077739052006845
W02000305,2025,0.03289282284706509,1.3454632228436617e-4,0.015579404439407099,0.05852501298540886,0.04294560854600176
W02000306,2025,0.03312588234339989,7.677427819581469e-5,0.01768495311860412,0.05347495350706395,0.035790000388459836
W02000307,2025,0.04276156410786788,1.3621853166747647e-4,0.024212349956846776,0.06889406236955004,0.04468171241270326
W02000308,2025,0.03690160583793317,8.747312166416939e-5,0.020482900701957248,0.05557860228314088,0.03509570158118363
W02000309,2025,0.03586460067214792,8.981430476460571e-5,0.019701333528759607,0.05623595278096036,0.03653461925220075
W02000310,2025,0.03667717355658409,8.209636385574539e-5,0.021064527987724922,0.055484735907359424,0.0344202079196345
W02000311,2025,0.040536735510749614,1.4002047451473255e-4,0.022013270095856144,0.07130123039993444,0.049287960304078296
W02000312,2025,0.03665484441563492,9.649554395558036e-5,0.020735746541104993,0.06091715201624896,0.04018140547514397
W02000313,2025,0.03967498661885836,1.1039994003024907e-4,0.020147629850295643,0.06254664524271569,0.04239901539242005
W02000314,2025,0.033086161266172046,8.784156437793062e-5,0.01892531340308943,0.05496409120435772,0.03603877780126829
W02000315,2025,0.03539347074634337,1.2540188530473295e-4,0.018437747504414348,0.06208871280021566,0.043650965295801314
W02000316,2025,0.035349187196217526,8.377830534219495e-5,0.021283357094372526,0.057157913555892184,0.03587455646151966
W02000317,2025,0.035015453228363545,1.1231245813246472e-4,0.017359384898304304,0.06036018271807526,0.04300079781977095
W02000318,2025,0.03659032806844085,1.1452693131943557e-4,0.02117271141831297,0.06192454141018103,0.040751829991868056
W02000319,2025,0.037020426448149846,9.453210720774565e-5,0.021089986282181616,0.058315871386225744,0.03722588510404413
W02000320,2025,0.03576453183676512,9.66433524092705e-5,0.020746090633674837,0.05882893097909038,0.03808284034541554
W02000321,2025,0.03296119633215779,9.361320402778593e-5,0.01838549249476871,0.05701932914354747,0.038633836648778765
W02000322,2025,0.034278802689861915,1.0009359720098531e-4,0.01723137404866946,0.058649210491210094,0.04141783644254063
W02000323,2025,0.034646427716439755,1.0075626492720804e-4,0.01863713755763382,0.05759033380752353,0.03895319624988971
W02000324,2025,0.03156248776995549,6.775099740154689e-5,0.01656610312830291,0.048094138245613254,0.031528035117310345
W02000325,2025,0.035139175284347214,9.494207815363221e-5,0.019930425814591528,0.05606694811340306,0.036136522298811535
W02000326,2025,0.031403047277177513,7.878847106257627e-5,0.01671832060099829,0.05044355113703713,0.03372523053603883
W02000327,2025,0.027738867401756694,6.203463254082615e-5,0.013953985460772114,0.04542681579434895,0.03147283033357684
W02000328,2025,0.02931675277344276,7.888237190126008e-5,0.01303217552013584,0.047809342266806054,0.03477716674667021
W02000329,2025,0.030579786031270186,8.980480465590921e-5,0.015580563982889924,0.05036354307088135,0.034782979087991425
W02000330,2025,0.028681294233894164,6.283187988639556e-5,0.016177751322241817,0.048757916091614076,0.032580164769372255
W02000331,2025,0.036771503344851304,1.1391871959256487e-4,0.018251575125217863,0.059920892028856254,0.04166931690363839
W02000332,2025,0.031931729527717494,7.872397588030809e-5,0.014942710052659534,0.04915922019681215,0.03421651014415262
W02000333,2025,0.03459200331753505,1.0981026778703795e-4,0.017245908583808766,0.06040685273736762,0.04316094415355885
W02000334,2025,0.03100182561436064,8.80756976581695e-5,0.01650052232917236,0.05379424363723169,0.03729372130805933
W02000335,2025,0.029369468387374212,6.67118106416583e-5,0.016054863943946326,0.04706942118080313,0.031014557236856803
W02000336,2025,0.02986950744578622,8.454977470847786e-5,0.01593957065381297,0.051133890142787575,0.035194319488974606
W02000337,2025,0.037634612592562955,2.069023085359817e-4,0.016194275395663052,0.07529951257706496,0.05910523718140191
W02000338,2025,0.030504695828654536,7.504274334878019e-5,0.017594723885361922,0.051240788840308846,0.033646064954946923
W02000339,2025,0.025576683927966245,8.19106289721416e-5,0.011149192591744763,0.04745898158498709,0.03630978899324233
W02000340,2025,0.026400290153787028,5.2179939655342274e-5,0.014213450758168563,0.04165178665653864,0.027438335898370074
W02000341,2025,0.025924090990397546,3.721624269842248e-5,0.01530996583831833,0.037545887634920845,0.022235921796602515
W02000342,2025,0.029733939538253786,7.000268118196973e-5,0.015206994469763759,0.04829506691255779,0.033088072442794034
W02000343,2025,0.03215822984171004,1.3206302282053742e-4,0.01510164134113182,0.05929458445866491,0.04419294311753309
W02000344,2025,0.0300069480142428,7.717310298135248e-5,0.014423179637822144,0.04900174970780125,0.03457857006997911
W02000345,2025,0.031558004933069456,1.510328048988899e-4,0.013223261218147642,0.05757016992333096,0.04434690870518332
W02000346,2025,0.031400825780938627,1.188000328585579e-4,0.015060486752574629,0.05936561528770768,0.04430512853513305
W02000347,2025,0.03044100499510054,9.404547062891374e-5,0.01609410134283462,0.04907378642623533,0.03297968508340071
W02000348,2025,0.027851064269876626,9.626099922045126e-5,0.013765401894782557,0.050575427473983775,0.03681002557920122
W02000349,2025,0.03372603564530259,8.083008078246988e-5,0.01645313491743524,0.05065817638549859,0.03420504146806335
W02000350,2025,0.03048562689381848,8.365236119216487e-5,0.016134718872621065,0.050498036907866486,0.03436331803524542
W02000351,2025,0.02642913259732154,1.2629911554039587e-4,0.009301420432771778,0.05446686077316888,0.0451654403403971
W02000352,2025,0.03365546884698999,1.650303147534133e-4,0.013485790174412583,0.0596019095269706,0.04611611935255802
W02000353,2025,0.02852949210792237,1.3336307340314245e-4,0.008902611832154447,0.05742777640480161,0.04852516457264716
W02000354,2025,0.025277579613863125,1.0553067274932619e-4,0.010487834282950333,0.051121285750146864,0.04063345146719653
W02000355,2025,0.030710274993225005,8.707576325884858e-5,0.016931125027182796,0.051259606403374916,0.03432848137619212
W02000356,2025,0.03281769677655742,1.6848777605920284e-4,0.013458594551073979,0.07163708213599562,0.05817848758492164
W02000357,2025,0.030202019464566198,1.4661377765314224e-4,0.010215675273525592,0.05713314051745765,0.04691746524393206
W02000358,2025,0.030621348704875637,9.295096964869848e-5,0.0166961823732173,0.05312086452423582,0.03642468215101852
W02000359,2025,0.03186890261699813,1.7103736207092014e-4,0.010842915900509738,0.06138030342095205,0.05053738752044231
W02000360,2025,0.04001771483531238,1.767785404338044e-4,0.017495895481853527,0.07044461078589487,0.05294871530404134
W02000361,2025,0.029675984673375223,1.1551419064904304e-4,0.01250152149937674,0.05454029473263716,0.042038773233260426
W02000362,2025,0.03289077650143876,1.3453870588127728e-4,0.01609123904772309,0.05903038837486821,0.04293914932714512
W02000363,2025,0.03191431099257018,1.4788932658550628e-4,0.013028349520649065,0.058952887884134435,0.04592453836348537
W02000364,2025,0.04315390824774312,2.5265537743543264e-4,0.01647385461794146,0.0807948852533438,0.06432103063540234
W02000365,2025,0.04076656897088987,2.2144513461138903e-4,0.019539229878287344,0.07416378393878889,0.05462455406050155
W02000366,2025,0.03329837093838471,6.942129167847075e-5,0.018195926052637895,0.05094444490086974,0.03274851884823184
W02000367,2025,0.037240413511136404,1.1424309022162662e-4,0.021543686125767413,0.06139967576699355,0.039855989641226136
W02000368,2025,0.049052387850769444,3.483007805878907e-4,0.02496793837536926,0.09565021538844143,0.07068227701307217
W02000369,2025,0.04203381559041172,1.3648779754154233e-4,0.022361322375239308,0.06845046823841969,0.04608914586318038
W02000370,2025,0.039425847001425596,1.6260299484946016e-4,0.019204871970508276,0.07144325950386848,0.05223838753336021
W02000371,2025,0.04596350629328465,1.9310954150137215e-4,0.027218087269165532,0.08073887803572244,0.05352079076655691
W02000372,2025,0.05028319326380726,2.1356362378964163e-4,0.03028962153498579,0.08768738499434271,0.05739776345935692
W02000373,2025,0.05234063644481693,3.5697331323629396e-4,0.026158298682611908,0.1011309205808553,0.07497262189824339
W02000374,2025,0.04415540029793348,2.266909204641399e-4,0.024865686093059895,0.08197178569596528,0.057106099602905386
W02000375,2025,0.05768315510814324,3.4057508745350394e-4,0.03088935986259849,0.10301961958610703,0.07213025972350853
W02000376,2025,0.04503526045226745,1.5249489173427353e-4,0.0267773091514762,0.07198791765499077,0.04521060850351457
W02000377,2025,0.04545270591336001,2.49511780297391e-4,0.022969093152877484,0.08542261489373348,0.062453521740856
W02000378,2025,0.04351048311978572,1.7316564086745584e-4,0.02228105356079086,0.07587620334458882,0.05359514978379796
W02000379,2025,0.0615306326732662,6.692033732065418e-4,0.030355251309044526,0.13852450340266426,0.10816925209361973
W02000380,2025,0.03943889861636813,9.384583344403362e-5,0.02207557656254653,0.06324842892285122,0.04117285236030469
W02000381,2025,0.05821629301659214,4.215504230297444e-4,0.03103243194775096,0.11176300633924027,0.08073057439148931
W02000382,2025,0.05427241027377948,3.582117244813558e-4,0.027523908029252073,0.10305394935100035,0.07553004132174827
W02000383,2025,0.049613656550891096,3.562934411094836e-4,0.020712861565292767,0.09735851422294572,0.07664565265765295
W02000384,2025,0.04122641461321488,1.2104987390958155e-4,0.023397342841751226,0.06557326158937005,0.04217591874761882
W02000385,2025,0.04574127455005451,1.7922132562340256e-4,0.026021601685491686,0.08142774728439374,0.05540614559890206
W02000386,2025,0.03912500120746243,1.5990950888780696e-4,0.020927029625997965,0.07233044092357278,0.05140341129757482
W02000387,2025,0.04189984121668327,1.7300328625478742e-4,0.023075377540092402,0.07370839961406678,0.050633022073974375
W02000388,2025,0.04636455016287899,2.0014030264014747e-4,0.02367136152795809,0.08233185363663596,0.058660492108677874
W02000389,2025,0.048612514107629054,1.608769947180769e-4,0.027831276748097072,0.08247740971264009,0.054646132964543015
W02000390,2025,0.04154701104498698,1.7410769475349573e-4,0.01994054235648638,0.07388617467180167,0.05394563231531529
W02000391,2025,0.06998335864332815,3.819594013017996e-4,0.03945399840881532,0.11261834142948494,0.07316434302066963
W02000392,2025,0.04892442947313542,1.9346633870479164e-4,0.028130310746134313,0.07847960996579079,0.050349299219656474
W02000393,2025,0.05284254647017123,2.2309811728058913e-4,0.027468395037442108,0.08733052139325714,0.05986212635581503
W02000394,2025,0.0721434839729024,4.236736612913718e-4,0.03820170880131145,0.1151494909197605,0.07694778211844905
W02000395,2025,0.05525356976276147,4.171970385129463e-4,0.027734189487580947,0.10481208996532129,0.07707790047774035
W02000396,2025,0.06879753691673778,4.205165001529782e-4,0.03891833347673762,0.12039426674146167,0.08147593326472405
W02000397,2025,0.054093134512289996,3.362933234482189e-4,0.02768513418857524,0.0964143584518374,0.06872922426326217
W02000398,2025,0.09160318849871395,7.002119525293416e-4,0.05191216407052976,0.1552398915612826,0.10332772749075284
W02000399,2025,0.08261947118314829,7.365479927352947e-4,0.04352675957889306,0.16198368711899436,0.1184569275401013
W02000400,2025,0.059697500683278226,2.4226777793065452e-4,0.032682191129110055,0.09471882036103074,0.06203662923192069
W02000401,2025,0.06571825470152969,5.354053729284466e-4,0.03177619854232391,0.11213860783040341,0.0803624092880795
W02000402,2025,0.07841234263596919,5.679649428843799e-4,0.04219492921689372,0.12938898849381875,0.08719405927692503
W02000403,2025,0.05865398218194882,3.911368368363629e-4,0.03163094566874684,0.10268169845682784,0.071050752788081
W02000404,2025,0.06629766925143038,4.14777130905219e-4,0.03790167756667977,0.11176930543802041,0.07386762787134064
W02000405,2025,0.05840815251989174,4.0172394389887165e-4,0.0310122513476533,0.10942291127631329,0.07841065992865999
W02000406,2025,0.07661284744484831,8.369142961207747e-4,0.03675730206067522,0.14510771027910518,0.10835040821842996
W02000407,2025,0.051546859889707065,6.174837607956666e-4,0.022928413003138817,0.10773070287333125,0.08480228987019243
W02000408,2025,0.07280561220461103,4.57326409533393e-4,0.04191798266221578,0.1212767074083849,0.07935872474616912
W02000409,2025,0.05317971371907425,3.609451994263293e-4,0.02585614772068637,0.0955556048145834,0.06969945709389704
W02000410,2025,0.08667100287187872,9.696136808636261e-4,0.04149500579960855,0.16179422622981376,0.12029922043020522
W02000411,2025,0.05363477943232223,4.830908481166532e-4,0.025348441909931248,0.11058045434548024,0.08523201243554898
W02000412,2025,0.06955511411632113,5.193798806450193e-4,0.0376521587196819,0.12787891946077984,0.09022676074109794
W02000414,2025,0.033479295018692616,5.658696584737228e-5,0.020164136409479512,0.051063722505937756,0.030899586096458244
W02000415,2025,0.04473963332978037,1.3467611128741802e-4,0.026578808659049154,0.07079231533041386,0.0442135066713647
W02000416,2025,0.032823763766139415,7.386994065165839e-5,0.019573817286881637,0.05398606979430713,0.034412252507425495
W02000417,2025,0.03397073138108138,1.0170836663407622e-4,0.016500344782368448,0.053876408518883735,0.03737606373651529
W02000418,2025,0.03667186618403322,1.0579030024419401e-4,0.020808109647993456,0.06259951121454309,0.04179140156654963
W02000419,2025,0.03199981990984418,1.0615629431278227e-4,0.015034155584229731,0.05430525601316781,0.03927110042893808
W02000421,2025,0.039128645470747424,1.1784994724628094e-4,0.02214475723778471,0.06431094885374539,0.04216619161596068
W02000422,2025,0.08724951413247009,8.024072322408794e-4,0.04617336239903756,0.16418056309800877,0.1180072006989712
W02000423,2025,0.07928930268728485,5.535837936278289e-4,0.045206407438681345,0.13569396865403374,0.0904875612153524
W02000424,2025,0.03570495195437353,1.30555274046467e-4,0.019996530723185954,0.060264919892982265,0.04026838916979631
W02000425,2025,0.04307910287813519,1.674867446130617e-4,0.023946412053608722,0.0782736330622433,0.05432722100863458
W02000426,2025,0.033508379424515324,1.3346478051399856e-4,0.015843913657105746,0.062458581253889214,0.04661466759678347
W02000427,2025,0.03205652800968014,5.562068754323037e-5,0.018745199809487134,0.049701236356495385,0.03095603654700825
W02000428,2025,0.03124861997723596,1.0976509149004991e-4,0.015535871554660807,0.05249894029955117,0.03696306874489036
