area_id,msoa_name,time_id,n,direct_estimate,variance,direct_ci_width,mrp_estimate,mrp_variance,mrp_lower,mrp_upper,mrp_ci_width
W02000001,Isle of Anglesey 001,2021,6,0,0,0,0.12072762962108897,9.995664031442347e-4,0.06895921719925646,0.1876079560687829,0.11864873886952643
W02000001,Isle of Anglesey 001,2023,9,0.18565260641894785,0.0160569283101873,0.4967173397030637,0.1469178264469717,0.001383428929034737,0.08385013448944562,0.2201328163848669,0.13628268189542128
W02000001,Isle of Anglesey 001,2025,22,0.00939999614413936,9.325536415956076e-5,0.037854280668256655,0.14981646433379867,0.002157313901419932,0.076086732794026,0.25819738205579057,0.18211064926176457
W02000002,Isle of Anglesey 002,2021,9,0.4319653664782163,0.04066522486314988,0.79047779664215,0.15893971130694198,0.0017826848954339814,0.09032773423255068,0.26456815086751817,0.17424041663496748
W02000002,Isle of Anglesey 002,2023,8,0.48853585090916113,0.03329906285454524,0.7153096636378984,0.19083995978006502,0.002361469582649436,0.1144416657029659,0.30503996328713,0.1905982975841641
W02000002,Isle of Anglesey 002,2025,26,0.05118071695859134,0.00135952060307236,0.14453431997401464,0.1927885934205058,0.0030472954157085576,0.105695463919216,0.3266566968141384,0.2209612328949224
W02000003,Isle of Anglesey 003,2021,11,0.1612312830188462,0.01159843217579599,0.4221606309827293,0.1639457133212819,0.003058904228404498,0.08060285582073838,0.2895854937034557,0.20898263788271731
W02000003,Isle of Anglesey 003,2023,3,0.5456427510644392,0.09405494524933898,1.2021783545846698,0.1989756548492019,0.004336115716703891,0.09814767317126444,0.3507413745415662,0.25259370137030174
W02000003,Isle of Anglesey 003,2025,24,0.08442708534476404,0.00223073561758146,0.18514080063340824,0.20138642344980395,0.005181408138975765,0.09381877843259924,0.38188861024170373,0.2880698318091045
W02000004,Isle of Anglesey 004,2021,14,0.13881811744044975,0.01557077848474238,0.4891400795489484,0.10521247266342035,0.0010424198467526829,0.054950222440784194,0.1797767717925814,0.1248265493517972
W02000004,Isle of Anglesey 004,2023,11,0,0,0,0.12971372717204313,0.0015240063887204274,0.06742076352645049,0.22034664627352246,0.15292588274707197
W02000004,Isle of Anglesey 004,2025,24,0,0,0,0.13166337427808206,0.0021362059532547507,0.06556702200380085,0.2238934265537671,0.15832640454996624
W02000005,Isle of Anglesey 005,2021,17,0.2357800735403681,0.01570308073073289,0.4912137538186233,0.1612474170423676,0.001471860028489864,0.09897714351216998,0.24773020229578055,0.14875305878361056
W02000005,Isle of Anglesey 005,2023,10,0.4171105013713594,0.02600708736442021,0.6321555351544893,0.1939341959374586,0.001991648449384186,0.11504744388628957,0.28391424195540915,0.16886679806911958
W02000005,Isle of Anglesey 005,2025,20,0.06347735831144721,0.00379139987131602,0.2413669942510408,0.1952960424720113,0.002971981671937292,0.10726399936932365,0.31626901485414644,0.20900501548482278
W02000006,Isle of Anglesey 006,2021,19,0.10088047765018358,0.00553827251265835,0.2917193568836955,0.11788941476464128,0.0010502193674713288,0.06315708154243962,0.18837591496965428,0.12521883342721465
W02000006,Isle of Anglesey 006,2023,5,0,0,0,0.14494895402267918,0.0014919610193432295,0.07704391775699426,0.23484582222844852,0.15780190447145426
W02000006,Isle of Anglesey 006,2025,28,0.0929604922927978,0.00253699130319121,0.19744110635496503,0.14846639615156682,0.002302867793346976,0.07220895959134949,0.2667608860257567,0.19455192643440722
W02000007,Isle of Anglesey 007,2021,13,0.07130340702194102,0.00493823604628872,0.2754634670418963,0.11774397258541279,9.264081953246949e-4,0.0667001608998384,0.185119049812916,0.11841888891307759
W02000007,Isle of Anglesey 007,2023,6,0.09184314433287606,0.00845292408699315,0.3603973351435199,0.14456592189107068,0.0013606539702142506,0.08426935477317359,0.2246142786938947,0.14034492392072112
W02000007,Isle of Anglesey 007,2025,25,0.12266923897140668,0.00520240434255808,0.28273536779495523,0.14657373121984482,0.002110395317698654,0.0772971559130528,0.2530809469242217,0.17578379101116887
W02000008,Isle of Anglesey 008,2021,12,0.19842023274990855,0.01220788361272883,0.4331100653927332,0.15577002829392333,0.001911302506948282,0.0901060556822213,0.2556827094089335,0.1655766537267122
W02000008,Isle of Anglesey 008,2023,9,0.06211923226941231,0.00386535618315295,0.24370971753212856,0.1877669573028994,0.0025648830729223544,0.11027498865175327,0.3091264334970945,0.19885144484534123
W02000008,Isle of Anglesey 008,2025,18,0.07621454543800806,0.00290213188652788,0.21117215852777754,0.1893035214972681,0.003166890098430204,0.10202671281870063,0.31738147963736263,0.215354766818662
W02000009,Isle of Anglesey 009,2021,13,0,0,0,0.10726303341753088,7.411977406529255e-4,0.06076836397857355,0.16510169306007363,0.10433332908150009
W02000009,Isle of Anglesey 009,2023,10,0,0,0,0.13120767403034572,0.0011110904265470823,0.07391619278321941,0.19890365134269025,0.12498745855947084
W02000009,Isle of Anglesey 009,2025,26,0.1991126105754353,0.00777268370258454,0.3455919233417288,0.1333731579288994,0.0017986678250080672,0.06660930662239178,0.2282133130378984,0.16160400641550662
W02000010,Gwynedd 001,2021,12,0.09295304405275805,0.00810245734821603,0.35284702775906945,0.18758994266200088,0.0032154009301657697,0.104919312612502,0.3097600877978405,0.2048407751853385
W02000010,Gwynedd 001,2023,3,0.8613292132743351,0.02163078010589764,0.576519734393526,0.22201996846995303,0.00421298780441118,0.12728567180490183,0.3681193537125512,0.2408336819076494
W02000010,Gwynedd 001,2025,14,0.11246581789895128,0.0085270076871056,0.36197319731581457,0.22320064889143687,0.005077141671026491,0.10814024703049147,0.3696094689575856,0.26146922192709415
W02000011,Gwynedd 002,2021,18,0.12433733047748036,0.0053721902964639,0.287312010196571,0.13182030200013445,0.0010091032712061633,0.08422129169424561,0.20253988263074177,0.11831859093649616
W02000011,Gwynedd 002,2023,7,0,0,0,0.1603137832146411,0.0013823313514686702,0.09903237978450091,0.2350032948930383,0.1359709151085374
W02000011,Gwynedd 002,2025,17,0.03567060536421822,6.96335312213858e-4,0.10343971050355316,0.16272249146163398,0.0020464213800254084,0.08823692399806703,0.2762925316565964,0.18805560765852936
W02000012,Gwynedd 003,2021,13,0,0,0,0.11780760019502468,8.662764933927848e-4,0.0755206970032078,0.18181211097585132,0.10629141397264351
W02000012,Gwynedd 003,2023,5,0.4428703168015301,0.05179742526544381,0.8921382766705703,0.14492241289748042,0.0012931448384521055,0.09048453066785761,0.22459162373799224,0.13410709307013463
W02000012,Gwynedd 003,2025,15,0.09898799288222276,0.00867530018479925,0.36510715367993785,0.1472862446226431,0.001997795502455507,0.08335361907664215,0.24966033188771475,0.1663067128110726
W02000013,Gwynedd 004,2021,15,0.06754144696914653,0.00432395742111153,0.2577619395925993,0.11359797153270366,0.0010449909284922837,0.06449429963434652,0.18453248075655193,0.1200381811222054
W02000013,Gwynedd 004,2023,7,0.15253095293977811,0.01980468659471703,0.5516480327540683,0.139542414758282,0.0015117329832881742,0.08210731604446053,0.23123672449457486,0.14912940845011433
W02000013,Gwynedd 004,2025,8,0.28371651469427717,0.02858407204711903,0.6627353489795507,0.14203049935025908,0.002113278474039759,0.07008101856277968,0.25200607144904374,0.18192505288626407
W02000014,Gwynedd 005,2021,5,0,0,0,0.13514079499302153,0.0010799068114235007,0.08314876227001275,0.20920754578539114,0.1260587835153784
W02000014,Gwynedd 005,2023,6,0.7807750363518592,0.02749290513071423,0.6499626540683362,0.16452202825787016,0.0015944944625021131,0.10182049245024641,0.2581223626480314,0.156301870197785
W02000014,Gwynedd 005,2025,17,0.13140501904633856,0.00816703881342107,0.35425043846842386,0.16735305522414756,0.002282900695923409,0.08975294279019684,0.2820155156059254,0.19226257281572856
W02000015,Gwynedd 006,2021,15,0.07864534144766384,0.00572050590698416,0.29647993439838144,0.12088829175571668,0.0011387897938102767,0.06243419795864537,0.1881037246236354,0.12566952666499004
W02000015,Gwynedd 006,2023,3,0.4101724213071303,0.09035637635772605,1.1783043731826588,0.14860058521308606,0.0016744142571169208,0.07700128467454526,0.2332442463878711,0.15624296171332586
W02000015,Gwynedd 006,2025,8,0,0,0,0.15143978416878293,0.002086850438947489,0.07150404363864307,0.25289574260226994,0.18139169896362686
W02000016,Gwynedd 007,2021,4,0,0,0,0.11306211728422304,9.682330798390044e-4,0.06213524814192665,0.18284510425785816,0.12070985611593152
W02000016,Gwynedd 007,2023,4,0,0,0,0.13895545011118987,0.0013441301170191691,0.0792537792595682,0.22154956552214777,0.14229578626257958
W02000016,Gwynedd 007,2025,15,0.20830430827077637,0.01267070058304612,0.44124358134307945,0.14116459772639253,0.0017578614314531357,0.07452675094352851,0.22349648419860538,0.14896973325507687
W02000017,Gwynedd 008,2021,7,0.29622405171495725,0.05123598044056675,0.8872900517876366,0.12063810425080412,0.0010891889841416742,0.06390758041945041,0.19622585675136778,0.13231827633191737
W02000017,Gwynedd 008,2023,3,0.1677875833576799,0.03069489913364147,0.6867698043077999,0.14884185832994154,0.0016775900307117704,0.07731052552334253,0.23740554560183436,0.16009502007849183
W02000017,Gwynedd 008,2025,18,0.1119440814703882,0.00666077787564505,0.31991938936601483,0.1510494674928798,0.002424192928368025,0.06837497347519056,0.269244259681591,0.20086928620640043
W02000018,Gwynedd 009,2021,9,0.16517724306715606,0.02220608790766266,0.5841361905103974,0.11735727481716089,7.517224768035336e-4,0.07028899445266965,0.17514135947579995,0.1048523650231303
W02000018,Gwynedd 009,2023,3,0.3894890347740432,0.09116285542589674,1.1835511904357565,0.14504146455902717,0.00120611986913554,0.08790995106982108,0.22523696731677204,0.13732701624695096
W02000018,Gwynedd 009,2025,25,0.16004840997875117,0.00864622769984785,0.3644948705444859,0.14810940684354515,0.0019113471669479334,0.0830543109684691,0.25040896288832915,0.16735465191986004
W02000019,Gwynedd 010,2021,9,0.14870638382979637,0.01897832148608475,0.5400164459521175,0.111668982830081,7.13375754350936e-4,0.06549613870469426,0.1788320133016396,0.11333587459694533
W02000019,Gwynedd 010,2023,5,0.186320668723806,0.02948498924564126,0.6730984237561102,0.13686780088943098,0.001038753930282637,0.07935218601956047,0.21399177669839764,0.13463959067883718
W02000019,Gwynedd 010,2025,21,0.19330514598470397,0.00937429785394132,0.37953118016224635,0.1393803312174154,0.0015371330500600262,0.07716842347056596,0.22976896210640552,0.15260053863583956
W02000020,Gwynedd 011,2021,10,0.09952226276588916,0.00931368695508842,0.37830223317769723,0.1063341082635144,9.676940354048674e-4,0.05802507071434578,0.18326220041555552,0.12523712970120973
W02000020,Gwynedd 011,2023,9,0.1307567077994757,0.01491441663403652,0.4787196145316243,0.12995141918995326,0.0013571169413081913,0.06897829956240617,0.20807926830248807,0.1391009687400819
W02000020,Gwynedd 011,2025,19,0.0970039934039527,0.00373142301720894,0.2394502692685758,0.13305704385073402,0.0020330055884861396,0.0637510822172853,0.2352383337358319,0.1714872515185466
W02000021,Gwynedd 012,2021,15,0.04884539924695608,0.00236761286709421,0.19073633458036207,0.1046409836737144,0.0013927977006284902,0.049953692615163275,0.1916892790995027,0.14173558648433943
W02000021,Gwynedd 012,2023,3,0.4465195232973333,0.09508480775803044,1.2087421122408055,0.12882260022393338,0.0019277036077581138,0.06259132706620743,0.22551273596810556,0.16292140890189813
W02000021,Gwynedd 012,2025,16,0.3973343698625338,0.02559915894294447,0.6271781722085835,0.13180806832231334,0.00259065837943321,0.05751575780236211,0.26154718490285267,0.20403142710049055
W02000022,Gwynedd 013,2021,15,0.0212344945063327,4.957953341325928e-4,0.08728292753024817,0.10204498726097515,6.915654170244444e-4,0.061971107730769165,0.16260548743872702,0.10063437970795786
W02000022,Gwynedd 013,2023,3,0,0,0,0.12635854714450334,0.0010645461171257464,0.0776949279306616,0.19481784570593888,0.11712291777527728
W02000022,Gwynedd 013,2025,21,0.08936955803134836,0.00312838394597555,0.21924924723962602,0.1284353357149789,0.0015816932214786474,0.0714605999161904,0.22511610330966483,0.15365550339347445
W02000023,Gwynedd 014,2021,13,0,0,0,0.08658981700811853,0.0014135858930549312,0.03624370603694604,0.1745412036680067,0.13829749763106067
W02000023,Gwynedd 014,2023,5,0,0,0,0.1080201887657754,0.0020827435823243838,0.045242987141650426,0.22736026225749634,0.1821172751158459
W02000023,Gwynedd 014,2025,10,0,0,0,0.11054084643732144,0.002718934494493542,0.038082734981984355,0.22993557163404843,0.19185283665206407
W02000024,Gwynedd 015,2021,6,0,0,0,0.10817177847226996,5.791652173499487e-4,0.06456960119701007,0.16246084996470656,0.09789124876769649
W02000024,Gwynedd 015,2023,5,0,0,0,0.13266378731608666,8.397664792152832e-4,0.0799058697982172,0.1909363540730323,0.1110304842748151
W02000024,Gwynedd 015,2025,10,0.24696837873901048,0.03909264874130525,0.7750427093562885,0.134380342752601,0.0011693333167598933,0.0734741157899434,0.21189247637488423,0.13841836058494084
W02000025,Gwynedd 016,2021,12,0,0,0,0.1032295501632164,7.362829855100086e-4,0.05720332407119458,0.16261587056043636,0.10541254648924178
W02000025,Gwynedd 016,2023,1,0,0,0,0.12704137097236556,0.00111647372452275,0.06907280094480996,0.20464422736688187,0.13557142642207193
W02000025,Gwynedd 016,2025,13,0.1295171940947774,0.00643094104387587,0.31435136518463436,0.13007277820058705,0.001721266654786211,0.06070051686832467,0.2226697908363107,0.16196927396798602
W02000026,Gwynedd 017,2021,11,0,0,0,0.11308471475177527,8.192279103525894e-4,0.06755847528076064,0.17911696878473146,0.11155849350397082
W02000026,Gwynedd 017,2023,5,0.41717904425518626,0.05333459473588196,0.905279292586106,0.13926063526690222,0.001218408448803403,0.08359298719533534,0.2139444279004975,0.13035144070516216
W02000026,Gwynedd 017,2025,14,0.12023827388684268,0.01243963655426867,0.4372017912480434,0.14195940147648622,0.0017274518720384506,0.07774959683419094,0.24295900562799974,0.1652094087938088
W02000027,Conwy 001,2021,6,0,0,0,0.10327550976550055,0.0012967961409427705,0.04006298567092642,0.18184460910256178,0.14178162343163536
W02000027,Conwy 001,2023,6,0.07201612177035013,0.00542375678925592,0.28868763991128404,0.12813144535147497,0.001917436731822437,0.04920916680102164,0.22514722696154388,0.17593806016052224
W02000027,Conwy 001,2025,14,0.16868629532345147,0.01002640738727874,0.3925100309430812,0.13037866882027332,0.002402915994889969,0.04880639092626276,0.2301887634330257,0.18138237250676292
W02000028,Conwy 002,2021,11,0.08536254482339001,0.00687076517368526,0.32492313848891236,0.10470803385483148,0.001090663817422268,0.05182193409719567,0.1745227293738788,0.12270079527668314
W02000028,Conwy 002,2023,0,NA,NA,NA,0.1286347533153302,0.0016155419150363128,0.06753113894712509,0.2219682073466283,0.15443706839950322
W02000028,Conwy 002,2025,20,0.12411815960295478,0.00498526882402063,0.2767721438119484,0.13054468482563492,0.0019230536978912425,0.06636861006279188,0.2387086536221647,0.17234004355937282
W02000029,Conwy 003,2021,13,0.04888062877624214,0.00236765824355765,0.19073816234937035,0.10221860176398918,8.87843127649029e-4,0.054293427931525556,0.17163154100959166,0.1173381130780661
W02000029,Conwy 003,2023,4,0.11725684052952652,0.01497783895008014,0.47973639240616867,0.12447668550022876,0.001330622111286815,0.06350061587790246,0.20948418673279198,0.14598357085488953
W02000029,Conwy 003,2025,16,0.05964954227518533,0.00348514269847698,0.23141332857415206,0.12619473641004023,0.0017626032020642548,0.05798962684152015,0.22986160171689574,0.1718719748753756
W02000030,Conwy 004,2021,9,0.29301465708004104,0.0284234309485235,0.6608704548747687,0.10732670507514912,0.001014353337813183,0.05868667017047808,0.17666487892089544,0.11797820875041737
W02000030,Conwy 004,2023,5,0,0,0,0.1314196668749449,0.0014072251827295355,0.0702747589076207,0.21846913431794462,0.14819437541032393
W02000030,Conwy 004,2025,16,0.03798562579064527,8.19809841266815e-4,0.11223663833216417,0.13337588093400268,0.001811920634077009,0.06295914681937459,0.23528250555816588,0.1723233587387913
W02000031,Conwy 005,2021,10,0.16280358842584405,0.02119865250217118,0.5707319883843731,0.12327627907425952,0.0011704500777115431,0.06463397331902351,0.1938432215055955,0.12920924818657198
W02000031,Conwy 005,2023,2,0,0,0,0.1510729487525803,0.0016624815364949738,0.07768786812876882,0.2381888661328189,0.16050099800405007
W02000031,Conwy 005,2025,14,0.40249462598369,0.02517454297577843,0.6219548863743972,0.15304930200241612,0.002297034526415266,0.07172182980467694,0.2600743043465302,0.18835247454185328
W02000032,Conwy 006,2021,9,0,0,0,0.09538547642877011,7.879441274592125e-4,0.04499268419255047,0.15599041341359313,0.11099772922104266
W02000032,Conwy 006,2023,4,0,0,0,0.11707212431513495,0.0011457140238118131,0.0560437177505351,0.19142593043311973,0.13538221268258463
W02000032,Conwy 006,2025,13,0.09547909697907148,0.00833355371475396,0.3578435603739147,0.11921673370608105,0.0015294335527990394,0.05714576822678154,0.2136304723169115,0.15648470409013
W02000033,Conwy 007,2021,12,0,0,0,0.11679215257169048,0.0010298782698966644,0.0631510454402608,0.18515482870519945,0.12200378326493865
W02000033,Conwy 007,2023,8,0.25094443439548175,0.02836874533429019,0.6602344038186266,0.14461751331674247,0.0015540290267517238,0.0792706939829027,0.22980172430664864,0.15053103032374593
W02000033,Conwy 007,2025,23,0.1623525862615769,0.00642371518522936,0.31417471164895566,0.1464321346669532,0.002192824497427329,0.073970819662526055,0.25830003685281083,0.18432921719028478
W02000034,Conwy 008,2021,9,0,0,0,0.11098597396699103,7.77746585922535e-4,0.06431264188372232,0.17076628145291683,0.10645363956919451
W02000034,Conwy 008,2023,7,0.1634414873861036,0.02349806121853055,0.6008887901671479,0.13553829550750332,0.0010905463920066491,0.08097422396123519,0.20190067407865175,0.12092645011741657
W02000034,Conwy 008,2025,17,0,0,0,0.13731200883324424,0.0015065608795073891,0.07108627826941374,0.22257050823435195,0.1514842299649382
W02000035,Conwy 009,2021,8,0.17850345132662307,0.0264125301482222,0.6370640373298045,0.1142895491911978,8.745876692180086e-4,0.06073279761959829,0.17348957704570928,0.11275677942611098
W02000035,Conwy 009,2023,3,0,0,0,0.1408083536723638,0.0013451835674018644,0.07829809894828985,0.22174873980061058,0.14345064085232073
W02000035,Conwy 009,2025,20,0.10107880247212209,0.00587767062242192,0.3005250715506938,0.1440051950480942,0.0019864257191704016,0.0758117048188342,0.249465395119778,0.1736536903009438
W02000036,Conwy 010,2021,9,0,0,0,0.10296658514068766,7.375380281966765e-4,0.05547569585669518,0.1589853191822379,0.10350962332554273
W02000036,Conwy 010,2023,5,0,0,0,0.1271429312922486,0.0011201448590996632,0.06933254389460791,0.19635024971759227,0.12701770582298436
W02000036,Conwy 010,2025,25,0.07747668402013014,0.00201190517711896,0.17582549177003662,0.13000778319994752,0.0016967008907434796,0.07000174749442556,0.22650708493859614,0.15650533744417058
W02000037,Conwy 011,2021,9,0.18730064894195425,0.02642139122380393,0.6371708919016684,0.10849312476496357,6.748345855116645e-4,0.06822297890662272,0.16367055194027014,0.09544757303364741
W02000037,Conwy 011,2023,2,0,0,0,0.13288347598010336,0.0010321720213949165,0.07764081174060666,0.2067897450429368,0.12914893330233013
W02000037,Conwy 011,2025,13,0.09847861214509396,0.00879739152334915,0.367667334782242,0.1352457507468839,0.001592990369887344,0.07341192730017283,0.21330905117261278,0.13989712387243997
W02000038,Conwy 012,2021,4,0,0,0,0.10310610786963757,8.367172681906215e-4,0.05529827944703207,0.17176815762189676,0.11646987817486469
W02000038,Conwy 012,2023,4,0,0,0,0.12632741539152123,0.0012557319443964661,0.06378053198710394,0.20564212647659658,0.14186159448949265
W02000038,Conwy 012,2025,20,0.1126751448509084,0.00618471116617769,0.3082746390007373,0.12786277106120017,0.0017907046995635438,0.06301052698741799,0.2268430637918744,0.16383253680445642
W02000039,Conwy 013,2021,4,0,0,0,0.104642188663401,0.0010817821961361753,0.05127206203246561,0.1758088721229646,0.12453681009049898
W02000039,Conwy 013,2023,3,0,0,0,0.12851762948532414,0.001591783251952832,0.06343501947732755,0.21197177191240066,0.1485367524350731
W02000039,Conwy 013,2025,16,0.01403107703491803,2.081932514098613e-4,0.056560261740462296,0.13045436214560896,0.002008665274537621,0.05806955794050303,0.22668102397855655,0.16861146603805352
W02000040,Conwy 014,2021,9,0,0,0,0.1056659222478507,6.10173829831635e-4,0.06630131225809824,0.15619249898289245,0.08989118672479421
W02000040,Conwy 014,2023,9,0,0,0,0.1298217465720456,9.397650785891637e-4,0.08202585087104139,0.19354604704937484,0.11152019617833345
W02000040,Conwy 014,2025,10,0.23214204496569932,0.03563525250453521,0.7399766349316961,0.13271875424155202,0.001585932269453217,0.06847771863561915,0.22659120178981634,0.1581134831541972
W02000041,Conwy 015,2021,5,0,0,0,0.10710614164628622,6.611156193922887e-4,0.05681336481493774,0.16368478832807531,0.10687142351313758
W02000041,Conwy 015,2023,5,0,0,0,0.13245232164724127,0.001039099048536626,0.07152293483118494,0.2036456779648586,0.13212274313367367
W02000041,Conwy 015,2025,14,0.0209092839803282,4.7007548886108543e-4,0.08498883769242921,0.13430799028848187,0.0017224980141282557,0.06953340153834171,0.22727861263840365,0.15774521110006196
W02000042,Denbighshire 001,2021,6,0.08310723454801548,0.00776025183408073,0.3453154375861998,0.14697168284843384,0.001854721937128804,0.07889563211956285,0.24218043555506275,0.1632848034354999
W02000042,Denbighshire 001,2023,3,0.3313023329144385,0.08001068469126606,1.1087970967801823,0.1772794729558606,0.0025127015360169157,0.09950908432764148,0.28803059600487624,0.18852151167723474
W02000042,Denbighshire 001,2025,21,0.1260252307061565,0.00551742540331326,0.29116979570745005,0.17921296761879243,0.003040367548488548,0.09833355982323821,0.31213431360010246,0.21380075377686425
W02000043,Denbighshire 002,2021,6,0.09760301676463667,0.00939359001374457,0.3799215140856506,0.1333959030062991,0.001396433026923229,0.07309833890816189,0.2180032307760717,0.1449048918679098
W02000043,Denbighshire 002,2023,7,0,0,0,0.1618361250605397,0.0019181920283362272,0.09093436109041839,0.2567865674376343,0.1658522063472159
W02000043,Denbighshire 002,2025,16,0,0,0,0.162918508665918,0.0023974566363517097,0.08829845762380684,0.2713120212283888,0.18301356360458199
W02000044,Denbighshire 003,2021,5,0,0,0,0.13115575691103135,0.0014514129392597722,0.07183597749080381,0.21830768177324528,0.14647170428244147
W02000044,Denbighshire 003,2023,3,0.3625484086399611,0.08063175449769942,1.113092205602448,0.15947878095003107,0.001953495257122452,0.08598461120185746,0.25806097948366835,0.1720763682818109
W02000044,Denbighshire 003,2025,15,0.02013667279109238,4.4661742640228816e-4,0.08284111182568178,0.15990611792956527,0.0024259280403841218,0.07879492985702942,0.272633877051927,0.19383894719489758
W02000045,Denbighshire 004,2021,2,0.5055304661328172,0.1252931707786196,1.3875280985410903,0.1650966003374621,0.002257401396302698,0.08762873357735765,0.27793032475316126,0.19030159117580361
W02000045,Denbighshire 004,2023,3,0.25041531385433663,0.05323223089066296,0.9044101346185002,0.20084282568355674,0.0030128670149649293,0.11069996612866412,0.31996949987248,0.2092695337438159
W02000045,Denbighshire 004,2025,15,0.1348182443700502,0.00934615869473055,0.3789611260141586,0.20428988763799602,0.0037211894590122975,0.10667213870035228,0.33364335752486685,0.22697121882451457
W02000047,Denbighshire 006,2021,7,0.7664673715912351,0.01979925801996805,0.5515724226754095,0.17980820545496792,0.0025045122316869695,0.10625636353736825,0.31946308265708234,0.2132067191197141
W02000047,Denbighshire 006,2023,6,0,0,0,0.216690190505529,0.0032741146379492493,0.12872890429582767,0.36647562758637253,0.23774672329054486
W02000047,Denbighshire 006,2025,17,0.02206805432667437,5.004318845318209e-4,0.08769010153925805,0.21956233064420413,0.0040378007865935,0.1261769056287384,0.37552531578380055,0.24934841015506215
W02000049,Denbighshire 008,2021,6,0.39874769738438265,0.04553724994701191,0.8364914117409739,0.1308321124553523,8.571135444762627e-4,0.08007162808302459,0.19201467641618608,0.11194304833316149
W02000049,Denbighshire 008,2023,4,0,0,0,0.15959417288321837,0.001246598004857118,0.10130372050072689,0.23385263171051474,0.13254891120978785
W02000049,Denbighshire 008,2025,14,0,0,0,0.16301125935521454,0.0019481554417315106,0.08813020629302139,0.26127333303320316,0.17314312674018179
W02000050,Denbighshire 009,2021,6,0.11995833006885533,0.01374006697519294,0.45948624126858445,0.13317958374031597,0.0010514136242509133,0.08169681332985927,0.20966990311229938,0.1279730897824401
W02000050,Denbighshire 009,2023,1,0,0,0,0.16224852506135481,0.0014436394940052519,0.10115790679894227,0.2468688968082815,0.14571099000933924
W02000050,Denbighshire 009,2025,16,0.09183443829277764,0.00772539650009909,0.3445390690686045,0.16407328001897692,0.0021522445295068344,0.09344151914443803,0.26960974524328485,0.1761682260988468
W02000051,Denbighshire 010,2021,10,0.2317161438545716,0.02065744504654773,0.5633994124493383,0.12187183857968975,9.151231629653764e-4,0.07082667133378825,0.19287651506893372,0.12204984373514546
W02000051,Denbighshire 010,2023,3,0,0,0,0.14963427675025917,0.001410137737805678,0.08705620371217732,0.23551427221742338,0.14845806850524607
W02000051,Denbighshire 010,2025,23,0,0,0,0.15108588624531735,0.0019522653589771153,0.08573381843831479,0.25913630201952226,0.17340248358120747
W02000052,Denbighshire 011,2021,6,0.12311978967183251,0.01410254943464735,0.4655077353600088,0.12537328463265432,0.0012095195752663702,0.06304161559707278,0.20217215416622364,0.13913053856915086
W02000052,Denbighshire 011,2023,2,0,0,0,0.15195337938292836,0.001784753438660826,0.07585173383935984,0.23460418523000603,0.1587524513906462
W02000052,Denbighshire 011,2025,13,0.11530383595304,0.00871340734479714,0.3659081606248865,0.1546148133891346,0.002487173283486568,0.07532202982301239,0.2657566130810314,0.19043458325801899
W02000053,Denbighshire 012,2021,5,0,0,0,0.1091386653736203,7.736042005971499e-4,0.06462125716591773,0.16733025182485506,0.10270899465893733
W02000053,Denbighshire 012,2023,3,0,0,0,0.13459211083426792,0.0011973923784108532,0.07709612171293381,0.22164767860492152,0.1445515568919877
W02000053,Denbighshire 012,2025,16,0.05645606527526956,0.00309761419837439,0.21816835137528687,0.1369927639451919,0.0016596304139597522,0.0682195592283561,0.22738289583901133,0.15916333661065524
W02000054,Denbighshire 013,2021,7,0.2460556360699084,0.03068042426516305,0.6866078543566149,0.1284973817506133,8.259725540653004e-4,0.07858100201965076,0.199858532880908,0.12127753086125723
W02000054,Denbighshire 013,2023,3,0.436270444748604,0.09673885970565106,1.2192101474646027,0.15691000085454002,0.0012341161203135826,0.09927845231312835,0.2292052606654022,0.12992680835227385
W02000054,Denbighshire 013,2025,17,0.2025524872712724,0.02343274007254511,0.6000530178066303,0.15961575054476462,0.0021271505841808183,0.09075590518511367,0.28872381820957005,0.19796791302445638
W02000055,Denbighshire 014,2021,8,0,0,0,0.10570402008758985,8.964618272335807e-4,0.05238408562043491,0.1688387596212662,0.1164546740008313
W02000055,Denbighshire 014,2023,5,0,0,0,0.12831552131672858,0.0012708154808194476,0.06791600495436084,0.20796534943317171,0.14004934447881087
W02000055,Denbighshire 014,2025,20,0.2464053865813099,0.02102537517773563,0.5683946267688174,0.13031595516180075,0.0016870166284360544,0.063166418186398135,0.22403854739946716,0.16087212921306904
W02000056,Denbighshire 015,2021,5,0,0,0,0.1089507520572261,6.809747628293313e-4,0.06507918644958252,0.16441081636498875,0.09933162991540623
W02000056,Denbighshire 015,2023,2,0,0,0,0.13370436333752242,9.814620963974415e-4,0.07772756436600226,0.20961919061577522,0.13189162624977296
W02000056,Denbighshire 015,2025,14,0.02344968017913032,5.847714276023549e-4,0.09479188485630953,0.13539258313602867,0.0015220829730977882,0.0714162459857913,0.22359311699016668,0.15217687100437538
W02000057,Denbighshire 016,2021,8,0,0,0,0.11695365945582802,7.073531507418035e-4,0.07303546976311737,0.175447810980636,0.10241234121751863
W02000057,Denbighshire 016,2023,5,0.3749929773727695,0.05028788630254579,0.8790423070841988,0.14285859990937055,9.632202498687644e-4,0.08856756126434165,0.21525930393670836,0.12669174267236671
W02000057,Denbighshire 016,2025,11,0.11212993199199618,0.01159967606002411,0.4221832678729657,0.1451765469072457,0.0014284494269668096,0.07909168531522784,0.22162996465524198,0.14253827934001415
W02000058,Flintshire 001,2021,4,0,0,0,0.12563514199468262,0.0010565508979431834,0.07404448836568214,0.19895082799923677,0.12490633963355463
W02000058,Flintshire 001,2023,4,0.4212547180351624,0.08495410261225096,1.1425369785420254,0.15287888073192285,0.0015093917144822187,0.089570457851857,0.232207776149701,0.142637318297844
W02000058,Flintshire 001,2025,20,0.18594490178766837,0.0109308582520543,0.4098313889887456,0.15521581056456374,0.002326114644166769,0.08532808550235733,0.270840176185256,0.1855120906828987
W02000059,Flintshire 002,2021,4,0,0,0,0.12343479568483283,9.633339659551112e-4,0.07220018903548678,0.19152001816183556,0.11931982912634878
W02000059,Flintshire 002,2023,3,0,0,0,0.15159358469273992,0.0014200402202912792,0.08843034822416285,0.23908729040386525,0.1506569421797024
W02000059,Flintshire 002,2025,16,0.12305279430198109,0.00672632284403445,0.321489609288092,0.154255730894559,0.0021222690807468528,0.0813468567996517,0.27137451493106957,0.19002765813141786
W02000060,Flintshire 003,2021,9,0,0,0,0.12861664753259197,0.0010868739067673942,0.0754578628913592,0.20191027432495448,0.12645241143359529
W02000060,Flintshire 003,2023,4,0.24360117708221335,0.04966091954703872,0.8735453678836677,0.15660338573747531,0.001530536323398267,0.09129280683195934,0.2322893919755562,0.14099658514359686
W02000060,Flintshire 003,2025,15,0.1342621961266177,0.01199929913592249,0.4293940544899839,0.1600413313663078,0.002376456489584945,0.08017711169036619,0.26474133780736475,0.18456422611699858
W02000061,Flintshire 004,2021,8,0.07092279883856752,0.00507441700753664,0.27923584278155916,0.1468720947986326,0.0013545601079119928,0.08530524457372704,0.2326030868509047,0.14729784227717765
W02000061,Flintshire 004,2023,3,0.21396930860502059,0.04282754655655748,0.8112219338464067,0.17976307829232635,0.001980542888273755,0.10631790660823887,0.2795619489901574,0.17324404238191854
W02000061,Flintshire 004,2025,18,0.07263082378115174,0.00298333589089916,0.2141061603334938,0.18288180633612544,0.0028819034198551935,0.09795935302190537,0.32224083678862997,0.2242814837667246
W02000062,Flintshire 005,2021,15,0.3169497019631973,0.03389740936116187,0.7217077031295005,0.142786120135831,0.0010041765037054006,0.09219570827310075,0.21682141578875722,0.12462570751565646
W02000062,Flintshire 005,2023,5,0.21277184831160817,0.03628608881694567,0.7467034644471561,0.17272114613720246,0.0013832515715320804,0.11333709908447567,0.2574102994579778,0.1440732003735021
W02000062,Flintshire 005,2025,14,0.2949412858986682,0.02551070918236802,0.6260937272031089,0.17480410055371415,0.002227512757419834,0.10304804480609281,0.2831108455870449,0.1800628007809521
W02000063,Flintshire 006,2021,5,0.5807428473912614,0.05782561005534034,0.9426233602221111,0.1322787320204767,8.299550406858538e-4,0.08202358006212129,0.18978950741660278,0.10776592735448148
W02000063,Flintshire 006,2023,9,0.06328614773287769,0.00412545229775711,0.2517757344826692,0.16059580808317658,0.0011055100296310113,0.10254363291040638,0.2279317799216023,0.1253881470111959
W02000063,Flintshire 006,2025,13,0.07066968464508129,0.00476758102713259,0.27066190119817335,0.16225027027480135,0.0016345820131711205,0.09522652192686006,0.2600326564119377,0.16480613448507764
W02000064,Flintshire 007,2021,4,0.3400236493834109,0.05794456959511587,0.9435924501234256,0.1589336157668899,0.0019386648007642838,0.08338281770710568,0.25551735858864405,0.17213454088153837
W02000064,Flintshire 007,2023,2,0,0,0,0.1931725014002977,0.002703841155143639,0.10502044247999365,0.30203626201640943,0.19701581953641578
W02000064,Flintshire 007,2025,17,0.2181327185933091,0.02128755641893934,0.571927517703278,0.1960666426103424,0.003686013001973403,0.09487148429482593,0.32759883393998673,0.23272734964516079
W02000065,Flintshire 008,2021,7,0,0,0,0.13407992492067008,0.0013551099488618849,0.07181075661201838,0.21095618851594244,0.13914543190392406
W02000065,Flintshire 008,2023,3,0,0,0,0.16306040460484042,0.0019090504003292416,0.0884433166289213,0.25940999980377866,0.17096668317485736
W02000065,Flintshire 008,2025,11,0.11041972876857678,0.00640802294407663,0.31379073448228834,0.16485010064197145,0.0027851039471332734,0.08060625462854488,0.28652387809842816,0.2059176234698833
W02000066,Flintshire 009,2021,8,0.05669483832587613,0.00358898375455876,0.2348355450205753,0.13658255272012648,0.0017118394906168372,0.07199287640910734,0.2409733368512948,0.16898046044218745
W02000066,Flintshire 009,2023,4,0,0,0,0.165349153074578,0.0022640588870642396,0.0881629464796318,0.2741564099145063,0.1859934634348745
W02000066,Flintshire 009,2025,16,0.10579691596247456,0.00627515497053205,0.3105205269399942,0.1694220845026451,0.003072314877104911,0.08222886816734287,0.29039442575255153,0.20816555758520866
W02000067,Flintshire 010,2021,8,0.2165076563383515,0.023910887603942,0.6061441745881545,0.14781281109168423,0.001516084045587107,0.09108450022231204,0.2311208191761706,0.14003631895385857
W02000067,Flintshire 010,2023,2,0.30356176462050305,0.0895616581890234,1.1731111146796216,0.1785906352435395,0.0020406698517100837,0.10636652953598608,0.27585371635836475,0.16948718682237868
W02000067,Flintshire 010,2025,16,0.13087590271871072,0.00480392595278555,0.27169161728172236,0.1804751985358192,0.0028923017607975607,0.09891525456825837,0.292422455071753,0.19350720050349465
W02000068,Flintshire 011,2021,7,0.388625349074746,0.04441879481131547,0.8261548792630354,0.14655217187512037,0.0015419989219279129,0.08430280599103246,0.24039988398817985,0.1560970779971474
W02000068,Flintshire 011,2023,4,0,0,0,0.17749619094481783,0.002104456301613423,0.10538386411992427,0.27084561946961394,0.16546175534968965
W02000068,Flintshire 011,2025,11,0.02971756513680312,9.520705907764246e-4,0.12095189074771111,0.18032352433202647,0.0030438957270122213,0.09472269756550536,0.30868804612219636,0.213965348556691
W02000069,Flintshire 012,2021,9,0,0,0,0.12991768501607556,8.09057366394081e-4,0.0794555736417078,0.19442983399558136,0.11497426035387356
W02000069,Flintshire 012,2023,3,0.33381175047048606,0.07460936595515419,1.0707171558442927,0.15770643917603552,0.001050371939414211,0.09680490583015373,0.22362170063861275,0.12681679480845903
W02000069,Flintshire 012,2025,19,0.08479231754676822,0.00355351907765837,0.23367239636187745,0.16071092047241856,0.001875257020177806,0.0899850277279228,0.25663138204458713,0.16664635431666433
W02000070,Flintshire 013,2021,8,0.10612560517590662,0.01087587462463244,0.408799337130371,0.1317160900322838,0.001002598377266061,0.08215330889365571,0.20559693966528927,0.12344363077163356
W02000070,Flintshire 013,2023,7,0.09678404742283277,0.00902433342768153,0.37237940462196373,0.15987465160204992,0.0014243025670062793,0.10024537771056263,0.2440700202674942,0.14382464255693156
W02000070,Flintshire 013,2025,11,0.02389856921768838,6.303028717571055e-4,0.09841305861358379,0.16270086594459257,0.0023227721492849788,0.09008771946242122,0.2782233522869538,0.18813563282453255
W02000071,Flintshire 014,2021,6,0,0,0,0.11963259671632592,0.0010973513094531164,0.06302479600913172,0.184686288609601,0.1216614926004693
W02000071,Flintshire 014,2023,2,0,0,0,0.1458905634588489,0.0014839987345959104,0.07792424627142283,0.23216001739825054,0.1542357711268277
W02000071,Flintshire 014,2025,20,0.15522493936879786,0.01634768264634133,0.5011943722736565,0.1469564199215594,0.0021259077574831385,0.07742935748457536,0.2536646425314525,0.17623528504687713
W02000072,Flintshire 015,2021,9,0.07883294023049847,0.00604652123950761,0.3048111700710515,0.12986035136517407,0.001409995617071813,0.06859281723983249,0.2225449444192454,0.15395212717941292
W02000072,Flintshire 015,2023,6,0,0,0,0.1582275530817181,0.0019353955153204251,0.0850834152308325,0.25140247261721144,0.16631905738637892
W02000072,Flintshire 015,2025,18,0.07437716956948956,0.00294386640003957,0.212685133936315,0.16096843166181204,0.0026374022792337694,0.08185774626471928,0.2768448081582702,0.1949870618935509
W02000073,Flintshire 016,2021,4,0.3926370913326062,0.0789895722137904,1.101699031357513,0.13197324218801335,0.001006350961003938,0.0825192884790546,0.20054594077076265,0.11802665229170806
W02000073,Flintshire 016,2023,2,0,0,0,0.1608938913571573,0.0014286467317011031,0.10240122444830518,0.2456808684913509,0.14327964404304572
W02000073,Flintshire 016,2025,16,0,0,0,0.16373720342959855,0.0021609454247618416,0.0873194301125747,0.2662061227149229,0.17888669260234819
W02000074,Flintshire 017,2021,5,0.22049183312206763,0.03890169151227537,0.7731474529473713,0.13651497973279006,0.0012967767631906824,0.07817493304953899,0.2185923844751133,0.14041745142557432
W02000074,Flintshire 017,2023,2,0.2839129094184388,0.08282562937094819,1.1281334043925322,0.16588675418150475,0.0017631309936292276,0.09725329798512863,0.27076188248712274,0.1735085845019941
W02000074,Flintshire 017,2025,21,0.1793842227367029,0.01327019320116586,0.45156129473166223,0.16853463078988754,0.0024686656970799733,0.09026971704506775,0.29005244729836865,0.1997827302533009
W02000075,Flintshire 018,2021,7,0.13035296866652085,0.01549209059202033,0.4879025642716338,0.12468170304387158,8.402195795123587e-4,0.07220218184507649,0.1845092301970528,0.1123070483519763
W02000075,Flintshire 018,2023,7,0.06828490396943032,0.0047483396458024,0.2701151696296914,0.151654348253102,0.001133978736380991,0.0915275492307267,0.21426088933439047,0.12273334010366377
W02000075,Flintshire 018,2025,13,0.13478196469561102,0.01208564961595197,0.43093630768835084,0.15411520526905004,0.0016970951689699591,0.08750255060434754,0.2424217123096939,0.15491916170534636
W02000076,Flintshire 019,2021,4,0,0,0,0.12186554348604024,9.698887596112273e-4,0.06791040731333772,0.19334202417387758,0.12543161686053986
W02000076,Flintshire 019,2023,6,0.20040966133149013,0.03147842745341744,0.6954799286895647,0.14810427028683829,0.0013476313205073973,0.09045579312342525,0.23947268006905906,0.1490168869456338
W02000076,Flintshire 019,2025,10,0.18289258645694312,0.0256925229053077,0.6283208375996456,0.15030486006862162,0.0020357014981673333,0.07968073779486148,0.25923718269052337,0.1795564448956619
W02000077,Flintshire 020,2021,3,0,0,0,0.11801685814188057,9.332256663128438e-4,0.06599730682070958,0.1905024402395208,0.12450513341881121
W02000077,Flintshire 020,2023,6,0.07033545480116019,0.00519663084268556,0.28257843787894066,0.14411642069791084,0.0013303551951691897,0.07838570087284255,0.23080318256911952,0.15241748169627697
W02000077,Flintshire 020,2025,9,0,0,0,0.14658459310116148,0.002067918511299743,0.07872134246169167,0.24643082577490133,0.16770948331320967
W02000080,Wrexham 003,2021,10,0,0,0,0.1062925447392829,0.001000020770240531,0.05297035847648879,0.17322068196471885,0.12025032348823006
W02000080,Wrexham 003,2023,3,0,0,0,0.13086006704245648,0.0014716545367385965,0.06832994168306052,0.21440587219570215,0.14607593051264162
W02000080,Wrexham 003,2025,12,0.31374109725913635,0.02992811395107196,0.6781375002876164,0.1343581969104849,0.0022683658937996502,0.06271291208550171,0.22961744950093685,0.16690453741543515
W02000081,Wrexham 004,2021,3,0.17424834112776175,0.03161566763902536,0.6969943624565917,0.12080514401669358,0.0012974716356472743,0.062359246854201904,0.21150634208470817,0.14914709523050626
W02000081,Wrexham 004,2023,2,0,0,0,0.1485345792559365,0.0017973067422714264,0.0792189738070852,0.23827936613663653,0.15906039232955133
W02000081,Wrexham 004,2025,17,0.04703659368579207,0.00218164610978419,0.1830923667667606,0.15086559082256518,0.002467870081001536,0.07226799253291222,0.25992354023330805,0.18765554770039583
W02000082,Wrexham 005,2021,10,0.12777937306999088,0.01477241987858861,0.476435274284352,0.12050110470167986,0.0014593930778020415,0.06091851836464897,0.21372675915775294,0.15280824079310396
W02000082,Wrexham 005,2023,2,0,0,0,0.1482091974963664,0.0021202583685614876,0.07784631461566299,0.26487787151870146,0.18703155690303847
W02000082,Wrexham 005,2025,16,0.40578796755389185,0.02520377774978397,0.6223159144734189,0.1518142149167229,0.0030225034379820406,0.06845918442094243,0.29388947604112614,0.22543029162018371
W02000083,Wrexham 006,2021,5,0.2202932512168121,0.03776561057965603,0.7617743442256872,0.12181999504540132,9.014932842717289e-4,0.07043970605477295,0.1890263883528765,0.11858668229810354
W02000083,Wrexham 006,2023,2,0,0,0,0.14894598834001793,0.0013289721757851446,0.08608471179774402,0.23031014694819174,0.14422543515044772
W02000083,Wrexham 006,2025,8,0.3246154780467624,0.05188864619804715,0.8929235076564281,0.15166057136078046,0.0022003158750289993,0.08150868165183063,0.26015141425496047,0.17864273260312985
W02000085,Wrexham 008,2021,7,0,0,0,0.10381960280208805,0.0010535155991746193,0.047899593222509605,0.17312560929938953,0.12522601607687991
W02000085,Wrexham 008,2023,5,0,0,0,0.12709896157310174,0.0014755893357813643,0.05912384537090956,0.20913615244806244,0.15001230707715288
W02000085,Wrexham 008,2025,9,0,0,0,0.13114060136202066,0.0021938455366236876,0.05323762678441829,0.22719745579296263,0.17395982900854434
W02000087,Wrexham 010,2021,9,0,0,0,0.12537692174954262,0.0017540569277313628,0.06156486952072256,0.21403294463619488,0.15246807511547233
W02000087,Wrexham 010,2023,5,0,0,0,0.15421836057886637,0.00245361830273144,0.07974010952214597,0.2665091526707174,0.18676904314857143
W02000087,Wrexham 010,2025,14,0.17563427342700577,0.01686484279010632,0.5090603072158488,0.15779104265107968,0.0035450653943427993,0.07555981426094993,0.2893112500211691,0.21375143576021916
W02000088,Wrexham 011,2021,8,0,0,0,0.1256391128659238,0.0010983315980445522,0.0706033845837902,0.19450731765111462,0.12390393306732442
W02000088,Wrexham 011,2023,3,0.5412010756132453,0.09273974889601344,1.1937435678160513,0.15345128135006225,0.0016133283483243392,0.089749438560172,0.24083576784352712,0.1510863292833551
W02000088,Wrexham 011,2025,10,0.09237473893916798,0.00813683011542647,0.35359467088401997,0.15684973740294686,0.0024197437549628087,0.07903230353653262,0.2683386234212778,0.18930631988474517
W02000089,Wrexham 012,2021,6,0.2936482507535497,0.03862842705470457,0.7704271849794356,0.1616675802823619,0.0035686114648387987,0.07683921863395002,0.29801664962252483,0.2211774309885748
W02000089,Wrexham 012,2023,4,0.3165511728360981,0.07106914553963639,1.045005638286092,0.19483320458470865,0.004713514191125528,0.08834557837461791,0.3579710553576974,0.2696254769830795
W02000089,Wrexham 012,2025,8,0.03400246441283333,0.00134706178077425,0.14387053012726653,0.1985153487298201,0.00619228927521548,0.08311582341822299,0.38272294625505887,0.2996071228368359
W02000090,Wrexham 013,2021,3,0,0,0,0.11337279356730245,7.570239554389959e-4,0.06654866029209938,0.1783396933314417,0.11179103303934232
W02000090,Wrexham 013,2023,3,0,0,0,0.13945740685279967,0.0011918205608822286,0.07948886350669307,0.21020850043559441,0.13071963692890134
W02000090,Wrexham 013,2025,14,0,0,0,0.14164299280006853,0.0017114864291013902,0.07860370259479263,0.23049611014874047,0.15189240755394784
W02000091,Wrexham 014,2021,9,0,0,0,0.10374594350368993,8.15570610725089e-4,0.05166609049729782,0.16223331868688862,0.1105672281895908
W02000091,Wrexham 014,2023,5,0,0,0,0.1283252794123145,0.0012534185572867223,0.06597792132416039,0.21156218236769153,0.14558426104353114
W02000091,Wrexham 014,2025,13,0.08077406106431079,0.00369374314475149,0.2382382184686921,0.13072585518461605,0.0018716676915647163,0.0649691441832059,0.22186131027580103,0.15689216609259513
W02000092,Wrexham 015,2021,4,0,0,0,0.10908020995414701,8.422421201615399e-4,0.05801414297733137,0.1745987342229019,0.11658459124557052
W02000092,Wrexham 015,2023,6,0,0,0,0.1338906592198051,0.0012368215705117083,0.0718831094455277,0.2110292749881048,0.1391461655425771
W02000092,Wrexham 015,2025,8,0.2525827500622753,0.02908380067451654,0.6685034708673734,0.13686462399892763,0.0019297165893287173,0.0713128652841687,0.23166328892223342,0.16035042363806473
W02000093,Wrexham 016,2021,5,0,0,0,0.11196792224437743,8.159872596831257e-4,0.06193939900711373,0.17492910070820777,0.11298970170109404
W02000093,Wrexham 016,2023,4,0,0,0,0.13758447689098072,0.0011978915291212592,0.07536691230339156,0.215613832925038,0.14024692062164645
W02000093,Wrexham 016,2025,13,0,0,0,0.14053974622371232,0.0019049042068283813,0.06411746929929638,0.23310576119531784,0.16898829189602146
W02000094,Wrexham 017,2021,4,0.21678352818019048,0.04002218830936517,0.7842030051064381,0.12483275508028559,0.0010793905647745177,0.06885667760991705,0.19557438646773873,0.1267177088578217
W02000094,Wrexham 017,2023,2,0,0,0,0.15292525902544307,0.0014962330759836415,0.08598246319261543,0.23212152231314542,0.14613905912053
W02000094,Wrexham 017,2025,10,0.2827583878420045,0.03913621691880618,0.7754744758954909,0.1558425348106116,0.002200439391171763,0.0802240819774489,0.26148940954227556,0.18126532756482666
W02000095,Wrexham 018,2021,4,0,0,0,0.10195357699745403,8.701747482360103e-4,0.052455530795800856,0.1660873481102438,0.11363181731444295
W02000095,Wrexham 018,2023,3,0,0,0,0.12481326551905259,0.001280836234638207,0.062083253753245596,0.2088513928836045,0.1467681391303589
W02000095,Wrexham 018,2025,15,0.26184911986455184,0.02559458278174375,0.6271221118376085,0.12621077405429393,0.0016865483903248904,0.06085602537977908,0.2300568866658954,0.16920086128611633
W02000096,Wrexham 019,2021,4,0.2284921390218744,0.04719399962669436,0.8515722075075025,0.13138471181582972,0.0010524170962443809,0.08173523041694722,0.20178122655839437,0.12004599614144715
W02000096,Wrexham 019,2023,5,0.33015053109435116,0.04254151640683186,0.808508462408967,0.15925898061125066,0.001347027064936116,0.0990619760461826,0.24212546466420953,0.14306348861802692
W02000096,Wrexham 019,2025,13,0.23951481233022204,0.03354645253066218,0.7179618819322066,0.1619662791840922,0.0019997657544275215,0.08588693013364398,0.2691990679430063,0.1833121378093623
W02000097,Powys 001,2021,14,0.09544433940052938,0.00456611416643002,0.26488140395980236,0.12307924647850507,7.909501551951645e-4,0.07896127680648093,0.18867072498047532,0.10970944817399439
W02000097,Powys 001,2023,10,0.04638055190476762,0.00221674760902548,0.18455941759708214,0.1502999349858603,0.0011247741338548777,0.09198349542010738,0.2284841061521522,0.13650061073204484
W02000097,Powys 001,2025,25,0.23536852854024376,0.00741630092391679,0.3375761520078226,0.1528990647263073,0.001864069119093121,0.08619068815254595,0.25664075603731906,0.17045006788477313
W02000098,Powys 002,2021,13,0.1396089447123203,0.01577833622180705,0.4923893940983631,0.13198518253941155,9.486495172955001e-4,0.08337709105223012,0.1986385607382281,0.11526146968599799
W02000098,Powys 002,2023,13,0.20212535148751437,0.0152212614087156,0.4836190604209127,0.16069809675505692,0.0013437559707633008,0.09752381168617472,0.24243866233920625,0.14491485065303153
W02000098,Powys 002,2025,23,0.10074700259259677,0.00382297344824648,0.2423699244877208,0.16378042407708937,0.0021482393093685995,0.08682234902521713,0.27706335556230954,0.19024100653709242
W02000099,Powys 003,2021,15,0.18947225976330812,0.01591104740415212,0.494455795383824,0.1716657745446635,0.0019947103600555577,0.09910672922142459,0.27355637638743424,0.17444964716600964
W02000099,Powys 003,2023,10,0.4261644260286347,0.02555182843389532,0.6265981063560601,0.20553292429164383,0.002542971380833423,0.12462036202752497,0.31819819313549935,0.19357783110797439
W02000099,Powys 003,2025,31,0.2415704623958348,0.01222904999260018,0.43348537213051774,0.20769975352862227,0.0035055743268634287,0.11106274789231535,0.3456957292271551,0.23463298133483973
W02000100,Powys 004,2021,32,0.30084786128152663,0.00830158794306465,0.35715659439329234,0.13858713348282062,8.820028705145992e-4,0.0959154244690262,0.21399285295199846,0.11807742848297226
W02000100,Powys 004,2023,11,0.06929813512837374,0.00468211842381154,0.2682250183609673,0.16879485566938213,0.0012567647374671692,0.11044801549215108,0.2488112168858554,0.1383632013937043
W02000100,Powys 004,2025,26,0.01611119770867258,2.6793425793688344e-4,0.06416411515848326,0.17133199419229878,0.002030964569392734,0.10094859102781178,0.273145941553811,0.17219735052599922
W02000101,Powys 005,2021,19,0,0,0,0.12055644020980198,7.244918214789764e-4,0.0661737565419789,0.17162164789308226,0.10544789135110336
W02000101,Powys 005,2023,7,0.10023252527488909,0.00970907444774877,0.3862486747062335,0.1469618243513242,0.0010452138069344799,0.08571369264391276,0.2083380599114953,0.12262436726758252
W02000101,Powys 005,2025,26,0.18784810285125508,0.0076061073091056,0.3418686766213585,0.1491132368101887,0.0017056025670656029,0.08041975915047644,0.23570108582870697,0.15528132667823052
W02000102,Powys 006,2021,16,0.02711225174705767,7.801651154317132e-4,0.10948921708137296,0.11785469810545128,6.254551559167887e-4,0.06973729634755291,0.16601408697836645,0.09627679063081354
W02000102,Powys 006,2023,16,0.09584713998961757,0.00807558046940742,0.35226132246632086,0.14473254926516546,9.684059914545022e-4,0.08239658898394378,0.2071271367639026,0.12473054777995882
W02000102,Powys 006,2025,22,0.21548079651584187,0.01666844446359484,0.5060875142183475,0.14702686800877515,0.001692357239275878,0.07484396359093837,0.24248176339434932,0.16763779980341095
W02000103,Powys 007,2021,14,0.187231220486261,0.01082193626267944,0.4077843671023181,0.1307974863668823,9.461559661760743e-4,0.08077739153701999,0.19932867322861636,0.11855128169159637
W02000103,Powys 007,2023,15,0.09196391158694066,0.00754458058033506,0.3404831603399246,0.15949692090679982,0.0013682565797090143,0.10370819685052102,0.23719026659259032,0.1334820697420693
W02000103,Powys 007,2025,36,0.20283838884303385,0.00625333479066918,0.3099801805946281,0.16200262885461028,0.0020809197443831143,0.08711762776324206,0.27010696106763243,0.18298933330439038
W02000104,Powys 008,2021,13,0.23218260438122432,0.01430912483758249,0.46890474010717625,0.16173062904676586,0.0014989095104199052,0.10573858978924176,0.24602490831616844,0.1402863185269267
W02000104,Powys 008,2023,13,0.18448697986513407,0.00904059352884088,0.3727147314270044,0.19638315478944807,0.002217489813158208,0.12790513671037063,0.29601760361055274,0.1681124669001821
W02000104,Powys 008,2025,33,0.1577280893058326,0.00581677093966316,0.29896411847662446,0.19933899487711912,0.0034289571275680553,0.11459602394290674,0.3304431246730406,0.21584710073013386
W02000105,Powys 009,2021,15,0.06604678770346228,0.00420809146373214,0.25428495882880275,0.13745332618272985,0.0011554341417023754,0.08137540310219858,0.21283769195129015,0.13146228884909156
W02000105,Powys 009,2023,8,0.1698036387350112,0.02298932264404276,0.5943485046763093,0.16734828350024866,0.0016703810880169159,0.1018325925656933,0.2637065853297134,0.16187399276402012
W02000105,Powys 009,2025,34,0.1687515200449198,0.00535647932851,0.28689158066677717,0.16942787399950743,0.002414924307028089,0.09085390767865603,0.28617940671139647,0.19532549903274044
W02000106,Powys 010,2021,13,0.04418643323889526,0.00196485453236236,0.17375739149428107,0.1297384934862261,7.02975956888678e-4,0.08360740230866909,0.18676282694325694,0.10315542463458785
W02000106,Powys 010,2023,14,0.25703262905601043,0.01587758226803101,0.49393553609686486,0.15796880744009142,9.917858779290088e-4,0.10400905414067445,0.2231873461999213,0.11917829205924686
W02000106,Powys 010,2025,37,0.21741064544931868,0.00822193741950979,0.35543907507965955,0.15969148046659928,0.0014695967071604624,0.09652372167380882,0.24797547236074038,0.15145175068693156
W02000107,Powys 011,2021,20,0.09419578553554664,0.00457976452741175,0.26527703888974574,0.13199961213396347,7.369540612105959e-4,0.08426576181034312,0.18536328408775576,0.10109752227741264
W02000107,Powys 011,2023,10,0.31250291681787146,0.0237474106636558,0.6040685396957741,0.16140924465115208,0.0011020828244146833,0.10043249367222357,0.23292061728249983,0.13248812361027626
W02000107,Powys 011,2025,34,0.1701473497420348,0.0042401118490936,0.25525058325833677,0.1625390286195644,0.0016601792753497555,0.09299172985562544,0.2596276937357235,0.16663596388009805
W02000108,Powys 012,2021,17,0.13071439914755056,0.00880585338095505,0.36784411450509275,0.12753351516996375,7.883067161610543e-4,0.081362199413818,0.18738654691278397,0.10602434749896597
W02000108,Powys 012,2023,12,0.1708727044563507,0.01245678065628967,0.43750295966795877,0.15514020554084124,0.0011338272323500836,0.09799332983121374,0.22833007937222216,0.13033674954100843
W02000108,Powys 012,2025,31,0.09335051787031395,0.00413542545216157,0.25207988083565136,0.15630646607157145,0.0016281702051083465,0.09225470860306237,0.25246899929879496,0.1602142906957326
W02000109,Powys 013,2021,19,0.04606357820323005,0.00115671687406302,0.1333188694658805,0.1357355800641571,0.0010284173972078742,0.08124560889800929,0.2098441817545868,0.1285985728565775
W02000109,Powys 013,2023,16,0.3046914644681177,0.01570422104154662,0.4912315887325632,0.1655555129951399,0.0014177270066415136,0.10098966969489359,0.25039667206021515,0.14940700236532156
W02000109,Powys 013,2025,35,0.4129090231611433,0.01052331809282885,0.40211885362746896,0.16877115000759513,0.002088934664485526,0.09223042001656181,0.2732294691690831,0.18099904915252127
W02000110,Powys 014,2021,25,0.07649586349486223,0.0031622018401281,0.2204311062583979,0.12071440264923673,5.635458960619059e-4,0.08053848413145999,0.17293487808230298,0.092396393950843
W02000110,Powys 014,2023,13,0.17417748717299184,0.01324202948512799,0.45108185939820983,0.14729325068680366,7.86427801495942e-4,0.10114850402975362,0.20772402104475657,0.10657551701500295
W02000110,Powys 014,2025,30,0.22783181426432603,0.00872403845257044,0.36613131232224005,0.1485972780525316,0.0012608728015223926,0.08184306939874161,0.22012583658982382,0.1382827671910822
W02000111,Powys 015,2021,13,0.34563781929446286,0.02651960369840405,0.6383540257523148,0.13159754923295652,7.408863155329163e-4,0.08363630013565133,0.18975346097101953,0.1061171608353682
W02000111,Powys 015,2023,14,0.16199556113550218,0.01101646306323544,0.411433052668921,0.16065918657366404,0.0011018641439651073,0.10015952105967821,0.23703266154053593,0.13687314048085772
W02000111,Powys 015,2025,40,0.16438287185584582,0.00649688067225321,0.31595885533040063,0.16175149893340607,0.0017271143566961783,0.08856756004302524,0.25089218039171274,0.1623246203486875
W02000113,Powys 017,2021,13,0.0333264045456834,0.00114665466007505,0.13273773628076263,0.13390815523568086,0.0013381406550494362,0.07950825519900698,0.22011229204659916,0.14060403684759218
W02000113,Powys 017,2023,10,0.17795160171170055,0.01395529767229613,0.46307105864501674,0.16351036986035347,0.001792775621257632,0.09747305950057167,0.2588996707532961,0.16142661125272445
W02000113,Powys 017,2025,36,0.2618622228010663,0.00853863865885935,0.3622199817392469,0.1645031311158221,0.002511543828193151,0.08978206227966508,0.26539479859328774,0.17561273631362267
W02000114,Powys 018,2021,18,0.1058660636516851,0.0039952661471837,0.24777126856937592,0.12750427510284204,6.936042680034969e-4,0.08727077196572994,0.1878475285884904,0.10057675662276047
W02000114,Powys 018,2023,5,0.2886249915018037,0.05301340957434953,0.9025493445224041,0.15485805787329415,9.5194902098489e-4,0.10114086984528306,0.22392321123230144,0.12278234138701838
W02000114,Powys 018,2025,34,0.17283430302697408,0.00657371939807889,0.31782178884726087,0.15636249598711602,0.0015814491071253736,0.08267883583723515,0.2536248949830151,0.17094605914577995
W02000116,Ceredigion 001,2021,6,0,0,0,0.10652298187256812,8.568969106118031e-4,0.05218577086001133,0.16606586387201094,0.11388009301199961
W02000116,Ceredigion 001,2023,8,0,0,0,0.13125671572932873,0.0013189700101315072,0.06519074638357217,0.20868986835163517,0.143499121968063
W02000116,Ceredigion 001,2025,28,0.0216680769408185,4.7499939522030026e-4,0.08543279502845255,0.1326757043739857,0.0018106646809662003,0.061389539409898386,0.2109122176353319,0.14952267822543353
W02000117,Ceredigion 002,2021,8,0,0,0,0.14858796741740538,0.001907806270408429,0.06722416909560765,0.23769766599928965,0.17047349690368202
W02000117,Ceredigion 002,2023,5,0,0,0,0.17831891529862878,0.0025390917648733247,0.08068338456468122,0.2788885915984124,0.19820520703373118
W02000117,Ceredigion 002,2025,33,0.1254145715107483,0.0038100824099077,0.24196094462628845,0.18191481155841382,0.0033722481036250695,0.0794142863543006,0.30243413956002646,0.22301985320572587
W02000118,Ceredigion 003,2021,11,0,0,0,0.12190601527672254,0.0011161245635842643,0.06335344113663405,0.19613829778245606,0.132784856645822
W02000118,Ceredigion 003,2023,5,0.11730413417446586,0.01363808105992421,0.4577777923184449,0.14805460765673517,0.001549033463706364,0.07542884145561501,0.2386909612977542,0.16326211984213918
W02000118,Ceredigion 003,2025,24,0.3297731413729008,0.01723814473321186,0.514663475050634,0.14993447361907727,0.002110036292477725,0.07379778375296031,0.25847519154226595,0.18467740778930564
W02000120,Ceredigion 005,2021,6,0,0,0,0.1134277577548351,8.741823719430122e-4,0.07011100229610068,0.1792631978523785,0.10915219555627781
W02000120,Ceredigion 005,2023,3,0.47234863851125647,0.09633140248014103,1.2166398247093073,0.13935110151251315,0.0013239971637588387,0.08123769213522049,0.22047517851918996,0.1392374863839695
W02000120,Ceredigion 005,2025,30,0.16717430422124294,0.00832342584968711,0.35762604854050567,0.14191651201298083,0.001961118756718197,0.07608138411564712,0.2412841289543774,0.16520274483873026
W02000122,Ceredigion 007,2021,11,0,0,0,0.10675359516942834,7.87793428584994e-4,0.05805788220738247,0.17199621901813664,0.11393833681075416
W02000122,Ceredigion 007,2023,5,0.13471114352661953,0.01780572436534221,0.5230677085123573,0.13134223141574353,0.0011229008341678518,0.07340200079048448,0.2038973531003973,0.13049535230991283
W02000122,Ceredigion 007,2025,36,0.11525596053876372,0.0032147792665267,0.22225608806044955,0.13333895936880238,0.0017113791601178845,0.06647609556443641,0.21594229475079116,0.14946619918635473
W02000123,Ceredigion 008,2021,5,0.13408260985062156,0.01713986999890884,0.5131943288574375,0.1297930092218356,8.432045263823091e-4,0.08557710770787781,0.19801663630545674,0.11243952859757893
W02000123,Ceredigion 008,2023,4,0.6075384631657605,0.06333543674061774,0.9865099535833599,0.1559046302864033,0.0011902131607444064,0.10070529274872325,0.23181131087538867,0.13110601812666542
W02000123,Ceredigion 008,2025,21,0.2147557505929441,0.01519637482965234,0.4832235430189309,0.15844045556699204,0.001980252394420744,0.08934262008214006,0.2805491209887554,0.19120650090661534
W02000124,Ceredigion 009,2021,10,0,0,0,0.10068934743728063,7.317774425794318e-4,0.05304672464292282,0.16111524319370094,0.10806851855077812
W02000124,Ceredigion 009,2023,9,0.07888291900823918,0.00609448443439128,0.3060177183633354,0.1240541559915817,0.0010953580066992417,0.07107285684282913,0.1892967078723657,0.11822385102953656
W02000124,Ceredigion 009,2025,27,0.12015517339067466,0.00384743179103896,0.24314399676492615,0.12658139179449654,0.0017304453006268413,0.06508522824465056,0.20497402592903502,0.13988879768438445
W02000125,Ceredigion 010,2021,12,0.21917961940435535,0.02239875888291658,0.5866648442965737,0.10756099467033339,7.323885154225812e-4,0.06333855242946942,0.1668770549484146,0.10353850251894517
W02000125,Ceredigion 010,2023,7,0,0,0,0.13209296917662014,0.0010897665564917308,0.0777622677444357,0.2106314801354715,0.1328692123910358
W02000125,Ceredigion 010,2025,36,0.14617540956978628,0.00500511048352681,0.27732238146599486,0.13460962276592758,0.0015898344325949083,0.0682895219513002,0.2226520680445696,0.1543625460932694
W02000126,Pembrokeshire 001,2021,6,0,0,0,0.10592087626189164,7.570933732858913e-4,0.06111723932689619,0.16370181931898062,0.10258457999208442
W02000126,Pembrokeshire 001,2023,5,0.3780849951838567,0.07246385043349798,1.0552097373114417,0.12981200977096213,0.0010767169532102136,0.07631437054878626,0.20510077650573166,0.1287864059569454
W02000126,Pembrokeshire 001,2025,18,0.3032450311456092,0.01956750943253327,0.5483348674254461,0.1312019828951991,0.0015148488788353145,0.06959461948955606,0.21935798094233305,0.149763361452777
W02000127,Pembrokeshire 002,2021,15,0,0,0,0.09525667829792109,7.180495004236255e-4,0.045337069149013774,0.15214597253086232,0.10680890338184854
W02000127,Pembrokeshire 002,2023,5,0,0,0,0.11683885213165505,0.0010238214571567027,0.0564390155266598,0.18457848792607312,0.1281394723994133
W02000127,Pembrokeshire 002,2025,13,0.2690954163279087,0.02812020741323871,0.65733589224181,0.11876527604906333,0.0013668111620362916,0.0524077363435351,0.1972376906449445,0.1448299543014094
W02000128,Pembrokeshire 003,2021,9,0.05785220874888427,0.0024423752881622,0.19372438250417562,0.14071246273065066,0.001575042394427184,0.07720886239434832,0.23671102620336498,0.15950216380901666
W02000128,Pembrokeshire 003,2023,6,0.6905345654021999,0.03648845967121849,0.7487827862806251,0.17128738559096168,0.0021890106003130596,0.098010771695882,0.28263984809382847,0.18462907639794646
W02000128,Pembrokeshire 003,2025,13,0.02246704895695863,5.547631760222455e-4,0.09232767506932991,0.17288708248116358,0.0029963272661353694,0.09248434271556494,0.30460107276998666,0.21211673005442172
W02000129,Pembrokeshire 004,2021,6,0,0,0,0.097871546358691,6.414309517382326e-4,0.05295901975869396,0.1497594089421454,0.09680038918345144
W02000129,Pembrokeshire 004,2023,4,0,0,0,0.12088436821466815,9.291012143684359e-4,0.06875616410483101,0.18772721451765523,0.11897105041282421
W02000129,Pembrokeshire 004,2025,16,0.07734105470699854,0.00336047291040065,0.22723660183484728,0.12342350588070305,0.0013797961693918445,0.06612555464229716,0.21065432811180917,0.144528773469512
W02000130,Pembrokeshire 005,2021,10,0.0218462097672741,5.505489771829779e-4,0.09197632792460629,0.11018241831307445,0.0010510682179872431,0.057637403761821346,0.17463351280647244,0.11699610904465109
W02000130,Pembrokeshire 005,2023,3,0,0,0,0.13483884826958628,0.0014855177520163951,0.068816116766834,0.21538739035765048,0.14657127359081648
W02000130,Pembrokeshire 005,2025,16,0.18611119234914236,0.00947440478178165,0.3815522811872664,0.1371549825471828,0.001892793929358225,0.06600704065849011,0.22197410099261933,0.15596706033412921
W02000131,Pembrokeshire 006,2021,14,0,0,0,0.10224605538218495,0.0010028346226100362,0.05274153244789459,0.17509881118832551,0.12235727874043092
W02000131,Pembrokeshire 006,2023,7,0.21823227825356092,0.03483912681480942,0.7316640513460554,0.12628245192255497,0.0014383102046644166,0.06328265794069737,0.2167713062954043,0.15348864835470694
W02000131,Pembrokeshire 006,2025,14,0.2059601230258639,0.01598238057573869,0.49556293985067856,0.12841844950831632,0.0018827457235022702,0.05976907462139439,0.23416192789890164,0.17439285327750725
W02000132,Pembrokeshire 007,2021,6,0,0,0,0.09372983447896352,5.794987695436565e-4,0.053451248607628024,0.138427408045873,0.08497615943824498
W02000132,Pembrokeshire 007,2023,6,0,0,0,0.11505959668489094,8.620873608118462e-4,0.06143218307049951,0.1781186307492595,0.11668644767875998
W02000132,Pembrokeshire 007,2025,11,0,0,0,0.11743866696675778,0.0011968160617008936,0.060568603931019524,0.1950835324368067,0.13451492850578717
W02000133,Pembrokeshire 008,2021,10,0.41283899813086133,0.04757877286985046,0.8550365997281971,0.10865374672353875,9.006515034343472e-4,0.058723939590639956,0.16743328700051807,0.10870934740987812
W02000133,Pembrokeshire 008,2023,0,NA,NA,NA,0.13297871308099143,0.0012673516802976085,0.07676296500459673,0.20010943483685065,0.12334646983225392
W02000133,Pembrokeshire 008,2025,13,0.32160362306924334,0.02258368403794515,0.5890816318689065,0.1353221072750392,0.0017679745590567695,0.06704029647904808,0.21985624607252124,0.15281594959347317
W02000134,Pembrokeshire 009,2021,10,0.35622973532524743,0.0621289595695766,0.9770687586021746,0.10423967661900176,0.0010257966121486844,0.05110196083548658,0.16814210245318661,0.11704014161770004
W02000134,Pembrokeshire 009,2023,2,0,0,0,0.12822784885798816,0.0014045411929742985,0.06419805526490471,0.20335467815865738,0.13915662289375266
W02000134,Pembrokeshire 009,2025,19,0.248498848196269,0.01041969119615377,0.4001340508098445,0.13050097743899192,0.001779587878373583,0.061946206126269804,0.22282416179544345,0.16087795566917365
W02000135,Pembrokeshire 010,2021,10,0,0,0,0.1025760701127611,9.851106971462496e-4,0.051145051323664245,0.16983272322462528,0.11868767190096104
W02000135,Pembrokeshire 010,2023,5,0.2160171140620766,0.0363151875920126,0.7470028050830829,0.12622649888653734,0.0013847361137388947,0.06416388003661418,0.2141873293721483,0.15002344933553413
W02000135,Pembrokeshire 010,2025,16,0.1625268146406409,0.00810831111326606,0.3529744650650417,0.1286500356179724,0.0018686703971076146,0.05693412368616598,0.22603242536652293,0.16909830168035694
W02000136,Pembrokeshire 011,2021,15,0,0,0,0.08553337686304668,5.404567370973073e-4,0.04591624051293919,0.14055566081423243,0.09463942030129324
W02000136,Pembrokeshire 011,2023,5,0,0,0,0.10510698448753046,7.940781633492518e-4,0.05840768605441628,0.17051620123069153,0.11210851517627525
W02000136,Pembrokeshire 011,2025,23,0.07868015536839972,0.0025009162658183,0.1960323121237427,0.1067446146660493,0.0010287823992323813,0.05641623955306979,0.17702079457457032,0.12060455502150053
W02000137,Pembrokeshire 012,2021,15,0.05001729164591482,0.002476362984288,0.19506764395187184,0.10717026278578891,0.0012320910259874596,0.049461518873830074,0.17986906256159185,0.13040754368776178
W02000137,Pembrokeshire 012,2023,2,0,0,0,0.1320383489544498,0.0017377027684800175,0.06464750589594866,0.2268982408809695,0.16225073498502085
W02000137,Pembrokeshire 012,2025,13,0.08579073209676916,0.004191187142175,0.25377370089501355,0.13439070162170444,0.002352533493324938,0.05685911943035822,0.24817101719536852,0.19131189776501029
W02000138,Pembrokeshire 013,2021,12,0,0,0,0.10007666419907862,0.0012991984951849847,0.04803711441934984,0.18015664285293642,0.1321195284335866
W02000138,Pembrokeshire 013,2023,1,0,0,0,0.12320817308134192,0.001944370473861177,0.061162578125405216,0.21627682869352094,0.15511425056811573
W02000138,Pembrokeshire 013,2025,12,0.10601607823830984,0.010219966055312,0.3962806013439104,0.12484848115837,0.0023243948564521592,0.05542908697557722,0.23259572251378427,0.17716663553820705
W02000139,Pembrokeshire 014,2021,11,0,0,0,0.08743683269108857,7.638089670592006e-4,0.04140163757513165,0.1453880207587716,0.10398638318363995
W02000139,Pembrokeshire 014,2023,4,0,0,0,0.10797275009281339,0.0011685618796917169,0.051358855718524346,0.18132890181941963,0.1299700461008953
W02000139,Pembrokeshire 014,2025,20,0.35209858714901615,0.02171961600463605,0.5777023817956731,0.1091028875934101,0.001424841424044106,0.05169266045872935,0.19491595787895766,0.14322329742022832
W02000140,Pembrokeshire 015,2021,9,0.14526186177297862,0.01480410744747963,0.476945989129269,0.11256169352558311,0.001568556493047254,0.05142372427785791,0.21738829220345723,0.16596456792559933
W02000140,Pembrokeshire 015,2023,10,0.1566169536105545,0.01387544715000621,0.4617443398482173,0.1383272420674052,0.0022080926665804072,0.06555992557461712,0.2550709264484816,0.1895110008738645
W02000140,Pembrokeshire 015,2025,14,0.1726677409248139,0.0226457379422177,0.589890395816917,0.13890435272733878,0.0025455362149789432,0.06597483082631969,0.2599205334259301,0.1939457025996104
W02000141,Pembrokeshire 016,2021,10,0,0,0,0.08957007466807433,7.400187924055592e-4,0.043662562087832243,0.14515157400348327,0.10148901191565103
W02000141,Pembrokeshire 016,2023,5,0.09379934334303676,0.009157432454165,0.37511544716773676,0.11044326280546145,0.0010837229704771737,0.05768460944818292,0.1842709724694877,0.12658636302130477
W02000141,Pembrokeshire 016,2025,17,0.03546912066416068,0.00129967702376809,0.141317454930485,0.11146552990894759,0.001337929737364055,0.055741273506988355,0.19860713022992327,0.14286585672293492
W02000142,Carmarthenshire 001,2021,9,0.13704682389226022,0.01606175013541019,0.49679191512526255,0.11069089782754002,7.124808328056323e-4,0.06689670271788845,0.17136279802328755,0.1044660953053991
W02000142,Carmarthenshire 001,2023,2,0,0,0,0.1359050231854884,0.0010914806481660624,0.08016755589822278,0.21124670774509186,0.13107915184686908
W02000142,Carmarthenshire 001,2025,9,0.1085597992753008,0.00740187778089984,0.33724773500284644,0.13772363447265057,0.0015734087527151917,0.07374300499084074,0.23035171942352167,0.15660871443268093
W02000143,Carmarthenshire 002,2021,6,0,0,0,0.10871106606723525,6.282798312540486e-4,0.06467898946707794,0.16383648768990983,0.09915749822283189
W02000143,Carmarthenshire 002,2023,7,0,0,0,0.13371682549890196,9.291466342349861e-4,0.07998773522382194,0.19350701867764408,0.11351928345382215
W02000143,Carmarthenshire 002,2025,7,0,0,0,0.13452343198223368,0.0014475138804503323,0.07093824295636605,0.227978600134224,0.15704035717785794
W02000144,Carmarthenshire 003,2021,9,0.09097016580598384,0.00862237090412444,0.3639916634481905,0.1067853204308506,8.168579333071212e-4,0.061047891094894516,0.17292276452737848,0.11187487343248396
W02000144,Carmarthenshire 003,2023,4,0,0,0,0.13096372470639472,0.0011864183029974482,0.07126727087917707,0.20953337726522445,0.13826610638604736
W02000144,Carmarthenshire 003,2025,20,0.06599265594319388,0.00172428113716553,0.16277290909387862,0.13320678673753447,0.001859112205264535,0.06860066449264779,0.23898079931709226,0.17038013482444447
W02000145,Carmarthenshire 004,2021,7,0.23456238084119208,0.03797704043668866,0.7639037556377768,0.1161348403523667,6.889806559126039e-4,0.07118932389006366,0.17492737289015586,0.1037380490000922
W02000145,Carmarthenshire 004,2023,4,0,0,0,0.14276902448277004,9.501655874025511e-4,0.0911146657782606,0.20513925051458287,0.11402458473632227
W02000145,Carmarthenshire 004,2025,15,0.25999806831673655,0.01536098621601223,0.4858336999182376,0.14496854591271968,0.0014423465175966701,0.08732568324657274,0.23283765130764028,0.14551196806106753
W02000146,Carmarthenshire 005,2021,2,0,0,0,0.11090766033451373,6.556516201468298e-4,0.061669211132775945,0.16111393923715184,0.09944472810437589
W02000146,Carmarthenshire 005,2023,5,0,0,0,0.1353807118149222,9.830413198702917e-4,0.07961563472926977,0.2054470187474218,0.12583138401815203
W02000146,Carmarthenshire 005,2025,11,0.11287773362534176,0.0113282397831304,0.41721441316351643,0.13731955735493884,0.001580434787940498,0.06890547808741268,0.23092884856594809,0.1620233704785354
W02000147,Carmarthenshire 006,2021,7,0,0,0,0.11253375745097256,8.402608395194514e-4,0.06459767615255607,0.1720914370285255,0.10749376087596943
W02000147,Carmarthenshire 006,2023,3,0,0,0,0.13756881601057763,0.001214686625889181,0.08092083688759108,0.21202433560176215,0.13110349871417107
W02000147,Carmarthenshire 006,2025,12,0.2704269807429745,0.02339864101703794,0.5996162637125705,0.13992612801724028,0.001990317842988235,0.06767148788493643,0.247153220722095,0.17948173283715857
W02000148,Carmarthenshire 007,2021,6,0,0,0,0.12206722791580145,0.0015283493839476352,0.06353615769583094,0.21404974719506614,0.1505135894992352
W02000148,Carmarthenshire 007,2023,3,0.4215787752705564,0.0940528994760698,1.2021652803241425,0.1493277621221112,0.0021817619679806014,0.07461877054863958,0.2506441360215963,0.17602536547295672
W02000148,Carmarthenshire 007,2025,10,0.332246539269178,0.03636461716012154,0.7475110149045666,0.15173150142928524,0.002733917824230146,0.07030091738971952,0.272196911315048,0.20189599392532845
W02000149,Carmarthenshire 008,2021,6,0.19823795880340647,0.03118803907968298,0.6922645963005799,0.11453774246159658,7.499988060563936e-4,0.0677723413062036,0.17851863185927164,0.11074629055306803
W02000149,Carmarthenshire 008,2023,8,0.09239522812757683,0.0080848671593361,0.3524638095655888,0.13997747976286629,0.0011474134191408582,0.08766047834725653,0.21609303958170414,0.12843256123444763
W02000149,Carmarthenshire 008,2025,15,0.2968642002048154,0.02407259230352023,0.6081903387635527,0.1422680957032377,0.0016382590436665064,0.07923285367559944,0.22756172013528475,0.1483288664596853
W02000151,Carmarthenshire 010,2021,4,0,0,0,0.11729670345288136,7.988719071549173e-4,0.06661970122317923,0.17537357704979528,0.10875387582661605
W02000151,Carmarthenshire 010,2023,5,0,0,0,0.14391684047591075,0.001174143545795686,0.07700188379595019,0.21791234751393246,0.14091046371798227
W02000151,Carmarthenshire 010,2025,12,0.4865729101774327,0.02966075361199007,0.6751016622441818,0.14647100185977296,0.00180636784327892,0.0685063622696894,0.24255253891281392,0.17404617664312452
W02000152,Carmarthenshire 011,2021,8,0.06020085014244122,0.0037736298794235,0.2408006958988807,0.12128668525948712,6.966201181889002e-4,0.0743028365580387,0.17239988061102657,0.09809704405298787
W02000152,Carmarthenshire 011,2023,1,0,0,0,0.1476412152922621,0.0010636175909766198,0.09252744800469065,0.21316511990278775,0.1206376718980971
W02000152,Carmarthenshire 011,2025,11,0.19980982291969268,0.01761378862418134,0.5202408814239927,0.149125898668721,0.0015112078964567737,0.08453017408508992,0.23633797950393715,0.15180780541884722
W02000153,Carmarthenshire 012,2021,7,0,0,0,0.11293909331184504,7.197767034312468e-4,0.06701138113779168,0.1759648275727878,0.10895344643499613
W02000153,Carmarthenshire 012,2023,3,0,0,0,0.13906565624503853,0.0010613646448767052,0.08161700699324381,0.21597419455017614,0.13435718755693232
W02000153,Carmarthenshire 012,2025,12,0.20039526802664004,0.02833171621297215,0.6598033681384919,0.1408415470146915,0.0017823433330427115,0.0756598447302296,0.2374517284943976,0.161791883764168
W02000154,Carmarthenshire 013,2021,8,0.2285910182098281,0.01805950830733252,0.5267821465638384,0.14431651695686748,0.001225636829042183,0.08905333355730195,0.22594974045589533,0.1368964068985934
W02000154,Carmarthenshire 013,2023,4,0.20106968044923307,0.03648779588946124,0.7487759754886841,0.17628711369995578,0.0017492927464837827,0.11094467018125292,0.2699715460267367,0.15902687584548375
W02000154,Carmarthenshire 013,2025,13,0.13504243620429662,0.00882794505116138,0.3683052396335785,0.17988368294020363,0.0026379738413213963,0.0971747603467282,0.3091934784771512,0.21201871813042297
W02000156,Carmarthenshire 015,2021,12,0,0,0,0.11485739335997903,7.874247697136997e-4,0.06996703126930763,0.17864957773229154,0.1086825464629839
W02000156,Carmarthenshire 015,2023,3,0,0,0,0.14084051955294455,0.0011573464397278922,0.08510356571732391,0.21490323173588402,0.1297996660185601
W02000156,Carmarthenshire 015,2025,7,0.05883994883762803,0.00369367440371187,0.2382360016362856,0.14317966674618376,0.0015959296525232785,0.08114550368761428,0.2305696728488032,0.14942416916118892
W02000157,Carmarthenshire 016,2021,4,0,0,0,0.13289178979816654,9.442820214199335e-4,0.08512912187522734,0.200561988649065,0.11543286677383766
W02000157,Carmarthenshire 016,2023,6,0.47034066890210224,0.04892456193418357,0.8670448431094333,0.16209491493741782,0.0014059130570831533,0.10238331711174337,0.2530695350229234,0.15068621791118003
W02000157,Carmarthenshire 016,2025,10,0.07381366487938326,0.00547721610347597,0.2901068776402632,0.16551604250097554,0.0024143844504357337,0.09329982182643928,0.293653359104048,0.2003535372776087
W02000158,Carmarthenshire 017,2021,15,0.04756372055979965,0.00224029093699532,0.1855369007054044,0.13232937691231073,8.840700228331425e-4,0.07905971581691915,0.19856505651691458,0.11950534069999544
W02000158,Carmarthenshire 017,2023,4,0.3978256498449094,0.06156795372300046,0.97264743643585,0.1615478972519879,0.001387564682302047,0.09611942659194939,0.2474929047744667,0.1513734781825173
W02000158,Carmarthenshire 017,2025,10,0.02982852985554847,9.620377518338888e-4,0.12158336082907129,0.16322090453510235,0.0017916109414909034,0.08564837936601372,0.2551055896239307,0.169457210257917
W02000159,Carmarthenshire 018,2021,9,0.08954296808812531,0.00772963009383915,0.3446334615482435,0.13095454497891287,9.407046206876523e-4,0.078518142652986,0.1966336496480119,0.11811550699502589
W02000159,Carmarthenshire 018,2023,6,0.1952223080601683,0.03052578617792752,0.6848753187896975,0.15902954630611107,0.0014615278014944427,0.09365734278023147,0.23994097615512336,0.1462836333748919
W02000159,Carmarthenshire 018,2025,9,0.11541527583403556,0.01226480196722176,0.4341185630725812,0.16161305964848202,0.002288775432773194,0.08155263192521167,0.2756306567133959,0.19407802478818426
W02000160,Carmarthenshire 019,2021,5,0,0,0,0.12117225981921119,8.609898865676015e-4,0.07080894447554612,0.18810745029226755,0.11729850581672144
W02000160,Carmarthenshire 019,2023,3,0,0,0,0.1491222832245772,0.0013358916780317797,0.0899707814143626,0.23016605444335692,0.14019527302899432
W02000160,Carmarthenshire 019,2025,6,0.304816817216375,0.03421625630710492,0.7250940341833164,0.15203871730774457,0.00215315210850051,0.08602562747832218,0.25760517097316515,0.17157954349484297
W02000161,Carmarthenshire 020,2021,11,0.09864675077769616,0.00928749944213018,0.3777700181547643,0.14386899006054604,0.001361653044269828,0.08405575089218056,0.22272887957792808,0.13867312868574752
W02000161,Carmarthenshire 020,2023,5,0.4820884187887595,0.05492001714950025,0.9186359111456949,0.17376068168391307,0.0018723912238210873,0.10169520480708344,0.2680988495147339,0.16640364470765046
W02000161,Carmarthenshire 020,2025,8,0,0,0,0.17735466072143855,0.002652303761506938,0.09386566164109071,0.28432209941843617,0.19045643777734544
W02000162,Carmarthenshire 021,2021,11,0.03230184194529271,0.00120239049805652,0.1359254734724587,0.1231898287714838,0.0012251195079737136,0.06325669107313328,0.20840981548350002,0.14515312441036674
W02000162,Carmarthenshire 021,2023,2,0,0,0,0.14975435171886092,0.0017091228138114355,0.07777106599026815,0.2398679810604029,0.16209691507013477
W02000162,Carmarthenshire 021,2025,5,0,0,0,0.15280116138139907,0.0024563923176844885,0.07735765221631588,0.2617205369897207,0.18436288477340482
W02000163,Carmarthenshire 022,2021,12,0.23659184026031504,0.02579313541890911,0.6295498949831583,0.14471716945196117,0.0013959588406099667,0.0853137771994474,0.22338246605047957,0.13806868885103218
W02000163,Carmarthenshire 022,2023,5,0,0,0,0.17699204309910185,0.00205209186749748,0.10245559559802772,0.2784455230299153,0.1759899274318876
W02000163,Carmarthenshire 022,2025,12,0.2033415802781794,0.01639879804613141,0.5019773198187067,0.18169620166607664,0.003179884719366652,0.0941883494344119,0.3045019302523775,0.21031358081796558
W02000164,Carmarthenshire 023,2021,7,0.26102730416474546,0.02976521032347925,0.6762893751847509,0.15216264244686156,0.0015384239135636725,0.09317899253061016,0.23946973290857887,0.14629074037796871
W02000164,Carmarthenshire 023,2023,2,1,0,0,0.18403900644455698,0.002042276177252838,0.10656149857896403,0.2914096282368459,0.1848481296578819
W02000164,Carmarthenshire 023,2025,21,0.15145645877934877,0.00638587258219278,0.313247930934544,0.1866067712323421,0.002913779211871694,0.10044513718058774,0.32043162728668895,0.21998649010610122
W02000165,Carmarthenshire 024,2021,7,0.7492109322523505,0.04213698707853686,0.804655207378464,0.14552973392049337,0.001459185089215746,0.08502747375665626,0.21979782015600613,0.13477034639934987
W02000165,Carmarthenshire 024,2023,5,0.3111153116848293,0.05804979447757004,0.9444488234633838,0.1773309995594433,0.002097440600244554,0.10208907481295357,0.27275379445106984,0.17066471963811627
W02000165,Carmarthenshire 024,2025,5,0.04460589483460792,0.00258885781315688,0.19944914822454768,0.18093434955917057,0.003225081846711606,0.0925004647784761,0.3153961306688936,0.2228956658904175
W02000166,Carmarthenshire 025,2021,4,0.15612989955161513,0.02693023445625694,0.6432771928036902,0.13986472643134534,0.0017492913134458938,0.06993977212733239,0.23736784240060887,0.1674280702732765
W02000166,Carmarthenshire 025,2023,3,0,0,0,0.1704526190368685,0.0024347628078015327,0.08779873312689712,0.2837489994209722,0.19595026629407508
W02000166,Carmarthenshire 025,2025,11,0.479665552414865,0.03436522188755858,0.7266707225286364,0.17348507264031698,0.0029964664195211562,0.085547437710318,0.291498136548919,0.20595069883860098
W02000167,Carmarthenshire 026,2021,9,0.33604421260374767,0.04204022748596404,0.803730807422346,0.1567765815097159,0.0017024375630860233,0.09293661660589914,0.2465785333163752,0.15364191671047606
W02000167,Carmarthenshire 026,2023,3,0.6329721270766093,0.08110008501195173,1.1163200919596588,0.19023159031952636,0.0024375813339303854,0.11164219413716817,0.28958704424151893,0.17794485010435077
W02000167,Carmarthenshire 026,2025,10,0.4589448374458594,0.02701811366841075,0.6443259146426844,0.19222216383370416,0.0035209688721048065,0.09650700549460992,0.34716156805255133,0.2506545625579414
W02000168,Swansea 001,2021,13,0,0,0,0.11046760577615142,7.820411493657222e-4,0.05938863425224557,0.1699941397315758,0.11060550547933022
W02000168,Swansea 001,2023,5,0,0,0,0.13703382786224033,0.0011878568929808942,0.07092707121422676,0.20877999791528412,0.13785292670105737
W02000168,Swansea 001,2025,17,0.18361995535619988,0.0200861932354291,0.5555548008195258,0.13963778278458666,0.001785952009597474,0.06677704645594945,0.23373678154114014,0.16695973508519069
W02000169,Swansea 002,2021,6,0.32726129190546793,0.06176508163109479,0.9742033004309966,0.12070687405632316,8.038978536439246e-4,0.07045064915061987,0.19008664255282026,0.1196359934022004
W02000169,Swansea 002,2023,1,0,0,0,0.1483289237939639,0.0011640619153798683,0.08786801186039665,0.21487108796427445,0.1270030761038778
W02000169,Swansea 002,2025,17,0.21235991071668048,0.00936872533001717,0.3794183577933726,0.15160747282974096,0.0018254003805122793,0.08610028798780978,0.24573945937044786,0.15963917138263808
W02000170,Swansea 003,2021,5,0,0,0,0.12371482162152271,9.785062654060956e-4,0.07423274147347309,0.19046981938520877,0.11623707791173568
W02000170,Swansea 003,2023,5,0.5444928596855071,0.07251248986734608,1.0555638186512644,0.1517801432001113,0.0014196708038376152,0.08875238240355532,0.23436180376890325,0.14560942136534794
W02000170,Swansea 003,2025,13,0.12613782013815375,0.01385209999298553,0.46135570529989667,0.15526783954225176,0.0023430056474482916,0.08177601795722195,0.25506091030494443,0.17328489234772249
W02000171,Swansea 004,2021,9,0.23017958058915464,0.02603927313980572,0.6325465848057998,0.11810803354162765,7.750818803138237e-4,0.06841693654172662,0.17387975529924418,0.10546281875751756
W02000171,Swansea 004,2023,7,0,0,0,0.1448801160097356,0.0010591533867070047,0.080521433155947425,0.20755741766181024,0.12703598450586281
W02000171,Swansea 004,2025,4,0.6968712317346386,0.05184205493777315,0.892522535790818,0.14835829346219118,0.0016634664989291102,0.0754351673834939,0.23233175414748142,0.15689658676398752
W02000172,Swansea 005,2021,8,0.09428135406700092,0.00865036864405945,0.36458214399489197,0.11424270951403782,0.0011212255955682033,0.05968202142912621,0.1876896991131715,0.12800767768404528
W02000172,Swansea 005,2023,7,0,0,0,0.14026759539896738,0.0015448835492978714,0.07483207125318564,0.23056734832611792,0.15573527707293228
W02000172,Swansea 005,2025,7,0,0,0,0.14390938159869923,0.002139644503512334,0.07255899888888095,0.2429538417966541,0.17039484290777315
W02000173,Swansea 006,2021,12,0.31339800305349097,0.04472444693261124,0.8289924515215942,0.12153899420339302,9.53227585017698e-4,0.06702807039071756,0.18818972893168612,0.12116165854096855
W02000173,Swansea 006,2023,3,0,0,0,0.14939047918317697,0.0013985903348602692,0.0861088419547747,0.23053256802733463,0.14442372607255993
W02000173,Swansea 006,2025,7,0.13584555172983476,0.01643109043321021,0.5024713216822555,0.15248913609049117,0.002101996580607487,0.08013433395371947,0.2683489790808683,0.18821464512714883
W02000174,Swansea 007,2021,13,0.06210812928663949,0.0037572545052504,0.24027765989194155,0.113254289984461,9.462575108779683e-4,0.05887579497419759,0.18305259476779784,0.12417679979360025
W02000174,Swansea 007,2023,2,0,0,0,0.13918874241620144,0.0013987519895877246,0.0744650338007741,0.21565448923325423,0.14118945543248013
W02000174,Swansea 007,2025,10,0.3050241900452019,0.05192578673240396,0.8932430161264628,0.14206880568409835,0.0020913028757345675,0.06888913236355607,0.24221211021991507,0.173322977856359
W02000175,Swansea 008,2021,3,0,0,0,0.11397162620320753,9.616726676380401e-4,0.06508091001648258,0.17776712468406852,0.11268621466758594
W02000175,Swansea 008,2023,3,0,0,0,0.14044455491036023,0.001493010690019948,0.07935116384502022,0.21831922660401792,0.1389680627589977
W02000175,Swansea 008,2025,6,0.2842427254159557,0.05146719348627623,0.8892898389034409,0.14333106831539952,0.0021735014346855744,0.07036846842559845,0.23928505926064114,0.16891659083504268
W02000176,Swansea 009,2021,7,0.3415309764087192,0.06091412099118625,0.9674690431976033,0.12340934866630433,9.453383858694401e-4,0.06996097068103818,0.19409418375438753,0.12413321307334935
W02000176,Swansea 009,2023,6,0.21688537879473965,0.03586825439230302,0.7423918701554137,0.15092160066157936,0.0013059978568112178,0.08564428181596292,0.22485844243138542,0.1392141606154225
W02000176,Swansea 009,2025,7,0.2143825830882824,0.03422371683773016,0.7251730798181535,0.15422837864062397,0.0018881216432838853,0.07658069185397721,0.2427499688341832,0.166169276980206
W02000177,Swansea 010,2021,8,0,0,0,0.10296110020018585,8.151722936871383e-4,0.05544918993495963,0.16646691075064568,0.11101772081568605
W02000177,Swansea 010,2023,6,0,0,0,0.12714561788793582,0.0011953477393303509,0.07017142850025818,0.20480839442320858,0.1346369659229504
W02000177,Swansea 010,2025,6,0,0,0,0.13013493668018805,0.0018103298904036632,0.06627818376127811,0.2257538049154297,0.1594756211541516
W02000178,Swansea 011,2021,13,0.10557749277367684,0.00973051594575015,0.38667493484686455,0.11971804040260231,9.860210474097568e-4,0.06548405223116716,0.18262143050456756,0.1171373782734004
W02000178,Swansea 011,2023,6,0,0,0,0.1474896208970522,0.001440585359938956,0.07710952952429193,0.22423557622450202,0.1471260467002101
W02000178,Swansea 011,2025,10,0,0,0,0.1514963848445969,0.002124001734198753,0.07403531431617433,0.23886141658064414,0.1648261022644698
W02000179,Swansea 012,2021,10,0.08944517479268621,0.00754761580464424,0.34055164253288217,0.11660755752066097,8.067557410732503e-4,0.06461847535846035,0.1794952437001358,0.11487676834167546
W02000179,Swansea 012,2023,6,0.0417253249187784,0.00206720842182614,0.1782256550133813,0.14433294673420305,0.0012372444101354536,0.07457572117744896,0.22139782524040252,0.14682210406295357
W02000179,Swansea 012,2025,14,0.24764267951482924,0.02928269718646051,0.670785436337563,0.14744114578733902,0.0018331737782126872,0.0760558058792209,0.24309093522428984,0.16703512934506895
W02000180,Swansea 013,2021,5,0,0,0,0.11765743622013487,8.902287986381796e-4,0.06924515990702138,0.19093861152506159,0.12169345161804021
W02000180,Swansea 013,2023,2,0,0,0,0.145068488350828,0.0013613075394196678,0.08525256036209823,0.23196416950401008,0.14671160914191184
W02000180,Swansea 013,2025,9,0.08040879968974707,0.00654770495938855,0.3171923011142976,0.14853623979226185,0.002169303797902706,0.07808439699261648,0.24938831109921727,0.17130391410660079
W02000181,Swansea 014,2021,5,0,0,0,0.10924524944789883,8.579228458249272e-4,0.05649863229410665,0.17054731362765968,0.11404868133355303
W02000181,Swansea 014,2023,7,0.07662829889642137,0.00626676249543404,0.31031281034001934,0.134308675607142,0.001288550615647541,0.0721038265000934,0.20727314715826056,0.13516932065816717
W02000181,Swansea 014,2025,8,0.2063450402167813,0.02192115016840678,0.5803764146627142,0.13787717300492658,0.0018363212555911265,0.07211150581530076,0.2321005326812881,0.15998902686598734
W02000182,Swansea 015,2021,11,0.03075304023895119,0.00112422444029347,0.1314330535688076,0.12956658885614084,0.0012556168227556414,0.07133351555423414,0.20633002891368546,0.13499651335945131
W02000182,Swansea 015,2023,4,0.03386443230632921,0.00195425644360269,0.17328814908326398,0.15841056933685596,0.001785361318700779,0.0863918132548808,0.24383097740121012,0.15743916414632933
W02000182,Swansea 015,2025,11,0.2120499599980602,0.03210861699624001,0.7024070898859021,0.1616151355037484,0.002463745126043074,0.08111946332653666,0.26300444461530215,0.18188498128876548
W02000183,Swansea 016,2021,11,0,0,0,0.1252712385380168,0.001094601316046942,0.0654317988252614,0.20020535588582064,0.13477355706055924
W02000183,Swansea 016,2023,5,0.10312664013304068,0.01188731312806185,0.42738565193579553,0.15461620677425844,0.0016098318766491993,0.08184987738525723,0.23948709138145888,0.15763721399620165
W02000183,Swansea 016,2025,9,0.20765156239873592,0.03208418772704308,0.7021398320814901,0.15875863737288434,0.00224306091844963,0.07634982428589836,0.26903906761932217,0.1926892433334238
W02000184,Swansea 017,2021,5,0.1945492170053909,0.03330182419997291,0.7153393217716777,0.125567540529117,9.682064376501867e-4,0.07055495822652569,0.19895529682540364,0.12840033859887795
W02000184,Swansea 017,2023,4,0.3614948223729675,0.08133307219283634,1.1179224438024724,0.15446499369488437,0.0014019950887443867,0.08938452062849377,0.23967304141430085,0.15028852078580707
W02000184,Swansea 017,2025,16,0.13032373465975444,0.01408706498058976,0.4652521038206182,0.15713943643857514,0.002170986494359028,0.0823600266767687,0.26554906312701987,0.18318903645025117
W02000185,Swansea 018,2021,12,0,0,0,0.12245865763982848,0.0011014708243384933,0.07052413154572398,0.1936677944002238,0.12314366285449982
W02000185,Swansea 018,2023,7,0.5111342947018428,0.04027874639370389,0.7867125157784016,0.1494078040005705,0.0016488672087809667,0.08097560030185555,0.25294451721047573,0.17196891690862018
W02000185,Swansea 018,2025,6,0,0,0,0.15203551581566402,0.0023548980164475606,0.07828140928787786,0.272270930550378,0.19398952126250013
W02000186,Swansea 019,2021,11,0.1650752298991866,0.02123591473622745,0.5712333743015695,0.13568507110204553,0.0013019159403734703,0.07690399188419159,0.2262778453839019,0.1493738534997103
W02000186,Swansea 019,2023,6,0.1264890353690798,0.01483064807299354,0.47737332919471465,0.16723550588734953,0.0018332978732992103,0.09479222719833554,0.2570190253125806,0.16222679811424506
W02000186,Swansea 019,2025,11,0.3346087921705049,0.02620285173450932,0.6345303016338026,0.17094959706550708,0.0026106209620549766,0.09222630210789488,0.2909605867153031,0.19873428460740822
W02000188,Swansea 021,2021,10,0.02512028909033901,6.998130632569989e-4,0.10369769649679925,0.12533532134690836,0.00130049177824579,0.061497513622221646,0.20684836670287873,0.1453508530806571
W02000188,Swansea 021,2023,7,0.1849270406530563,0.02749729943167805,0.6500145950579483,0.1545936888132411,0.0018615808113502579,0.07933449248946267,0.24859600830657896,0.1692615158171163
W02000188,Swansea 021,2025,5,0.13897817046277686,0.01844925430414842,0.5324361020137532,0.1586306963162423,0.0025577616863486008,0.07043044889270642,0.27364330643104307,0.20321285753833665
W02000189,Swansea 022,2021,10,0,0,0,0.12579235012521195,0.0011084845144507904,0.07198345412795032,0.198674714090688,0.12669125996273767
W02000189,Swansea 022,2023,8,0.3562960079821394,0.03499415269039485,0.7332901104617034,0.153409672865977,0.0015471462469525367,0.08813585954722668,0.24344775275791647,0.15531189321068978
W02000189,Swansea 022,2025,15,0,0,0,0.15741986920943413,0.002207545992826112,0.08111576043352016,0.25918903381181263,0.17807327337829248
W02000191,Swansea 024,2021,8,0.3988146059280348,0.04014108920948344,0.7853670255773153,0.16694770542065857,0.0019168586267084237,0.09681748164938844,0.2616848348561487,0.16486735320676024
W02000191,Swansea 024,2023,1,1,0,0,0.20137766602259946,0.002494851674729606,0.114020991767669,0.3112198115790599,0.19719881981139092
W02000191,Swansea 024,2025,10,0.23300905004342748,0.02196400610444944,0.5809434567588032,0.2035543482584249,0.0031821463026147933,0.10905182057650067,0.33170994543747023,0.22265812486096956
W02000192,Swansea 025,2021,10,0.08772431892535032,0.00746695727101445,0.33872708112865485,0.1412879207981018,0.0012197324213413354,0.07889595620868681,0.21274875467326593,0.13385279846457912
W02000192,Swansea 025,2023,4,0.14784933055527222,0.02243205228205621,0.5871006901892606,0.17411742182188442,0.0018220674433396431,0.09703295883426633,0.26037316455975157,0.16334020572548524
W02000192,Swansea 025,2025,18,0.1078801290794299,0.01012995719370896,0.39453168904424996,0.17620133358976842,0.002530519510560451,0.08761808828020666,0.28418702194414813,0.19656893366394146
W02000193,Swansea 026,2021,10,0.3583113814135157,0.03493154188568444,0.7326338231264203,0.17978995131330838,0.0028712726684931088,0.09040578974136228,0.3004150280184933,0.21000923827713103
W02000193,Swansea 026,2023,5,0,0,0,0.21268416393860134,0.003558338835465665,0.10619722983175382,0.3415881897257775,0.23539095989402364
W02000193,Swansea 026,2025,14,0.10782255669977564,0.01026360563372489,0.39712576543859945,0.2142803587533177,0.004204663104779993,0.10802973166493214,0.350155555528927,0.2421258238639949
W02000194,Swansea 027,2021,7,0,0,0,0.12558665450059323,0.001066711592234476,0.0669748227861728,0.19324976172505132,0.12627493893887853
W02000194,Swansea 027,2023,4,0,0,0,0.1536520251149096,0.001610987766486625,0.0832872955055326,0.2386620887562486,0.15537479325071601
W02000194,Swansea 027,2025,14,0,0,0,0.1553548603217377,0.0022915155431235566,0.07581170298045267,0.25984390059058093,0.18403219761012826
W02000195,Swansea 028,2021,13,0.10947433149693314,0.0065984111173372,0.3184181187637484,0.12879265459109293,0.0011573718155332671,0.07218662765385582,0.2082893124494811,0.13610268479562526
W02000195,Swansea 028,2023,5,0.819499722246084,0.02401445851746337,0.6074555242850386,0.15719423603589494,0.0016363883124324114,0.09060160808380713,0.25277757873590423,0.1621759706520971
W02000195,Swansea 028,2025,11,0.08341744529806772,0.00382003552158274,0.24227677684622512,0.16039016675147047,0.002403549275721283,0.08065474353270971,0.2706643441610479,0.1900096006283382
W02000196,Swansea 029,2021,7,0,0,0,0.11843996010961866,0.001337190904094633,0.0592641964323716,0.20300243077068247,0.14373823433831087
W02000196,Swansea 029,2023,5,0,0,0,0.14444817726161774,0.0018930828186050298,0.0743543413705313,0.23920229525627124,0.16484795388573992
W02000196,Swansea 029,2025,10,0,0,0,0.14714704044763213,0.002489821775212777,0.06808970410055351,0.26847609882486423,0.20038639472431072
W02000197,Swansea 030,2021,7,0,0,0,0.10372053035636235,8.951237737133522e-4,0.04966854249379825,0.1617519360028108,0.11208339350901254
W02000197,Swansea 030,2023,5,0,0,0,0.12806599639121433,0.0012905343900959574,0.06400322867481097,0.20503316843954522,0.14102993976473427
W02000197,Swansea 030,2025,8,0,0,0,0.13084796293172585,0.001798690679090312,0.055125517920291064,0.21929198098058963,0.16416646306029858
W02000198,Swansea 031,2021,11,0.17904818711813564,0.01186535148014989,0.42699067485863373,0.14978325538592763,0.0021248485096429645,0.07507022670130631,0.24218433144772356,0.16711410474641725
W02000198,Swansea 031,2023,5,0.47088110995614874,0.06580273754059142,1.005541658114919,0.18248329010404593,0.0027657371751103766,0.09452049390796943,0.28620949038910526,0.19168899648113583
W02000198,Swansea 031,2025,10,0.2579443622255798,0.0337731711557654,0.7203839149762502,0.18522829156025253,0.0033591727873785305,0.09183885745649857,0.3204337082230765,0.22859485076657793
W02000200,Neath Port Talbot 002,2021,8,0.1350110123263027,0.01593009202442366,0.49475162464287625,0.132647367870758,9.018841916710772e-4,0.07812715107980853,0.20029122192489274,0.12216407084508421
W02000200,Neath Port Talbot 002,2023,7,0.0338356149082533,0.00137014441317602,0.14509794404635507,0.16170019399014696,0.0012555829847930662,0.0998307305657975,0.23769590331024026,0.13786517274444277
W02000200,Neath Port Talbot 002,2025,11,0.15122342062928207,0.01878555743192171,0.5372669552411043,0.16565809983877453,0.002131533330373254,0.09372239164504981,0.27675184756544624,0.18302945592039643
W02000201,Neath Port Talbot 003,2021,12,0,0,0,0.12607531742355949,7.713054914490106e-4,0.07738428971594344,0.1862845757125563,0.10890028599661286
W02000201,Neath Port Talbot 003,2023,5,0.2632683166386646,0.04930119722220372,0.8703758244345142,0.15392810074907878,0.0011075376375375822,0.09688400867158461,0.22232526513294745,0.12544125646136284
W02000201,Neath Port Talbot 003,2025,16,0,0,0,0.1574319743469929,0.0019791345078267485,0.09025293678342156,0.2580511614297429,0.16779822464632133
W02000202,Neath Port Talbot 004,2021,9,0.2437751959290285,0.02544080132501822,0.6252352858101277,0.1259272796304833,8.177828982859492e-4,0.07800774284094758,0.1924930458287859,0.11448530298783832
W02000202,Neath Port Talbot 004,2023,4,0,0,0,0.1543367232799952,0.001191728181389308,0.0924709540032651,0.22708190632258338,0.13461095231931827
W02000202,Neath Port Talbot 004,2025,9,0.5023359976108932,0.04245466863922829,0.807682762782046,0.1564038623929368,0.0019165427951045855,0.0830263188848899,0.24229756438178884,0.15927124549689894
W02000204,Neath Port Talbot 006,2021,6,0.1782666596818152,0.02778396467983425,0.6533940807604649,0.13185429052151126,9.56406492745425e-4,0.07163570128366133,0.19156234778285236,0.11992664649919103
W02000204,Neath Port Talbot 006,2023,7,0.1850280117589225,0.029056219691545,0.6681864153965174,0.15945393189041332,0.0013187867056587291,0.09298098842504801,0.23944777205324005,0.14646678362819204
W02000204,Neath Port Talbot 006,2025,4,0,0,0,0.16225769326433379,0.0020537097138802044,0.08059461616883812,0.26015479558722227,0.17956017941838415
W02000205,Neath Port Talbot 007,2021,6,0.35840498484678074,0.04385432942156078,0.8208887880391119,0.12474413628639039,0.0011368780471726595,0.06797107221662113,0.21011045061930325,0.14213937840268212
W02000205,Neath Port Talbot 007,2023,5,0,0,0,0.1520689035817295,0.001567098621407547,0.08513695503959956,0.24208150468850057,0.156944549648901
W02000205,Neath Port Talbot 007,2025,12,0.21896696023517323,0.02251379567339341,0.5881694278925497,0.15396828677386262,0.0021111569528778694,0.0786566068962104,0.25779878889249336,0.17914218199628296
W02000206,Neath Port Talbot 008,2021,14,0.07142232075243102,0.0027191382455396,0.20440604294408557,0.190186496604148,0.002072386826303924,0.11737323227008375,0.29781755496682555,0.1804443226967418
W02000206,Neath Port Talbot 008,2023,4,0.9521251167783326,0.00280801819620681,0.20771987163955452,0.2282205396147183,0.002620177972336926,0.139624175670755,0.3379433441076761,0.19831916843692113
W02000206,Neath Port Talbot 008,2025,18,0.08980904995079791,0.00412179320150282,0.2516640526653744,0.2332820077443101,0.003706787579782714,0.1308936908402489,0.3647835381684597,0.2338898473282108
W02000207,Neath Port Talbot 009,2021,10,0.25905486006221407,0.02018704851764841,0.5569478093749923,0.1749467388595485,0.0015386286018033428,0.10733675312126689,0.2659555299383421,0.1586187768170752
W02000207,Neath Port Talbot 009,2023,4,0,0,0,0.2103981626783357,0.0021744570322104854,0.1326072279379249,0.32193608310872646,0.18932885517080156
W02000207,Neath Port Talbot 009,2025,15,0.1069953436546872,0.00560321629928274,0.2934247752125697,0.2131035737389877,0.003102856733310855,0.11636956281038717,0.3436736600092098,0.2273040971988226
W02000208,Neath Port Talbot 010,2021,8,0.06567448442388035,0.00435618132141005,0.2587206305007285,0.12498485409730758,0.0010817441462348618,0.06466629097537695,0.19994644967905878,0.13528015870368182
W02000208,Neath Port Talbot 010,2023,6,0,0,0,0.15423854911184667,0.0016603616223415452,0.0868479001188264,0.23608414388018928,0.14923624376136288
W02000208,Neath Port Talbot 010,2025,9,0.26027978042766364,0.03545495700960153,0.7381023163271193,0.15854859828094056,0.0024618923802194933,0.07766028048334739,0.286784217265487,0.20912393678213959
W02000210,Neath Port Talbot 012,2021,6,0.16203712282595134,0.02539782339713333,0.6247069479855316,0.19104855584041103,0.002025874699020958,0.11912555864415933,0.2935076405916787,0.1743820819475194
W02000210,Neath Port Talbot 012,2023,6,0.15341508785553387,0.01418756005607991,0.46690867510276907,0.2294670776037103,0.0026103283527554324,0.14419600196739513,0.34763996830243604,0.20344396633504092
W02000210,Neath Port Talbot 012,2025,8,0.282859436264422,0.03308632355891663,0.7130210360984872,0.23178785487625797,0.003552862359822287,0.12913419431312262,0.364653802772096,0.2355196084589734
W02000211,Neath Port Talbot 013,2021,12,0.23553312616071945,0.01659358717647248,0.5049498265214757,0.19510342194228916,0.0021631920235783103,0.12474503751988289,0.3094910726112883,0.1847460350914054
W02000211,Neath Port Talbot 013,2023,2,0,0,0,0.23451684677829904,0.002701746878333878,0.1480335651430913,0.36404109963247566,0.21600753448938437
W02000211,Neath Port Talbot 013,2025,10,0.11457597231886088,0.00745009134234743,0.3383443163526614,0.23741316020372258,0.004022834573741257,0.1345589882745199,0.3885939470265746,0.25403495875205473
W02000212,Neath Port Talbot 014,2021,10,0.2677788171470654,0.02614717165176611,0.6338557664891289,0.18424063203264648,0.0013478591700799743,0.11928726780788751,0.26400401801951795,0.14471675021163044
W02000212,Neath Port Talbot 014,2023,6,0.7652619908734066,0.03156076432224193,0.6963889042583165,0.22252210965517746,0.0018991432634695162,0.14708248445987832,0.3168826793101792,0.1698001948503009
W02000212,Neath Port Talbot 014,2025,11,0.07787970940284689,0.00353760576034458,0.23314859512520358,0.22535178896559152,0.00300829676397335,0.13570328860639969,0.35702354800233815,0.22132025939593847
W02000213,Neath Port Talbot 015,2021,8,0.05389160108305756,0.00299139629101427,0.21439520207605817,0.16392626544107478,0.0016822092176150918,0.08763110305945002,0.25440595333228605,0.16677485027283603
W02000213,Neath Port Talbot 015,2023,7,0,0,0,0.1990208136802815,0.002338832627149913,0.11244541397153585,0.3012935998358792,0.18884818586434338
W02000213,Neath Port Talbot 015,2025,11,0.05826025533035244,0.00354543578986813,0.2334064745305371,0.2025687540262718,0.003599103300789813,0.09961167561210246,0.33468462602119087,0.2350729504090884
W02000214,Neath Port Talbot 016,2021,6,0.06823242992753273,0.00496713397966649,0.2762682800450268,0.18779746477414233,0.0027892690249292653,0.1066693448889055,0.3150568259400217,0.2083874810511162
W02000214,Neath Port Talbot 016,2023,5,0.13965012833234064,0.01823768869350546,0.529374461419287,0.22613608392123258,0.003596381976117041,0.12751279297763182,0.36564536639251954,0.23813257341488772
W02000214,Neath Port Talbot 016,2025,16,0.0697043651606858,0.002636683280789,0.20128298732246225,0.22930861968052776,0.004705759081848033,0.1172793783373291,0.3894576627975581,0.272178284460229
W02000215,Neath Port Talbot 017,2021,6,0.29535108093288087,0.03444030204686686,0.727464094193814,0.19683124274356786,0.003085112304264497,0.11440850800470438,0.33600838457687476,0.2215998765721704
W02000215,Neath Port Talbot 017,2023,4,0,0,0,0.23571980630273642,0.004110375049656894,0.13757261567880508,0.3966654231667647,0.2590928074879596
W02000215,Neath Port Talbot 017,2025,18,0,0,0,0.239907984544695,0.005497673985272343,0.12596746387874821,0.41686651232598,0.2908990484472318
W02000216,Neath Port Talbot 018,2021,10,0.1939132220476324,0.0146557278124347,0.4745497861289981,0.2031129775317066,0.002399152717157453,0.1190291336772222,0.3178556609036175,0.1988265272263953
W02000216,Neath Port Talbot 018,2023,2,0.582131891392225,0.11858886891004962,1.3498951907620818,0.24259065709534863,0.0032573093635797665,0.14286508414354399,0.3802395712157737,0.2373744870722297
W02000216,Neath Port Talbot 018,2025,13,0.09887157885488725,0.00887472537360822,0.36927979672700884,0.24575411039635703,0.004737013936541924,0.13566273016770675,0.4120388886485602,0.27637615848085345
W02000217,Neath Port Talbot 019,2021,6,0.09387957998462136,0.00896470657534745,0.37114714682348326,0.17822329519564925,0.0016352742233348174,0.10818316310529633,0.2591865715048521,0.15100340839955576
W02000217,Neath Port Talbot 019,2023,5,0,0,0,0.21452599381041934,0.0023458465297484395,0.12783868821245073,0.31707158142340874,0.18923289321095801
W02000217,Neath Port Talbot 019,2025,16,0,0,0,0.2188846547345321,0.003928206487604403,0.1202382271440865,0.3610295680017809,0.24079134085769438
W02000218,Bridgend 001,2021,10,0.15800958585742095,0.01255934277332099,0.4393003440867986,0.17386792946098192,0.0015245331617907713,0.1039330722504806,0.2656473519601178,0.1617142797096372
W02000218,Bridgend 001,2023,5,0.10001880722181827,0.01052162524184737,0.4020865085691511,0.21008921802563985,0.0020670111643637974,0.13089817607882964,0.3208875320881519,0.18998935600932226
W02000218,Bridgend 001,2025,11,0.15229566803392136,0.0109034672504786,0.40931758059238316,0.21285016712487367,0.003211887156347639,0.11125621168605036,0.3330222917314126,0.22176608004536225
W02000219,Bridgend 002,2021,7,0.3443152298894676,0.0426693919353435,0.809722698270661,0.1879855752567485,0.0019219146284107798,0.11920459049777819,0.2961389263251236,0.1769343358273454
W02000219,Bridgend 002,2023,4,0.07512376829491951,0.00657604399375621,0.3178779778788547,0.22528071383422793,0.0025677846187247225,0.14042716984471026,0.3380894892228906,0.19766231937818035
W02000219,Bridgend 002,2025,12,0.1682122113814376,0.0139961429419419,0.46374823669753623,0.22884409176574652,0.0036985441749853598,0.11573521777016103,0.36755451758378715,0.2518192998136261
W02000220,Bridgend 003,2021,5,0.3163729247039421,0.04674368472405334,0.84749971090251075,0.1634560940901294,0.0011645680989473975,0.0977656131057642,0.23238856440943145,0.13462295130366725
W02000220,Bridgend 003,2023,2,0,0,0,0.19731079468762833,0.0016608627101698584,0.12362555488113142,0.2855843447012001,0.16195878982006867
W02000220,Bridgend 003,2025,15,0.35532433610683933,0.03163293726336011,0.6971846982681089,0.20027952591872925,0.00268640559651475,0.10912009444911433,0.3233549914788589,0.21423489702974455
W02000221,Bridgend 004,2021,6,0.1706260169161869,0.02459766896340362,0.6147875483709179,0.17371469262084194,0.0015048792442200337,0.10880491592570014,0.25121710259604424,0.1424121866703441
W02000221,Bridgend 004,2023,2,0,0,0,0.20951195826371322,0.0019383639306027442,0.13460443715493886,0.304540634421906,0.16993619726696713
W02000221,Bridgend 004,2025,12,0.22464690922113356,0.0140983287141928,0.46543806976301877,0.2123551416320567,0.002852601084382102,0.11850153005639422,0.3366065904356339,0.21810506037923968
W02000222,Bridgend 005,2021,8,0.19854904870901657,0.01952349031918925,0.5477177524871213,0.17948243553535306,0.001677930084097055,0.10923450054216063,0.2531622351240713,0.1439277345819107
W02000222,Bridgend 005,2023,4,0,0,0,0.21521669630923404,0.0022493957879825017,0.13596900070977772,0.3035742538986659,0.16760525318888816
W02000222,Bridgend 005,2025,15,0.15158375295854637,0.00961452561119984,0.3843633916799735,0.21756175424607843,0.0035578652622696564,0.11993043604634226,0.35712417713674655,0.23719374109040428
W02000223,Bridgend 006,2021,12,0.08401065019598318,0.00655594113393967,0.3173917320720499,0.18360633350421598,0.0014720727587361818,0.10992052843369353,0.2638299956435919,0.15390946720989834
W02000223,Bridgend 006,2023,4,0.15463081215945146,0.02317247323842648,0.5967113262509836,0.22053760106020098,0.002069871175547615,0.1304493778603795,0.3140088334178005,0.183559455557421
W02000223,Bridgend 006,2025,17,0.09757512051333785,0.00841453973360498,0.3595781299341662,0.2220782669104597,0.003294688492475162,0.12015458028597793,0.34813914224847375,0.22798456196249584
W02000224,Bridgend 007,2021,8,0.7152273905640969,0.02567485584309066,0.6281047729431473,0.21444902347033032,0.002370347873322163,0.14362745646323516,0.3329117126594099,0.18928425619617473
W02000224,Bridgend 007,2023,3,0.476449030286195,0.0982846295077342,1.2289122946103834,0.2559064571940483,0.0031431404070996335,0.17466114275524042,0.3932412108876453,0.21858006813240488
W02000224,Bridgend 007,2025,13,0,0,0,0.2591282676306916,0.004760558764040344,0.13482657920251856,0.41882661154251155,0.284000032339993
W02000225,Bridgend 008,2021,15,0.17185562126867276,0.01169144608310289,0.4238500144277707,0.1854114620101117,0.0017801708218915678,0.1143346978418691,0.2672721578960185,0.15293746005414938
W02000225,Bridgend 008,2023,5,0,0,0,0.22187860640931478,0.0023869478242211106,0.14105280623530564,0.32634497454912936,0.18529216831382372
W02000225,Bridgend 008,2025,10,0.28250679011949603,0.046100102267075,0.8416451615467326,0.22590104338928532,0.003879886856304741,0.12869905646534013,0.34894533748711354,0.2202462810217734
W02000226,Bridgend 009,2021,13,0.1877215164823944,0.0112726673227187,0.41618979958479596,0.19560403226172385,0.0015140191409447128,0.12336701217109516,0.2814523967955283,0.15808538462443314
W02000226,Bridgend 009,2023,6,0.33242400929295135,0.03714580498362501,0.7554973996146646,0.23408249256225389,0.002189909487366332,0.1509290731934868,0.34352566830300635,0.19259659510951954
W02000226,Bridgend 009,2025,12,0.03520363460281459,0.00130610230687431,0.14166634360314748,0.23689804654873753,0.0038232955656256856,0.12841949145240555,0.38746772851874844,0.2590482370663429
W02000227,Bridgend 010,2021,11,0.39761037884404415,0.03566960811240275,0.7403332512162134,0.22331296643355003,0.0024114150298027268,0.13803281753316013,0.3295925494744879,0.19155973194132778
W02000227,Bridgend 010,2023,3,0.3667259490850701,0.0849495858447122,1.1425066054206992,0.26512900204924866,0.0031760600070667,0.17348737143175497,0.38686215377868005,0.21337478234692508
W02000227,Bridgend 010,2025,19,0.08362598579906975,0.00386682045615299,0.2437558741801262,0.26743661212622893,0.004282062171951303,0.16562052247277018,0.3982913616620035,0.23267083918923334
W02000228,Bridgend 011,2021,6,0.4101397733803831,0.07212175581950968,1.0527160206946662,0.20977137667313855,0.002332948171458118,0.13144902487504811,0.3170417514238556,0.18559272654880749
W02000228,Bridgend 011,2023,4,0.13500546782867492,0.01926314327430547,0.5440535695880523,0.25020063456408914,0.003015167227228218,0.1605197050136808,0.364997658622817,0.20447795360913623
W02000228,Bridgend 011,2025,12,0.13750561923203072,0.00914558896790724,0.3748727966188538,0.25161539692908724,0.004416525165315412,0.1476191813536894,0.40984529999453156,0.26222611864084217
W02000229,Bridgend 012,2021,10,0.372596028853177,0.05143712390680408,0.8890300182624411,0.22109135219725792,0.0028995397261569644,0.1356785838795708,0.33718371655786095,0.20150513267829015
W02000229,Bridgend 012,2023,4,0.14036913945894475,0.01997354636929015,0.5539947865489447,0.26330137667515696,0.0037534126786942495,0.15787282737360392,0.3969030525115683,0.2390302251379644
W02000229,Bridgend 012,2025,15,0.02366703171999162,5.939299805793825e-4,0.0955313050841735,0.26691825442144107,0.005128967850403517,0.14315891406108838,0.42088938006547927,0.2777304660043909
W02000230,Bridgend 013,2021,6,0.2016441058332007,0.03198579527481923,0.701062380663435,0.20534932050318702,0.0021211077971246104,0.12404275258129839,0.3066441354482251,0.18260138286692673
W02000230,Bridgend 013,2023,2,1,6.162476901133555e-33,3.0772001071872643e-16,0.24485779727087548,0.0030154987455234183,0.14932467959934176,0.3558477662795743,0.20652308668023256
W02000230,Bridgend 013,2025,14,0.03432351547577085,0.00123157673493007,0.13756527631286591,0.2478595717312006,0.004792978997822847,0.134785045768557,0.4152215304644258,0.2804364846958688
W02000231,Bridgend 014,2021,13,0.2472861559093759,0.02086188485061717,0.5661804361710441,0.21589535340818952,0.002247227112279354,0.13985565759577678,0.3161053723857843,0.1762497147900075
W02000231,Bridgend 014,2023,4,0.1470825502256866,0.02254107778186926,0.5885256904268972,0.25783652638608906,0.0029323990885576356,0.16811663556103396,0.35830930694028773,0.19019267137925377
W02000231,Bridgend 014,2025,8,0.07183417284544649,0.0052387770914089,0.2837220221797598,0.26045553944428457,0.00440316420062877,0.1545812892758448,0.40503914799554713,0.25045785871970233
W02000232,Bridgend 015,2021,7,0.2089893262583731,0.03245549152384563,0.7061910058737371,0.2025932672559724,0.0018093170387497293,0.13219037576926715,0.3008554096014451,0.16866503383217793
W02000232,Bridgend 015,2023,10,0.5720643907672591,0.03045709201199172,0.6841042749819888,0.2423317642133416,0.0023040386480237918,0.15775945910771783,0.3414457511700654,0.1836862920623476
W02000232,Bridgend 015,2025,9,0.07382530913478066,0.00564646116036695,0.2945549051039442,0.2444880777435039,0.003456609229638312,0.1330514633405666,0.3781770987044552,0.2451256353638886
W02000233,Bridgend 016,2021,11,0.1889879167546872,0.01679458206755793,0.5079988008776861,0.1912780401423511,0.002217674330955976,0.10534464874206749,0.2936430256327898,0.18829837689072232
W02000233,Bridgend 016,2023,4,0,0,0,0.23002900264009057,0.0031272457167912356,0.12985401543714478,0.3390113414856196,0.20915732604847484
W02000233,Bridgend 016,2025,14,0.06802796645371637,0.00256054360588346,0.19835546698382633,0.23390821048670757,0.004698030001222059,0.11767707482393029,0.3607294716565595,0.2430523968326292
W02000234,Bridgend 017,2021,7,0.23793242127900188,0.02837439863724711,0.6603001860576574,0.21905074111950787,0.002817089260953875,0.13444855831569388,0.33878560018812365,0.20433704187242976
W02000234,Bridgend 017,2023,5,0.3319684097213635,0.06177737630349128,0.9743002558151911,0.2606612809732918,0.0034960596228171114,0.15723052559275602,0.3846721311488281,0.22744160555607207
W02000234,Bridgend 017,2025,15,0.24809512359347852,0.01759214410250996,0.5199211368563851,0.2645836041497624,0.005164817081464368,0.1494301554413643,0.4187861793991378,0.2693560239577735
W02000235,Bridgend 018,2021,7,0.5408530781595624,0.05900934608218884,0.9522226063496215,0.21308642157298088,0.0032234580750752284,0.12695443913051585,0.3494987869684846,0.22254434783796873
W02000235,Bridgend 018,2023,6,0.14075988961524832,0.01855516492437538,0.5339621783166895,0.2528518333683319,0.00416874271028577,0.15193161973356017,0.4057397357181823,0.2538081159846221
W02000235,Bridgend 018,2025,13,0,0,0,0.25527231453655774,0.005546417737620211,0.14151367730231407,0.4470585621153743,0.30554488481306025
W02000236,Bridgend 019,2021,12,0.7427696585151857,0.02582544992658348,0.6299441321859218,0.22929044109509644,0.0029127527642753164,0.14207858386080752,0.35132316092175553,0.209244577060948
W02000236,Bridgend 019,2023,3,0,0,0,0.27004802834928154,0.003657044935757434,0.17108738857410083,0.39796087391561075,0.22687348534150992
W02000236,Bridgend 019,2025,16,0.13370182663871005,0.00806865787511177,0.3521103063842989,0.2726940450979513,0.005275895049395097,0.15711075595938406,0.4500057803657077,0.29289502440632365
W02000237,Vale of Glamorgan 001,2021,6,0,0,0,0.15320875405578774,0.0011317298844400576,0.09100995140929338,0.22327179357813665,0.13226184216884326
W02000237,Vale of Glamorgan 001,2023,6,0,0,0,0.18631200508835305,0.0016745548287718348,0.11624172559894733,0.2676150849904272,0.15137335939147986
W02000237,Vale of Glamorgan 001,2025,20,0.1627169233043331,0.00557483099244682,0.29268060195246154,0.1892767688024026,0.002641954355195038,0.10259681361980272,0.30299416880878255,0.20039735518897983
W02000238,Vale of Glamorgan 002,2021,10,0.0697226178451028,0.00512124616335283,0.28052134497864983,0.13964673800056723,0.0010931875492885042,0.07622749756702048,0.20797987385860112,0.13175237629158065
W02000238,Vale of Glamorgan 002,2023,5,0.14118483278569652,0.02022357229056553,0.5574514155028695,0.1693442329674665,0.0015619201795117141,0.09329292606758113,0.2542833763279742,0.16099045026039308
W02000238,Vale of Glamorgan 002,2025,12,0.09491294921351873,0.00529947441630956,0.2853609135223337,0.1714043555207236,0.002197446096195618,0.08904799298144965,0.271464735892669,0.18241674291121934
W02000239,Vale of Glamorgan 003,2021,13,0.0878882555274812,0.00447735435358631,0.2622942803414315,0.14536190593744952,0.0011773482141783976,0.08713933122031861,0.22167931055228868,0.13453997933197007
W02000239,Vale of Glamorgan 003,2023,6,0.09814815869375534,0.00992993493438209,0.39061713297089673,0.1774642908318646,0.0016631305150457331,0.10988842520462302,0.26068014474195994,0.15079171953733692
W02000239,Vale of Glamorgan 003,2025,15,0.2267787281000853,0.01445762414180057,0.47133159361876054,0.18001325869578727,0.0026900738184283046,0.10002748627566999,0.31164951242773203,0.21162202615206205
W02000240,Vale of Glamorgan 004,2021,11,0.3842605519584914,0.02654797717361021,0.6386954237667628,0.1770417139751902,0.0019308510901070496,0.1126091358021453,0.28077975894449314,0.16817062314234785
W02000240,Vale of Glamorgan 004,2023,4,0.3821218455135906,0.07541976152873689,1.0765164340207978,0.21346134849572815,0.002654976461165341,0.13409967453074556,0.3439563295917409,0.20985665506099532
W02000240,Vale of Glamorgan 004,2025,9,0.23257132757896865,0.02165848856048714,0.5768888694491725,0.21711542751279114,0.0038069233670723463,0.12740750404070028,0.35205712277420786,0.22464961873350758
W02000241,Vale of Glamorgan 005,2021,10,0.3254299456153663,0.02399623667622223,0.607225016096464,0.18002350919425417,0.0022212644959198322,0.09442594049030256,0.29423130365994865,0.1998053631696461
W02000241,Vale of Glamorgan 005,2023,4,0.19491158055598495,0.03509183804939568,0.7343128782997632,0.21610726517942844,0.002816591088934864,0.11953698906882584,0.3399443700129666,0.22040738094414078
W02000241,Vale of Glamorgan 005,2025,14,0.08571980997754938,0.00684297326408523,0.3242653234935507,0.21910512694922046,0.0037326015180350175,0.11675415016447752,0.3505236593310228,0.2337695091665453
W02000242,Vale of Glamorgan 006,2021,7,0.23229378979409,0.02616522429055024,0.6340745433980909,0.14912926477778204,0.0017907698395446712,0.08053006377120622,0.2467329016590386,0.16620283788783238
W02000242,Vale of Glamorgan 006,2023,4,0,0,0,0.18150062505767614,0.0024584923044403983,0.09972913987775198,0.2978724933600575,0.19814335348230552
W02000242,Vale of Glamorgan 006,2025,11,0.3303578552998071,0.03512637468853634,0.7346741369785239,0.18315641091184476,0.0029827722388486126,0.09780048864119129,0.31606476390233074,0.21826427526113945
W02000243,Vale of Glamorgan 007,2021,17,0.09583720050472132,0.00445311557213456,0.26158333352220026,0.13986716538682525,0.0011386319778375611,0.0811506060944222,0.20313747437303775,0.12198686827861555
W02000243,Vale of Glamorgan 007,2023,5,0,0,0,0.1696155528576157,0.001612244676810059,0.1012397189661958,0.2486258475489079,0.1473861285827121
W02000243,Vale of Glamorgan 007,2025,11,0.08317159924169112,0.00387401401355907,0.24398250186338472,0.17213052261502002,0.002111670809355929,0.09637821521812634,0.26577528830756836,0.16939707308944202
W02000244,Vale of Glamorgan 008,2021,11,0.0930599756826962,0.00814188401424482,0.35370446513206044,0.13925725448579757,0.0012201278538834335,0.08313421780811102,0.2096490465394264,0.12651482873131537
W02000244,Vale of Glamorgan 008,2023,4,0,0,0,0.17008870689527197,0.0016423818702634768,0.10161727758237998,0.25330169397453395,0.15168441639215396
W02000244,Vale of Glamorgan 008,2025,18,0.1570993129235458,0.0089089090669488,0.36999030970009106,0.17374466176466186,0.002656557499532453,0.09285668272704704,0.2897046158861593,0.19684793315911225
W02000245,Vale of Glamorgan 009,2021,6,0,0,0,0.13773517492673584,0.0012001522969292884,0.07802370362328104,0.21794987656607023,0.1399261729427892
W02000245,Vale of Glamorgan 009,2023,5,0,0,0,0.1685023432449328,0.0017681705617145068,0.09724277204405202,0.25959933427984916,0.16235656223579714
W02000245,Vale of Glamorgan 009,2025,16,0.12334052629428711,0.00786840781573228,0.3477134717468585,0.17024898006321315,0.0026036014936822952,0.09111263822819773,0.2919642739440949,0.20085163571589718
W02000246,Vale of Glamorgan 010,2021,7,0.40298903120194407,0.04840920788628492,0.8624661816850206,0.13738503904796714,0.0012421558019033046,0.07553406774625301,0.2110805497165689,0.13554648197031588
W02000246,Vale of Glamorgan 010,2023,3,0,0,0,0.16628567110807116,0.0017563439274541637,0.09311684572192544,0.254895882080193,0.16177903635826754
W02000246,Vale of Glamorgan 010,2025,13,0.38345641557840093,0.0228186109348791,0.5921376672760439,0.16802347038031168,0.0025933803547575685,0.09007161263918215,0.3041353323685658,0.21406371972938368
W02000247,Vale of Glamorgan 011,2021,6,0.5089711206498703,0.04487040727336258,0.8303440776169755,0.17357611108413956,0.002363854003400375,0.09026081004944986,0.30150829273741,0.21124748268796012
W02000247,Vale of Glamorgan 011,2023,8,0,0,0,0.20790720327297202,0.0031657344682946105,0.10946048475524713,0.3493939184141671,0.23993343365892
W02000247,Vale of Glamorgan 011,2025,19,0.1916693699386835,0.0067366554064259504,0.32173644078961106,0.2117848125550251,0.0042905693708632136,0.10663604882061714,0.38135966943809463,0.27472362061747746
W02000248,Vale of Glamorgan 012,2021,8,0.09452546823005964,0.00857139382610514,0.3629140747831902,0.16053102877272915,0.0017598016741698207,0.08980912618577352,0.2516275562969542,0.1618184301111807
W02000248,Vale of Glamorgan 012,2023,7,0.17496181338717995,0.02076146570673613,0.5648161313903138,0.19472868148903263,0.002387178319947918,0.10642969672592509,0.2938970667082032,0.18746736998227811
W02000248,Vale of Glamorgan 012,2025,20,0.22411832339759163,0.01266490482991558,0.44114265435176775,0.19771448235582062,0.003355915092394272,0.09457282800444526,0.3251169485156503,0.23054412051120504
W02000249,Vale of Glamorgan 013,2021,1,0,0,0,0.14425661672052525,0.0017181156507829949,0.07156222537590143,0.23088851290515702,0.1593262875292556
W02000249,Vale of Glamorgan 013,2023,3,0,0,0,0.1747677706440998,0.0024845770591093367,0.09130558188958188,0.29206905967275476,0.20076347778317288
W02000249,Vale of Glamorgan 013,2025,13,0.30956485591124094,0.01817167953600328,0.528415588870755,0.17771169925818367,0.0031619135314778263,0.085268828877799685,0.30266359183712044,0.21739476295932075
W02000250,Vale of Glamorgan 014,2021,4,0.25625338871703796,0.05443056319780204,0.9145332516897252,0.1771844920806878,0.001886823992173415,0.10387432659659704,0.2778198911854667,0.17394556458886964
W02000250,Vale of Glamorgan 014,2023,8,0.41237789295661,0.03423242187615998,0.7252653003415983,0.21300218552899497,0.0024645089817950288,0.12245355442187453,0.32233275106981213,0.1998791966479376
W02000250,Vale of Glamorgan 014,2025,13,0.15434933297738462,0.01205902844864081,0.43046143243283763,0.2145815844726759,0.003443482986682771,0.11715860473545364,0.3459563016211049,0.22879769688565127
W02000251,Vale of Glamorgan 015,2021,12,0,0,0,0.1253385789777691,8.760124653561408e-4,0.0707584312520295,0.18568065587203375,0.11492222462000425
W02000251,Vale of Glamorgan 015,2023,5,0,0,0,0.15344624720555083,0.0013334822579443343,0.08627226249188338,0.22599331178794363,0.13972104929606025
W02000251,Vale of Glamorgan 015,2025,18,0.2951833288197265,0.01407341563645197,0.46502665142524047,0.15612192188318805,0.002099731002617139,0.08355403337402272,0.24816866979070507,0.16461463641668234
W02000252,Rhondda Cynon Taf 001,2021,12,0,0,0,0.12044545142022241,6.444760734477619e-4,0.07197288893541962,0.17315478153394287,0.10118189259852325
W02000252,Rhondda Cynon Taf 001,2023,7,0,0,0,0.14751189783861565,9.980582384490951e-4,0.08856098137700075,0.21390894653390402,0.12534796515690327
W02000252,Rhondda Cynon Taf 001,2025,5,0,0,0,0.1516068464309274,0.0016139936976729786,0.07820385797199136,0.23776763475007276,0.1595637767780814
W02000253,Rhondda Cynon Taf 002,2021,8,0,0,0,0.12019523365348292,0.0010888855089376372,0.06052491609143379,0.1867903627237154,0.12626544663228162
W02000253,Rhondda Cynon Taf 002,2023,3,0,0,0,0.14714590195598998,0.0016205410900948045,0.07508176122998139,0.23916192960256877,0.16408016837258738
W02000253,Rhondda Cynon Taf 002,2025,7,0,0,0,0.14989292736758641,0.0023159732799246206,0.07238926847576199,0.25508089020343194,0.18269162172766995
W02000254,Rhondda Cynon Taf 003,2021,6,0.45613524911080167,0.07806328820345773,1.095220355986064,0.1272951284511906,9.249373853499633e-4,0.07847814930711358,0.18685588404613868,0.1083777347390251
W02000254,Rhondda Cynon Taf 003,2023,5,0,0,0,0.1557020381255031,0.0013345547452864367,0.09685054489608685,0.23342010156903698,0.13656955667295012
W02000254,Rhondda Cynon Taf 003,2025,6,0,0,0,0.15736456338714225,0.0018772045994697054,0.0902278367109319,0.2627891137380912,0.17256127702715932
W02000255,Rhondda Cynon Taf 004,2021,9,0.21476578694195855,0.03247331881536928,0.7063849290592566,0.12405546645210232,8.720941993725931e-4,0.0732361310655511,0.19501752262381947,0.12178139155826836
W02000255,Rhondda Cynon Taf 004,2023,7,0,0,0,0.15244719683610036,0.0012970145555505654,0.09056261424376885,0.2310374715375784,0.14047485729380954
W02000255,Rhondda Cynon Taf 004,2025,6,0.1304459405317504,0.0163323027759761,0.5009585554155972,0.155149544265148,0.002037251144667413,0.08395341418251798,0.26097262246756986,0.17701920828505188
W02000256,Rhondda Cynon Taf 005,2021,5,0.11179896075730704,0.01287202005263511,0.44473513452996616,0.13594869803514606,9.377726673219363e-4,0.0807241536499711,0.19538541142824828,0.11466125777827718
W02000256,Rhondda Cynon Taf 005,2023,2,0,0,0,0.16563127322752114,0.0013488527527136872,0.0996889347169875,0.23259413408917745,0.13290519937218995
W02000256,Rhondda Cynon Taf 005,2025,8,0.2727221010340992,0.0325324572589449,0.7070278492286663,0.16800804577898212,0.0019798710196590654,0.08748845176532818,0.24706341720224934,0.15957496543692115
W02000257,Rhondda Cynon Taf 006,2021,4,0,0,0,0.12735478012485907,7.583485460635987e-4,0.07093091013709744,0.18547664535356556,0.11454573521646812
W02000257,Rhondda Cynon Taf 006,2023,4,0,0,0,0.15642583664796172,0.001160938259988359,0.09127643853784848,0.22449836549768032,0.13322192695983184
W02000257,Rhondda Cynon Taf 006,2025,7,0.08332934345818582,0.00707666406425715,0.3297557495524817,0.15869742580289214,0.0017283512890096033,0.08565827753561163,0.24789770902630193,0.1622394314906903
W02000258,Rhondda Cynon Taf 007,2021,8,0,0,0,0.1350342936104539,8.954087296565509e-4,0.08283390706955535,0.20389948965656987,0.12106558258701453
W02000258,Rhondda Cynon Taf 007,2023,7,0.2496770476051043,0.03119143931930032,0.6923023319425459,0.16382269658152002,0.0012663310727331766,0.10639686024587447,0.2502504944365878,0.14385363419071334
W02000258,Rhondda Cynon Taf 007,2025,8,0,0,0,0.16657171853215108,0.0018980344534577703,0.09540152736434465,0.26172449804915976,0.1663229706848151
W02000259,Rhondda Cynon Taf 008,2021,8,0,0,0,0.13299463781904222,0.0010283815429051424,0.07102210084200403,0.19634612986939953,0.1253240290273955
W02000259,Rhondda Cynon Taf 008,2023,7,0.06396191490916571,0.00459812913163889,0.2658083799388185,0.16288345448318117,0.001500072690745402,0.08740418010136809,0.24605589132151762,0.15865171122014954
W02000259,Rhondda Cynon Taf 008,2025,5,0,0,0,0.1664831661323463,0.0022530274426529424,0.08385428425424779,0.26272298167937924,0.17886869742513145
W02000260,Rhondda Cynon Taf 009,2021,9,0.2524366414500395,0.01998260887720358,0.5541204530851189,0.14659385126711555,0.001114081129753238,0.0995132998012492,0.22569267878964078,0.12617937898839157
W02000260,Rhondda Cynon Taf 009,2023,2,0,0,0,0.17774432497943254,0.0014620782159019468,0.12066215911159645,0.2700300918211006,0.14936793270950416
W02000260,Rhondda Cynon Taf 009,2025,4,0.2583865506994965,0.05113041848495398,0.8863755346235778,0.1807265439618021,0.0022622249844895105,0.09682750748985405,0.29099907648455536,0.1941715689947013
W02000261,Rhondda Cynon Taf 010,2021,12,0,0,0,0.12107361884560897,0.0010038399997302542,0.07153071548716952,0.18884841777227263,0.1173177022851031
W02000261,Rhondda Cynon Taf 010,2023,4,0,0,0,0.14850221233871244,0.001471693666281638,0.08583504967870464,0.2365769651331523,0.15074191545444765
W02000261,Rhondda Cynon Taf 010,2025,14,0.06159992601556031,0.00367901562196499,0.23776279786769744,0.15077048184143713,0.0020811888935181088,0.08103057692451365,0.26949067503476,0.18846009811024633
W02000262,Rhondda Cynon Taf 011,2021,7,0,0,0,0.11659066162493179,0.0010365706869802514,0.05992590606383297,0.1846435823976662,0.12471767633383324
W02000262,Rhondda Cynon Taf 011,2023,8,0,0,0,0.14310385270232442,0.0014598371061918711,0.07626506749654881,0.22022242506203354,0.14395735756548472
W02000262,Rhondda Cynon Taf 011,2025,12,0.130551361953057,0.01481034237209046,0.477046414273357,0.14593518468604627,0.0020264569193391385,0.0724911018955744,0.24085255006777795,0.16836144817220355
W02000263,Rhondda Cynon Taf 012,2021,10,0.14227615304313618,0.0098252087922224,0.38855184971915496,0.14149897912199905,0.0011674657694186886,0.08310493554420545,0.2231115027280315,0.14000656718382606
W02000263,Rhondda Cynon Taf 012,2023,3,0,0,0,0.1717477539011483,0.0017046524986798091,0.09873857487560453,0.2573148735209563,0.15857629864535175
W02000263,Rhondda Cynon Taf 012,2025,8,0.07301305027132968,0.0052858860771012,0.28499483290799965,0.17418204300333207,0.002452998954550235,0.09574918691247285,0.27946785001121466,0.1837186630987418
W02000264,Rhondda Cynon Taf 013,2021,11,0.08858266354524647,0.00730549835997708,0.3350448991672633,0.15506506185111762,0.0013783519280023211,0.09317830771533794,0.2401672454597074,0.14698893774436947
W02000264,Rhondda Cynon Taf 013,2023,8,0.4463187324576003,0.04251886103566664,0.8082931492257727,0.18739105147632518,0.0018200458522626877,0.10820836465923386,0.2788593135737214,0.17065094891448754
W02000264,Rhondda Cynon Taf 013,2025,9,0,0,0,0.19094422183369406,0.0027518782243631623,0.10531939569441218,0.3218807684626108,0.21656137276819865
W02000265,Rhondda Cynon Taf 014,2021,8,0.05132387244528289,0.0028207968927463,0.20819197972089942,0.13745404790417526,0.0012382412057500593,0.08428667423873315,0.21250944464505617,0.12822277040632302
W02000265,Rhondda Cynon Taf 014,2023,2,0,0,0,0.1668881647688968,0.001660926598755593,0.10692529991943438,0.2563766010526284,0.149451301133194
W02000265,Rhondda Cynon Taf 014,2025,9,0.18504699755418308,0.0159764538766468,0.49547104725849594,0.16918828262791344,0.002331354177170171,0.09609161084069584,0.2817202104904305,0.18562859964973466
W02000266,Rhondda Cynon Taf 015,2021,5,0,0,0,0.1440813180466017,8.861912516336099e-4,0.09325028009555855,0.20459762136536044,0.11134734126980189
W02000266,Rhondda Cynon Taf 015,2023,3,0.46814725674600344,0.09813279954298192,1.2279627167040474,0.17587153299205913,0.0013308755671054444,0.11359947984595574,0.2535191513966188,0.13991967155066304
W02000266,Rhondda Cynon Taf 015,2025,9,0.19101749344806623,0.01805137985346083,0.5266635828070032,0.17876426950058577,0.002190820089509326,0.1011290485441734,0.29742388145071696,0.19629483290654356
W02000267,Rhondda Cynon Taf 016,2021,6,0,0,0,0.13995246474802212,0.0013507327792198747,0.07953653965274878,0.21406903519512469,0.1345324955423759
W02000267,Rhondda Cynon Taf 016,2023,3,0,0,0,0.17102348056701022,0.0019720181280623496,0.09610624758115438,0.26159924364976656,0.16549299606861217
W02000267,Rhondda Cynon Taf 016,2025,4,0.3876848127336204,0.07569560365471198,1.0784832763602032,0.17528240038711232,0.0029680823296575256,0.08742555819506334,0.2881505606669408,0.20072500247187744
W02000268,Rhondda Cynon Taf 017,2021,3,0,0,0,0.139067495223122,9.156684459101277e-4,0.08560779903683166,0.20797258007015357,0.1223647810333219
W02000268,Rhondda Cynon Taf 017,2023,5,0.15751108875263864,0.02232284622425626,0.5856698542051408,0.17000357913375774,0.001295216990236514,0.09941776590038573,0.24857296243969323,0.1491551965393075
W02000268,Rhondda Cynon Taf 017,2025,11,0.03728687811082731,0.00147635974183728,0.15061706613526263,0.17355083465817983,0.002125372655394663,0.09396303626690597,0.2866388496657172,0.1926758133988112
W02000269,Rhondda Cynon Taf 018,2021,9,0.08489608206896909,0.00688138809569497,0.32517422406351326,0.13659684769879377,9.525273298578943e-4,0.07993659255468738,0.2073272173916776,0.1273906248369902
W02000269,Rhondda Cynon Taf 018,2023,7,0,0,0,0.16620732291070575,0.0014189771240061988,0.09335355757434614,0.24814887356371906,0.1547953159893729
W02000269,Rhondda Cynon Taf 018,2025,7,0,0,0,0.16870402440153798,0.0021434352260874734,0.09306958751922276,0.2685521741998183,0.17548258668059555
W02000270,Rhondda Cynon Taf 019,2021,5,0,0,0,0.1303895607138798,0.001009393714401436,0.07400465285271299,0.19128095485513869,0.1172763020024257
W02000270,Rhondda Cynon Taf 019,2023,3,0,0,0,0.15909453943431665,0.0014839452030514907,0.09121368517123263,0.23645833002794023,0.1452446448567076
W02000270,Rhondda Cynon Taf 019,2025,4,0,0,0,0.16184685694343703,0.0023072580859051124,0.08750458984797635,0.26403383535513236,0.176529245507156
W02000271,Rhondda Cynon Taf 020,2021,5,0,0,0,0.14260286466723043,0.0012264860026048009,0.07345103649509059,0.2174447320691904,0.1439936955740998
W02000271,Rhondda Cynon Taf 020,2023,4,0.12268950939478776,0.0171393386633907,0.5131863742904562,0.17318424982592592,0.0018273780012348837,0.09323028945262021,0.26487721976041206,0.17164693030779185
W02000271,Rhondda Cynon Taf 020,2025,7,0,0,0,0.17606172030621825,0.0025962458043671693,0.09332175070871351,0.297155877525932,0.20383412681721846
W02000272,Rhondda Cynon Taf 021,2021,7,0.23744356703814623,0.03912458022743475,0.7753591782409855,0.14197671313517368,0.0010278836260039542,0.08507001292640501,0.2123374740012402,0.1272674610748352
W02000272,Rhondda Cynon Taf 021,2023,2,0,0,0,0.17239290005307595,0.0014390199880397747,0.10326083535504361,0.24786571888973952,0.14460488353469592
W02000272,Rhondda Cynon Taf 021,2025,8,0.1855565686140649,0.01727400927802911,0.5151985842753727,0.17496459917829432,0.001979320584626684,0.09701261940200168,0.2587516657930183,0.1617390463910166
W02000273,Rhondda Cynon Taf 022,2021,4,0.4992046024265114,0.08652624919370804,1.1530603161790758,0.16447324337986838,0.0015639215531543492,0.09252198191611202,0.24428054653211437,0.15175856461600234
W02000273,Rhondda Cynon Taf 022,2023,3,0,0,0,0.19662906858050572,0.002025221253978847,0.11844683095650521,0.2971412395136177,0.1786944085571125
W02000273,Rhondda Cynon Taf 022,2025,7,0.3226183991408277,0.04147132676107223,0.7982741233240851,0.19778633644732194,0.003015026821306124,0.10344678250288122,0.32802524522012105,0.22457846271723983
W02000274,Rhondda Cynon Taf 023,2021,13,0.07445337174504847,0.00523924836027016,0.28373478339722136,0.15144649700365204,0.0012343697379099726,0.09329275928769623,0.2285694666166445,0.13527670732894828
W02000274,Rhondda Cynon Taf 023,2023,5,0.1881054911567012,0.03033909528162065,0.6827778121218091,0.18413032699236315,0.00182546662843017,0.11539546817886256,0.2804085575645069,0.16501308938564432
W02000274,Rhondda Cynon Taf 023,2025,7,0.1887888568142841,0.02836594638437752,0.6602018326106149,0.1869054793507123,0.0026397487567757978,0.0973114147355752,0.3082066053322892,0.21089519059671402
W02000275,Rhondda Cynon Taf 024,2021,6,0,0,0,0.14162863496244185,0.001217405792349719,0.08567252511250377,0.2163830837439229,0.13071055863141912
W02000275,Rhondda Cynon Taf 024,2023,1,1,0,0,0.1734842034425623,0.0017545060297555599,0.10577272614503665,0.25587099525007895,0.15009826910504231
W02000275,Rhondda Cynon Taf 024,2025,8,0.13233078446833696,0.01609793561785056,0.49735121101353774,0.17520354735409385,0.0024454763588376226,0.09579275884531985,0.27639061151167355,0.1805978526663537
W02000276,Rhondda Cynon Taf 025,2021,3,0,0,0,0.13615006204155203,0.0011640087711001282,0.07430572009123576,0.20636162022621332,0.13205590013497756
W02000276,Rhondda Cynon Taf 025,2023,2,0,0,0,0.1655835941233725,0.0016350693227655247,0.09706386305815531,0.2463888385043239,0.14932497544616857
W02000276,Rhondda Cynon Taf 025,2025,10,0.14269715022150847,0.01692906107665517,0.5100285913514518,0.16771353848845158,0.00227654940199475,0.0866990192209321,0.27306534411632233,0.18636632489539023
W02000277,Rhondda Cynon Taf 026,2021,5,0.20879429506292893,0.0361116556916902,0.7449065398738622,0.14169874217095832,0.0011767894301134788,0.08305718112383967,0.21374208177889573,0.13068490065505606
W02000277,Rhondda Cynon Taf 026,2023,4,0,0,0,0.17268174613980278,0.0015311478099698651,0.10587068727854414,0.2537581696097068,0.14788748233116267
W02000277,Rhondda Cynon Taf 026,2025,6,0.10088609002340776,0.01018566563734435,0.39561504070102027,0.17359005287285872,0.002048657093395008,0.09959927606054501,0.27573731660099626,0.17613804054045124
W02000278,Rhondda Cynon Taf 027,2021,8,0.18255421188670268,0.01776429243785815,0.5224587940835147,0.14488612195041123,8.704695143164414e-4,0.0944871861207371,0.21297364312160183,0.11848645700086473
W02000278,Rhondda Cynon Taf 027,2023,5,0,0,0,0.17643759543850737,0.001195531746357161,0.1149451675875244,0.25184583459767584,0.13690066701015144
W02000278,Rhondda Cynon Taf 027,2025,7,0.08316256222900299,0.00703547690226713,0.3287947372085133,0.17875146731519814,0.001948345205797313,0.09896031172126096,0.27681791881658346,0.1778576070953225
W02000279,Rhondda Cynon Taf 028,2021,8,0.1231693676092707,0.01379060584948184,0.4603305094525367,0.1400471899105051,0.0010077487755865895,0.07696805921409869,0.20657415598912143,0.12960609677502274
W02000279,Rhondda Cynon Taf 028,2023,4,0,0,0,0.17076869181833768,0.0014989461296908537,0.09869430708418764,0.2533638401959482,0.15466953311176057
W02000279,Rhondda Cynon Taf 028,2025,11,0.25312851242312073,0.01675411550252992,0.507386419921234,0.17334563225996968,0.002240068206572851,0.09350266506528183,0.275684834252429,0.1821821691871472
W02000280,Rhondda Cynon Taf 029,2021,7,0.24440039640518788,0.04037675502059418,0.7876690719454897,0.16609304510779546,0.0013807723840904952,0.09734891108757712,0.23763940372633052,0.1402904926387534
W02000280,Rhondda Cynon Taf 029,2023,4,0.31322778610688284,0.06393153441522402,0.9911414768838448,0.20198101100829347,0.002058725707629731,0.12356338136439876,0.2957220930589377,0.17215871169453895
W02000280,Rhondda Cynon Taf 029,2025,6,0.21060406256842443,0.03449264812068904,0.7280167233582469,0.20463283613959715,0.003212660126690797,0.11504791984693767,0.3322006108095404,0.2171526909626027
W02000281,Rhondda Cynon Taf 030,2021,11,0.06235284232741819,0.00384542022198588,0.24308042645201372,0.13943614211125768,9.487362344138478e-4,0.08107566291811868,0.20304018697528622,0.12196452405716754
W02000281,Rhondda Cynon Taf 030,2023,4,0,0,0,0.17018867621305644,0.0013470853434111073,0.10028654983037127,0.2441141640278418,0.14382761419747053
W02000281,Rhondda Cynon Taf 030,2025,10,0.12026842955867198,0.01262069315154442,0.4403719928890766,0.17280592928772456,0.0021863225025670614,0.0916988269358586,0.27734629535525696,0.18564746841939836
W02000282,Rhondda Cynon Taf 031,2021,8,0,0,0,0.13699290191222155,0.0010565796202059068,0.0784717034007328,0.20689219809043208,0.1284204946896993
W02000282,Rhondda Cynon Taf 031,2023,5,0,0,0,0.16810143450532397,0.0015754601338367406,0.09636967103688168,0.2519907998112928,0.15562112877441112
W02000282,Rhondda Cynon Taf 031,2025,5,0.0898198462406467,0.00982488383950507,0.3885454243074387,0.17014729785185284,0.0021758032293071345,0.08989262395939747,0.26682207883136627,0.17692945487196882
W02000284,Merthyr Tydfil 002,2021,8,0,0,0,0.13163363562343527,9.121456014869645e-4,0.07241684827158046,0.1941492540191747,0.12173240574759425
W02000284,Merthyr Tydfil 002,2023,7,0.13005856501978796,0.01566378197715605,0.49059870950329965,0.16092873867133392,0.001387618876230854,0.08813723931712009,0.2287224986411346,0.1405852593240145
W02000284,Merthyr Tydfil 002,2025,31,0.08036287104106436,0.00248401447213526,0.19536877237384537,0.1634909910194327,0.002085887419822037,0.07812218242892,0.25886007609526107,0.18073789366634108
W02000285,Merthyr Tydfil 003,2021,14,0.04783204821367207,0.0022579170183266,0.18626535100706296,0.13845458001802918,8.313613928377559e-4,0.09057351523857775,0.20668759460618635,0.1161140793676086
W02000285,Merthyr Tydfil 003,2023,6,0.541986534139711,0.05413486319098594,0.9120457175209641,0.16869028841817055,0.0012119079194699998,0.11194740874888415,0.2415202625787557,0.12957285382987155
W02000285,Merthyr Tydfil 003,2025,23,0.08607233660619168,0.00655397376923579,0.31734410564199067,0.17155741166598543,0.00196977055983317,0.09245454922776633,0.2722195975460603,0.17976504831829396
W02000286,Merthyr Tydfil 004,2021,13,0,0,0,0.14066660873517803,0.0010794521459166807,0.0846662282693872,0.20473556735585335,0.12006933908646615
W02000286,Merthyr Tydfil 004,2023,10,0.1685173827141214,0.01008814072661191,0.39371653345343244,0.17152792554115726,0.001364801318536226,0.10587311133555391,0.24868307257814132,0.1428099612425874
W02000286,Merthyr Tydfil 004,2025,18,0.31781479424180314,0.01510502554650004,0.4817689638090551,0.17443070031821947,0.002014934099226305,0.09415310372785364,0.2742248552694207,0.18007175154156707
W02000287,Merthyr Tydfil 005,2021,15,0.28424014016189636,0.01580350178666467,0.49278190444146114,0.15166925519685942,0.0010813237097615956,0.09585142382409256,0.21656978680861985,0.12071836298452729
W02000287,Merthyr Tydfil 005,2023,7,0.08143689220832523,0.00719258543337596,0.3324456091250907,0.1840233914163621,0.0015545959553160704,0.11897356704953721,0.2676923585942321,0.14871879154469492
W02000287,Merthyr Tydfil 005,2025,19,0.3733724764228139,0.01681172985111207,0.5082580758932657,0.18731139589393836,0.0025674887150889695,0.10062184289533477,0.2983588207407296,0.19773697784539485
W02000288,Merthyr Tydfil 006,2021,15,0,0,0,0.12966473516780644,7.71545716767708e-4,0.08303544353554879,0.18600687598586085,0.10297143245031207
W02000288,Merthyr Tydfil 006,2023,8,0.4107890450004816,0.04425884425201754,0.8246660600404024,0.15856607119699329,0.001042450202871804,0.1007522270831505,0.22298798346125928,0.12223575637810878
W02000288,Merthyr Tydfil 006,2025,32,0.22002796937911617,0.00584310726496935,0.2996401571437208,0.16033101352328621,0.0014643911181118241,0.09166094884981345,0.2478424958338068,0.15618154698399334
W02000289,Merthyr Tydfil 007,2021,10,0.502546487410291,0.02752522054250398,0.650344527906718,0.15310775895970402,0.0011178239449000388,0.09755961460428307,0.22914254746782617,0.1315829328635431
W02000289,Merthyr Tydfil 007,2023,13,0.13349329772120822,0.0090454268199364,0.3728143486744462,0.18556638735759876,0.0015818890583243184,0.11955143502490284,0.27028061922991387,0.15072918420501102
W02000289,Merthyr Tydfil 007,2025,32,0.21904547495787316,0.01359111880808216,0.45698894178484895,0.1867656316578612,0.0021378027638058886,0.11145496457258253,0.29926617578055387,0.18781121120797134
W02000290,Caerphilly 001,2021,8,0.1505846982555116,0.01136164469830365,0.4178291049885883,0.14495308235387758,0.001130209818390693,0.08841811029709101,0.2181614169815569,0.12974330668446588
W02000290,Caerphilly 001,2023,5,0.18260721374531855,0.02808857171382208,0.6569660313007403,0.17617094454745205,0.0015543419073899634,0.11485626555813366,0.2617120250199515,0.14685575946181784
W02000290,Caerphilly 001,2025,7,0.4940004281368866,0.04800114891573124,0.8588234670892219,0.17861905607153777,0.0024327566182534015,0.09931927909852947,0.290013690373375,0.19069441127484552
W02000291,Caerphilly 002,2021,6,0.29516036906540793,0.03690597982520536,0.7530545843055323,0.14285327659702723,0.001106615297744626,0.09483166953308164,0.21877794674815376,0.12394627721507212
W02000291,Caerphilly 002,2023,3,0,0,0,0.1739265080519766,0.0015513835301497248,0.11642891034396784,0.27038265992272725,0.1539537495787594
W02000291,Caerphilly 002,2025,5,0.38510048043962464,0.07552190854049042,1.0772451934792222,0.17805485937630036,0.0024130899898913696,0.10475453830270798,0.3029970810968052,0.1982425427940972
W02000292,Caerphilly 003,2021,6,0,0,0,0.1260966477155538,9.073953450145107e-4,0.07301499927075114,0.1891438749019449,0.11612887563119376
W02000292,Caerphilly 003,2023,3,0,0,0,0.15467699460067302,0.0012806567101781574,0.09278550773244529,0.22957629239633215,0.13679078466388686
W02000292,Caerphilly 003,2025,9,0.1328072485359273,0.00969458237186979,0.38596030347881616,0.15795833110176757,0.0020857046972953056,0.08397523048729136,0.2660789446493198,0.18210371416202845
W02000293,Caerphilly 004,2021,4,0,0,0,0.12749998754279335,0.001252220916509396,0.06833560293934264,0.208468131205311,0.14013252826596834
W02000293,Caerphilly 004,2023,2,0,0,0,0.15478416481089252,0.0018362332507807872,0.08098467965166303,0.25887297548283217,0.17788829583116914
W02000293,Caerphilly 004,2025,6,0,0,0,0.15750571591761553,0.0026597195595986865,0.06791805726648142,0.28663752453020575,0.21871946726372432
W02000294,Caerphilly 005,2021,8,0.1119222634503804,0.01155757883382839,0.4214164835745169,0.12554119440066905,8.099984357337188e-4,0.07659706170770335,0.18276969201200904,0.1061726303043057
W02000294,Caerphilly 005,2023,6,0.21544720375870355,0.03488404546037146,0.7321355725143773,0.1540893610127998,0.0011833220074356666,0.09537032152816488,0.22450959110345686,0.12913926957529198
W02000294,Caerphilly 005,2025,14,0.22972725402244865,0.01346904739298823,0.4549320428993404,0.1565274089526183,0.002052287405106781,0.081348271697969,0.25916923538100356,0.17782096368303457
W02000295,Caerphilly 006,2021,5,0,0,0,0.1262841440967946,9.235522360287697e-4,0.07775572985229501,0.1867117912029516,0.10895606135065658
W02000295,Caerphilly 006,2023,4,0.37325681043477665,0.07359730969832547,1.0634303635311333,0.15443397025854527,0.001213778928017886,0.09931477639397215,0.22560175380914516,0.126286977415173
W02000295,Caerphilly 006,2025,7,0.23708748617540648,0.02423079665279696,0.6101855702467325,0.15756424148885306,0.0019694896199867573,0.08712085829932352,0.2631670217291983,0.17604616342987478
W02000296,Caerphilly 007,2021,7,0.18886448092645217,0.020736039521925,0.5644701654747069,0.14528283093067282,0.0012545843738414413,0.08718967898997171,0.2323367155278056,0.1451470365378339
W02000296,Caerphilly 007,2023,3,0.486175963503618,0.0985411267376636,1.2305148199148768,0.17585507994831315,0.0017355783416031466,0.11117195764929066,0.28016953854651555,0.16899758089722489
W02000296,Caerphilly 007,2025,8,0.11814081890186584,0.01281790231980255,0.44379925159558875,0.17817436334294293,0.002585372512285053,0.10259268802199459,0.29923139658123454,0.19663870855923996
W02000297,Caerphilly 008,2021,4,0,0,0,0.13695323618211247,9.404150160893704e-4,0.08621451515859122,0.21063971713580887,0.12442520197721765
W02000297,Caerphilly 008,2023,2,0.3574645379987234,0.10575003934330138,1.2747304364830638,0.1659911720254621,0.0012712752233182227,0.10987692791439418,0.25184699615173994,0.14197006823734576
W02000297,Caerphilly 008,2025,8,0.02050999532070842,4.820683277050661e-4,0.08606615199112579,0.16836396935822662,0.0018653416007244873,0.09038416508437108,0.2611108948998915,0.1707267298155204
W02000298,Caerphilly 009,2021,8,0,0,0,0.11744968412423816,9.068267094046647e-4,0.063698068350935,0.17961742124481225,0.11591935289387725
W02000298,Caerphilly 009,2023,5,0,0,0,0.14302473310527528,0.0012196657417669911,0.07984299054313161,0.20746152356092376,0.12761853301779214
W02000298,Caerphilly 009,2025,9,0,0,0,0.14584486774624408,0.001932245431960288,0.07008868798218706,0.2395295636897602,0.16944087570757313
W02000299,Caerphilly 010,2021,6,0,0,0,0.1333632905755152,0.0014290729727588186,0.07673811690880787,0.22052633596901935,0.1437882190602115
W02000299,Caerphilly 010,2023,7,0.2764754807732366,0.03109158066888201,0.6911932488379778,0.16206739837593775,0.0018665439925854782,0.09511518293717328,0.255760368840298,0.16064518590312474
W02000299,Caerphilly 010,2025,7,0.1968710323092155,0.02070306108664358,0.5640211223940332,0.16468525735129702,0.002474963839430383,0.08717835753584947,0.26558295598853887,0.1784045984526894
W02000300,Caerphilly 011,2021,5,0,0,0,0.12181995800218044,0.001033502811446765,0.06837910939433517,0.18896507208438945,0.12058596269005428
W02000300,Caerphilly 011,2023,1,0,0,0,0.1485028436876601,0.001440866474256369,0.07986596757539288,0.22111791584405804,0.14125194826866516
W02000300,Caerphilly 011,2025,5,0.15140732293935924,0.02369638116854418,0.6034191659482956,0.15088253672530214,0.002120992733766839,0.07297673968562396,0.2526155528017034,0.17963881311607943
W02000301,Caerphilly 012,2021,8,0,0,0,0.12707807541295818,9.012321999810015e-4,0.06841559152351229,0.19195291619433824,0.12353732467082595
W02000301,Caerphilly 012,2023,4,0,0,0,0.1550536229851901,0.0012282749567326722,0.08583293674092596,0.22362349323139538,0.13779055649046942
W02000301,Caerphilly 012,2025,9,0,0,0,0.1576674602815775,0.0017642319112159063,0.08078328466413373,0.24876594529982338,0.16798266063568965
W02000302,Caerphilly 013,2021,8,0,0,0,0.12363293934918156,8.651759456389738e-4,0.07158823886272239,0.1751623467012739,0.1035741078385515
W02000302,Caerphilly 013,2023,3,0,0,0,0.1507855440436496,0.001162402345242494,0.08486445215003877,0.21636205182875956,0.1314975996787208
W02000302,Caerphilly 013,2025,12,0.26456358564365673,0.02997053978219121,0.678617990941185,0.15323642280759528,0.0018913965801889748,0.08185299844062142,0.25910828838608657,0.17725528994546513
W02000303,Caerphilly 014,2021,7,0,0,0,0.11863694459254784,8.851248905329378e-4,0.0719873318306318,0.18033447190532634,0.10834714007469454
W02000303,Caerphilly 014,2023,2,0,0,0,0.14492173412849882,0.0012278716389200561,0.08972101313381338,0.21863890836058986,0.1289178952267765
W02000303,Caerphilly 014,2025,11,0.0903635329897166,0.0045819523425108,0.26534039452852415,0.14793323867451405,0.0019930554481864004,0.07861278282420317,0.25847277639134286,0.1798599935671397
W02000304,Caerphilly 015,2021,7,0,0,0,0.1206838079916306,8.741234865301721e-4,0.06742391138691359,0.18508684893068017,0.11766293754376658
W02000304,Caerphilly 015,2023,4,0,0,0,0.14692959105439524,0.0011814510387170535,0.0861181579627731,0.216949529908869,0.1308313719460959
W02000304,Caerphilly 015,2025,7,0.04511958651772993,0.00230500804706211,0.18819769917996,0.14968143119364852,0.0018648957216693765,0.07786208995589375,0.2493898931322318,0.17152780317633806
W02000305,Caerphilly 016,2021,5,0.573935559463205,0.05833176520419561,0.9467398248099966,0.14371273499618564,0.0017330283172932277,0.08048033854860712,0.21829005047846717,0.13780971192986005
W02000305,Caerphilly 016,2023,4,0,0,0,0.1747477402283201,0.0022345756678994076,0.09864345272951858,0.26128472849255,0.16264127576303145
W02000305,Caerphilly 016,2025,6,0,0,0,0.17873646245591107,0.0034111916031378535,0.09092378518736377,0.3040827487875617,0.21315896360019793
W02000306,Caerphilly 017,2021,8,0,0,0,0.133931864155528,8.721884286204224e-4,0.08316280828643946,0.1953803786699265,0.11221757038348704
W02000306,Caerphilly 017,2023,5,0.4530414639157232,0.06060539935958151,0.9650142920217386,0.16312043383872085,0.0012227688370015906,0.10109210807371351,0.2326621301444999,0.13157002207078639
W02000306,Caerphilly 017,2025,11,0.1914716093221539,0.01820986060833416,0.5289704326613945,0.1666561867739736,0.0021224018676651584,0.09435281195646111,0.2631958986289339,0.16884308667247278
W02000307,Caerphilly 018,2021,7,0.4320452407582359,0.03625548987556307,0.746388562026692,0.16714566781846044,0.001484241703926441,0.10584438612938611,0.256281218726051,0.15043683259666485
W02000307,Caerphilly 018,2023,1,1,0,0,0.202148704736092,0.0020634764093483715,0.12746701154388268,0.30737434906093275,0.17990733751705007
W02000307,Caerphilly 018,2025,10,0.17240741216894648,0.01604838936723919,0.4965852470330337,0.20629762385735914,0.003242245368229292,0.11075835032801015,0.32775258175015276,0.2169942314221426
W02000308,Caerphilly 019,2021,7,0,0,0,0.1337887550982568,9.79344749840922e-4,0.07876849117884002,0.20430285042111973,0.1255343592422797
W02000308,Caerphilly 019,2023,6,0.08565602134734411,0.00948467705884187,0.38175906720927166,0.1626878771374124,0.001337316585635292,0.09913439941551355,0.23869442056317258,0.13956002114765903
W02000308,Caerphilly 019,2025,10,0.12023790671158982,0.01278096943276208,0.44315941946214277,0.16634159690718003,0.002159399241729718,0.0846593036024752,0.2623453837715977,0.17768608016912252
W02000309,Caerphilly 020,2021,7,0,0,0,0.1322782544279941,8.423291139515563e-4,0.08068993755398604,0.19252483089788408,0.11183489334389804
W02000309,Caerphilly 020,2023,1,1,0,0,0.16071403009868818,0.0012031301133619485,0.1013066892287503,0.2337695389390218,0.1324628497102715
W02000309,Caerphilly 020,2025,9,0.16949886344541443,0.01031795675701423,0.39817587066909443,0.16427622612778603,0.002012277500707126,0.0934642212062435,0.2616130168658292,0.16814879565958574
W02000310,Caerphilly 021,2021,7,0,0,0,0.13172253749859464,0.00107967426064144,0.07556761134608364,0.19606960058849573,0.1205019892424121
W02000310,Caerphilly 021,2023,4,0,0,0,0.1598460447614424,0.0014153334484022337,0.0953688154426878,0.23420552816418433,0.13883671272149653
W02000310,Caerphilly 021,2025,11,0.26962821900533507,0.02996641869850812,0.6785713328280154,0.16068062021358176,0.0018172640832673868,0.0878530861373475,0.2690108590928816,0.1811577729555341
W02000311,Caerphilly 022,2021,2,0,0,0,0.13656207405614568,0.0011192039596141419,0.07398492087193358,0.20886519984026342,0.13488027896832983
W02000311,Caerphilly 022,2023,2,0,0,0,0.16590204820437435,0.0015740066095796042,0.09532002179185696,0.2521947923995964,0.15687477060773947
W02000311,Caerphilly 022,2025,8,0.05899856156677649,0.00375202688166048,0.24011044758640654,0.1695259233816682,0.002437134973082331,0.08324882477023361,0.2673965275840514,0.18414770281381782
W02000312,Caerphilly 023,2021,5,0.3425450280076635,0.04832520891100893,0.8617175872246812,0.1465015910805336,0.001078595280149857,0.08564317288375446,0.2110068003828855,0.12536362749913105
W02000312,Caerphilly 023,2023,7,0,0,0,0.17760801254708522,0.001525586114399075,0.1061813782317171,0.2620007281619325,0.1558193499302154
W02000312,Caerphilly 023,2025,9,0,0,0,0.18104268523715297,0.002583099876899576,0.09762909019780096,0.29964235708181564,0.20201326688401466
W02000313,Caerphilly 024,2021,3,0,0,0,0.14743178968575252,0.0012298569266356336,0.08505138464634268,0.21969352068365616,0.13464213603731348
W02000313,Caerphilly 024,2023,3,0.3236375146979967,0.07507203563544239,1.0740319054464513,0.1783744989718813,0.001552560201963086,0.10325239687957621,0.2529721287845259,0.1497197319049497
W02000313,Caerphilly 024,2025,6,0,0,0,0.18176795101861537,0.002360299176941539,0.09913831032171863,0.27451943920372635,0.17538112888200771
W02000314,Blaenau Gwent 001,2021,11,0,0,0,0.10806637831897786,7.898217543939261e-4,0.06039904367051298,0.16352816666930556,0.10312912299879258
W02000314,Blaenau Gwent 001,2023,9,0,0,0,0.13246652474713452,0.0010958870851792376,0.0772115421727179,0.19982509643146934,0.12261355425875144
W02000314,Blaenau Gwent 001,2025,27,0.1154649264108974,0.00758341358664255,0.3413582927856283,0.1352713712710746,0.0018243781643729525,0.06652499414574359,0.24085508628088267,0.1743300921351391
W02000315,Blaenau Gwent 002,2021,5,0,0,0,0.12183756175196266,9.243595779226254e-4,0.06698073692303794,0.18726120262356305,0.12028046570052511
W02000315,Blaenau Gwent 002,2023,10,0.2072958791544463,0.01899374673819776,0.5402358594002439,0.14917926471861617,0.0013247884727512539,0.08918036826865752,0.22828451709897107,0.13910414883031355
W02000315,Blaenau Gwent 002,2025,12,0.02585755314227178,7.061671069476614e-4,0.10416740107861278,0.15253275321785378,0.0020366861068563573,0.08313050905683728,0.2445084776334926,0.16137796857665532
W02000316,Blaenau Gwent 003,2021,8,0,0,0,0.11778618522928376,8.852012369742651e-4,0.065624021035494,0.18088792220752145,0.11526390117202745
W02000316,Blaenau Gwent 003,2023,8,0,0,0,0.14478817408319386,0.0011904776810208347,0.08365615932195467,0.21604166043807982,0.13238550111612515
W02000316,Blaenau Gwent 003,2025,22,0.16102771019666345,0.0077174621768716,0.34436209520048333,0.14719561112927218,0.001614162160621582,0.06960223605675178,0.23541128799065741,0.16580905193390563
W02000317,Blaenau Gwent 004,2021,13,0.07684608211718354,0.0055712179983515,0.29258574484603467,0.12663720126250338,0.001109163303604326,0.06990851919009164,0.2045414485959356,0.13463292940584395
W02000317,Blaenau Gwent 004,2023,3,0.5944450301563333,0.08864529794196965,1.1670942750133564,0.1536213756715458,0.0015193751727233277,0.08967609092203066,0.2298514988386824,0.14017540791665173
W02000317,Blaenau Gwent 004,2025,23,0.2686285661167653,0.01890156563112764,0.5389233192899492,0.15543620489950738,0.0022021633674593295,0.07911968161788169,0.2612197771356998,0.18210009551781814
W02000318,Blaenau Gwent 005,2021,13,0.09591177864401844,0.00500803683223185,0.2774034409558619,0.13149448259686258,0.0010333902298124043,0.07998236093812686,0.20773058154221663,0.12774822060408977
W02000318,Blaenau Gwent 005,2023,4,0.38249591074927686,0.07652870564300704,1.0844019021168,0.16022690953513885,0.0013881513578061738,0.10098872341927702,0.24875874367776696,0.14777002025848995
W02000318,Blaenau Gwent 005,2025,19,0.03934170008503007,0.00154309265889181,0.15398346541948318,0.16396787778902833,0.002021782328718535,0.08828354937726335,0.2705619273317631,0.18227837795449975
W02000319,Blaenau Gwent 006,2021,7,0.3324055890215195,0.03546240437466064,0.7381798319869272,0.14281303847459362,0.001064724809765029,0.089886176119554545,0.22191767601791856,0.13203149989836402
W02000319,Blaenau Gwent 006,2023,10,0.2243304327354886,0.02093511355040131,0.5671732596320886,0.17366169061929856,0.0015259223948942873,0.11208175007990505,0.2680801584743202,0.15599840839441514
W02000319,Blaenau Gwent 006,2025,23,0.09374711394837162,0.0076936383203531,0.34383016033472535,0.17676781641027386,0.0024530977699035827,0.1005862943833727,0.2844988406499548,0.1839125462665821
W02000320,Blaenau Gwent 007,2021,10,0,0,0,0.13056843073296864,0.0010479312526417428,0.08068304388892579,0.21058988477147594,0.12990684088255017
W02000320,Blaenau Gwent 007,2023,6,0.1928059865560531,0.01844980018984125,0.5324439789473059,0.15867004164931492,0.0014052009270986985,0.09898797694392797,0.251053656285329,0.15206567934140103
W02000320,Blaenau Gwent 007,2025,17,0.2671863695725407,0.02462330119504111,0.6151077875309297,0.16021087068285267,0.002156730565123944,0.08554515100131709,0.2739270534296691,0.188381902428352
W02000321,Blaenau Gwent 008,2021,13,0.1427824828460426,0.01653797436940841,0.5041029558246104,0.12287541166174765,7.950958367109734e-4,0.0691761160890604,0.18378997768708152,0.11461386159802113
W02000321,Blaenau Gwent 008,2023,3,0,0,0,0.15074927363309185,0.0010877813106771582,0.08380330977502762,0.22252438467241625,0.13872107489738864
W02000321,Blaenau Gwent 008,2025,23,0,0,0,0.15287766449218199,0.0016458663385835073,0.08054384236181586,0.24592382527015755,0.1653799829083417
W02000322,Blaenau Gwent 009,2021,12,0.27964622072196255,0.02017118479351907,0.5567289313442045,0.12635984913700735,8.505131333204642e-4,0.08115515481234467,0.1915515234233683,0.11039636861102362
W02000322,Blaenau Gwent 009,2023,11,0.10489895066300456,0.00990851580828027,0.3901956199226506,0.15459060490101093,0.0012373647014941958,0.09648213018459717,0.23010248419662294,0.13362035401202577
W02000322,Blaenau Gwent 009,2025,17,0.2890004976589016,0.01930707733208523,0.5446736362966813,0.15829725587841467,0.0020622791469321897,0.08568087337329508,0.26769380054687686,0.18201292717358178
W02000323,Torfaen 001,2021,3,0,0,0,0.12119787342483339,9.35911006423412e-4,0.06922109561185663,0.1887454860816622,0.11952439046980556
W02000323,Torfaen 001,2023,3,0,0,0,0.14890427149753271,0.0013702784630616116,0.08192801701724332,0.22829453730837312,0.1463665202911298
W02000323,Torfaen 001,2025,17,0.03503674928122015,0.00124592339117171,0.13836420636748076,0.15230509276075327,0.0021761453543727416,0.07194520557332724,0.2508364014296395,0.17889119585631225
W02000324,Torfaen 002,2021,8,0.14659302990796735,0.01220798597388092,0.4331118811682496,0.12720443980951707,9.029944612733478e-4,0.07953777570004991,0.1912095461604454,0.11167177046039548
W02000324,Torfaen 002,2023,5,0,0,0,0.15528888865591273,0.001215616250158241,0.09882365624927907,0.23611617480317593,0.13729251855389685
W02000324,Torfaen 002,2025,14,0.0748106038887924,0.00528491507234404,0.28496865526773524,0.15861995326619088,0.001979023139842736,0.08908931476592111,0.2693949554393621,0.180305640673441
W02000325,Torfaen 003,2021,7,0.14780344870627912,0.01885439370001807,0.5382504137955646,0.1199188778031801,8.90566166936103e-4,0.06864952638761318,0.17816906328929402,0.10951953690168084
W02000325,Torfaen 003,2023,6,0,0,0,0.14675962090750586,0.0012219215788099344,0.08706792361275391,0.21207589198253324,0.12500796836977934
W02000325,Torfaen 003,2025,14,0.13605163464876163,0.00996095532295979,0.3912267868534769,0.14931183240882098,0.0019201356816600052,0.07733047734101994,0.2544943395386447,0.17716386219762476
W02000326,Torfaen 004,2021,8,0,0,0,0.1150966504648233,8.071921987956141e-4,0.06898250240966863,0.1752048808493693,0.10622237843970067
W02000326,Torfaen 004,2023,4,0.14576240938113172,0.02169376310134523,0.5773584592597958,0.14162586458385026,0.0011397528323411374,0.08363748660180922,0.21062891842797143,0.1269914318261622
W02000326,Torfaen 004,2025,12,0.04080259603411167,0.00174493086229559,0.16374467994370745,0.14326430380954341,0.0017428228561293096,0.07809438679210795,0.239953567635392,0.16185918084328405
W02000327,Torfaen 005,2021,7,0,0,0,0.1119708397726247,8.792453805794209e-4,0.06300087519199521,0.17668291101603925,0.11368203582404404
W02000327,Torfaen 005,2023,6,0.08999153556139101,0.00824077208525349,0.35584595889922327,0.1361628368107339,0.0012222104535062589,0.07690601120325419,0.21197872085772276,0.13507270965446858
W02000327,Torfaen 005,2025,20,0.03058069694009597,9.513699824588816e-4,0.1209073796070411,0.13839168243576788,0.0020008932313527786,0.0678627741254769,0.2579128747421018,0.1900501006166249
W02000328,Torfaen 006,2021,6,0.13336829110225745,0.01636135473065036,0.5014039108286347,0.12177604381231144,9.592829438163312e-4,0.0684276630769726,0.18222481390151546,0.11379715082454286
W02000328,Torfaen 006,2023,3,0,0,0,0.1484414397543527,0.0013719979022790642,0.08297064639169599,0.22723113359241487,0.14426048720071888
W02000328,Torfaen 006,2025,17,0.0569182626120659,0.00313932203665786,0.21963220463965458,0.15065142836435388,0.002108947133157252,0.08080878536017305,0.25102520014573687,0.17021641478556382
W02000329,Torfaen 007,2021,9,0.07459865787870286,0.00544087502413176,0.28914285295504233,0.11833371498559028,9.238911646338299e-4,0.06703705268915752,0.19349229811997387,0.12645524543081635
W02000329,Torfaen 007,2023,4,0.1305471075409996,0.01772483941796278,0.5218783027776496,0.1457041554775697,0.0013463491605356878,0.08472518722222933,0.22717090381926053,0.1424457165970312
W02000329,Torfaen 007,2025,20,0.304692529644205,0.0197642585335252,0.551084695044562,0.1485275071489211,0.002046602983192989,0.08082571414299058,0.251712318094146,0.17088660395115543
W02000330,Torfaen 008,2021,6,0,0,0,0.109627808919367,7.954129284552773e-4,0.05932107124761779,0.16452199272329363,0.10520092147567583
W02000330,Torfaen 008,2023,3,0,0,0,0.1345133994958992,0.0011596733463810206,0.074328805721763,0.20679751722676332,0.13246871150500034
W02000330,Torfaen 008,2025,16,0.32735145550316547,0.02380815135631992,0.6048405840621343,0.13709666051271316,0.0016630416044694112,0.072374996300991,0.24038417442341725,0.16800917812242624
W02000331,Torfaen 009,2021,5,0,0,0,0.11855496150582759,0.001131254306734238,0.05616231661775942,0.19329127473383517,0.13712895811607576
W02000331,Torfaen 009,2023,7,0,0,0,0.14515400735799014,0.0015272372327266672,0.074465150071001,0.22484574248659567,0.15038059241559465
W02000331,Torfaen 009,2025,18,0.35083136233578727,0.02120655596166082,0.5708383710139517,0.14801066444828467,0.0021949031449894803,0.07320646036060094,0.24576900039236727,0.17256254003176633
W02000332,Torfaen 010,2021,10,0,0,0,0.11194093653141622,8.294462502408183e-4,0.06495356511154915,0.17733483434160124,0.1123812692300521
W02000332,Torfaen 010,2023,4,0,0,0,0.1371114913415079,0.0011701427560820178,0.08099822073733495,0.20403350971265233,0.12303528897531738
W02000332,Torfaen 010,2025,24,0.05349338083449262,0.00164771696165409,0.15911802985649898,0.14024838757511823,0.0018570431144382786,0.07145134531030004,0.24665039253684062,0.1751990472265406
W02000333,Torfaen 011,2021,14,0,0,0,0.11674357891801763,8.610065345932293e-4,0.06380822786576494,0.1755828440086502,0.11177461614288527
W02000333,Torfaen 011,2023,3,0.1801664973338166,0.03668874945540509,0.7508350556965293,0.14257756670938587,0.001155764770446871,0.07974217323030527,0.21289938079163145,0.13315720756132618
W02000333,Torfaen 011,2025,21,0,0,0,0.1446772884805798,0.0017585457983278932,0.07942506693004107,0.246595835925084,0.1671707689950429
W02000334,Torfaen 012,2021,3,0.43663510383048343,0.09292600955045602,1.1949417375914286,0.12306796375500607,0.0010131715248220185,0.07518890591262836,0.19353697439892623,0.11834806848629786
W02000334,Torfaen 012,2023,5,0,0,0,0.14970040479237856,0.0013274253360052654,0.09340150197398991,0.22280050091050901,0.1293989989365191
W02000334,Torfaen 012,2025,15,0.17030412564008704,0.00943615712554789,0.3807813494560449,0.15130992774641175,0.0018344199570744925,0.08161906390941807,0.25487698397334474,0.17325792006392665
W02000335,Torfaen 013,2021,7,0.06905700055019381,0.00495079082797615,0.27581340863373954,0.11701750274717038,7.92442524741342e-4,0.06800741712113167,0.18054983059090718,0.1125424134697755
W02000335,Torfaen 013,2023,1,0,0,0,0.1432188481265544,0.001066911712076462,0.08770955442613822,0.2206468341382598,0.1329372797121216
W02000335,Torfaen 013,2025,16,0,0,0,0.14678163721080797,0.001668267977517806,0.07731863045656705,0.2333317332206436,0.15601310276407654
W02000336,Monmouthshire 001,2021,5,0,0,0,0.12177072068265557,9.560790110437697e-4,0.07062323434535916,0.19572497863109967,0.1251017442857405
W02000336,Monmouthshire 001,2023,3,0.30515894032408536,0.06774669916944898,1.0202865383751587,0.14804079300486161,0.001301380530068371,0.09039040187994259,0.23231483372942552,0.14192443184948295
W02000336,Monmouthshire 001,2025,34,0.02030209219874314,4.143617534151925e-4,0.0797935739922727,0.15090937219374817,0.001926369060564422,0.07815714191506441,0.24878379235911952,0.17062665044405512
W02000337,Monmouthshire 002,2021,12,0.0664034393909624,0.00464130879896362,0.2670535274086006,0.13083986122447513,0.0015367822874396205,0.059507708596914316,0.22540061219076557,0.16589290359385125
W02000337,Monmouthshire 002,2023,11,0.2266073737872185,0.02415428091441315,0.6092213898943343,0.1605070669270739,0.0021885843615989963,0.07974928338904365,0.2713781503336755,0.19162886694463188
W02000337,Monmouthshire 002,2025,26,0.09581761749089136,0.00256189176311349,0.1984076783904891,0.16262308729520203,0.0028730470170334537,0.08046513226444857,0.2853780664175316,0.20491293415308304
W02000338,Monmouthshire 003,2021,7,0.08117764504973123,0.00683891887556973,0.3241692473913519,0.1180722405250737,8.813948705721241e-4,0.06492207831622782,0.18438856668864023,0.11946648837241242
W02000338,Monmouthshire 003,2023,5,0,0,0,0.1439080247978813,0.0012730075930786754,0.08273952811180596,0.22417288719677955,0.1414333590849736
W02000338,Monmouthshire 003,2025,25,0.2967555285685354,0.01428241642633621,0.4684669233223446,0.14652594976733072,0.0019571041756676942,0.07261513484686999,0.24670878811918934,0.17409365327231935
W02000339,Monmouthshire 004,2021,22,0.0805840494703497,0.00235258584608737,0.19013007810330773,0.13127938906734077,0.0017787816142028538,0.06839421631915912,0.24478661815751163,0.1763924018383525
W02000339,Monmouthshire 004,2023,6,0.4413825104832975,0.07740276334741407,1.0905769629091264,0.15995670230725104,0.002443822268333645,0.08599388457672348,0.28788385622753104,0.20188997165080758
W02000339,Monmouthshire 004,2025,26,0.19756310464376825,0.01285497952951069,0.44444065747175393,0.1621271169266944,0.003134948808513491,0.08342132152985071,0.30304740620521264,0.21962608467536193
W02000340,Monmouthshire 005,2021,5,0.2493855064044002,0.04461862826729217,0.8280111668924801,0.11661055798695329,6.938144765707303e-4,0.07362664729912217,0.17765928550131688,0.1040326382021947
W02000340,Monmouthshire 005,2023,8,0.43008795952272394,0.06899429682118333,1.0296382861982614,0.14330863606335756,9.860509129121537e-4,0.09336511534179176,0.21560716298232138,0.12224204764052962
W02000340,Monmouthshire 005,2025,16,0.06206963035056901,0.0016345103988168,0.15847907608326176,0.14508825034034897,0.0016924634105002763,0.08372802739971327,0.23749922626143627,0.153771198861723
W02000341,Monmouthshire 006,2021,8,0.05331547271456603,0.0029665693676985,0.21350366802232126,0.10839470366568539,6.266125925407987e-4,0.06588541295072031,0.15515447586422576,0.08926906291350545
W02000341,Monmouthshire 006,2023,10,0,0,0,0.13249663042936166,8.518137144505673e-4,0.08020753748080545,0.19299076709541127,0.11278322961460582
W02000341,Monmouthshire 006,2025,29,0.02914626227780904,4.4694577924210094e-4,0.08287155859621749,0.1346315066364239,0.001317128161987158,0.07850693975057668,0.22150742966038853,0.14300048990981185
W02000342,Monmouthshire 007,2021,9,0,0,0,0.10524221496422209,7.044896123133853e-4,0.05556013294721611,0.15691647390058464,0.10135634095336853
W02000342,Monmouthshire 007,2023,3,0,0,0,0.1292935585806831,0.0010449230412932341,0.07192349485547102,0.19284217962057498,0.12091868476510396
W02000342,Monmouthshire 007,2025,16,0.1730340931630624,0.01400440739537029,0.46388513370246826,0.13074993789580844,0.0014755127940634942,0.06537038503594472,0.21668529847123208,0.15131491343528736
W02000343,Monmouthshire 008,2021,16,0,0,0,0.10834853352219408,8.565021175065303e-4,0.05773862962587963,0.16615613939657944,0.1084175097706998
W02000343,Monmouthshire 008,2023,1,0,0,0,0.13286929874907372,0.0013309813643376238,0.07473919827393638,0.21605859687163126,0.14131939859769488
W02000343,Monmouthshire 008,2025,16,0.08429630309605435,0.00364955938271199,0.23680905457660165,0.13534225926331164,0.0018391225116997536,0.06843648284226754,0.24400713327795795,0.17557065043569042
W02000344,Monmouthshire 009,2021,9,0.15467507421381077,0.0150305474461935,0.48057977097269317,0.11698189597392192,8.430257601825347e-4,0.0656544186201043,0.17810613750399878,0.11245171888389449
W02000344,Monmouthshire 009,2023,6,0,0,0,0.14335029694120058,0.0012124854686277968,0.0809915095288922,0.21720687458906218,0.13621536506016999
W02000344,Monmouthshire 009,2025,21,0.1722797710711219,0.01487524893279657,0.4780906032245864,0.14540065203325073,0.0019028768588118627,0.06784309144249172,0.2350487421397535,0.1672056506972618
W02000345,Monmouthshire 010,2021,12,0.2752911092516351,0.01877852125088854,0.5371663284265604,0.14123257638078177,0.0017751925594035986,0.07599999242641428,0.24402108720256743,0.16802109477615315
W02000345,Monmouthshire 010,2023,4,0.272672014980336,0.05294750313592281,0.9019881439469599,0.1715097134277637,0.0023554170190746774,0.0899360612926336,0.2721073075643964,0.1821712462717628
W02000345,Monmouthshire 010,2025,19,0.18609584214749028,0.00897440093666466,0.37134777036409444,0.17435781551365706,0.0033241553848651017,0.08676451125862847,0.3084894306996655,0.22172491944103703
W02000346,Monmouthshire 011,2021,9,0,0,0,0.11433413324584026,0.0010914219794667078,0.06144614073954818,0.1921962052361349,0.13075006449658672
W02000346,Monmouthshire 011,2023,2,0,0,0,0.14034887225320247,0.001574245255057797,0.0745240753048391,0.22494843694981811,0.15042436164497902
W02000346,Monmouthshire 011,2025,24,0.15232416813976363,0.00736750770497059,0.3364638313982125,0.14171272153474,0.0020345369855526247,0.07026262883212717,0.24490509582903464,0.17464246699690747
W02000347,Newport 001,2021,11,0.17701533329397057,0.01331387707291669,0.4523039266660995,0.1263768907468054,9.784030979080405e-4,0.07304941663468667,0.19542894624109897,0.1223795296064123
W02000347,Newport 001,2023,7,0.20714229944335608,0.03219332550515778,0.7033330199251716,0.15418809094976427,0.0013554509664937269,0.09247538429567508,0.231032226953931,0.1385568426582559
W02000347,Newport 001,2025,18,0.06461458946959135,0.00245960683457328,0.19440656748279958,0.15599951412768276,0.0020827470200598156,0.0801383423222061,0.2669959248469629,0.1868575825247568
W02000348,Newport 002,2021,4,0,0,0,0.11532381297107086,0.0010688035687433668,0.06134830801690226,0.18889894718848751,0.12755063917158527
W02000348,Newport 002,2023,7,0,0,0,0.14089565305425597,0.0015540681430887965,0.07443729974013666,0.2267336957098967,0.15229639596976005
W02000348,Newport 002,2025,9,0,0,0,0.14311939273519547,0.002095874306906974,0.07090927117096331,0.23739167473246986,0.16648240356150656
W02000349,Newport 003,2021,5,0.11657089572760564,0.01464963988680642,0.4744512129320147,0.1387985530351622,0.0013015977233651603,0.07738499716144032,0.2171340462911352,0.13974904912969488
W02000349,Newport 003,2023,6,0.2031642634113361,0.03577025330460753,0.7413769758373878,0.1690170032381757,0.001837611559640731,0.09597313929549517,0.2691009763463569,0.1731278370508617
W02000349,Newport 003,2025,20,0.1448486715851302,0.00687144531082198,0.32493922016385995,0.17292328101823534,0.00284024252641709,0.08195792076860578,0.29436371552650165,0.21240579475789587
W02000350,Newport 004,2021,4,0.222557700948331,0.04184543372881259,0.8018665986392463,0.12775675527621677,0.0012583859233616013,0.0683691683890951,0.20689983955817715,0.13853067116908205
W02000350,Newport 004,2023,5,0.09754941208026335,0.01080617943620027,0.40748739029911085,0.15653975759023725,0.0017390375863418394,0.08391873356392757,0.2445434512672341,0.16062471770330652
W02000350,Newport 004,2025,12,0.03890340997158043,0.00158593964109854,0.15610665358512377,0.15906969990893852,0.0023162211188547787,0.08295012755948686,0.26747527023904083,0.18452514267955397
W02000351,Newport 005,2021,2,0.22744423718807197,0.06188759010254333,0.975168967699275,0.14240588922674016,0.0020203196684458456,0.07003646597549834,0.24572325492648311,0.17568678895098477
W02000351,Newport 005,2023,5,0.17128147249146472,0.02552863854132759,0.6263137032027795,0.1722189405897658,0.0027405134624673686,0.08637884743745161,0.29506907687353706,0.20869022943608545
W02000351,Newport 005,2025,11,0.0349899336508939,0.00132188995380489,0.14251997506357827,0.17618458573812484,0.0037740629619732033,0.07810619106677727,0.3222716232955314,0.24416543222875411
W02000352,Newport 006,2021,2,0.519228760498974,0.124907484922061,1.385390861417195,0.15135191753662136,0.0019436103643583353,0.08174390714323067,0.252865431552691,0.17112152440946032
W02000352,Newport 006,2023,3,0.12145417576364093,0.01773366595147175,0.522008227875861,0.18578859044909016,0.0026604857357326785,0.10597706922151579,0.3079950117134148,0.20201794249189903
W02000352,Newport 006,2025,15,0.1385748196838811,0.0085590026491063,0.3626516577805967,0.18836465766879745,0.0037400759152052643,0.09143666155079246,0.3237674777899181,0.23233081623912566
W02000353,Newport 007,2021,4,0.26820930542550536,0.05444648310025773,0.9146669836858846,0.14664357301220196,0.0019904570538694737,0.07270603069986656,0.2435682301751184,0.17086219947525183
W02000353,Newport 007,2023,2,0.3618756581717707,0.10688663101796322,1.2815624706400122,0.17852522650348238,0.002710283638143755,0.09256873481300071,0.28500849802272565,0.19243976320972495
W02000353,Newport 007,2025,6,0.1169784876836714,0.01337218701077527,0.45329330789021827,0.18114465241891076,0.0036638265826225863,0.08556349124834003,0.31428798067367075,0.22872448942533072
W02000354,Newport 008,2021,6,0,0,0,0.11961059092624945,0.0010820162082408127,0.06486936737548477,0.18692469889516872,0.12205533151968395
W02000354,Newport 008,2023,5,0,0,0,0.1456710011391495,0.0015267643060946701,0.08008293762584719,0.23590968192213574,0.15582674429628857
W02000354,Newport 008,2025,8,0,0,0,0.14848345670593927,0.002112168387397411,0.07168655860490218,0.2539738140732183,0.1822872554683161
W02000355,Newport 009,2021,4,0.11442809147415396,0.01383337750064948,0.46104381579134784,0.13238032787156018,0.0011958292092975622,0.0765939114081517,0.2238832907016237,0.147289379293472
W02000355,Newport 009,2023,4,0,0,0,0.16179955840993057,0.0015610028487933385,0.09513398840954099,0.251140477294572,0.15600648888503102
W02000355,Newport 009,2025,11,0,0,0,0.16441582800889556,0.002377415749177769,0.08529208023611456,0.26589366196488085,0.18060158172876628
W02000356,Newport 010,2021,3,0.8335123279112889,0.02909343926723593,0.6686142352581262,0.14403393814275062,0.0018210658139337487,0.0772388442406606,0.2416721953120787,0.1644333510714181
W02000356,Newport 010,2023,4,0,0,0,0.17632879647391406,0.0023470091521458195,0.09783098341627229,0.2725820827229053,0.17475109930663302
W02000356,Newport 010,2025,11,0.14106642875320174,0.01202188137219196,0.4297979164144246,0.17980765515936054,0.0030013073284736,0.09412366353946336,0.2931369536335081,0.19901329009404475
W02000357,Newport 011,2021,3,0,0,0,0.1355810765989177,0.001969457221161675,0.06381886285871188,0.2261587673570842,0.16233990449837232
W02000357,Newport 011,2023,7,0,0,0,0.16508732856657293,0.002605690595008353,0.07761510673698724,0.2694583563544017,0.19184324961741445
W02000357,Newport 011,2025,15,0,0,0,0.16788231340221615,0.0035942501131061744,0.0749393909980473,0.28878397943995304,0.21384458844190574
W02000358,Newport 012,2021,8,0.40342087507914787,0.03613973204470329,0.745196061290309,0.14337247509300946,0.0013169815511611242,0.08588426932508628,0.22307809587677566,0.13719382655168938
W02000358,Newport 012,2023,6,0,0,0,0.17517272294617867,0.001811570285246753,0.10688330401560578,0.27133256656831106,0.16444926255270528
W02000358,Newport 012,2025,7,0,0,0,0.17860615341933972,0.0027979982944310432,0.10224554332458335,0.30147586528841536,0.199230321963832
W02000359,Newport 013,2021,5,0.1697570567083315,0.02611475602287101,0.6334627372603154,0.15324609661642852,0.002269619902598529,0.07654274131872557,0.2542725831520894,0.17772984183336382
W02000359,Newport 013,2023,2,0,0,0,0.18687890246152414,0.002972438073436524,0.09709308584668597,0.3064057138447346,0.20931262799804862
W02000359,Newport 013,2025,16,0.17195682146256686,0.01016322462469572,0.3951789917555492,0.18976396623189287,0.0037701976232071633,0.09299479817299136,0.3218284579976914,0.22883365982470003
W02000360,Newport 014,2021,8,0.22926892251601105,0.036586042294795,0.74978336841418,0.14481786272204286,0.0017629501577927182,0.07891027722400694,0.23783944054552353,0.15892916332151658
W02000360,Newport 014,2023,4,0.22917463003060484,0.04437829266759606,0.8257781392487505,0.1755546934170133,0.0023450511897288445,0.09792262784109755,0.2828162652881246,0.18489363744702703
W02000360,Newport 014,2025,18,0.11607631589507758,0.00857051176979691,0.36289540110587865,0.17990953864140502,0.0031931253580719603,0.09062939555485591,0.31946996653949766,0.22884057098464175
W02000361,Newport 015,2021,9,0.04798596142166566,0.0024393235280123,0.19360331488081045,0.12981925187615243,0.001185138896222399,0.0713198977348508,0.20868210397431514,0.13736220623946432
W02000361,Newport 015,2023,2,0,0,0,0.15802213957810507,0.0016157518234750127,0.09317740691639832,0.24522586463087334,0.152048457714475
W02000361,Newport 015,2025,9,0,0,0,0.16138637463366462,0.0023774419891696096,0.0862038228378661,0.2628037665386866,0.1765999437008205
W02000362,Newport 016,2021,3,0,0,0,0.1250578911259953,0.001318316574903366,0.06173955579424807,0.20284017700765322,0.14110062121340516
W02000362,Newport 016,2023,4,0,0,0,0.15250789971681653,0.0018458786737157395,0.07715495370406342,0.24347110294905255,0.16631614924498914
W02000362,Newport 016,2025,9,0.14387404477650712,0.01770099762354224,0.521527193753277,0.15537517299422454,0.00244068834328348,0.07351031166087349,0.25681164436654275,0.18330133270566926
W02000363,Newport 017,2021,9,0,0,0,0.11588868114278952,0.0013254612778534872,0.057313196771681396,0.19963419197629512,0.14232099520461372
W02000363,Newport 017,2023,6,0,0,0,0.1425955594385399,0.001891333607965939,0.06651933962383219,0.2349714260494681,0.16845208642563592
W02000363,Newport 017,2025,18,0.06635440745682769,0.00415797891576541,0.2527663330606133,0.14485769285546649,0.0023320125671449166,0.06612673025767171,0.25434057046361097,0.18821384020593926
W02000364,Newport 018,2021,6,0.04379930036359009,0.00243647775245415,0.1934903507009069,0.14910459570750415,0.002445513726316904,0.072335185119872,0.25070199529363996,0.17836681017376796
W02000364,Newport 018,2023,3,0,0,0,0.18071016693972303,0.003267588955079976,0.08968704710350615,0.3024017661578261,0.21271471905431993
W02000364,Newport 018,2025,17,0.14274502605112585,0.01071694158660544,0.40580137894654394,0.1840669461253828,0.0043366298466795865,0.09082136338799798,0.33188544121537744,0.24106407782737946
W02000365,Newport 019,2021,9,0.48010813542985065,0.0356181991786642,0.7397995550475001,0.1567664676403137,0.0017997229809038496,0.09196528210217074,0.2505710004673317,0.15860571836516096
W02000365,Newport 019,2023,4,0,0,0,0.19120072446898354,0.0026210860506075684,0.1099963954589475,0.29682998312516073,0.18683358766621322
W02000365,Newport 019,2025,8,0,0,0,0.19518537596405836,0.0036742062249213643,0.09711697137489039,0.3414136727305117,0.24429670135562132
W02000366,Newport 020,2021,4,0,0,0,0.13723304230628894,0.001239276354886604,0.0816354781763352,0.21530601668107152,0.1336705385047363
W02000366,Newport 020,2023,5,0.13075058285162028,0.01805426947704809,0.5267057346708693,0.1669885745116459,0.0016518239109745737,0.09921973472129643,0.259535655876137,0.16031592115484056
W02000366,Newport 020,2025,13,0.03770907390667587,0.00149023333982446,0.15132309814646452,0.16983302138969783,0.0024001705692067664,0.09749384667377614,0.27824872593108063,0.1807548792573045
W02000367,Cardiff 001,2021,6,0.14631232104499473,0.02102053179256693,0.5683291555788336,0.16321853694127172,0.0015087173636310557,0.1018845290935145,0.2515276474143584,0.1496431183208439
W02000367,Cardiff 001,2023,5,0.4647650196373027,0.06022726542689862,0.9619990852811575,0.19731367423251472,0.0020115637755963784,0.12550572353645154,0.2997776754122902,0.1742719518758387
W02000367,Cardiff 001,2025,6,0.3743079987346414,0.04600185325896609,0.8407478218108734,0.20098038491971323,0.0027281738998175967,0.11235613503503072,0.31330726009866405,0.20095112506363333
W02000368,Cardiff 002,2021,5,0.30445436137243015,0.05767380762701814,0.9413852708255528,0.1550906305266343,0.0018331630848789368,0.08223160325333537,0.2540816883444116,0.17185008509107622
W02000368,Cardiff 002,2023,6,0,0,0,0.18866296024212087,0.0023445661274120746,0.10143332596692294,0.2917300175555063,0.19029669158858337
W02000368,Cardiff 002,2025,12,0.16644062989317782,0.01454450770980091,0.47274571361131723,0.19107257004688327,0.0029715128398249795,0.09269348349831538,0.3013008970592483,0.2086074135609329
W02000369,Cardiff 003,2021,8,0.5141819474538545,0.07225310715612424,1.05367421114394,0.15602954323099572,0.001408323672823926,0.09381282197764025,0.23943007322820314,0.1456172512505629
W02000369,Cardiff 003,2023,6,0.3702882547519212,0.05089767880210381,0.8843558948459562,0.1903784009137248,0.001977061056364604,0.11367445267627758,0.28611904166286006,0.1724445889865825
W02000369,Cardiff 003,2025,10,0.09228696752456968,0.0082712712898028,0.3565038460076807,0.19418029243089913,0.0031391060111270346,0.10498147893507892,0.31681827843547433,0.2118367995003954
W02000370,Cardiff 004,2021,5,0.28522044059785767,0.05542380009511634,0.9228396301671759,0.16783856402396038,0.001829076004316124,0.10159024790439726,0.2758419194010603,0.17425167149666304
W02000370,Cardiff 004,2023,7,0.7707927468783831,0.03112639897473354,0.6915801613636259,0.20211186913078508,0.002409311641112658,0.12432719482789206,0.3206925422770043,0.19636534744911222
W02000370,Cardiff 004,2025,4,0,0,0,0.2053473124904483,0.003271657755870198,0.11200229409027178,0.33255643573383853,0.22055414164356674
W02000371,Cardiff 005,2021,8,0.06381581887068648,0.00428990251898288,0.2567448840500213,0.16342670411204946,0.0015788956552758296,0.0979201910513925,0.24764803644238434,0.14972784539099182
W02000371,Cardiff 005,2023,4,0.18426894733000623,0.03017596428734195,0.6809397159354433,0.19781559743750918,0.002086417451260835,0.12044909973490635,0.2965322532532463,0.17608315351833992
W02000371,Cardiff 005,2025,10,0.2834663408827189,0.02132167361584807,0.5723856433683876,0.2022073334381618,0.0029009464460454885,0.1129637589276282,0.3051224285027116,0.1921586695750834
W02000372,Cardiff 006,2021,7,0,0,0,0.15839081415811168,0.0012824369091823473,0.09560598962260383,0.23271117269648356,0.13710518307387973
W02000372,Cardiff 006,2023,5,0.5222030906214987,0.06614923199643358,1.0081855994505013,0.1922719003808187,0.0018746256264355714,0.11692938001442954,0.2858636263083482,0.16893424629391868
W02000372,Cardiff 006,2025,11,0.3899580034663602,0.03954553849103894,0.7795192304375832,0.19551015294798313,0.00284881222546816,0.09943210801355395,0.3123311399693349,0.21289903195578097
W02000373,Cardiff 007,2021,8,0,0,0,0.15318311033334417,0.001762010130059991,0.08316721259041994,0.24354372126054497,0.16037650867012504
W02000373,Cardiff 007,2023,8,0.42244032684830635,0.04881353143118073,0.8660604387351706,0.18795089850474722,0.002443300126453188,0.10378577091995886,0.29936911169200303,0.19558334077204417
W02000373,Cardiff 007,2025,14,0.35447867896554264,0.02686278747332256,0.6424711414151659,0.19194293618441335,0.0034169398511096306,0.0968025530694076,0.3271038870115558,0.2303013339421482
W02000374,Cardiff 008,2021,8,0.16352208568012455,0.01383165457348628,0.4610151037270388,0.17154383942904483,0.001926075572851311,0.1080654575725794,0.27614486613356326,0.16807940856098386
W02000374,Cardiff 008,2023,2,0.602367861552656,0.11485473062352332,1.3284723829303808,0.2057177080623271,0.002433679483167789,0.12967793038682313,0.3252039162219037,0.19552598583508057
W02000374,Cardiff 008,2025,9,0.12483984995641914,0.01360781905158248,0.45726962079766925,0.207669220677378,0.0032332161741159206,0.11706029923350478,0.34920418815557913,0.23214388892207435
W02000375,Cardiff 009,2021,4,0,0,0,0.16669165434790148,0.0019409917108584238,0.09803251332725049,0.2758966274840977,0.17786411415684722
W02000375,Cardiff 009,2023,3,0.45016842819208247,0.09330004741602832,1.1973442113569215,0.2023375692680998,0.0026347060442752017,0.11839378562057307,0.3187410564310973,0.20034727081052423
W02000375,Cardiff 009,2025,9,0.4786412438280221,0.03650228213922832,0.7489245988728216,0.20514413998255804,0.003462210228180056,0.11487164474152044,0.3321048451202694,0.21723320037874894
W02000376,Cardiff 010,2021,11,0,0,0,0.16202649642101258,0.0013573545796311476,0.09686753139818247,0.24298445212135095,0.14611692072316848
W02000376,Cardiff 010,2023,7,0.41781742694391755,0.03755448247644911,0.7596420155988169,0.19647965796392425,0.001819100775865289,0.1206724685266544,0.2901667049017612,0.1694942363751068
W02000376,Cardiff 010,2025,10,0.4900738685735866,0.04140697303203829,0.7976545161714241,0.20060280898945446,0.0028968762984587643,0.10901139009576333,0.3222481665081316,0.21323677641236827
W02000377,Cardiff 011,2021,6,0.5182159042391264,0.0582144569815675,0.9457873741254131,0.18128425276278567,0.0030064931132452815,0.10271875819037177,0.3160959961280418,0.21337723793767002
W02000377,Cardiff 011,2023,3,0.264800086218664,0.05776414557143902,0.9421222564513881,0.22126404966183466,0.004034788528674487,0.12376177982300293,0.3723501842479947,0.24858840442499178
W02000377,Cardiff 011,2025,11,0.10278574992280767,0.00956167453808583,0.3833055125872114,0.22442469998220455,0.005356114617984745,0.1195142549643911,0.3923153714894435,0.2728011165250524
W02000378,Cardiff 012,2021,5,0.13365947411566514,0.018358200350305,0.531120591458283,0.1766906091835477,0.0018959461049705033,0.09801004352875227,0.2695272849567496,0.17151724142799735
W02000378,Cardiff 012,2023,6,0.2532905120751764,0.03258189564346581,0.7075648674560578,0.21467815905227303,0.002579035964406286,0.12156759389847036,0.32132062188129584,0.1997530279828255
W02000378,Cardiff 012,2025,6,0.4226705532265014,0.07315114090492444,1.0602020476740472,0.21850310382719257,0.003492447515567796,0.11003224979713123,0.3432803818013106,0.23324813200417938
W02000379,Cardiff 013,2021,9,0,0,0,0.15808255245307112,0.002409398031363303,0.07476668708811829,0.2758694654780026,0.20110277838988433
W02000379,Cardiff 013,2023,1,0,0,0,0.19400975998360082,0.0033668604567333397,0.09914418286299231,0.32466131977683405,0.22551713691384173
W02000379,Cardiff 013,2025,9,0.5307039623181139,0.04219997437590358,0.8052563909696856,0.19788945683763529,0.004365692879143007,0.0887313991484592,0.35317839726264766,0.2644469981141885
W02000380,Cardiff 014,2021,7,0,0,0,0.14887668245367786,0.001094026860298722,0.09605595688638476,0.2294612990897906,0.13340534220340583
W02000380,Cardiff 014,2023,4,0.3721170925603895,0.0646441406014491,0.9966499969791356,0.1815325545343983,0.001581828863371013,0.11825028160764642,0.2770949393471004,0.15884465773945397
W02000380,Cardiff 014,2025,8,0.1703568835836895,0.02449801361732903,0.613540904911069,0.1840702698800019,0.00214202362950625,0.10791641163092497,0.28233083585520463,0.17441442422427966
W02000381,Cardiff 015,2021,1,0,0,0,0.15611070669967445,0.002065502499798748,0.08068571579435317,0.2504959284206226,0.16981021262626944
W02000381,Cardiff 015,2023,4,0.25941958194310355,0.0522477044901706,0.8960076010275488,0.19116655369305577,0.002830295501411702,0.10132259573019384,0.3082133585679988,0.20689076283780497
W02000381,Cardiff 015,2025,14,0.5257138832190421,0.02758597298479044,0.6510618380763935,0.1957149075145337,0.0039195833088605326,0.09770861608657887,0.33192355263319623,0.23421493654661735
W02000382,Cardiff 016,2021,6,0.07653429651474196,0.00624813426685928,0.30985125781450557,0.15833491460991658,0.0020667028363381677,0.07781475644960892,0.2573580773413517,0.17954332089174277
W02000382,Cardiff 016,2023,3,0,0,0,0.19328224290384863,0.0027744331623367783,0.09995114924795076,0.30889692099431854,0.20894577174636778
W02000382,Cardiff 016,2025,14,0.22240470963156955,0.0190902187129934,0.5416060895669786,0.19738230162143855,0.004136010170195943,0.0905201496582071,0.33278257443452736,0.24226242477632026
W02000383,Cardiff 017,2021,5,0.16868443322707682,0.02885570713132928,0.6658768975929745,0.1746456468246818,0.0019568881320255103,0.09806542842291527,0.26671307057266347,0.1686476421497482
W02000383,Cardiff 017,2023,5,0.3056848391145617,0.05698457957208019,0.9357433747362865,0.2111244531123018,0.0026011912140482415,0.1209018567653079,0.3221022870372231,0.2012004302719152
W02000383,Cardiff 017,2025,8,0.16695039187655963,0.02234482601391983,0.5859581179164526,0.21656614830613655,0.0035730729784504475,0.11514302598059335,0.3299575127143052,0.21481448673371184
W02000384,Cardiff 018,2021,6,0,0,0,0.15092982906362065,0.0010862839976054303,0.08676964322273281,0.21853054836434097,0.13176090514160815
W02000384,Cardiff 018,2023,3,0,0,0,0.18463079538703842,0.0016074731853119638,0.1100171033403929,0.2680918390538163,0.1580747357134234
W02000384,Cardiff 018,2025,10,0.2046289437144066,0.01771383392246868,0.5217162584002077,0.1876656741197523,0.002604994588371954,0.10202135763830203,0.3070941732064678,0.20507281556816578
W02000385,Cardiff 019,2021,4,0,0,0,0.16379000208804256,0.0015189202186018573,0.09470069552473476,0.24203697463523483,0.14733627911050007
W02000385,Cardiff 019,2023,2,0,0,0,0.18998682697150454,0.001910752809811922,0.11465664953781554,0.28067509134777474,0.1660184418099592
W02000385,Cardiff 019,2025,12,0.16290038484607827,0.01240023836400937,0.4365089004459518,0.1966072514813535,0.0028515167507700894,0.1117482388120378,0.3330323804721973,0.2212841416601595
W02000386,Cardiff 020,2021,8,0.5833751796469482,0.03986579755713218,0.782669329078,0.19178032464086855,0.002539409162660561,0.11417381635833862,0.3271429320522266,0.212969115693888
W02000386,Cardiff 020,2023,1,0,0,0,0.23003336569214983,0.003244606821175276,0.1421161985536915,0.365349809489941,0.2232336109362495
W02000386,Cardiff 020,2025,13,0.29112509940266035,0.03143101625458684,0.6949559831660217,0.23324774894990527,0.004348998625922944,0.13278179339004975,0.4027577149370503,0.26997592154700056
W02000387,Cardiff 021,2021,8,0.41316164609251266,0.04486244811532508,0.8302704307165178,0.19817076456436075,0.0022198101123663185,0.12469506188785143,0.3133408500693381,0.18864578818148667
W02000387,Cardiff 021,2023,7,0.3488570154499443,0.03501122100685774,0.7334689189326703,0.2344867450522402,0.002899860770313186,0.14402342475300345,0.34957256398030195,0.2055491392272985
W02000387,Cardiff 021,2025,11,0.4545101788241111,0.02629343793842477,0.6356261766004775,0.2407770582332809,0.0045339154030409005,0.13019512519195126,0.3982811987677073,0.26808607357575603
W02000388,Cardiff 022,2021,8,0.03079413991411704,0.00116276356308988,0.13366687466703706,0.14541654438848065,0.0014159697711146398,0.07654587227254231,0.22812528390880488,0.15157941163626257
W02000388,Cardiff 022,2023,2,0,0,0,0.17714035881771933,0.0019462500981833357,0.10111981334268194,0.272738700696628,0.17161888735394604
W02000388,Cardiff 022,2025,12,0.2558509811794808,0.02042176886851218,0.5601763442135799,0.1812721432291289,0.0030510570004182586,0.09222527702612424,0.3024832893735898,0.21025801234746558
W02000389,Cardiff 023,2021,5,0.11713845390239466,0.0136158054645015,0.45740378661512865,0.17009749960266354,0.0017009482640042849,0.10002534430207413,0.2674564727136746,0.1674311284116005
W02000389,Cardiff 023,2023,2,0,0,0,0.20719002710456752,0.002155909699094843,0.1279360477165392,0.30620419525437637,0.17826814753783718
W02000389,Cardiff 023,2025,14,0.02866268919409662,8.613061685194141e-4,0.11504211712893957,0.2112522276591904,0.0030745455448919308,0.11992921475436819,0.32884785369106123,0.20891863893669305
W02000390,Cardiff 024,2021,6,0.20692314337625012,0.03299166017010988,0.7120002920499726,0.1789743184945737,0.0019450205868439623,0.10708389264845392,0.2804567061731038,0.1733728135246499
W02000390,Cardiff 024,2023,2,0.5887097278005532,0.11737122689426338,1.3429471096787982,0.20742309832289008,0.002465931956229611,0.12219064848718261,0.3120947439928015,0.1899040955056189
W02000390,Cardiff 024,2025,15,0.3711698198875468,0.03087849530775885,0.6888206389757854,0.21067913744981767,0.003432961388564183,0.10882063194723168,0.33924668056021623,0.23042604861298455
W02000391,Cardiff 025,2021,4,0.17284998566812504,0.02790491275449387,0.6548147012444068,0.22933329104413236,0.0025858214646473743,0.1225960519045505,0.3399115624630711,0.21731551055852058
W02000391,Cardiff 025,2023,1,0,0,0,0.2651337831217979,0.003138097354149857,0.15199774297025886,0.38532110087402305,0.23332335790376418
W02000391,Cardiff 025,2025,8,0.30740845692023927,0.05275273998707581,0.9003276699938438,0.27315144832368426,0.004740753510949468,0.14853045444453983,0.41266733187971516,0.26413687743517533
W02000392,Cardiff 026,2021,8,0.16956164171937987,0.0234886960036483,0.6007690353199558,0.17204280526000643,0.001355107625748525,0.10571712095829486,0.24800112380726302,0.14228400284896817
W02000392,Cardiff 026,2023,5,0.3079183300702689,0.04159946918620508,0.7995064673698166,0.20528292590556244,0.0018288222302465273,0.12691264405314304,0.2995166386382395,0.17260399458509648
W02000392,Cardiff 026,2025,7,0.556312319786682,0.05186395766494042,0.89271105660923,0.20843422868584943,0.002797617995898525,0.11493296704453806,0.32263659419122104,0.20770362714668297
W02000393,Cardiff 027,2021,5,0,0,0,0.15225426715828927,0.0013077150775606815,0.09072885529884882,0.22952716326594508,0.13879830796709625
W02000393,Cardiff 027,2023,4,0,0,0,0.18634237759609007,0.0019584441912338752,0.10843264477118938,0.2769787350899253,0.16854609031873594
W02000393,Cardiff 027,2025,15,0.4022961260797456,0.02342310086882338,0.59992958733688,0.19056721343126165,0.002874261484001765,0.10140918401118598,0.31045171419396894,0.20904253018278296
W02000394,Cardiff 028,2021,5,0,0,0,0.23479353342795062,0.003475491043225429,0.13779201736616192,0.3569295965231055,0.2191375791569436
W02000394,Cardiff 028,2023,3,0.4976859850854756,0.09640807456576318,1.2171239023645666,0.2824352766097389,0.0045836059016246475,0.16976305818146153,0.4195531060010912,0.24979004781962966
W02000394,Cardiff 028,2025,10,0.5047138276525701,0.04402893107287459,0.8225213082604673,0.28412430678567174,0.0059682304746531,0.1634445651822959,0.4410461401361324,0.2776015749538365
W02000395,Cardiff 029,2021,6,0.3244584508651281,0.04226143374591339,0.8058425589118988,0.1765814148312339,0.0020883747573343997,0.10314834515713836,0.2826215272611893,0.17947318210405092
W02000395,Cardiff 029,2023,3,0,0,0,0.21424999912705794,0.0027473187065330594,0.12661811075320584,0.3321894891528959,0.20557137839969009
W02000395,Cardiff 029,2025,7,0.08246422989637363,0.00686155437429759,0.3247052729773129,0.21733524716160152,0.0038641891160426955,0.10633941506481855,0.34625293285952385,0.23991351779470532
W02000396,Cardiff 030,2021,4,0,0,0,0.20660867093192714,0.0027884287715067187,0.11338578872744311,0.31785236380984955,0.20446657508240645
W02000396,Cardiff 030,2023,6,0.17154133574073277,0.02465092343158432,0.6154527025028489,0.24663694502897465,0.00367623392267434,0.1401999370158606,0.37186025893831143,0.23166032192245084
W02000396,Cardiff 030,2025,7,0.21053658235672584,0.02507284485106603,0.620697353024879,0.25135678407906664,0.005142426832560428,0.13460110320101676,0.3849247307325015,0.25032362753148474
W02000397,Cardiff 031,2021,10,0.13461226956242411,0.01630492688944871,0.500538530865489,0.17011769281483713,0.001584144559389711,0.10429057846017611,0.26505488266826044,0.16076430420808432
W02000397,Cardiff 031,2023,7,0.1246061028444968,0.00877025134046161,0.36709976503136427,0.20638483033038937,0.0023088763970727805,0.12553308895699453,0.30950355716825323,0.1839704682112587
W02000397,Cardiff 031,2025,11,0.23207340116475697,0.02085811008193523,0.5661292112486659,0.21098142121239835,0.0035180185192797975,0.11387973214780032,0.3369972016810087,0.22311746953320838
W02000398,Cardiff 032,2021,7,0,0,0,0.2442415493657273,0.0030463035292216433,0.14322178256216803,0.36758907663665724,0.22436729407448922
W02000398,Cardiff 032,2023,3,0.8422381412483302,0.02677104679277708,0.6413731327123974,0.28913861923581596,0.003693467800303123,0.17421829739518185,0.42419510586410814,0.24997680846892628
W02000398,Cardiff 032,2025,12,0.08403365903910262,0.00683727694912481,0.3241303308593264,0.29064823514379523,0.004997463795368189,0.17519480221431305,0.4510770562554389,0.2758822540411259
W02000399,Cardiff 033,2021,7,0.2355382443273811,0.02513088401112957,0.6214153395480179,0.2531622158387785,0.003920530298596492,0.15188385276418154,0.400726239964403,0.24884238720022145
W02000399,Cardiff 033,2023,6,0.5579520449133508,0.04881885396032232,0.8661076541909982,0.3051239341087131,0.0050544403712509695,0.18161056763880096,0.4739232919442833,0.29231272430548233
W02000399,Cardiff 033,2025,9,0.06388966893256559,0.00429808593693086,0.2569896506439465,0.307933685282374,0.006533893093101821,0.176274433904074,0.5035852583804817,0.32731082447640775
W02000400,Cardiff 034,2021,5,0.13383546070830082,0.01711177691599993,0.5127735811124361,0.1938506377687294,0.0018836315059596433,0.12168024512502557,0.2919828680914307,0.17030262296640514
W02000400,Cardiff 034,2023,7,0.6402190307054487,0.04311052641822286,0.8138975659726456,0.23474864842202667,0.002555577196477176,0.15467246016948732,0.3554993713807708,0.2008269112112835
W02000400,Cardiff 034,2025,10,0.5653953957252704,0.04022768465745965,0.7862136963027292,0.23857924792005883,0.0037703510982100797,0.1478457031555408,0.39058202435097744,0.24273632119543664
W02000401,Cardiff 035,2021,9,0.4940242110912581,0.04708333986320062,0.8505732448771975,0.1913861839941154,0.002842097155459649,0.11582146616270338,0.32685742757404934,0.21103596141134595
W02000401,Cardiff 035,2023,4,0.22040819235405973,0.04093696539318296,0.793114535996139,0.23200026560194614,0.0037876495134237078,0.14137177109781657,0.37963641250213553,0.23826464140431897
W02000401,Cardiff 035,2025,16,0.27424028104590087,0.01579222912273057,0.4926061220161031,0.2357986217002492,0.004737717467159896,0.12599749542711272,0.39997163079017145,0.2739741353630587
W02000402,Cardiff 036,2021,6,0,0,0,0.211177631489776,0.0026252513058719453,0.12719302940414706,0.31935425586762867,0.1921612264634816
W02000402,Cardiff 036,2023,8,0.525760269019592,0.05114663362583142,0.8865160729298951,0.26029270640549473,0.0036242865344054643,0.1643699474398538,0.38263758296304917,0.21826763552319536
W02000402,Cardiff 036,2025,8,0,0,0,0.2636452795301214,0.005577647217971614,0.15085772116558038,0.4322940114194862,0.2814362902539058
W02000403,Cardiff 037,2021,7,0,0,0,0.16288842723612634,0.001576921209760383,0.0956455174819515,0.24566945450991323,0.15002393702796174
W02000403,Cardiff 037,2023,3,0.20121196781533016,0.04029677931993272,0.7868886029524639,0.19969809344889397,0.0022882874255799584,0.11483410008223013,0.3047684726552543,0.18993437257302417
W02000403,Cardiff 037,2025,9,0.3884071760766388,0.05166504358565265,0.8909975025860661,0.20425537832751242,0.0035659234298753093,0.1080858968648753,0.33527760010230107,0.22719170323742577
W02000404,Cardiff 038,2021,7,0,0,0,0.1514476732539949,0.001410405139534652,0.08231565277299184,0.2339103613234712,0.15159470855047935
W02000404,Cardiff 038,2023,4,0,0,0,0.18585153160717455,0.0020271312479232277,0.09764220547685301,0.2787556081718995,0.18111340269504647
W02000404,Cardiff 038,2025,11,0.3044993808990656,0.03084581377540834,0.6884560215700947,0.1898563085837743,0.003161135351474405,0.09708712346646348,0.31335334869348086,0.21626622522701738
W02000405,Cardiff 039,2021,11,0.12852043024098997,0.01414476040138025,0.46620388076671826,0.16760411322067764,0.001891763018731503,0.09644562506268967,0.2677506959477126,0.17130507088502295
W02000405,Cardiff 039,2023,3,0.49225564432170416,0.09429754806456342,1.2037277894647862,0.20522632825952902,0.0026350274407570566,0.11833536333435074,0.31940023502307135,0.20106487168872061
W02000405,Cardiff 039,2025,12,0.17633801530263452,0.01849512225202716,0.5330975539800042,0.21081004743282497,0.003681401725049237,0.11128630686843277,0.3349816462988895,0.22369533943045672
W02000406,Cardiff 040,2021,7,0,0,0,0.16836101803920642,0.0022472529461603935,0.09212004717616978,0.2744996031948058,0.18237955601863604
W02000406,Cardiff 040,2023,2,0.5671503834768972,0.1206515425854046,1.3615842720816882,0.20523202086532566,0.003107045962904659,0.11703718628168956,0.3164770152725619,0.19943982899087231
W02000406,Cardiff 040,2025,12,0.13115748284013626,0.0104657264495303,0.40101699307894656,0.20923332701285133,0.0041025128482573715,0.10341440236109847,0.34271131577550074,0.23929691341440226
W02000407,Cardiff 041,2021,7,0,0,0,0.14595615033704082,0.0017951486653942277,0.0764103301130259,0.24082580130666914,0.16441547119364325
W02000407,Cardiff 041,2023,6,0,0,0,0.17764463073255796,0.002549855147829924,0.090875737861562,0.2961025497780071,0.2052268119164451
W02000407,Cardiff 041,2025,4,0,0,0,0.1821091694565069,0.0034614820098784736,0.08753767309810277,0.31026520284929127,0.22272752975118848
W02000408,Cardiff 042,2021,5,0,0,0,0.1824280876236662,0.002127130576916697,0.0999370414478298,0.2810594360329052,0.18112239458507537
W02000408,Cardiff 042,2023,3,0,0,0,0.22183360099942437,0.002804761965662896,0.13251205544329428,0.3420621045266722,0.2095500490833779
W02000408,Cardiff 042,2025,11,0.07104526300740088,0.00488787411992192,0.2740552291230115,0.22680888209181302,0.00361109533434691,0.1309198620028777,0.3578021636996006,0.2268823016967229
W02000409,Cardiff 043,2021,8,0,0,0,0.1686967708252642,0.0020006587647197465,0.0961843892978061,0.2743804256437782,0.1781960363459721
W02000409,Cardiff 043,2023,3,1,4.36794170409636e-33,2.590696291538526e-16,0.2053197872819407,0.0026639896859378988,0.11129302022185929,0.3252370973489911,0.21394407712713182
W02000409,Cardiff 043,2025,12,0.19153745556896415,0.01236439744549229,0.43587761415128556,0.20916484715245542,0.0036247845375233373,0.11253639757719178,0.34060467473145895,0.22806827715426717
W02000410,Cardiff 044,2021,4,0,0,0,0.20961750657265965,0.003512267626927055,0.11173960894959112,0.3356571395638992,0.22391753061430808
W02000410,Cardiff 044,2023,4,0.45561540617658025,0.06306380517691158,0.9843922199273676,0.25240285324946443,0.004494398709989169,0.14385375223692243,0.40105378006362086,0.25720002782669843
W02000410,Cardiff 044,2025,13,0.07258993377153926,0.00504197862583933,0.27834189958381567,0.25684931843710207,0.005913984838260564,0.1354460190058635,0.4241765238180716,0.2887305048122081
W02000411,Cardiff 045,2021,6,0.12390080101473344,0.01519457361976722,0.4831949041881175,0.16971347993474237,0.002568234229888428,0.09395313913586295,0.286909018613619,0.19295587947775605
W02000411,Cardiff 045,2023,2,0.714266673441121,0.08338826032321775,1.1319586002340591,0.20673372069749799,0.003512470691255193,0.1148752583599278,0.3444922394726907,0.2296169811127629
W02000411,Cardiff 045,2025,13,0.33818330501675087,0.01760608880566301,0.5201271580697868,0.21062915610442295,0.004393931125318332,0.1080924326247028,0.37126038191458055,0.26316794928987775
W02000412,Cardiff 046,2021,7,0,0,0,0.15890929575758736,0.001649376579328635,0.09116849355621329,0.25745844805930196,0.16628995450308867
W02000412,Cardiff 046,2023,2,0,0,0,0.1941178517030016,0.002453020366886565,0.10867391944239366,0.31062889579486697,0.2019549763524733
W02000412,Cardiff 046,2025,14,0.12874926305241097,0.00829752134970795,0.35706910579737033,0.19810257655072983,0.0034924849227404974,0.09830393267747699,0.33037805587861147,0.23207412320113446
W02000414,Powys 020,2021,17,0.13931155955565344,0.00650849234472328,0.3162410809939621,0.12017914597811401,5.71347640693652e-4,0.07932555340008274,0.16455315904180134,0.0852276056417186
W02000414,Powys 020,2023,8,0,0,0,0.14726994818836364,8.601247140334535e-4,0.0933217447479879,0.20288348622969843,0.10956174148171052
W02000414,Powys 020,2025,25,0.2288125222915825,0.01231107645818973,0.4349367459875181,0.1493532960963258,0.001382946838824275,0.08144259392130201,0.2308038807933805,0.14936128687207847
W02000415,Merthyr Tydfil 008,2021,14,0.19585793791323836,0.01237457231515581,0.43605692276294655,0.153448934484572,0.0010936413784906674,0.1014988942779301,0.22829012354401038,0.12679122926608027
W02000415,Merthyr Tydfil 008,2023,10,0.21482493393678545,0.01873793826518991,0.5365855690584148,0.18738396230785634,0.0015574331231219386,0.12538899904699707,0.27342328288702866,0.1480342838400316
W02000415,Merthyr Tydfil 008,2025,32,0.0968178672010492,0.00212990939563256,0.18090836614299502,0.19109496798907136,0.0023401480858667384,0.11720269573326142,0.2933043001011178,0.17610160436785638
W02000416,Powys 021,2021,23,0.07227103201458769,0.0027983293569637,0.20736120168937602,0.11563120087990694,6.417024217053544e-4,0.07249039361794862,0.16769118675119002,0.0952007931332414
W02000416,Powys 021,2023,8,0,0,0,0.14224350101063413,9.696639711057189e-4,0.08763555099245428,0.20808937070288916,0.12045381971043488
W02000416,Powys 021,2025,25,0.08284698841206274,0.00294160090819805,0.21260328083789531,0.14534229791442593,0.0016742697877810786,0.07396122165879561,0.23334024589047053,0.15937902423167494
W02000417,Neath Port Talbot 020,2021,17,0.17453315070401065,0.0163979100923879,0.5019637292289262,0.1202205600257627,9.553196081435213e-4,0.07154582651330527,0.19271283637341452,0.12116700986010925
W02000417,Neath Port Talbot 020,2023,7,0,0,0,0.14673737827133768,0.0012889358006830738,0.08620982692542899,0.2198108248364593,0.1336009979110303
W02000417,Neath Port Talbot 020,2025,13,0,0,0,0.14943443621053032,0.0018795275872748182,0.0786247893659602,0.24208137099521532,0.16345658162925514
W02000418,Carmarthenshire 027,2021,13,0.25890622374747385,0.02011824679180617,0.5559979014179283,0.1133609566602812,8.666432116528664e-4,0.06710702190394756,0.1822114220991357,0.11510440019518815
W02000418,Carmarthenshire 027,2023,6,0.29332153653988474,0.05246298223141205,0.8978516266127202,0.13906003092296434,0.001231054142870436,0.08797313770755946,0.2247180865510896,0.13674494884353014
W02000418,Carmarthenshire 027,2025,11,0.1118247856859071,0.011072156926720811,0.41247174395471603,0.14087995872024378,0.001771754586744617,0.07862569014538176,0.2435879659716396,0.16496227582625783
W02000419,Denbighshire 017,2021,6,0.6927867060761899,0.03437899344324663,0.7268163113446071,0.1637790533551344,0.0019007966017361513,0.09021535100732431,0.2604155637952753,0.170200212787951
W02000419,Denbighshire 017,2023,3,0,0,0,0.19840471509590335,0.0025270313353694153,0.11321486838432135,0.2986407916774319,0.18542592329311056
W02000419,Denbighshire 017,2025,13,0.374484824340738,0.0359603202694305,0.7433440374254427,0.20136763230985483,0.003377625903475303,0.10257558964268651,0.325907917248919,0.22333232760623248
W02000421,Ceredigion 011,2021,5,0,0,0,0.10850949993303566,5.51335204554712e-4,0.06748767236314157,0.15643081720339477,0.0889431448402532
W02000421,Ceredigion 011,2023,11,0,0,0,0.1334637266336827,8.207489999045356e-4,0.08358739152315608,0.19451317352683906,0.11092578200368297
W02000421,Ceredigion 011,2025,25,0.19558762019629897,0.00817094807213975,0.354335211601415,0.13497692813508763,0.0012859514116438978,0.07695366796016183,0.21589395193701233,0.1389402839768505
W02000422,Cardiff 048,2021,4,0.6527917608833991,0.06382526590078362,0.9903173848372311,0.18839020841000773,0.0024232387146014282,0.1120288232252539,0.3029654518967115,0.19093662867145758
W02000422,Cardiff 048,2023,3,0.383280859516237,0.08459565952097206,1.1401241028226268,0.22491972544770272,0.003147659143002267,0.13126044180922747,0.3503864625476405,0.21912602073841303
W02000422,Cardiff 048,2025,9,0.16442719866020877,0.01382455279276886,0.4608967358006933,0.2281066334064909,0.004352125614819766,0.12442354975788969,0.3836374270696188,0.25921387731172907
W02000423,Cardiff 049,2021,6,0.28636207675085457,0.05171990262301033,0.8914704170898867,0.17932259927524163,0.0015476445286432359,0.09944739649697709,0.2625356413936619,0.16308824489668483
W02000423,Cardiff 049,2023,3,0,0,0,0.2204732542599208,0.0021300123107515713,0.1303374008228031,0.32057437381549664,0.19023697299269354
W02000423,Cardiff 049,2025,11,0.386029609120118,0.0407181831721557,0.7909923486591169,0.2246985396643708,0.003011362539150697,0.12522466111010888,0.339581656082349,0.21435699497224014
W02000424,Wrexham 021,2021,3,0,0,0,0.10998233553534473,9.279040138674941e-4,0.05864724745495978,0.17731370318999476,0.11866645573503498
W02000424,Wrexham 021,2023,9,0.03824105622606566,0.00157982677432748,0.1558055133480076,0.13430682167815383,0.001265700330764369,0.06919881290053606,0.20656418273750782,0.13736536983697176
W02000424,Wrexham 021,2025,11,0.38668272783617713,0.03714843679057483,0.755524162907188,0.13636852899497656,0.001774855077680435,0.06970045798559288,0.22314107935124466,0.15344062136565179
W02000425,Wrexham 022,2021,3,0.3765990236350886,0.08291873523211025,1.1287673043779938,0.12444180124240127,0.0010068243032980704,0.07465347815282247,0.1948743743639681,0.12022089621114562
W02000425,Wrexham 022,2023,1,0,0,0,0.15264298516737826,0.0014125057359640643,0.09000820719263522,0.23427607193503808,0.14426786474240286
W02000425,Wrexham 022,2025,10,0.21485879600477464,0.01742904966086088,0.5175054649219849,0.1554156096518418,0.0023113945792868095,0.07825615298219271,0.2703139495121132,0.19205779652992047
W02000426,Wrexham 023,2021,5,0.1457022301622879,0.01998616893545668,0.5541698113358141,0.11770813143358447,0.0013288609154628256,0.05461422413371398,0.20108498199336844,0.14647075785965447
W02000426,Wrexham 023,2023,1,0,0,0,0.14357785033372514,0.0018854960925084815,0.06576944594523661,0.2413374128292262,0.17556796688398957
W02000426,Wrexham 023,2025,11,0.1233595580884146,0.00785897326892542,0.347504947795066,0.14618712175301515,0.0025234566781267807,0.06412642477000602,0.25904546875783857,0.19491904398783255
W02000427,Neath Port Talbot 021,2021,9,0.17594921208937675,0.02407479984200419,0.6082182246842411,0.14284343228645363,8.425669977128775e-4,0.08636305365767397,0.21015555729937369,0.12379250364169972
W02000427,Neath Port Talbot 021,2023,10,0.04543851708913563,0.00214566299872215,0.18157616641705163,0.17387686371887506,0.0012200934712812352,0.10298506510949433,0.2483601550600678,0.14537508995057347
W02000427,Neath Port Talbot 021,2025,18,0.05303561036563484,0.00273429171052016,0.20497481806044848,0.17708606847989183,0.002108809448723327,0.09838428805365457,0.2791964187192574,0.1808121306656028
W02000428,Swansea 032,2021,12,0.16492194552070902,0.01449449700169193,0.4719322551327637,0.1272855938491807,9.461068422917762e-4,0.07358119169743624,0.20077816253189293,0.1271969708344567
W02000428,Swansea 032,2023,4,0,0,0,0.1537239171339428,0.0013137375394627923,0.08879814660358559,0.23169104139206548,0.14289289478847989
W02000428,Swansea 032,2025,4,0,0,0,0.15485973797432942,0.002035712839025352,0.0808716073695575,0.2696951851220104,0.1888235777524529
