area_id,msoa_name,time_id,n,direct_estimate,variance,direct_ci_width,mrp_estimate,mrp_variance,mrp_lower,mrp_upper,mrp_ci_width
W02000001,Isle of Anglesey 001,2021,6,0,0,0,0.12272828356427841,0.0010558057217005443,0.06819257604865761,0.19417199290303855,0.12597941685438094
W02000001,Isle of Anglesey 001,2023,9,0.18565260641894785,0.0160569283101873,0.4967173397030637,0.14916312720716027,0.0015202527801494504,0.08459434777390451,0.240645578864219,0.1560512310903145
W02000001,Isle of Anglesey 001,2025,22,0.00939999614413936,9.325536415956076e-5,0.037854280668256655,0.1494959065911878,0.001913653346357772,0.0791338666000042,0.258972321432958,0.1798384548329538
W02000002,Isle of Anglesey 002,2021,9,0.4319653664782163,0.04066522486314988,0.79047779664215,0.1580288449071536,0.0013475530138458717,0.10001642258750876,0.23924947638800015,0.1392330538004914
W02000002,Isle of Anglesey 002,2023,8,0.48853585090916113,0.03329906285454524,0.7153096636378984,0.18968821459683524,0.0017429395531153758,0.1202846479294692,0.29131432818410363,0.17102968025463444
W02000002,Isle of Anglesey 002,2025,26,0.05118071695859134,0.00135952060307236,0.14453431997401464,0.19004230402440292,0.0026115717924637635,0.11020205957712925,0.30952135498820776,0.1993192954110785
W02000003,Isle of Anglesey 003,2021,11,0.1612312830188462,0.01159843217579599,0.4221606309827293,0.1696186212212206,0.0034887681049806355,0.08000661998010909,0.30613474146321584,0.22612812148310674
W02000003,Isle of Anglesey 003,2023,3,0.5456427510644392,0.09405494524933898,1.2021783545846698,0.20461545067182763,0.004584150646436701,0.10431605862564788,0.36278339898069745,0.2584673403550496
W02000003,Isle of Anglesey 003,2025,24,0.08442708534476404,0.00223073561758146,0.18514080063340824,0.20577828845740678,0.005733705456568862,0.0867821540206237,0.37051562246808356,0.28373346844745984
W02000004,Isle of Anglesey 004,2021,14,0.13881811744044975,0.01557077848474238,0.4891400795489484,0.104130265820447,9.509003200467377e-4,0.05223514600696741,0.1734539288082697,0.1212187828013023
W02000004,Isle of Anglesey 004,2023,11,0,0,0,0.1284414903704644,0.0014898559384753732,0.0607665121122167,0.21157307530769032,0.15080656319547361
W02000004,Isle of Anglesey 004,2025,24,0,0,0,0.1287405887213759,0.0019050131877938357,0.05686819061370529,0.23788589237759186,0.18101770176388657
W02000005,Isle of Anglesey 005,2021,17,0.2357800735403681,0.01570308073073289,0.4912137538186233,0.16806840597355688,0.001749801808547647,0.099358411955288,0.25488427623327314,0.15552586427798515
W02000005,Isle of Anglesey 005,2023,10,0.4171105013713594,0.02600708736442021,0.6321555351544893,0.20146263365344605,0.002320322105271437,0.12195958064560994,0.30797994340259166,0.18602036275698172
W02000005,Isle of Anglesey 005,2025,20,0.06347735831144721,0.00379139987131602,0.2413669942510408,0.20142549968764323,0.0036607048432818717,0.10605325946505834,0.34947966915314477,0.24342640968808643
W02000006,Isle of Anglesey 006,2021,19,0.10088047765018358,0.00553827251265835,0.2917193568836955,0.11969320856452009,8.701195431707437e-4,0.06701317707720883,0.18302492570641382,0.11601174862920499
W02000006,Isle of Anglesey 006,2023,5,0,0,0,0.1470860449630757,0.001250231141529934,0.08528513864596321,0.2235972418970085,0.1383121032510453
W02000006,Isle of Anglesey 006,2025,28,0.0929604922927978,0.00253699130319121,0.19744110635496503,0.14809975919523402,0.001683075757481823,0.08008966482511726,0.2304322274696237,0.15034256264450643
W02000007,Isle of Anglesey 007,2021,13,0.07130340702194102,0.00493823604628872,0.2754634670418963,0.11975942199967353,9.013344264641098e-4,0.06633819562502172,0.17983116923335307,0.11349297360833135
W02000007,Isle of Anglesey 007,2023,6,0.09184314433287606,0.00845292408699315,0.3603973351435199,0.14685339870851968,0.001332770205900983,0.0840839951132554,0.22479240199431677,0.14070840688106137
W02000007,Isle of Anglesey 007,2025,25,0.12266923897140668,0.00520240434255808,0.28273536779495523,0.14683189901832644,0.0018808832593760327,0.07695096022260259,0.25130321090936086,0.17435225068675828
W02000008,Isle of Anglesey 008,2021,12,0.19842023274990855,0.01220788361272883,0.4331100653927332,0.15547361383339325,0.00226078483399487,0.08372891714527061,0.2705557448441125,0.18682682769884187
W02000008,Isle of Anglesey 008,2023,9,0.06211923226941231,0.00386535618315295,0.24370971753212856,0.18714638271973047,0.0029849144817242655,0.09793763762800087,0.3162393993590755,0.21830176173107466
W02000008,Isle of Anglesey 008,2025,18,0.07621454543800806,0.00290213188652788,0.21117215852777754,0.18797549105836386,0.004361452328625533,0.08986907556315679,0.3468024195316055,0.2569333439684487
W02000009,Isle of Anglesey 009,2021,13,0,0,0,0.11237310117070679,7.711596263719554e-4,0.0643796621394343,0.1715337663911074,0.1071541042516731
W02000009,Isle of Anglesey 009,2023,10,0,0,0,0.13724702826488086,0.001156765660882543,0.0795047056382555,0.20983355569563933,0.13032885005738382
W02000009,Isle of Anglesey 009,2025,26,0.1991126105754353,0.00777268370258454,0.3455919233417288,0.1374834542114846,0.0017360028645865885,0.07453123299934561,0.22957925775738258,0.15504802475803697
W02000010,Gwynedd 001,2021,12,0.09295304405275805,0.00810245734821603,0.35284702775906945,0.18512137917088867,0.0036433844391036774,0.09537651990493456,0.3213061250562627,0.22592960515132815
W02000010,Gwynedd 001,2023,3,0.8613292132743351,0.02163078010589764,0.576519734393526,0.21892594905882298,0.004555324952561709,0.11809383321742156,0.38148093714679276,0.2633871039293712
W02000010,Gwynedd 001,2025,14,0.11246581789895128,0.0085270076871056,0.36197319731581457,0.21822002103950267,0.0055365450055829294,0.10201391319226036,0.3971957222329004,0.29518180904064006
W02000011,Gwynedd 002,2021,18,0.12433733047748036,0.0053721902964639,0.287312010196571,0.13037028489782113,0.0011685816845474276,0.07446073283607353,0.20268912782249932,0.1282283949864258
W02000011,Gwynedd 002,2023,7,0,0,0,0.15861381149534695,0.0016219113802431752,0.08920095814744264,0.25531800309543545,0.16611704494799281
W02000011,Gwynedd 002,2025,17,0.03567060536421822,6.96335312213858e-4,0.10343971050355316,0.15906367422470566,0.0022061585938781,0.08354303883884578,0.2608146187893611,0.1772715799505153
W02000012,Gwynedd 003,2021,13,0,0,0,0.11885526466065179,8.976379734374766e-4,0.06656239337990444,0.18144598987514002,0.11488359649523558
W02000012,Gwynedd 003,2023,5,0.4428703168015301,0.05179742526544381,0.8921382766705703,0.14576644130425517,0.0012578731099279628,0.08162803232980734,0.21714742231628964,0.1355193899864823
W02000012,Gwynedd 003,2025,15,0.09898799288222276,0.00867530018479925,0.36510715367993785,0.14624715669173272,0.0018843617231100711,0.07702570996400279,0.23976902328660643,0.16274331332260364
W02000013,Gwynedd 004,2021,15,0.06754144696914653,0.00432395742111153,0.2577619395925993,0.11676304785039085,8.983294470562413e-4,0.06363336276169249,0.19181989837764293,0.12818653561595045
W02000013,Gwynedd 004,2023,7,0.15253095293977811,0.01980468659471703,0.5516480327540683,0.14329632577421622,0.0013133803899470452,0.08101852639361792,0.22595829707887405,0.14493977068525613
W02000013,Gwynedd 004,2025,8,0.28371651469427717,0.02858407204711903,0.6627353489795507,0.1439931911494897,0.0017829041137332362,0.0748172945256388,0.2425624043172356,0.1677451097915968
W02000014,Gwynedd 005,2021,5,0,0,0,0.12895753300974896,9.740582876801843e-4,0.08173782263798851,0.19138546033012332,0.10964763769213481
W02000014,Gwynedd 005,2023,6,0.7807750363518592,0.02749290513071423,0.6499626540683362,0.15700535465187446,0.001372458274280009,0.09918767163428913,0.23772071649814136,0.13853304486385223
W02000014,Gwynedd 005,2025,17,0.13140501904633856,0.00816703881342107,0.35425043846842386,0.15828235263055696,0.0021187732970020176,0.08494568976951478,0.26720189476031175,0.18225620499079698
W02000015,Gwynedd 006,2021,15,0.07864534144766384,0.00572050590698416,0.29647993439838144,0.11811396739674078,0.0013052069353562663,0.056720942055132374,0.20092915109138537,0.144208209036253
W02000015,Gwynedd 006,2023,3,0.4101724213071303,0.09035637635772605,1.1783043731826588,0.14497416033883007,0.0018377500427420154,0.07312049417096197,0.23940946852291817,0.1662889743519562
W02000015,Gwynedd 006,2025,8,0,0,0,0.14662311024745348,0.0024076508739132147,0.06664158399246813,0.2608860593002263,0.19424447530775818
W02000016,Gwynedd 007,2021,4,0,0,0,0.11311638357297639,7.959609153588747e-4,0.06516797596115376,0.17474833608403678,0.10958036012288302
W02000016,Gwynedd 007,2023,4,0,0,0,0.13906884508585834,0.0011543391601659837,0.07741380641647291,0.20715693942430463,0.12974313300783172
W02000016,Gwynedd 007,2025,15,0.20830430827077637,0.01267070058304612,0.44124358134307945,0.14007479779059073,0.0017172367219468042,0.06900330764226273,0.241511103988456,0.17250779634619326
W02000017,Gwynedd 008,2021,7,0.29622405171495725,0.05123598044056675,0.8872900517876366,0.11986874911127679,0.001036403729580902,0.06678432606252385,0.18831034519388495,0.1215260191313611
W02000017,Gwynedd 008,2023,3,0.1677875833576799,0.03069489913364147,0.6867698043077999,0.14770460166316798,0.0015621043004002385,0.08294354031170809,0.2344500146345428,0.1515064743228347
W02000017,Gwynedd 008,2025,18,0.1119440814703882,0.00666077787564505,0.31991938936601483,0.14739367877915294,0.0019365572996265976,0.08124393316583182,0.24432798134498446,0.16308404817915262
W02000018,Gwynedd 009,2021,9,0.16517724306715606,0.02220608790766266,0.5841361905103974,0.1177414449464957,9.795176859135662e-4,0.0660969048625294,0.19387348555951547,0.12777658069698608
W02000018,Gwynedd 009,2023,3,0.3894890347740432,0.09116285542589674,1.1835511904357565,0.14508104572881217,0.0014048461100258417,0.08964734828687296,0.23969299845896697,0.150045650172094
W02000018,Gwynedd 009,2025,25,0.16004840997875117,0.00864622769984785,0.3644948705444859,0.1462082188686917,0.0019624692183963137,0.07073110115576609,0.24596482882644127,0.1752337276706752
W02000019,Gwynedd 010,2021,9,0.14870638382979637,0.01897832148608475,0.5400164459521175,0.11068130604370431,6.357187469978728e-4,0.06563076799865288,0.16370061442708345,0.09806984642843057
W02000019,Gwynedd 010,2023,5,0.186320668723806,0.02948498924564126,0.6730984237561102,0.13558142725063,9.71172430785094e-4,0.08182899927331014,0.201056120815018,0.11922712154170786
W02000019,Gwynedd 010,2025,21,0.19330514598470397,0.00937429785394132,0.37953118016224635,0.1364661007948511,0.0014707188676378357,0.0785213414879373,0.2366761028958954,0.15815476140795812
W02000020,Gwynedd 011,2021,10,0.09952226276588916,0.00931368695508842,0.37830223317769723,0.10647454666071149,7.753829592567935e-4,0.059752009373966936,0.17110785989252147,0.11135585051855454
W02000020,Gwynedd 011,2023,9,0.1307567077994757,0.01491441663403652,0.4787196145316243,0.1300632487987845,0.0011142350214349563,0.07402985958077703,0.2026775291590932,0.1286476695783162
W02000020,Gwynedd 011,2025,19,0.0970039934039527,0.00373142301720894,0.2394502692685758,0.1310978886601645,0.0015776466065971404,0.07096919468639618,0.22248930801774142,0.15152011333134524
W02000021,Gwynedd 012,2021,15,0.04884539924695608,0.00236761286709421,0.19073633458036207,0.10379096547087004,0.0012780544442752128,0.049516032619096075,0.17711048094261223,0.12759444832351616
W02000021,Gwynedd 012,2023,3,0.4465195232973333,0.09508480775803044,1.2087421122408055,0.1280494481834656,0.0018551298859532039,0.06198652254063662,0.22297576625886212,0.16098924371822548
W02000021,Gwynedd 012,2025,16,0.3973343698625338,0.02559915894294447,0.6271781722085835,0.1293710355241457,0.0023798335221402508,0.058250628497820006,0.24459418340897837,0.18634355491115837
W02000022,Gwynedd 013,2021,15,0.0212344945063327,4.957953341325928e-4,0.08728292753024817,0.1030186968842708,7.971556633674476e-4,0.05474771312986887,0.16095021969168405,0.10620250656181518
W02000022,Gwynedd 013,2023,3,0,0,0,0.1270229058834627,0.001114029010097439,0.07023091800076253,0.19703782463262615,0.12680690663186361
W02000022,Gwynedd 013,2025,21,0.08936955803134836,0.00312838394597555,0.21924924723962602,0.12731333221467053,0.001534564439420274,0.06883990719618391,0.21895337072384397,0.15011346352766006
W02000023,Gwynedd 014,2021,13,0,0,0,0.08826817125827163,0.001318838730772728,0.032237970889208635,0.18380300155086798,0.15156503066165936
W02000023,Gwynedd 014,2023,5,0,0,0,0.1101472192820944,0.001991642231050338,0.043458934656474865,0.223987736458982,0.18052880180250713
W02000023,Gwynedd 014,2025,10,0,0,0,0.11155005253110986,0.002670437102265589,0.04098773063216113,0.2436157834732396,0.20262805284107846
W02000024,Gwynedd 015,2021,6,0,0,0,0.1095850057535161,6.754815803016431e-4,0.05512442742809061,0.1616065946309724,0.1064821672028818
W02000024,Gwynedd 015,2023,5,0,0,0,0.13416688964894327,9.774229278839222e-4,0.07600006620495732,0.20090189957570306,0.12490183337074574
W02000024,Gwynedd 015,2025,10,0.24696837873901048,0.03909264874130525,0.7750427093562885,0.13469303309869582,0.001482050718322959,0.06709807801960538,0.21669467589001007,0.1495965978704047
W02000025,Gwynedd 016,2021,12,0,0,0,0.10480251678892591,7.309535700667401e-4,0.058066948621393694,0.1601927191856261,0.10212577056423242
W02000025,Gwynedd 016,2023,1,0,0,0,0.12856515649231964,0.0010197748527799796,0.07167370521351804,0.19655307267662142,0.12487936746310338
W02000025,Gwynedd 016,2025,13,0.1295171940947774,0.00643094104387587,0.31435136518463436,0.1298289189593919,0.0015725460503187893,0.06478416856939631,0.21222618589402717,0.14744201732463086
W02000026,Gwynedd 017,2021,11,0,0,0,0.11300878618440927,7.215817730616783e-4,0.06430107575811324,0.17234873696720288,0.10804766120908964
W02000026,Gwynedd 017,2023,5,0.41717904425518626,0.05333459473588196,0.905279292586106,0.13903242457222775,0.001094711392811689,0.08150431232813585,0.2146705574342478,0.13316624510611194
W02000026,Gwynedd 017,2025,14,0.12023827388684268,0.01243963655426867,0.4372017912480434,0.14007103309850957,0.0015697079473080183,0.07348629765404832,0.23664359345613376,0.16315729580208543
W02000027,Conwy 001,2021,6,0,0,0,0.10041297515448455,0.001241678665476456,0.04399745120917717,0.1863867420242083,0.14238929081503113
W02000027,Conwy 001,2023,6,0.07201612177035013,0.00542375678925592,0.28868763991128404,0.12434331000971706,0.0017465416454075984,0.05312431175492223,0.22029493889665536,0.16717062714173314
W02000027,Conwy 001,2025,14,0.16868629532345147,0.01002640738727874,0.3925100309430812,0.12493857793331328,0.0022653778207629696,0.0522230958691149,0.24278548687453547,0.19056239100542055
W02000028,Conwy 002,2021,11,0.08536254482339001,0.00687076517368526,0.32492313848891236,0.10179289492532777,9.995094915403993e-4,0.05341214866122814,0.17527952807295236,0.12186737941172421
W02000028,Conwy 002,2023,0,NA,NA,NA,0.12498807314481146,0.0014469831521550297,0.0672427792657031,0.21555777194717762,0.14831499268147452
W02000028,Conwy 002,2025,20,0.12411815960295478,0.00498526882402063,0.2767721438119484,0.12611051279797894,0.0020006264507923333,0.05886290078202526,0.24332705013989878,0.18446414935787353
W02000029,Conwy 003,2021,13,0.04888062877624214,0.00236765824355765,0.19073816234937035,0.10512579162006273,0.0010955991050533077,0.053283663869327556,0.17407631696941017,0.12079265310008261
W02000029,Conwy 003,2023,4,0.11725684052952652,0.01497783895008014,0.47973639240616867,0.12781910795957221,0.0015789892824534424,0.06029783160477811,0.21472720860578698,0.15442937700100887
W02000029,Conwy 003,2025,16,0.05964954227518533,0.00348514269847698,0.23141332857415206,0.12810767230595838,0.0020547493371966727,0.058246153775775515,0.220232157995313,0.1619860042195375
W02000030,Conwy 004,2021,9,0.29301465708004104,0.0284234309485235,0.6608704548747687,0.10963168218499751,9.727462112201574e-4,0.05770024634257666,0.17808042625207612,0.12038017990949947
W02000030,Conwy 004,2023,5,0,0,0,0.13439123100419148,0.0014589880230969985,0.06981596728632516,0.2087622695378751,0.13894630225154994
W02000030,Conwy 004,2025,16,0.03798562579064527,8.19809841266815e-4,0.11223663833216417,0.13533044170911873,0.0020547068768102666,0.06498993280880919,0.23513500826702188,0.1701450754582127
W02000031,Conwy 005,2021,10,0.16280358842584405,0.02119865250217118,0.5707319883843731,0.12033412915588881,0.001128036371393798,0.062081200556286256,0.193720821155328,0.13163962059904172
W02000031,Conwy 005,2023,2,0,0,0,0.14726642553266225,0.0015174928562678158,0.07722187473286168,0.22736174635349726,0.15013987162063558
W02000031,Conwy 005,2025,14,0.40249462598369,0.02517454297577843,0.6219548863743972,0.14753895400716163,0.0020789506181437497,0.06656271939515067,0.24096869788959152,0.17440597849444084
W02000032,Conwy 006,2021,9,0,0,0,0.09490285858115233,7.059724460499375e-4,0.04903531576367287,0.15375372534770193,0.10471840958402906
W02000032,Conwy 006,2023,4,0,0,0,0.11659361063566287,0.0010331337339445355,0.062181498797366744,0.1834213895392558,0.12123989074188905
W02000032,Conwy 006,2025,13,0.09547909697907148,0.00833355371475396,0.3578435603739147,0.1177352141237754,0.0014632909995122994,0.058624192422606976,0.20617838391551496,0.147554191492908
W02000033,Conwy 007,2021,12,0,0,0,0.11008878770609723,7.955519360501114e-4,0.0624806285421981,0.17275081377118007,0.11027018522898197
W02000033,Conwy 007,2023,8,0.25094443439548175,0.02836874533429019,0.6602344038186266,0.13640817835980218,0.0011843695478922155,0.07907995671900361,0.21326102980941508,0.13418107309041147
W02000033,Conwy 007,2025,23,0.1623525862615769,0.00642371518522936,0.31417471164895566,0.13660692680536937,0.001726013155960518,0.07205182728369362,0.23315616860212685,0.1611043413184332
W02000034,Conwy 008,2021,9,0,0,0,0.10785312957655313,6.789387077544359e-4,0.06270583923302747,0.15890643507411534,0.09620059584108787
W02000034,Conwy 008,2023,7,0.1634414873861036,0.02349806121853055,0.6008887901671479,0.13167488130620703,9.630590564475655e-4,0.07524716383483498,0.19784510825353246,0.12259794441869748
W02000034,Conwy 008,2025,17,0,0,0,0.13254198176482165,0.0015917936302331775,0.06664236538323831,0.2293248250197158,0.16268245963647748
W02000035,Conwy 009,2021,8,0.17850345132662307,0.0264125301482222,0.6370640373298045,0.11476569392685931,9.765006904328852e-4,0.06394061244406823,0.18999962065334666,0.12605900820927843
W02000035,Conwy 009,2023,3,0,0,0,0.14109620116276222,0.001433700775212034,0.07825116486405148,0.22762055402566417,0.1493693891616127
W02000035,Conwy 009,2025,20,0.10107880247212209,0.00587767062242192,0.3005250715506938,0.14278171297684977,0.002169501009311173,0.06773265080089574,0.2641575467636571,0.19642489596276136
W02000036,Conwy 010,2021,9,0,0,0,0.10811302097829736,7.290660256122998e-4,0.05843463152694233,0.16163870268055025,0.10320407115360791
W02000036,Conwy 010,2023,5,0,0,0,0.13326612980315267,0.001065978529962969,0.07163698610315669,0.1942929793234338,0.12265599322027712
W02000036,Conwy 010,2025,25,0.07747668402013014,0.00201190517711896,0.17582549177003662,0.13431820111155046,0.0015485218732773345,0.0706224880680901,0.22330523197712554,0.15268274390903544
W02000037,Conwy 011,2021,9,0.18730064894195425,0.02642139122380393,0.6371708919016684,0.11001190032370095,9.31798718666689e-4,0.05986612052776398,0.17949997806730672,0.11963385753954274
W02000037,Conwy 011,2023,2,0,0,0,0.1344973820565781,0.001360955296058318,0.07070230430615329,0.20755390721014966,0.13685160290399637
W02000037,Conwy 011,2025,13,0.09847861214509396,0.00879739152334915,0.367667334782242,0.13516191548485143,0.0018491283477560427,0.0639455312733967,0.22972417402189393,0.16577864274849724
W02000038,Conwy 012,2021,4,0,0,0,0.1044623917406677,9.130528930889644e-4,0.0515272200405302,0.17898051321918612,0.12745329317865592
W02000038,Conwy 012,2023,4,0,0,0,0.12766910579275456,0.0013271468359027261,0.06161781001692844,0.20563211564125206,0.1440143056243236
W02000038,Conwy 012,2025,20,0.1126751448509084,0.00618471116617769,0.3082746390007373,0.12724552577178316,0.001665924968524631,0.057595419828364275,0.2215296915023715,0.16393427167400723
W02000039,Conwy 013,2021,4,0,0,0,0.10799897945624796,0.0013195723054118277,0.048768845287200796,0.18337264204572307,0.13460379675852227
W02000039,Conwy 013,2023,3,0,0,0,0.13226092227038228,0.001900364327236358,0.06110092123597723,0.2165289450832779,0.15542802384730067
W02000039,Conwy 013,2025,16,0.01403107703491803,2.081932514098613e-4,0.056560261740462296,0.13271819796692266,0.0025046354750221126,0.058302714233453304,0.2558267079462536,0.19752399371280033
W02000040,Conwy 014,2021,9,0,0,0,0.10678291412513097,5.191742972155809e-4,0.06550441719284271,0.16195456682594356,0.09645014963310085
W02000040,Conwy 014,2023,9,0,0,0,0.13110218014328515,8.043887361877898e-4,0.07965670190406292,0.19388405853112456,0.11422735662706164
W02000040,Conwy 014,2025,10,0.23214204496569932,0.03563525250453521,0.7399766349316961,0.13207440957751831,0.0013529205413227335,0.07095455416511873,0.21955975188271137,0.14860519771759265
W02000041,Conwy 015,2021,5,0,0,0,0.10705625693181524,5.472388653697296e-4,0.06717254220203883,0.15642063303638226,0.08924809083434343
W02000041,Conwy 015,2023,5,0,0,0,0.13214407904640607,7.905896057720862e-4,0.08002159582246685,0.191253435249436,0.11123183942696915
W02000041,Conwy 015,2025,14,0.0209092839803282,4.7007548886108543e-4,0.08498883769242921,0.13205910551941555,0.0011973947086976347,0.07277004063244266,0.21229084178873947,0.1395208011562968
W02000042,Denbighshire 001,2021,6,0.08310723454801548,0.00776025183408073,0.3453154375861998,0.14483436390494656,0.0017347073918792676,0.074106002074464,0.2344758556567373,0.1603698535822733
W02000042,Denbighshire 001,2023,3,0.3313023329144385,0.08001068469126606,1.1087970967801823,0.1747397779913449,0.0023299253631740135,0.09345095260871328,0.2853613748399957,0.1919104222312824
W02000042,Denbighshire 001,2025,21,0.1260252307061565,0.00551742540331326,0.29116979570745005,0.1753783366004784,0.003051044006567784,0.08901642376062333,0.29783237406694296,0.20881595030631964
W02000043,Denbighshire 002,2021,6,0.09760301676463667,0.00939359001374457,0.3799215140856506,0.1264015671900284,0.0012781669321015544,0.06401212169030879,0.2079265225291111,0.1439144008388023
W02000043,Denbighshire 002,2023,7,0,0,0,0.1534104230418294,0.0018176642820143126,0.07722159076511491,0.24994981260740695,0.17272822184229203
W02000043,Denbighshire 002,2025,16,0,0,0,0.15328195529958474,0.0025025764309510204,0.07393238066339555,0.2704957895868622,0.19656340892346666
W02000044,Denbighshire 003,2021,5,0,0,0,0.12612723297029227,0.0013015826974978016,0.06606171391629703,0.20441296227377354,0.1383512483574765
W02000044,Denbighshire 003,2023,3,0.3625484086399611,0.08063175449769942,1.113092205602448,0.15364791507719522,0.0018545467786259357,0.0826463125457976,0.24614867799547946,0.16350236544968186
W02000044,Denbighshire 003,2025,15,0.02013667279109238,4.4661742640228816e-4,0.08284111182568178,0.15300979069701,0.0025375307130943757,0.07233847300873628,0.269899956342486,0.1975614833337497
W02000045,Denbighshire 004,2021,2,0.5055304661328172,0.1252931707786196,1.3875280985410903,0.15705789975686965,0.002237844059375237,0.08517989225970651,0.26696839015248464,0.18178849789277812
W02000045,Denbighshire 004,2023,3,0.25041531385433663,0.05323223089066296,0.9044101346185002,0.19144534290917253,0.0031151586093056106,0.1050475399151318,0.3283810412638031,0.22333350134867128
W02000045,Denbighshire 004,2025,15,0.1348182443700502,0.00934615869473055,0.3789611260141586,0.19288277783903107,0.003968867598301352,0.09744799598507828,0.32505456743116995,0.22760657144609167
W02000047,Denbighshire 006,2021,7,0.7664673715912351,0.01979925801996805,0.5515724226754095,0.17460112596591318,0.0025534479394675137,0.09465834321975164,0.2818806933678556,0.18722235014810396
W02000047,Denbighshire 006,2023,6,0,0,0,0.21059266288803186,0.003505927649406103,0.11723809460432302,0.33890993991915164,0.22167184531482861
W02000047,Denbighshire 006,2025,17,0.02206805432667437,5.004318845318209e-4,0.08769010153925805,0.21207703299426722,0.004704838401674259,0.10607435451407438,0.3654525254994745,0.2593781709854001
W02000049,Denbighshire 008,2021,6,0.39874769738438265,0.04553724994701191,0.8364914117409739,0.13590976066955024,9.750855999173907e-4,0.08512402242061975,0.20376723560449025,0.1186432131838705
W02000049,Denbighshire 008,2023,4,0,0,0,0.16551554949905853,0.0014507867415783043,0.10282826358521616,0.25084734147271137,0.14801907788749522
W02000049,Denbighshire 008,2025,14,0,0,0,0.16765146943052917,0.002456607723500059,0.09761835889905238,0.28345608398688615,0.18583772508783378
W02000050,Denbighshire 009,2021,6,0.11995833006885533,0.01374006697519294,0.45948624126858445,0.1340141721988673,0.0012378426352159144,0.07300969196467719,0.2135091651285839,0.1404994731639067
W02000050,Denbighshire 009,2023,1,0,0,0,0.1629887488433844,0.0017094932158167354,0.09231524236992124,0.2597005786225779,0.16738533625265667
W02000050,Denbighshire 009,2025,16,0.09183443829277764,0.00772539650009909,0.3445390690686045,0.16339199673417218,0.0024492357050994906,0.0821260887289552,0.27593825739803435,0.19381216866907913
W02000051,Denbighshire 010,2021,10,0.2317161438545716,0.02065744504654773,0.5633994124493383,0.12647590696526037,8.652157092102106e-4,0.07678709713743082,0.19572741134714408,0.11894031420971327
W02000051,Denbighshire 010,2023,3,0,0,0,0.15467140645852015,0.001201736840580305,0.09627984846524773,0.23406814067593007,0.13778829221068234
W02000051,Denbighshire 010,2025,23,0,0,0,0.1550571693372713,0.001979196145163199,0.08532246546417623,0.26714663954805895,0.18182417408388274
W02000052,Denbighshire 011,2021,6,0.12311978967183251,0.01410254943464735,0.4655077353600088,0.12341686012646369,8.615209119423325e-4,0.07426460100603546,0.18507609066138647,0.11081148965535101
W02000052,Denbighshire 011,2023,2,0,0,0,0.149535275485313,0.0012415261445291592,0.09272623891944495,0.2206138382775155,0.12788759935807054
W02000052,Denbighshire 011,2025,13,0.11530383595304,0.00871340734479714,0.3659081606248865,0.1506968921875535,0.0020392082309040106,0.08125530350676474,0.26693328444808884,0.1856779809413241
W02000053,Denbighshire 012,2021,5,0,0,0,0.10990565349794887,6.444167742232218e-4,0.06436448422926645,0.16318645505802734,0.09882197082876089
W02000053,Denbighshire 012,2023,3,0,0,0,0.1353583549146596,9.569644455035502e-4,0.0800710847504564,0.2020917830930239,0.12202069834256749
W02000053,Denbighshire 012,2025,16,0.05645606527526956,0.00309761419837439,0.21816835137528687,0.1364904172714679,0.001598344857991185,0.07495684040973799,0.24243450022101548,0.1674776598112775
W02000054,Denbighshire 013,2021,7,0.2460556360699084,0.03068042426516305,0.6866078543566149,0.13006387291662183,8.958593057149584e-4,0.0824931449703981,0.19510292920539402,0.11260978423499592
W02000054,Denbighshire 013,2023,3,0.436270444748604,0.09673885970565106,1.2192101474646027,0.15829801759845424,0.0011850019517243998,0.10259981094501322,0.2366547459426218,0.1340549349976086
W02000054,Denbighshire 013,2025,17,0.2025524872712724,0.02343274007254511,0.6000530178066303,0.15916405103948084,0.0017928900486818375,0.09513138129555951,0.2610033860258002,0.1658720047302407
W02000055,Denbighshire 014,2021,8,0,0,0,0.10688747837738774,9.248642391004766e-4,0.05604369179367241,0.16994142943961188,0.11389773764593947
W02000055,Denbighshire 014,2023,5,0,0,0,0.12960680974384045,0.0013121468919090353,0.06781926666982027,0.20461150261281244,0.13679223594299217
W02000055,Denbighshire 014,2025,20,0.2464053865813099,0.02102537517773563,0.5683946267688174,0.12981078150646655,0.001651377785851568,0.06961835885277706,0.2188001568167917,0.14918179796401465
W02000056,Denbighshire 015,2021,5,0,0,0,0.11255254164232162,6.87916803986677e-4,0.06845198227559576,0.1655553351934567,0.09710335291786093
W02000056,Denbighshire 015,2023,2,0,0,0,0.13776623424184478,9.293495883424585e-4,0.08614798438728341,0.19907407721293285,0.11292609282564944
W02000056,Denbighshire 015,2025,14,0.02344968017913032,5.847714276023549e-4,0.09479188485630953,0.13759809548557805,0.0014107640192243338,0.08045126571220657,0.23282147168586367,0.1523702059736571
W02000057,Denbighshire 016,2021,8,0,0,0,0.1175141079467452,6.247820296542543e-4,0.07015979230155775,0.170669152879606,0.10050936057804824
W02000057,Denbighshire 016,2023,5,0.3749929773727695,0.05028788630254579,0.8790423070841988,0.14366440462380414,9.195875713291205e-4,0.09253066336978176,0.20437015506959444,0.11183949169981268
W02000057,Denbighshire 016,2025,11,0.11212993199199618,0.01159967606002411,0.4221832678729657,0.14466445106321751,0.001584788433432033,0.08080526661876368,0.23495753342012216,0.15415226680135846
W02000058,Flintshire 001,2021,4,0,0,0,0.12358908716556727,0.0010350063674805783,0.06854232918428932,0.20034110699296523,0.1317987778086759
W02000058,Flintshire 001,2023,4,0.4212547180351624,0.08495410261225096,1.1425369785420254,0.15043303406037406,0.0014865506528901043,0.08564658074297811,0.2335139866998351,0.147867405956857
W02000058,Flintshire 001,2025,20,0.18594490178766837,0.0109308582520543,0.4098313889887456,0.15113555886737243,0.0021807967032470127,0.07791009430488935,0.2510065176123678,0.17309642330747846
W02000059,Flintshire 002,2021,4,0,0,0,0.12746163851600856,0.0010215642553557567,0.07318106812113331,0.19956875589806947,0.12638768777693615
W02000059,Flintshire 002,2023,3,0,0,0,0.15621945188547753,0.0014315336726720223,0.08921844510636165,0.2447839705034653,0.15556552539710364
W02000059,Flintshire 002,2025,16,0.12305279430198109,0.00672632284403445,0.321489609288092,0.15740224408353756,0.0022479916223553252,0.07892364837318382,0.26426258624002014,0.1853389378668363
W02000060,Flintshire 003,2021,9,0,0,0,0.12966393368035234,0.0011498214219277858,0.07509008392404562,0.20033148936720446,0.12524140544315884
W02000060,Flintshire 003,2023,4,0.24360117708221335,0.04966091954703872,0.8735453678836677,0.1577798023547721,0.0016492797253854486,0.09064294692896015,0.24475481210073058,0.15411186517177045
W02000060,Flintshire 003,2025,15,0.1342621961266177,0.01199929913592249,0.4293940544899839,0.1595962231778257,0.0027616207105501675,0.08266593905338789,0.28618201137925764,0.20351607232586977
W02000061,Flintshire 004,2021,8,0.07092279883856752,0.00507441700753664,0.27923584278155916,0.14932528441784243,0.0016241569620793765,0.08191631859208737,0.22909233770864157,0.1471760191165542
W02000061,Flintshire 004,2023,3,0.21396930860502059,0.04282754655655748,0.8112219338464067,0.18231553571697853,0.0022971173149251003,0.10309450631174352,0.2739668732260411,0.17087236691429755
W02000061,Flintshire 004,2025,18,0.07263082378115174,0.00298333589089916,0.2141061603334938,0.18421097155172161,0.003612885341952636,0.09688084017310128,0.31522334807074853,0.21834250789764725
W02000062,Flintshire 005,2021,15,0.3169497019631973,0.03389740936116187,0.7217077031295005,0.14135458722293598,0.0012958299759891958,0.08386825731263986,0.2220492679905426,0.13818101067790273
W02000062,Flintshire 005,2023,5,0.21277184831160817,0.03628608881694567,0.7467034644471561,0.17077699044733433,0.0017603074781020209,0.1020360929585063,0.2613218784008419,0.15928578544233563
W02000062,Flintshire 005,2025,14,0.2949412858986682,0.02551070918236802,0.6260937272031089,0.17142969076748993,0.0027566442140618346,0.08731147093421349,0.2999201654081942,0.21260869447398073
W02000063,Flintshire 006,2021,5,0.5807428473912614,0.05782561005534034,0.9426233602221111,0.1353576447049165,0.0010329311597407713,0.08093622890122448,0.21752980944070677,0.13659358053948228
W02000063,Flintshire 006,2023,9,0.06328614773287769,0.00412545229775711,0.2517757344826692,0.1642284388571164,0.0014735642044017131,0.09809173953832785,0.25013373964860974,0.1520420001102819
W02000063,Flintshire 006,2025,13,0.07066968464508129,0.00476758102713259,0.27066190119817335,0.16497652046917272,0.0023341191344074855,0.08991549666944995,0.2756650925513406,0.18574959588189063
W02000064,Flintshire 007,2021,4,0.3400236493834109,0.05794456959511587,0.9435924501234256,0.1557768733113664,0.0025020111439639607,0.0849436419106358,0.2686055210904036,0.18366187917976778
W02000064,Flintshire 007,2023,2,0,0,0,0.18899797115128542,0.0033838030192242423,0.0977664149237261,0.31928498105645753,0.2215185661327314
W02000064,Flintshire 007,2025,17,0.2181327185933091,0.02128755641893934,0.571927517703278,0.19012606898578674,0.004503113356372851,0.09245351478711585,0.361267084085753,0.26881356929863714
W02000065,Flintshire 008,2021,7,0,0,0,0.1333643484517367,0.0012904999527432043,0.07011733869294899,0.2141958392691155,0.1440785005761665
W02000065,Flintshire 008,2023,3,0,0,0,0.16205459535408584,0.001785458653454767,0.08800666400247584,0.2586024639327922,0.17059579993031634
W02000065,Flintshire 008,2025,11,0.11041972876857678,0.00640802294407663,0.31379073448228834,0.16233899400155158,0.0027513198689895204,0.08131259780743035,0.2834087019187804,0.2020961041113501
W02000066,Flintshire 009,2021,8,0.05669483832587613,0.00358898375455876,0.2348355450205753,0.13701014930080116,0.0015670313261052663,0.07396417995914664,0.23020999689713278,0.15624581693798614
W02000066,Flintshire 009,2023,4,0,0,0,0.16567740910122083,0.0020239878091708368,0.09016311446566591,0.26611519650411825,0.17595208203845233
W02000066,Flintshire 009,2025,16,0.10579691596247456,0.00627515497053205,0.3105205269399942,0.16769043622412433,0.0027566470267141974,0.08331868507001795,0.2798561044982335,0.19653741942821557
W02000067,Flintshire 010,2021,8,0.2165076563383515,0.023910887603942,0.6061441745881545,0.14569034126737554,0.0012365496308037688,0.08743542152597844,0.22673026476449404,0.1392948432385156
W02000067,Flintshire 010,2023,2,0.30356176462050305,0.0895616581890234,1.1731111146796216,0.17606553585184304,0.0016460997074066008,0.10963997189438088,0.27342527811357253,0.16378530621919166
W02000067,Flintshire 010,2025,16,0.13087590271871072,0.00480392595278555,0.27169161728172236,0.17693035148672265,0.002823085168214133,0.10005208901148663,0.29166964496339937,0.19161755595191274
W02000068,Flintshire 011,2021,7,0.388625349074746,0.04441879481131547,0.8261548792630354,0.1437882134066414,0.0013420290240143062,0.0805753408905176,0.22310395279490552,0.14252861190438793
W02000068,Flintshire 011,2023,4,0,0,0,0.17435818431452105,0.001915362541157435,0.09824410422309657,0.2635878080833974,0.1653437038603008
W02000068,Flintshire 011,2025,11,0.02971756513680312,9.520705907764246e-4,0.12095189074771111,0.17556256733808437,0.002969679111479503,0.09106360096756996,0.2988680747662326,0.20780447379866265
W02000069,Flintshire 012,2021,9,0,0,0,0.12832067567234526,8.190712028197633e-4,0.07767171800404324,0.18978273760209907,0.11211101959805583
W02000069,Flintshire 012,2023,3,0.33381175047048606,0.07460936595515419,1.0707171558442927,0.15579589502873428,0.0011177534876151624,0.09132770180212763,0.22419525638654958,0.13286755458442195
W02000069,Flintshire 012,2025,19,0.08479231754676822,0.00355351907765837,0.23367239636187745,0.15713540516806643,0.001907878349665854,0.08513607772227604,0.2606283341794232,0.17549225645714717
W02000070,Flintshire 013,2021,8,0.10612560517590662,0.01087587462463244,0.408799337130371,0.13288151563444514,9.119471176522139e-4,0.07827675170431556,0.19669309080127287,0.11841633909695731
W02000070,Flintshire 013,2023,7,0.09678404742283277,0.00902433342768153,0.37237940462196373,0.16102983940999274,0.001248896207383254,0.09649132027728974,0.23568482490684245,0.1391935046295527
W02000070,Flintshire 013,2025,11,0.02389856921768838,6.303028717571055e-4,0.09841305861358379,0.16187941199578376,0.0020561176753246656,0.08869928381408562,0.26445397900348,0.17575469518939438
W02000071,Flintshire 014,2021,6,0,0,0,0.1252759657183068,0.0010732200186560211,0.07117389385279257,0.20360676307365594,0.13243286922086336
W02000071,Flintshire 014,2023,2,0,0,0,0.15271409207712455,0.0015277351855846244,0.08275563498207783,0.23672550439172824,0.1539698694096504
W02000071,Flintshire 014,2025,20,0.15522493936879786,0.01634768264634133,0.5011943722736565,0.15266875648492348,0.002391768689631174,0.07916709087948068,0.2648155663916839,0.18564847551220323
W02000072,Flintshire 015,2021,9,0.07883294023049847,0.00604652123950761,0.3048111700710515,0.13508670924289895,0.0013231479396561313,0.07600626345645389,0.20611766718687716,0.13011140373042326
W02000072,Flintshire 015,2023,6,0,0,0,0.1642729208844454,0.0018347975124761034,0.09736208544820152,0.2474891942309796,0.15012710878277807
W02000072,Flintshire 015,2025,18,0.07437716956948956,0.00294386640003957,0.212685133936315,0.16540080747005018,0.0026479411659620935,0.08360242892012965,0.28156328888436555,0.1979608599642359
W02000073,Flintshire 016,2021,4,0.3926370913326062,0.0789895722137904,1.101699031357513,0.12936640732221205,0.0010037608955182676,0.07623240207518109,0.19615446232709263,0.11992206025191154
W02000073,Flintshire 016,2023,2,0,0,0,0.15770303921710047,0.0014118004864408556,0.09308633434244656,0.23572176405699802,0.14263542971455145
W02000073,Flintshire 016,2025,16,0,0,0,0.1592688230502696,0.002370168887551715,0.08240898591327023,0.27522256100252507,0.19281357508925484
W02000074,Flintshire 017,2021,5,0.22049183312206763,0.03890169151227537,0.7731474529473713,0.13771761236527436,0.0013259237175419214,0.08313309122447882,0.22568334691072714,0.14255025568624832
W02000074,Flintshire 017,2023,2,0.2839129094184388,0.08282562937094819,1.1281334043925322,0.16712083051367832,0.0017250420725319659,0.10007683857831319,0.25588910743203364,0.15581226885372046
W02000074,Flintshire 017,2025,21,0.1793842227367029,0.01327019320116586,0.45156129473166223,0.16804187451290648,0.002384009872415815,0.08707742415047673,0.276851480060375,0.1897740559098983
W02000075,Flintshire 018,2021,7,0.13035296866652085,0.01549209059202033,0.4879025642716338,0.12914352344671723,8.449629738147745e-4,0.08047229598131328,0.19291561248908157,0.11244331650776829
W02000075,Flintshire 018,2023,7,0.06828490396943032,0.0047483396458024,0.2701151696296914,0.15691515193580352,0.0011994097084463162,0.10391800564939171,0.2397682527117092,0.1358502470623175
W02000075,Flintshire 018,2025,13,0.13478196469561102,0.01208564961595197,0.43093630768835084,0.15783459017623347,0.0019839239001561647,0.09255519159950756,0.2496779130828648,0.15712272148335724
W02000076,Flintshire 019,2021,4,0,0,0,0.12549528849988326,8.505048194880585e-4,0.07300822193238549,0.18632751880958065,0.11331929687719516
W02000076,Flintshire 019,2023,6,0.20040966133149013,0.03147842745341744,0.6954799286895647,0.15246723557044253,0.0012535564850914387,0.08921324452329414,0.22838803169351685,0.1391747871702227
W02000076,Flintshire 019,2025,10,0.18289258645694312,0.0256925229053077,0.6283208375996456,0.1529142820757352,0.0019430719057800994,0.07969192588389534,0.24734457761982093,0.16765265173592558
W02000077,Flintshire 020,2021,3,0,0,0,0.12022140460179766,8.173323967356729e-4,0.07258256892881862,0.18109254681184672,0.1085099778830281
W02000077,Flintshire 020,2023,6,0.07033545480116019,0.00519663084268556,0.28257843787894066,0.1467967666880927,0.0012406622476656068,0.08597647860749708,0.21624527601417048,0.1302687974066734
W02000077,Flintshire 020,2025,9,0,0,0,0.14775826497023611,0.001930705889688004,0.07941328477081139,0.25207034606598344,0.17265706129517205
W02000080,Wrexham 003,2021,10,0,0,0,0.10770903362196842,9.758416663033505e-4,0.05333995076328986,0.1776559524705953,0.12431600170730543
W02000080,Wrexham 003,2023,3,0,0,0,0.132422949087257,0.0014103334402197124,0.07085255024629702,0.21475660130013235,0.14390405105383533
W02000080,Wrexham 003,2025,12,0.31374109725913635,0.02992811395107196,0.6781375002876164,0.13382768062409875,0.001970937768185092,0.06804032696261698,0.236374901963341,0.16833457500072402
W02000081,Wrexham 004,2021,3,0.17424834112776175,0.03161566763902536,0.6969943624565917,0.11893747515589273,0.0010734343779209652,0.0657605257838139,0.1881809229774032,0.12242039719358928
W02000081,Wrexham 004,2023,2,0,0,0,0.1461395727959849,0.0014478401283069748,0.07951333733316901,0.22849337424464775,0.14898003691147874
W02000081,Wrexham 004,2025,17,0.04703659368579207,0.00218164610978419,0.1830923667667606,0.14722464813027666,0.002174045856846896,0.06737258259912911,0.251786553991354,0.18441397139222493
W02000082,Wrexham 005,2021,10,0.12777937306999088,0.01477241987858861,0.476435274284352,0.11915033266102719,0.001057552757587535,0.061923680209293785,0.18568956850120708,0.12376588829191329
W02000082,Wrexham 005,2023,2,0,0,0,0.14635754953961028,0.0014977955413668692,0.07228379358533524,0.23071257502860026,0.15842878144326503
W02000082,Wrexham 005,2025,16,0.40578796755389185,0.02520377774978397,0.6223159144734189,0.14806526507880374,0.0023050940144123534,0.06711927158196132,0.2701227975959074,0.20300352601394608
W02000083,Wrexham 006,2021,5,0.2202932512168121,0.03776561057965603,0.7617743442256872,0.12305654400493186,0.0010283690528372403,0.07063492925164343,0.1973792786161609,0.12674434936451745
W02000083,Wrexham 006,2023,2,0,0,0,0.150171630031413,0.00144481157200687,0.08516426726516135,0.23497366434972344,0.1498093970845621
W02000083,Wrexham 006,2025,8,0.3246154780467624,0.05188864619804715,0.8929235076564281,0.15142354194461546,0.002354779264260529,0.08032465726483887,0.27167143587452236,0.1913467786096835
W02000085,Wrexham 008,2021,7,0,0,0,0.10461563370331749,0.0010623976610602147,0.05223179037620242,0.16798954708933844,0.11575775671313603
W02000085,Wrexham 008,2023,5,0,0,0,0.12801216511610122,0.0015274889206127926,0.06488239816348737,0.2110137975896414,0.14613139942615402
W02000085,Wrexham 008,2025,9,0,0,0,0.13014676445967369,0.0020682598344925005,0.05961457893596779,0.23545346526204541,0.17583888632607764
W02000087,Wrexham 010,2021,9,0,0,0,0.12087028169212957,0.0013415477778147653,0.06184210115310644,0.20272849176283597,0.14088639060972952
W02000087,Wrexham 010,2023,5,0,0,0,0.14880466890680796,0.0018525678310795952,0.0765923107750929,0.24324149897477815,0.16664918819968524
W02000087,Wrexham 010,2025,14,0.17563427342700577,0.01686484279010632,0.5090603072158488,0.15142600089143374,0.002927339692615547,0.07036278329237097,0.2729107868416776,0.2025480035493066
W02000088,Wrexham 011,2021,8,0,0,0,0.12570206108379559,0.0011376904312378226,0.07460541165150054,0.2000027211324045,0.12539730948090394
W02000088,Wrexham 011,2023,3,0.5412010756132453,0.09273974889601344,1.1937435678160513,0.1531214254057153,0.0015601854672224907,0.08930928143253444,0.2460824858161283,0.15677320438359385
W02000088,Wrexham 011,2025,10,0.09237473893916798,0.00813683011542647,0.35359467088401997,0.1542418404547801,0.0020208083810273427,0.08672983960046962,0.2675157362985852,0.1807858966981156
W02000089,Wrexham 012,2021,6,0.2936482507535497,0.03862842705470457,0.7704271849794356,0.15505281108869634,0.0031000351390026537,0.06958661030826202,0.2918762061258642,0.22228959581760216
W02000089,Wrexham 012,2023,4,0.3165511728360981,0.07106914553963639,1.045005638286092,0.1869539974680112,0.0040538451022437815,0.08017128333234218,0.34371238004386206,0.2635410967115199
W02000089,Wrexham 012,2025,8,0.03400246441283333,0.00134706178077425,0.14387053012726653,0.18832871556606934,0.004923251480347885,0.07853470050923751,0.3373473024349736,0.2588126019257361
W02000090,Wrexham 013,2021,3,0,0,0,0.11497862618953696,7.716159260202868e-4,0.07034778808216004,0.18265214365090998,0.11230435556874994
W02000090,Wrexham 013,2023,3,0,0,0,0.14065310452344945,0.0010102831503322543,0.09107321528740409,0.21486845809138977,0.12379524280398568
W02000090,Wrexham 013,2025,14,0,0,0,0.14168156042930613,0.0016390979961336202,0.083239838502331,0.22506877508817885,0.14182893658584783
W02000091,Wrexham 014,2021,9,0,0,0,0.10745244260975817,8.283163319868266e-4,0.059349884158472574,0.16052956851993136,0.10117968436145879
W02000091,Wrexham 014,2023,5,0,0,0,0.13230618031874658,0.0011123364770593812,0.07507225481154073,0.19404810988838214,0.11897585507684141
W02000091,Wrexham 014,2025,13,0.08077406106431079,0.00369374314475149,0.2382382184686921,0.13302811637166487,0.0015185482534638944,0.06205947699152724,0.21352850447295602,0.15146902748142876
W02000092,Wrexham 015,2021,4,0,0,0,0.11277236310844102,9.33150484723206e-4,0.06233914565010919,0.17329068072952863,0.11095153507941945
W02000092,Wrexham 015,2023,6,0,0,0,0.13819379038786392,0.0013591378429975867,0.07967514240673598,0.21326868174760513,0.13359353934086915
W02000092,Wrexham 015,2025,8,0.2525827500622753,0.02908380067451654,0.6685034708673734,0.13917599962122834,0.0019163401713647957,0.07787394642943565,0.24993915682182632,0.17206521039239067
W02000093,Wrexham 016,2021,5,0,0,0,0.1128302681157249,7.637456517843948e-4,0.06080650370393002,0.16958396708421922,0.1087774633802892
W02000093,Wrexham 016,2023,4,0,0,0,0.13835005532282768,0.0010779773755307401,0.0763538925485901,0.20770033729831883,0.13134644474972873
W02000093,Wrexham 016,2025,13,0,0,0,0.13977665937221773,0.001794341536737475,0.06823661132347011,0.23663498178684345,0.16839837046337333
W02000094,Wrexham 017,2021,4,0.21678352818019048,0.04002218830936517,0.7842030051064381,0.12320040971769695,9.510959635364088e-4,0.07148311712294683,0.1883893782986314,0.11690626117568456
W02000094,Wrexham 017,2023,2,0,0,0,0.15102043544651164,0.0013600374641373736,0.08646102546893292,0.21830256954193716,0.13184154407300425
W02000094,Wrexham 017,2025,10,0.2827583878420045,0.03913621691880618,0.7754744758954909,0.1523486948014001,0.0020740706667469458,0.0833667667607907,0.25886586305903625,0.17549909629824556
W02000095,Wrexham 018,2021,4,0,0,0,0.1093215414941821,0.0010674438468126948,0.057985684824448505,0.18053186985690609,0.12254618503245758
W02000095,Wrexham 018,2023,3,0,0,0,0.13320176876865977,0.0014115682726804032,0.07166959280215021,0.2101932002456034,0.13852360744345318
W02000095,Wrexham 018,2025,15,0.26184911986455184,0.02559458278174375,0.6271221118376085,0.13311410475164084,0.0018636900650688124,0.06994826688150857,0.24326757767113727,0.1733193107896287
W02000096,Wrexham 019,2021,4,0.2284921390218744,0.04719399962669436,0.8515722075075025,0.13136412910018427,0.001123951934130237,0.07956124796076905,0.21125792363813573,0.13169667567736668
W02000096,Wrexham 019,2023,5,0.33015053109435116,0.04254151640683186,0.808508462408967,0.15938585345642553,0.0015880585010627335,0.09039232225864213,0.25090336962449233,0.1605110473658502
W02000096,Wrexham 019,2025,13,0.23951481233022204,0.03354645253066218,0.7179618819322066,0.16084289277591363,0.00236053351760676,0.08373502977072253,0.2656765991959819,0.18194156942525938
W02000097,Powys 001,2021,14,0.09544433940052938,0.00456611416643002,0.26488140395980236,0.12042647601585989,6.820407586124337e-4,0.07126220787490868,0.17645454302806357,0.10519233515315489
W02000097,Powys 001,2023,10,0.04638055190476762,0.00221674760902548,0.18455941759708214,0.14708730747779608,9.77359732404717e-4,0.08749227200538641,0.21688665512296557,0.12939438311757917
W02000097,Powys 001,2025,25,0.23536852854024376,0.00741630092391679,0.3375761520078226,0.14785891899332765,0.0015624029871115943,0.07895838196361749,0.23139165277256318,0.1524332708089457
W02000098,Powys 002,2021,13,0.1396089447123203,0.01577833622180705,0.4923893940983631,0.13392525978892297,9.951481186300606e-4,0.07820812482640599,0.1978891260720309,0.11968100124562492
W02000098,Powys 002,2023,13,0.20212535148751437,0.0152212614087156,0.4836190604209127,0.16281828374092425,0.001369065225125431,0.0982694935607795,0.2458103754990273,0.14754088193824777
W02000098,Powys 002,2025,23,0.10074700259259677,0.00382297344824648,0.2423699244877208,0.16401917454282852,0.0021298341199849093,0.08774142745988937,0.26455583936421634,0.17681441190432695
W02000099,Powys 003,2021,15,0.18947225976330812,0.01591104740415212,0.494455795383824,0.1769978771606344,0.0018403726778373018,0.1099611976922978,0.2649519539692753,0.1549907562769775
W02000099,Powys 003,2023,10,0.4261644260286347,0.02555182843389532,0.6265981063560601,0.21173184894765024,0.00238324143676717,0.131613702487971,0.3210320529797005,0.1894183504917295
W02000099,Powys 003,2025,31,0.2415704623958348,0.01222904999260018,0.43348537213051774,0.21167692937102675,0.0031747358622820237,0.12134371856456055,0.3342991730110437,0.21295545444648317
W02000100,Powys 004,2021,32,0.30084786128152663,0.00830158794306465,0.35715659439329234,0.13887048240861405,7.602293552990616e-4,0.09487641205768235,0.20579096206198444,0.11091455000430209
W02000100,Powys 004,2023,11,0.06929813512837374,0.00468211842381154,0.2682250183609673,0.16904427414744633,0.0011101176451430682,0.11689957209255206,0.24675181875834817,0.12985224666579612
W02000100,Powys 004,2025,26,0.01611119770867258,2.6793425793688344e-4,0.06416411515848326,0.17016450311371398,0.0021122799504622487,0.1012904929850744,0.27809621530476003,0.1768057223196856
W02000101,Powys 005,2021,19,0,0,0,0.11873809935805332,8.705660070309805e-4,0.06579020989474288,0.1778611875148192,0.11207097762007631
W02000101,Powys 005,2023,7,0.10023252527488909,0.00970907444774877,0.3862486747062335,0.14477144270793552,0.001223805956368833,0.0827938195060581,0.2165645579113052,0.13377073840524709
W02000101,Powys 005,2025,26,0.18784810285125508,0.0076061073091056,0.3418686766213585,0.14524977960944382,0.0018516917675054064,0.07601089283619339,0.23743928843150777,0.16142839559531438
W02000102,Powys 006,2021,16,0.02711225174705767,7.801651154317132e-4,0.10948921708137296,0.12031528103007465,6.942840407276158e-4,0.0716736710766723,0.17357404557715694,0.10190037450048464
W02000102,Powys 006,2023,16,0.09584713998961757,0.00807558046940742,0.35226132246632086,0.14738934521169295,0.0010325395909813121,0.08895730420302507,0.2141409083433491,0.12518360414032403
W02000102,Powys 006,2025,22,0.21548079651584187,0.01666844446359484,0.5060875142183475,0.14771388570168043,0.0016236305239670326,0.08171519577737786,0.23794552477995895,0.1562303290025811
W02000103,Powys 007,2021,14,0.187231220486261,0.01082193626267944,0.4077843671023181,0.12847080968054855,7.897729810521914e-4,0.0750529516885734,0.18771603488404476,0.11266308319547136
W02000103,Powys 007,2023,15,0.09196391158694066,0.00754458058033506,0.3404831603399246,0.15659851226577784,0.0011017957937045188,0.09959616214380237,0.22229990514397502,0.12270374300017264
W02000103,Powys 007,2025,36,0.20283838884303385,0.00625333479066918,0.3099801805946281,0.1570634582253096,0.0016611459937804394,0.09415978722271365,0.24589143620351994,0.1517316489808063
W02000104,Powys 008,2021,13,0.23218260438122432,0.01430912483758249,0.46890474010717625,0.1603265036169559,0.0012867752532168702,0.10340185516345982,0.24148526248566468,0.13808340732220487
W02000104,Powys 008,2023,13,0.18448697986513407,0.00904059352884088,0.3727147314270044,0.19443368269882935,0.0017714913444993102,0.1300808241791414,0.2835042174498872,0.15342339327074578
W02000104,Powys 008,2025,33,0.1577280893058326,0.00581677093966316,0.29896411847662446,0.19512197660749014,0.0026830495650945166,0.1123024020087617,0.31184600965376075,0.19954360764499907
W02000105,Powys 009,2021,15,0.06604678770346228,0.00420809146373214,0.25428495882880275,0.13527650362456647,0.0013057717497055108,0.07686086246830673,0.21427816658349846,0.13741730411519174
W02000105,Powys 009,2023,8,0.1698036387350112,0.02298932264404276,0.5943485046763093,0.1644488260843034,0.0017389785294145655,0.09383207748487388,0.25836563681189184,0.16453355932701796
W02000105,Powys 009,2025,34,0.1687515200449198,0.00535647932851,0.28689158066677717,0.16508454370888678,0.0026731784708621605,0.08067968054961684,0.28296479019111975,0.20228510964150292
W02000106,Powys 010,2021,13,0.04418643323889526,0.00196485453236236,0.17375739149428107,0.1273713698629798,7.780244776987324e-4,0.08176996372275915,0.184526819608752,0.10275685588599286
W02000106,Powys 010,2023,14,0.25703262905601043,0.01587758226803101,0.49393553609686486,0.15513473828337784,0.001082027061732634,0.10187659682752384,0.22294076243149433,0.12106416560397049
W02000106,Powys 010,2025,37,0.21741064544931868,0.00822193741950979,0.35543907507965955,0.1560506342502482,0.001927565270534438,0.09227299845984135,0.26147328359192945,0.1692002851320881
W02000107,Powys 011,2021,20,0.09419578553554664,0.00457976452741175,0.26527703888974574,0.13225488297480834,8.529965530247589e-4,0.0862964064144146,0.19498434147361013,0.10868793505919552
W02000107,Powys 011,2023,10,0.31250291681787146,0.0237474106636558,0.6040685396957741,0.16136143790160437,0.0011751165431347517,0.10966706487075407,0.23790061615211505,0.128233551281361
W02000107,Powys 011,2025,34,0.1701473497420348,0.0042401118490936,0.25525058325833677,0.16110245533867099,0.0018340889644610687,0.09717023504324016,0.25713935625425854,0.1599691212110184
W02000108,Powys 012,2021,17,0.13071439914755056,0.00880585338095505,0.36784411450509275,0.12618547743069686,6.297943875753569e-4,0.07994496920745467,0.17754537661845693,0.09760040741100226
W02000108,Powys 012,2023,12,0.1708727044563507,0.01245678065628967,0.43750295966795877,0.15356778328222942,8.975185490081929e-4,0.09542540429870533,0.2148571486899848,0.11943174439127946
W02000108,Powys 012,2025,31,0.09335051787031395,0.00413542545216157,0.25207988083565136,0.15383984117580748,0.001690880829322142,0.08209206169356324,0.24959461881384876,0.1675025571202855
W02000109,Powys 013,2021,19,0.04606357820323005,0.00115671687406302,0.1333188694658805,0.13973151875591813,0.0011571092901686288,0.08432644926670999,0.21852885600133526,0.13420240673462527
W02000109,Powys 013,2023,16,0.3046914644681177,0.01570422104154662,0.4912315887325632,0.1700139680581131,0.00151393869421705,0.10241535684309244,0.26329211912694495,0.1608767622838525
W02000109,Powys 013,2025,35,0.4129090231611433,0.01052331809282885,0.40211885362746896,0.1714926518488144,0.0022730002963287626,0.08847668137404605,0.28626711886521705,0.197790437491171
W02000110,Powys 014,2021,25,0.07649586349486223,0.0031622018401281,0.2204311062583979,0.12446801174663605,7.676611287879403e-4,0.0791326873393498,0.1915758013888026,0.11244311404945279
W02000110,Powys 014,2023,13,0.17417748717299184,0.01324202948512799,0.45108185939820983,0.15160997679638913,0.0010680329544462436,0.09572402864957597,0.22614368427946746,0.1304196556298915
W02000110,Powys 014,2025,30,0.22783181426432603,0.00872403845257044,0.36613131232224005,0.1516010870380943,0.0016823013287653667,0.08028752762859145,0.24524856648517546,0.164961038856584
W02000111,Powys 015,2021,13,0.34563781929446286,0.02651960369840405,0.6383540257523148,0.1357140173027524,8.923758841312557e-4,0.08162780876086817,0.20436629606353138,0.12273848730266321
W02000111,Powys 015,2023,14,0.16199556113550218,0.01101646306323544,0.411433052668921,0.16529906432128733,0.001271380056736778,0.10393316029747432,0.24883976599121133,0.144906605693737
W02000111,Powys 015,2025,40,0.16438287185584582,0.00649688067225321,0.31595885533040063,0.16516457084135425,0.00224709490022054,0.09701276164986512,0.2805677987970986,0.18355503714723348
W02000113,Powys 017,2021,13,0.0333264045456834,0.00114665466007505,0.13273773628076263,0.13245430159586902,0.0013720375531832351,0.06997526184909761,0.21849844461139445,0.14852318276229684
W02000113,Powys 017,2023,10,0.17795160171170055,0.01395529767229613,0.46307105864501674,0.16185508554479056,0.0020243141277300125,0.08779753310482193,0.26270339098340695,0.17490585787858504
W02000113,Powys 017,2025,36,0.2618622228010663,0.00853863865885935,0.3622199817392469,0.1612791013124697,0.0028101540326840226,0.08746531665305822,0.26949845731299293,0.1820331406599347
W02000114,Powys 018,2021,18,0.1058660636516851,0.0039952661471837,0.24777126856937592,0.12877966900400434,7.546230324629549e-4,0.08139797863924972,0.1943411106812709,0.1129431320420212
W02000114,Powys 018,2023,5,0.2886249915018037,0.05301340957434953,0.9025493445224041,0.15619712851458248,0.0010077903866357438,0.10286074119560702,0.22569497647108958,0.12283423527548255
W02000114,Powys 018,2025,34,0.17283430302697408,0.00657371939807889,0.31782178884726087,0.15654586122258826,0.0018983430754306552,0.08732800135067668,0.2536982349861697,0.16637023363549303
W02000116,Ceredigion 001,2021,6,0,0,0,0.10676006026147235,7.69892456903316e-4,0.060946295913470026,0.16441330416842254,0.1034670082549525
W02000116,Ceredigion 001,2023,8,0,0,0,0.13132987501487137,0.0011207898630193652,0.07494747127439122,0.19657696077575137,0.12162948950136016
W02000116,Ceredigion 001,2025,28,0.0216680769408185,4.7499939522030026e-4,0.08543279502845255,0.1313992069427855,0.0016154036901573088,0.06992682903281519,0.22064963930724335,0.15072281027442816
W02000117,Ceredigion 002,2021,8,0,0,0,0.1443301407067594,0.0014118388883636284,0.08140687998267941,0.21887864597131168,0.13747176598863226
W02000117,Ceredigion 002,2023,5,0,0,0,0.17363638655031755,0.0018944638123569388,0.1013274611302419,0.2630575879255931,0.1617301267953512
W02000117,Ceredigion 002,2025,33,0.1254145715107483,0.0038100824099077,0.24196094462628845,0.17572737117315224,0.0027221994477380626,0.08927127423235945,0.2844683388239342,0.19519706459157474
W02000118,Ceredigion 003,2021,11,0,0,0,0.12390788985193858,0.001138475125694249,0.0635417673785914,0.20263229781925562,0.13909053044066422
W02000118,Ceredigion 003,2023,5,0.11730413417446586,0.01363808105992421,0.4577777923184449,0.15033851209324653,0.0015587122212369169,0.08258166321095581,0.2436808843713535,0.16109922116039768
W02000118,Ceredigion 003,2025,24,0.3297731413729008,0.01723814473321186,0.514663475050634,0.15035314963423893,0.0020220417194250382,0.07525454015268887,0.24864035969350373,0.17338581954081486
W02000120,Ceredigion 005,2021,6,0,0,0,0.11499500940869666,8.049589392380199e-4,0.06467094314167807,0.17649552333914795,0.11182458019746988
W02000120,Ceredigion 005,2023,3,0.47234863851125647,0.09633140248014103,1.2166398247093073,0.1407568760678525,0.0011310416594851646,0.08288373559835316,0.220125010374907,0.13724127477655385
W02000120,Ceredigion 005,2025,30,0.16717430422124294,0.00832342584968711,0.35762604854050567,0.1412124385636279,0.001498622267449745,0.07186571154087981,0.22593298788081762,0.1540672763399378
W02000122,Ceredigion 007,2021,11,0,0,0,0.10674874090946486,7.82826094834348e-4,0.06073219966056923,0.1594273822359522,0.09869518257538298
W02000122,Ceredigion 007,2023,5,0.13471114352661953,0.01780572436534221,0.5230677085123573,0.1311743540933397,0.0011178506208645706,0.07355495123086996,0.19451103177917917,0.12095608054830921
W02000122,Ceredigion 007,2025,36,0.11525596053876372,0.0032147792665267,0.22225608806044955,0.13162980089773774,0.0016531920394871565,0.0665134114811513,0.2235101228812707,0.1569967114001194
W02000123,Ceredigion 008,2021,5,0.13408260985062156,0.01713986999890884,0.5131943288574375,0.13209419793915833,9.456128429441302e-4,0.08251879732985602,0.19685187165088094,0.11433307432102492
W02000123,Ceredigion 008,2023,4,0.6075384631657605,0.06333543674061774,0.9865099535833599,0.15846957767199502,0.0013250551142580701,0.0991991610840406,0.24024030374023647,0.14104114265619588
W02000123,Ceredigion 008,2025,21,0.2147557505929441,0.01519637482965234,0.4832235430189309,0.1589139727852557,0.0019396682539124504,0.09276475948603642,0.2660945401122543,0.1733297806262179
W02000124,Ceredigion 009,2021,10,0,0,0,0.10226278265377935,7.230085413615133e-4,0.056053681700136776,0.15997147678848117,0.1039177950883444
W02000124,Ceredigion 009,2023,9,0.07888291900823918,0.00609448443439128,0.3060177183633354,0.1258642455790792,0.001052740662066339,0.07143035469517503,0.1973681442276694,0.12593778953249438
W02000124,Ceredigion 009,2025,27,0.12015517339067466,0.00384743179103896,0.24314399676492615,0.1267265785092208,0.0015151815696528308,0.065403196110271,0.21717118847744882,0.1517679923671778
W02000125,Ceredigion 010,2021,12,0.21917961940435535,0.02239875888291658,0.5866648442965737,0.11201152312441852,7.796474552020943e-4,0.06991846692235465,0.1782993118611994,0.10838084493884476
W02000125,Ceredigion 010,2023,7,0,0,0,0.1372792685246657,0.0011696315728997422,0.08344715274394698,0.20913857678579756,0.12569142404185057
W02000125,Ceredigion 010,2025,36,0.14617540956978628,0.00500511048352681,0.27732238146599486,0.13823685170446975,0.0017335547689742465,0.07772076375611714,0.245985418155971,0.16826465439985386
W02000126,Pembrokeshire 001,2021,6,0,0,0,0.10918751278307758,7.295775949178801e-4,0.06493794344492762,0.17325585011259387,0.10831790666766625
W02000126,Pembrokeshire 001,2023,5,0.3780849951838567,0.07246385043349798,1.0552097373114417,0.1336299788115193,9.937070012775073e-4,0.08026723953579966,0.20445066961202002,0.12418343007622036
W02000126,Pembrokeshire 001,2025,18,0.3032450311456092,0.01956750943253327,0.5483348674254461,0.13329551150888802,0.001382095874997984,0.07520390768740884,0.21394349236282278,0.13873958467541395
W02000127,Pembrokeshire 002,2021,15,0,0,0,0.09711462789770636,7.761060019799905e-4,0.051700396396275106,0.1611995435658988,0.1094991471696237
W02000127,Pembrokeshire 002,2023,5,0,0,0,0.11894050935495128,0.001078356186202347,0.06359842263769797,0.19553015079276334,0.13193172815506538
W02000127,Pembrokeshire 002,2025,13,0.2690954163279087,0.02812020741323871,0.65733589224181,0.11925969647213414,0.0013570992657540076,0.06080926280769815,0.19090345114062973,0.13009418833293157
W02000128,Pembrokeshire 003,2021,9,0.05785220874888427,0.0024423752881622,0.19372438250417562,0.14123918978048475,0.0016410595140942375,0.0817374002729587,0.24451530593051263,0.16277790565755393
W02000128,Pembrokeshire 003,2023,6,0.6905345654021999,0.03648845967121849,0.7487827862806251,0.1717116856028682,0.0022713395670900115,0.10313003345772175,0.2977843292807743,0.19465429582305255
W02000128,Pembrokeshire 003,2025,13,0.02246704895695863,5.547631760222455e-4,0.09232767506932991,0.17185489610375593,0.0031502507695187996,0.09354477674784822,0.31041764456595045,0.21687286781810222
W02000129,Pembrokeshire 004,2021,6,0,0,0,0.10129883412771748,5.844274968395147e-4,0.063269197078507,0.15416360899550857,0.09089441191700157
W02000129,Pembrokeshire 004,2023,4,0,0,0,0.12518146734971494,9.058332556839065e-4,0.07434951975484488,0.18684240729693288,0.112492887542088
W02000129,Pembrokeshire 004,2025,16,0.07734105470699854,0.00336047291040065,0.22723660183484728,0.12647237949288556,0.0014393289023407866,0.06582450799834388,0.2172858550878903,0.15146134708954642
W02000130,Pembrokeshire 005,2021,10,0.0218462097672741,5.505489771829779e-4,0.09197632792460629,0.10775072781241704,8.500165515652412e-4,0.05435777052326822,0.1685841441027772,0.11422637357950897
W02000130,Pembrokeshire 005,2023,3,0,0,0,0.13213693828009385,0.0012457094080834433,0.06745528114646529,0.20561554108744579,0.1381602599409805
W02000130,Pembrokeshire 005,2025,16,0.18611119234914236,0.00947440478178165,0.3815522811872664,0.13339726086117265,0.001904540636735421,0.06614422055797084,0.23920405954948382,0.17305983899151298
W02000131,Pembrokeshire 006,2021,14,0,0,0,0.10055227557992281,6.611376021445657e-4,0.05618726109134249,0.16053361098816604,0.10434634989682355
W02000131,Pembrokeshire 006,2023,7,0.21823227825356092,0.03483912681480942,0.7316640513460554,0.12435149037350487,9.517380188989379e-4,0.06998749509138297,0.19847744938227252,0.12848995429088955
W02000131,Pembrokeshire 006,2025,14,0.2059601230258639,0.01598238057573869,0.49556293985067856,0.12484946338733365,0.001345991059768336,0.06531071015676443,0.20668085890415713,0.1413701487473927
W02000132,Pembrokeshire 007,2021,6,0,0,0,0.09349909414009301,7.26563431788392e-4,0.052905360034793826,0.15098375220215432,0.0980783921673605
W02000132,Pembrokeshire 007,2023,6,0,0,0,0.11456959317976083,0.0010471760107412448,0.06397718716062714,0.18521418193442996,0.12123699477380281
W02000132,Pembrokeshire 007,2025,11,0,0,0,0.11562035140917847,0.0014423771021557612,0.06078886266322947,0.2059306597914109,0.14514179712818143
W02000133,Pembrokeshire 008,2021,10,0.41283899813086133,0.04757877286985046,0.8550365997281971,0.10709108972863964,7.401532295084879e-4,0.06412353511471576,0.16559086413923435,0.10146732902451859
W02000133,Pembrokeshire 008,2023,0,NA,NA,NA,0.13133941967484675,0.0010967280576638198,0.07704242745354578,0.20364811824246554,0.12660569078891976
W02000133,Pembrokeshire 008,2025,13,0.32160362306924334,0.02258368403794515,0.5890816318689065,0.13245270784399013,0.0016720002616209667,0.06733485364996636,0.22673362284984436,0.159398769199878
W02000134,Pembrokeshire 009,2021,10,0.35622973532524743,0.0621289595695766,0.9770687586021746,0.10418536867479855,0.001015922715890384,0.05575521700026599,0.1836351407793178,0.12787992377905183
W02000134,Pembrokeshire 009,2023,2,0,0,0,0.12820194817386862,0.0014522417248316784,0.0697136666695333,0.21406798993778242,0.14435432326824912
W02000134,Pembrokeshire 009,2025,19,0.248498848196269,0.01041969119615377,0.4001340508098445,0.1295967028545592,0.0020398575515790177,0.05701008645131265,0.23697565135713386,0.17996556490582122
W02000135,Pembrokeshire 010,2021,10,0,0,0,0.10286675440980178,9.149079528024609e-4,0.057221809318659334,0.1776132960831167,0.12039148676445738
W02000135,Pembrokeshire 010,2023,5,0.2160171140620766,0.0363151875920126,0.7470028050830829,0.126535447138448,0.001276274197393542,0.07000847760126215,0.2209144939895315,0.15090601638826934
W02000135,Pembrokeshire 010,2025,16,0.1625268146406409,0.00810831111326606,0.3529744650650417,0.1279096294415781,0.001975591873518816,0.0638712879916464,0.22253545681105336,0.15866416881940695
W02000136,Pembrokeshire 011,2021,15,0,0,0,0.08653807512788082,5.316213100045264e-4,0.04622481226921817,0.13511895793419165,0.08889414566497347
W02000136,Pembrokeshire 011,2023,5,0,0,0,0.1063431915013107,8.158779997325227e-4,0.0571056348762225,0.16728297099893705,0.11017733612271455
W02000136,Pembrokeshire 011,2025,23,0.07868015536839972,0.0025009162658183,0.1960323121237427,0.1065931718634509,9.948173405335996e-4,0.05414330217679622,0.18266554506881402,0.1285222428920178
W02000137,Pembrokeshire 012,2021,15,0.05001729164591482,0.002476362984288,0.19506764395187184,0.10829399947784989,0.0012047083474547135,0.056121863875289155,0.1774788767515777,0.12135701287628854
W02000137,Pembrokeshire 012,2023,2,0,0,0,0.13345201433744866,0.0017210858700703428,0.06847713619344241,0.21921041598123736,0.15073327978779494
W02000137,Pembrokeshire 012,2025,13,0.08579073209676916,0.004191187142175,0.25377370089501355,0.13469952722941286,0.002468545871360642,0.06282404013488674,0.24186740117674776,0.17904336104186103
W02000138,Pembrokeshire 013,2021,12,0,0,0,0.09786649590916001,0.0013306884982994783,0.04435200166995385,0.17561220871087646,0.13126020704092262
W02000138,Pembrokeshire 013,2023,1,0,0,0,0.1203071294647093,0.001965313686995244,0.05726062895842633,0.20815196683445614,0.15089133787602982
W02000138,Pembrokeshire 013,2025,12,0.10601607823830984,0.010219966055312,0.3962806013439104,0.1199639724947285,0.00212398323859751,0.055587456171855364,0.22877207899617763,0.17318462282432226
W02000139,Pembrokeshire 014,2021,11,0,0,0,0.08741223405941334,8.061686819692453e-4,0.0418190077152099,0.15579336648751896,0.11397435877230906
W02000139,Pembrokeshire 014,2023,4,0,0,0,0.10781575246835855,0.0012125791571586473,0.051170009436169867,0.1908807770244711,0.13971076758830123
W02000139,Pembrokeshire 014,2025,20,0.35209858714901615,0.02171961600463605,0.5777023817956731,0.10794237800496806,0.0014911724038406567,0.048070341194882835,0.20100595630696266,0.15293561511207981
W02000140,Pembrokeshire 015,2021,9,0.14526186177297862,0.01480410744747963,0.476945989129269,0.11165109202216185,0.0014159049514346914,0.05037246700417425,0.19676916342948364,0.1463966964253094
W02000140,Pembrokeshire 015,2023,10,0.1566169536105545,0.01387544715000621,0.4617443398482173,0.13723699915968646,0.0019895881812433745,0.06587603943267392,0.23991210296900703,0.1740360635363331
W02000140,Pembrokeshire 015,2025,14,0.1726677409248139,0.0226457379422177,0.589890395816917,0.13655064263659875,0.0023999858465938765,0.054253839013600744,0.2569683497112647,0.20271451069766394
W02000141,Pembrokeshire 016,2021,10,0,0,0,0.09018812135513597,9.040605244964078e-4,0.04532883023938724,0.147823376641308,0.10249454640192077
W02000141,Pembrokeshire 016,2023,5,0.09379934334303676,0.009157432454165,0.37511544716773676,0.1113335005356385,0.0013546027680017563,0.05664531662604495,0.19027062990798893,0.133625313281944
W02000141,Pembrokeshire 016,2025,17,0.03546912066416068,0.00129967702376809,0.141317454930485,0.11133927630985291,0.0016464367983875852,0.05202650728254435,0.21397036908758527,0.16194386180504092
W02000142,Carmarthenshire 001,2021,9,0.13704682389226022,0.01606175013541019,0.49679191512526255,0.11538979176277278,7.705826068163761e-4,0.06722524934222214,0.17878253126047589,0.11155728191825375
W02000142,Carmarthenshire 001,2023,2,0,0,0,0.14112300965888896,0.001078170797667639,0.08657336516810009,0.21705720750424645,0.13048384233614635
W02000142,Carmarthenshire 001,2025,9,0.1085597992753008,0.00740187778089984,0.33724773500284644,0.14144970997539258,0.001639182193986384,0.07768569161346661,0.24245643734855837,0.16477074573509176
W02000143,Carmarthenshire 002,2021,6,0,0,0,0.10989992370535308,6.445450773244509e-4,0.06266871826646639,0.16374023299015056,0.10107151472368417
W02000143,Carmarthenshire 002,2023,7,0,0,0,0.13501192497032632,9.367625533902225e-4,0.07723789897627895,0.19475583746391065,0.1175179384876317
W02000143,Carmarthenshire 002,2025,7,0,0,0,0.13425096784374188,0.0014190413303326326,0.07016353795721963,0.21749391863456918,0.14733038067734955
W02000144,Carmarthenshire 003,2021,9,0.09097016580598384,0.00862237090412444,0.3639916634481905,0.10935024231407194,8.198329992374877e-4,0.06470290168344515,0.17827390771155827,0.11357100602811311
W02000144,Carmarthenshire 003,2023,4,0,0,0,0.13374722509992362,0.0011212739549656824,0.07977416939311388,0.21763255522869862,0.13785838583558474
W02000144,Carmarthenshire 003,2025,20,0.06599265594319388,0.00172428113716553,0.16277290909387862,0.13463359985104337,0.0017608813315381972,0.069975346004154,0.23440304368622783,0.16442769768207383
W02000145,Carmarthenshire 004,2021,7,0.23456238084119208,0.03797704043668866,0.7639037556377768,0.11662171031824943,6.17366349399735e-4,0.07138574529895822,0.17389456388208202,0.1025088185831238
W02000145,Carmarthenshire 004,2023,4,0,0,0,0.1432803928865131,8.754623209445435e-4,0.09118937087230014,0.20707333018128013,0.11588395930897999
W02000145,Carmarthenshire 004,2025,15,0.25999806831673655,0.01536098621601223,0.4858336999182376,0.1441750006978812,0.0014280401884850386,0.074741688375964,0.23111672186537877,0.15637503348941478
W02000146,Carmarthenshire 005,2021,2,0,0,0,0.11501543335594834,6.75647252157136e-4,0.07190667888484917,0.1692513115659325,0.09734463268108334
W02000146,Carmarthenshire 005,2023,5,0,0,0,0.14003393398492997,9.595106584588971e-4,0.08724695195483814,0.20510516607368323,0.11785821411884509
W02000146,Carmarthenshire 005,2025,11,0.11287773362534176,0.0113282397831304,0.41721441316351643,0.1404151571927355,0.001567214532215875,0.0786114773320094,0.23202406455868096,0.15341258722667156
W02000147,Carmarthenshire 006,2021,7,0,0,0,0.11519987635022282,6.711576824465164e-4,0.06613557715458057,0.16796441764490544,0.10182884049032487
W02000147,Carmarthenshire 006,2023,3,0,0,0,0.14078471997457984,9.896592886786788e-4,0.07706433225908753,0.20616874572211705,0.12910441346302953
W02000147,Carmarthenshire 006,2025,12,0.2704269807429745,0.02339864101703794,0.5996162637125705,0.1413165688032519,0.0016480811495734138,0.0745250394299565,0.222224030004135,0.14769899057417848
W02000148,Carmarthenshire 007,2021,6,0,0,0,0.11881023674732209,0.0012615992908856872,0.06103310525723819,0.19190747062058505,0.13087436536334685
W02000148,Carmarthenshire 007,2023,3,0.4215787752705564,0.0940528994760698,1.2021652803241425,0.14526200056788652,0.0016745966528170005,0.07704567735104018,0.23737040460152237,0.1603247272504822
W02000148,Carmarthenshire 007,2025,10,0.332246539269178,0.03636461716012154,0.7475110149045666,0.146247612986576,0.00235799399259682,0.06844492028221781,0.25433880280320514,0.18589388252098732
W02000149,Carmarthenshire 008,2021,6,0.19823795880340647,0.03118803907968298,0.6922645963005799,0.11741922377121454,9.012599558797956e-4,0.06859095941859555,0.19033051761869543,0.12173955820009988
W02000149,Carmarthenshire 008,2023,8,0.09239522812757683,0.0080848671593361,0.3524638095655888,0.14313683511510839,0.0012565305919160375,0.08679922960564516,0.22845786568378001,0.14165863607813484
W02000149,Carmarthenshire 008,2025,15,0.2968642002048154,0.02407259230352023,0.6081903387635527,0.1443620664359277,0.0020930642659806823,0.07599768546020033,0.25080253657850593,0.1748048511183056
W02000151,Carmarthenshire 010,2021,4,0,0,0,0.1211097685147542,7.820749678235601e-4,0.07301361740285134,0.1729055318862847,0.09989191448343337
W02000151,Carmarthenshire 010,2023,5,0,0,0,0.1483481606494692,0.0011524503270776195,0.08904541236953926,0.2140774383789681,0.1250320260094288
W02000151,Carmarthenshire 010,2025,12,0.4865729101774327,0.02966075361199007,0.6751016622441818,0.1494670500950197,0.0019261686369447966,0.08022897204039554,0.24460403280496604,0.16437506076457048
W02000152,Carmarthenshire 011,2021,8,0.06020085014244122,0.0037736298794235,0.2408006958988807,0.12269759538288359,9.843877840211984e-4,0.07765407159023215,0.19258600891300645,0.1149319373227743
W02000152,Carmarthenshire 011,2023,1,0,0,0,0.14877730679448295,0.0012926729712795977,0.09577632657472536,0.23248960338975683,0.13671327681503148
W02000152,Carmarthenshire 011,2025,11,0.19980982291969268,0.01761378862418134,0.5202408814239927,0.14926838823682587,0.0018852693247370725,0.07704679853958968,0.2510531428993028,0.17400634435971313
W02000153,Carmarthenshire 012,2021,7,0,0,0,0.11527324059069487,8.229193402617992e-4,0.06826383582136855,0.18437501842608411,0.11611118260471556
W02000153,Carmarthenshire 012,2023,3,0,0,0,0.141760043544864,0.001179754289372929,0.08455466398047254,0.22379937288820698,0.13924470890773444
W02000153,Carmarthenshire 012,2025,12,0.20039526802664004,0.02833171621297215,0.6598033681384919,0.1416609982935531,0.0017425993166640867,0.07406717575682377,0.24586433955360443,0.17179716379678067
W02000154,Carmarthenshire 013,2021,8,0.2285910182098281,0.01805950830733252,0.5267821465638384,0.14265986260609506,0.0013041790081145894,0.08160665444152174,0.22604930207930696,0.14444264763778522
W02000154,Carmarthenshire 013,2023,4,0.20106968044923307,0.03648779588946124,0.7487759754886841,0.1741541687747405,0.0018391994411708626,0.10234602992357764,0.26795048785730613,0.1656044579337285
W02000154,Carmarthenshire 013,2025,13,0.13504243620429662,0.00882794505116138,0.3683052396335785,0.17609994568463236,0.002713362009002075,0.08957460631876746,0.29518098856736796,0.2056063822486005
W02000156,Carmarthenshire 015,2021,12,0,0,0,0.11358990019714484,7.7682570562822e-4,0.061766567475729145,0.16842538865966378,0.10665882118393463
W02000156,Carmarthenshire 015,2023,3,0,0,0,0.13920948704057287,0.0011056108335877302,0.07578189672736793,0.20814052923429419,0.13235863250692625
W02000156,Carmarthenshire 015,2025,7,0.05883994883762803,0.00369367440371187,0.2382360016362856,0.14032156226258016,0.0017457691645285643,0.06487827523343044,0.24960516281638656,0.18472688758295613
W02000157,Carmarthenshire 016,2021,4,0,0,0,0.13714579897661558,0.0010554058406922568,0.08643069774241677,0.2123131917846886,0.12588249404227184
W02000157,Carmarthenshire 016,2023,6,0.47034066890210224,0.04892456193418357,0.8670448431094333,0.1668744685958061,0.0015360158986304014,0.1056833317997016,0.2523582337300341,0.14667490193033247
W02000157,Carmarthenshire 016,2025,10,0.07381366487938326,0.00547721610347597,0.2901068776402632,0.16816112319261975,0.002360475872022711,0.0956602018708522,0.29316783428739013,0.19750763241653793
W02000158,Carmarthenshire 017,2021,15,0.04756372055979965,0.00224029093699532,0.1855369007054044,0.1323482399288132,9.384668699126069e-4,0.08083109887121054,0.19580611816401222,0.11497501929280168
W02000158,Carmarthenshire 017,2023,4,0.3978256498449094,0.06156795372300046,0.97264743643585,0.16121571376049296,0.001329717161360552,0.0967901594913208,0.24842284379633336,0.15163268430501256
W02000158,Carmarthenshire 017,2025,10,0.02982852985554847,9.620377518338888e-4,0.12158336082907129,0.16203111626876518,0.0021786549184297783,0.0906387464879906,0.28055743701344443,0.18991869052545385
W02000159,Carmarthenshire 018,2021,9,0.08954296808812531,0.00772963009383915,0.3446334615482435,0.13044352610660775,9.686289101517998e-4,0.07331886126641371,0.19226336044113185,0.11894449917471814
W02000159,Carmarthenshire 018,2023,6,0.1952223080601683,0.03052578617792752,0.6848753187896975,0.1579717788160018,0.0013305652079772013,0.09269872173873658,0.22816936447617456,0.13547064273743797
W02000159,Carmarthenshire 018,2025,9,0.11541527583403556,0.01226480196722176,0.4341185630725812,0.15896194891083232,0.002152046631017802,0.07515688328205886,0.2577488169435177,0.18259193366145884
W02000160,Carmarthenshire 019,2021,5,0,0,0,0.11998763402328515,9.462493860071545e-4,0.07038726427579114,0.1888688173679561,0.11848155309216496
W02000160,Carmarthenshire 019,2023,3,0,0,0,0.14724969619741174,0.0012795464495886457,0.08824859182365105,0.23294666767279237,0.14469807584914132
W02000160,Carmarthenshire 019,2025,6,0.304816817216375,0.03421625630710492,0.7250940341833164,0.1486933607101112,0.001960388633190392,0.07576803739717575,0.2531891420009241,0.17742110460374833
W02000161,Carmarthenshire 020,2021,11,0.09864675077769616,0.00928749944213018,0.3777700181547643,0.1402864291590912,0.001255945320334851,0.08878350562272438,0.2153207004772038,0.12653719485447942
W02000161,Carmarthenshire 020,2023,5,0.4820884187887595,0.05492001714950025,0.9186359111456949,0.16936969293227247,0.0015868432722169665,0.10149761443209665,0.25463834601032104,0.1531407315782244
W02000161,Carmarthenshire 020,2025,8,0,0,0,0.1709740658233788,0.002251022641020901,0.08894851818775149,0.2765405131479748,0.1875919949602233
W02000162,Carmarthenshire 021,2021,11,0.03230184194529271,0.00120239049805652,0.1359254734724587,0.12368365992358493,0.0016541436898113205,0.06258593715751348,0.22157949764570417,0.1589935604881907
W02000162,Carmarthenshire 021,2023,2,0,0,0,0.15007967792755514,0.002182339303698,0.07706025107885375,0.25606761598334804,0.1790073649044943
W02000162,Carmarthenshire 021,2025,5,0,0,0,0.15144703666686543,0.0029829672949436385,0.07017693993454052,0.2961625898967325,0.22598564996219198
W02000163,Carmarthenshire 022,2021,12,0.23659184026031504,0.02579313541890911,0.6295498949831583,0.1354027883574754,0.0011980353362849247,0.07772459697652012,0.21104463045779573,0.1333200334812756
W02000163,Carmarthenshire 022,2023,5,0,0,0,0.16555969016673308,0.0016077862434660138,0.09292832649456327,0.25739091031943057,0.16446258382486728
W02000163,Carmarthenshire 022,2025,12,0.2033415802781794,0.01639879804613141,0.5019773198187067,0.16843502870045426,0.0025995682165945067,0.08577663305490718,0.29416821073636834,0.20839157768146116
W02000164,Carmarthenshire 023,2021,7,0.26102730416474546,0.02976521032347925,0.6762893751847509,0.15197753699073582,0.0016196551121538563,0.0921908773399441,0.25664207044748666,0.16445119310754255
W02000164,Carmarthenshire 023,2023,2,1,0,0,0.1838783330852773,0.0022632240004860664,0.11589866407316597,0.2921873907984953,0.17628872672532936
W02000164,Carmarthenshire 023,2025,21,0.15145645877934877,0.00638587258219278,0.313247930934544,0.18505685360617247,0.0032526120711863686,0.09565481382854402,0.309933433673513,0.214278619844969
W02000165,Carmarthenshire 024,2021,7,0.7492109322523505,0.04213698707853686,0.804655207378464,0.14091010155650102,0.0013546302379991442,0.08503697679459755,0.24257612705419285,0.1575391502595953
W02000165,Carmarthenshire 024,2023,5,0.3111153116848293,0.05804979447757004,0.9444488234633838,0.17157178906325654,0.0017816105160136455,0.1034011185447305,0.2841393812421252,0.18073826269739468
W02000165,Carmarthenshire 024,2025,5,0.04460589483460792,0.00258885781315688,0.19944914822454768,0.1728791240588281,0.002600163293778027,0.09022373737035702,0.28646691720319356,0.19624317983283654
W02000166,Carmarthenshire 025,2021,4,0.15612989955161513,0.02693023445625694,0.6432771928036902,0.13712977522284384,0.0014671656994078757,0.07383532913860574,0.22070337570731471,0.14686804656870897
W02000166,Carmarthenshire 025,2023,3,0,0,0,0.1672026466834071,0.0020058137567783756,0.0957165146216545,0.2642214988781965,0.16850498425654203
W02000166,Carmarthenshire 025,2025,11,0.479665552414865,0.03436522188755858,0.7266707225286364,0.16942799138572598,0.0030768881426067878,0.08080063101717821,0.290913380189612,0.21011274917243378
W02000167,Carmarthenshire 026,2021,9,0.33604421260374767,0.04204022748596404,0.803730807422346,0.15472803767528573,0.0015942615464000927,0.09556345282070483,0.23607177568863708,0.14050832286793224
W02000167,Carmarthenshire 026,2023,3,0.6329721270766093,0.08110008501195173,1.1163200919596588,0.18740870554592315,0.002119868759380847,0.11687439422994893,0.2830229164668891,0.16614852223694015
W02000167,Carmarthenshire 026,2025,10,0.4589448374458594,0.02701811366841075,0.6443259146426844,0.1875091047225143,0.0029487370119575733,0.09774929053133742,0.31131711148336405,0.21356782095202664
W02000168,Swansea 001,2021,13,0,0,0,0.11012240897236253,8.159774981411474e-4,0.059529637263042515,0.1718185221284916,0.11228888486544909
W02000168,Swansea 001,2023,5,0,0,0,0.13622876009455423,0.0011229662706269713,0.07459124951136614,0.20437438757980553,0.12978313806843939
W02000168,Swansea 001,2025,17,0.18361995535619988,0.0200861932354291,0.5555548008195258,0.13759058874775087,0.0018185222915746888,0.06532947963754829,0.23772168333172672,0.17239220369417843
W02000169,Swansea 002,2021,6,0.32726129190546793,0.06176508163109479,0.9742033004309966,0.12200583658050745,8.587574284464687e-4,0.07863780305202954,0.1884501272468677,0.10981232419483815
W02000169,Swansea 002,2023,1,0,0,0,0.14968624594763388,0.001223191193109582,0.09337770293370924,0.2273100609722083,0.13393235803849907
W02000169,Swansea 002,2025,17,0.21235991071668048,0.00936872533001717,0.3794183577933726,0.15170159818413473,0.0019849381920783037,0.08243348703407996,0.2613889477201785,0.17895546068609855
W02000170,Swansea 003,2021,5,0,0,0,0.12654517637430301,0.001098066158745447,0.07595689001696568,0.19850806439541718,0.1225511743784515
W02000170,Swansea 003,2023,5,0.5444928596855071,0.07251248986734608,1.0555638186512644,0.15470715511160185,0.001463270450878012,0.0915014289383081,0.24538369013376543,0.15388226119545734
W02000170,Swansea 003,2025,13,0.12613782013815375,0.01385209999298553,0.46135570529989667,0.15584291225424807,0.0020141971580926255,0.08288943245126036,0.25710963830711786,0.1742202058558575
W02000171,Swansea 004,2021,9,0.23017958058915464,0.02603927313980572,0.6325465848057998,0.12000752820261314,7.980075022965763e-4,0.07596123235709853,0.18269775364909763,0.10673652129199909
W02000171,Swansea 004,2023,7,0,0,0,0.14683174586167055,0.0010510394138925569,0.0967614785847948,0.21985659782632322,0.12309511924152843
W02000171,Swansea 004,2025,4,0.6968712317346386,0.05184205493777315,0.892522535790818,0.1489523299353729,0.0017861398255388894,0.08412936653330222,0.2522554054520774,0.1681260389187752
W02000172,Swansea 005,2021,8,0.09428135406700092,0.00865036864405945,0.36458214399489197,0.11656675127205204,0.001219070316965735,0.056169371649338926,0.20412879708735043,0.1479594254380115
W02000172,Swansea 005,2023,7,0,0,0,0.14292715862335867,0.0017181347673672213,0.07129120945456717,0.2530483770782874,0.18175716762372024
W02000172,Swansea 005,2025,7,0,0,0,0.14553509859669195,0.0026472924475739097,0.07440909222974412,0.2677033064994573,0.19329421426971316
W02000173,Swansea 006,2021,12,0.31339800305349097,0.04472444693261124,0.8289924515215942,0.12485763448892559,0.001057654759045165,0.06995884780375707,0.20048321284297804,0.130524365039221
W02000173,Swansea 006,2023,3,0,0,0,0.15305382362683992,0.0014838613446740243,0.08820644133374801,0.2430942036142118,0.1548877622804638
W02000173,Swansea 006,2025,7,0.13584555172983476,0.01643109043321021,0.5024713216822555,0.15416614556110497,0.0020523928993097336,0.07883557321416998,0.26304249557112136,0.18420692235695138
W02000174,Swansea 007,2021,13,0.06210812928663949,0.0037572545052504,0.24027765989194155,0.11531806635792936,9.715667216288768e-4,0.06317386686775003,0.18245429895826815,0.11928043209051811
W02000174,Swansea 007,2023,2,0,0,0,0.14104818777099404,0.0013096254308270587,0.0795609850742291,0.2202026254200537,0.1406416403458246
W02000174,Swansea 007,2025,10,0.3050241900452019,0.05192578673240396,0.8932430161264628,0.1420012461685703,0.0017944508769254502,0.07879626922508448,0.22892379976635263,0.15012753054126815
W02000175,Swansea 008,2021,3,0,0,0,0.11486623017055311,0.001215218106662904,0.05959214596497418,0.18704979498594076,0.12745764902096657
W02000175,Swansea 008,2023,3,0,0,0,0.14109943463220787,0.0017714019553354652,0.07221708795528414,0.22822221307136137,0.15600512511607723
W02000175,Swansea 008,2025,6,0.2842427254159557,0.05146719348627623,0.8892898389034409,0.14235403435546237,0.0024085256140217587,0.06119827840510268,0.24465688964301135,0.1834586112379087
W02000176,Swansea 009,2021,7,0.3415309764087192,0.06091412099118625,0.9674690431976033,0.12128727608996175,9.358509677481236e-4,0.07493218624881348,0.1941318075033136,0.11919962125450012
W02000176,Swansea 009,2023,6,0.21688537879473965,0.03586825439230302,0.7423918701554137,0.1483599243802188,0.0013458593049348602,0.09463439102255694,0.24268490830261877,0.14805051728006183
W02000176,Swansea 009,2025,7,0.2143825830882824,0.03422371683773016,0.7251730798181535,0.14985787604781262,0.0018888165698104937,0.08773806918762841,0.2631336069306162,0.1753955377429878
W02000177,Swansea 010,2021,8,0,0,0,0.10512146034259758,8.658586382430107e-4,0.055248858229872994,0.1668444682093903,0.11159560997951731
W02000177,Swansea 010,2023,6,0,0,0,0.1294440814017799,0.0012010929328676646,0.06515797081863643,0.19661007513877327,0.13145210432013682
W02000177,Swansea 010,2025,6,0,0,0,0.1313692233276146,0.0018774522608560665,0.05996929834312005,0.22327991312962192,0.16331061478650188
W02000178,Swansea 011,2021,13,0.10557749277367684,0.00973051594575015,0.38667493484686455,0.1181731702314324,0.0010547249635553368,0.06598038929229502,0.199508165891237,0.13352777659894197
W02000178,Swansea 011,2023,6,0,0,0,0.1449901316868366,0.00135008972137411,0.08458443679473354,0.23373470133346358,0.14915026453873004
W02000178,Swansea 011,2025,10,0,0,0,0.147764664537998,0.002136786579918721,0.07193301323931356,0.2506708647231885,0.17873785148387494
W02000179,Swansea 012,2021,10,0.08944517479268621,0.00754761580464424,0.34055164253288217,0.1209488588845364,9.434302723277233e-4,0.07185274811559807,0.18770390644751164,0.11585115833191358
W02000179,Swansea 012,2023,6,0.0417253249187784,0.00206720842182614,0.1782256550133813,0.1489992891408162,0.0013277797033361487,0.09164565893204461,0.2331209833121825,0.14147532438013788
W02000179,Swansea 012,2025,14,0.24764267951482924,0.02928269718646051,0.670785436337563,0.15051886216873622,0.0019443322753825655,0.08714834937787813,0.2535109388531116,0.16636258947523347
W02000180,Swansea 013,2021,5,0,0,0,0.11955162822408631,0.001023929148789437,0.0666332577299244,0.19504117553211697,0.12840791780219257
W02000180,Swansea 013,2023,2,0,0,0,0.14673498531922546,0.0013973307542639582,0.08697572077084148,0.23570818430683993,0.14873246353599845
W02000180,Swansea 013,2025,9,0.08040879968974707,0.00654770495938855,0.3171923011142976,0.14849136173377497,0.002159592237595612,0.08032870530259859,0.26854900986895786,0.18822030456635927
W02000181,Swansea 014,2021,5,0,0,0,0.11449965009991424,0.0010642121059864385,0.0610569183308564,0.18356951930945342,0.12251260097859702
W02000181,Swansea 014,2023,7,0.07662829889642137,0.00626676249543404,0.31031281034001934,0.14001289307673462,0.0014163123730845033,0.07158329990647641,0.22191030292477573,0.15032700301829932
W02000181,Swansea 014,2025,8,0.2063450402167813,0.02192115016840678,0.5803764146627142,0.14231412694902107,0.002039603462755552,0.066522916417983,0.2498340292449035,0.1833111128269205
W02000182,Swansea 015,2021,11,0.03075304023895119,0.00112422444029347,0.1314330535688076,0.12411660953193618,0.0011554448937150662,0.06650708919282311,0.2056248719462292,0.13911778275340608
W02000182,Swansea 015,2023,4,0.03386443230632921,0.00195425644360269,0.17328814908326398,0.15160751377536574,0.0015469187818778717,0.08766854452739693,0.24205292116388202,0.15438437663648508
W02000182,Swansea 015,2025,11,0.2120499599980602,0.03210861699624001,0.7024070898859021,0.15288789613138998,0.0020842543896233195,0.07518092068244794,0.25157929003142004,0.1763983693489721
W02000183,Swansea 016,2021,11,0,0,0,0.12664746887133033,9.815740453564057e-4,0.07267312618466562,0.18911231113443078,0.11643918494976516
W02000183,Swansea 016,2023,5,0.10312664013304068,0.01188731312806185,0.42738565193579553,0.15622576645532102,0.001499569258209467,0.091362529218818,0.23435214085191103,0.14298961163309304
W02000183,Swansea 016,2025,9,0.20765156239873592,0.03208418772704308,0.7021398320814901,0.15845520094818097,0.0021721472366332405,0.08520374455301244,0.26151580681935044,0.176312062266338
W02000184,Swansea 017,2021,5,0.1945492170053909,0.03330182419997291,0.7153393217716777,0.12877287764095566,0.0011128911413438814,0.07567004881261118,0.20304386159507515,0.12737381278246396
W02000184,Swansea 017,2023,4,0.3614948223729675,0.08133307219283634,1.1179224438024724,0.15782442913449182,0.001491138273384523,0.09473205462806941,0.2460135461835281,0.1512814915554587
W02000184,Swansea 017,2025,16,0.13032373465975444,0.01408706498058976,0.4652521038206182,0.1588196046648363,0.0022766513681095495,0.08889055264127624,0.27218297690422166,0.18329242426294542
W02000185,Swansea 018,2021,12,0,0,0,0.1240315685414023,9.340283868548486e-4,0.07578783835409697,0.1891518328157733,0.11336399446167633
W02000185,Swansea 018,2023,7,0.5111342947018428,0.04027874639370389,0.7867125157784016,0.15091774604443997,0.0013073433832362694,0.09020605446561311,0.22687912220489626,0.13667306773928314
W02000185,Swansea 018,2025,6,0,0,0,0.15162193657276743,0.0019510769249541102,0.08620283874302223,0.24783701987808232,0.1616341811350601
W02000186,Swansea 019,2021,11,0.1650752298991866,0.02123591473622745,0.5712333743015695,0.12975072898711343,8.992488754279142e-4,0.0786746514444806,0.19353330022823634,0.11485864878375573
W02000186,Swansea 019,2023,6,0.1264890353690798,0.01483064807299354,0.47737332919471465,0.16000532811930662,0.0012669793642409836,0.09949862400246898,0.23289163407582497,0.133393010073356
W02000186,Swansea 019,2025,11,0.3346087921705049,0.02620285173450932,0.6345303016338026,0.16190288564624727,0.0020216095832158165,0.08942931203084684,0.2605034680081995,0.17107415597735268
W02000188,Swansea 021,2021,10,0.02512028909033901,6.998130632569989e-4,0.10369769649679925,0.12062833417335504,0.0011630302207789574,0.060713963311007035,0.1931530279847245,0.13243906467371747
W02000188,Swansea 021,2023,7,0.1849270406530563,0.02749729943167805,0.6500145950579483,0.14883428131761647,0.0016940357619223423,0.07745281668177902,0.23848277559052822,0.16102995890874922
W02000188,Swansea 021,2025,5,0.13897817046277686,0.01844925430414842,0.5324361020137532,0.1512677426229632,0.0022877122106380304,0.06972726329587578,0.2499322154086244,0.18020495211274862
W02000189,Swansea 022,2021,10,0,0,0,0.12478381566842142,0.0010555564369335616,0.07040522828806184,0.18836425021425218,0.11795902192619034
W02000189,Swansea 022,2023,8,0.3562960079821394,0.03499415269039485,0.7332901104617034,0.15218784322397474,0.0014971912983812582,0.08653691757673376,0.2366850087079715,0.15014809113123773
W02000189,Swansea 022,2025,15,0,0,0,0.1548623680052009,0.0023159919284408232,0.0803708956155183,0.2664484552643732,0.18607755964885492
W02000191,Swansea 024,2021,8,0.3988146059280348,0.04014108920948344,0.7853670255773153,0.15943870013368827,0.0018445730666831633,0.09177321348211973,0.2602957781277525,0.16852256464563278
W02000191,Swansea 024,2023,1,1,0,0,0.19254766041148552,0.0024513698040299313,0.11600458164499436,0.31430560379754996,0.1983010221525556
W02000191,Swansea 024,2025,10,0.23300905004342748,0.02196400610444944,0.5809434567588032,0.1930304652917624,0.003272929758317392,0.10637610836296504,0.3308923139250757,0.22451620556211063
W02000192,Swansea 025,2021,10,0.08772431892535032,0.00746695727101445,0.33872708112865485,0.14334576729271195,0.001388416916455349,0.07789675207873442,0.23182459307091396,0.15392784099217954
W02000192,Swansea 025,2023,4,0.14784933055527222,0.02243205228205621,0.5871006901892606,0.1763233647161446,0.0019499309012224926,0.09836817360249475,0.2743949504339126,0.17602677683141785
W02000192,Swansea 025,2025,18,0.1078801290794299,0.01012995719370896,0.39453168904424996,0.1772693389674762,0.002944340675365765,0.09060390035055108,0.30553677288642117,0.2149328725358701
W02000193,Swansea 026,2021,10,0.3583113814135157,0.03493154188568444,0.7326338231264203,0.16507938613285647,0.0019669983164680685,0.08855488058957303,0.2534043038398156,0.16484942325024257
W02000193,Swansea 026,2023,5,0,0,0,0.19602392241298444,0.0024529734622223158,0.10919508898578414,0.29186689807957833,0.18267180909379419
W02000193,Swansea 026,2025,14,0.10782255669977564,0.01026360563372489,0.39712576543859945,0.19643765823365877,0.0035839092044975306,0.10541168460754094,0.3346066696077093,0.22919498500016836
W02000194,Swansea 027,2021,7,0,0,0,0.1263702352000462,9.81335756928962e-4,0.06997473995970938,0.1876068942164856,0.11763215425677623
W02000194,Swansea 027,2023,4,0,0,0,0.15408305619747273,0.0013690994127739538,0.08386632268223851,0.22342057793499054,0.13955425525275203
W02000194,Swansea 027,2025,14,0,0,0,0.15402007664180445,0.0019069299040209088,0.07757807163901889,0.23790110417985533,0.16032303254083644
W02000195,Swansea 028,2021,13,0.10947433149693314,0.0065984111173372,0.3184181187637484,0.1347589584481144,0.0010301542088103116,0.08144925517021348,0.2100102255357315,0.12856097036551803
W02000195,Swansea 028,2023,5,0.819499722246084,0.02401445851746337,0.6074555242850386,0.16394939912455983,0.0014135001207065776,0.10124326413193954,0.24547775332946548,0.14423448919752593
W02000195,Swansea 028,2025,11,0.08341744529806772,0.00382003552158274,0.24227677684622512,0.16519715397698306,0.002123631677741235,0.09453755448792475,0.2675131690157876,0.17297561452786284
W02000196,Swansea 029,2021,7,0,0,0,0.11856316170641756,0.0013989878247564313,0.06077486864494254,0.2006723336221617,0.13989746497721917
W02000196,Swansea 029,2023,5,0,0,0,0.14436327892176673,0.0018710802426584179,0.07281351406812733,0.24101772451293785,0.16820421044481051
W02000196,Swansea 029,2025,10,0,0,0,0.14514337495080004,0.0023225240854011604,0.0692385605015971,0.242926031239191,0.17368747073759389
W02000197,Swansea 030,2021,7,0,0,0,0.10797737202229374,8.430617880592129e-4,0.0591931778961618,0.17642627062368377,0.11723309272752197
W02000197,Swansea 030,2023,5,0,0,0,0.1329490852973196,0.0011929801508588143,0.07235246405089008,0.2032231182775794,0.13087065422668934
W02000197,Swansea 030,2025,8,0,0,0,0.134031870813965,0.0016266387821639054,0.07029728490731159,0.21708706759251464,0.14678978268520304
W02000198,Swansea 031,2021,11,0.17904818711813564,0.01186535148014989,0.42699067485863373,0.15342146703342555,0.0018797364169251154,0.08830191880453263,0.2616221479110201,0.17332022910648748
W02000198,Swansea 031,2023,5,0.47088110995614874,0.06580273754059142,1.005541658114919,0.18666518521332537,0.002451022762636,0.11112233996043006,0.3053272968342805,0.19420495687385045
W02000198,Swansea 031,2025,10,0.2579443622255798,0.0337731711557654,0.7203839149762502,0.18792659112946636,0.0033349114724671924,0.10497993684479417,0.31414762262287416,0.20916768577807998
W02000200,Neath Port Talbot 002,2021,8,0.1350110123263027,0.01593009202442366,0.49475162464287625,0.13265287810046741,9.761723749272201e-4,0.08280047487013292,0.205274844272233,0.12247436940210008
W02000200,Neath Port Talbot 002,2023,7,0.0338356149082533,0.00137014441317602,0.14509794404635507,0.16173500393889512,0.0014007403707087277,0.0955534161682356,0.2607332815026099,0.1651798653343743
W02000200,Neath Port Talbot 002,2025,11,0.15122342062928207,0.01878555743192171,0.5372669552411043,0.1640648132916173,0.0024207626249433444,0.0934851099906865,0.2803743426629308,0.18688923267224433
W02000201,Neath Port Talbot 003,2021,12,0,0,0,0.12391202012849037,7.830780349630029e-4,0.07509417836963206,0.17869694065253605,0.10360276228290399
W02000201,Neath Port Talbot 003,2023,5,0.2632683166386646,0.04930119722220372,0.8703758244345142,0.151222584216097,0.0011123438132210287,0.09144336776996062,0.21866436648879722,0.1272209987188366
W02000201,Neath Port Talbot 003,2025,16,0,0,0,0.15284323895357865,0.0017670334324593983,0.08165109451374991,0.2421695815196543,0.16051848700590438
W02000202,Neath Port Talbot 004,2021,9,0.2437751959290285,0.02544080132501822,0.6252352858101277,0.13097683535943472,7.697067971837062e-4,0.08554119655610892,0.19075813553970683,0.10521693898359791
W02000202,Neath Port Talbot 004,2023,4,0,0,0,0.1601002409597321,0.0011130473111998019,0.10280683250342733,0.22914572162553398,0.12633888912210667
W02000202,Neath Port Talbot 004,2025,9,0.5023359976108932,0.04245466863922829,0.807682762782046,0.1606477747377068,0.001980727950264225,0.09092761525520832,0.25962424642706294,0.16869663117185463
W02000204,Neath Port Talbot 006,2021,6,0.1782666596818152,0.02778396467983425,0.6533940807604649,0.13076569876766164,9.685725464568731e-4,0.07786342658788847,0.19695191414755742,0.11908848755966894
W02000204,Neath Port Talbot 006,2023,7,0.1850280117589225,0.029056219691545,0.6681864153965174,0.15792734526355534,0.0012388664016678272,0.097731263758966,0.23040472317317773,0.13267345941421171
W02000204,Neath Port Talbot 006,2025,4,0,0,0,0.15902086009405292,0.0019679458889288867,0.07977830705914386,0.25948731211848874,0.1797090050593449
W02000205,Neath Port Talbot 007,2021,6,0.35840498484678074,0.04385432942156078,0.8208887880391119,0.1231394060533277,0.001018453319058187,0.06937847761463803,0.18314737448307788,0.11376889686843986
W02000205,Neath Port Talbot 007,2023,5,0,0,0,0.1499210972594434,0.0013452708003496312,0.08899603511970744,0.22319197363314447,0.13419593851343703
W02000205,Neath Port Talbot 007,2025,12,0.21896696023517323,0.02251379567339341,0.5881694278925497,0.15086382560614175,0.0021656059484079886,0.07369164941161088,0.24612358426895287,0.17243193485734198
W02000206,Neath Port Talbot 008,2021,14,0.07142232075243102,0.0027191382455396,0.20440604294408557,0.18382391777205856,0.002018475205405502,0.11629245679889118,0.2919132317156073,0.17562077491671613
W02000206,Neath Port Talbot 008,2023,4,0.9521251167783326,0.00280801819620681,0.20771987163955452,0.2207684468555908,0.002641449228089939,0.13770794382175217,0.3290314374221248,0.19132349360037265
W02000206,Neath Port Talbot 008,2025,18,0.08980904995079791,0.00412179320150282,0.2516640526653744,0.22433936508101449,0.004015204438990844,0.11895251622967187,0.36242770536761637,0.2434751891379445
W02000207,Neath Port Talbot 009,2021,10,0.25905486006221407,0.02018704851764841,0.5569478093749923,0.1766241436309746,0.0017674532893099497,0.10158790873871248,0.27539690048774534,0.17380899174903286
W02000207,Neath Port Talbot 009,2023,4,0,0,0,0.21162870208197934,0.0022069194133619396,0.12745532869219325,0.3169787578176665,0.18952342912547324
W02000207,Neath Port Talbot 009,2025,15,0.1069953436546872,0.00560321629928274,0.2934247752125697,0.21293254266424905,0.0036193377311025438,0.10991728543551625,0.34348682409721576,0.2335695386616995
W02000208,Neath Port Talbot 010,2021,8,0.06567448442388035,0.00435618132141005,0.2587206305007285,0.12570480547431337,0.0010493553414569698,0.06661805777288993,0.2004526320632133,0.13383457429032336
W02000208,Neath Port Talbot 010,2023,6,0,0,0,0.15471865349903366,0.0014443290597988942,0.08632149857129773,0.2393853418599349,0.15306384328863717
W02000208,Neath Port Talbot 010,2025,9,0.26027978042766364,0.03545495700960153,0.7381023163271193,0.15753259078390916,0.0022484457027715566,0.08245893672149283,0.2609470341219211,0.17848809740042826
W02000210,Neath Port Talbot 012,2021,6,0.16203712282595134,0.02539782339713333,0.6247069479855316,0.19015127303055504,0.0022731030069879756,0.1070765780293911,0.293026362491319,0.18594978446192792
W02000210,Neath Port Talbot 012,2023,6,0.15341508785553387,0.01418756005607991,0.46690867510276907,0.22803633348729546,0.0028646938934324038,0.13255547367474801,0.33578088149870167,0.20322540782395365
W02000210,Neath Port Talbot 012,2025,8,0.282859436264422,0.03308632355891663,0.7130210360984872,0.22958456847010472,0.004732525265661269,0.11682187104844322,0.36552056785206827,0.24869869680362505
W02000211,Neath Port Talbot 013,2021,12,0.23553312616071945,0.01659358717647248,0.5049498265214757,0.19226789732915348,0.001957528107632145,0.11592264345770631,0.28653704194389973,0.17061439848619342
W02000211,Neath Port Talbot 013,2023,2,0,0,0,0.23105475051788535,0.002491089616509867,0.1444307303867835,0.3368181730662432,0.19238744267945967
W02000211,Neath Port Talbot 013,2025,10,0.11457597231886088,0.00745009134234743,0.3383443163526614,0.23202683204314764,0.00402608654678009,0.12245794895042617,0.37342363458961814,0.25096568563919197
W02000212,Neath Port Talbot 014,2021,10,0.2677788171470654,0.02614717165176611,0.6338557664891289,0.1839774455781177,0.001304123056012522,0.11797502597009793,0.2595072282183484,0.14153220224825044
W02000212,Neath Port Talbot 014,2023,6,0.7652619908734066,0.03156076432224193,0.6963889042583165,0.22173214195913477,0.001696350850902475,0.14897933750963693,0.3108360963717981,0.16185675886216117
W02000212,Neath Port Talbot 014,2025,11,0.07787970940284689,0.00353760576034458,0.23314859512520358,0.2227744645203774,0.002993221754397575,0.12237124975907993,0.34112863520560066,0.21875738544652074
W02000213,Neath Port Talbot 015,2021,8,0.05389160108305756,0.00299139629101427,0.21439520207605817,0.16662689089025176,0.0016943977541071227,0.09222437358950443,0.257052334556388,0.16482796096688357
W02000213,Neath Port Talbot 015,2023,7,0,0,0,0.20169367838547647,0.0021430665719057076,0.12049586344362645,0.2992603709347158,0.17876450749108935
W02000213,Neath Port Talbot 015,2025,11,0.05826025533035244,0.00354543578986813,0.2334064745305371,0.20331652870185352,0.0036506070725419557,0.10675069183012634,0.3397393028700846,0.23298861103995824
W02000214,Neath Port Talbot 016,2021,6,0.06823242992753273,0.00496713397966649,0.2762682800450268,0.18207263050589814,0.0028222680556843727,0.10485847254714195,0.29664285851177274,0.1917843859646308
W02000214,Neath Port Talbot 016,2023,5,0.13965012833234064,0.01823768869350546,0.529374461419287,0.2190500238701616,0.003539420988972556,0.1259597852383037,0.34813813930983634,0.22217835407153264
W02000214,Neath Port Talbot 016,2025,16,0.0697043651606858,0.002636683280789,0.20128298732246225,0.2202175318095384,0.0049047258205782264,0.11749844184775754,0.38867661807617593,0.2711781762284184
W02000215,Neath Port Talbot 017,2021,6,0.29535108093288087,0.03444030204686686,0.727464094193814,0.1878166571846417,0.002279755650889507,0.10811790894359977,0.30275171296370684,0.19463380402010708
W02000215,Neath Port Talbot 017,2023,4,0,0,0,0.22525592493769683,0.003122031473021077,0.12866861129799537,0.3628946634250736,0.23422605212707823
W02000215,Neath Port Talbot 017,2025,18,0,0,0,0.22720979712348202,0.004240403981331488,0.1194055930027503,0.3625382517759058,0.2431326587731555
W02000216,Neath Port Talbot 018,2021,10,0.1939132220476324,0.0146557278124347,0.4745497861289981,0.19962502030297258,0.002307499850769894,0.12000464774479494,0.3170903456696056,0.19708569792481065
W02000216,Neath Port Talbot 018,2023,2,0.582131891392225,0.11858886891004962,1.3498951907620818,0.23808252969087929,0.0028548767887625866,0.14415782626324508,0.35018077477632736,0.20602294851308228
W02000216,Neath Port Talbot 018,2025,13,0.09887157885488725,0.00887472537360822,0.36927979672700884,0.23908218737775377,0.004227983472707731,0.12799935439331725,0.38581853833391877,0.25781918394060155
W02000217,Neath Port Talbot 019,2021,6,0.09387957998462136,0.00896470657534745,0.37114714682348326,0.1806725302505968,0.0014897098999054486,0.11621874500603341,0.2582591758301212,0.1420404308240878
W02000217,Neath Port Talbot 019,2023,5,0,0,0,0.2170271300495965,0.0021049674557826682,0.13510816510829063,0.31236187560376627,0.17725371049547564
W02000217,Neath Port Talbot 019,2025,16,0,0,0,0.21918159676410665,0.00351966793554842,0.11281642794401817,0.3729031103891644,0.2600866824451462
W02000218,Bridgend 001,2021,10,0.15800958585742095,0.01255934277332099,0.4393003440867986,0.1766355357511133,0.0012644555897199082,0.111139523512995,0.24696227063598833,0.13582274712299333
W02000218,Bridgend 001,2023,5,0.10001880722181827,0.01052162524184737,0.4020865085691511,0.21325347004874107,0.0018113937778385769,0.13726540932393475,0.3049046062249935,0.16763919690105875
W02000218,Bridgend 001,2025,11,0.15229566803392136,0.0109034672504786,0.40931758059238316,0.21416598182083163,0.003115723160112961,0.12083595623101696,0.33986339546801725,0.2190274392370003
W02000219,Bridgend 002,2021,7,0.3443152298894676,0.0426693919353435,0.809722698270661,0.1851003056301966,0.0018287770039913857,0.11996376017465722,0.2738913067017134,0.1539275465270562
W02000219,Bridgend 002,2023,4,0.07512376829491951,0.00657604399375621,0.3178779778788547,0.22166674565375813,0.0024470214092785557,0.14520658948018164,0.33850878094234466,0.19330219146216301
W02000219,Bridgend 002,2025,12,0.1682122113814376,0.0139961429419419,0.46374823669753623,0.22386508830392998,0.004254378685517018,0.11743755143624879,0.34663213072305443,0.22919457928680564
W02000220,Bridgend 003,2021,5,0.3163729247039421,0.04674368472405334,0.84749971090251075,0.16881655699794632,0.0013531832538865567,0.10510103322424856,0.24532555561046748,0.1402245223862189
W02000220,Bridgend 003,2023,2,0,0,0,0.20337836399730877,0.0019279400989949376,0.13033959470322254,0.29145872567857434,0.1611191309753518
W02000220,Bridgend 003,2025,15,0.35532433610683933,0.03163293726336011,0.6971846982681089,0.20471619168529645,0.0033046952986850696,0.11038479696429299,0.33858329197862513,0.22819849501433215
W02000221,Bridgend 004,2021,6,0.1706260169161869,0.02459766896340362,0.6147875483709179,0.17154996844008102,0.001161756574025336,0.09935473244342455,0.24034878926477757,0.14099405682135302
W02000221,Bridgend 004,2023,2,0,0,0,0.20707379428444533,0.0016587910118578313,0.12939727328364053,0.29140890810261344,0.1620116348189729
W02000221,Bridgend 004,2025,12,0.22464690922113356,0.0140983287141928,0.46543806976301877,0.20822993673180734,0.002904610831017013,0.11271753348538274,0.32399986638282907,0.21128233289744633
W02000222,Bridgend 005,2021,8,0.19854904870901657,0.01952349031918925,0.5477177524871213,0.17983613748608193,0.0014479034629247191,0.11485672109793316,0.26050496663927336,0.1456482455413402
W02000222,Bridgend 005,2023,4,0,0,0,0.21523094634926748,0.0018400465457632036,0.13339148744858548,0.3038849237450132,0.17049343629642771
W02000222,Bridgend 005,2025,15,0.15158375295854637,0.00961452561119984,0.3843633916799735,0.2155171087392534,0.003045773024533352,0.12418162943371963,0.34210308617267804,0.2179214567389584
W02000223,Bridgend 006,2021,12,0.08401065019598318,0.00655594113393967,0.3173917320720499,0.18642718543434963,0.0013944317176760642,0.12081709957918674,0.26539758980752665,0.1445804902283399
W02000223,Bridgend 006,2023,4,0.15463081215945146,0.02317247323842648,0.5967113262509836,0.22331923801113734,0.001883207866917009,0.14605311139713573,0.3152473594501669,0.16919424805303118
W02000223,Bridgend 006,2025,17,0.09757512051333785,0.00841453973360498,0.3595781299341662,0.2228089835191849,0.0031134784592255324,0.12216607808031714,0.3440971454624504,0.22193106738213325
W02000224,Bridgend 007,2021,8,0.7152273905640969,0.02567485584309066,0.6281047729431473,0.218080464199659,0.0022841811829787113,0.1472560323045654,0.3340764934773396,0.18682046117277418
W02000224,Bridgend 007,2023,3,0.476449030286195,0.0982846295077342,1.2289122946103834,0.2597220637115902,0.0029994992777308428,0.17173095693652018,0.3963875063619256,0.22465654942540542
W02000224,Bridgend 007,2025,13,0,0,0,0.26010677101961466,0.004278404373894227,0.15409280250012858,0.42237054714206734,0.26827774464193876
W02000225,Bridgend 008,2021,15,0.17185562126867276,0.01169144608310289,0.4238500144277707,0.18379009425668827,0.0015247471018958515,0.11653756180276259,0.2626062888524289,0.14606872704966634
W02000225,Bridgend 008,2023,5,0,0,0,0.21985670155333953,0.002028856899646962,0.14163630325322607,0.31037334672229006,0.16873704346906399
W02000225,Bridgend 008,2025,10,0.28250679011949603,0.046100102267075,0.8416451615467326,0.2216107147175388,0.0032526999267475393,0.12910548249239487,0.3436165747594281,0.21451109226703322
W02000226,Bridgend 009,2021,13,0.1877215164823944,0.0112726673227187,0.41618979958479596,0.2024416355666548,0.0018109800916027688,0.13385269080412848,0.3030406095304239,0.1691879187262954
W02000226,Bridgend 009,2023,6,0.33242400929295135,0.03714580498362501,0.7554973996146646,0.24137995018042663,0.0023896392443213915,0.16135953341097897,0.3465544380247847,0.18519490461380572
W02000226,Bridgend 009,2025,12,0.03520363460281459,0.00130610230687431,0.14166634360314748,0.2415463975514131,0.0037679375452988155,0.13626989894482586,0.38266512206766695,0.2463952231228411
W02000227,Bridgend 010,2021,11,0.39761037884404415,0.03566960811240275,0.7403332512162134,0.22902010953780388,0.0028897116652861943,0.14358341913489475,0.3525778631807185,0.20899444404582374
W02000227,Bridgend 010,2023,3,0.3667259490850701,0.0849495858447122,1.1425066054206992,0.2709964302302352,0.003623961283380204,0.17245631309993367,0.40490551604915326,0.23244920294921959
W02000227,Bridgend 010,2025,19,0.08362598579906975,0.00386682045615299,0.2437558741801262,0.2717609364760056,0.005525636310847215,0.1600138372713918,0.44041760329218715,0.28040376602079536
W02000228,Bridgend 011,2021,6,0.4101397733803831,0.07212175581950968,1.0527160206946662,0.2049418276751121,0.0021950370956327855,0.12626375415633626,0.29740139173627234,0.17113763757993608
W02000228,Bridgend 011,2023,4,0.13500546782867492,0.01926314327430547,0.5440535695880523,0.2444750069255537,0.0028714705139846835,0.15506061012115585,0.35328215826120374,0.1982215481400479
W02000228,Bridgend 011,2025,12,0.13750561923203072,0.00914558896790724,0.3748727966188538,0.24381828152957247,0.004166580075846377,0.13240127368047114,0.3747310028270565,0.24232972914658538
W02000229,Bridgend 012,2021,10,0.372596028853177,0.05143712390680408,0.8890300182624411,0.20908706957100592,0.0024227758803318407,0.12607037853086578,0.31112452024099274,0.18505414171012696
W02000229,Bridgend 012,2023,4,0.14036913945894475,0.01997354636929015,0.5539947865489447,0.24934196999934435,0.0030580423226617146,0.15979853940778413,0.364367517011686,0.20456897760390189
W02000229,Bridgend 012,2025,15,0.02366703171999162,5.939299805793825e-4,0.0955313050841735,0.2507187413899763,0.004618865549326209,0.14197931859714502,0.3934138401595906,0.25143452156244556
W02000230,Bridgend 013,2021,6,0.2016441058332007,0.03198579527481923,0.701062380663435,0.20804882262955335,0.0019956213702868528,0.13931726184293702,0.30528646878480614,0.16596920694186912
W02000230,Bridgend 013,2023,2,1,6.162476901133555e-33,3.0772001071872643e-16,0.24735565252724637,0.0024926834770775583,0.15938058123341894,0.3405051864253578,0.18112460519193888
W02000230,Bridgend 013,2025,14,0.03432351547577085,0.00123157673493007,0.13756527631286591,0.2481487605373905,0.004104728049251685,0.1512386810997767,0.38556025390958704,0.23432157280981034
W02000231,Bridgend 014,2021,13,0.2472861559093759,0.02086188485061717,0.5661804361710441,0.21049111866871187,0.0020041218358605667,0.13536224806495947,0.31171428611006124,0.17635203804510177
W02000231,Bridgend 014,2023,4,0.1470825502256866,0.02254107778186926,0.5885256904268972,0.2512418461819566,0.0024683384763848127,0.16500831317865403,0.36066696310567575,0.19565864992702173
W02000231,Bridgend 014,2025,8,0.07183417284544649,0.0052387770914089,0.2837220221797598,0.25177578091421043,0.00400078013862653,0.14351448248593549,0.3845123746810596,0.2409978921951241
W02000232,Bridgend 015,2021,7,0.2089893262583731,0.03245549152384563,0.7061910058737371,0.1981955898458757,0.0018083526387493761,0.13160366517368066,0.2848066929716563,0.15320302779797562
W02000232,Bridgend 015,2023,10,0.5720643907672591,0.03045709201199172,0.6841042749819888,0.23708364067880056,0.0023565247794484867,0.15490740822645455,0.33701513214602313,0.1821077239195686
W02000232,Bridgend 015,2025,9,0.07382530913478066,0.00564646116036695,0.2945549051039442,0.2371991324196878,0.0037015270868728414,0.13865732761401955,0.37122320203533693,0.23256587442131738
W02000233,Bridgend 016,2021,11,0.1889879167546872,0.01679458206755793,0.5079988008776861,0.18319939562123622,0.002277519273125215,0.09684017696910478,0.27525040766516173,0.17841023069605694
W02000233,Bridgend 016,2023,4,0,0,0,0.2199449504219669,0.002991076886968314,0.12135146193535315,0.3278323000898934,0.20648083815454024
W02000233,Bridgend 016,2025,14,0.06802796645371637,0.00256054360588346,0.19835546698382633,0.22153105893281033,0.0044622307643901885,0.11759652225929851,0.3545889677246178,0.23699244546531928
W02000234,Bridgend 017,2021,7,0.23793242127900188,0.02837439863724711,0.6603001860576574,0.21176912940810402,0.0025375357173282667,0.12493743745191431,0.3321678461623775,0.20723040871046317
W02000234,Bridgend 017,2023,5,0.3319684097213635,0.06177737630349128,0.9743002558151911,0.25208562389878686,0.003138391510844628,0.1623267990859545,0.3839781658799369,0.2216513667939824
W02000234,Bridgend 017,2025,15,0.24809512359347852,0.01759214410250996,0.5199211368563851,0.2531039803322515,0.004198839480499376,0.14202044474557554,0.3956764335519155,0.25365598880634
W02000235,Bridgend 018,2021,7,0.5408530781595624,0.05900934608218884,0.9522226063496215,0.2148465795433261,0.0029423483717308345,0.12629350464122163,0.3517112229130027,0.2254177182717811
W02000235,Bridgend 018,2023,6,0.14075988961524832,0.01855516492437538,0.5339621783166895,0.25443850102673693,0.003705759033762136,0.15915180411520322,0.40072075926050155,0.24156895514529833
W02000235,Bridgend 018,2025,13,0,0,0,0.2547093678903265,0.005103984685755254,0.14282377288199805,0.43132659482834423,0.2885028219463462
W02000236,Bridgend 019,2021,12,0.7427696585151857,0.02582544992658348,0.6299441321859218,0.22543025701376415,0.0031127152873068682,0.1368943788332242,0.34827400402010045,0.21137962518687625
W02000236,Bridgend 019,2023,3,0,0,0,0.2654097694237987,0.0038912941728492393,0.1661343920310011,0.4070330799011739,0.24089868787017277
W02000236,Bridgend 019,2025,16,0.13370182663871005,0.00806865787511177,0.3521103063842989,0.26582987453158935,0.005453585772727143,0.1455680554313885,0.42726976965138536,0.28170171421999685
W02000237,Vale of Glamorgan 001,2021,6,0,0,0,0.1611320616074481,0.001229222680443337,0.10035430274856019,0.23798203759434508,0.1376277348457849
W02000237,Vale of Glamorgan 001,2023,6,0,0,0,0.19492762791565224,0.0016219057126365527,0.12538968016491753,0.2810463542786654,0.1556566741137479
W02000237,Vale of Glamorgan 001,2025,20,0.1627169233043331,0.00557483099244682,0.29268060195246154,0.1965133472851902,0.0028734225620290674,0.11166249702835732,0.3208124196507913,0.209149922622434
W02000238,Vale of Glamorgan 002,2021,10,0.0697226178451028,0.00512124616335283,0.28052134497864983,0.14164425927106009,0.001115599801401427,0.07495618851144575,0.21167120145729093,0.13671501294584518
W02000238,Vale of Glamorgan 002,2023,5,0.14118483278569652,0.02022357229056553,0.5574514155028695,0.1713414977628644,0.0015142583279387995,0.09675544528725116,0.2517300246582811,0.15497457937102993
W02000238,Vale of Glamorgan 002,2025,12,0.09491294921351873,0.00529947441630956,0.2853609135223337,0.17232788050838302,0.002392106149907763,0.086240490833771,0.28267170716535883,0.19643121633158783
W02000239,Vale of Glamorgan 003,2021,13,0.0878882555274812,0.00447735435358631,0.2622942803414315,0.14945828647789125,0.001152808982024841,0.09515582507940323,0.2289176914607931,0.13376186638138987
W02000239,Vale of Glamorgan 003,2023,6,0.09814815869375534,0.00992993493438209,0.39061713297089673,0.18207987540226422,0.0015680416940336902,0.11375613717511632,0.2726617244067078,0.15890558723159146
W02000239,Vale of Glamorgan 003,2025,15,0.2267787281000853,0.01445762414180057,0.47133159361876054,0.1828008526187892,0.0024253384291221783,0.10166706061849717,0.2791108775657469,0.1774438169472497
W02000240,Vale of Glamorgan 004,2021,11,0.3842605519584914,0.02654797717361021,0.6386954237667628,0.18082346888201967,0.0017601230496787524,0.11609425401214478,0.27599870268238685,0.15990444867024206
W02000240,Vale of Glamorgan 004,2023,4,0.3821218455135906,0.07541976152873689,1.0765164340207978,0.2173912956648864,0.002257378474298785,0.14302806773005486,0.32272598096656113,0.17969791323650627
W02000240,Vale of Glamorgan 004,2025,9,0.23257132757896865,0.02165848856048714,0.5768888694491725,0.2195806522715451,0.0038204187617116737,0.12803559083009522,0.35580920184594467,0.22777361101584945
W02000241,Vale of Glamorgan 005,2021,10,0.3254299456153663,0.02399623667622223,0.607225016096464,0.17683251618991358,0.0022016907740716085,0.10920532665780067,0.2935456514851868,0.18434032482738613
W02000241,Vale of Glamorgan 005,2023,4,0.19491158055598495,0.03509183804939568,0.7343128782997632,0.21228712377299266,0.0027485202510576854,0.135133455085258,0.33454681407123726,0.19941335898597926
W02000241,Vale of Glamorgan 005,2025,14,0.08571980997754938,0.00684297326408523,0.3242653234935507,0.2137559577992568,0.004055792830543158,0.11933199926421048,0.3647873885099109,0.2454553892457004
W02000242,Vale of Glamorgan 006,2021,7,0.23229378979409,0.02616522429055024,0.6340745433980909,0.1508900696023504,0.0013067587685576887,0.09294555795896364,0.23365135436852807,0.14070579640956443
W02000242,Vale of Glamorgan 006,2023,4,0,0,0,0.1836394413685823,0.0017774659422902916,0.11124151729553235,0.28431447730214954,0.1730729600066172
W02000242,Vale of Glamorgan 006,2025,11,0.3303578552998071,0.03512637468853634,0.7346741369785239,0.18450891943374137,0.0029118845895597196,0.10389572424399476,0.3145064951511957,0.21061077090720096
W02000243,Vale of Glamorgan 007,2021,17,0.09583720050472132,0.00445311557213456,0.26158333352220026,0.14201321972223216,0.0014392492774146952,0.08446450044162132,0.23022929317324287,0.14576479273162155
W02000243,Vale of Glamorgan 007,2023,5,0,0,0,0.1718092307114947,0.001960652135686292,0.1034621985293911,0.27325646111761415,0.16979426258822305
W02000243,Vale of Glamorgan 007,2025,11,0.08317159924169112,0.00387401401355907,0.24398250186338472,0.17282328999534866,0.0025630185703025264,0.08932152941932883,0.2759218470725353,0.18660031765320648
W02000244,Vale of Glamorgan 008,2021,11,0.0930599756826962,0.00814188401424482,0.35370446513206044,0.14331334939018658,0.0012895259955399278,0.08293272127804255,0.2235119725812633,0.14057925130322074
W02000244,Vale of Glamorgan 008,2023,4,0,0,0,0.17470115048734608,0.001751358932264562,0.10319470603650874,0.2749879067014422,0.17179320066493345
W02000244,Vale of Glamorgan 008,2025,18,0.1570993129235458,0.0089089090669488,0.36999030970009106,0.17590764262416542,0.002434292096180887,0.09399186380842589,0.2804585447655553,0.18646668095712943
W02000245,Vale of Glamorgan 009,2021,6,0,0,0,0.1420005446488875,0.0013407044648563755,0.08313708673157688,0.2297045975186751,0.14656751078709823
W02000245,Vale of Glamorgan 009,2023,5,0,0,0,0.17306985695856617,0.0017675162695411453,0.10386898690181096,0.26344006394859054,0.15957107704677959
W02000245,Vale of Glamorgan 009,2025,16,0.12334052629428711,0.00786840781573228,0.3477134717468585,0.1730640219271063,0.002547763648846024,0.08765013560914903,0.27516682256272357,0.18751668695357454
W02000246,Vale of Glamorgan 010,2021,7,0.40298903120194407,0.04840920788628492,0.8624661816850206,0.14555516958327674,0.0016561236667163837,0.07822945136986463,0.24455765495679138,0.16632820358692674
W02000246,Vale of Glamorgan 010,2023,3,0,0,0,0.17546660658536928,0.0022640615642890503,0.0960440072641423,0.2815211671777882,0.18547715991364588
W02000246,Vale of Glamorgan 010,2025,13,0.38345641557840093,0.0228186109348791,0.5921376672760439,0.17542959224103746,0.0028701480333907536,0.09149585741940214,0.28569435498755247,0.19419849756815033
W02000247,Vale of Glamorgan 011,2021,6,0.5089711206498703,0.04487040727336258,0.8303440776169755,0.17537314268015686,0.0019236084933292948,0.1041539049582143,0.274216433982968,0.17006252902475372
W02000247,Vale of Glamorgan 011,2023,8,0,0,0,0.20931416962797428,0.002256908550879287,0.13123131288862663,0.31208211651164175,0.18085080362301512
W02000247,Vale of Glamorgan 011,2025,19,0.1916693699386835,0.0067366554064259504,0.32173644078961106,0.21169930359571779,0.0035056865248516323,0.10670560833138436,0.3379961663081512,0.23129055797676684
W02000248,Vale of Glamorgan 012,2021,8,0.09452546823005964,0.00857139382610514,0.3629140747831902,0.1556635892884005,0.001660186171674875,0.08686513953708876,0.23706227331567575,0.150197133778587
W02000248,Vale of Glamorgan 012,2023,7,0.17496181338717995,0.02076146570673613,0.5648161313903138,0.18857382474582562,0.0020578961079202743,0.10650407587685692,0.2793625267323697,0.1728584508555128
W02000248,Vale of Glamorgan 012,2025,20,0.22411832339759163,0.01266490482991558,0.44114265435176775,0.1896927516524813,0.002936297394765418,0.0995062347478321,0.3013567172134539,0.20185048246562182
W02000249,Vale of Glamorgan 013,2021,1,0,0,0,0.13984171481168078,0.0014002411495730714,0.07905848631542226,0.22361738996157826,0.144558903646156
W02000249,Vale of Glamorgan 013,2023,3,0,0,0,0.16938257811452317,0.0018580376664260024,0.09689317690345386,0.26486772805724285,0.16797455115378898
W02000249,Vale of Glamorgan 013,2025,13,0.30956485591124094,0.01817167953600328,0.528415588870755,0.17079842336060028,0.00261868079817976,0.08383866321053829,0.28635903712816746,0.20252037391762917
W02000250,Vale of Glamorgan 014,2021,4,0.25625338871703796,0.05443056319780204,0.9145332516897252,0.18301484060944342,0.0016962946416858148,0.11933261137175341,0.2758394182432883,0.15650680687153487
W02000250,Vale of Glamorgan 014,2023,8,0.41237789295661,0.03423242187615998,0.7252653003415983,0.21931978877538294,0.0021007527937904453,0.14264066369926778,0.32342329786886104,0.18078263416959325
W02000250,Vale of Glamorgan 014,2025,13,0.15434933297738462,0.01205902844864081,0.43046143243283763,0.2191150894539931,0.003221804648326147,0.12781875478760463,0.3437324330230028,0.2159136782353982
W02000251,Vale of Glamorgan 015,2021,12,0,0,0,0.12834501730760625,0.0010104198358190822,0.06467549615586282,0.19691278139003815,0.13223728523417533
W02000251,Vale of Glamorgan 015,2023,5,0,0,0,0.1565951956817163,0.0013862695056336136,0.07962769563276931,0.23208266574850422,0.15245497011573492
W02000251,Vale of Glamorgan 015,2025,18,0.2951833288197265,0.01407341563645197,0.46502665142524047,0.1573181050517867,0.0020140183301793455,0.07959684866641056,0.2515671840500733,0.17197033538366271
W02000252,Rhondda Cynon Taf 001,2021,12,0,0,0,0.12076141824905143,7.207299920462877e-4,0.07187919312635549,0.17464154288873218,0.10276234976237669
W02000252,Rhondda Cynon Taf 001,2023,7,0,0,0,0.1474724002531197,0.0010385307333267773,0.08809814055224954,0.21190133340470502,0.12380319285245547
W02000252,Rhondda Cynon Taf 001,2025,5,0,0,0,0.14964701606260974,0.0015925038746922486,0.0817823198353601,0.24276225988170996,0.16097994004634986
W02000253,Rhondda Cynon Taf 002,2021,8,0,0,0,0.1200201982682304,8.258321727815516e-4,0.07249329225202544,0.18163387017608656,0.10914057792406112
W02000253,Rhondda Cynon Taf 002,2023,3,0,0,0,0.14689186002562285,0.0012862142590160943,0.0912750819545693,0.23029261767874634,0.13901753572417702
W02000253,Rhondda Cynon Taf 002,2025,7,0,0,0,0.14756410638468934,0.0017851572778697035,0.08630377725121498,0.24322100235910804,0.15691722510789308
W02000254,Rhondda Cynon Taf 003,2021,6,0.45613524911080167,0.07806328820345773,1.095220355986064,0.1282249993925525,7.445826984047531e-4,0.08302621125166831,0.18662904007241193,0.10360282882074362
W02000254,Rhondda Cynon Taf 003,2023,5,0,0,0,0.1566875006831325,0.001069249409521259,0.10276123927785404,0.22284018102799735,0.12007894175014332
W02000254,Rhondda Cynon Taf 003,2025,6,0,0,0,0.15683806759922184,0.0017259807732119387,0.09292757504223674,0.24570944362948538,0.15278186858724863
W02000255,Rhondda Cynon Taf 004,2021,9,0.21476578694195855,0.03247331881536928,0.7063849290592566,0.12379037920115378,7.589598989236547e-4,0.07234321775407704,0.18220036596093697,0.10985714820685993
W02000255,Rhondda Cynon Taf 004,2023,7,0,0,0,0.15199445872303907,0.001196427228616383,0.09594703171880456,0.22660948209183293,0.13066245037302837
W02000255,Rhondda Cynon Taf 004,2025,6,0.1304459405317504,0.0163323027759761,0.5009585554155972,0.15283612327990828,0.0017993358306232319,0.08410937837435606,0.25777577271255736,0.1736663943382013
W02000256,Rhondda Cynon Taf 005,2021,5,0.11179896075730704,0.01287202005263511,0.44473513452996616,0.13245297931139727,8.567245839891152e-4,0.07931407509690638,0.19938777800556906,0.12007370290866268
W02000256,Rhondda Cynon Taf 005,2023,2,0,0,0,0.1613394677917603,0.001200929213159184,0.09756517917128028,0.2328368252619052,0.13527164609062492
W02000256,Rhondda Cynon Taf 005,2025,8,0.2727221010340992,0.0325324572589449,0.7070278492286663,0.1625934404712564,0.002100488315769772,0.08969533467891279,0.26108721458087064,0.17139187990195787
W02000257,Rhondda Cynon Taf 006,2021,4,0,0,0,0.12750830699778323,8.536516497868398e-4,0.07268171043527208,0.18304685991911365,0.11036514948384157
W02000257,Rhondda Cynon Taf 006,2023,4,0,0,0,0.15622733518681275,0.0011737841912324149,0.09771321162902646,0.23241981572411383,0.13470660409508736
W02000257,Rhondda Cynon Taf 006,2025,7,0.08332934345818582,0.00707666406425715,0.3297557495524817,0.15757774556106519,0.002001527195131259,0.08150107720018696,0.2575260499904383,0.17602497279025137
W02000258,Rhondda Cynon Taf 007,2021,8,0,0,0,0.13599975780520807,9.654236778038238e-4,0.08628927099019648,0.1980375208505683,0.11174824986037182
W02000258,Rhondda Cynon Taf 007,2023,7,0.2496770476051043,0.03119143931930032,0.6923023319425459,0.16465174416353523,0.0013293557864835395,0.0989161969241083,0.24222315946727724,0.14330696254316894
W02000258,Rhondda Cynon Taf 007,2025,8,0,0,0,0.16536451181910167,0.0019045490533738068,0.09284268086426559,0.26882890037963003,0.17598621951536444
W02000259,Rhondda Cynon Taf 008,2021,8,0,0,0,0.13195854250840755,9.890355670863443e-4,0.0794097868981847,0.20278172047548162,0.12337193357729692
W02000259,Rhondda Cynon Taf 008,2023,7,0.06396191490916571,0.00459812913163889,0.2658083799388185,0.16161492682488532,0.001522348713812143,0.0972439873678419,0.25074994465301,0.15350595728516808
W02000259,Rhondda Cynon Taf 008,2025,5,0,0,0,0.16320729734212613,0.00223390569238416,0.0928284252384521,0.2661949824309658,0.1733665571925137
W02000260,Rhondda Cynon Taf 009,2021,9,0.2524366414500395,0.01998260887720358,0.5541204530851189,0.14558011056207162,0.0013625656588800053,0.08763384030288376,0.23534779261679656,0.1477139523139128
W02000260,Rhondda Cynon Taf 009,2023,2,0,0,0,0.1763427826824423,0.0018290377666699493,0.11221671896483576,0.2773122122649063,0.16509549330007056
W02000260,Rhondda Cynon Taf 009,2025,4,0.2583865506994965,0.05113041848495398,0.8863755346235778,0.17719280863216033,0.00254879951766651,0.10261581511004474,0.29710493391095305,0.1944891188009083
W02000261,Rhondda Cynon Taf 010,2021,12,0,0,0,0.12282641882349699,9.85323754968777e-4,0.07091665962643963,0.18977600511824344,0.11885934549180381
W02000261,Rhondda Cynon Taf 010,2023,4,0,0,0,0.1504600749442946,0.00144625197923531,0.08698293304894752,0.22646808128695967,0.13948514823801214
W02000261,Rhondda Cynon Taf 010,2025,14,0.06159992601556031,0.00367901562196499,0.23776279786769744,0.15068548502372042,0.002049557481403601,0.08239249365467388,0.2580782361552348,0.1756857425005609
W02000262,Rhondda Cynon Taf 011,2021,7,0,0,0,0.11755075157882122,0.0012082271232212772,0.05961124756845586,0.187443905419722,0.12783265785126613
W02000262,Rhondda Cynon Taf 011,2023,8,0,0,0,0.14416770472005183,0.001719325927559536,0.07521589740151383,0.24421803603156933,0.1690021386300555
W02000262,Rhondda Cynon Taf 011,2025,12,0.130551361953057,0.01481034237209046,0.477046414273357,0.14515866464568639,0.002204583659558624,0.07147641025233131,0.2518563099825746,0.18037989973024326
W02000263,Rhondda Cynon Taf 012,2021,10,0.14227615304313618,0.0098252087922224,0.38855184971915496,0.1396089568233334,9.003993951559552e-4,0.08438852907509702,0.20128334145106191,0.1168948123759649
W02000263,Rhondda Cynon Taf 012,2023,3,0,0,0,0.16912952269987053,0.0012022355949156307,0.10175195577405413,0.24726396769894776,0.14551201192489363
W02000263,Rhondda Cynon Taf 012,2025,8,0.07301305027132968,0.0052858860771012,0.28499483290799965,0.17012229011474345,0.002132424533567871,0.08655389700065945,0.2788413522829122,0.19228745528225272
W02000264,Rhondda Cynon Taf 013,2021,11,0.08858266354524647,0.00730549835997708,0.3350448991672633,0.15352105876701996,0.0012734227492591126,0.09609992527508354,0.23325561243237625,0.1371556871572927
W02000264,Rhondda Cynon Taf 013,2023,8,0.4463187324576003,0.04251886103566664,0.8082931492257727,0.18512184242990254,0.0016111425656806994,0.12092522346758092,0.27860981126736695,0.15768458779978603
W02000264,Rhondda Cynon Taf 013,2025,9,0,0,0,0.18629751615912155,0.002262313470124263,0.11374438542141072,0.290459688148592,0.1767153027271813
W02000265,Rhondda Cynon Taf 014,2021,8,0.05132387244528289,0.0028207968927463,0.20819197972089942,0.13731487075837426,0.0011903957282387704,0.07919138432815803,0.21794207249145214,0.1387506881632941
W02000265,Rhondda Cynon Taf 014,2023,2,0,0,0,0.16669626014869582,0.0017013860553935535,0.10066926598964344,0.2624762740031453,0.1618070080135019
W02000265,Rhondda Cynon Taf 014,2025,9,0.18504699755418308,0.0159764538766468,0.49547104725849594,0.16742160297197242,0.0023878631853340676,0.08986566743729393,0.2809400254361214,0.19107435799882747
W02000266,Rhondda Cynon Taf 015,2021,5,0,0,0,0.14743012914331832,0.0011820300660423597,0.0892959253610057,0.22792302304008072,0.13862709767907502
W02000266,Rhondda Cynon Taf 015,2023,3,0.46814725674600344,0.09813279954298192,1.2279627167040474,0.17923026365006806,0.0015962512144550264,0.11419153617852201,0.27220685663602395,0.15801532045750194
W02000266,Rhondda Cynon Taf 015,2025,9,0.19101749344806623,0.01805137985346083,0.5266635828070032,0.18051245001383528,0.002590040738127404,0.1036821440329756,0.3000620005085698,0.1963798564755942
W02000267,Rhondda Cynon Taf 016,2021,6,0,0,0,0.1409735891422747,0.0013448853492051692,0.07111285058991718,0.21258372578175797,0.1414708751918408
W02000267,Rhondda Cynon Taf 016,2023,3,0,0,0,0.1721677087249194,0.002012562789604045,0.09133871410526143,0.2513237000236342,0.15998498591837276
W02000267,Rhondda Cynon Taf 016,2025,4,0.3876848127336204,0.07569560365471198,1.0784832763602032,0.17340155816068267,0.002442333838955025,0.08969122104812137,0.2766922382541267,0.18700101720600532
W02000268,Rhondda Cynon Taf 017,2021,3,0,0,0,0.13857035781493424,0.001035823583490362,0.080447752988813,0.19986573658942608,0.11941798360061308
W02000268,Rhondda Cynon Taf 017,2023,5,0.15751108875263864,0.02232284622425626,0.5856698542051408,0.1689902198836617,0.0014093654380499436,0.10758398846831202,0.25778625964713203,0.15020227117882
W02000268,Rhondda Cynon Taf 017,2025,11,0.03728687811082731,0.00147635974183728,0.15061706613526263,0.17052818029021713,0.0021135018439150956,0.09148334953022241,0.26903058691289944,0.17754723738267703
W02000269,Rhondda Cynon Taf 018,2021,9,0.08489608206896909,0.00688138809569497,0.32517422406351326,0.13596528866434418,9.215677912119173e-4,0.08630781217512415,0.19660900671237536,0.11030119453725121
W02000269,Rhondda Cynon Taf 018,2023,7,0,0,0,0.16504359835281093,0.0012308668267527769,0.10232002507326515,0.23112416640328778,0.12880414133002263
W02000269,Rhondda Cynon Taf 018,2025,7,0,0,0,0.1658679212043487,0.0019512910606278135,0.09217750411651057,0.2577128323665488,0.16553532825003822
W02000270,Rhondda Cynon Taf 019,2021,5,0,0,0,0.13180763857477168,9.437905101665491e-4,0.07591198551572975,0.19936215248628159,0.12345016697055183
W02000270,Rhondda Cynon Taf 019,2023,3,0,0,0,0.1603439530307862,0.0012338179305015403,0.09775063919687627,0.2370700762739179,0.13931943707704164
W02000270,Rhondda Cynon Taf 019,2025,4,0,0,0,0.16130041227181952,0.00190815248356683,0.09234026794576672,0.26040673252489993,0.1680664645791332
W02000271,Rhondda Cynon Taf 020,2021,5,0,0,0,0.14540106347507303,0.0013241502465298216,0.07968426511563545,0.2214206165914018,0.14173635147576635
W02000271,Rhondda Cynon Taf 020,2023,4,0.12268950939478776,0.0171393386633907,0.5131863742904562,0.17596735674539107,0.0017041016583018318,0.0972853374361167,0.2576237497223434,0.16033841228622672
W02000271,Rhondda Cynon Taf 020,2025,7,0,0,0,0.17712883516132738,0.0024798749130769734,0.08995704305704512,0.28638893390778264,0.19643189085073753
W02000272,Rhondda Cynon Taf 021,2021,7,0.23744356703814623,0.03912458022743475,0.7753591782409855,0.14283737053374096,9.336071215262655e-4,0.09043247224887899,0.20892643343073067,0.11849396118185168
W02000272,Rhondda Cynon Taf 021,2023,2,0,0,0,0.17294748315129232,0.00122073869141324,0.11237393662511067,0.2417476182802939,0.12937368165518323
W02000272,Rhondda Cynon Taf 021,2025,8,0.1855565686140649,0.01727400927802911,0.5151985842753727,0.17383043712972662,0.0018600780357466201,0.10568506495725716,0.26597813614084176,0.1602930711835846
W02000273,Rhondda Cynon Taf 022,2021,4,0.4992046024265114,0.08652624919370804,1.1530603161790758,0.17014349500089876,0.0018511615523738281,0.10153742753312038,0.28146985215674036,0.17993242462361997
W02000273,Rhondda Cynon Taf 022,2023,3,0,0,0,0.20328419744242363,0.0025012268509336075,0.12434986638264073,0.3231102927477709,0.1987604263651302
W02000273,Rhondda Cynon Taf 022,2025,7,0.3226183991408277,0.04147132676107223,0.7982741233240851,0.20197510523521836,0.0031293434705625916,0.1143384943002189,0.33833897573042004,0.22400048143020113
W02000274,Rhondda Cynon Taf 023,2021,13,0.07445337174504847,0.00523924836027016,0.28373478339722136,0.14923713798243515,0.0011220928669765351,0.09003081598519574,0.2252532531445146,0.13522243715931886
W02000274,Rhondda Cynon Taf 023,2023,5,0.1881054911567012,0.03033909528162065,0.6827778121218091,0.18118785230010473,0.0015115827417011287,0.10639347546158674,0.2607288402437284,0.15433536478214166
W02000274,Rhondda Cynon Taf 023,2025,7,0.1887888568142841,0.02836594638437752,0.6602018326106149,0.18239221937803443,0.002574903439104315,0.09541996211884202,0.28986046786676867,0.19444050574792665
W02000275,Rhondda Cynon Taf 024,2021,6,0,0,0,0.14454403443110872,9.212608318703142e-4,0.0897111423258016,0.20962713997587026,0.11991599765006866
W02000275,Rhondda Cynon Taf 024,2023,1,1,0,0,0.17675020461420282,0.0013538271722089194,0.10975603742996677,0.2570503300678548,0.14729429263788807
W02000275,Rhondda Cynon Taf 024,2025,8,0.13233078446833696,0.01609793561785056,0.49735121101353774,0.17676569862927766,0.00213252900464332,0.09888325043978574,0.2798016586008915,0.18091840816110577
W02000276,Rhondda Cynon Taf 025,2021,3,0,0,0,0.14112617677052552,0.0010169568788722765,0.087310822389063,0.2066813135573131,0.11937049116825009
W02000276,Rhondda Cynon Taf 025,2023,2,0,0,0,0.1714379761149804,0.001534083453833231,0.10475243984335228,0.2700489673013153,0.165296527457963
W02000276,Rhondda Cynon Taf 025,2025,10,0.14269715022150847,0.01692906107665517,0.5100285913514518,0.17175867377683454,0.002085299153569598,0.08887437033997714,0.2800948834516753,0.1912205131116982
W02000277,Rhondda Cynon Taf 026,2021,5,0.20879429506292893,0.0361116556916902,0.7449065398738622,0.14714041397656089,0.0012164879610102387,0.0847261679587697,0.2244102881853784,0.1396841202266087
W02000277,Rhondda Cynon Taf 026,2023,4,0,0,0,0.17893845144423504,0.0016116652000289465,0.1141618049968354,0.2607661573549799,0.14660435235814448
W02000277,Rhondda Cynon Taf 026,2025,6,0.10088609002340776,0.01018566563734435,0.39561504070102027,0.1786903661483088,0.0026466986495129814,0.10289138012750798,0.30463902984278063,0.20174764971527265
W02000278,Rhondda Cynon Taf 027,2021,8,0.18255421188670268,0.01776429243785815,0.5224587940835147,0.15138644622027175,0.001298941752421818,0.09374747967611377,0.2350245948486767,0.14127711517256292
W02000278,Rhondda Cynon Taf 027,2023,5,0,0,0,0.18372582009906555,0.0018277461861406297,0.11575763059486516,0.27852139287716277,0.1627637622822976
W02000278,Rhondda Cynon Taf 027,2025,7,0.08316256222900299,0.00703547690226713,0.3287947372085133,0.18406612030944144,0.0027235301636281215,0.09886301470594969,0.29344028886527185,0.19457727415932216
W02000279,Rhondda Cynon Taf 028,2021,8,0.1231693676092707,0.01379060584948184,0.4603305094525367,0.14173709033643092,0.0011509030631118046,0.08389372424952304,0.2106059653188056,0.12671224106928256
W02000279,Rhondda Cynon Taf 028,2023,4,0,0,0,0.17217661046758748,0.0015155444082847178,0.10525854973542895,0.25353176226394003,0.14827321252851108
W02000279,Rhondda Cynon Taf 028,2025,11,0.25312851242312073,0.01675411550252992,0.507386419921234,0.172932750874466,0.0022092123400169915,0.09971845735970283,0.27530351548538157,0.17558505812567873
W02000280,Rhondda Cynon Taf 029,2021,7,0.24440039640518788,0.04037675502059418,0.7876690719454897,0.16829844063058275,0.001507711865588798,0.10745702082532721,0.255455927768246,0.14799890694291878
W02000280,Rhondda Cynon Taf 029,2023,4,0.31322778610688284,0.06393153441522402,0.9911414768838448,0.2038703483624488,0.001971762405767262,0.13146175294453777,0.30428379702262354,0.17282204407808577
W02000280,Rhondda Cynon Taf 029,2025,6,0.21060406256842443,0.03449264812068904,0.7280167233582469,0.2045058848120129,0.003004131338148945,0.10513910665708522,0.32004486323538595,0.21490575657830074
W02000281,Rhondda Cynon Taf 030,2021,11,0.06235284232741819,0.00384542022198588,0.24308042645201372,0.14303853891151147,9.239687598287987e-4,0.08616064577870533,0.19885999796510803,0.1126993521864027
W02000281,Rhondda Cynon Taf 030,2023,4,0,0,0,0.1741739731651916,0.0012876452850762211,0.10803425558526997,0.24615359357987177,0.1381193379946018
W02000281,Rhondda Cynon Taf 030,2025,10,0.12026842955867198,0.01262069315154442,0.4403719928890766,0.17465221679948703,0.0019356521548285078,0.09564427915757702,0.26762477172459836,0.17198049256702136
W02000282,Rhondda Cynon Taf 031,2021,8,0,0,0,0.1420922144202947,0.001142359676532582,0.08512599026583015,0.2165204017981213,0.13139441153229114
W02000282,Rhondda Cynon Taf 031,2023,5,0,0,0,0.17345690068279598,0.0014871286145957858,0.10657760813389147,0.25889992331730194,0.15232231518341047
W02000282,Rhondda Cynon Taf 031,2025,5,0.0898198462406467,0.00982488383950507,0.3885454243074387,0.1739476040888771,0.002255968081033398,0.09683560987503612,0.27123081401038684,0.17439520413535073
W02000284,Merthyr Tydfil 002,2021,8,0,0,0,0.13337999353557398,8.345556160089643e-4,0.08078255800296982,0.19271147231487495,0.11192891431190513
W02000284,Merthyr Tydfil 002,2023,7,0.13005856501978796,0.01566378197715605,0.49059870950329965,0.16266362164700146,0.001169483848962618,0.09562145988661451,0.23385751851313413,0.1382360586265196
W02000284,Merthyr Tydfil 002,2025,31,0.08036287104106436,0.00248401447213526,0.19536877237384537,0.16353208444451423,0.0019422707699574193,0.08858117003522564,0.26302557531905496,0.17444440528382932
W02000285,Merthyr Tydfil 003,2021,14,0.04783204821367207,0.0022579170183266,0.18626535100706296,0.1344909264823128,8.821035008547628e-4,0.08027104471244136,0.19422473797026227,0.11395369325782091
W02000285,Merthyr Tydfil 003,2023,6,0.541986534139711,0.05413486319098594,0.9120457175209641,0.16357626757087526,0.0011702296012130037,0.1021724877332488,0.23508341204859418,0.13291092431534537
W02000285,Merthyr Tydfil 003,2025,23,0.08607233660619168,0.00655397376923579,0.31734410564199067,0.16433886518223198,0.0018491640885931774,0.09423545795913818,0.25098202613390774,0.15674656817476956
W02000286,Merthyr Tydfil 004,2021,13,0,0,0,0.13855412091510771,0.0010511183533413692,0.0846910411918725,0.21007489208561236,0.12538385089373988
W02000286,Merthyr Tydfil 004,2023,10,0.1685173827141214,0.01008814072661191,0.39371653345343244,0.16898703929597622,0.0014062884646139449,0.10555485415954481,0.25029748461761225,0.14474263045806746
W02000286,Merthyr Tydfil 004,2025,18,0.31781479424180314,0.01510502554650004,0.4817689638090551,0.1702593911079631,0.002269815162310389,0.08839024650338552,0.2705825211905225,0.182192274687137
W02000287,Merthyr Tydfil 005,2021,15,0.28424014016189636,0.01580350178666467,0.49278190444146114,0.15571884342435155,0.0013133753974148936,0.09757520041648585,0.24186526068559305,0.1442900602691072
W02000287,Merthyr Tydfil 005,2023,7,0.08143689220832523,0.00719258543337596,0.3324456091250907,0.18816647906334788,0.0016820275702894001,0.12273129666435756,0.2937230729831858,0.17099177631882823
W02000287,Merthyr Tydfil 005,2025,19,0.3733724764228139,0.01681172985111207,0.5082580758932657,0.18901569744412489,0.0025278744211181536,0.11097926351479778,0.3023035408927114,0.1913242773779136
W02000288,Merthyr Tydfil 006,2021,15,0,0,0,0.1320340066460783,7.66867509516202e-4,0.08949135811703336,0.19460694092120928,0.10511558280417592
W02000288,Merthyr Tydfil 006,2023,8,0.4107890450004816,0.04425884425201754,0.8246660600404024,0.161238064481868,0.0010570751852105988,0.10829113116850864,0.2323865987588512,0.12409546759034257
W02000288,Merthyr Tydfil 006,2025,32,0.22002796937911617,0.00584310726496935,0.2996401571437208,0.16216315136392886,0.001895725145873895,0.09352735157523805,0.2645401916000471,0.17101284002480904
W02000289,Merthyr Tydfil 007,2021,10,0.502546487410291,0.02752522054250398,0.650344527906718,0.1503229427114298,9.379863915986069e-4,0.10019413755736284,0.21905844186682205,0.11886430430945921
W02000289,Merthyr Tydfil 007,2023,13,0.13349329772120822,0.0090454268199364,0.3728143486744462,0.18211703854863112,0.001314445544673463,0.12231784341304708,0.2725610795142037,0.15024323610115664
W02000289,Merthyr Tydfil 007,2025,32,0.21904547495787316,0.01359111880808216,0.45698894178484895,0.18193757664575377,0.002089265483200034,0.11013644897064206,0.28889493092619434,0.17875848195555227
W02000290,Caerphilly 001,2021,8,0.1505846982555116,0.01136164469830365,0.4178291049885883,0.1368633923882672,9.336473872392615e-4,0.08604739590640198,0.19870949659012987,0.1126621006837279
W02000290,Caerphilly 001,2023,5,0.18260721374531855,0.02808857171382208,0.6569660313007403,0.16656536685888504,0.0012713361351303723,0.10261774556153334,0.24712026888953198,0.14450252332799862
W02000290,Caerphilly 001,2025,7,0.4940004281368866,0.04800114891573124,0.8588234670892219,0.16720183580347636,0.0020892332954165487,0.10001681506828175,0.2751234613807886,0.17510664631250683
W02000291,Caerphilly 002,2021,6,0.29516036906540793,0.03690597982520536,0.7530545843055323,0.14012023468665552,9.912164018551716e-4,0.09044423646550816,0.20542878034886156,0.1149845438833534
W02000291,Caerphilly 002,2023,3,0,0,0,0.17064479131378404,0.0013868218909356628,0.10751105209552589,0.25048291432940095,0.14297186223387506
W02000291,Caerphilly 002,2025,5,0.38510048043962464,0.07552190854049042,1.0772451934792222,0.17301728650640513,0.0022766360779841294,0.09747662405385399,0.28530882295786486,0.18783219890401087
W02000292,Caerphilly 003,2021,6,0,0,0,0.12794605749520863,9.850801086428859e-4,0.0729835338927404,0.20178873622743482,0.12880520233469442
W02000292,Caerphilly 003,2023,3,0,0,0,0.15682205778366878,0.0014595883372908775,0.09024148284744304,0.24575080383276243,0.1555093209853194
W02000292,Caerphilly 003,2025,9,0.1328072485359273,0.00969458237186979,0.38596030347881616,0.15872036511581014,0.002431598661397041,0.07786696803573348,0.2736347744915805,0.19576780645584704
W02000293,Caerphilly 004,2021,4,0,0,0,0.12965807078060604,0.00110988848061735,0.07481506429562546,0.20495345602411386,0.1301383917284884
W02000293,Caerphilly 004,2023,2,0,0,0,0.1570590724153529,0.0014830200795237411,0.0877779896637812,0.2431714335096421,0.1553934438458609
W02000293,Caerphilly 004,2025,6,0,0,0,0.1575696898752555,0.0020602632140752732,0.08261390932663654,0.2561310580491869,0.17351714872255036
W02000294,Caerphilly 005,2021,8,0.1119222634503804,0.01155757883382839,0.4214164835745169,0.1293154184410447,8.832714042215113e-4,0.07678370062870651,0.19189416362337092,0.1151104629946644
W02000294,Caerphilly 005,2023,6,0.21544720375870355,0.03488404546037146,0.7321355725143773,0.15837896248636374,0.0012610483604013243,0.09959952457724111,0.2439019979245626,0.1443024733473215
W02000294,Caerphilly 005,2025,14,0.22972725402244865,0.01346904739298823,0.4549320428993404,0.15877030567400377,0.0019919708426184486,0.08845687751953762,0.2673430082107401,0.17888613069120246
W02000295,Caerphilly 006,2021,5,0,0,0,0.12429176873145134,9.101054019637262e-4,0.07643607947087516,0.19548524664436215,0.11904916717348699
W02000295,Caerphilly 006,2023,4,0.37325681043477665,0.07359730969832547,1.0634303635311333,0.15229551286618823,0.0013259945150625003,0.09173548935322808,0.23958006625197503,0.14784457689874697
W02000295,Caerphilly 006,2025,7,0.23708748617540648,0.02423079665279696,0.6101855702467325,0.15337949178668556,0.001964065139508113,0.08489149097340845,0.25795572231776615,0.1730642313443577
W02000296,Caerphilly 007,2021,7,0.18886448092645217,0.020736039521925,0.5644701654747069,0.1426003546355106,0.0012090089380420842,0.08768266855898282,0.22031770858586813,0.1326350400268853
W02000296,Caerphilly 007,2023,3,0.486175963503618,0.0985411267376636,1.2305148199148768,0.1727079346919883,0.0016668721251665707,0.10386487698313582,0.26458193061592733,0.1607170536327915
W02000296,Caerphilly 007,2025,8,0.11814081890186584,0.01281790231980255,0.44379925159558875,0.1732062095313625,0.002361627385119599,0.09644672619167494,0.30355006628101844,0.2071033400893435
W02000297,Caerphilly 008,2021,4,0,0,0,0.13654290657137055,0.001085381970599263,0.08095395037258397,0.20984750610911757,0.1288935557365336
W02000297,Caerphilly 008,2023,2,0.3574645379987234,0.10575003934330138,1.2747304364830638,0.1653412883924106,0.0014752637404780796,0.10329804734873138,0.25731830054590027,0.1540202531971689
W02000297,Caerphilly 008,2025,8,0.02050999532070842,4.820683277050661e-4,0.08606615199112579,0.1660180377193806,0.002184860727061674,0.08805823751714247,0.2713013328966418,0.18324309537949934
W02000298,Caerphilly 009,2021,8,0,0,0,0.11745236609934485,8.615056528136119e-4,0.06279482505008402,0.1850190449972123,0.12222421994712829
W02000298,Caerphilly 009,2023,5,0,0,0,0.1432343892120141,0.0012669433473300852,0.08079796496965858,0.21971685068009666,0.1389188857104381
W02000298,Caerphilly 009,2025,9,0,0,0,0.14366981166227097,0.001673110630550199,0.07547367266684571,0.23338481329733352,0.1579111406304878
W02000299,Caerphilly 010,2021,6,0,0,0,0.1371917801052903,0.001308329356031482,0.07830125454571074,0.2190267612747228,0.14072550672901205
W02000299,Caerphilly 010,2023,7,0.2764754807732366,0.03109158066888201,0.6911932488379778,0.16671944193368235,0.001844198905054307,0.09737473309555587,0.27010414748085787,0.17272941438530198
W02000299,Caerphilly 010,2025,7,0.1968710323092155,0.02070306108664358,0.5640211223940332,0.16810824940570274,0.0027797775317063528,0.08349174087255526,0.28776360440671744,0.20427186353416218
W02000300,Caerphilly 011,2021,5,0,0,0,0.12349724488672324,0.0011332238034063697,0.06076939910200036,0.19620983200251216,0.1354404329005118
W02000300,Caerphilly 011,2023,1,0,0,0,0.15022500380556483,0.0015433162349406794,0.08018596242407203,0.23626433755531254,0.1560783751312405
W02000300,Caerphilly 011,2025,5,0.15140732293935924,0.02369638116854418,0.6034191659482956,0.1507017082140431,0.0020737510813469743,0.07116519228388027,0.24724186854903862,0.17607667626515836
W02000301,Caerphilly 012,2021,8,0,0,0,0.1291701553977212,9.402088057111841e-4,0.0725527788009056,0.20042034512999912,0.12786756632909352
W02000301,Caerphilly 012,2023,4,0,0,0,0.15731862939427196,0.001256346179358699,0.09081056165218825,0.2421595116240565,0.15134894997186826
W02000301,Caerphilly 012,2025,9,0,0,0,0.15869325535957612,0.0019276455598471335,0.0866272057558401,0.2554263343306712,0.1687991285748311
W02000302,Caerphilly 013,2021,8,0,0,0,0.12904368458339296,8.210547938570877e-4,0.08298433464482038,0.1846701660135017,0.10168583136868131
W02000302,Caerphilly 013,2023,3,0,0,0,0.15706012243898018,0.0010974581060071453,0.10135928752828738,0.2188634592503224,0.11750417172203503
W02000302,Caerphilly 013,2025,12,0.26456358564365673,0.02997053978219121,0.678617990941185,0.15785883392264166,0.0018953108106588728,0.0910156490918898,0.25316278019546545,0.16214713110357565
W02000303,Caerphilly 014,2021,7,0,0,0,0.12256113251950126,9.077494524400606e-4,0.06782059000729056,0.18499254918008914,0.11717195917279859
W02000303,Caerphilly 014,2023,2,0,0,0,0.1495343473928083,0.001292577791597659,0.08278452986945598,0.22404642181070689,0.1412618919412509
W02000303,Caerphilly 014,2025,11,0.0903635329897166,0.0045819523425108,0.26534039452852415,0.15063688501424194,0.0019656607718134024,0.07183934578700654,0.23516059755412796,0.16332125176712142
W02000304,Caerphilly 015,2021,7,0,0,0,0.12406555564765791,8.11007081612275e-4,0.07196535189389842,0.18388745876941695,0.11192210687551853
W02000304,Caerphilly 015,2023,4,0,0,0,0.15120220363324705,0.0012436988944827447,0.08799099428995633,0.228356973241285,0.14036597895132868
W02000304,Caerphilly 015,2025,7,0.04511958651772993,0.00230500804706211,0.18819769917996,0.15236992466428315,0.0019820104118530896,0.07864927373896563,0.2538127869274413,0.17516351318847567
W02000305,Caerphilly 016,2021,5,0.573935559463205,0.05833176520419561,0.9467398248099966,0.14131728934011495,0.0016437193905997826,0.07291839919668125,0.23817002482800728,0.16525162563132603
W02000305,Caerphilly 016,2023,4,0,0,0,0.17216156292896603,0.002319043084737167,0.08823971223739469,0.2796628796939583,0.19142316745656363
W02000305,Caerphilly 016,2025,6,0,0,0,0.17347979617352066,0.0030007609773627974,0.08130041245735317,0.2983654957139085,0.21706508325655535
W02000306,Caerphilly 017,2021,8,0,0,0,0.13100136471236096,9.057871000833911e-4,0.07972251393819323,0.19516819336124425,0.11544567942305102
W02000306,Caerphilly 017,2023,5,0.4530414639157232,0.06060539935958151,0.9650142920217386,0.15959685486111092,0.0013106997002918681,0.09300018210003955,0.2344678299999634,0.14146764789992386
W02000306,Caerphilly 017,2025,11,0.1914716093221539,0.01820986060833416,0.5289704326613945,0.1607885463732079,0.0018727418297607434,0.08305549016645196,0.26341993801083274,0.18036444784438077
W02000307,Caerphilly 018,2021,7,0.4320452407582359,0.03625548987556307,0.746388562026692,0.17042814080673324,0.0016758436120662883,0.10020596449591102,0.26503099613116904,0.16482503163525802
W02000307,Caerphilly 018,2023,1,1,0,0,0.2053017139744043,0.0020985781625027914,0.13131572730573648,0.3063880094284715,0.175072282122735
W02000307,Caerphilly 018,2025,10,0.17240741216894648,0.01604838936723919,0.4965852470330337,0.20776019940748583,0.0033299951633963903,0.10083674217927258,0.33833544601821663,0.23749870383894406
W02000308,Caerphilly 019,2021,7,0,0,0,0.13907961784890335,0.0010114086704257636,0.08613232848217033,0.2095072036008121,0.12337487511864177
W02000308,Caerphilly 019,2023,6,0.08565602134734411,0.00948467705884187,0.38175906720927166,0.16852115537628634,0.0013358464551833107,0.10795547151933442,0.2416079944571413,0.13365252293780688
W02000308,Caerphilly 019,2025,10,0.12023790671158982,0.01278096943276208,0.44315941946214277,0.17002306222022823,0.002026508121991956,0.09649340780975163,0.2753887821321982,0.17889537432244657
W02000309,Caerphilly 020,2021,7,0,0,0,0.13270105973412225,9.10499857520307e-4,0.07872451757795312,0.18776704442616837,0.10904252684821525
W02000309,Caerphilly 020,2023,1,1,0,0,0.16112218519941332,0.0012894861334199871,0.09954707632992044,0.2317024876343602,0.13215541130443975
W02000309,Caerphilly 020,2025,9,0.16949886344541443,0.01031795675701423,0.39817587066909443,0.16240351358024208,0.0018403551943301578,0.09154855700837769,0.2598464301850128,0.1682978731766351
W02000310,Caerphilly 021,2021,7,0,0,0,0.1309826681404261,8.344874639806997e-4,0.07809782359538184,0.19377045869363152,0.11567263509824968
W02000310,Caerphilly 021,2023,4,0,0,0,0.1590124720038997,0.0011516897973312297,0.09502615539974696,0.2331028719925944,0.13807671659284745
W02000310,Caerphilly 021,2025,11,0.26962821900533507,0.02996641869850812,0.6785713328280154,0.15893027032350385,0.0018655379896655275,0.08032562778475438,0.2681719962514107,0.1878463684666563
W02000311,Caerphilly 022,2021,2,0,0,0,0.13855791262328426,0.0012660153622780887,0.08082497056810187,0.21410597843469836,0.1332810078665965
W02000311,Caerphilly 022,2023,2,0,0,0,0.16809982669638657,0.0017288546262054002,0.09708963202393864,0.25880337583314866,0.16171374380921003
W02000311,Caerphilly 022,2025,8,0.05899856156677649,0.00375202688166048,0.24011044758640654,0.1698229862700296,0.002521281401113901,0.08746455717761872,0.2870671571499222,0.19960259997230348
W02000312,Caerphilly 023,2021,5,0.3425450280076635,0.04832520891100893,0.8617175872246812,0.1452616280365562,0.0010829594780262712,0.08635123795255875,0.20291148673186205,0.1165602487793033
W02000312,Caerphilly 023,2023,7,0,0,0,0.17584758377859916,0.0014097254632180608,0.10797420032292329,0.25229892587760905,0.14432472555468576
W02000312,Caerphilly 023,2025,9,0,0,0,0.1769834468293598,0.0021275858166128606,0.08500625847801682,0.26776950578885117,0.18276324731083435
W02000313,Caerphilly 024,2021,3,0,0,0,0.15264135200169235,0.0012579557897763529,0.09652135483796767,0.2261872547802812,0.12966589994231353
W02000313,Caerphilly 024,2023,3,0.3236375146979967,0.07507203563544239,1.0740319054464513,0.1844453458771061,0.0017044209702359286,0.11739024160399386,0.26605768837143473,0.14866744676744087
W02000313,Caerphilly 024,2025,6,0,0,0,0.18587147433696022,0.0024864371498481523,0.10361674893799985,0.30054809532292526,0.1969313463849254
W02000314,Blaenau Gwent 001,2021,11,0,0,0,0.11028670029990617,8.214940416913e-4,0.06142514400711221,0.16980698321034776,0.10838183920323555
W02000314,Blaenau Gwent 001,2023,9,0,0,0,0.13506503492178648,0.0011485278441387367,0.07947474411122113,0.2119182236593492,0.13244347954812807
W02000314,Blaenau Gwent 001,2025,27,0.1154649264108974,0.00758341358664255,0.3413582927856283,0.13635064795616536,0.0018160446316990784,0.05956619990293536,0.22147978546669966,0.1619135855637643
W02000315,Blaenau Gwent 002,2021,5,0,0,0,0.12129486064260948,9.184145490525985e-4,0.06829501619492898,0.18630679109084314,0.11801177489591416
W02000315,Blaenau Gwent 002,2023,10,0.2072958791544463,0.01899374673819776,0.5402358594002439,0.14824182497780858,0.0012499089403446165,0.08853766920198597,0.2226890999746846,0.13415143077269864
W02000315,Blaenau Gwent 002,2025,12,0.02585755314227178,7.061671069476614e-4,0.10416740107861278,0.1500265727967758,0.0019168081105197198,0.08268255519350724,0.25125695787412244,0.1685744026806152
W02000316,Blaenau Gwent 003,2021,8,0,0,0,0.11420546557040678,8.325436503365454e-4,0.06028961684430535,0.17328636223970675,0.1129967453954014
W02000316,Blaenau Gwent 003,2023,8,0,0,0,0.1405656589944421,0.001171050359165414,0.07492095732205713,0.21414690661777463,0.13922594929571752
W02000316,Blaenau Gwent 003,2025,22,0.16102771019666345,0.0077174621768716,0.34436209520048333,0.14099412612667386,0.0015699823287819226,0.07577046675515298,0.22840715419258503,0.15263668743743206
W02000317,Blaenau Gwent 004,2021,13,0.07684608211718354,0.0055712179983515,0.29258574484603467,0.12562678058772844,7.922220758919175e-4,0.07328622436878199,0.1832154878948869,0.10992926352610491
W02000317,Blaenau Gwent 004,2023,3,0.5944450301563333,0.08864529794196965,1.1670942750133564,0.1526973825116112,0.0011878988140271761,0.09000600288426275,0.2210518200671965,0.13104581718293376
W02000317,Blaenau Gwent 004,2025,23,0.2686285661167653,0.01890156563112764,0.5389233192899492,0.15284711679267488,0.0018505207709968755,0.08432673543746527,0.24841346676083179,0.1640867313233665
W02000318,Blaenau Gwent 005,2021,13,0.09591177864401844,0.00500803683223185,0.2774034409558619,0.13302957898571863,0.0011673241781304546,0.07569406033772572,0.2119494804044514,0.1362554200667257
W02000318,Blaenau Gwent 005,2023,4,0.38249591074927686,0.07652870564300704,1.0844019021168,0.1622769553365501,0.0017391275901734381,0.09627153834724989,0.26060580504923236,0.16433426670198248
W02000318,Blaenau Gwent 005,2025,19,0.03934170008503007,0.00154309265889181,0.15398346541948318,0.1646032571284204,0.002557038294916363,0.0896093046737744,0.2845622959417526,0.1949529912679782
W02000319,Blaenau Gwent 006,2021,7,0.3324055890215195,0.03546240437466064,0.7381798319869272,0.14045311772690453,9.610282218764988e-4,0.08937163996274373,0.20628072078411142,0.11690908082136768
W02000319,Blaenau Gwent 006,2023,10,0.2243304327354886,0.02093511355040131,0.5671732596320886,0.17075505872054694,0.0013663655561569964,0.11274924102206452,0.2522502297417496,0.13950098871968508
W02000319,Blaenau Gwent 006,2025,23,0.09374711394837162,0.0076936383203531,0.34383016033472535,0.17160404765588974,0.002059736433835489,0.10107562096326703,0.2705783979435239,0.16950277698025687
W02000320,Blaenau Gwent 007,2021,10,0,0,0,0.12974648812624479,7.435794438897359e-4,0.07656516658210712,0.18857771604976722,0.11201254946766011
W02000320,Blaenau Gwent 007,2023,6,0.1928059865560531,0.01844980018984125,0.5324439789473059,0.15763069407763225,0.0010031721047128218,0.09914972612261827,0.2232693036022465,0.12411957747962823
W02000320,Blaenau Gwent 007,2025,17,0.2671863695725407,0.02462330119504111,0.6151077875309297,0.1574493959899533,0.001719053173985644,0.08822805747292572,0.2442848039375503,0.15605674646462458
W02000321,Blaenau Gwent 008,2021,13,0.1427824828460426,0.01653797436940841,0.5041029558246104,0.11745592154376257,7.005939430670635e-4,0.07251863640298134,0.17218481039307537,0.09966617399009403
W02000321,Blaenau Gwent 008,2023,3,0,0,0,0.14424610864864262,9.940625290092377e-4,0.09191793679475418,0.20778363227648333,0.11586569548172915
W02000321,Blaenau Gwent 008,2025,23,0,0,0,0.14509125319956714,0.0016483150200836858,0.0829763460173881,0.2309275432601063,0.1479511972427182
W02000322,Blaenau Gwent 009,2021,12,0.27964622072196255,0.02017118479351907,0.5567289313442045,0.1329414063211899,9.365593515679384e-4,0.08075391661248436,0.20417946675881216,0.12342555014632779
W02000322,Blaenau Gwent 009,2023,11,0.10489895066300456,0.00990851580828027,0.3901956199226506,0.16209095032913404,0.0013341883215626721,0.09807203860059456,0.24113608931786512,0.14306405071727057
W02000322,Blaenau Gwent 009,2025,17,0.2890004976589016,0.01930707733208523,0.5446736362966813,0.16422125532794749,0.002232921189473926,0.08858143594542527,0.2677340585295951,0.1791526225841698
W02000323,Torfaen 001,2021,3,0,0,0,0.1202918504767333,8.643515962901568e-4,0.0741044212995974,0.18332897694409886,0.10922455564450145
W02000323,Torfaen 001,2023,3,0,0,0,0.1475907561478794,0.001264259298603379,0.09098782506761914,0.23302052026287975,0.14203269519526063
W02000323,Torfaen 001,2025,17,0.03503674928122015,0.00124592339117171,0.13836420636748076,0.14918059185071053,0.0018920285858808584,0.07994151646315978,0.25415958231204505,0.17421806584888527
W02000324,Torfaen 002,2021,8,0.14659302990796735,0.01220798597388092,0.4331118811682496,0.1265612171341391,0.001084680045532961,0.06808127309743264,0.2051863418562131,0.13710506875878045
W02000324,Torfaen 002,2023,5,0,0,0,0.15445055421795792,0.0014673593054137964,0.08663142122946477,0.23113884630237888,0.14450742507291411
W02000324,Torfaen 002,2025,14,0.0748106038887924,0.00528491507234404,0.28496865526773524,0.15603439010334816,0.0021774181764503513,0.0772601177593292,0.26788761254988613,0.19062749479055693
W02000325,Torfaen 003,2021,7,0.14780344870627912,0.01885439370001807,0.5382504137955646,0.11788604209956757,0.0011374431725446291,0.06725397874453899,0.1979564482858326,0.1307024695412936
W02000325,Torfaen 003,2023,6,0,0,0,0.1444531890389152,0.0016597225050938814,0.08363868031025079,0.23889491841866664,0.15525623810841585
W02000325,Torfaen 003,2025,14,0.13605163464876163,0.00996095532295979,0.3912267868534769,0.14485364790677346,0.002013845766666479,0.07959275327707985,0.2491802990306522,0.16958754575357235
W02000326,Torfaen 004,2021,8,0,0,0,0.11841990224988289,7.964122438011896e-4,0.06685478495201341,0.18157819744161657,0.11472341248960316
W02000326,Torfaen 004,2023,4,0.14576240938113172,0.02169376310134523,0.5773584592597958,0.14569924522539834,0.001249771200650741,0.08233962855026944,0.2309611828400508,0.14862155428978135
W02000326,Torfaen 004,2025,12,0.04080259603411167,0.00174493086229559,0.16374467994370745,0.1457320406612066,0.0018016242997087022,0.079736514512194,0.23323731351418608,0.1535007990019921
W02000327,Torfaen 005,2021,7,0,0,0,0.1121458042517559,9.018082177783694e-4,0.06313312045622224,0.1781130022616909,0.11497988180546867
W02000327,Torfaen 005,2023,6,0.08999153556139101,0.00824077208525349,0.35584595889922327,0.13628578704101435,0.0012570100766593059,0.07683868982154499,0.22421090244094294,0.14737221261939795
W02000327,Torfaen 005,2025,20,0.03058069694009597,9.513699824588816e-4,0.1209073796070411,0.13635738379522866,0.0017127839005898462,0.06656056765621882,0.24016389866471333,0.1736033310084945
W02000328,Torfaen 006,2021,6,0.13336829110225745,0.01636135473065036,0.5014039108286347,0.1174902835801596,0.001224076501672238,0.05927163628774957,0.20600615181507892,0.14673451552732936
W02000328,Torfaen 006,2023,3,0,0,0,0.14319055472875758,0.0016871623978248402,0.07522967065119093,0.2481511934803482,0.17292152282915726
W02000328,Torfaen 006,2025,17,0.0569182626120659,0.00313932203665786,0.21963220463965458,0.14374733809755733,0.0023667047525751236,0.06876268869281546,0.2634951838512716,0.19473249515845611
W02000329,Torfaen 007,2021,9,0.07459865787870286,0.00544087502413176,0.28914285295504233,0.12420989519234371,9.97390539006137e-4,0.06656366189825683,0.19714650540220666,0.13058284350394983
W02000329,Torfaen 007,2023,4,0.1305471075409996,0.01772483941796278,0.5218783027776496,0.15253838719103452,0.0014211537907286625,0.0792259574190301,0.23716938697677314,0.15794342955774304
W02000329,Torfaen 007,2025,20,0.304692529644205,0.0197642585335252,0.551084695044562,0.15399192133848244,0.0022031501397205126,0.07145901427966826,0.2592576571775833,0.18779864289791504
W02000330,Torfaen 008,2021,6,0,0,0,0.10951631191097433,8.499402314618586e-4,0.05200098952679895,0.1790788658228828,0.12707787629608386
W02000330,Torfaen 008,2023,3,0,0,0,0.13432468590141372,0.0012806031356286675,0.06872288552085556,0.2078029537487841,0.13908006822792854
W02000330,Torfaen 008,2025,16,0.32735145550316547,0.02380815135631992,0.6048405840621343,0.13536866103400183,0.001735644060318858,0.06463322601118113,0.22975262808429586,0.16511940207311473
W02000331,Torfaen 009,2021,5,0,0,0,0.11380899288139248,9.28494207371866e-4,0.060668954385536045,0.18190313664828336,0.12123418226274732
W02000331,Torfaen 009,2023,7,0,0,0,0.13969000371086282,0.0013237628563394432,0.07419735517826512,0.21373435523777154,0.13953700005950642
W02000331,Torfaen 009,2025,18,0.35083136233578727,0.02120655596166082,0.5708383710139517,0.14135908597599178,0.0020719301851729755,0.06889914958804325,0.2326803285095061,0.16378117892146285
W02000332,Torfaen 010,2021,10,0,0,0,0.11382970928036144,9.101045098472534e-4,0.06310464957272136,0.1788117139897767,0.11570706441705533
W02000332,Torfaen 010,2023,4,0,0,0,0.13930984957664333,0.0012821596508630108,0.07882704312688973,0.21601959986760877,0.13719255674071903
W02000332,Torfaen 010,2025,24,0.05349338083449262,0.00164771696165409,0.15911802985649898,0.1405277122599698,0.0017849932243949019,0.06901236584777996,0.24225134070786253,0.17323897486008255
W02000333,Torfaen 011,2021,14,0,0,0,0.11515634953584267,7.885801065360165e-4,0.06095246536043929,0.16540067155878768,0.1044482061983484
W02000333,Torfaen 011,2023,3,0.1801664973338166,0.03668874945540509,0.7508350556965293,0.14087378436345555,0.001180769222710307,0.08091247063373756,0.20667270645797323,0.12576023582423568
W02000333,Torfaen 011,2025,21,0,0,0,0.1416652843885514,0.0019718145482987975,0.07679053417214793,0.23289596754624198,0.15610543337409405
W02000334,Torfaen 012,2021,3,0.43663510383048343,0.09292600955045602,1.1949417375914286,0.12427861122425778,7.686917512101544e-4,0.07621886504506956,0.18768608020159147,0.11146721515652191
W02000334,Torfaen 012,2023,5,0,0,0,0.15130945847698826,0.0011108917074785665,0.09670587659941221,0.21587001742992015,0.11916414083050794
W02000334,Torfaen 012,2025,15,0.17030412564008704,0.00943615712554789,0.3807813494560449,0.15134887388489143,0.0016769185636805234,0.08788214306174245,0.23402415163087825,0.14614200856913578
W02000335,Torfaen 013,2021,7,0.06905700055019381,0.00495079082797615,0.27581340863373954,0.1229178627449848,9.469378173782863e-4,0.07075439746389373,0.1889205195851043,0.11816612212121058
W02000335,Torfaen 013,2023,1,0,0,0,0.1500893843615714,0.0012668733136801291,0.08565925517196821,0.23093123518006275,0.14527198000809455
W02000335,Torfaen 013,2025,16,0,0,0,0.15218380970726905,0.0019812278084545523,0.07984928402260959,0.2428680950518403,0.16301881102923071
W02000336,Monmouthshire 001,2021,5,0,0,0,0.12315800947843196,8.68577662675677e-4,0.07345300700204846,0.18818441097355637,0.11473140397150791
W02000336,Monmouthshire 001,2023,3,0.30515894032408536,0.06774669916944898,1.0202865383751587,0.14957696656322264,0.0011746166603966391,0.09297901162175648,0.22937461123527347,0.136395599613517
W02000336,Monmouthshire 001,2025,34,0.02030209219874314,4.143617534151925e-4,0.0797935739922727,0.1513929362230624,0.002120978026182993,0.07864174423445891,0.27608121814373615,0.19743947390927724
W02000337,Monmouthshire 002,2021,12,0.0664034393909624,0.00464130879896362,0.2670535274086006,0.12527360857397019,0.0013183203383209969,0.06462164771071809,0.20220181608479337,0.13758016837407527
W02000337,Monmouthshire 002,2023,11,0.2266073737872185,0.02415428091441315,0.6092213898943343,0.15383659654951007,0.0018729512420759282,0.07971553882752788,0.2396826743867969,0.15996713555926903
W02000337,Monmouthshire 002,2025,26,0.09581761749089136,0.00256189176311349,0.1984076783904891,0.15493044011668783,0.002765926694371249,0.07252920379980761,0.27543143478471,0.2029022309849024
W02000338,Monmouthshire 003,2021,7,0.08117764504973123,0.00683891887556973,0.3241692473913519,0.11908025750944697,6.818581646402e-4,0.0728309743600487,0.17222332288790004,0.09939234852785134
W02000338,Monmouthshire 003,2023,5,0,0,0,0.14488954288335615,9.465374834272805e-4,0.09062891987395034,0.2095712115493077,0.11894229167535735
W02000338,Monmouthshire 003,2025,25,0.2967555285685354,0.01428241642633621,0.4684669233223446,0.1454965119384261,0.001499152436855122,0.08408949394220214,0.24125347983764023,0.1571639858954381
W02000339,Monmouthshire 004,2021,22,0.0805840494703497,0.00235258584608737,0.19013007810330773,0.13385249280240769,0.0016045764077130262,0.07575489042727318,0.21902038322230621,0.14326549279503303
W02000339,Monmouthshire 004,2023,6,0.4413825104832975,0.07740276334741407,1.0905769629091264,0.1627617885810091,0.002134026696452552,0.0899111658473509,0.2591586402431499,0.16924747439579899
W02000339,Monmouthshire 004,2025,26,0.19756310464376825,0.01285497952951069,0.44444065747175393,0.16349370354835557,0.0028357338913339663,0.08289782009779462,0.2881064070676267,0.20520858696983207
W02000340,Monmouthshire 005,2021,5,0.2493855064044002,0.04461862826729217,0.8280111668924801,0.12260685840906228,7.586266411869926e-4,0.07949412379951569,0.1819714212472167,0.10247729744770102
W02000340,Monmouthshire 005,2023,8,0.43008795952272394,0.06899429682118333,1.0296382861982614,0.15039730913636531,0.0011481247937032658,0.09755840384869241,0.22772460053894034,0.13016619669024793
W02000340,Monmouthshire 005,2025,16,0.06206963035056901,0.0016345103988168,0.15847907608326176,0.1509680777700303,0.0020186383664765723,0.08274876166155362,0.25462200699207066,0.17187324533051704
W02000341,Monmouthshire 006,2021,8,0.05331547271456603,0.0029665693676985,0.21350366802232126,0.10993275900365812,6.739818290273673e-4,0.0641251357669398,0.1634990513344328,0.09937391556749299
W02000341,Monmouthshire 006,2023,10,0,0,0,0.13413349200676433,8.898166572574881e-4,0.08105320560564899,0.19895593317612498,0.11790272757047598
W02000341,Monmouthshire 006,2025,29,0.02914626227780904,4.4694577924210094e-4,0.08287155859621749,0.13490029971402293,0.0013621717254762862,0.07050768537911631,0.2158844337845811,0.1453767484054648
W02000342,Monmouthshire 007,2021,9,0,0,0,0.10703973240122834,8.182031995118677e-4,0.05688168350771742,0.1697508231819076,0.11286913967419018
W02000342,Monmouthshire 007,2023,3,0,0,0,0.131219385500123,0.0011387180316336327,0.07282369129198449,0.20199433993700758,0.1291706486450231
W02000342,Monmouthshire 007,2025,16,0.1730340931630624,0.01400440739537029,0.46388513370246826,0.13147098511209465,0.0016906631343265898,0.06693953973422051,0.22497490182144553,0.15803536208722502
W02000343,Monmouthshire 008,2021,16,0,0,0,0.10232892630877503,9.669515604685861e-4,0.05188905303130355,0.17354835002778157,0.12165929699647803
W02000343,Monmouthshire 008,2023,1,0,0,0,0.12538382278796373,0.001348350431073564,0.06679744039789964,0.20447883089488944,0.1376813904969898
W02000343,Monmouthshire 008,2025,16,0.08429630309605435,0.00364955938271199,0.23680905457660165,0.12655657695485578,0.0019035124051257084,0.05980655726993732,0.23311385267938667,0.17330729540944934
W02000344,Monmouthshire 009,2021,9,0.15467507421381077,0.0150305474461935,0.48057977097269317,0.1175762626847019,8.007073347346908e-4,0.07142600861048164,0.18186604897817277,0.11044004036769113
W02000344,Monmouthshire 009,2023,6,0,0,0,0.14382350235989347,0.0011197131302047984,0.08836432138577718,0.22162084655524583,0.13325652516946865
W02000344,Monmouthshire 009,2025,21,0.1722797710711219,0.01487524893279657,0.4780906032245864,0.14418474969126335,0.0016861046239315404,0.07029754886374234,0.23398473450117943,0.1636871856374371
W02000345,Monmouthshire 010,2021,12,0.2752911092516351,0.01877852125088854,0.5371663284265604,0.14052979482971692,0.0015856443179955175,0.08218244480628831,0.23081758813377445,0.14863514332748615
W02000345,Monmouthshire 010,2023,4,0.272672014980336,0.05294750313592281,0.9019881439469599,0.17067708590353523,0.0022044236766809075,0.10267473470416318,0.28717326934321386,0.1844985346390507
W02000345,Monmouthshire 010,2025,19,0.18609584214749028,0.00897440093666466,0.37134777036409444,0.17173840473352073,0.003063527432794881,0.08784079428634378,0.295482622230467,0.20764182794412323
W02000346,Monmouthshire 011,2021,9,0,0,0,0.11670448427965897,0.0010046034957903577,0.06148749971122176,0.18861559717034893,0.12712809745912718
W02000346,Monmouthshire 011,2023,2,0,0,0,0.1431268244675792,0.0014840354406180768,0.07506571002527686,0.23436760465285836,0.1593018946275815
W02000346,Monmouthshire 011,2025,24,0.15232416813976363,0.00736750770497059,0.3364638313982125,0.14333476049498137,0.0020175411035806773,0.06910578294256392,0.2494086436972811,0.1803028607547172
W02000347,Newport 001,2021,11,0.17701533329397057,0.01331387707291669,0.4523039266660995,0.1253810365663579,9.675308038470244e-4,0.07495425992607499,0.19460504083812974,0.11965078091205475
W02000347,Newport 001,2023,7,0.20714229944335608,0.03219332550515778,0.7033330199251716,0.15282139745553291,0.0013199211246848123,0.09077089468326816,0.23414850449836822,0.14337760981510006
W02000347,Newport 001,2025,18,0.06461458946959135,0.00245960683457328,0.19440656748279958,0.15259354220025056,0.001719539222397259,0.07735711282901223,0.2440451775168685,0.16668806468785627
W02000348,Newport 002,2021,4,0,0,0,0.11689320435907818,0.001055138195133716,0.06153356871410505,0.18216470651654326,0.12063113780243821
W02000348,Newport 002,2023,7,0,0,0,0.1423712231933544,0.001400817016910301,0.07667677303907577,0.21704989418062814,0.14037312114155237
W02000348,Newport 002,2025,9,0,0,0,0.14319932235781352,0.0020486799650287343,0.07191238034035992,0.2365001932420721,0.1645878129017122
W02000349,Newport 003,2021,5,0.11657089572760564,0.01464963988680642,0.4744512129320147,0.1412931101561646,0.0013693490799861572,0.0865318459827226,0.22733977643638487,0.14080793045366227
W02000349,Newport 003,2023,6,0.2031642634113361,0.03577025330460753,0.7413769758373878,0.17166555476999001,0.0018263109002258423,0.10886251230680806,0.26659832509599835,0.1577358127891903
W02000349,Newport 003,2025,20,0.1448486715851302,0.00687144531082198,0.32493922016385995,0.1734909931656488,0.002669161606277145,0.0982541323923419,0.3029600204058166,0.2047058880134747
W02000350,Newport 004,2021,4,0.222557700948331,0.04184543372881259,0.8018665986392463,0.12814075043296766,0.001185548071001337,0.07569808175382606,0.19770907867134963,0.12201099691752357
W02000350,Newport 004,2023,5,0.09754941208026335,0.01080617943620027,0.40748739029911085,0.15693661576704337,0.0016527056103926069,0.091477652878969,0.24365978060011456,0.15218212772114556
W02000350,Newport 004,2025,12,0.03890340997158043,0.00158593964109854,0.15610665358512377,0.15801223712802656,0.002185932858508089,0.0823786547728961,0.25892319373084316,0.17654453895794706
W02000351,Newport 005,2021,2,0.22744423718807197,0.06188759010254333,0.975168967699275,0.13652065488326465,0.0019210193627468882,0.07153299489651196,0.22828710568762978,0.1567541107911178
W02000351,Newport 005,2023,5,0.17128147249146472,0.02552863854132759,0.6263137032027795,0.16516049340390968,0.0025446092212262628,0.08822683428082242,0.2741821991567463,0.18595536487592387
W02000351,Newport 005,2025,11,0.0349899336508939,0.00132188995380489,0.14251997506357827,0.1670396034628154,0.0034148113769348343,0.08339875070634585,0.2999147995862018,0.21651604887985598
W02000352,Newport 006,2021,2,0.519228760498974,0.124907484922061,1.385390861417195,0.14897530682949642,0.0018048714828957368,0.08242215606443928,0.23829552700538653,0.15587337094094725
W02000352,Newport 006,2023,3,0.12145417576364093,0.01773366595147175,0.522008227875861,0.18268346900551866,0.002434800418089755,0.10295150962560155,0.28661885334051185,0.18366734371491028
W02000352,Newport 006,2025,15,0.1385748196838811,0.0085590026491063,0.3626516577805967,0.18262563593963738,0.003080245352590921,0.08978382677148253,0.2981565009741144,0.20837267420263186
W02000353,Newport 007,2021,4,0.26820930542550536,0.05444648310025773,0.9146669836858846,0.1385318409681355,0.0020745329984129196,0.06646543221891331,0.24311229182822092,0.1766468596093076
W02000353,Newport 007,2023,2,0.3618756581717707,0.10688663101796322,1.2815624706400122,0.16910203295585122,0.00290705825630065,0.08201586521928922,0.2891857260299721,0.2071698608106829
W02000353,Newport 007,2025,6,0.1169784876836714,0.01337218701077527,0.45329330789021827,0.16965609781344207,0.0037129757276231877,0.07870575947848149,0.324874513431221,0.2461687539527395
W02000354,Newport 008,2021,6,0,0,0,0.11357408812156285,9.674217666433118e-4,0.0611419251189385,0.1857627609372176,0.12462083581827911
W02000354,Newport 008,2023,5,0,0,0,0.13855909646365774,0.001366200380014333,0.07451487779013242,0.2193467976796742,0.14483191988954175
W02000354,Newport 008,2025,8,0,0,0,0.1398715952322374,0.0020141202674553065,0.06856398242032247,0.24178415777653584,0.17322017535621337
W02000355,Newport 009,2021,4,0.11442809147415396,0.01383337750064948,0.46104381579134784,0.13388487241077182,0.0011724990891405975,0.07869207891851686,0.21863092995721256,0.1399388510386957
W02000355,Newport 009,2023,4,0,0,0,0.16355344754263873,0.0016637631589949897,0.0998133845556422,0.265212191439792,0.16539880688414982
W02000355,Newport 009,2025,11,0,0,0,0.16387510384973675,0.002319541897358478,0.09713238653821174,0.28601805534524105,0.1888856688070293
W02000356,Newport 010,2021,3,0.8335123279112889,0.02909343926723593,0.6686142352581262,0.13902155231671473,0.0016219030971617544,0.06586689696528354,0.2256315401997921,0.15976464323450856
W02000356,Newport 010,2023,4,0,0,0,0.17044697342468376,0.0022431717999440532,0.08835146935401317,0.2700212124700653,0.1816697431160521
W02000356,Newport 010,2025,11,0.14106642875320174,0.01202188137219196,0.4297979164144246,0.17264661208913037,0.0031760544268616166,0.08233422401300333,0.30031838495180396,0.21798416093880063
W02000357,Newport 011,2021,3,0,0,0,0.12209985581374824,0.0013835933441974416,0.06263270909860805,0.20731793070180143,0.1446852216031934
W02000357,Newport 011,2023,7,0,0,0,0.14940635108035413,0.0019624101118991756,0.0776542561372272,0.2492983356095554,0.17164407947232818
W02000357,Newport 011,2025,15,0,0,0,0.1503993668986711,0.002620883721789268,0.0713717443087482,0.2624278359177092,0.19105609160896098
W02000358,Newport 012,2021,8,0.40342087507914787,0.03613973204470329,0.745196061290309,0.13903209442184336,0.001206139663699523,0.08207810285223638,0.2173722103727976,0.13529410752056123
W02000358,Newport 012,2023,6,0,0,0,0.16968251403444465,0.0016152431176113286,0.10448999274244414,0.2583401665502557,0.15385017380781157
W02000358,Newport 012,2025,7,0,0,0,0.1709530809838186,0.002455343051337324,0.09899238292105098,0.2832692395305325,0.18427685660948154
W02000359,Newport 013,2021,5,0.1697570567083315,0.02611475602287101,0.6334627372603154,0.13610587895784151,0.001895461783565049,0.06895010130121967,0.23722711906862118,0.1682770177674015
W02000359,Newport 013,2023,2,0,0,0,0.16692999204373213,0.0027203732377315114,0.0861655693266088,0.29042589099745597,0.20426032167084718
W02000359,Newport 013,2025,16,0.17195682146256686,0.01016322462469572,0.3951789917555492,0.16793159364908308,0.0035456097690698377,0.07703678560215255,0.30424315325989243,0.22720636765773988
W02000360,Newport 014,2021,8,0.22926892251601105,0.036586042294795,0.74978336841418,0.14630951327337288,0.001476972244577851,0.08158230084413662,0.23576875653508134,0.15418645569094472
W02000360,Newport 014,2023,4,0.22917463003060484,0.04437829266759606,0.8257781392487505,0.17722116539789967,0.001994841538835426,0.09955896685770237,0.26964658283385445,0.17008761597615207
W02000360,Newport 014,2025,18,0.11607631589507758,0.00857051176979691,0.36289540110587865,0.17982292660734545,0.003024068215790429,0.09160900825279442,0.29998903528013365,0.20838002702733924
W02000361,Newport 015,2021,9,0.04798596142166566,0.0024393235280123,0.19360331488081045,0.1314395867564628,0.0014914577037788807,0.06851302454788416,0.217666932517431,0.14915390796954683
W02000361,Newport 015,2023,2,0,0,0,0.15990532178464734,0.002076734531254096,0.08809178147901667,0.2605341863936483,0.17244240491463161
W02000361,Newport 015,2025,9,0,0,0,0.1615845978630345,0.0027641534694759495,0.07853745839126458,0.27079878246953476,0.19226132407827018
W02000362,Newport 016,2021,3,0,0,0,0.12934430975515676,0.0012644271058457278,0.06527226946303857,0.20155724412620984,0.13628497466317127
W02000362,Newport 016,2023,4,0,0,0,0.15747592359546156,0.0017697629726129154,0.07984476598760118,0.2381282649578343,0.1582834989702331
W02000362,Newport 016,2025,9,0.14387404477650712,0.01770099762354224,0.521527193753277,0.15929445313100155,0.002633725439258677,0.07946621104807364,0.2757173517370479,0.19625114068897428
W02000363,Newport 017,2021,9,0,0,0,0.119102976620404,0.0013213473209899825,0.0593963734178443,0.1926938170913135,0.13329744367346918
W02000363,Newport 017,2023,6,0,0,0,0.14594984851532317,0.001787409400374364,0.07367027930972041,0.23774361676438627,0.16407333745466585
W02000363,Newport 017,2025,18,0.06635440745682769,0.00415797891576541,0.2527663330606133,0.14675392111151703,0.0022662257760143888,0.06807780809420193,0.2536037728938517,0.18552596479964978
W02000364,Newport 018,2021,6,0.04379930036359009,0.00243647775245415,0.1934903507009069,0.1491074133680119,0.001999260116672952,0.07457999120406716,0.24000418049038486,0.1654241892863177
W02000364,Newport 018,2023,3,0,0,0,0.18051415493889997,0.002742015586631581,0.09422224128477119,0.29227876089483684,0.19805651961006565
W02000364,Newport 018,2025,17,0.14274502605112585,0.01071694158660544,0.40580137894654394,0.1816024253685353,0.0033776239741871296,0.08123750464692561,0.31473393462121874,0.23349642997429312
W02000365,Newport 019,2021,9,0.48010813542985065,0.0356181991786642,0.7397995550475001,0.15000303592269668,0.0016110746516263836,0.08310114383352829,0.23168949084191276,0.14858834700838447
W02000365,Newport 019,2023,4,0,0,0,0.18272334491301628,0.0021730906864899026,0.10685414214995118,0.2801791977545344,0.17332505560458325
W02000365,Newport 019,2025,8,0,0,0,0.18399731273243483,0.002844161022366925,0.0943952557580107,0.3092504762542988,0.2148552204962881
W02000366,Newport 020,2021,4,0,0,0,0.13922191044434556,7.941120522978666e-4,0.09047770588192916,0.19273759656504452,0.10225989068311536
W02000366,Newport 020,2023,5,0.13075058285162028,0.01805426947704809,0.5267057346708693,0.1692371064229387,0.001130895769484151,0.11281970203089141,0.23344026694312775,0.12062056491223634
W02000366,Newport 020,2025,13,0.03770907390667587,0.00149023333982446,0.15132309814646452,0.17030466456890003,0.0019122054995538349,0.10359067602688662,0.27559119103860996,0.17200051501172334
W02000367,Cardiff 001,2021,6,0.14631232104499473,0.02102053179256693,0.5683291555788336,0.16509680868947044,0.001469646234472164,0.10158758376723098,0.2435939998737705,0.14200641610653952
W02000367,Cardiff 001,2023,5,0.4647650196373027,0.06022726542689862,0.9619990852811575,0.19937854344696998,0.0019750071794714186,0.13000737230587406,0.29177427107688014,0.16176689877100608
W02000367,Cardiff 001,2025,6,0.3743079987346414,0.04600185325896609,0.8407478218108734,0.2012348855790692,0.0029598352904884736,0.11815795554994252,0.32599349949216017,0.20783554394221765
W02000368,Cardiff 002,2021,5,0.30445436137243015,0.05767380762701814,0.9413852708255528,0.15302923258297854,0.0014798199729653522,0.08500939024680965,0.22894001260501112,0.14393062235820148
W02000368,Cardiff 002,2023,6,0,0,0,0.1863982767431465,0.001989796125740459,0.11119089805481873,0.2774887485992788,0.16629785054446006
W02000368,Cardiff 002,2025,12,0.16644062989317782,0.01454450770980091,0.47274571361131723,0.1870488952309771,0.0026980456727735518,0.09960383812106832,0.3131927767889034,0.21358893866783507
W02000369,Cardiff 003,2021,8,0.5141819474538545,0.07225310715612424,1.05367421114394,0.16119884487416458,0.0012955946203029158,0.09366277948756162,0.2340690385931667,0.14040625910560506
W02000369,Cardiff 003,2023,6,0.3702882547519212,0.05089767880210381,0.8843558948459562,0.1961942289704061,0.0018796597588219594,0.11624953069768067,0.2855262789507218,0.16927674825304112
W02000369,Cardiff 003,2025,10,0.09228696752456968,0.0082712712898028,0.3565038460076807,0.19739728092854458,0.0027185850335655457,0.10912050238891627,0.31576928422612893,0.20664878183721266
W02000370,Cardiff 004,2021,5,0.28522044059785767,0.05542380009511634,0.9228396301671759,0.17061948765427895,0.0015849311804960427,0.10631039969838803,0.25870084362907986,0.15239044393069184
W02000370,Cardiff 004,2023,7,0.7707927468783831,0.03112639897473354,0.6915801613636259,0.20514890426776852,0.0021125490197691317,0.13179595254193205,0.31830203099248233,0.18650607845055028
W02000370,Cardiff 004,2025,4,0,0,0,0.20635132609260892,0.0030968835802837433,0.11688873701932326,0.3418221325198445,0.22493339550052124
W02000371,Cardiff 005,2021,8,0.06381581887068648,0.00428990251898288,0.2567448840500213,0.15875141875260676,0.0013808502154504562,0.09467999051566484,0.23781122894146234,0.1431312384257975
W02000371,Cardiff 005,2023,4,0.18426894733000623,0.03017596428734195,0.6809397159354433,0.19204321286928192,0.0017604263298643097,0.11404188040252529,0.279744493395989,0.16570261299346373
W02000371,Cardiff 005,2025,10,0.2834663408827189,0.02132167361584807,0.5723856433683876,0.19506763166897464,0.0029397637615800466,0.09945211158335097,0.30875195078569473,0.20929983920234374
W02000372,Cardiff 006,2021,7,0,0,0,0.1600090209100811,0.0011560366843671563,0.09666766678787006,0.2269518472415334,0.13028418045366333
W02000372,Cardiff 006,2023,5,0.5222030906214987,0.06614923199643358,1.0081855994505013,0.1938163280041823,0.0016651139714777803,0.11939680045421278,0.2767429647673064,0.15734616431309364
W02000372,Cardiff 006,2025,11,0.3899580034663602,0.03954553849103894,0.7795192304375832,0.19482410870944863,0.002456808303484419,0.1093271883543698,0.305073767941345,0.1957465795869752
W02000373,Cardiff 007,2021,8,0,0,0,0.15028241076319282,0.0014611539219241832,0.08800528644149468,0.23327704248017203,0.14527175603867737
W02000373,Cardiff 007,2023,8,0.42244032684830635,0.04881353143118073,0.8660604387351706,0.18435422614462027,0.0019853344042765663,0.11026015462858162,0.27533295325309304,0.1650727986245114
W02000373,Cardiff 007,2025,14,0.35447867896554264,0.02686278747332256,0.6424711414151659,0.18665585833112922,0.0029505215585335434,0.10413501454232726,0.31182113503402054,0.20768612049169327
W02000374,Cardiff 008,2021,8,0.16352208568012455,0.01383165457348628,0.4610151037270388,0.17087098043342255,0.0019937881013908075,0.10068660077695052,0.28007569409664324,0.17938909331969272
W02000374,Cardiff 008,2023,2,0.602367861552656,0.11485473062352332,1.3284723829303808,0.20477807487918134,0.0025623390902236687,0.12229479886495664,0.33065806309947965,0.208363264234523
W02000374,Cardiff 008,2025,9,0.12483984995641914,0.01360781905158248,0.45726962079766925,0.20549902644479096,0.0036813120521039795,0.10144974544409456,0.3544348627263167,0.2529851172822221
W02000375,Cardiff 009,2021,4,0,0,0,0.1673894311159373,0.002007123053317972,0.08984861373410871,0.2673503841828978,0.1775017704487891
W02000375,Cardiff 009,2023,3,0.45016842819208247,0.09330004741602832,1.1973442113569215,0.20257085801553407,0.0026072005425738652,0.11401328651712907,0.3108283701925021,0.19681508367537304
W02000375,Cardiff 009,2025,9,0.4786412438280221,0.03650228213922832,0.7489245988728216,0.20381034957992553,0.003765259652751665,0.1049984226128399,0.3368263684057688,0.2318279457929289
W02000376,Cardiff 010,2021,11,0,0,0,0.16554045576149548,0.001334999780213739,0.11333397126926673,0.24829904411990364,0.1349650728506369
W02000376,Cardiff 010,2023,7,0.41781742694391755,0.03755448247644911,0.7596420155988169,0.2003211070884799,0.0017860849142058179,0.14120621880241885,0.29878589842005143,0.15757967961763258
W02000376,Cardiff 010,2025,10,0.4900738685735866,0.04140697303203829,0.7976545161714241,0.20209619090487302,0.002764401413593997,0.12475460309831368,0.32843344191442514,0.20367883881611146
W02000377,Cardiff 011,2021,6,0.5182159042391264,0.0582144569815675,0.9457873741254131,0.18042612648360343,0.0021388153010416834,0.10735663111789273,0.28702630521916656,0.17966967410127382
W02000377,Cardiff 011,2023,3,0.264800086218664,0.05776414557143902,0.9421222564513881,0.22032380286671666,0.0030157191531548218,0.12896094400132546,0.35220477081175716,0.2232438268104317
W02000377,Cardiff 011,2025,11,0.10278574992280767,0.00956167453808583,0.3833055125872114,0.22153162157940878,0.004289407862159972,0.1127895824132713,0.37544477282014244,0.26265519040687113
W02000378,Cardiff 012,2021,5,0.13365947411566514,0.018358200350305,0.531120591458283,0.17964245275451862,0.001740624825336509,0.11627997235924459,0.275885110069661,0.1596051377104164
W02000378,Cardiff 012,2023,6,0.2532905120751764,0.03258189564346581,0.7075648674560578,0.21777144300809642,0.002344993859370228,0.13779372419885405,0.3342038486018171,0.19641012440296307
W02000378,Cardiff 012,2025,6,0.4226705532265014,0.07315114090492444,1.0602020476740472,0.21952289352123325,0.0033065587179569905,0.12698460940532538,0.3482429262676031,0.22125831686227773
W02000379,Cardiff 013,2021,9,0,0,0,0.14792611369760905,0.0017835531696288943,0.08100358329966673,0.24663313578000806,0.16562955248034134
W02000379,Cardiff 013,2023,1,0,0,0,0.1819403160246527,0.0025075865343779104,0.10478887533184922,0.2889838786481713,0.1841950033163221
W02000379,Cardiff 013,2025,9,0.5307039623181139,0.04219997437590358,0.8052563909696856,0.18337675035826287,0.003242073915269301,0.09174169824937353,0.3082745358247481,0.2165328375753746
W02000380,Cardiff 014,2021,7,0,0,0,0.1536684310058656,0.0010582190727157455,0.09760806782368955,0.21745215930349174,0.11984409147980218
W02000380,Cardiff 014,2023,4,0.3721170925603895,0.0646441406014491,0.9966499969791356,0.1868844367511358,0.0014501104915143753,0.12131380247953054,0.274371106122512,0.15305730364298142
W02000380,Cardiff 014,2025,8,0.1703568835836895,0.02449801361732903,0.613540904911069,0.18798704681620365,0.002318956704998489,0.10876474874298597,0.28706807128373907,0.1783033225407531
W02000381,Cardiff 015,2021,1,0,0,0,0.15705477819459623,0.0016344092934171153,0.08497833240456099,0.24183688913369322,0.15685855672913224
W02000381,Cardiff 015,2023,4,0.25941958194310355,0.0522477044901706,0.8960076010275488,0.19206922268117882,0.0022179705992880364,0.10946657823156021,0.2857116809757826,0.1762451027442224
W02000381,Cardiff 015,2025,14,0.5257138832190421,0.02758597298479044,0.6510618380763935,0.19471149893235015,0.0032704673393950633,0.09882016287388669,0.32455660969438666,0.22573644682049998
W02000382,Cardiff 016,2021,6,0.07653429651474196,0.00624813426685928,0.30985125781450557,0.1510162905180011,0.0017480992248713942,0.08533761375455037,0.24137525977956506,0.1560376460250147
W02000382,Cardiff 016,2023,3,0,0,0,0.18470558019471256,0.002330640752910442,0.09852687320140655,0.2879896347251705,0.18946276152376393
W02000382,Cardiff 016,2025,14,0.22240470963156955,0.0190902187129934,0.5416060895669786,0.18636815432731024,0.00318596864173215,0.08756917525504555,0.30425283309256757,0.21668365783752203
W02000383,Cardiff 017,2021,5,0.16868443322707682,0.02885570713132928,0.6658768975929745,0.1739125543056706,0.0018112425952950307,0.0971546091020325,0.2629637870485929,0.16580917794656042
W02000383,Cardiff 017,2023,5,0.3056848391145617,0.05698457957208019,0.9357433747362865,0.2100073325466713,0.0023924979028713093,0.12939555135070177,0.3221559614302398,0.192760410079538
W02000383,Cardiff 017,2025,8,0.16695039187655963,0.02234482601391983,0.5859581179164526,0.21353196430562707,0.0035717100742547387,0.11804621134425616,0.34295093463096243,0.22490472328670627
W02000384,Cardiff 018,2021,6,0,0,0,0.1533845361693967,0.001476364607348892,0.09211487494128051,0.23994078997665286,0.14782591503537235
W02000384,Cardiff 018,2023,3,0,0,0,0.18696220322597673,0.0019767380267796636,0.10938640821442477,0.291930254867631,0.18254384665320625
W02000384,Cardiff 018,2025,10,0.2046289437144066,0.01771383392246868,0.5217162584002077,0.18815003409288986,0.002913237387632369,0.10228130250851694,0.3135655282065151,0.21128422569799818
W02000385,Cardiff 019,2021,4,0,0,0,0.16684946741797696,0.0014608464812380863,0.10102754807893444,0.24925029157639578,0.14822274349746134
W02000385,Cardiff 019,2023,2,0,0,0,0.1936683071777261,0.0018025758845766206,0.12436391047943955,0.2732714023233469,0.14890749184390734
W02000385,Cardiff 019,2025,12,0.16290038484607827,0.01240023836400937,0.4365089004459518,0.1989984751985727,0.002957183164348601,0.10277418596449506,0.31052888830061276,0.2077547023361177
W02000386,Cardiff 020,2021,8,0.5833751796469482,0.03986579755713218,0.782669329078,0.18286581434067298,0.002662184500392518,0.10751982978320146,0.29583312662589045,0.188313296842689
W02000386,Cardiff 020,2023,1,0,0,0,0.21977673885635224,0.00356469736191901,0.13175041109217325,0.36499894033517294,0.23324852924299969
W02000386,Cardiff 020,2025,13,0.29112509940266035,0.03143101625458684,0.6949559831660217,0.2212882230682907,0.00498379952343725,0.12061795400501374,0.38171731609790593,0.2610993620928922
W02000387,Cardiff 021,2021,8,0.41316164609251266,0.04486244811532508,0.8302704307165178,0.1982223250294667,0.0020043384578629407,0.13106610584112482,0.3080419511049665,0.1769758452638417
W02000387,Cardiff 021,2023,7,0.3488570154499443,0.03501122100685774,0.7334689189326703,0.23444330662487586,0.0026314814819785814,0.15882635482670487,0.3541204502797921,0.19529409545308724
W02000387,Cardiff 021,2025,11,0.4545101788241111,0.02629343793842477,0.6356261766004775,0.23795176764107334,0.003923090784257981,0.13734161398017194,0.38636830708340386,0.24902669310323192
W02000388,Cardiff 022,2021,8,0.03079413991411704,0.00116276356308988,0.13366687466703706,0.14928650558377776,0.0014739909825991226,0.08573119387250139,0.24385078066223498,0.1581195867897336
W02000388,Cardiff 022,2023,2,0,0,0,0.181389543125886,0.0019301282560536556,0.10266072382402541,0.27473782160181637,0.17207709777779095
W02000388,Cardiff 022,2025,12,0.2558509811794808,0.02042176886851218,0.5601763442135799,0.18367176304507912,0.003002898693312608,0.09322808789688633,0.31288947539149436,0.21966138749460803
W02000389,Cardiff 023,2021,5,0.11713845390239466,0.0136158054645015,0.45740378661512865,0.17147932614708705,0.0013404539294551564,0.09907151090226926,0.24724109002466788,0.14816957912239861
W02000389,Cardiff 023,2023,2,0,0,0,0.20883396104030652,0.0018398226619084938,0.12828815676943586,0.29999542840694904,0.17170727163751318
W02000389,Cardiff 023,2025,14,0.02866268919409662,8.613061685194141e-4,0.11504211712893957,0.21071638622166192,0.0027243569738814046,0.12089653087454429,0.32721176246221606,0.2063152315876718
W02000390,Cardiff 024,2021,6,0.20692314337625012,0.03299166017010988,0.7120002920499726,0.18052421962260032,0.002126936466480793,0.1143958112046394,0.2863412343306738,0.17194542312603442
W02000390,Cardiff 024,2023,2,0.5887097278005532,0.11737122689426338,1.3429471096787982,0.20939253323546791,0.002775741731310774,0.13070508318585858,0.3234227368328343,0.1927176536469757
W02000390,Cardiff 024,2025,15,0.3711698198875468,0.03087849530775885,0.6888206389757854,0.2105047958946403,0.003689767296452079,0.12060721175897154,0.3502618577673299,0.22965464600835833
W02000391,Cardiff 025,2021,4,0.17284998566812504,0.02790491275449387,0.6548147012444068,0.21680544304098176,0.0023833636427621203,0.12893508621840533,0.32273057175092545,0.19379548553252013
W02000391,Cardiff 025,2023,1,0,0,0,0.25200170991398513,0.0031915556356730958,0.15138525532777658,0.37252775620368206,0.22114250087590548
W02000391,Cardiff 025,2025,8,0.30740845692023927,0.05275273998707581,0.9003276699938438,0.25666509995613523,0.004319025651759224,0.14074152916595883,0.37874091461964365,0.23799938545368482
W02000392,Cardiff 026,2021,8,0.16956164171937987,0.0234886960036483,0.6007690353199558,0.17124333514231374,0.0014771873383516438,0.09734030147990996,0.25002232408023384,0.15268202260032387
W02000392,Cardiff 026,2023,5,0.3079183300702689,0.04159946918620508,0.7995064673698166,0.2038333498171595,0.0018036822270097222,0.12621537305853842,0.2851824021981211,0.15896702913958266
W02000392,Cardiff 026,2025,7,0.556312319786682,0.05186395766494042,0.89271105660923,0.20495317754226805,0.0027114810877955945,0.11312707273074327,0.31084611276254503,0.19771904003180177
W02000393,Cardiff 027,2021,5,0,0,0,0.15490435221166796,0.0016013137420191205,0.0898327542205512,0.2340164096892974,0.1441836554687462
W02000393,Cardiff 027,2023,4,0,0,0,0.18860257044846887,0.0021006598333323766,0.11247654998685552,0.27320522615067555,0.16072867616382003
W02000393,Cardiff 027,2025,15,0.4022961260797456,0.02342310086882338,0.59992958733688,0.19076799701994063,0.002872214602971521,0.10497376679557156,0.3086076780411906,0.20363391124561903
W02000394,Cardiff 028,2021,5,0,0,0,0.2214893864854776,0.002605469523977526,0.13259546075676093,0.33247238876814533,0.1998769280113844
W02000394,Cardiff 028,2023,3,0.4976859850854756,0.09640807456576318,1.2171239023645666,0.2671120094163428,0.003499121366024348,0.16627173351578184,0.3944191243192,0.22814739080341817
W02000394,Cardiff 028,2025,10,0.5047138276525701,0.04402893107287459,0.8225213082604673,0.2663802771342482,0.004785267304928624,0.15249428800004927,0.41805035293300485,0.2655560649329556
W02000395,Cardiff 029,2021,6,0.3244584508651281,0.04226143374591339,0.8058425589118988,0.18097032639008664,0.002044388418488592,0.10852775765221322,0.2869873522193375,0.1784595945671243
W02000395,Cardiff 029,2023,3,0,0,0,0.21889480348991763,0.002536944788605736,0.1347979998860826,0.32839602635109605,0.19359802646501345
W02000395,Cardiff 029,2025,7,0.08246422989637363,0.00686155437429759,0.3247052729773129,0.22018600036094138,0.004025345754982141,0.12113078887303924,0.35863488481560357,0.23750409594256433
W02000396,Cardiff 030,2021,4,0,0,0,0.19035147539709663,0.0020386885864355007,0.10818392886498035,0.29043995572918546,0.1822560268642051
W02000396,Cardiff 030,2023,6,0.17154133574073277,0.02465092343158432,0.6154527025028489,0.22823043877151958,0.0026874552247168003,0.13441444968439578,0.33619976663049267,0.2017853169460969
W02000396,Cardiff 030,2025,7,0.21053658235672584,0.02507284485106603,0.620697353024879,0.23033761613176076,0.003850842193674285,0.12220302983618685,0.36895620724717254,0.24675317741098568
W02000397,Cardiff 031,2021,10,0.13461226956242411,0.01630492688944871,0.500538530865489,0.16808908717451096,0.001697195909188689,0.10061057294045278,0.25275677026020393,0.15214619731975115
W02000397,Cardiff 031,2023,7,0.1246061028444968,0.00877025134046161,0.36709976503136427,0.2032962793450634,0.0022318139269537217,0.12759949066130458,0.3001981071590607,0.17259861649775612
W02000397,Cardiff 031,2025,11,0.23207340116475697,0.02085811008193523,0.5661292112486659,0.20584453146711396,0.0032699258069911,0.10265111302793037,0.3333987096778483,0.23074759664991792
W02000398,Cardiff 032,2021,7,0,0,0,0.2406282050787292,0.0036672623757354455,0.14177048748009194,0.3876040962088666,0.24583360872877466
W02000398,Cardiff 032,2023,3,0.8422381412483302,0.02677104679277708,0.6413731327123974,0.28471240123939034,0.004315455479071966,0.1746140280096367,0.44046125178735995,0.26584722377772324
W02000398,Cardiff 032,2025,12,0.08403365903910262,0.00683727694912481,0.3241303308593264,0.2840608309858219,0.005896901092756144,0.16238872480918967,0.4444452661222503,0.2820565413130607
W02000399,Cardiff 033,2021,7,0.2355382443273811,0.02513088401112957,0.6214153395480179,0.22764338312722976,0.002910153070792072,0.14370503226519257,0.35388510253275307,0.2101800702675605
W02000399,Cardiff 033,2023,6,0.5579520449133508,0.04881885396032232,0.8661076541909982,0.27601218779947645,0.0038051852163836874,0.17331705869773106,0.4055643821682935,0.23224732347056243
W02000399,Cardiff 033,2025,9,0.06388966893256559,0.00429808593693086,0.2569896506439465,0.2766216279338222,0.005401148477956948,0.15963440976287685,0.4434628168518069,0.28382840708893003
W02000400,Cardiff 034,2021,5,0.13383546070830082,0.01711177691599993,0.5127735811124361,0.1974054863416449,0.001848776568187819,0.12580356685049013,0.29505313697286306,0.16924957012237293
W02000400,Cardiff 034,2023,7,0.6402190307054487,0.04311052641822286,0.8138975659726456,0.2384409738117964,0.0023961506824777073,0.14910061695546903,0.34594528347356507,0.19684466651809604
W02000400,Cardiff 034,2025,10,0.5653953957252704,0.04022768465745965,0.7862136963027292,0.24044287013304474,0.003909964796965537,0.1409763432938585,0.3813011349618438,0.24032479166798532
W02000401,Cardiff 035,2021,9,0.4940242110912581,0.04708333986320062,0.8505732448771975,0.18831899467755486,0.0027515811091405563,0.10680427417513097,0.3105022172538481,0.2036979430787171
W02000401,Cardiff 035,2023,4,0.22040819235405973,0.04093696539318296,0.793114535996139,0.22806345593917035,0.0034577099722527998,0.1304366129193939,0.366666131982917,0.23622951906352307
W02000401,Cardiff 035,2025,16,0.27424028104590087,0.01579222912273057,0.4926061220161031,0.23016467651808653,0.0046188315446659915,0.11333306470974502,0.3704156836865649,0.2570826189768199
W02000402,Cardiff 036,2021,6,0,0,0,0.1929283785112944,0.0019045824736362896,0.12321494735010388,0.27543790446309596,0.15222295711299208
W02000402,Cardiff 036,2023,8,0.525760269019592,0.05114663362583142,0.8865160729298951,0.2383008353765511,0.0024625074807664363,0.15511732559010966,0.33295065947814384,0.17783333388803418
W02000402,Cardiff 036,2025,8,0,0,0,0.2395531324561773,0.004142973309578679,0.13697058579741478,0.3946986792157798,0.257728093418365
W02000403,Cardiff 037,2021,7,0,0,0,0.16416921534538848,0.0015853775076295868,0.09482343975663778,0.25326310969996657,0.1584396699433288
W02000403,Cardiff 037,2023,3,0.20121196781533016,0.04029677931993272,0.7868886029524639,0.2006501719647329,0.0020676210587553803,0.1181221344499784,0.3002106325896917,0.1820884981397133
W02000403,Cardiff 037,2025,9,0.3884071760766388,0.05166504358565265,0.8909975025860661,0.2029862744291435,0.003281822581222816,0.11237426288540986,0.33876859390743774,0.22639433102202788
W02000404,Cardiff 038,2021,7,0,0,0,0.15421881520205374,0.0014287955667319355,0.08829881347695427,0.22961401052956754,0.14131519705261325
W02000404,Cardiff 038,2023,4,0,0,0,0.18871372136557069,0.00197325368780855,0.10552705328653722,0.2774332216276326,0.1719061683410954
W02000404,Cardiff 038,2025,11,0.3044993808990656,0.03084581377540834,0.6884560215700947,0.19104742899656887,0.0033090115906602643,0.10024099345519105,0.32470505449710746,0.2244640610419164
W02000405,Cardiff 039,2021,11,0.12852043024098997,0.01414476040138025,0.46620388076671826,0.1641666167533586,0.0014724134399958,0.09521927516774886,0.2424518077457294,0.14723253257798052
W02000405,Cardiff 039,2023,3,0.49225564432170416,0.09429754806456342,1.2037277894647862,0.20090458692334148,0.002065069852552884,0.12179127020754789,0.29202412624585916,0.1702328560383113
W02000405,Cardiff 039,2025,12,0.17633801530263452,0.01849512225202716,0.5330975539800042,0.20426969738834017,0.003105473361451347,0.10446302748461951,0.3287359322622633,0.22427290477764378
W02000406,Cardiff 040,2021,7,0,0,0,0.17321354636831346,0.0024861152906783994,0.09384888324553944,0.2787590545928903,0.18491017134735085
W02000406,Cardiff 040,2023,2,0.5671503834768972,0.1206515425854046,1.3615842720816882,0.21043258441610524,0.003213406334806276,0.11689315841057704,0.331010290964294,0.21411713255371698
W02000406,Cardiff 040,2025,12,0.13115748284013626,0.0104657264495303,0.40101699307894656,0.21234490872804831,0.004329843561993643,0.10519183669431677,0.3543289306347034,0.24913709394038663
W02000407,Cardiff 041,2021,7,0,0,0,0.14394947476350092,0.0018557560682760624,0.07289005816520497,0.2289833894925868,0.15609333132738182
W02000407,Cardiff 041,2023,6,0,0,0,0.1749668426029868,0.002611822137965971,0.09317405410367571,0.28659180127132045,0.19341774716764473
W02000407,Cardiff 041,2025,4,0,0,0,0.17659512785632484,0.003150236885935694,0.09174122636763962,0.30759854756633564,0.21585732119869602
W02000408,Cardiff 042,2021,5,0,0,0,0.1724375755490172,0.001766766957437312,0.09976715440111665,0.2639340999936173,0.1641669455925006
W02000408,Cardiff 042,2023,3,0,0,0,0.21011410705963868,0.0023048077617281626,0.12836496609638687,0.31316019870050443,0.18479523260411757
W02000408,Cardiff 042,2025,11,0.07104526300740088,0.00488787411992192,0.2740552291230115,0.21349218002254772,0.0034113912947116793,0.11456380438951713,0.3388475143199787,0.2242837099304616
W02000409,Cardiff 043,2021,8,0,0,0,0.17053320301044364,0.0021304302948014506,0.10236838542181353,0.2616909510320361,0.15932256561022257
W02000409,Cardiff 043,2023,3,1,4.36794170409636e-33,2.590696291538526e-16,0.20726429725159629,0.0029518230661094535,0.12293996393735583,0.32077716490475056,0.1978372009673947
W02000409,Cardiff 043,2025,12,0.19153745556896415,0.01236439744549229,0.43587761415128556,0.20952975531182003,0.004046847310010757,0.10894131159427078,0.33960610634397886,0.23066479474970808
W02000410,Cardiff 044,2021,4,0,0,0,0.1878329408384856,0.002596633422798205,0.10154347932661094,0.29376344019930545,0.1922199608726945
W02000410,Cardiff 044,2023,4,0.45561540617658025,0.06306380517691158,0.9843922199273676,0.2274705564164323,0.0034636887287566517,0.12485921332191953,0.36377336867341886,0.23891415535149935
W02000410,Cardiff 044,2025,13,0.07258993377153926,0.00504197862583933,0.27834189958381567,0.22958097532130348,0.0045446707340181915,0.11993734999349803,0.3850504455142515,0.26511309552075346
W02000411,Cardiff 045,2021,6,0.12390080101473344,0.01519457361976722,0.4831949041881175,0.1707854949492451,0.0027472739522849386,0.08230384496903628,0.28501680643097527,0.20271296146193898
W02000411,Cardiff 045,2023,2,0.714266673441121,0.08338826032321775,1.1319586002340591,0.20732288607975535,0.0035890126768123227,0.10945733174793289,0.34227079053896314,0.23281345879103027
W02000411,Cardiff 045,2025,13,0.33818330501675087,0.01760608880566301,0.5201271580697868,0.20980825144145718,0.005075879176038828,0.09427572168726082,0.3793619461894636,0.2850862245022028
W02000412,Cardiff 046,2021,7,0,0,0,0.1649303109997349,0.0018731452248287551,0.09559378086330213,0.26210126530796674,0.16650748444466462
W02000412,Cardiff 046,2023,2,0,0,0,0.20043893673470703,0.0024831058129194394,0.11882194197756005,0.3093840373386388,0.19056209536107874
W02000412,Cardiff 046,2025,14,0.12874926305241097,0.00829752134970795,0.35706910579737033,0.20312287947077237,0.003864179551855631,0.10624474514382404,0.3492138997248845,0.24296915458106044
W02000414,Powys 020,2021,17,0.13931155955565344,0.00650849234472328,0.3162410809939621,0.12321575433947264,6.108749795676717e-4,0.08220887125613054,0.17826472260306142,0.09605585134693088
W02000414,Powys 020,2023,8,0,0,0,0.1507563569988494,9.009950477574518e-4,0.09566658068025363,0.21736633219343923,0.1216997515131856
W02000414,Powys 020,2025,25,0.2288125222915825,0.01231107645818973,0.4349367459875181,0.1518028722807967,0.0017362589993509476,0.09048361031244774,0.24687227437918072,0.15638866406673296
W02000415,Merthyr Tydfil 008,2021,14,0.19585793791323836,0.01237457231515581,0.43605692276294655,0.1569162515672968,0.0014703824854435915,0.10038488876785823,0.25058000370190986,0.15019511493405163
W02000415,Merthyr Tydfil 008,2023,10,0.21482493393678545,0.01873793826518991,0.5365855690584148,0.19095867890903492,0.0019513739435335624,0.1206666073296419,0.2898650851215828,0.16919847779194092
W02000415,Merthyr Tydfil 008,2025,32,0.0968178672010492,0.00212990939563256,0.18090836614299502,0.19299631474019333,0.002868023006596365,0.10754241570446645,0.313236729563336,0.20569431385886955
W02000416,Powys 021,2021,23,0.07227103201458769,0.0027983293569637,0.20736120168937602,0.11727424970365151,5.974345957346766e-4,0.06893993808468749,0.16739711424370884,0.09845717615902136
W02000416,Powys 021,2023,8,0,0,0,0.14410247872877407,8.957141181790729e-4,0.08572730619764804,0.20617491816932665,0.12044761197167861
W02000416,Powys 021,2025,25,0.08284698841206274,0.00294160090819805,0.21260328083789531,0.14543754409010137,0.0015945902955636392,0.07989940668576184,0.2411231748785907,0.16122376819282885
W02000417,Neath Port Talbot 020,2021,17,0.17453315070401065,0.0163979100923879,0.5019637292289262,0.12233583206244393,8.301456847809515e-4,0.07707371509387563,0.17792846744998073,0.1008547523561051
W02000417,Neath Port Talbot 020,2023,7,0,0,0,0.14909589126626227,0.0010956248680299581,0.09298784932134765,0.2134663545656744,0.12047850524432674
W02000417,Neath Port Talbot 020,2025,13,0,0,0,0.15056344361272442,0.0019673558411486183,0.08346046540296975,0.2516757694075604,0.16821530400459067
W02000418,Carmarthenshire 027,2021,13,0.25890622374747385,0.02011824679180617,0.5559979014179283,0.11850563069284034,8.106663498400288e-4,0.06957865018508301,0.1832702530801793,0.11369160289509629
W02000418,Carmarthenshire 027,2023,6,0.29332153653988474,0.05246298223141205,0.8978516266127202,0.1452807670659401,0.0012046257900591806,0.08555718200776533,0.2178243532238292,0.13226717121606388
W02000418,Carmarthenshire 027,2025,11,0.1118247856859071,0.011072156926720811,0.41247174395471603,0.14561956155769948,0.0018872938406023138,0.07698084765871732,0.23613713133134806,0.15915628367263074
W02000419,Denbighshire 017,2021,6,0.6927867060761899,0.03437899344324663,0.7268163113446071,0.161894466406061,0.0021600816085215707,0.08768913719748382,0.2656331412612831,0.1779440040637993
W02000419,Denbighshire 017,2023,3,0,0,0,0.19624026158199684,0.00304700009655884,0.10780759150206287,0.3141539694321491,0.20634637793008626
W02000419,Denbighshire 017,2025,13,0.374484824340738,0.0359603202694305,0.7433440374254427,0.19760849525951346,0.004107939157704545,0.10027146648911839,0.3616900113161873,0.2614185448270689
W02000421,Ceredigion 011,2021,5,0,0,0,0.10927826565692289,5.110402882891771e-4,0.06326913698480346,0.15771985482473921,0.09445071783993575
W02000421,Ceredigion 011,2023,11,0,0,0,0.1342756517243895,7.442336404801269e-4,0.08115661795076998,0.18903281683879372,0.10787619888802374
W02000421,Ceredigion 011,2025,25,0.19558762019629897,0.00817094807213975,0.354335211601415,0.13485265805204785,0.0014224862799600447,0.07723653027891256,0.2256737969793825,0.14843726670046994
W02000422,Cardiff 048,2021,4,0.6527917608833991,0.06382526590078362,0.9903173848372311,0.2013414658307415,0.0027398072214266118,0.12066823339866709,0.3241217343559969,0.2034535009573298
W02000422,Cardiff 048,2023,3,0.383280859516237,0.08459565952097206,1.1401241028226268,0.23928826103860085,0.0035477779556570815,0.14657785321972655,0.37956394480560796,0.2329860915858814
W02000422,Cardiff 048,2025,9,0.16442719866020877,0.01382455279276886,0.4608967358006933,0.2402843455051589,0.0048541416068942685,0.13327808226459334,0.4131270114178457,0.2798489291532523
W02000423,Cardiff 049,2021,6,0.28636207675085457,0.05171990262301033,0.8914704170898867,0.18088842828467724,0.0018620760355545203,0.10762930438045824,0.2722212474044973,0.16459194302403907
W02000423,Cardiff 049,2023,3,0,0,0,0.22175211974362471,0.0024371914866408665,0.13464867488362253,0.32759675665015103,0.1929480817665285
W02000423,Cardiff 049,2025,11,0.386029609120118,0.0407181831721557,0.7909923486591169,0.22426048131107543,0.003858213106604284,0.1248256763270992,0.36881047993619503,0.24398480360909583
W02000424,Wrexham 021,2021,3,0,0,0,0.10788029158071338,7.761090774532073e-4,0.059929761261391365,0.16335002445651592,0.10342026319512455
W02000424,Wrexham 021,2023,9,0.03824105622606566,0.00157982677432748,0.1558055133480076,0.13181234561849314,0.0010975099363555924,0.07431446805053121,0.21278777551299888,0.13847330746246767
W02000424,Wrexham 021,2025,11,0.38668272783617713,0.03714843679057483,0.755524162907188,0.13260634636971366,0.0016267015316922694,0.06381639968675576,0.22497067206617677,0.161154272379421
W02000425,Wrexham 022,2021,3,0.3765990236350886,0.08291873523211025,1.1287673043779938,0.12705144913696506,9.535431016592421e-4,0.0751646760812444,0.19429049021621148,0.11912581413496708
W02000425,Wrexham 022,2023,1,0,0,0,0.15567263923132096,0.0013675640384433274,0.08959174100635264,0.23946487534993452,0.14987313434358188
W02000425,Wrexham 022,2025,10,0.21485879600477464,0.01742904966086088,0.5175054649219849,0.15655051696912115,0.0021265965086880493,0.08069560379706761,0.25680791511274337,0.17611231131567576
W02000426,Wrexham 023,2021,5,0.1457022301622879,0.01998616893545668,0.5541698113358141,0.11482084023922767,0.0013808412102911235,0.05694971355957164,0.19288042353234586,0.13593070997277423
W02000426,Wrexham 023,2023,1,0,0,0,0.13989675858388176,0.0019210460433057431,0.06991221131028813,0.23057683769651696,0.16066462638622883
W02000426,Wrexham 023,2025,11,0.1233595580884146,0.00785897326892542,0.347504947795066,0.14044488306717157,0.002316693408658124,0.06961702622738636,0.24650458306558087,0.17688755683819452
W02000427,Neath Port Talbot 021,2021,9,0.17594921208937675,0.02407479984200419,0.6082182246842411,0.14409736344029356,8.363337613309589e-4,0.08566126459570289,0.198038482049755,0.1123772174540521
W02000427,Neath Port Talbot 021,2023,10,0.04543851708913563,0.00214566299872215,0.18157616641705163,0.1749755879099949,0.0011005637410765009,0.10638927143494784,0.23866557804440108,0.13227630660945325
W02000427,Neath Port Talbot 021,2025,18,0.05303561036563484,0.00273429171052016,0.20497481806044848,0.17648335584667715,0.001953793277411762,0.09628376078952688,0.26711502960799494,0.17083126881846805
W02000428,Swansea 032,2021,12,0.16492194552070902,0.01449449700169193,0.4719322551327637,0.12873247274734115,9.631436734050978e-4,0.0796389555535334,0.2009286164428864,0.121289660889353
W02000428,Swansea 032,2023,4,0,0,0,0.15519844343216135,0.001288105098788948,0.09663798333649296,0.2422291451019295,0.14559116176543654
W02000428,Swansea 032,2025,4,0,0,0,0.15515373750939154,0.0021876914127830008,0.08551385824856286,0.2719760897691001,0.18646223152053723
