area_id,time_id,mrp_estimate,mrp_variance,mrp_lower,mrp_upper,mrp_ci_width
W02000001,2021,0.02339931333124788,6.112723975919846e-5,0.010792634842633373,0.038062265221713826,0.02726963037908045
W02000002,2021,0.0187459492715756,3.0307548315344083e-5,0.009851486603781812,0.031132917336161282,0.02128143073237947
W02000003,2021,0.044554964661102675,3.804635410797856e-4,0.018406066124052097,0.0900876349643534,0.0716815688403013
W02000004,2021,0.029745823720499616,1.2305348674948106e-4,0.013904005804188685,0.05415285186609861,0.040248846061909926
W02000005,2021,0.017945545316845227,3.581915884313689e-5,0.00849275739256062,0.03163752519384772,0.023144767801287103
W02000006,2021,0.025020995583295624,6.746280397601505e-5,0.01228216467287263,0.04387369532512603,0.0315915306522534
W02000007,2021,0.027124397906989985,6.430062274421266e-5,0.01500752937485556,0.044576104622824055,0.029568575247968493
W02000008,2021,0.019960110607322338,6.742837529413274e-5,0.007570395774227001,0.03964262341499355,0.032072227640766546
W02000009,2021,0.021306695928325,4.457114164044289e-5,0.010603175881115,0.03512679498996159,0.024523619108846588
W02000010,2021,0.035220321334453394,3.212985356403977e-4,0.012374080035874147,0.08251714510373515,0.070143065067861
W02000011,2021,0.02731078611504227,8.719948483069344e-5,0.012463711818563747,0.04700070320564434,0.03453699138708059
W02000012,2021,0.024509449053232456,5.8792752324932565e-5,0.012585718401006717,0.04415494367160636,0.031569225270599646
W02000013,2021,0.024410941277609125,8.832159130781651e-5,0.010762277173175,0.047970316296057094,0.03720803912288209
W02000014,2021,0.024802049047969142,6.755756640256721e-5,0.013072369844984425,0.04354556747662299,0.03047319763163857
W02000015,2021,0.024929984786470027,1.0039656588068445e-4,0.009456656296038979,0.04862358866913886,0.03916693237309988
W02000016,2021,0.023332168094954135,6.429479021321153e-5,0.010664177233962298,0.04059672579913785,0.029932548565175555
W02000017,2021,0.02252588406573327,5.741060338353443e-5,0.010875045619226587,0.04019032242737479,0.029315276808148202
W02000018,2021,0.024557638553192193,5.479214970018774e-5,0.013073693699344146,0.04292249045171455,0.029848796752370402
W02000019,2021,0.02153781440569883,4.636284893028144e-5,0.011039954229544027,0.036334234739865814,0.025294280510321787
W02000020,2021,0.02298126939108875,5.975462404412731e-5,0.01130388905487666,0.03997072969251367,0.028666840637637008
W02000021,2021,0.02401157511585874,1.0868087445260201e-4,0.0098186993721945965,0.05184760882511877,0.042028909452924174
W02000022,2021,0.019503499967061518,4.079275413785238e-5,0.009613880560258541,0.03335367623828779,0.023739795678029252
W02000023,2021,0.020436513121379413,1.0498082851331443e-4,0.006111936469162815,0.042621789142658545,0.03650985267349573
W02000024,2021,0.025887459613610705,4.680123759094516e-5,0.015550507992972322,0.04240294532132845,0.026852437328356127
W02000025,2021,0.023833788752145042,4.823692251801819e-5,0.012662609118072564,0.040368899613539136,0.027706290495466572
W02000026,2021,0.02416266162247682,5.021396482857738e-5,0.012968378291931912,0.039623844897765784,0.026655466605833872
W02000027,2021,0.0202307986726752,1.064384720616643e-4,0.005926292027629685,0.04304312686672246,0.037116834839092776
W02000028,2021,0.018705068786507538,6.076773570047803e-5,0.007055458048922941,0.03576955855071125,0.028714100501788305
W02000029,2021,0.017157187107332095,4.660825960141425e-5,0.006840656625326855,0.03470889938904056,0.027868242763713705
W02000030,2021,0.01862924252368649,6.087384881770479e-5,0.00712849350412622,0.03552297531261893,0.02839448180849271
W02000031,2021,0.021326037486406865,5.562146187092031e-5,0.009358799484512563,0.03644348837497785,0.027084688890465287
W02000032,2021,0.017617955660178826,4.4009029474244895e-5,0.00726690814714916,0.034214740619394904,0.026947832472245744
W02000033,2021,0.02624640159824845,1.0192198093033678e-4,0.011053321982568292,0.048067960384405195,0.0370146384018369
W02000034,2021,0.02400033618160183,7.001451555545371e-5,0.010692010213041888,0.04525489452418094,0.03456288431113905
W02000035,2021,0.02250605849914512,5.811962309162352e-5,0.010997041409715861,0.038953691325147206,0.027956649915431345
W02000036,2021,0.021539744432093354,5.403602116324059e-5,0.010010179163616142,0.03832169669357565,0.028311517529959508
W02000037,2021,0.021818634835056593,4.911110490035654e-5,0.010656914896683566,0.03833576766959973,0.027678852772916165
W02000038,2021,0.020911289712189057,5.8542588571561134e-5,0.009442350591911874,0.03825632510273233,0.028813974510820455
W02000039,2021,0.02142635689169303,7.003531284189589e-5,0.008383613121272327,0.040808261160318146,0.03242464803904582
W02000040,2021,0.021934600041857537,4.314016250291251e-5,0.010799834436625046,0.03595234460534918,0.02515251016872413
W02000041,2021,0.02280010495646407,5.1744252139030606e-5,0.011843850758116701,0.03978873501860237,0.027944884260485667
W02000042,2021,0.023243060159676147,8.053817179676076e-5,0.011001497818460777,0.04310174084479762,0.03210024302633684
W02000043,2021,0.029067806407851105,1.041038106065795e-4,0.013148168491364721,0.05285009411959442,0.039701925628229696
W02000044,2021,0.025742243067941265,8.754206808264558e-5,0.012867380110269173,0.04882110926643497,0.0359537291561658
W02000045,2021,0.027166736258492117,8.6627995954475e-5,0.011818996261245794,0.04821032906636499,0.0363913328051192
W02000047,2021,0.02666621726707777,1.1715369212191795e-4,0.010886821321136384,0.0517253428135331,0.040838521492396716
W02000049,2021,0.02706403575585872,6.54687781252104e-5,0.014247473525751543,0.04517996643828672,0.03093249291253518
W02000050,2021,0.022379173386480593,4.9276354472268867e-05,0.011263541070856954,0.037449287965281824,0.02618574689442487
W02000051,2021,0.02434153396089456,5.877639942822225e-5,0.011658360700148949,0.04118951183108353,0.029531151130934585
W02000052,2021,0.0285078370167418,9.860258830509637e-5,0.014195506133194058,0.051110764659709956,0.0369152585265159
W02000053,2021,0.024195063685347774,5.580918259728398e-5,0.012585913820548965,0.0433470402902202,0.030761126469671232
W02000054,2021,0.02487314244316391,6.056548739762028e-5,0.012748733612069688,0.04109133558431006,0.02834260197224037
W02000055,2021,0.03112849209685255,1.1726716336214474e-4,0.015126461880194238,0.05805742709135649,0.04293096521116225
W02000056,2021,0.025106085563350505,6.417158965442604e-5,0.013373358436894842,0.04466931309449322,0.03129595465759838
W02000057,2021,0.02471266451111894,4.733372960425199e-5,0.013258106994047805,0.04033833656281127,0.027080229568763468
W02000058,2021,0.025569915831195545,6.832066181533819e-5,0.01333140739815833,0.04481656178060767,0.03148515438244934
W02000059,2021,0.025334685025657756,6.238201944179019e-5,0.012631578283398733,0.04347347444044408,0.03084189615704535
W02000060,2021,0.025979117336268617,6.954901028474911e-5,0.012273005946733029,0.04467699112484018,0.03240398517810715
W02000061,2021,0.03170002193845458,1.2830334178335674e-4,0.014230031289831408,0.06116322839077934,0.046933197100947933
W02000062,2021,0.025188051711913906,6.959475304859517e-5,0.011716691656078498,0.045784337398504016,0.03406764574242552
W02000063,2021,0.021898342036143634,3.704223903774995e-5,0.011691641546590675,0.035416825383969355,0.02372518383737868
W02000064,2021,0.027723246071240576,1.142257982749488e-4,0.010721357023594176,0.050468861206423535,0.03974750418282936
W02000065,2021,0.026698268477520805,8.77226077073298e-5,0.013139298527983005,0.046968459532256035,0.03382916100427303
W02000066,2021,0.02792765254723808,9.472988991735727e-5,0.011955244254577488,0.04837948758707776,0.03642424333250027
W02000067,2021,0.023386740546899175,6.104783479690391e-5,0.011546450557202936,0.04305257295485327,0.031506122397650334
W02000068,2021,0.029147851773511934,1.2682203491384508e-4,0.0146810587264689,0.0568256174397071,0.0421445587132382
W02000069,2021,0.022593889026696935,4.490536402689465e-5,0.012579118138834534,0.03824093415885141,0.025661816020016874
W02000070,2021,0.02453271044120107,5.147136461540096e-5,0.01300074610135055,0.03960320578749903,0.026602459686148477
W02000071,2021,0.023885755800755214,5.687477381068429e-5,0.012187917545212819,0.04086885114054858,0.02868093359533576
W02000072,2021,0.02761290745976168,8.179579843254585e-5,0.01359542729832707,0.0505580840535427,0.03696265675521563
W02000073,2021,0.024613152699691054,5.187263877699772e-5,0.013298001457628935,0.040146618058413346,0.02684861660078441
W02000074,2021,0.026046074132493328,5.7775469488319554e-5,0.013817613104672208,0.04318996077222123,0.029372347667549023
W02000075,2021,0.024182383561743452,5.967989337245019e-5,0.01229099631316574,0.03962249000588658,0.027331493692720837
W02000076,2021,0.023555603246890447,5.095542448037259e-5,0.01289516983645798,0.04004309462968681,0.02714792479322883
W02000077,2021,0.02467226215600403,5.143829825267805e-5,0.01271691599277317,0.0420961759572594,0.029379259964486232
W02000080,2021,0.02592085307403444,9.221713711707095e-5,0.012106877754550723,0.05212918456637795,0.040022306811827224
W02000081,2021,0.02761212671034909,7.047667538132619e-5,0.013285197037472132,0.046439138441104325,0.03315394140363219
W02000082,2021,0.027715865811608467,1.202589406663729e-4,0.013291701287662203,0.05517989713755918,0.041888195849896975
W02000083,2021,0.026431996763086527,6.131792776974525e-5,0.012899263762041452,0.04426204244140917,0.031362778679367716
W02000085,2021,0.024868264874837013,9.810184452269332e-5,0.010460213530062185,0.04943457368879024,0.03897436015872806
W02000087,2021,0.045455667247584514,3.718143110216343e-4,0.01954580976839858,0.09390445107441785,0.07435864130601927
W02000088,2021,0.029678585496334196,1.0743431496007036e-4,0.013413454677863559,0.052979425980509635,0.03956597130264608
W02000089,2021,0.03754674775768947,3.2898389673007933e-4,0.012245512134572053,0.08166519434105764,0.06941968220648559
W02000090,2021,0.02562454827279908,5.4263127584455965e-5,0.013177691248613121,0.04256268663329403,0.02938499538468091
W02000091,2021,0.0260636254973285,6.449579181103645e-5,0.013435395823686844,0.04448753262134031,0.031052136797653465
W02000092,2021,0.027191051777882502,6.967548978550111e-5,0.012796277432476487,0.04476850044422661,0.03197222301175012
W02000093,2021,0.02666503647615368,5.7092814121468565e-5,0.014884835895200486,0.04335246345510656,0.02846762755990607
W02000094,2021,0.027785049418569498,6.768377181935567e-5,0.014256899899164274,0.046722095751155227,0.03246519585199095
W02000095,2021,0.023213074886447173,6.195906848230035e-5,0.01068386138713721,0.042327338469831916,0.0316434770826947
W02000096,2021,0.028081394790530925,6.947930789058327e-5,0.015252945306714024,0.04751277446840277,0.03225982916168874
W02000097,2021,0.027645761934122527,5.333134510927602e-5,0.016368339113863567,0.04294298778621823,0.026574648672354664
W02000098,2021,0.023635643606181575,4.95410252258563e-5,0.012240841032846297,0.04130203863628382,0.02906119760343752
W02000099,2021,0.026258265829634468,8.355895046003907e-5,0.011986895069605513,0.04665475778325895,0.034667862713653436
W02000100,2021,0.029525178895435537,6.406342259389956e-5,0.017268295561895044,0.04974340447630991,0.032475108914414866
W02000101,2021,0.024726966265220283,5.67201377509726e-5,0.012466868357403365,0.04106938751832627,0.028602519160922907
W02000102,2021,0.02775861531650901,6.041198529838439e-5,0.015766279067921402,0.04599646908310953,0.03023019001518813
W02000103,2021,0.027891073012157767,5.5011882305437253e-5,0.016839145825527094,0.04678509968344338,0.029945953857916287
W02000104,2021,0.034890997151864514,1.3054368272765954e-4,0.019119992707820166,0.06153149613916062,0.04241150343134045
W02000105,2021,0.036721387754045494,1.3992484453464354e-4,0.020169906122462,0.06578574169070983,0.04561583556824783
W02000106,2021,0.027162342197807776,5.4091930674391896e-5,0.01580008733011419,0.04515153929145846,0.02935145196134427
W02000107,2021,0.0296046569852916,6.927370547829774e-5,0.015823574851028956,0.04906276342754813,0.033239188576519176
W02000108,2021,0.0289177976486442,6.149075913339594e-5,0.01626041854398232,0.04802526003712901,0.03176484149314669
W02000109,2021,0.039499443062306266,1.8902322296924823e-4,0.022670502578715813,0.06985758811491441,0.047187085536198596
W02000110,2021,0.026758591850565883,4.4432737014656875e-5,0.01574992598534498,0.043922412961325305,0.028172486975980324
W02000111,2021,0.023687319079844782,4.483779447017404e-5,0.013120947696336661,0.03767063664172453,0.024549688945387865
W02000113,2021,0.03063399861180569,1.2715547057720093e-4,0.01547409224620869,0.059166428319438885,0.0436923360732302
W02000114,2021,0.021867989236292556,3.5091988006306136e-5,0.011632810178220824,0.03535335222299585,0.023720542044775025
W02000116,2021,0.028431689070784163,9.849347184674479e-5,0.014484057693296299,0.053799722333692734,0.03931566464039644
W02000117,2021,0.047418518640567564,2.5751611774430335e-4,0.022966723970611613,0.08175972415261067,0.05879300018199905
W02000118,2021,0.03899750097448315,1.7682381740755071e-4,0.019949856201176563,0.0693716763459983,0.04942182014482174
W02000120,2021,0.026720767209353024,6.309237907775338e-5,0.014462875711369588,0.04321492936514387,0.028752053653774284
W02000122,2021,0.02753432311226214,6.895874878163568e-5,0.015996278206869066,0.04508310119739264,0.02908682299052357
W02000123,2021,0.029708972012250985,7.543452497173994e-5,0.016368848304744946,0.04992112218558769,0.03355227388084274
W02000124,2021,0.02610703400672485,8.205760643427433e-5,0.012128328962865777,0.04741354975052607,0.03528522078766029
W02000125,2021,0.026320474822388966,5.032086842839846e-5,0.015519943031911305,0.042830655334439485,0.02731071230252818
W02000126,2021,0.026368322590761765,6.32239576811185e-5,0.014195713984597267,0.045853772789494256,0.031658058804896985
W02000127,2021,0.02590794993222169,8.516489418216787e-5,0.013060450486686054,0.048517208848087676,0.03545675836140162
W02000128,2021,0.026104730791704597,8.567999796343223e-5,0.011704784616289446,0.04883952008127673,0.03713473546498729
W02000129,2021,0.029426885455658556,9.527197659363325e-5,0.01576422529744888,0.055437147761369834,0.03967292246392096
W02000130,2021,0.04077190043457366,1.923921005260133e-4,0.02074205562277995,0.07153064281822707,0.05078858719544713
W02000131,2021,0.033792643890887986,1.3441573447255884e-4,0.01767341792674345,0.06260910783040244,0.04493568990365899
W02000132,2021,0.025503339007057445,7.195429367140598e-5,0.01110180606320869,0.0455330568107771,0.034431250747568407
W02000133,2021,0.032639072688167285,1.2502665543729833e-4,0.01600234418338539,0.05789458546093798,0.04189224127755259
W02000134,2021,0.03231885050932,1.5926964746775405e-4,0.015560264524962364,0.06433157120596561,0.04877130668100325
W02000135,2021,0.036568372867393936,2.2737014378571875e-4,0.01770145700016648,0.07179259579212527,0.05409113879195879
W02000136,2021,0.024090958599426122,5.7353277710714435e-5,0.011587233683506955,0.040041480768014844,0.02845424708450789
W02000137,2021,0.03898885849368406,2.1541083596148376e-4,0.016689396821482724,0.07369670726193071,0.05700731044044799
W02000138,2021,0.024026227989943912,1.0968525208954449e-4,0.007480151035108699,0.04818612840624281,0.040705977371134114
W02000139,2021,0.021431793334839078,7.868384947989793e-5,0.007748990529381406,0.041513457718616656,0.03376446718923525
W02000140,2021,0.023136784946839684,1.253407853676022e-4,0.008249847451736526,0.047019358848914214,0.038769511397177686
W02000141,2021,0.023389347187995752,8.288484055559542e-5,0.009405675426321852,0.04482734028385746,0.035421664857535604
W02000142,2021,0.027082551392734557,6.12001434173325e-5,0.015658492159633185,0.042848913491925766,0.02719042133229258
W02000143,2021,0.02484925600761948,4.278809344389806e-5,0.013549440867010449,0.03983898141943713,0.026289540552426684
W02000144,2021,0.024793754871004176,5.4550951475197504e-5,0.012098449135559745,0.040524963687615025,0.02842651455205528
W02000145,2021,0.02310373193497398,3.590378374725922e-5,0.012937654230517622,0.03513171628126094,0.022194062050743316
W02000146,2021,0.02390978014157816,4.1307585876272616e-5,0.012657671097036624,0.03743292250677022,0.0247752514097336
W02000147,2021,0.02880607796914825,8.114142519617646e-5,0.014441731752731703,0.04928724066433972,0.034845508911608016
W02000148,2021,0.03156947419241551,1.3978538891123044e-4,0.01517166304081879,0.059898663426552506,0.04472700038573372
W02000149,2021,0.028834080179449176,7.092895542341014e-5,0.0156507121046277,0.04621844966445891,0.030567737559831214
W02000151,2021,0.023879555060512862,4.5717439368575285e-5,0.012177297475779888,0.040756158324605954,0.028578860848826066
W02000152,2021,0.02480787307776214,4.988751637467524e-5,0.013877978989629412,0.039368332463682376,0.025490353474052964
W02000153,2021,0.024198075980233134,5.902957132004413e-5,0.012472274011549132,0.039711486578055524,0.027239212566506393
W02000154,2021,0.025117711894575685,6.0641637807018474e-5,0.012843497326530902,0.043827127225046975,0.030983629898516073
W02000156,2021,0.024104695850384585,5.324237205323127e-5,0.01231561604628879,0.04067576639923012,0.028360150352941333
W02000157,2021,0.024077777080636912,4.633705253401962e-5,0.011813064955873654,0.03837321637446351,0.026560151418589854
W02000158,2021,0.024319133095188582,5.006969032893745e-5,0.01292026059299196,0.039997591339509614,0.027077330746517653
W02000159,2021,0.029539251942288812,8.629956974854058e-5,0.015498527842788436,0.05181585947643065,0.036317331633642216
W02000160,2021,0.02425837903407491,6.18169307426207e-5,0.012167306001583535,0.04283499789200171,0.030667691890418174
W02000161,2021,0.025796475757368553,7.212866115675026e-5,0.012035318558555035,0.044053939928294934,0.0320186213697399
W02000162,2021,0.025265942447811763,8.228190118894518e-5,0.01178831988471362,0.04747754761768491,0.03568922773297129
W02000163,2021,0.028683664622076246,9.946025333143696e-5,0.012996020331757261,0.05274486388288405,0.03974884355112679
W02000164,2021,0.025372720914089455,6.458294970938542e-5,0.013687180861442157,0.0445386176967446,0.030851436835302445
W02000165,2021,0.030229842682074702,1.0092092941682885e-4,0.014413255253864613,0.05399562694943408,0.03958237169556947
W02000166,2021,0.028876190146975223,9.196199489699528e-5,0.013979726967723143,0.05077274892699392,0.036793021959270776
W02000167,2021,0.03116025738068976,1.2126436754712493e-4,0.014398264878218924,0.05811582883967542,0.0437175639614565
W02000168,2021,0.02693933398665769,7.024208367693566e-5,0.013554808622692316,0.04653684583218247,0.03298203720949015
W02000169,2021,0.026064214737517157,5.919733789315801e-5,0.01468064671993485,0.04290896769688682,0.02822832097695197
W02000170,2021,0.02386430348990195,6.323375561282935e-5,0.011105542003275603,0.0409403004068066,0.029834758403530996
W02000171,2021,0.02213289147016437,4.541474524771373e-5,0.011394981138894606,0.03562936898146697,0.024234387842572366
W02000172,2021,0.02261948468746527,7.570778859382982e-5,0.009405805876256147,0.044583910496537565,0.03517810462028142
W02000173,2021,0.024263991124608492,5.407091116094352e-5,0.013213405099373493,0.04073548405981266,0.027522078960439164
W02000174,2021,0.020752573185082925,4.923562556699652e-5,0.009106115263056698,0.03523337377426359,0.02612725851120689
W02000175,2021,0.024022292321493683,9.153488702424176e-5,0.009552065916020647,0.048999060999069345,0.0394469950830487
W02000176,2021,0.022326037745171518,4.988394856331838e-5,0.010412906184681808,0.035777717711239165,0.025364811526557358
W02000177,2021,0.02182375851925366,5.512799594841875e-5,0.010188777576902062,0.037886994447853733,0.02769821687095167
W02000178,2021,0.026884690688940786,7.619865168062626e-5,0.01240307108651047,0.04643986895464183,0.034036797868131366
W02000179,2021,0.021009694899218542,4.22555780078796e-5,0.011054942997456081,0.036537513226252025,0.025482570228795944
W02000180,2021,0.023611808905899978,6.040289243445444e-5,0.010858802729538476,0.04100157824308459,0.030142775513546115
W02000181,2021,0.023393615168902385,7.094186678533234e-5,0.010591768875582431,0.04178423088674754,0.03119246201116511
W02000182,2021,0.02468547542545617,7.183266746899091e-5,0.010763490680242098,0.04237509710533463,0.03161160642509253
W02000183,2021,0.02637295817430252,7.791209739010632e-5,0.012645978785161355,0.046049101286754025,0.03340312250159267
W02000184,2021,0.023648470380905628,5.199209643623533e-5,0.011467625142768388,0.03896561241330944,0.02749798727054105
W02000185,2021,0.02100672747090134,7.390033184291404e-5,0.009594306089486816,0.040561590290404057,0.03096728420091724
W02000186,2021,0.02733916861413958,8.672603428548382e-5,0.012707278525414248,0.047757906430450296,0.03505062790503605
W02000188,2021,0.028660662774637146,1.0442835395508494e-4,0.011916809525663007,0.052364151008052334,0.04044734148238933
W02000189,2021,0.025001505259261276,7.906658206567413e-5,0.01276059518679407,0.04258452230196222,0.02982392711516815
W02000191,2021,0.033372491771346297,1.269409091185606e-4,0.015258189991365707,0.05929628345600564,0.04403809346463994
W02000192,2021,0.03215035678274289,1.2052305155700752e-4,0.015964139508711554,0.05566105859536789,0.03969691908665634
W02000193,2021,0.0352987607686893,1.7213106322235442e-4,0.01646496897738981,0.06770711517689543,0.051242146199505616
W02000194,2021,0.022508115909409467,6.218738604594377e-5,0.010510776142047297,0.04182023271752761,0.031309456575480316
W02000195,2021,0.02135496956800999,6.906927287517623e-5,0.008851054196241392,0.038458463605348395,0.029607409409107003
W02000196,2021,0.027487935386158183,1.2321365461066898e-4,0.012245276308654022,0.05370528790631868,0.04146001159766466
W02000197,2021,0.019915135536324156,6.225764220977548e-5,0.008984084245228887,0.038977066593688034,0.029992982348459145
W02000198,2021,0.02546707842463207,1.24725516300954e-4,0.0105903542416244,0.05078780921370984,0.040197454972085433
W02000200,2021,0.023704571386915282,4.664436794531164e-5,0.013402096278730371,0.041886294249673835,0.028484197970943464
W02000201,2021,0.022849253709600982,4.376290288626765e-5,0.011617760662274573,0.038441811417784806,0.026824050755510233
W02000202,2021,0.024546680004952092,5.338255805200004e-5,0.013256106798632148,0.040537323228010354,0.027281216429378204
W02000204,2021,0.021638016296343928,4.772216742622599e-5,0.011729947081127137,0.03662648511068211,0.024896538029554972
W02000205,2021,0.021633674094831225,5.250656177622783e-5,0.009101102945650873,0.03709506563538489,0.027993962689734014
W02000206,2021,0.02214215353073485,6.123009480424607e-5,0.008575900894099642,0.03856187473852401,0.029985973844424366
W02000207,2021,0.019483943772474244,4.4977607532610245e-5,0.008529063829231985,0.03363419867239835,0.025105134843166364
W02000208,2021,0.02260507154143692,5.836077869435414e-5,0.010318898402781357,0.041817973156969196,0.03149907475418784
W02000210,2021,0.021625995933424746,6.268392623692662e-5,0.008670334518695488,0.03879344629712495,0.030123111778429464
W02000211,2021,0.02360765402539264,6.96949416741031e-5,0.011402974527237535,0.03978575341692497,0.028382778889687432
W02000212,2021,0.022346862068394095,3.999427054888557e-5,0.012013849472515908,0.036429583924033705,0.024415734451517797
W02000213,2021,0.01921864063204665,3.916068699829077e-5,0.009142703107043793,0.032370323676972304,0.02322762056992851
W02000214,2021,0.02024709589251905,6.149678755348984e-5,0.008974373486920357,0.039906731889360315,0.030932358402439956
W02000215,2021,0.021323267124570094,7.65389308874982e-5,0.00808424229257836,0.0430492531877379,0.034965010895159535
W02000216,2021,0.02137987627644229,4.6280792057309745e-5,0.010326614806337113,0.03480704796612957,0.02448043315979246
W02000217,2021,0.022802454688602026,4.310042454418037e-5,0.011521789848302332,0.03704206953820083,0.025520279689898496
W02000218,2021,0.024833762510664284,5.554604645965104e-5,0.013875546282631795,0.04211864885198095,0.028243102569349157
W02000219,2021,0.0228733247737401,5.766741130105169e-5,0.011306049923272643,0.041469351641530344,0.0301633017182577
W02000220,2021,0.024389746024097003,5.087665032182929e-5,0.012245276113504283,0.03903070000340854,0.026785423889904257
W02000221,2021,0.024342477202318927,5.5467216386322796e-5,0.012668873194829497,0.04315172747948136,0.03048285428465186
W02000222,2021,0.023314238964263052,4.721385038598572e-5,0.012117954886411552,0.038110872572370544,0.025992917685958992
W02000223,2021,0.02257979220673696,4.594548633070672e-5,0.011891685019350635,0.037520141975959195,0.02562845695660856
W02000224,2021,0.023606861464052685,6.227233229565196e-5,0.010752379642536981,0.038883588098264574,0.028131208455727592
W02000225,2021,0.025541840797026993,7.515241656335147e-5,0.012907032777345326,0.04572334827119674,0.03281631549385142
W02000226,2021,0.0228508692053159,4.650022854047286e-5,0.01137829695525856,0.03964009273017848,0.028261795774919923
W02000227,2021,0.026419893725384724,7.676541914214642e-5,0.012958403921358247,0.04536556452350529,0.032407160602147045
W02000228,2021,0.02536964660596053,5.804393447417974e-5,0.012861067971122912,0.041968065216727135,0.029106997245604223
W02000229,2021,0.025757897155539975,8.34271272568469e-5,0.011852318526723618,0.047381178264246454,0.03552885973752284
W02000230,2021,0.02381481118663617,5.207831118392839e-5,0.013882183284493225,0.04063513746577367,0.026752954181280444
W02000231,2021,0.029149128618269737,8.638537788170502e-5,0.01568798663166746,0.05234611693335352,0.03665813030168606
W02000232,2021,0.023196066051864254,4.300043408956572e-5,0.011335490235679375,0.03683750590363377,0.025502015667954396
W02000233,2021,0.02461767339624519,8.531097816387318e-5,0.010013512683132962,0.04639817350780748,0.036384660824674515
W02000234,2021,0.02484779957746018,7.96965699732784e-5,0.012615912012640274,0.04755128676482269,0.03493537475218242
W02000235,2021,0.020627526627974013,6.803780933868842e-5,0.007988108904350234,0.03941012896468367,0.031422020060333435
W02000236,2021,0.02086026545838283,6.471916516859315e-5,0.008263865030935538,0.04019826519392493,0.03193440016298939
W02000237,2021,0.02453667583436347,4.464540727736883e-5,0.013474718297637935,0.03857042363470199,0.025095705337064057
W02000238,2021,0.023896287970607014,5.7610530741463926e-5,0.012070133254011831,0.042883272082543736,0.030813138828531907
W02000239,2021,0.026833019468896824,5.740858873386085e-5,0.014847914460576999,0.044749987933606926,0.02990207347302993
W02000240,2021,0.033471582646025226,1.2290926091191844e-4,0.01659794793543165,0.058856383820670405,0.042258435885238754
W02000241,2021,0.03043276209288025,1.147732094844618e-4,0.01320282992123865,0.054055470342912,0.040852640421673345
W02000242,2021,0.029748976815460768,8.870191072067276e-5,0.016092425872065656,0.05199367385407078,0.03590124798200512
W02000243,2021,0.03482037311056149,1.4619859086639582e-4,0.01663876615266225,0.0642386987376191,0.04759993258495685
W02000244,2021,0.027920837083777798,9.31992167068961e-5,0.013803792879539891,0.05074061901069212,0.036936826131152234
W02000245,2021,0.03379556696629957,1.0152232575475986e-4,0.017180279657972166,0.05865643016540133,0.04147615050742916
W02000246,2021,0.026875995408511103,7.356263844545144e-5,0.014307582442657289,0.049187492442519146,0.03487990999986186
W02000247,2021,0.024441114034762384,6.57425363740304e-5,0.011881542588539587,0.044653611214529,0.032772068625989415
W02000248,2021,0.03718484737575423,1.429935743771e-4,0.018323627260898277,0.06348535881037784,0.04516173154947956
W02000249,2021,0.04111019984712975,2.47041340781053e-4,0.02048065080809572,0.07921257847373878,0.05873192766564306
W02000250,2021,0.02601504958401839,5.881064079890098e-5,0.012852878976845252,0.04382340261113303,0.03097052363428778
W02000251,2021,0.036078378482837514,1.1299509695661034e-4,0.019164008535647366,0.06038486460586133,0.04122085607021396
W02000252,2021,0.02455967438130746,4.394701478061247e-5,0.012530918261302166,0.039797488645362256,0.02726657038406009
W02000253,2021,0.025540008873742383,6.691913211783822e-5,0.012460697480581335,0.043530465044320926,0.03106976756373959
W02000254,2021,0.024766012635817104,5.229285673699228e-5,0.012554029827111849,0.0426853044071278,0.030131274580015948
W02000255,2021,0.024919642689152244,5.205992102039039e-5,0.011707012290860415,0.042393075582127744,0.03068606329126733
W02000256,2021,0.0264757119644065,6.422718228970118e-5,0.013807166659921492,0.04430535933001392,0.03049819267009243
W02000257,2021,0.02590025847506919,4.4893270034249314e-5,0.014293202968223565,0.03984353009763512,0.025550327129411552
W02000258,2021,0.027430152232342277,5.833158154822989e-5,0.014579854776446362,0.04423003197757766,0.0296501772011313
W02000259,2021,0.027629396131625322,7.672908951564935e-5,0.013578994876199641,0.04891159562618326,0.03533260074998362
W02000260,2021,0.028244401266966368,6.631075993163535e-5,0.01544546308880856,0.04626004355551342,0.03081458046670486
W02000261,2021,0.025371333850971275,6.452377730505247e-5,0.013116976967546512,0.043511706341012917,0.030394729373466406
W02000262,2021,0.023932214595461868,6.790526576659327e-5,0.010006595397631157,0.04338106988442508,0.033374474486793926
W02000263,2021,0.026563952947922603,5.8222148453898066e-5,0.013516092482798508,0.04332908857111134,0.02981299608831283
W02000264,2021,0.029191694599905452,8.233354237711787e-5,0.014908747628910049,0.047375440894953394,0.032466693266043345
W02000265,2021,0.026150691456562205,8.111754185595044e-5,0.012270562222570074,0.044470107393573335,0.03219954517100326
W02000266,2021,0.026345366125015382,5.334622175589577e-5,0.014357701858070957,0.043034415785200716,0.02867671392712976
W02000267,2021,0.02727232011459409,9.28078196725806e-5,0.012141182832016147,0.04781357904269892,0.03567239621068277
W02000268,2021,0.027837092347099943,6.555388603380682e-5,0.01534186411022109,0.04847818956860543,0.03313632545838434
W02000269,2021,0.02574009447900743,5.755458201246063e-5,0.012684944522971992,0.04294014964762452,0.030255205124652528
W02000270,2021,0.02689695695832568,6.116136897032195e-5,0.013841661303930249,0.045127565851445665,0.03128590454751542
W02000271,2021,0.028494341083085937,9.161776293061787e-5,0.013907162557876305,0.050150020770097836,0.036242858212221535
W02000272,2021,0.028760386390765103,6.264077169873757e-5,0.01697351964537106,0.046622344801403134,0.029648825156032073
W02000273,2021,0.036490635513287434,1.3460839445582335e-4,0.018009768520458918,0.06471941114598043,0.046709642625521505
W02000274,2021,0.029965082437935178,8.771499961339283e-5,0.014954018651066957,0.051621580569686756,0.0366675619186198
W02000275,2021,0.026565529643357233,6.418720436014389e-5,0.013884481375090046,0.04522702400993385,0.031342542634843804
W02000276,2021,0.028928776737592223,7.431482940994442e-5,0.015332692440456933,0.04836569614339834,0.033033003702941405
W02000277,2021,0.029078002697473283,5.6941058539918155e-5,0.01645283835443924,0.04517380753776384,0.028720969183324598
W02000278,2021,0.02971566447436767,7.480825204620803e-5,0.016608836063772572,0.05067197370760392,0.03406313764383135
W02000279,2021,0.027128189262575143,7.8061265639199e-5,0.014749251401412835,0.04673352311988531,0.03198427171847247
W02000280,2021,0.027046313567914405,6.0213492434858774e-5,0.014332407381722933,0.045784459199776584,0.03145205181805365
W02000281,2021,0.028077426174884828,6.717213291569089e-5,0.015152079172268785,0.048414288388690066,0.033262209216421285
W02000282,2021,0.02840928227122448,5.918424809918403e-5,0.01481917560375886,0.0472604947122639,0.03244131910850504
W02000284,2021,0.030584561506129017,6.685379314358613e-5,0.017550339689350693,0.049900813094077935,0.03235047340472724
W02000285,2021,0.025729635962371444,5.8175608242382416e-5,0.012573378995904234,0.04434258456777315,0.03176920557186892
W02000286,2021,0.030063130401051803,8.729719024575174e-5,0.015534463621847412,0.05151800567317613,0.03598354205132872
W02000287,2021,0.029845088522089426,8.334888176772529e-5,0.0166158468167397,0.04847702378186477,0.03186117696512507
W02000288,2021,0.029418518138381308,7.053652696835834e-5,0.01706790708950555,0.048922314320221844,0.031854407230716295
W02000289,2021,0.029521490582470198,6.108830394485558e-5,0.016251426030089798,0.04685516919586609,0.03060374316577629
W02000290,2021,0.029521618672188,7.859049742367483e-5,0.01762483306445237,0.050328211657264615,0.03270337859281225
W02000291,2021,0.02808532008072295,7.153957678794065e-5,0.013592055040513874,0.046741488329838515,0.03314943328932464
W02000292,2021,0.027147255938366793,8.208594684478094e-5,0.01331676052254338,0.047803408395095226,0.034486647872551845
W02000293,2021,0.027299442912263747,7.544755907685902e-5,0.01293977791981878,0.04772513065399807,0.03478535273417929
W02000294,2021,0.02417091729221815,5.00100635006969e-5,0.013091269756403545,0.040131317654827976,0.02704004789842443
W02000295,2021,0.022967274701801724,4.452907596782027e-5,0.011490350689125833,0.03680415451617228,0.025313803827046445
W02000296,2021,0.0266247071949598,5.92160282363819e-5,0.013828915888740783,0.045786659857565346,0.03195774396882456
W02000297,2021,0.026402120345136438,5.02370782018667e-5,0.01466008880447539,0.04135172023465192,0.026691631430176527
W02000298,2021,0.023681933793887062,4.9723961815966584e-5,0.011366577076157508,0.03897793790873201,0.027611360832574504
W02000299,2021,0.025648207347887177,8.012190334235189e-5,0.011420828324819762,0.045739891165021654,0.03431906284020189
W02000300,2021,0.024255239595924974,6.481160526377786e-5,0.01231436239931917,0.04442649854307087,0.0321121361437517
W02000301,2021,0.02669213990248494,5.789798651166527e-5,0.01565579170242956,0.046822536894786354,0.031166745192356793
W02000302,2021,0.026442278212309878,5.510306100996457e-5,0.015385488193608373,0.043385579978214746,0.02800009178460637
W02000303,2021,0.023417964571422246,4.322754154069674e-5,0.012187017269202663,0.0375474672471368,0.025360449977934137
W02000304,2021,0.025450716728256054,5.990768143728555e-5,0.012898182388744813,0.043286194520777276,0.03038801213203246
W02000305,2021,0.022353210888080656,5.5875938999513225e-5,0.01049595272717425,0.03784690991356009,0.027350957186385836
W02000306,2021,0.023633278240411833,4.624760808952696e-5,0.012290545462762103,0.04148763638308278,0.02919709092032068
W02000307,2021,0.030566626884641977,1.066616442841322e-4,0.016772543738650413,0.05417566252499588,0.03740311878634547
W02000308,2021,0.02616029256857366,5.67444547760273e-5,0.01448349964363314,0.04635252088434426,0.031869021240711115
W02000309,2021,0.024849187887759742,6.079494695069344e-5,0.011459518808372985,0.04254916450568765,0.031089645697314667
W02000310,2021,0.02525897138628572,4.5588505250507507e-5,0.012789161036706909,0.03988687953221723,0.02709771849551032
W02000311,2021,0.02810444897868126,8.027934917917191e-5,0.014192344276213902,0.04862279101008362,0.03443044673386972
W02000312,2021,0.02653265400990674,6.212041648836483e-5,0.013433550618333807,0.04440924127455448,0.03097569065622067
W02000313,2021,0.027527263358631076,7.61264946526419e-5,0.013514608989454141,0.04652155503349131,0.03300694604403717
W02000314,2021,0.023598918312751214,5.4346290950520097e-05,0.011686402044093738,0.03927959340924911,0.02759319136515537
W02000315,2021,0.02563365425224331,6.195788451447272e-5,0.012741811372114166,0.043431371001790606,0.03068955962967644
W02000316,2021,0.02458304201510421,5.2106131655601154e-5,0.012996923268430416,0.04052195766119379,0.027525034392763374
W02000317,2021,0.024148713071371876,5.808890147466645e-5,0.012643781097452197,0.04226659016941366,0.029622809071961465
W02000318,2021,0.024606317836822208,4.620199545702926e-5,0.013381860275364147,0.03936388744091637,0.025982027165552226
W02000319,2021,0.02610802881736518,5.687166506469391e-5,0.013617225089171198,0.04195456289620231,0.02833733780703111
W02000320,2021,0.025918192432339938,6.144166511864347e-5,0.014119879870259137,0.04320959038034723,0.029089710510088095
W02000321,2021,0.02333377893938379,4.553095209481621e-5,0.011856399843645683,0.03737120692324246,0.025514807079596774
W02000322,2021,0.023763867224947197,4.8766813263715655e-5,0.012848347019733298,0.0380570148248163,0.025208667805083
W02000323,2021,0.023897255442767915,4.604285662217474e-5,0.012375992174349253,0.03940363445504213,0.027027642280692876
W02000324,2021,0.021938513162204135,3.994028823098915e-5,0.01092595329443005,0.03456012404165487,0.02363417074722482
W02000325,2021,0.02520976248648683,7.795554528135202e-5,0.010928660581139841,0.043747860445180434,0.032819199864040596
W02000326,2021,0.022345851529424664,4.686621802758755e-5,0.011656847901245746,0.03785878071671598,0.026201932815470234
W02000327,2021,0.019981127790877184,4.2563031774989235e-5,0.009494930730207803,0.03314806682023316,0.02365313609002536
W02000328,2021,0.021101202758012583,5.19520132420061e-5,0.010112105797799337,0.037598668439199866,0.02748656264140053
W02000329,2021,0.021626797251312252,4.479620831049556e-5,0.01069647037683543,0.03512682760218316,0.024430357225347726
W02000330,2021,0.02048028219402039,4.3317178878527264e-5,0.009370117892086909,0.03499066142196308,0.025620543529876173
W02000331,2021,0.026129254961866265,8.513648297285559e-5,0.012656489567927963,0.04627507692180091,0.03361858735387295
W02000332,2021,0.02230688612227694,5.004231518222131e-5,0.010410210855450078,0.03755055423573508,0.027140343380285
W02000333,2021,0.024175121095622056,5.6182568419681426e-5,0.012657106324653852,0.04185147528685991,0.029194368962206056
W02000334,2021,0.021307845915339137,4.566549488982775e-5,0.0110347231226477,0.03685896756712641,0.025824244444478707
W02000335,2021,0.01965008774288411,4.129460238623134e-5,0.010173839137389538,0.034527533882016716,0.024353694744627178
W02000336,2021,0.021716704904617332,3.450765174555427e-5,0.012226319321587058,0.03413042082178108,0.021904101500194024
W02000337,2021,0.02777073987016991,1.8849866472598026e-4,0.011797994686018089,0.061952365533598217,0.05015437084758013
W02000338,2021,0.0217845494469843,3.98604864045102e-5,0.011130959986763764,0.036587066626767736,0.025456106640003973
W02000339,2021,0.018348804900191067,5.414096398313074e-5,0.0071518019512551885,0.03565379889839621,0.028501996947141024
W02000340,2021,0.01877604403131193,3.217107576470741e-5,0.009831280865659315,0.031873512419769844,0.02204223155411053
W02000341,2021,0.01770475449363177,2.294005676674221e-5,0.00941955200926887,0.02734759338037556,0.017928041371106693
W02000342,2021,0.021188184963959588,4.252404738822123e-5,0.010374195256180127,0.03575073666758907,0.025376541411408944
W02000343,2021,0.022847091115417766,6.557456179503518e-5,0.010356720946317208,0.04050152369736233,0.030144802751045124
W02000344,2021,0.0207904181921721,4.625483323478758e-5,0.011082579620420965,0.036136309167018335,0.02505372954659737
W02000345,2021,0.022994424130850386,8.53316890128255e-5,0.00976738863573022,0.048482251706305816,0.038714863070575596
W02000346,2021,0.022152163101755353,5.978601035187735e-5,0.011388209981544259,0.03735553983926791,0.025967329857723653
W02000347,2021,0.02132499920439389,3.719675578389236e-5,0.011665354499713579,0.0343845624477222,0.02271920794800862
W02000348,2021,0.020139129302177036,5.583145629033384e-5,0.008733648327294934,0.03693487995585676,0.028201231628561824
W02000349,2021,0.02408781157471296,6.196637978518157e-5,0.01167576435640542,0.04047659212136634,0.02880082776496092
W02000350,2021,0.02105052748918495,5.4157442960808194e-5,0.009923686049257127,0.03723500259621064,0.027311316546953512
W02000351,2021,0.018929905423455393,7.164719342623498e-5,0.0061836604333099406,0.03747092794094166,0.03128726750763172
W02000352,2021,0.023833145285027398,8.575603476006208e-5,0.009959376466375897,0.04653401460505917,0.03657463813868327
W02000353,2021,0.01975291786155577,7.498197143239192e-5,0.006963386974542088,0.04055986768339045,0.03359648070884836
W02000354,2021,0.018387445188316715,6.580928092776523e-5,0.00657242016598611,0.038514443697120614,0.031942023531134504
W02000355,2021,0.020835422488104733,3.727371492706791e-5,0.01051088749733049,0.032638334350146916,0.022127446852816427
W02000356,2021,0.02440557559677039,9.824326719280463e-5,0.010069491079787675,0.0499011719664227,0.039831680886635024
W02000357,2021,0.021223142501815933,7.087314025225532e-5,0.007633166112568968,0.0393084597787179,0.031675293666148935
W02000358,2021,0.022114931552431643,5.4768329566483006e-5,0.01114506466731872,0.037720378619586145,0.026575313952267424
W02000359,2021,0.022492801701061594,9.894066606364819e-5,0.00858268094550383,0.04498954660701675,0.03640686566151292
W02000360,2021,0.02872003849874415,1.0174214838894394e-4,0.01249213878523472,0.05002135163380687,0.03752921284857215
W02000361,2021,0.02053245691227325,5.801136494319362e-5,0.008514216291706737,0.036506390211089486,0.02799217391938275
W02000362,2021,0.022112541732106087,5.770805454266186e-5,0.009616461726726915,0.038627800146830496,0.02901133842010358
W02000363,2021,0.02224239124648462,7.76852181409943e-5,0.00782721810887568,0.04103670958828641,0.03320949147941073
W02000364,2021,0.028532334769522636,1.1983487753884754e-4,0.01070586173139531,0.052481396713485326,0.041775534982090017
W02000365,2021,0.027395777054751807,1.0849556955814892e-4,0.011937505777451946,0.050535916546892046,0.0385984107694401
W02000366,2021,0.02398397415499869,4.6362922257012256e-5,0.012608783048518868,0.04032384480518716,0.02771506175666829
W02000367,2021,0.026275429060416987,6.256319629081432e-5,0.014047016721414552,0.040836459451644845,0.026789442730230293
W02000368,2021,0.03151582469719986,1.0698585666594836e-4,0.0157855461095977,0.054514156308199474,0.03872861019860177
W02000369,2021,0.02836306912192628,6.822095364702301e-5,0.015496000911696079,0.0486063048692349,0.03311030395753882
W02000370,2021,0.03001755418103125,1.2488814460005293e-4,0.01573679824137631,0.05238603037853615,0.036649232137159836
W02000371,2021,0.03164047834593135,1.0643848380587008e-4,0.016906260559501653,0.057537739002161664,0.04063147844266001
W02000372,2021,0.03608660843381011,1.2267222231285096e-4,0.019106364523184836,0.06164906439950581,0.04254269987632097
W02000373,2021,0.03760499808594151,1.7508193849438371e-4,0.018467368880984165,0.06982076778613275,0.05135339890514858
W02000374,2021,0.031617527981295794,1.042424935527868e-4,0.016016930659421905,0.05323900603323038,0.03722207537380848
W02000375,2021,0.04117377075060651,2.0188451029053126e-4,0.020089030884225034,0.07139332165825704,0.05130429077403201
W02000376,2021,0.031634763771530794,8.830489408940615e-5,0.016012139262536296,0.05241953478277728,0.036407395520240984
W02000377,2021,0.03030175495427134,9.384129595126599e-5,0.013764570982545778,0.04990031085834448,0.036135739875798704
W02000378,2021,0.03161854410012289,1.0233255741558463e-4,0.015936888460949906,0.05406607353717137,0.03812918507622146
W02000379,2021,0.04236458550681299,2.661886918708753e-4,0.022205020315783613,0.0794180936605832,0.05721307334479958
W02000380,2021,0.028640776269948025,5.904062420810619e-5,0.016216116916074108,0.04534815957497389,0.02913204265889978
W02000381,2021,0.04045463878704577,1.92486935998981e-4,0.021027715052955427,0.0728856704877346,0.051857955434779175
W02000382,2021,0.03917207586550717,2.147781646425774e-4,0.019771769190803694,0.06845255243042457,0.04868078323962088
W02000383,2021,0.03645627628094369,1.6496270723398532e-4,0.01727800801397615,0.06541614778396351,0.04813813976998736
W02000384,2021,0.029326472382533962,7.314511742378312e-5,0.0149728835117432,0.048095569702837994,0.03312268619109479
W02000385,2021,0.031335876805187034,7.075146756648473e-5,0.016768047678859276,0.05154633951490203,0.03477829183604275
W02000386,2021,0.028992870183837144,1.1606884457307314e-4,0.012580877678009693,0.05453659809467769,0.041955720416667994
W02000387,2021,0.029085896073749482,8.665581939635764e-5,0.015328912413452578,0.048347989059987675,0.0330190766465351
W02000388,2021,0.03148032699816156,9.162450162655612e-5,0.016137811497149893,0.05235144112035773,0.03621362962320784
W02000389,2021,0.034832026892572115,9.472922003444366e-5,0.019283846531463124,0.05645682271547263,0.037172976184009505
W02000390,2021,0.02916213495324394,9.04371488532749e-5,0.014703156352726118,0.04910378306897732,0.0344006267162512
W02000391,2021,0.04307724201093189,2.01521257276472e-4,0.023006774007452067,0.07319974928687134,0.05019297527941927
W02000392,2021,0.034362099301909754,1.0075678265861848e-4,0.01865559834110038,0.05680021975875592,0.03814462141765554
W02000393,2021,0.03802859724396492,1.531350747860594e-4,0.018507315714957617,0.06796730118904268,0.04945998547408506
W02000394,2021,0.05178454753562945,2.501134041659166e-4,0.0230132071116254,0.0846601431544009,0.061646936042775505
W02000395,2021,0.038334069897471866,1.3200446931888954e-4,0.021292803130226814,0.06433972189014475,0.04304691875991794
W02000396,2021,0.048622456784034276,2.218408808414559e-4,0.024920547871484556,0.08459930363635648,0.05967875576487193
W02000397,2021,0.0380039411172927,1.5565252920832903e-4,0.018298376044657963,0.06763779852873195,0.04933942248407398
W02000398,2021,0.06351865615849271,3.5380062738506874e-4,0.035270466709019135,0.10465625556464944,0.0693857888556303
W02000399,2021,0.05719978130222068,3.5137934971803434e-4,0.030419779099132953,0.10442947950842205,0.07400970040928909
W02000400,2021,0.0421705022950013,1.9193527007399438e-4,0.022949819482024975,0.07530831365469406,0.05235849417266909
W02000401,2021,0.04743670949402109,3.360113140633571e-4,0.022392553052741234,0.09314072159575928,0.07074816854301805
W02000402,2021,0.04799156944078403,2.478505354228101e-4,0.024733347535875645,0.08641281705117697,0.06167946951530132
W02000403,2021,0.04008615268772447,1.4661917306238868e-4,0.021918753604374522,0.06719221062178171,0.04527345701740719
W02000404,2021,0.04694001662303335,2.0016264273627597e-4,0.02411299233997516,0.07960617784894533,0.05549318550897017
W02000405,2021,0.04176754994862956,1.9167511824555024e-4,0.02230163447219288,0.0753155241570955,0.053013889684902615
W02000406,2021,0.052566443841686114,4.846870552920612e-4,0.02204995553918382,0.10982452127887657,0.08777456573969275
W02000407,2021,0.036892343862819,2.3624680094146868e-4,0.016264059114696743,0.0736836455859747,0.05741958647127796
W02000408,2021,0.05219396644223747,2.6468698489484486e-4,0.027406023047178756,0.08679051657676602,0.059384493529587266
W02000409,2021,0.037469405885552046,1.6027129316254903e-4,0.018921332735819335,0.06846783111921009,0.04954649838339076
W02000410,2021,0.06214114115638036,4.834708089839167e-4,0.029560086097698203,0.11051830641295815,0.08095822031525995
W02000411,2021,0.038467921945806755,2.5477472282735346e-4,0.01734793537195288,0.07922370720776697,0.061875771835814095
W02000412,2021,0.049949715820297565,2.689500072559432e-4,0.02560142417099479,0.08708599483800993,0.06148457066701514
W02000414,2021,0.024121148547416316,4.3025250929560275e-5,0.014342818588570649,0.03888606539349032,0.02454324680491967
W02000415,2021,0.03174693489251091,7.634077305780194e-5,0.01793758067092213,0.05191660767031453,0.0339790269993924
W02000416,2021,0.023114011040318256,3.914587401817081e-5,0.012817103692641794,0.037512386116033414,0.02469528242339162
W02000417,2021,0.023373969106611957,5.3806718259632244e-5,0.011377014073610317,0.038860805837984014,0.027483791764373697
W02000418,2021,0.02574573725534111,5.30595685697407e-5,0.013705843960618401,0.04126963207885341,0.02756378811823501
W02000419,2021,0.02191619257330442,5.833180419629179e-5,0.00871923078118207,0.038717930551489255,0.029998699770307183
W02000421,2021,0.028557935329033862,5.6801429273734256e-5,0.018639846851486976,0.04762761015725457,0.028987763305767595
W02000422,2021,0.055931860574222565,3.52859429392763e-4,0.028278221306981145,0.10302918448301103,0.07475096317602989
W02000423,2021,0.05089219577890704,2.0831403606806894e-4,0.026934221280456985,0.08192266149906553,0.05498844021860855
W02000424,2021,0.024546614032618076,6.776840578492439e-5,0.011563980944660384,0.045769019408974945,0.03420503846431456
W02000425,2021,0.02866751641820253,8.019194894539648e-5,0.015312673769199765,0.047987985696378604,0.03267531192717884
W02000426,2021,0.02533443060051457,8.56394867301854e-5,0.012289137977759023,0.04806671879751137,0.035777580819752346
W02000427,2021,0.0223722541543709,3.7822471631998793e-05,0.01124314223200805,0.03547880061678042,0.024235658384772374
W02000428,2021,0.021354820169620932,5.5170002051820616e-5,0.01021032331991203,0.03714590521047943,0.026935581890567405
W02000001,2023,0.032149065781703644,1.0327100617184508e-4,0.01643722321038702,0.05368226570437955,0.037245042493992526
W02000002,2023,0.025847374998652205,5.163151776768619e-5,0.013366188558494807,0.04097738299158617,0.02761119443309136
W02000003,2023,0.06028674958929312,6.036625209618602e-4,0.02516268264694408,0.11199719697803076,0.08683451433108669
W02000004,2023,0.04054899448810847,1.9369277246886668e-4,0.021645172095184885,0.07119327561359377,0.04954810351840889
W02000005,2023,0.024742479184220408,6.075010457954747e-5,0.011212651638945335,0.04244804311295197,0.031235391474006637
W02000006,2023,0.034469259354244046,1.2314348912299678e-4,0.016848991791674713,0.059022226344177094,0.04217323455250238
W02000007,2023,0.03726597484958565,1.1728637244678054e-4,0.02100761560569875,0.06482930821549837,0.04382169260979962
W02000008,2023,0.027451619627268015,1.213686880660547e-4,0.011260337099637491,0.05366515322535091,0.042404816125713424
W02000009,2023,0.029404868409017872,8.228064501678947e-5,0.014646104859964024,0.05013666199770257,0.03549055713773855
W02000010,2023,0.04798716702850958,5.322773230193787e-4,0.01741157075496278,0.1048440555856535,0.08743248483069072
W02000011,2023,0.03761506717195615,1.6527714608734233e-4,0.017641524183128206,0.06527853057462077,0.04763700639149256
W02000012,2023,0.0338275171780893,1.0985260002854176e-4,0.016857966626746552,0.0585187455578315,0.04166077893108495
W02000013,2023,0.03373485983801415,1.6777792839937173e-4,0.014678494948187664,0.0673149085278982,0.052636413579710536
W02000014,2023,0.034088575880938096,1.126816824659039e-4,0.019201349923439866,0.06043932978911097,0.041237979865671105
W02000015,2023,0.03440079395677009,1.9717740699543078e-4,0.013352367969641316,0.06291745148781402,0.04956508351817271
W02000016,2023,0.032184435253254796,1.2277089220569059e-4,0.01555577633194469,0.059516271437450474,0.04396049510550579
W02000017,2023,0.031176030044616443,1.2015921447746838e-4,0.014703430758002827,0.055314907617880174,0.040611476859877343
W02000018,2023,0.033758774976232656,9.172439476880313e-5,0.017701029044642068,0.055778493939297694,0.038077464894655626
W02000019,2023,0.02970307309471125,8.274390223425339e-5,0.015590862050989179,0.04956182409211039,0.03397096204112121
W02000020,2023,0.031717692917851696,1.0957788312692035e-4,0.015917858590348426,0.055082212802822855,0.039164354212474425
W02000021,2023,0.03297423581759437,1.942198463127481e-4,0.013865703391987914,0.06926872192673386,0.05540301853474595
W02000022,2023,0.026910218315960546,7.333963792734178e-5,0.013319682481804443,0.04478861839924246,0.03146893591743802
W02000023,2023,0.027967261878148585,1.7385777305794906e-4,0.01032047839821699,0.058004628144930404,0.047684149746713415
W02000024,2023,0.03561484292895474,8.462247865159735e-5,0.02305601451343977,0.05622371732490605,0.03316770281146628
W02000025,2023,0.032670826473199334,7.261496633722757e-5,0.01814935491930483,0.05164577551696961,0.03349642059766478
W02000026,2023,0.033221362312177906,8.871566176594533e-5,0.018043965028219054,0.055071809879793654,0.0370278448515746
W02000027,2023,0.027730445898746906,1.8206730802986228e-4,0.00905226725223973,0.05787821482684323,0.0488259475746035
W02000028,2023,0.025784210178551897,1.0820014616716718e-4,0.010412670105216099,0.050481383328041314,0.040068713222825215
W02000029,2023,0.02357031982876527,8.032289529916615e-5,0.009682951467358675,0.044646440303393625,0.03496348883603495
W02000030,2023,0.025558412844654873,1.0160541600637343e-4,0.010261928878769078,0.048665830227684066,0.038403901348914984
W02000031,2023,0.029262232579562498,8.837202290558651e-5,0.013267468093225014,0.05075255231000306,0.03748508421677804
W02000032,2023,0.024305270509904105,7.825342799651679e-5,0.010347273274296513,0.04349622981808375,0.03314895654378724
W02000033,2023,0.03583329985243418,1.696565285929746e-4,0.016859505011133095,0.06573760926195661,0.04887810425082352
W02000034,2023,0.03281952417185599,1.0901591749920585e-4,0.01745111284911828,0.05621438930466623,0.03876327645554795
W02000035,2023,0.030781369446302557,8.79776204629577e-5,0.01576157582873941,0.053702403435049444,0.03794082760631003
W02000036,2023,0.02958150094984491,8.583492891039112e-5,0.016365066035016435,0.0523029765036524,0.03593791046863597
W02000037,2023,0.03003871519999615,8.629906347764936e-5,0.015056608243022927,0.051066935034211024,0.036010326791188096
W02000038,2023,0.0287906026101189,1.0314503054473505e-4,0.013216725375362066,0.05215067961064295,0.038933954235280885
W02000039,2023,0.02943782024703934,1.2060838993395349e-4,0.01236443193600802,0.052671881370417145,0.04030744943440913
W02000040,2023,0.030058284533875705,6.411570763875024e-5,0.01679010733067559,0.048113237384478334,0.031323130053802745
W02000041,2023,0.03126441772567931,7.991416969956477e-5,0.01808931061658881,0.05303669323013978,0.03494738261355097
W02000042,2023,0.03179627594548166,1.2167746693306717e-4,0.015516401753320154,0.05652981763333141,0.041013415880011256
W02000043,2023,0.039817019248416026,1.7454214461099803e-4,0.020541729691778768,0.07123322805049331,0.050691498358714546
W02000044,2023,0.03540090143004647,1.6461086997260208e-4,0.017186836636366568,0.06719291249521575,0.05000607585884918
W02000045,2023,0.03709976695445332,1.389726403129185e-4,0.01671260987983345,0.06599510047170865,0.0492824905918752
W02000047,2023,0.036557906359093874,1.935417520552541e-4,0.015033455710921996,0.0668075215347792,0.051774065823857206
W02000049,2023,0.03708665817221293,1.0685472140971902e-4,0.02105638524622897,0.05774601133963216,0.03668962609340319
W02000050,2023,0.030742698317863235,8.263924649191541e-5,0.016500652473092372,0.04998669695132581,0.03348604447823343
W02000051,2023,0.033401340782295175,1.0151339793685525e-4,0.01676455870971527,0.0577752459792416,0.04101068726952633
W02000052,2023,0.038772339015177494,1.4011605460958058e-4,0.020284863868726556,0.06433717554720281,0.04405231167847625
W02000053,2023,0.03315734461533079,8.421361102231279e-5,0.01860405100331266,0.05710123173812641,0.03849718073481375
W02000054,2023,0.034215818453402234,1.0589788696163725e-4,0.018023893440496694,0.06129343661129547,0.04326954317079878
W02000055,2023,0.042654179885058936,2.0982043297818937e-4,0.021323282706030466,0.08058471342881032,0.059261430722779854
W02000056,2023,0.0345199266570782,1.0388491823647939e-4,0.018505511942420137,0.05980067143022352,0.041295159487803386
W02000057,2023,0.03400821051916628,8.423559603861459e-5,0.018974743250167115,0.05453501575462549,0.03556027250445838
W02000058,2023,0.03521311790296868,1.2857554361703316e-4,0.01849834197126113,0.0606263139313655,0.04212797196010437
W02000059,2023,0.03483150339592051,1.0661127945975796e-4,0.016287247260440084,0.05518702578440142,0.038899778523961336
W02000060,2023,0.035662970114692244,1.1395210528048842e-4,0.017773080937075775,0.057135017487911936,0.03936193655083616
W02000061,2023,0.04349733991339658,2.2831923634024885e-4,0.020350769935618178,0.07929779065079823,0.05894702071518005
W02000062,2023,0.03450089314457647,1.0864981708712533e-4,0.016587865670348124,0.056234196388846136,0.03964633071849801
W02000063,2023,0.03020829862460738,6.74697820331113e-5,0.017161154536722574,0.04688721715340343,0.029726062616680857
W02000064,2023,0.037980377909238396,2.0403433382911278e-4,0.015856950325107696,0.07103439951045441,0.055177449185346714
W02000065,2023,0.03671547065067703,1.6420144436526008e-4,0.018384324680822184,0.0665026630322979,0.04811833835147572
W02000066,2023,0.03827078999454815,1.6903018835001896e-4,0.017448416776731077,0.0694731084268793,0.052024691650148225
W02000067,2023,0.032200588902228794,1.0574308344116582e-4,0.01623588583599151,0.0556589220471434,0.03942303621115189
W02000068,2023,0.039955018703293606,2.211655972912127e-4,0.01972897786011539,0.0738732695503289,0.05414429169021351
W02000069,2023,0.031031342444249214,7.352732731233323e-5,0.01739473828633044,0.049362438369833214,0.031967700083502776
W02000070,2023,0.033790322571848525,9.286286249670893e-5,0.01804050501841119,0.05428177623301779,0.0362412712146066
W02000071,2023,0.03290129352125463,1.0225712131932307e-4,0.018081363027806267,0.05402630252172476,0.03594493949391849
W02000072,2023,0.03789451782964969,1.3670600495704075e-4,0.01926154147203749,0.06624370075923369,0.04698215928719621
W02000073,2023,0.03390186451759754,9.38651863358384e-5,0.017234048007742867,0.0547933192217298,0.03755927121398693
W02000074,2023,0.03589304293161712,1.0984636998202583e-4,0.019230580630577268,0.06012567035278632,0.04089508972220905
W02000075,2023,0.03332022868087544,1.0859530543148906e-4,0.01772481967449919,0.05518705244876053,0.03746223277426134
W02000076,2023,0.03247100134028648,9.350716941499433e-5,0.018270813853166402,0.05814208080193134,0.03987126694876494
W02000077,2023,0.0339604459436719,9.236979696437733e-5,0.01903146594337407,0.056191352181245185,0.037159886237871115
W02000080,2023,0.035651766320736605,1.7084030071223296e-4,0.01639712897586042,0.06847107668650106,0.05207394771064064
W02000081,2023,0.03804764744506958,1.407499350408908e-4,0.0198741473968587,0.06022198372758679,0.04034783633072809
W02000082,2023,0.03815136953073185,2.4989745219393937e-4,0.018270875535356983,0.07464552697798843,0.05637465144263144
W02000083,2023,0.03628174645139224,1.0156829972537694e-4,0.019486343780844968,0.060024123978105616,0.04053778019726065
W02000085,2023,0.034167083413645424,1.708783063898867e-4,0.015169855857952259,0.06604916540792034,0.05087930954996808
W02000087,2023,0.06172860459940136,6.601049884269626e-4,0.0292132263812874,0.1330501945763533,0.10383696819506591
W02000088,2023,0.04074518105262175,1.937462710131492e-4,0.019625154168210403,0.06973569082764802,0.05011053665943762
W02000089,2023,0.05097465787813957,5.454748170019238e-4,0.016976959926037753,0.10252977056918383,0.08555281064314607
W02000090,2023,0.035210268848391804,9.579058515162568e-5,0.01976892632797585,0.05604396700310682,0.03627504067513097
W02000091,2023,0.03585453490729874,1.159578717123734e-4,0.019685427206406463,0.06266123417535108,0.04297580696894461
W02000092,2023,0.03734876731698779,1.3167629879179846e-4,0.019105509314060527,0.06094919989553842,0.04184369058147789
W02000093,2023,0.0367043643432946,1.0446868878590383e-4,0.021317350792859957,0.06119002708451974,0.03987267629165978
W02000094,2023,0.03804143806615921,1.0662577767761235e-4,0.02071991338784936,0.06306121691988856,0.0423413035320392
W02000095,2023,0.03204055099577792,1.1360050364003283e-4,0.014654410333188522,0.056207341149291656,0.04155293081610313
W02000096,2023,0.03852510423515282,1.186944400841238e-4,0.022145876848773557,0.06084614446049186,0.0387002676117183
W02000097,2023,0.03795582055420378,9.087954270457957e-5,0.023471399082519703,0.060660120723945506,0.0371887216414258
W02000098,2023,0.03262026630314381,9.644449459812145e-5,0.01732013475533918,0.054683691777737534,0.03736355702239835
W02000099,2023,0.03596575048704908,1.3993466569725045e-4,0.018106064009193727,0.06273259294188444,0.04462652893269071
W02000100,2023,0.0406734336845899,1.3051398144554245e-4,0.024673386354965555,0.07053842714212637,0.04586504078716081
W02000101,2023,0.03406404296948548,1.0555601720490854e-4,0.018183516548688695,0.056019825632946274,0.03783630908425758
W02000102,2023,0.03811919356790008,1.0303226082713113e-4,0.022295929720382374,0.06350656244599061,0.04121063272560824
W02000103,2023,0.03843798421535322,1.023638698864002e-4,0.02199994002240033,0.06341788012348915,0.04141794010108882
W02000104,2023,0.04762885554182142,2.1592310235585103e-4,0.025913573666645935,0.07961650229370382,0.05370292862705788
W02000105,2023,0.0502324547256701,2.459713090195235e-4,0.025067454988560896,0.08902794432846214,0.06396048933990126
W02000106,2023,0.03723429298103523,8.53927828256743e-5,0.023540766134671688,0.0595822743091715,0.03604150817449981
W02000107,2023,0.04063406352495346,1.240184358748575e-4,0.023017605178678534,0.0652676372217576,0.04225003204307907
W02000108,2023,0.039677656735584765,1.0149533294424191e-4,0.02293243322515743,0.06373711531143032,0.04080468208627289
W02000109,2023,0.05398741485345495,3.377129125416287e-4,0.03000294888682136,0.09942896009936367,0.0694260112125423
W02000110,2023,0.03680432597336907,8.065925696339556e-5,0.022777237015235353,0.05757939522326212,0.03480215820802677
W02000111,2023,0.03255201307821971,7.257867568447692e-5,0.01951795580892044,0.050943750741142775,0.031425794932222334
W02000113,2023,0.042124317347849057,2.3991319032243716e-4,0.021477681353341348,0.07905904628622623,0.05758136493288488
W02000114,2023,0.030051181111258773,5.4683870488124716e-5,0.016381928474241407,0.047019327042771335,0.030637398568529928
W02000116,2023,0.038798746936917324,1.4460624912974722e-4,0.020296562372473008,0.06768008326923526,0.04738352089676225
W02000117,2023,0.06444158065134406,4.5873595659412145e-4,0.033188460512004185,0.10670392266159388,0.0735154621495897
W02000118,2023,0.053075580644250595,2.8431612805891943e-4,0.028583591170703748,0.09505506665860045,0.0664714754878967
W02000120,2023,0.036562654094888104,9.617246628314567e-5,0.01927350330057921,0.05661581896896832,0.03734231566838911
W02000122,2023,0.03780168919427327,1.2036354975213081e-4,0.02188069014106179,0.06604544732495037,0.04416475718388858
W02000123,2023,0.04082941314473429,1.405379429463971e-4,0.024351695791814326,0.07072540392683273,0.0463737081350184
W02000124,2023,0.03581421606718649,1.4414476208402075e-4,0.016612949242613726,0.06672880425663569,0.050115855014021965
W02000125,2023,0.03614587889177963,8.536338058185144e-5,0.023017090392408804,0.05784610674065784,0.03482901634824904
W02000126,2023,0.03630495893788122,1.197327136130272e-4,0.01884249525316247,0.06506725501042082,0.04622475975725835
W02000127,2023,0.035486974775253546,1.3762678434284497e-4,0.018103841657473002,0.06087678566583628,0.042772944008363276
W02000128,2023,0.035810928298432285,1.4809647640951187e-4,0.01648991830462474,0.06491073436582681,0.04842081606120207
W02000129,2023,0.040281497614695384,1.554149877192164e-4,0.023183041701020698,0.069507089061418,0.0463240473603973
W02000130,2023,0.05555992144529694,3.2755045519408264e-4,0.027602545748520703,0.09663520363221645,0.06903265788369575
W02000131,2023,0.046228218894895375,2.2677792948659173e-4,0.024259933169948407,0.0840511154969503,0.05979118232700189
W02000132,2023,0.03493965068314543,1.1646636077882361e-4,0.015957459684837895,0.05756948314343327,0.041612023458595375
W02000133,2023,0.0448097047425134,2.2500454276362224e-4,0.021487667560803107,0.08043739458432411,0.058949727023521005
W02000134,2023,0.04413253734111726,2.6766394196429174e-4,0.021399009212290217,0.08953673064191842,0.0681377214296282
W02000135,2023,0.04983878458103303,3.6910412826644205e-4,0.02278691158898241,0.09583304895078712,0.07304613736180471
W02000136,2023,0.03315757789240194,1.0521854410074368e-4,0.01701787778711301,0.0587277704851228,0.04170989269800979
W02000137,2023,0.05296835261650458,3.354317578273633e-4,0.02235293166912946,0.09278743971815023,0.07043450804902077
W02000138,2023,0.0328647509349825,1.85043284046271e-4,0.010753192185821929,0.06282783459174475,0.05207464240592282
W02000139,2023,0.02938412210715289,1.3164144522699608e-4,0.011537532194522766,0.05445064285166635,0.04291311065714358
W02000140,2023,0.031552985445231815,1.9952239393146448e-4,0.011683276702727804,0.059281358693327534,0.04759808199059973
W02000141,2023,0.03206368068435146,1.376231349107681e-4,0.013793960956330526,0.05969217976146377,0.04589821880513324
W02000142,2023,0.03732755313996594,1.1463749720993259e-4,0.020022044393181573,0.06006834106579456,0.04004629667261299
W02000143,2023,0.034165320262843954,6.908787472384331e-5,0.01955844498451434,0.05223401090166833,0.03267556591715399
W02000144,2023,0.03409901692638657,9.816876256334607e-5,0.017777174320122713,0.05775845539231163,0.039981281072188915
W02000145,2023,0.03181127206910045,6.412957279639333e-5,0.018447202302396395,0.04948179632747167,0.031034594025075274
W02000146,2023,0.032854367955178244,6.668174059179546e-5,0.01860431590549226,0.04944369152766302,0.03083937562217076
W02000147,2023,0.03950750495784685,1.3671163902673154e-4,0.020240738466256167,0.06513441213162396,0.0448936736653678
W02000148,2023,0.04310374932172741,2.368800499537466e-4,0.02012130038560437,0.08056516171933029,0.060443861333725916
W02000149,2023,0.039595035309593844,1.1900657416809217e-4,0.021981289068237365,0.06259449494677741,0.040613205878540046
W02000151,2023,0.032808185287509,8.036377169540186e-5,0.01822576027249609,0.05433407961500566,0.03610831934250957
W02000152,2023,0.03409773029207732,8.391580698943034e-5,0.01912671733778358,0.0549313940596811,0.03580467672189752
W02000153,2023,0.03318565010749856,9.730362764975116e-5,0.018911770315735606,0.05650904968467474,0.037597279368939134
W02000154,2023,0.034451312341721926,1.0148996972531443e-4,0.018242111977057596,0.05837969410143304,0.040137582124375445
W02000156,2023,0.03319556568268667,9.635081290415587e-5,0.01681842912290166,0.05400392463667647,0.03718549551377481
W02000157,2023,0.03312068126115535,7.932459928498221e-5,0.018783229703336055,0.052655862488494354,0.0338726327851583
W02000158,2023,0.03351351217563469,9.483645815918878e-5,0.01904718751441823,0.054931936743711274,0.03588474922929304
W02000159,2023,0.040565692868623764,1.600741415683595e-4,0.021507841238431406,0.0687679431364959,0.04726010189806449
W02000160,2023,0.033335654482776346,1.0486097237889e-4,0.017271884145234936,0.05572869744121585,0.03845681329598091
W02000161,2023,0.03537154116043275,1.2149363048759842e-4,0.016795691030785178,0.06178143633444607,0.044985745303660896
W02000162,2023,0.034814467451799794,1.5645285107428043e-4,0.016516282942426956,0.06763462843292023,0.051118345490493274
W02000163,2023,0.039264440088036374,1.7221024610145956e-4,0.018318456277957855,0.06933768583894251,0.051019229560984654
W02000164,2023,0.03489725824843803,1.1543212497748596e-4,0.019074094624181713,0.05757398872081877,0.03849989409663706
W02000165,2023,0.041476802349102136,1.864216621620394e-4,0.020519836462692474,0.07711274899700271,0.05659291253431024
W02000166,2023,0.039560953868651556,1.5241660441544068e-4,0.019354516496664823,0.06789107157932481,0.048536555082659985
W02000167,2023,0.04268926790939436,2.1246036577571758e-4,0.020749324356693778,0.07515414101697343,0.05440481666027965
W02000168,2023,0.036984805592984976,1.2288717343161666e-4,0.019242133716397013,0.06378351682745441,0.044541383111057396
W02000169,2023,0.03590286263132941,1.0936975387998737e-4,0.02114836047766231,0.06402284266586367,0.042874482188201356
W02000170,2023,0.03273815385150468,1.059365028553413e-4,0.015483501732945267,0.056259420953167195,0.04077591922022193
W02000171,2023,0.030552627956914553,9.036178866409491e-5,0.01674335927959449,0.05070000390321211,0.033956644623617624
W02000172,2023,0.031100907072587038,1.3459451100927621e-4,0.014214659526180099,0.059533212637908325,0.04531855311172823
W02000173,2023,0.033439663146657944,9.866069707704253e-5,0.018110863097224726,0.0568567299768631,0.03874586687963837
W02000174,2023,0.028520781187255033,8.67550961465267e-5,0.01408968213341052,0.04825013254981868,0.03416045041640816
W02000175,2023,0.0331454966274018,1.8194673714793882e-4,0.013789675847966528,0.07122037216288836,0.05743069631492183
W02000176,2023,0.03071642923319974,9.011327808029002e-5,0.014751396167398914,0.051880014563383044,0.03712861839598413
W02000177,2023,0.030054804382692542,9.758837042614171e-5,0.01381183175645349,0.051532227463563764,0.03772039570711028
W02000178,2023,0.03689175646014669,0.00013104450301101771,0.017863174708545204,0.06058446611139493,0.04272129140284973
W02000179,2023,0.029024448815650725,7.692825164991074e-5,0.015314188193318201,0.049050880388413175,0.033736692195094974
W02000180,2023,0.03248527887922207,1.1184900864257082e-4,0.016839677148837665,0.05379001758837011,0.03695034043953245
W02000181,2023,0.03215743950932242,1.2192305766639272e-4,0.014544591499369973,0.057567810992354675,0.0430232194929847
W02000182,2023,0.03410603569350726,1.5052159469040112e-4,0.016029470161592983,0.059771683282730845,0.043742213121137866
W02000183,2023,0.036310919285693286,1.4560140337910364e-4,0.01781321632002676,0.063481661926656,0.045668445606629235
W02000184,2023,0.032577731355418166,9.135818677445394e-5,0.016290361480705052,0.05400986515150924,0.03771950367080419
W02000185,2023,0.028849241792166417,1.1807772059577432e-4,0.01389410027264679,0.0512148409154774,0.03732074064283061
W02000186,2023,0.03768747095906708,1.6893415974661262e-4,0.017818306402841252,0.06796548103015357,0.050147174627312316
W02000188,2023,0.039318248398007974,1.8444778606503532e-4,0.018014213880321806,0.06976701855524274,0.05175280467492094
W02000189,2023,0.03434231880988388,1.4005805397259073e-4,0.01792866610940271,0.06398071338573008,0.046052047276327376
W02000191,2023,0.045744637342056055,2.3736876571924637e-4,0.022557808362639094,0.08324393482342371,0.06068612646078461
W02000192,2023,0.044082321341126954,2.1320837155358846e-4,0.02270912852341518,0.07688721762630421,0.05417808910288903
W02000193,2023,0.04834166230470572,3.10071834994031e-4,0.023184075123962353,0.09133655749614866,0.06815248237218631
W02000194,2023,0.03109324591948287,1.2184706873372443e-4,0.015653012867064914,0.057862526540855344,0.04220951367379043
W02000195,2023,0.029321081087158467,1.0976626962095136e-4,0.012460297702136872,0.04931473227364276,0.03685443457150589
W02000196,2023,0.03784759684595892,2.1957944012677839e-4,0.01725057732918236,0.06832859201007956,0.05107801468089719
W02000197,2023,0.027475419836582797,1.0617760421911965e-4,0.01218050525240286,0.05191727167747891,0.03973676642507605
W02000198,2023,0.03495483893484628,2.200427436677497e-4,0.014902749496514135,0.06678042730702899,0.051877677810514854
W02000200,2023,0.03258123631605996,7.622024521514491e-5,0.01894171792087878,0.05413969982461664,0.03519798190373786
W02000201,2023,0.03139847971203011,6.831707192597306e-5,0.017040458403819417,0.04850530281316501,0.03146484440934559
W02000202,2023,0.0338269558898772,9.572255887141559e-5,0.01983228916165703,0.05419842827541655,0.03436613911375952
W02000204,2023,0.02977442671454681,8.318662620965042e-5,0.016912188794073954,0.05208085535705772,0.035168666562983765
W02000205,2023,0.02977869879127798,9.517169740643088e-5,0.014679887180225237,0.051731164780638064,0.037051277600412824
W02000206,2023,0.03055500357275994,1.191151171608589e-4,0.011434596638960811,0.05632951781472527,0.044894921175764456
W02000207,2023,0.02692278433216968,8.772809809393552e-5,0.012375686253272785,0.04819795698641308,0.0358222707331403
W02000208,2023,0.031221549598957062,1.0969683794727705e-4,0.014308348127384629,0.0556645567218778,0.04135620859449317
W02000210,2023,0.029835910955107504,1.1808158669637953e-4,0.012719470081315517,0.054205217691974776,0.04148574761065926
W02000211,2023,0.03241210189227468,1.1680248496867474e-4,0.016189934811389986,0.0562388320384104,0.040048897227020416
W02000212,2023,0.03084992437287221,7.536438863434163e-5,0.017065367090745194,0.04900952419525996,0.031944157104514766
W02000213,2023,0.02658394793531449,7.40304981940398e-5,0.012468428866346776,0.045804929005414594,0.03333650013906782
W02000214,2023,0.027901795099191662,1.1075955317163609e-4,0.012114319318934941,0.05131169418232892,0.03919737486339398
W02000215,2023,0.029375197325014764,1.412762533585049e-4,0.010952723133232528,0.058633009132760275,0.04768028599952775
W02000216,2023,0.029503452259640347,8.72920410416336e-5,0.014527467876615765,0.05093959166674683,0.03641212379013106
W02000217,2023,0.03142767468040125,7.996108894182007e-5,0.01616082019620404,0.05027780403640137,0.03411698384019733
W02000218,2023,0.03422706725636807,1.0481617986253415e-4,0.02014591673956128,0.05848702279925681,0.03834110605969553
W02000219,2023,0.03153495385913201,1.0184763580683034e-4,0.014681772758603063,0.05591976228179378,0.041237989523190716
W02000220,2023,0.03356521803845703,8.930103191139687e-5,0.018622631052459204,0.05425090333435436,0.035628272281895156
W02000221,2023,0.03343355605919114,9.338730320279766e-5,0.01693879168878554,0.054302871229690214,0.03736407954090468
W02000222,2023,0.0322099759647779,9.157456762285132e-5,0.016032370914029086,0.05243276143566525,0.03640039052163616
W02000223,2023,0.03112349409339197,8.184805375368916e-5,0.016201397546128198,0.05127917919725811,0.03507778165112991
W02000224,2023,0.032492557526288476,1.0842247489474336e-4,0.014384671725372153,0.05444566771670009,0.04006099599132794
W02000225,2023,0.03504702197701787,1.2928659076799203e-4,0.017640518294875188,0.06062250082067207,0.04298198252579688
W02000226,2023,0.03138323324989029,7.476374568213724e-5,0.017688034563028778,0.05039629936081194,0.03270826479778316
W02000227,2023,0.03622130027037372,1.325308129147285e-4,0.02002497460269359,0.06269653752509452,0.04267156292240093
W02000228,2023,0.03481044336903863,9.553368301958152e-5,0.018915043756700906,0.0563674248173822,0.0374523810606813
W02000229,2023,0.03552802973512453,1.5558972753916574e-4,0.015679785598569727,0.06439682625207364,0.04871704065350392
W02000230,2023,0.03285617847740219,9.736557212050489e-5,0.018770393043044405,0.05586601297751833,0.037095619934473925
W02000231,2023,0.04003778348876512,1.5989899368777126e-4,0.02226887297281879,0.06785466116935411,0.04558578819653532
W02000232,2023,0.03197605977140961,8.072421972100014e-5,0.016742521480792603,0.05436459753419483,0.037622076053402224
W02000233,2023,0.03366185203279181,1.314559887168141e-4,0.01622795656401704,0.05773215479383756,0.041504198229820516
W02000234,2023,0.03422863056435887,1.4419715218075106e-4,0.016842780077075754,0.06283613275384996,0.04599335267677421
W02000235,2023,0.028475267703307574,1.2381150521516377e-4,0.010683132321348897,0.055002058572176146,0.04431892625082725
W02000236,2023,0.028832740239211164,1.1903603947261714e-4,0.012017858429120256,0.05316798326791682,0.04115012483879657
W02000237,2023,0.03381499592180681,8.27794507612268e-5,0.01890194809181233,0.054470723946118016,0.035568775854305686
W02000238,2023,0.032704475510534646,8.410332163266187e-5,0.018532758607035085,0.05701184003802548,0.038479081430990394
W02000239,2023,0.036775055969033014,8.984689669086844e-5,0.021946243858726636,0.057208239636384745,0.03526199577765811
W02000240,2023,0.04588115033821446,2.1980453070295712e-4,0.024410781318760504,0.08374220425255766,0.05933142293379715
W02000241,2023,0.04162628457188922,1.9207875175626419e-4,0.018231774042176758,0.07514640218877756,0.05691462814660081
W02000242,2023,0.04070701516910373,1.3671153806299113e-4,0.023314008674289552,0.0691515003261504,0.04583749165186085
W02000243,2023,0.04751668589656256,2.4149485033935893e-4,0.025493697574269024,0.08294059780431629,0.05744690023004726
W02000244,2023,0.038325313262504705,1.4867278280511012e-4,0.020231633547838815,0.06772367344093659,0.047492039893097776
W02000245,2023,0.04607842480701034,1.5611324052696847e-4,0.024105932071726656,0.07293667748857069,0.04883074541684403
W02000246,2023,0.03690836320824266,1.303691708800203e-4,0.021090979308269173,0.06515377655332397,0.0440627972450548
W02000247,2023,0.03374025343877784,1.2218741994391488e-4,0.016135274490944006,0.05942201359429642,0.043286739103352415
W02000248,2023,0.050675335695583155,2.3249651567889136e-4,0.02735404276469671,0.08698575690233776,0.05963171413764105
W02000249,2023,0.05598007663216538,3.956760199500564e-4,0.02860293647760205,0.10758883274009609,0.07898589626249404
W02000250,2023,0.035754923012479775,1.0447753626994351e-4,0.0188679368885633,0.05726885232837502,0.038400915439811716
W02000251,2023,0.049265571670731645,1.8094351292421756e-4,0.02816319107429608,0.08215305855517205,0.05398986748087597
W02000252,2023,0.03367616520799003,6.85057779804222e-5,0.018678876242817045,0.0507500038789364,0.032071127636119356
W02000253,2023,0.0350833232399975,1.1505353613077713e-4,0.01742226141839047,0.05931264721896701,0.04189038580057654
W02000254,2023,0.03412829186836543,9.882303106240998e-5,0.01879139647206097,0.05756686590839506,0.038775469436334094
W02000255,2023,0.03439703418064765,1.0023083050671649e-4,0.016687685707892523,0.059222546462935094,0.04253486075504257
W02000256,2023,0.036529143313353565,1.3085619576562056e-4,0.019398297701031984,0.06648991877340946,0.04709162107237747
W02000257,2023,0.03565638458200241,8.445169382267963e-5,0.02109997025563916,0.05653370455775286,0.035433734302113704
W02000258,2023,0.03768747508406286,1.0389373690882686e-4,0.021712840216784598,0.058466858371410746,0.036754018154626145
W02000259,2023,0.03802329810530875,1.4805846781652658e-4,0.02010726704884481,0.06580752870319685,0.04570026165435204
W02000260,2023,0.03868501173114925,1.1028529999507249e-4,0.022299575043970524,0.06243641555260869,0.040136840508638166
W02000261,2023,0.03486778202590137,1.1352982811187294e-4,0.017725673243014155,0.05936830327028847,0.041642630027274315
W02000262,2023,0.032914691575497694,1.2067947718535497e-4,0.014970765567508558,0.056101504848834374,0.041130739281325816
W02000263,2023,0.036501164951732064,1.0507124751982844e-4,0.020965803120890497,0.06274464396280657,0.041778840841916076
W02000264,2023,0.04003506985650373,1.4307068427587e-4,0.02106656994568802,0.0652155388858829,0.04414896894019488
W02000265,2023,0.03591389379399933,1.467949295925102e-4,0.015995896300818904,0.06061208274716966,0.04461618644635075
W02000266,2023,0.036256124595883475,9.520141880454088e-5,0.02048028480787136,0.05947702516280407,0.03899674035493271
W02000267,2023,0.03738248290003462,1.6265851795321383e-4,0.01941699741592811,0.06645553803360252,0.04703854061767441
W02000268,2023,0.03822838749343678,1.1383113481440952e-4,0.02124544764522846,0.061642566570930785,0.04039711892570232
W02000269,2023,0.03535247952601902,1.0085251026763429e-4,0.017719181178994806,0.05812742607574592,0.040408244896751114
W02000270,2023,0.03693438822344023,1.0275851255118912e-4,0.02064535609721585,0.05943633787578257,0.03879098177856672
W02000271,2023,0.0390596770201157,1.522491644602951e-4,0.020584498607766955,0.06896186392246993,0.04837736531470298
W02000272,2023,0.03951695959130093,1.1097473069561743e-4,0.02356521744483788,0.06452001330912167,0.04095479586428379
W02000273,2023,0.04965588098981387,2.113001464433569e-4,0.026502191686544364,0.08228586217122527,0.05578367048468091
W02000274,2023,0.04113818125335471,1.5698851486452926e-4,0.022547449612689143,0.0678065941467404,0.04525914453405125
W02000275,2023,0.036506411158464216,1.0999889371142867e-4,0.020564975043502652,0.061600826925628,0.04103585188212535
W02000276,2023,0.039710480859609903,1.3412766641467333e-4,0.022492266861169515,0.066497620657759507,0.04400535379658999
W02000277,2023,0.040006503422067186,1.0844670553382182e-4,0.022763048828410057,0.06331988727525946,0.0405568384468494
W02000278,2023,0.040839208272382785,1.2941616904670985e-4,0.023894914967041967,0.07075727198283487,0.0468623570157929
W02000279,2023,0.03714324621802561,1.233964643748993e-4,0.022133447241710964,0.06056860338961133,0.038435156147900364
W02000280,2023,0.03708064529873713,9.580711828480533e-5,0.022580624924474737,0.06007709042584616,0.03749646550137142
W02000281,2023,0.03856802096373843,1.1826880241689378e-4,0.02263504306925878,0.0643227195065155,0.04168767643725672
W02000282,2023,0.03904986546690636,1.0854481424358873e-4,0.021603712972531008,0.0658652167645293,0.044261503791998294
W02000284,2023,0.04194842465563091,1.1234442399280226e-4,0.024365677124847912,0.06577933873959818,0.04141366161475027
W02000285,2023,0.03530636299528802,9.767602816945356e-5,0.019028606481698185,0.05542204500813338,0.036393438526435194
W02000286,2023,0.04119133030071403,1.490264471840403e-4,0.021356593804232767,0.07072890107741482,0.04937230727318205
W02000287,2023,0.0408853161361347,1.40776767569187e-4,0.022557047503336272,0.06615177679660439,0.04359472929326812
W02000288,2023,0.04030049666334634,1.1566317428255286e-4,0.023798598254588646,0.06717495080024904,0.0433763525456604
W02000289,2023,0.04053702807728926,1.0678368432952563e-4,0.02307450384239933,0.06271399630514325,0.039639492462743925
W02000290,2023,0.04046131261506006,1.3076221587812235e-4,0.023707382376411477,0.0662578845519862,0.04255050217557472
W02000291,2023,0.03853623576842214,1.1884448076051693e-4,0.01935929760970733,0.06282201987174289,0.04346272226203556
W02000292,2023,0.037257886191675346,1.4463049913840254e-4,0.018990084921826023,0.06957665052727677,0.050586565605450745
W02000293,2023,0.037399338666510566,1.2426543852591917e-4,0.017900009970403225,0.06152466616351949,0.043624656193116264
W02000294,2023,0.03332872469938996,8.929787120255122e-5,0.017832746235199606,0.054700554557317926,0.03686780832211832
W02000295,2023,0.03165614552313173,8.471723383777616e-5,0.016112255192708126,0.05231279841842545,0.03620054322571732
W02000296,2023,0.03669087189995383,1.1241089298016819e-4,0.019532340580804185,0.059436161119847015,0.03990382053904283
W02000297,2023,0.036341451683434556,9.4374045569886e-5,0.021044248030088815,0.0581416994805839,0.03709745145049508
W02000298,2023,0.03269089983572001,9.566267314913086e-5,0.015750855088629192,0.055283524276013185,0.03953266918738399
W02000299,2023,0.03510093704961039,1.2453876569292106e-4,0.015893033080895944,0.061157221275062824,0.04526418819416688
W02000300,2023,0.033234927957924223,9.845658350663863e-5,0.018470569889207564,0.058560016700785034,0.04008944681157747
W02000301,2023,0.03654441789394432,8.603307979864991e-5,0.02241356813674676,0.05942124603829,0.03700767790154324
W02000302,2023,0.036224805471046624,8.335167294900545e-5,0.020569703104773226,0.05588282802949376,0.03531312492472053
W02000303,2023,0.032190864175218416,7.502580107156994e-5,0.017253388503372,0.0495591796117002,0.0323057911083282
W02000304,2023,0.034956400910866235,1.0181599558482651e-4,0.019330497863022898,0.05971385445918442,0.040383356596161525
W02000305,2023,0.03082094175241177,9.925573685219758e-5,0.014524368181496342,0.05232958443506938,0.03780521625357304
W02000306,2023,0.03261054888764555,8.874535495381586e-5,0.017024551047787856,0.05330994892949686,0.036285397881709
W02000307,2023,0.0418667361172838,1.6980739314990872e-4,0.023164506428063236,0.06860312881186748,0.045438622383804236
W02000308,2023,0.03597454829635732,9.769904774696898e-5,0.020149703459244977,0.05866584256635824,0.03851613910711327
W02000309,2023,0.034026280890752346,9.637083308422544e-5,0.017837529504253498,0.05523340898989933,0.03739587948564583
W02000310,2023,0.034658638230740196,7.385732661537078e-5,0.02100773247409428,0.05245184232917466,0.03144410985508038
W02000311,2023,0.0385143928715372,1.3209701721588117e-4,0.019771257655253942,0.06726021170284077,0.04748895404758683
W02000312,2023,0.03645988385809015,1.0593596023150273e-4,0.018754301974978016,0.058347096674396484,0.03959279469941847
W02000313,2023,0.037580705258866476,1.1370530754414047e-4,0.02149181369931249,0.05983790154065867,0.03834608784134618
W02000314,2023,0.03249404531421188,9.794339299729755e-5,0.016468692657961158,0.05296781675960492,0.036499124101643764
W02000315,2023,0.03527508831751617,1.1153659426805963e-4,0.018006448902908964,0.05824574009235432,0.04023929118944536
W02000316,2023,0.03369662148242556,8.057763596813255e-5,0.018826011530333357,0.05313175248310335,0.034305740952769996
W02000317,2023,0.03322396429903931,9.905509766040405e-5,0.016534190443047048,0.05409773581680563,0.03756354537375858
W02000318,2023,0.03400586276121664,8.87182048586134e-5,0.01867948656836959,0.05581544386374496,0.03713595729537537
W02000319,2023,0.036026815038065714,1.0930834943253172e-4,0.01877003126331374,0.06150645761529856,0.042736426351984824
W02000320,2023,0.0356718574504883,1.0860696514016402e-4,0.019936006744428015,0.05828505375752754,0.03834904701309952
W02000321,2023,0.03216298484822319,8.116028688527898e-5,0.01675647378050067,0.05075366462632024,0.03399719084581958
W02000322,2023,0.03267727713026185,8.186190732148687e-5,0.018580382704132026,0.05258667944668008,0.034006296742548056
W02000323,2023,0.03296700276868655,8.598030135814872e-5,0.01748125466108732,0.05252549730916521,0.03504424264807789
W02000324,2023,0.030200589639688327,6.750893732091543e-5,0.01579091363600212,0.046934117371488546,0.031143203735486426
W02000325,2023,0.03458818806920425,1.2970528564048905e-4,0.014983449784218696,0.06021923788107889,0.0452357880968602
W02000326,2023,0.030713602993360883,7.881491492659093e-5,0.0167727276229955,0.052471109251647344,0.03569838162865184
W02000327,2023,0.02741611095401995,6.732166674890655e-5,0.013239360797273357,0.044584120124435675,0.03134475932716232
W02000328,2023,0.029024985367783175,8.792499929251249e-5,0.01374109208602069,0.048580521004796415,0.03483942891877573
W02000329,2023,0.029759883258909887,7.442793960680034e-5,0.014475711440906189,0.047015039836250806,0.03253932839534462
W02000330,2023,0.028240054104471186,7.518611646971063e-5,0.014476935762484166,0.047233016356791765,0.032756080594307596
W02000331,2023,0.035870376745846644,1.4091297449898523e-4,0.01794232065651631,0.061045405318701264,0.04310308466218495
W02000332,2023,0.030618556572736242,8.087920544010295e-5,0.015949550497829604,0.04793508049970302,0.031985530001873416
W02000333,2023,0.03333930891668322,1.0772199124545221e-4,0.017602132318747372,0.06017412301909348,0.042571990700346105
W02000334,2023,0.029270419649323507,6.802735041021696e-5,0.015931780557908653,0.04747243224237346,0.03154065168446481
W02000335,2023,0.02720953719600748,7.836974716515381e-5,0.014346796323958404,0.04690935386187418,0.03256255753791577
W02000336,2023,0.029930367995283452,6.286609033694907e-5,0.017593219014829374,0.04871682746657513,0.031123608451745756
W02000337,2023,0.03773958051283759,2.963243818593974e-4,0.016547181486560078,0.07377049216566903,0.05722331067910895
W02000338,2023,0.03004615731019993,7.21013354143799e-5,0.016270137472385364,0.051309451411150724,0.03503931393876536
W02000339,2023,0.025359633870545906,1.0216979437816873e-4,0.010311113281731767,0.05197575805534341,0.04166464477361164
W02000340,2023,0.02595216883067556,5.8882398798643715e-5,0.014159878111260463,0.04375281222663651,0.029592934115376047
W02000341,2023,0.024486327725509273,4.291275242799901e-5,0.014354728827421392,0.039045143360647544,0.02469041453322615
W02000342,2023,0.029148128608814175,6.945520227161897e-5,0.015208917491884744,0.04774702907451368,0.03253811158262894
W02000343,2023,0.03141930173759804,1.1226641807786473e-4,0.014140683360050388,0.055411422743061864,0.04127073938301148
W02000344,2023,0.028607623075944052,7.535459153535128e-5,0.01484912229754913,0.04942534122331252,0.03457621892576339
W02000345,2023,0.031606966937357595,1.4467827226343781e-4,0.014028605991965454,0.06245947727793856,0.04843087128597311
W02000346,2023,0.030536149597785774,1.0287486918618671e-4,0.015916327003629945,0.05322502455028366,0.03730869754665372
W02000347,2023,0.029416873332167397,6.722644800099524e-5,0.016895617584004777,0.04890694523034479,0.032011327646340015
W02000348,2023,0.02775581660477601,9.724477313470051e-5,0.011340686795570347,0.048397599687316946,0.0370569128917466
W02000349,2023,0.03318100270392445,1.1376105724107815e-4,0.015539051623097603,0.060036793133465674,0.044497741510368075
W02000350,2023,0.028926587601348315,8.303168995512096e-5,0.013771224468482826,0.04714106243632482,0.033369837967841993
W02000351,2023,0.026140589783598876,1.3437993706787513e-4,0.008210179173902137,0.05232034794735439,0.04411016877345225
W02000352,2023,0.03268473029703684,1.414327925353077e-4,0.013132037297046751,0.06116287239975702,0.048030835102710265
W02000353,2023,0.02726267460686775,1.374128105788223e-4,0.009146386370371764,0.056902403696224256,0.047756017325852496
W02000354,2023,0.025365916778560815,1.1407503032904844e-4,0.009435198256624158,0.051828097572826914,0.042392899316202756
W02000355,2023,0.028739482774200825,6.693161628379823e-5,0.015269546383345527,0.04528219736766391,0.030012650984318382
W02000356,2023,0.033595365618572653,1.8566637539138396e-4,0.015921409786415007,0.06923420944313062,0.05331279965671561
W02000357,2023,0.029274180765803553,1.3311720876510967e-4,0.010087918541605852,0.05587079144760995,0.0457828729060041
W02000358,2023,0.030548415122425007,1.0178857232329812e-4,0.013694940055086396,0.05359995590887551,0.03990501585378911
W02000359,2023,0.031090423778387815,1.8837560390846537e-4,0.011336603777960204,0.06485454358398307,0.05351793980602287
W02000360,2023,0.03959883559504097,1.9629994897386424e-4,0.019033131554762397,0.07108654944637435,0.052053417891611956
W02000361,2023,0.02841555055811041,1.1559837897599508e-4,0.012313702558356888,0.05426996995993613,0.04195626740157925
W02000362,2023,0.030629016142920847,1.2163880012930084e-4,0.012928427165375837,0.0553654857621783,0.04243705859680246
W02000363,2023,0.030670381976079943,1.43333882545205e-4,0.010530444828950353,0.056862780599498536,0.04633233577054818
W02000364,2023,0.03915160762249822,2.0538215746603987e-4,0.014649848783680934,0.06966768303081727,0.05501783424713634
W02000365,2023,0.037674815063229096,1.9836647094299205e-4,0.016753788357200622,0.07005213988078851,0.05329835152358789
W02000366,2023,0.03303212947533605,7.85053861254812e-5,0.018402156161274212,0.05352034500965708,0.035118188848382866
W02000367,2023,0.03608193644260338,1.0644751375157865e-4,0.01922084776763585,0.05809544673517555,0.0388745989675397
W02000368,2023,0.04331723845789544,2.0420441718410807e-4,0.02233879381501591,0.07746789181953712,0.055129098004521204
W02000369,2023,0.03892923812536269,1.1429227862515144e-4,0.02164272659950241,0.06252743879931638,0.040884712199813975
W02000370,2023,0.04103107123797278,1.9311250452589071e-4,0.02317408359980023,0.07053924521090674,0.04736516161110651
W02000371,2023,0.04328270911386224,1.7186499080950425e-4,0.02278937362982153,0.07399109524187665,0.05120172161205512
W02000372,2023,0.049221601850568,1.8838205584873174e-4,0.028165576686481265,0.08242001256535252,0.05425443587887125
W02000373,2023,0.05114454557748456,2.804271219252312e-4,0.026587868253648426,0.08839139795800102,0.0618035297043526
W02000374,2023,0.04319765451273789,1.7005584088356583e-4,0.02219512333089246,0.0720065029770461,0.04981137964615363
W02000375,2023,0.056023905460222866,3.3829057874148154e-4,0.029291156682145304,0.10107920708741153,0.07178805040526623
W02000376,2023,0.04316870772504816,1.342594576938107e-4,0.021929456543132435,0.0678614723051814,0.045932015762048965
W02000377,2023,0.04154229429261767,1.60992375751073e-4,0.01916394837933269,0.06859249559092642,0.04942854721159373
W02000378,2023,0.04342745618475334,1.9398639998380847e-4,0.02142613517347588,0.07981083438860895,0.05838469921513307
W02000379,2023,0.05761475050661134,4.509032205641922e-4,0.03087318237407154,0.11299560551666718,0.08212242314259564
W02000380,2023,0.03923523235988644,9.609753136802228e-5,0.02308606324650052,0.06438457509391467,0.04129851184741415
W02000381,2023,0.05504127403124029,3.108798028404214e-4,0.02979573682958251,0.09291296083065291,0.0631172240010704
W02000382,2023,0.05353539172761627,3.9580155009652995e-4,0.02726542472101691,0.10059659573973834,0.07333117101872143
W02000383,2023,0.049723346504861043,2.7660491307569297e-4,0.027143131257215944,0.08625550670875251,0.05911237545153657
W02000384,2023,0.04031404858895435,1.4082537900700774e-4,0.02178873367382603,0.06618990474012004,0.044401171066294015
W02000385,2023,0.04295209295871009,1.2244450949156548e-4,0.024634950357314202,0.06715983835658651,0.04252488799927231
W02000386,2023,0.0395320954152291,1.7497171738963037e-4,0.019849403598705795,0.06696308133757406,0.047113677738868265
W02000387,2023,0.039882503931217325,1.452513441134851e-4,0.02136001354433001,0.0659751426665516,0.0446151291222216
W02000388,2023,0.043088974102601645,1.581677871533977e-4,0.022680672253795872,0.07149230022446229,0.04881162797066642
W02000389,2023,0.047515904572645366,1.4378892728697117e-4,0.025905636913524654,0.07438247761046807,0.04847684069694341
W02000390,2023,0.03979459819426486,1.396791095337474e-4,0.01966951520422136,0.06607146200025711,0.04640194679603575
W02000391,2023,0.05861225949246011,3.1916288374332814e-4,0.030859602303602324,0.10172652782387112,0.0708669255202688
W02000392,2023,0.046895200387819753,1.5923264101293556e-4,0.02692645172379143,0.07732823240300349,0.050401780679212055
W02000393,2023,0.051821708483858815,2.52842170326999e-4,0.02749485038036697,0.09280660960255802,0.06531175922219104
W02000394,2023,0.07037094560041267,4.475460215930341e-4,0.034050160098245894,0.12273299405414735,0.08868283395590146
W02000395,2023,0.052463192036226305,2.4247684199969074e-4,0.02893524197257762,0.09254016426772574,0.06360492229514812
W02000396,2023,0.06605686390710566,3.628254824031308e-4,0.03435644916494935,0.11001083424104088,0.07565438507609154
W02000397,2023,0.05165786713068806,2.289068668505788e-4,0.02838971581039112,0.08392400146185439,0.05553428565146326
W02000398,2023,0.0857118077407926,5.725443752813584e-4,0.0491160424715973,0.1384660627050256,0.08935002023342829
W02000399,2023,0.07742987332433922,6.120064128334696e-4,0.041617452394465175,0.14306016560483226,0.10144271321036707
W02000400,2023,0.057246779409249,2.8397654822149334e-4,0.03141002359501058,0.0960917928894719,0.06468176929446132
W02000401,2023,0.06418491681329944,5.081372282052944e-4,0.03106523454189286,0.11702804951294082,0.08596281497104796
W02000402,2023,0.06513001619762526,4.0103154472197585e-4,0.03556177504009961,0.11622477244566419,0.08066299740556458
W02000403,2023,0.05467993835792413,2.379626020643129e-4,0.0304642064780669,0.0898600062770131,0.0593957997989462
W02000404,2023,0.06385598381020899,3.4023574696451757e-4,0.03434231938097968,0.11107341270394663,0.07673109332296696
W02000405,2023,0.056962358161546385,3.2532100691733823e-4,0.028862548818369645,0.0952691912671293,0.06640664244875966
W02000406,2023,0.07065857240604513,6.882385696809057e-4,0.031422252418184464,0.13427251004586874,0.10285025762768427
W02000407,2023,0.050460281279382416,4.1142225401526655e-4,0.021103926757856262,0.10361706051666808,0.08251313375881182
W02000408,2023,0.07057141397488396,4.039316293870696e-4,0.04009311287159635,0.11715935300462929,0.07706624013303294
W02000409,2023,0.05122048064988949,2.8499801581401087e-4,0.02590881459289389,0.09460488271420174,0.06869606812130785
W02000410,2023,0.08339617198351632,7.355223659060557e-4,0.0435985348168032,0.15585105623611498,0.11225252141931177
W02000411,2023,0.05230109109972058,4.038440559171907e-4,0.024456489888109563,0.10412120709945794,0.07966471721134838
W02000412,2023,0.06738524605214406,3.78186385373061e-4,0.03967026815077475,0.11227492140696763,0.07260465325619288
W02000414,2023,0.033110932205943626,6.591587094226667e-5,0.020705938418326263,0.050258201591545044,0.029552263173218782
W02000415,2023,0.04364993131413241,1.463368155326834e-4,0.02574177377729303,0.07102490372548727,0.04528312994819424
W02000416,2023,0.031836095952122716,7.120446158181097e-5,0.018390632959921792,0.05246914907861591,0.03407851611869412
W02000417,2023,0.03231197661339459,1.0637109567516014e-4,0.01644252196859619,0.053163659979974645,0.036721138011378454
W02000418,2023,0.03534964949063147,8.88405064885728e-5,0.020882167724957178,0.056872615638060814,0.035990447913103636
W02000419,2023,0.030090148788762164,9.982956327928375e-5,0.013468765696363311,0.05246274363533447,0.038993977938971164
W02000421,2023,0.03908707683617448,8.294430496737604e-5,0.0260910568535219,0.059961166500161686,0.033870109646639786
W02000422,2023,0.07552877128368794,5.557565194038587e-4,0.04259882889094488,0.12921215461020671,0.08661332571926184
W02000423,2023,0.06881170768972691,2.9880529245776457e-4,0.03839975723166224,0.10451723387707287,0.06611747664541064
W02000424,2023,0.0338020829893513,1.2136060974000128e-4,0.015520940150449804,0.061382090122710606,0.045861149972260803
W02000425,2023,0.03938695406723389,1.5657797300788862e-4,0.022140611043712507,0.06784749034441637,0.045706879300703857
W02000426,2023,0.03489193954600167,1.5809598672230607e-4,0.018137313278431922,0.06596466808918204,0.04782735481075012
W02000427,2023,0.030786709795896185,6.322877785982504e-5,0.01718887601701554,0.04757352220911161,0.03038464619209607
W02000428,2023,0.029397760553334235,9.073977619219168e-5,0.014131949058205993,0.050374578391373645,0.03624262933316765
W02000001,2025,0.03724235406179918,1.3416581617915982e-4,0.018683788003215594,0.061187611681132806,0.04250382367791721
W02000002,2025,0.029931746527151804,6.196056971121897e-5,0.015915883386677075,0.047330627857419136,0.031414744470742065
W02000003,2025,0.06933187302431733,7.860076688918431e-4,0.030659502430320316,0.13315817060320848,0.10249866817288816
W02000004,2025,0.04678788827970724,2.3442875451215071e-4,0.02387189743653493,0.08248145743058767,0.05860955999405274
W02000005,2025,0.02869651378279784,7.999804479678259e-5,0.01323066036960387,0.04780059348623773,0.034569933116633866
W02000006,2025,0.03983475255600656,1.5037500606097416e-4,0.020537032101694642,0.06580061101926409,0.04526357891756944
W02000007,2025,0.04310812557188549,1.4670286027998534e-4,0.024554567148735565,0.07026840376963822,0.045713836620902656
W02000008,2025,0.03174692704634826,1.510167613308986e-4,0.013017845942289809,0.06043824581928357,0.047420399876993764
W02000009,2025,0.03393074808336322,9.137490271582068e-5,0.018131444366710072,0.05596040638394047,0.03782896201723039
W02000010,2025,0.05505738651151589,6.319307258130369e-4,0.01890149926011645,0.11700314949131124,0.0981016502311948
W02000011,2025,0.04336676951910402,1.980648856359001e-4,0.02066856669172335,0.07408103190927948,0.053412465217556125
W02000012,2025,0.03902197481050578,1.3177989066623526e-4,0.02079036949470047,0.06575699630215992,0.04496662680745945
W02000013,2025,0.03891435978181436,1.993641403794452e-4,0.0166916026739277,0.07035944393530408,0.05366784126137637
W02000014,2025,0.03935106974063193,1.3122214982689133e-4,0.02248530775557409,0.06608670726062406,0.04360139950504997
W02000015,2025,0.03962266479882622,2.2938552073418545e-4,0.015067350827996819,0.07498000761252652,0.0599126567845297
W02000016,2025,0.03708745657847288,1.355346230632608e-4,0.01746101385369707,0.06413391537056044,0.046672901516863374
W02000017,2025,0.0359576192485651,1.3901307648968265e-4,0.01825396585780064,0.06458267194030418,0.046328706082503536
W02000018,2025,0.039038881491892656,1.154681545878741e-4,0.0207434234852479,0.0625932736399158,0.041849850154667904
W02000019,2025,0.034320316491139743,9.782532614629856e-5,0.017969183186562963,0.05330797326275896,0.035338790076196
W02000020,2025,0.03665551893821548,1.3604266569513152e-4,0.019101723492049968,0.06012793298036061,0.041026209488310636
W02000021,2025,0.03814604453673631,2.4615769452108446e-4,0.015587474637838033,0.07486948952877165,0.05928201489093361
W02000022,2025,0.031162180377140105,9.189676955022822e-5,0.015499139677440946,0.052509497297604436,0.03701035762016349
W02000023,2025,0.03250833686392217,2.4522009721433883e-4,0.011766733391214677,0.06828539715900338,0.056518663767788704
W02000024,2025,0.04114800016452599,9.801697361477634e-5,0.02545773133120941,0.06448410546286582,0.039026374131656404
W02000025,2025,0.03782047454015357,9.173210769324967e-5,0.021601266704975787,0.058407759127390116,0.03680649242241433
W02000026,2025,0.03842955920299337,1.123827152291234e-4,0.021929297716522345,0.059756698853803726,0.03782740113728138
W02000027,2025,0.03199381937601842,2.316760647793667e-4,0.00997568764879485,0.06938973011678265,0.0594140424679878
W02000028,2025,0.029740251073286622,1.2959687923443946e-4,0.011580979397225613,0.05841577413591437,0.046834794738688755
W02000029,2025,0.027216699729798486,9.494184945456535e-5,0.011641211330090568,0.04836533370512779,0.03672412237503722
W02000030,2025,0.02950847686597727,1.2279724327326426e-4,0.011599656650899463,0.054947961264441514,0.043348304613542055
W02000031,2025,0.03381900979430031,1.0741744433504469e-4,0.016395883638928237,0.054561504287533494,0.03816562064860526
W02000032,2025,0.028089392662694293,9.532202283094386e-5,0.012452787776044826,0.0489478839617775,0.03649509618573268
W02000033,2025,0.04132917998904413,2.0005641283027045e-4,0.019836160598918837,0.0691003808995588,0.04926422030063997
W02000034,2025,0.03793250855124774,1.3822526857865125e-4,0.019534417047122162,0.06466485134094092,0.04513043429381876
W02000035,2025,0.0355328880750242,9.858292578630225e-5,0.019978119915381436,0.060334418376663285,0.040356298461281845
W02000036,2025,0.03418777360709024,1.0227979143585099e-4,0.01918838808417059,0.05790578043337662,0.03871739234920603
W02000037,2025,0.03460669217485313,9.473976192602446e-5,0.018746607356818903,0.05613272561229885,0.03738611825547995
W02000038,2025,0.03325689813078069,1.2247977912696533e-4,0.01479694810432487,0.05732352378186408,0.04252657567753921
W02000039,2025,0.033972569006649654,1.4650110562402976e-4,0.014164856280650817,0.06181939247985821,0.04765453619920739
W02000040,2025,0.034885842294330414,8.680488328388107e-5,0.018786083054639042,0.056153641195676965,0.037367558141037927
W02000041,2025,0.03615438988178584,9.687869393240919e-5,0.021377946775168664,0.05728000795732651,0.03590206118215784
W02000042,2025,0.03670944440357133,1.4681416234881096e-4,0.018841573224421926,0.06231740712259658,0.04347583389817465
W02000043,2025,0.04594209858314437,2.191669060365955e-4,0.023028269327187705,0.08295613769927532,0.05992786837208761
W02000044,2025,0.04082989065033973,2.007069923117748e-4,0.02126802985914818,0.07770718880528055,0.05643915894613237
W02000045,2025,0.042729738200350406,1.580976754976307e-4,0.020879711663440548,0.06847331681799537,0.047593605154554824
W02000047,2025,0.04196415864849411,2.1833245408729837e-4,0.017879283840297112,0.0730075345615216,0.055128250721224493
W02000049,2025,0.04279821896050489,1.2903601408782836e-4,0.024509534923993444,0.06904431829074223,0.044534783366748786
W02000050,2025,0.0354619077230199,9.346105872801595e-5,0.019866807795861332,0.05774643151969472,0.03787962372383338
W02000051,2025,0.03856100881046296,1.149804491340898e-4,0.01957279155617339,0.06192958510097104,0.04235679354479765
W02000052,2025,0.04485875541087468,1.9030523894549652e-4,0.02297448792521109,0.07311645505593518,0.050141967130724094
W02000053,2025,0.03830900276638043,9.642692929027405e-5,0.02269617770602373,0.05954850227477271,0.03685232456874898
W02000054,2025,0.039491019096341166,1.2157659841652354e-4,0.021539794422391526,0.06282559149786894,0.041285797075477415
W02000055,2025,0.04917124073862845,2.548674583323405e-4,0.02503176849373511,0.08475509817072423,0.059723329676989116
W02000056,2025,0.03986239771898902,1.2184664714512671e-4,0.021135896525505314,0.06501228841058161,0.0438763918850763
W02000057,2025,0.03929499893390044,9.610220863038958e-5,0.021331115927967673,0.06147744012216376,0.04014632419419609
W02000058,2025,0.040617979827725526,1.4851561047387243e-4,0.02257471462210473,0.07078860166102098,0.04821388703891625
W02000059,2025,0.04024905093148107,1.3366472069965146e-4,0.019701485004829572,0.06494956986796649,0.04524808486313692
W02000060,2025,0.04118813351898248,1.394616605805337e-4,0.021371019982912083,0.06637012550663655,0.04499910552372447
W02000061,2025,0.05012897567645267,2.7638719149496426e-4,0.023833559544206184,0.08928603599238341,0.06545247644817723
W02000062,2025,0.03996748753608762,1.4068684071095368e-4,0.019727908610278164,0.06808174129356712,0.04835383268328895
W02000063,2025,0.03495968987289002,7.917009807411147e-5,0.019586230286230792,0.054276473928756966,0.034690243642526174
W02000064,2025,0.0438712905102687,2.515120513281985e-4,0.017344342044164608,0.07755214055390645,0.060207798509741846
W02000065,2025,0.04240277400115392,2.0379316663864252e-4,0.02020715676811299,0.0747608911590761,0.0545537343909631
W02000066,2025,0.044193807878067,2.053169224013187e-4,0.020481281907189272,0.07324862051333521,0.052767338606145936
W02000067,2025,0.03712840942759995,1.211246952315385e-4,0.018797574806170725,0.06347339130768277,0.04467581650151205
W02000068,2025,0.046050068941274065,2.694523990222054e-4,0.023497991737548553,0.0800906527871152,0.05659266104956665
W02000069,2025,0.03591365238040723,8.943296750063638e-5,0.019409560692267208,0.05618945746379324,0.03677989677152603
W02000070,2025,0.039026464136071574,1.1151475744126374e-4,0.021693752252092725,0.06345759117149706,0.041763838919404335
W02000071,2025,0.038007905172035644,1.2227490400089217e-4,0.020691967574726192,0.05911436663859123,0.038422399063865034
W02000072,2025,0.04383272336980885,1.7671611776970994e-4,0.02343180069572442,0.07546441003484305,0.05203260933911863
W02000073,2025,0.03921001321013864,1.1967700556493905e-4,0.0215154090109324,0.06426445958384859,0.04274905057291619
W02000074,2025,0.04137360139534247,1.2196304723209229e-4,0.02318719949088739,0.06545837475985222,0.04227117526896483
W02000075,2025,0.03857515253850122,1.4282438130791916e-4,0.02134869561752771,0.06472541582245407,0.04337672020492636
W02000076,2025,0.0374587217586387,1.0609355742585031e-4,0.022039641371412955,0.06368151770906405,0.041641876337651096
W02000077,2025,0.039293807115669106,1.0964999204046958e-4,0.02230964122207016,0.0628982733690191,0.04058863214694894
W02000080,2025,0.04108951099165842,2.0387208722741216e-4,0.021134084281994425,0.07824687731064815,0.05711279302865373
W02000081,2025,0.04385395427514802,1.5349832092973433e-4,0.024518128262157338,0.06970905437323902,0.04519092611108168
W02000082,2025,0.043802713360489645,0.00024904161300422077,0.022086019719639558,0.07615417087431864,0.054068151154679084
W02000083,2025,0.041953591061680624,1.2620696237111912e-4,0.021223025519498444,0.06984480914998722,0.04862178363048878
W02000085,2025,0.03933614062250001,1.9686845160029646e-4,0.017602274833719046,0.07364284252480793,0.05604056769108889
W02000087,2025,0.07086203728134759,8.18598731239711e-4,0.03259776758801532,0.14595223585248981,0.1133544682644745
W02000088,2025,0.04713797553100762,2.621654749693232e-4,0.022571777373385747,0.08645706870554451,0.06388529133215876
W02000089,2025,0.0585578239543813,6.779136321090615e-4,0.021535823950470226,0.12206968097029963,0.1005338570198294
W02000090,2025,0.040697865752732605,1.1222911983768406e-4,0.022636643894807643,0.06303436013195599,0.04039771623714834
W02000091,2025,0.04142844886665288,1.4151353485041142e-4,0.022681604913798017,0.07113654671631142,0.048454941802513404
W02000092,2025,0.04308592673222352,1.510658591851797e-4,0.023356944036610084,0.0696101462129276,0.04625320217631752
W02000093,2025,0.04244580601552136,1.317214830015578e-4,0.024721668860604798,0.06699709889514889,0.04227543003454409
W02000094,2025,0.04392184338092587,1.2743607304011836e-4,0.02340537645824608,0.07130112138200234,0.04789574492375626
W02000095,2025,0.03709083422123041,1.4899703635706913e-4,0.018179468852605712,0.06624822175850126,0.048068752905895545
W02000096,2025,0.04448715037039502,1.3937209112872812e-4,0.02546434812532293,0.07182473148792345,0.046360383362600524
W02000097,2025,0.04385068793989563,1.0893787073911508e-4,0.02836003463550249,0.06854587140430612,0.040185836768803634
W02000098,2025,0.03767834739107549,1.0754766141652706e-4,0.021363704161267903,0.06126263654376292,0.03989893238249502
W02000099,2025,0.04162570432646506,1.820356312800138e-4,0.021244063731232558,0.07297233989985474,0.05172827616862219
W02000100,2025,0.04695587018257071,1.5649270556659638e-4,0.028094693091244842,0.07447014849931403,0.04637545540806919
W02000101,2025,0.03935404898754907,1.2764691905689396e-4,0.021941788628369634,0.06478751944075994,0.042845730812390306
W02000102,2025,0.044045815241296325,1.277284670164682e-4,0.025695136600598856,0.07050509484300453,0.044809958242405676
W02000103,2025,0.04446727243853882,1.3285586394343676e-4,0.02538479121738861,0.0746911086135929,0.049306317396204294
W02000104,2025,0.05485160491826087,2.552987397695152e-4,0.030495805018121415,0.09168262718037731,0.0611868221622559
W02000105,2025,0.05791999633883007,3.1683904594661334e-4,0.031147491369097433,0.10427042835403569,0.07312293698493826
W02000106,2025,0.04303323575866201,1.0186515563733844e-4,0.026791871586133883,0.06835759174142025,0.04156572015528637
W02000107,2025,0.04675917781954978,1.3412765112761154e-4,0.02729182834809281,0.07406692742743123,0.046775099079338425
W02000108,2025,0.045849239583913654,1.2522396763850303e-4,0.025932827888763943,0.07342778613656134,0.0474949582477974
W02000109,2025,0.06218987367569094,4.431564689535657e-4,0.03413578299189471,0.11579889742786972,0.08166311443597501
W02000110,2025,0.04253283019291547,9.4476506321928e-5,0.025822445847146127,0.06761812785711796,0.04179568200997183
W02000111,2025,0.03761881079771094,8.555506109388646e-5,0.022820417008481055,0.057102830880759195,0.034282413872278136
W02000113,2025,0.048624180578244594,3.009339094813719e-4,0.02472566189039364,0.09142916770793787,0.06670350581754422
W02000114,2025,0.03483678188481104,7.375109768865627e-5,0.019791538572760517,0.05623884484909068,0.036447306276330166
W02000116,2025,0.044783369465987447,1.8090290385529455e-4,0.02541243079388797,0.07558693383544038,0.05017450304155241
W02000117,2025,0.07376379036234647,5.184834921603648e-4,0.04035211029652613,0.11992268231466148,0.07957057201813536
W02000118,2025,0.06096521243634892,3.356758304970078e-4,0.03373301122432518,0.10139313882061486,0.06766012759628968
W02000120,2025,0.04228756546979721,1.2474117041868144e-4,0.024364482148460237,0.06587927303076462,0.04151479088230438
W02000122,2025,0.043526547877288956,1.281373324904037e-4,0.026280740970482275,0.07219304945462128,0.045912308484139006
W02000123,2025,0.046985158143792664,1.541041023806749e-4,0.02814670872471513,0.07615173313463251,0.048005024409917385
W02000124,2025,0.04125914513190094,1.6508793516775724e-4,0.02078875064221755,0.07165327188635498,0.05086452124413743
W02000125,2025,0.041743172526038236,9.661172670121255e-5,0.026878046418010296,0.06416280041404931,0.03728475399603902
W02000126,2025,0.04193318553258735,1.473030431567194e-4,0.02211919221293949,0.07017110305050256,0.04805191083756307
W02000127,2025,0.041086192724853865,1.8004606067182786e-4,0.02084243887906824,0.07295809885943708,0.052115659980368836
W02000128,2025,0.041354280421668825,1.8865688941679742e-4,0.0208983006770877,0.0714256024598658,0.0505273017827781
W02000129,2025,0.046487462518076325,1.8331036592901634e-4,0.02659970920363744,0.0788043259284596,0.052204616724822156
W02000130,2025,0.06381273471814561,4.080585711354794e-4,0.031969504312039765,0.11035786510007807,0.0783883607880383
W02000131,2025,0.05329029701767622,2.837160358586352e-4,0.028935438028374987,0.09223699914376204,0.06330156111538705
W02000132,2025,0.040366696825340255,1.4294219297849708e-4,0.020436258350197127,0.06563506327548517,0.04519880492528804
W02000133,2025,0.05158906714667243,2.7605328998454555e-4,0.02677212488236879,0.09495725733659077,0.068185132454221975
W02000134,2025,0.05087773476395321,3.3050863559159517e-4,0.026870282757785004,0.09651007187929483,0.06963978912150984
W02000135,2025,0.05734017150243142,4.6228809980279476e-4,0.027636733547793564,0.1065261310340899,0.07888939748629634
W02000136,2025,0.03839962076069765,1.371834117978643e-4,0.01940967071829916,0.06517123786475751,0.04576156714645835
W02000137,2025,0.06099162514969149,4.3133988210177036e-4,0.02863386243520904,0.10723250219088401,0.07859863975567496
W02000138,2025,0.037962373717565494,2.337603864453292e-4,0.012441708198400413,0.07308647029326686,0.06064476209486644
W02000139,2025,0.03404748656710861,1.7380984702051498e-4,0.012890175494977448,0.05999087370559692,0.04710069821061948
W02000140,2025,0.03648239582092147,2.4871791218851333e-4,0.013266865992268803,0.06824391152424847,0.054977045531979664
W02000141,2025,0.03711755246065102,1.755235924321961e-4,0.016288059862077847,0.06624717609975943,0.04995911623768158
W02000142,2025,0.043065114077698065,1.343271951228862e-4,0.025710816452455543,0.06750796433044552,0.04179714787798998
W02000143,2025,0.03949449428472363,8.16906414472211e-5,0.02327818832845182,0.060827650794419486,0.037549462465967666
W02000144,2025,0.039384762265672876,1.1758154943837083e-4,0.020660035844121877,0.06697823696520186,0.04631820112107998
W02000145,2025,0.03684906632635441,7.9798714329455e-5,0.021470905006372484,0.05497673653763415,0.033505831531261666
W02000146,2025,0.03800406924533162,8.065330967340485e-5,0.021878738406069805,0.057945692915824035,0.03606695450975423
W02000147,2025,0.045620929335750696,1.6757777696868107e-4,0.024720683023208394,0.07696118581137279,0.052240502788164396
W02000148,2025,0.04966808148047266,2.8646166246604654e-4,0.02512882643251567,0.08730466648726762,0.06217584005475195
W02000149,2025,0.04567641023805613,1.4172574011565164e-4,0.025311668154564794,0.07304086562590781,0.047729197471343014
W02000151,2025,0.03792830094527161,9.295845153744017e-5,0.02190568798900467,0.056729123817760435,0.034823435828755765
W02000152,2025,0.03938494285420226,9.751042709240304e-5,0.022198702577219818,0.06260108105231005,0.040402378475090234
W02000153,2025,0.03839240408016822,1.2171803141097926e-4,0.021685116100238676,0.06292036517762191,0.04123524907738323
W02000154,2025,0.039828196206457334,1.2283348803721145e-4,0.02165163273289213,0.06605102701978438,0.044399394286892255
W02000156,2025,0.03842221910791694,1.2198267542291904e-4,0.019054725831370276,0.06226018172448744,0.04320545589311717
W02000157,2025,0.03828564415942645,9.416551930539017e-5,0.021401297146343333,0.05847257505686355,0.037071277910520214
W02000158,2025,0.03885026343532168,1.2457028314785906e-4,0.021844676047250204,0.0658409242024656,0.04399624815521539
W02000159,2025,0.04686642946228989,2.0748090790025352e-4,0.025476740429036027,0.08055670943320867,0.05507996900417264
W02000160,2025,0.038660274096065,1.4731954881666627e-4,0.019801153914008256,0.06535538793927055,0.04555423402526229
W02000161,2025,0.04089326329547034,1.516686291236076e-4,0.019629270040657114,0.07002526802326414,0.05039599798260703
W02000162,2025,0.04020704266119973,1.9455381818025885e-4,0.019234117066722616,0.07112959865391402,0.05189548158719141
W02000163,2025,0.04535944482376048,2.140632017639315e-4,0.020010281311573737,0.08053297895175308,0.06052269764017935
W02000164,2025,0.040293007999469374,1.3941257793138268e-4,0.022684078660718747,0.06539677294352525,0.0427126942828065
W02000165,2025,0.04774456825095858,2.1493636571975674e-4,0.023705011599802386,0.08551421946368026,0.06180920786387788
W02000166,2025,0.0457085212022387,1.9395646039917328e-4,0.024162802025491925,0.07691427881654989,0.05275147679105796
W02000167,2025,0.049259410807891486,2.678815824354853e-4,0.023711667462271088,0.08769402961009357,0.06398236214782248
W02000168,2025,0.042741576468472736,1.503291131871833e-4,0.023293768086168537,0.07298792386162424,0.0496941557754557
W02000169,2025,0.0414161937543923,1.2121007620875167e-4,0.024082527153814072,0.06972340027790414,0.04564087312409006
W02000170,2025,0.03798615724157902,1.48560529568238e-4,0.018942486830799566,0.0635871731052311,0.044644686274431536
W02000171,2025,0.03535413427056203,1.1506301901996469e-4,0.020281896937819933,0.05867799542292566,0.03839609848510573
W02000172,2025,0.03602935500401528,1.7537034552420622e-4,0.017325806648552725,0.06829510026923519,0.05096929362068246
W02000173,2025,0.038701613659050595,1.250476694634051e-4,0.020700159483087854,0.06364211304541746,0.042941953562329604
W02000174,2025,0.03294422806309484,1.0080735527547272e-4,0.016980424920660556,0.053868033460896574,0.03688760854023602
W02000175,2025,0.03824151750062755,2.166334173211887e-4,0.015837388444372012,0.07520078462521064,0.05936339618083863
W02000176,2025,0.03554049727882715,1.1440185889445877e-4,0.01798828416996949,0.06239227369958247,0.04440398952961298
W02000177,2025,0.0349194635940435,1.3663203507032376e-4,0.016460621666844394,0.062415159628483693,0.0459545379616393
W02000178,2025,0.04270340711852279,1.715467147279914e-4,0.02146846300829485,0.06917550602244418,0.04770704301414933
W02000179,2025,0.033597097959606304,9.916492646923572e-5,0.018220686933561485,0.057072588991654745,0.03885190205809326
W02000180,2025,0.03750431658915446,1.306712029284766e-4,0.01984670000614413,0.060288477369578694,0.040441777363434565
W02000181,2025,0.03729031312752393,1.6372322313238592e-4,0.017727222214728593,0.06572165196193842,0.04799442974720983
W02000182,2025,0.03931672405216383,1.740695323837876e-4,0.019020964625669972,0.06754436453030153,0.04852339990463156
W02000183,2025,0.04196586831092581,1.8200150109025468e-4,0.020223091052298706,0.0734850370386229,0.053261945986324194
W02000184,2025,0.03768663257353613,1.1766445741113637e-4,0.02004933660475848,0.0626371813927517,0.042587844787993226
W02000185,2025,0.03337642393000173,1.4821792547353062e-4,0.016119265915340693,0.06057767698016946,0.04445841106482877
W02000186,2025,0.04344964111204322,1.995958874589001e-4,0.021194264727885194,0.07382867256651582,0.052634407838630624
W02000188,2025,0.04542293914239088,2.35039565488118e-4,0.020270554615993183,0.07827339166965874,0.05800283705366556
W02000189,2025,0.039822386961418946,1.8997532676676078e-4,0.0216472939388249,0.07283900411430788,0.05119171017548298
W02000191,2025,0.052616756164856004,2.716028631852152e-4,0.026365480482826494,0.08653365309682315,0.06016817261399665
W02000192,2025,0.050710837846616404,2.494392920516314e-4,0.02722714372343845,0.08620832494272093,0.05898118121928248
W02000193,2025,0.05576427491979984,3.938536560738618e-4,0.025975358216216042,0.10732939272746096,0.08135403451124493
W02000194,2025,0.0359808167850392,1.5987170554879058e-4,0.017135073301059935,0.06575803933900501,0.048622966037945074
W02000195,2025,0.03393315073923306,1.381863803844386e-4,0.014230521148013153,0.056009461937685225,0.04177894078967207
W02000196,2025,0.04366188704811551,2.795727380698411e-4,0.02064132812695111,0.0851014279181626,0.06446009979121148
W02000197,2025,0.03174928136649392,1.2872946116468333e-4,0.014600825999209054,0.05880140222003273,0.04420057622082368
W02000198,2025,0.040461588715563844,2.8350006218721773e-4,0.017328553541580263,0.0784829319613021,0.061154378419721836
W02000200,2025,0.03771283412369298,9.442259844026884e-5,0.02127358850021637,0.059022022985955935,0.037748434485739564
W02000201,2025,0.03637572667069839,9.033300849304358e-5,0.019851267360367818,0.054396270745344574,0.03454500338497676
W02000202,2025,0.039079465725472086,1.1577121237542314e-4,0.02334821211472497,0.06440118315234104,0.04105297103761607
W02000204,2025,0.034417044418209794,9.724725544051072e-5,0.01987901254281034,0.05693555425629164,0.0370565417134813
W02000205,2025,0.034399532611310825,1.0963561901091089e-4,0.016366680364580735,0.0578029034589489,0.04143622309436817
W02000206,2025,0.03531314074899925,1.445656511489279e-4,0.014216439553295868,0.0623891944514777,0.04817275489818183
W02000207,2025,0.03114679955011319,1.0415740978404577e-4,0.01455774822393033,0.054359178748327804,0.039801430524397476
W02000208,2025,0.03611979250561739,1.4180347173852205e-4,0.01713130945139829,0.061419939213873585,0.044288629762475294
W02000210,2025,0.034439898539866884,1.398609163726918e-4,0.015177460410072022,0.05705271312655712,0.041875252716485095
W02000211,2025,0.03747781289211304,1.4466306497904413e-4,0.01756852934006281,0.06214935772331157,0.04458082838324876
W02000212,2025,0.035739713757421,9.793998402430942e-5,0.02035198183122924,0.055966029205860496,0.03561404737463125
W02000213,2025,0.030785618923514297,9.183096572413217e-5,0.014789147965596772,0.05127543768993627,0.036486289724339496
W02000214,2025,0.032218171739928074,1.3579042796322435e-4,0.014873331483085306,0.06068954975596828,0.04581621827288298
W02000215,2025,0.03391522118842931,1.6796070698491057e-4,0.013269720180317211,0.06430433508594989,0.05103461490563268
W02000216,2025,0.03426616428253124,1.1986128517494199e-4,0.017286937201679627,0.058274218316258605,0.04098728111457898
W02000217,2025,0.03632124702609455,9.331849070571238e-5,0.019310880682467807,0.05671320984337935,0.037402329160911546
W02000218,2025,0.039461243173573156,1.1506431184111223e-4,0.023869280406659192,0.06973837968726837,0.04586909928060918
W02000219,2025,0.03645077119376401,1.2914497871820322e-4,0.018049263985808434,0.059709009961127005,0.041659745975318574
W02000220,2025,0.0388061634750491,1.0779567559135788e-4,0.021403283680335464,0.060892881515127104,0.03948959783479164
W02000221,2025,0.03860562082015655,1.1046847554333804e-4,0.02058647699635037,0.06066714732651082,0.04008067033016045
W02000222,2025,0.037173210508588884,1.0581218216451096e-4,0.018833225034977173,0.05962493328814478,0.04079170825316761
W02000223,2025,0.035984563036425006,9.815354494325226e-5,0.01900366941856052,0.058614060267938424,0.039610390849377904
W02000224,2025,0.037517191463080364,1.2985760981319168e-4,0.018102933977477906,0.06063719412169359,0.042534260144215685
W02000225,2025,0.04047421862440948,1.5616188537746634e-4,0.02136625178550547,0.07002129493573625,0.04865504315023078
W02000226,2025,0.036261368379149866,8.858215911919137e-5,0.021168330725306144,0.05735528600084526,0.03618695527553911
W02000227,2025,0.041859353102300004,1.6523175749919432e-4,0.02340463828163155,0.06911362003709541,0.04570898175546386
W02000228,2025,0.04026753308772439,1.1787308602663505e-4,0.022040540221902723,0.06259931797827889,0.04055877775637617
W02000229,2025,0.04096900334083249,1.8969861725995018e-4,0.018722269861311612,0.07544372730485532,0.05672145744354371
W02000230,2025,0.03798549638743532,1.1690147645020605e-4,0.022396798636147998,0.0648262510704968,0.042429452434348806
W02000231,2025,0.04626809755454951,2.074043998175486e-4,0.025440713309626987,0.08088321719935698,0.055442503889729995
W02000232,2025,0.03694844255498872,9.166383061952609e-5,0.019388541577082294,0.058309881775485746,0.03892134019840345
W02000233,2025,0.038839474655064314,1.586028876985419e-4,0.017396489491633818,0.06902913022885052,0.0516326407372167
W02000234,2025,0.03949838532273727,1.7166609632283906e-4,0.020317135297959726,0.07138923697906946,0.05107210168110973
W02000235,2025,0.032914833467245254,1.5701768065799217e-4,0.013241883743148834,0.0653248461225924,0.05208296237944357
W02000236,2025,0.03326926694860461,1.4470102796716855e-4,0.013590243897061791,0.060164572620126894,0.046574328723065106
W02000237,2025,0.03907228496850483,9.584081869060789e-5,0.023305428569549126,0.05992682118214311,0.036621392612593985
W02000238,2025,0.03790841218375571,1.0973248648526631e-4,0.020478881874033912,0.06177268082501593,0.041293798950982015
W02000239,2025,0.042554027253581025,1.1094250524200963e-4,0.025253635401913173,0.06266851671297713,0.037414881311063956
W02000240,2025,0.05293953692895541,2.7455860817470227e-4,0.027256172999570276,0.08848101836052166,0.06122484536095139
W02000241,2025,0.04812720517651695,2.5311688105197276e-4,0.021242056937751264,0.08440223581460282,0.06316017887685156
W02000242,2025,0.04713515153669281,1.8403637075172448e-4,0.02632255617904737,0.07915070831720325,0.05282815213815588
W02000243,2025,0.054801969870074324,3.025290457814812e-4,0.027540652459620993,0.09572582888669015,0.06818517642706916
W02000244,2025,0.04429497942089056,1.9081630085673428e-4,0.022753501034022103,0.07549627301485126,0.05274277198082916
W02000245,2025,0.05324333583201604,2.0195731516117196e-4,0.029627346935111307,0.08346886712886235,0.05384152019375105
W02000246,2025,0.04258167173329666,1.496917215083819e-4,0.024097877690818864,0.07523560524855694,0.05113772755773807
W02000247,2025,0.03889307408026734,1.4137640110213303e-4,0.019016064751339205,0.06373449371723493,0.04471842896589572
W02000248,2025,0.058435954240610474,2.882507918144225e-4,0.030890613516448062,0.09940426137629775,0.06851364785984969
W02000249,2025,0.06437534589896486,4.889122524181527e-4,0.03253456340150322,0.1160600598738632,0.08352549647235998
W02000250,2025,0.04129856847806691,1.2056478721230524e-4,0.022328080100257663,0.06630641042079968,0.04397833032054202
W02000251,2025,0.05682615835051975,2.218266378589544e-4,0.03108546837391894,0.09226768636509451,0.06118221799117557
W02000252,2025,0.03892508813481603,7.645016260768276e-5,0.022916413426026266,0.056983788822665,0.03406737539663873
W02000253,2025,0.040566546082016444,1.4207508868430575e-4,0.019713689390006818,0.0669780585442777,0.04726436915427088
W02000254,2025,0.039491203113081734,1.2388260515207495e-4,0.022000619412438648,0.06925792075827986,0.047257301345841204
W02000255,2025,0.03972118154985097,1.2184498945243652e-4,0.02036499585499635,0.06286847462657501,0.04250347877157866
W02000256,2025,0.042106905698706,1.4492914544356276e-4,0.021961452281683478,0.06777393195521955,0.04581247967353608
W02000257,2025,0.041131140488193565,9.236060612280038e-5,0.023461812490430077,0.06134318456352564,0.03788137207309556
W02000258,2025,0.04362349618995046,1.328021165673029e-4,0.024311200536901334,0.0693164460772692,0.04500524554036786
W02000259,2025,0.04391248256410877,1.8206558532673126e-4,0.02311120999997174,0.075743584635415,0.05263237463544326
W02000260,2025,0.04464096306280784,1.289122154106249e-4,0.027692803611516145,0.0711140858302902,0.04342128221877406
W02000261,2025,0.04025374239408042,1.36118713705612e-4,0.02140170093579697,0.06795213782149181,0.046550436885694844
W02000262,2025,0.0379130851430256,1.3531101504438899e-4,0.017514444711240054,0.06021259821706808,0.04269815350582802
W02000263,2025,0.04221298510876316,1.2719478309912443e-4,0.024996881779685134,0.06932787161159167,0.04433098983190653
W02000264,2025,0.04621276171322791,1.79480150968498e-4,0.025354782693864673,0.07802546573839267,0.052670683044527995
W02000265,2025,0.04138703603679329,1.7399019123690875e-4,0.019810192833768978,0.0670393350665111,0.04722914223274212
W02000266,2025,0.04189119635875602,1.1285908852174043e-4,0.02465091007226486,0.06677426157537367,0.04212335150310881
W02000267,2025,0.043185124809177224,2.001000062977629e-4,0.02257675461473884,0.07572616883253608,0.05314941421779724
W02000268,2025,0.04408206428675756,1.3088318815596484e-4,0.02570784816515893,0.0684872437599601,0.042779395594801164
W02000269,2025,0.040859390734218314,1.2028156713065165e-4,0.020248901911665382,0.06515917621552716,0.04491027430386178
W02000270,2025,0.04271984841882142,1.314613429102509e-4,0.024621545454949774,0.06975536440625701,0.04513381895130724
W02000271,2025,0.045067969473272726,1.867792722655154e-4,0.023755173155285587,0.07509293338630951,0.051337760231023925
W02000272,2025,0.045631399162298615,1.2715156231733282e-4,0.026802681380159975,0.07243580455620649,0.045633123176046515
W02000273,2025,0.05732252603730443,2.731024175884158e-4,0.030765713802797877,0.09225957401996021,0.061493860217162334
W02000274,2025,0.04746030825809557,1.862223708210817e-4,0.024616088746764495,0.08103235230448007,0.056416263557715576
W02000275,2025,0.042151464358389366,1.329796874257865e-4,0.02485792151597318,0.06898447708359588,0.044126555567622704
W02000276,2025,0.045842439406284845,1.5684020666021205e-4,0.025780783838546012,0.07479466675080504,0.04901388291225903
W02000277,2025,0.04619463091920084,1.2875399154456976e-4,0.027448473615380845,0.0706045294626515,0.043156055847270655
W02000278,2025,0.04720939603384465,1.6108118497268516e-4,0.027648460114726124,0.07594217525847308,0.04829371514374695
W02000279,2025,0.04297078839466808,1.5077803411893198e-4,0.024946988140280804,0.0703408568711506,0.0453938687308698
W02000280,2025,0.04283833380299733,1.0936756975115612e-4,0.025551457066238008,0.06657183792018526,0.04102038085394725
W02000281,2025,0.04455057808603576,1.3784975448329995e-4,0.025212717527092185,0.0755589438230767,0.05034622629598451
W02000282,2025,0.045092912828850876,1.3005667697608695e-4,0.02681252575971132,0.07237897392571624,0.04556644816600492
W02000284,2025,0.04841015167561647,1.3106087596005103e-4,0.02958544352477809,0.07345273926029572,0.043867295735517634
W02000285,2025,0.04082627409042024,1.179467977172626e-4,0.0227571588781307,0.0630195671411544,0.040262408263023707
W02000286,2025,0.04747153200743154,1.6938060878866098e-4,0.024711705556210904,0.07629439728784207,0.051582691731631165
W02000287,2025,0.04715421577266142,1.6682457055942727e-4,0.027196195777086325,0.0736898756139581,0.04649367983687177
W02000288,2025,0.0465304747711538,1.364970251252653e-4,0.02814066616357643,0.07051792721955455,0.042377261055978124
W02000289,2025,0.04683961825872359,1.3230784178284804e-4,0.02722671039082985,0.07236881225464606,0.04514210186381621
W02000290,2025,0.04673767359773326,1.5976421234259935e-4,0.027628760054127486,0.07701833346620783,0.04938957341208035
W02000291,2025,0.04452428716499357,1.4959037178760353e-4,0.024936849142719167,0.07033427784489521,0.04539742870217604
W02000292,2025,0.04306787219177285,1.7708920403913816e-4,0.023058779460741127,0.08019240074295353,0.0571336212822124
W02000293,2025,0.04327336211381029,1.6207032211784037e-4,0.020443977409148852,0.06936108003325037,0.04891710262410151
W02000294,2025,0.03846327878393736,1.0416838309913688e-4,0.021375088890430313,0.06191975314102986,0.04054466425059955
W02000295,2025,0.03664000159809667,1.0952553615877805e-4,0.02007172118591602,0.06162090216939086,0.04154918098347484
W02000296,2025,0.04232785744589449,1.2718619391627442e-4,0.023555113290094597,0.06719741110832148,0.04364229781822688
W02000297,2025,0.04199508933789163,1.1264678996353322e-4,0.024470887190381572,0.06783339914821199,0.04336251195783042
W02000298,2025,0.03776225399036182,1.1907278722371543e-4,0.018610918387954166,0.06099609054191166,0.04238517215395749
W02000299,2025,0.040572984166099016,1.5915758191847372e-4,0.01822705498932433,0.06926365995383402,0.05103660496450969
W02000300,2025,0.03845540700389943,1.2678412589378982e-4,0.021706227720433305,0.06602494795398368,0.04431872023355038
W02000301,2025,0.042360436328158925,1.1540958331034938e-4,0.02563942832533368,0.06649359671578645,0.040854168390452764
W02000302,2025,0.04184217530059271,9.877937883447002e-5,0.02450993381975338,0.06247828687862242,0.03796835305886904
W02000303,2025,0.037331086714092875,9.785916926984754e-5,0.01995374233671416,0.05807468413171676,0.0381209417950026
W02000304,2025,0.04053560872448598,1.3613379313537124e-4,0.022243346628162842,0.07367106108147721,0.05142771445331437
W02000305,2025,0.03568044061744005,1.2648647054320199e-4,0.0161700892404764,0.06126513949037777,0.04509505024990137
W02000306,2025,0.03771148258697991,1.0374755022168449e-4,0.020881596255263687,0.05942734557805032,0.038545749322786635
W02000307,2025,0.048318150891167574,2.0740270476005604e-4,0.02629436135334917,0.07931361613494456,0.05301925478159539
W02000308,2025,0.041604911960942424,1.2062319407565366e-4,0.02329164416524692,0.0642697684350841,0.04097812426983718
W02000309,2025,0.03942725402258654,1.2458603159207159e-4,0.020134401237919364,0.06536215146236839,0.045227750224449026
W02000310,2025,0.04010301730745647,9.093539431005203e-5,0.023260951770446396,0.06154976127068711,0.03828880950024072
W02000311,2025,0.04455208258745039,1.7400965683325676e-4,0.023243396604586707,0.07651653178817255,0.05327313518358585
W02000312,2025,0.04213233033307755,1.3200668495328197e-4,0.02224048647448226,0.0699836306843361,0.047743144209853844
W02000313,2025,0.04354572821971254,1.5349292421197594e-4,0.025370588628149334,0.07315085771395055,0.047780269085801214
W02000314,2025,0.037585994419596924,1.218868996160026e-4,0.019188010659221162,0.06119582462916627,0.04200781396994511
W02000315,2025,0.04072142726290059,1.3355400751590712e-4,0.020834885897172813,0.06688581276003142,0.0460509268628586
W02000316,2025,0.039108845225205885,1.119357763886805e-4,0.022101143006040748,0.06215800714678747,0.040056864140746724
W02000317,2025,0.038497391855452305,1.3074774976698422e-4,0.01936909592072393,0.06609485103739794,0.04672575511667401
W02000318,2025,0.039289134793259115,1.063039699939303e-4,0.02258724429590636,0.060317009771906314,0.03772976547599995
W02000319,2025,0.04162455514651097,1.329527109645139e-4,0.022466529784582252,0.06645888328599005,0.043992353501407795
W02000320,2025,0.041209580571017514,1.3428413429164478e-4,0.02264189923990033,0.0707662087116471,0.04812430947174677
W02000321,2025,0.037116537009529514,9.297888950824515e-5,0.020965308284412718,0.058149969961328415,0.0371846616769157
W02000322,2025,0.03778292747366515,9.89986473388299e-5,0.02236759626151786,0.05921693541148651,0.03684933914996865
W02000323,2025,0.03805918108755397,9.769351594115253e-5,0.0205427632744836,0.05808308404359197,0.03754032076910837
W02000324,2025,0.03492475042652512,8.109748352407492e-5,0.018299585190523923,0.05385999634593085,0.035560411155406924
W02000325,2025,0.03993318060184641,1.611260934349122e-4,0.017996815714201794,0.06726025063207464,0.04926343491787284
W02000326,2025,0.03553788583692287,9.461130098432059e-5,0.019388453206963908,0.0578833097285689,0.03849485652160499
W02000327,2025,0.03179514125466591,9.02338576039096e-5,0.0169101868144663,0.050639513318703956,0.033729326504237656
W02000328,2025,0.03349631312732204,1.0247126290910631e-4,0.016835355530501302,0.0573628821052502,0.040527526574748896
W02000329,2025,0.03439300898390406,8.725831024478244e-5,0.01766732582300665,0.053508567121342346,0.0358412412983357
W02000330,2025,0.032722035598710716,9.745505474515785e-5,0.015367197789444665,0.0545218019511708,0.03915460416172613
W02000331,2025,0.04135793636333926,1.6534742279675135e-4,0.020936448466504845,0.07100462568838489,0.05006817722188005
W02000332,2025,0.03540372903843025,9.727476652407194e-5,0.0188925230044204,0.05560649651724729,0.03671397351282689
W02000333,2025,0.038529743430114644,1.3214905037614789e-4,0.02209928070169931,0.06851396237456267,0.04641468167286336
W02000334,2025,0.033896138148008924,8.573660912548044e-5,0.01845848796644555,0.05345848076020927,0.03499999279376372
W02000335,2025,0.03141467229095365,9.034429664433366e-5,0.017511663873256172,0.05005857039617192,0.032546906522915746
W02000336,2025,0.034623655144109394,7.746399899335072e-5,0.021019440975472155,0.05374065531097983,0.032721214335507676
W02000337,2025,0.04370021445143697,3.8962839449365995e-4,0.019216685679191797,0.08871485647270964,0.06949817079351785
W02000338,2025,0.03474468778669042,8.499250409822791e-5,0.018764963009162694,0.056587196074137425,0.03782223306497473
W02000339,2025,0.02930081639049187,1.2419722889069334e-4,0.012502467130480404,0.0560897581851008,0.04358729105462039
W02000340,2025,0.030029727922690225,6.978603897060459e-5,0.018239664130745174,0.049014698123025724,0.03077503399228055
W02000341,2025,0.028382442352068674,5.348300609920303e-5,0.016793603596697407,0.04404093722985787,0.027247333633160464
W02000342,2025,0.03373667871314149,8.55778203458481e-5,0.01874176884887476,0.054865490300419116,0.036123721451544355
W02000343,2025,0.03638778904356329,1.4357877815167488e-4,0.016921786303991375,0.062129224695614174,0.0452074383916228
W02000344,2025,0.033117677919102785,9.443086551906015e-5,0.01856647766076828,0.0575983647587426,0.039031887097974324
W02000345,2025,0.03643805923974686,1.7302711347086126e-4,0.01679523064996026,0.06867991821776287,0.05188468756780261
W02000346,2025,0.03519426912397045,1.1737562901621977e-4,0.01924930254422023,0.05910745389211916,0.039858151347898926
W02000347,2025,0.03397608470709658,7.557707912366273e-5,0.020068207833581757,0.05353893804682014,0.03347073021323838
W02000348,2025,0.03217521446749173,1.282163425381674e-4,0.013987556726158243,0.05729818706988045,0.043310630343722206
W02000349,2025,0.0383524219956355,1.3611504293176862e-4,0.01782704634287215,0.0667400121193029,0.048912965776430756
W02000350,2025,0.03346198196535083,1.0341276372019362e-4,0.017112107906946675,0.053749968170107965,0.03663786026316129
W02000351,2025,0.030154365369403573,1.6114302131562503e-4,0.009997495728438555,0.05699734613443559,0.04699985040599704
W02000352,2025,0.037879581944952216,1.85811123040321e-4,0.016586170982978828,0.06878745987872645,0.05220128889574762
W02000353,2025,0.031417770469459226,1.6494528204952057e-4,0.010982903935486886,0.06333371680015445,0.05235081286466757
W02000354,2025,0.029254252671703774,1.3948786582955068e-4,0.011363370976455782,0.056602070964563864,0.04523869998810808
W02000355,2025,0.03330383276387447,8.36230172683924e-5,0.018295442508199124,0.05152992705219114,0.03323448454399202
W02000356,2025,0.0386280249425832,2.1708223681282044e-4,0.01804534507729627,0.07459786775873173,0.05655252268143546
W02000357,2025,0.03375650296223555,1.6052266537249743e-4,0.011887696509684208,0.06252780592251718,0.05064010941283297
W02000358,2025,0.0352877084123121,1.2260308140776973e-4,0.017128807676651623,0.05990335366933765,0.04277454599268603
W02000359,2025,0.035803898048948624,2.3146465058516554e-4,0.01432457394364112,0.07114595588775469,0.05682138194411357
W02000360,2025,0.045647056364295314,2.403516165820587e-4,0.021537997481245984,0.08063362064873357,0.059095623167487586
W02000361,2025,0.03272209663092886,1.3018650460479975e-4,0.013486401068973197,0.058308060384490976,0.04482165931551778
W02000362,2025,0.03531582652587656,1.3218536795626728e-4,0.015326285027238835,0.06198432499045271,0.04665803996321388
W02000363,2025,0.03550815984997039,1.8835425145497255e-4,0.013300180474080065,0.07197023997250855,0.05867005949842849
W02000364,2025,0.04515806639838445,2.5379216086299857e-4,0.017153172227427925,0.07690580779373965,0.059752635566311725
W02000365,2025,0.04360415040471953,2.601726879220424e-4,0.020195259097814555,0.08009987916389899,0.059904620066084435
W02000366,2025,0.03830721832212948,1.0589398763033304e-4,0.021077055577912306,0.061599530951418846,0.04052247537350654
W02000367,2025,0.04185591250864895,1.4899392042787776e-4,0.021805204186612664,0.06835612490109683,0.04655092071448416
W02000368,2025,0.04996419382453511,2.52808943272247e-4,0.026060733002218298,0.08654400823755758,0.06048327523533928
W02000369,2025,0.04520385956455737,1.682043471707102e-4,0.024583040761979716,0.07216570725702348,0.047582666495043766
W02000370,2025,0.04740502400574689,2.3625347520912294e-4,0.02479706870709917,0.08397856481915383,0.059181496112054664
W02000371,2025,0.05000222315745436,2.2054715102120913e-4,0.027606198900763587,0.08548213212847088,0.05787593322770729
W02000372,2025,0.05696821996281752,2.758398803216113e-4,0.0331105635235524,0.09315999318664905,0.060049429663096655
W02000373,2025,0.05921803441620285,3.9136776343595534e-4,0.027921396940720457,0.10500268932638739,0.07708129238566692
W02000374,2025,0.04997804211365871,2.2528682210761093e-4,0.025566997709595925,0.08584146012384969,0.060274462414253764
W02000375,2025,0.0645495675407727,4.2451024362084644e-4,0.03373436457106704,0.11578702194905632,0.08205265737798928
W02000376,2025,0.049974898986821024,1.846128839973877e-4,0.02713990025830245,0.08156498691702002,0.05442508665871757
W02000377,2025,0.04800137307733549,2.0719968938773817e-4,0.023646852078181443,0.07667312166529325,0.053026269587111804
W02000378,2025,0.050086372076195804,2.3755207438807215e-4,0.027461568846764546,0.08596482971765083,0.05850326087088629
W02000379,2025,0.06628489907146902,5.59063276205036e-4,0.03536541651780553,0.12943068141975228,0.09406526490194675
W02000380,2025,0.045387262444542234,1.1685743709076738e-4,0.028097123650380067,0.07083253998661893,0.042735416336238854
W02000381,2025,0.06346222461880369,3.957863246669297e-4,0.036024364963069974,0.10440624263479667,0.0683818776717267
W02000382,2025,0.061548825405432966,4.768620733559503e-4,0.03342408754759059,0.10519427399874268,0.07177018645115209
W02000383,2025,0.05738543818534472,3.5107071104974007e-4,0.03017160929215261,0.10197827224863665,0.07180666295648404
W02000384,2025,0.04658015761121981,1.7056052985609183e-4,0.02603363878742246,0.07773033176329389,0.05169669297587143
W02000385,2025,0.04969019718035824,1.6243611102765147e-4,0.029257912324829796,0.08243295087519012,0.05317503855036032
W02000386,2025,0.04571524439171263,2.2136613664898205e-4,0.021672235782572387,0.07772145751415807,0.056049221731585684
W02000387,2025,0.046125240595144563,1.8277810955742845e-4,0.025486724267669708,0.07422096902086428,0.04873424475319457
W02000388,2025,0.049741249706641066,1.9475171651058316e-4,0.025687920335786478,0.08126056466641773,0.055572644330631256
W02000389,2025,0.05496490738337243,1.9748575924808024e-4,0.03153057736967368,0.08831982250427979,0.05678924513460611
W02000390,2025,0.046210338736959636,2.0950142896414045e-4,0.023303232528111062,0.07553920240590012,0.05223596987778906
W02000391,2025,0.06760993828630842,4.2466562722725024e-4,0.03894578561301823,0.11523414033402066,0.07628835472100243
W02000392,2025,0.05417779658178369,2.0931033603787292e-4,0.03210925394392661,0.09041782910864454,0.058308575164717935
W02000393,2025,0.05965668302365656,3.071664344695656e-4,0.03199225862200197,0.09989706857338834,0.06790480995138637
W02000394,2025,0.08097085502115413,5.711061228787434e-4,0.03812117174048319,0.13657888119246864,0.09845770945198545
W02000395,2025,0.060553874200557536,3.1693543524131165e-4,0.0330580977405002,0.10392021638843991,0.07086211864793972
W02000396,2025,0.07607943551560364,4.8524468075327636e-4,0.04051810520036317,0.12851019340083508,0.08799208820047191
W02000397,2025,0.0594517188070086,2.775017441263746e-4,0.03346847751481163,0.09853952465663804,0.0650710471418264
W02000398,2025,0.0983955918563666,7.558466800410746e-4,0.056892790763193445,0.16119245983875918,0.10429966907556573
W02000399,2025,0.08879417959529587,7.550540399992336e-4,0.04722091458740653,0.16111172132240087,0.11389080673499434
W02000400,2025,0.0660976528948474,3.8820515161317555e-4,0.03598540602941515,0.10966987525923566,0.07368446922982051
W02000401,2025,0.07389106405451304,6.600765844810294e-4,0.03491208313395207,0.1375692846056305,0.10265720147167844
W02000402,2025,0.07510312060246499,5.435810005842817e-4,0.04023471954530952,0.13701869018387908,0.09678397063856956
W02000403,2025,0.06299333987186186,2.9979625755549024e-4,0.03618601338201492,0.1085663477899746,0.07238033440795967
W02000404,2025,0.07338744929499112,4.2164261805736203e-4,0.04177581320700238,0.12653377698657564,0.08475796377957326
W02000405,2025,0.06560322547972058,4.1343086973149733e-4,0.03412387127446717,0.10768993913241132,0.07356606785794415
W02000406,2025,0.08120908750493153,9.024713593936006e-4,0.03476650614441992,0.1549461718205776,0.12017966567615768
W02000407,2025,0.058244271131454896,5.409789987777277e-4,0.02406955446441565,0.12129667630438445,0.0972271218399688
W02000408,2025,0.08120713407891077,5.424008949537699e-4,0.04519710228270768,0.1368457149149181,0.09164861263221041
W02000409,2025,0.05898662588777986,3.5779734444133546e-4,0.03100293199689931,0.10086397332402194,0.06986104132712263
W02000410,2025,0.0956001825104984,9.405128530497959e-4,0.05145999892479511,0.16949818700518302,0.1180381880803879
W02000411,2025,0.060222382907835485,5.032539363635599e-4,0.029144416834746778,0.11348566718905406,0.08434125035430728
W02000412,2025,0.07764907180031055,5.125671285093793e-4,0.04360653493262735,0.13307929933140747,0.08947276439878012
W02000414,2025,0.03826734298649127,7.403566785908575e-5,0.024374859573352337,0.05749477658777363,0.033119917014421296
W02000415,2025,0.050213862807026687,1.5448239063194362e-4,0.029507831253688298,0.07493011506871888,0.045422283815030585
W02000416,2025,0.03682479992973776,8.355850652604367e-5,0.022016289146272523,0.05827446811231825,0.036258178966045725
W02000417,2025,0.03734493379277495,1.3185421309508993e-4,0.0187365828916725,0.06061626570792997,0.041879682816257466
W02000418,2025,0.04099781925111165,1.2249754445127026e-4,0.023523749771937892,0.06505795258132523,0.041534202809387334
W02000419,2025,0.03465995220728048,1.1153630993744585e-4,0.015802398917459805,0.056028685512131735,0.04022628659467193
W02000421,2025,0.04520793858631485,1.0370397397166796e-4,0.030017604560330993,0.06875810283161302,0.03874049827128202
W02000422,2025,0.08680577464934273,7.18640109122984e-4,0.04751729056262667,0.15311196772855057,0.1055946771659239
W02000423,2025,0.07917424388668466,3.8822406715575866e-4,0.04418332226532941,0.12122926465045997,0.07704594238513056
W02000424,2025,0.03906284515438617,1.5139976028355183e-4,0.019073824101278225,0.06520213185101445,0.046128307749736225
W02000425,2025,0.04535608769045772,1.6973561665289524e-4,0.025560550409092032,0.07724645570109671,0.05168590529200468
W02000426,2025,0.04033301899941249,2.0372692480138645e-4,0.020781584650995735,0.0790613174470617,0.058279732796065964
W02000427,2025,0.035686785693347954,8.005862617583557e-5,0.01874796333091327,0.05393415195591871,0.03518618862500544
W02000428,2025,0.034016784436695084,1.1049384790413514e-4,0.01800583943638042,0.05815927368227448,0.04015343424589406
