area_id,time_id,shallow_mrp_estimate,shallow_mrp_variance,shallow_mrp_lower,shallow_mrp_upper,shallow_mrp_ci_width
W02000001,2021,0.024035126337783274,7.807346831222084e-5,0.011438184367677674,0.04043073884778974,0.02899255448011207
W02000002,2021,0.01953852669545902,4.0559096035488924e-5,0.009745653825566435,0.03391587500490942,0.024170221179342984
W02000003,2021,0.04144240040596511,3.782642581605026e-4,0.01434130454972188,0.09025554603255884,0.07591424148283696
W02000004,2021,0.029904868000739798,1.0532945729843644e-4,0.014897194194178374,0.054228561703119744,0.03933136750894137
W02000005,2021,0.019002061242862706,4.539955446097728e-5,0.008335094392476532,0.033471699246958475,0.025136604854481943
W02000006,2021,0.025623953304365298,6.879182468362578e-5,0.01314348080181919,0.04611641521798707,0.03297293441616787
W02000007,2021,0.030214720077624675,1.247903960482744e-4,0.01555113099547347,0.05468733022040183,0.03913619922492836
W02000008,2021,0.02037211570254328,6.242350147324008e-5,0.008057088663241901,0.038235012470466186,0.030177923807224283
W02000009,2021,0.022952322020416666,5.026980624362482e-5,0.011633970345085135,0.03952944434314036,0.027895473998055226
W02000010,2021,0.035741996835159225,2.819251645599859e-4,0.01208937091630308,0.07883714933802656,0.06674777842172348
W02000011,2021,0.02721344782712531,9.725576035809336e-5,0.013000730589301113,0.051431303492492725,0.038430572903191615
W02000012,2021,0.02490466965019591,7.131578058423533e-5,0.013482138042862496,0.04330063834761562,0.029818500304753123
W02000013,2021,0.025979281569565662,1.0952502369590676e-4,0.01105577027010633,0.051491677009842224,0.04043590673973589
W02000014,2021,0.025655702401393938,6.085185724099971e-5,0.013264688453747613,0.04344257847638082,0.030177890022633207
W02000015,2021,0.023862244131197835,1.1508160256743017e-4,0.009943393319000467,0.04878156943581235,0.03883817611681188
W02000016,2021,0.023072321465722263,5.308922543866957e-5,0.011831421771277115,0.03932118153840873,0.027489759767131618
W02000017,2021,0.024190670773855442,5.576503598041167e-5,0.011475100365550507,0.040002682507748646,0.028527582142198138
W02000018,2021,0.02376503355322633,4.9527521318889026e-5,0.013332959270506668,0.03818857562811198,0.024855616357605314
W02000019,2021,0.02112266003208683,3.6345941816287555e-5,0.01169145839120291,0.03517151265408265,0.02348005426287974
W02000020,2021,0.023866034643871284,8.127342496764096e-5,0.011881408276835237,0.04331351096195294,0.0314321026851177
W02000021,2021,0.02462235067538685,1.6479015986777763e-4,0.007824358876619728,0.05668702827414664,0.04886266939752691
W02000022,2021,0.019993642243413705,3.889686985239912e-5,0.009551995507171892,0.03162816875452909,0.022076173247357198
W02000023,2021,0.021787116908512344,1.2651616750639232e-4,0.007277216946585496,0.05172280366516726,0.044445586718581766
W02000024,2021,0.026255641756623142,4.8039402360749555e-5,0.015142412928458996,0.04200907891377831,0.02686666598531931
W02000025,2021,0.023447839472534277,6.0105920396668705e-5,0.011719501826571395,0.04002467258876595,0.028305170762194555
W02000026,2021,0.024648866919789895,6.090695536402905e-5,0.011968291036186185,0.042457000231424805,0.03048870919523862
W02000027,2021,0.017441718472759864,8.677509287622606e-5,0.004947429183858832,0.038035373552941766,0.03308794436908293
W02000028,2021,0.01818553880003658,6.506719328449069e-5,0.006336863447674651,0.03922174768637983,0.03288488423870518
W02000029,2021,0.017505076564772928,4.2482201933143144e-5,0.008005907262163634,0.03171185136543787,0.023705944103274233
W02000030,2021,0.018229605196358065,4.844752218631217e-5,0.007082064833745903,0.03438038848263886,0.027298323648892953
W02000031,2021,0.02113983738273143,5.884097853814476e-5,0.009113064816817854,0.041081547423415105,0.03196848260659725
W02000032,2021,0.017918345965809716,5.2686511687605505e-5,0.007285256028096503,0.03313924972967642,0.025853993701579918
W02000033,2021,0.022645992696492468,6.938898518200427e-5,0.010074560585015126,0.04114825200555694,0.031073691420541814
W02000034,2021,0.023980139083428543,6.513759685433837e-5,0.011665025361065194,0.04391233516102147,0.03224730979995628
W02000035,2021,0.023247920191695044,6.786016892962184e-5,0.011852326334730455,0.043353541717963066,0.03150121538323261
W02000036,2021,0.0205197092390201,4.1620919990588395e-5,0.010617282255691394,0.034949644679501735,0.02433236242381034
W02000037,2021,0.02187716969357893,6.277474318632538e-5,0.01080721260114271,0.04039711623565351,0.0295899036345108
W02000038,2021,0.020710407083742572,4.861656715440817e-5,0.009598409392494747,0.037182840205356,0.02758443081286125
W02000039,2021,0.021129037487096228,5.187381436512302e-5,0.010025994812348754,0.03658372990588202,0.026557735093533263
W02000040,2021,0.022530078729637252,4.416104838844709e-5,0.012528504351974366,0.03816161787615126,0.025633113524176892
W02000041,2021,0.023405428117358667,5.4873908255594074e-5,0.012862599822570736,0.03996608383812266,0.027103484015551925
W02000042,2021,0.024031513219137747,7.776654478008675e-5,0.010901003726894062,0.04625079214513525,0.035349788418241185
W02000043,2021,0.029597188280182502,1.0612955421870497e-4,0.015353247819757769,0.054273376605633306,0.03892012878587554
W02000044,2021,0.026481321898404478,7.363013242259147e-5,0.01273708288502758,0.04813249939492936,0.035395416509901786
W02000045,2021,0.0244174126467748,8.385923675818252e-5,0.010678265019731747,0.045315863103795886,0.034637598084064136
W02000047,2021,0.025608488398920038,9.83893357240221e-5,0.010813824986945404,0.048873733436919066,0.03805990844997366
W02000049,2021,0.027724880605510923,7.394920700575156e-5,0.015242359843044222,0.0465154200690559,0.03127306022601168
W02000050,2021,0.02218638324505834,5.562389450558047e-5,0.010183099174183578,0.03774961373660545,0.027566514562421873
W02000051,2021,0.02374223440671996,5.01184029266588e-5,0.01256705986582468,0.038960165656619083,0.026393105790794402
W02000052,2021,0.026519347376562627,7.263407681717092e-5,0.012322456486780676,0.044068813603226266,0.03174635711644559
W02000053,2021,0.02520249938368927,5.152487541567415e-5,0.013227906004933543,0.04342467587183606,0.030196769866902513
W02000054,2021,0.026091753129556795,6.5963331576174e-5,0.015099573094064997,0.04603618462935363,0.030936611535288636
W02000055,2021,0.03142643217299839,1.2043377886578884e-4,0.01630250309740569,0.055918553011752456,0.039616049914346765
W02000056,2021,0.025540498167778976,4.61815134227692e-5,0.015402074555105717,0.04176179186921093,0.026359717314105215
W02000057,2021,0.024120031365937804,4.619094413795174e-5,0.01332533074911183,0.039468830494984966,0.026143499745873135
W02000058,2021,0.027751481311931153,8.929571955318828e-5,0.014753459426648938,0.05177854653847114,0.0370250871118222
W02000059,2021,0.02693318348721128,7.287001014694151e-5,0.014021864092963866,0.04594207249729835,0.03192020840433448
W02000060,2021,0.025671456441693778,7.895849730052105e-5,0.01217425370604857,0.046025306199681704,0.033851052493633134
W02000061,2021,0.028763510621584717,1.0596923318138185e-4,0.013978538347576109,0.054393439871673915,0.04041490152409781
W02000062,2021,0.02516956489799094,6.84562119533123e-5,0.013444484971773852,0.04637678372192183,0.032932298750147984
W02000063,2021,0.0224040950288183,4.405712819404098e-5,0.0118799222241442,0.03537625490316332,0.023496332679019117
W02000064,2021,0.027346047938192775,1.2938740015280327e-4,0.011051112775965651,0.05551367466470296,0.044462561888737304
W02000065,2021,0.028352726520389667,1.0958634700439094e-4,0.013577064554104824,0.05322502658485849,0.039647962030753665
W02000066,2021,0.027145896154212614,9.808657619331455e-5,0.013081107514239436,0.050831297848830594,0.037750190334591156
W02000067,2021,0.024804937209835724,6.298876763474735e-5,0.012879107651810533,0.04139012905815327,0.028511021406342738
W02000068,2021,0.02897380864294746,1.1358017402374024e-4,0.01323836325525143,0.05444815842051372,0.041209795165262283
W02000069,2021,0.023721751730374937,4.159052719401975e-5,0.012901588234857254,0.0367787414046367,0.02387715316977945
W02000070,2021,0.027119386021617425,7.514021471946816e-5,0.014441461644111593,0.045929939727387625,0.03148847808327603
W02000071,2021,0.02495983758983081,5.914797235086335e-5,0.012982301401693524,0.04243346506698592,0.029451163665292397
W02000072,2021,0.028668131484528757,9.967380613089399e-5,0.014779805051569029,0.055073826529978165,0.04029402147840914
W02000073,2021,0.024060526490900375,5.961419269248017e-5,0.012416216904535878,0.0391190189119004,0.026702802007364523
W02000074,2021,0.027037364285973867,7.70225099983094e-5,0.013449947198464198,0.04897024896078843,0.03552030176232423
W02000075,2021,0.025759810788379196,6.177780601491151e-5,0.01347045284287694,0.04433847539745284,0.030868022554575898
W02000076,2021,0.02461225683154694,5.61662206540669e-5,0.013166393499818536,0.04172123815115819,0.028554844651339655
W02000077,2021,0.025295616158410247,4.6091243186287523e-5,0.01330216172125692,0.040339131074356965,0.027036969353100043
W02000080,2021,0.02644678624468593,7.922706760823908e-5,0.010484272921025774,0.04544941233001385,0.03496513940898808
W02000081,2021,0.026518855000843836,8.14956333029548e-5,0.011834745038773922,0.045770120635306694,0.03393537559653277
W02000082,2021,0.02790347402843932,1.104715153041833e-4,0.012428716175311851,0.05127270930017376,0.038843993124861906
W02000083,2021,0.02710889699169705,8.213039230678172e-5,0.013325383694496519,0.04574721271048658,0.03242182901599006
W02000085,2021,0.025136318976528415,8.166081003499275e-5,0.011143031911225173,0.045249839521905345,0.034106807610680176
W02000087,2021,0.037366076743488054,2.6521379378829907e-4,0.015163959284286474,0.07878603833040312,0.06362207904611665
W02000088,2021,0.02729520275822846,7.39424449781816e-5,0.013004290237658577,0.04702113758103924,0.03401684734338067
W02000089,2021,0.03384327506366057,3.055882941555258e-4,0.012650426752780485,0.07755662257747911,0.06490619582469863
W02000090,2021,0.025396580838132028,5.401227112622966e-5,0.013520615836587917,0.040817043015570584,0.027296427178982667
W02000091,2021,0.026683045856865706,8.56179427148115e-5,0.012882587165627948,0.04897011110871202,0.03608752394308407
W02000092,2021,0.025750415982080728,6.857941738655964e-5,0.011731640987364922,0.04588032931542099,0.03414868832805607
W02000093,2021,0.026665105773095003,6.307474572909043e-5,0.014427897498304677,0.04339814667346881,0.02897024917516413
W02000094,2021,0.026625052450063705,7.149219654717293e-5,0.012711745077158,0.045967219859690905,0.03325547478253291
W02000095,2021,0.02464203690345952,7.002615612277441e-5,0.012170032970981789,0.045061914592070616,0.03289188162108883
W02000096,2021,0.027437827423919137,6.87571341959297e-5,0.015442915951052155,0.04610901191816931,0.030666095967117155
W02000097,2021,0.02925992014685197,7.83160917001877e-5,0.01707837626795583,0.05144574479208883,0.034367368524132996
W02000098,2021,0.024544435118321942,6.18435632932691e-5,0.01272130598453166,0.04527048301626706,0.0325491770317354
W02000099,2021,0.024766778444740078,8.374010897332069e-5,0.010445107160384999,0.045609128414934696,0.0351640212545497
W02000100,2021,0.029766906528507546,6.396351970479657e-5,0.01783948734642241,0.052609586196494376,0.03477009885007197
W02000101,2021,0.025546135353741617,6.543931785004606e-5,0.012707409651520334,0.04580334547716927,0.03309593582564894
W02000102,2021,0.02891819160361628,7.316597183724148e-5,0.016399814042239683,0.04721387741328846,0.030814063371048778
W02000103,2021,0.02983066459108231,8.002863722219102e-5,0.0160928678615674,0.05037366309449064,0.03428079523292324
W02000104,2021,0.032038131163777794,9.350370239277918e-5,0.017639590372008192,0.05702066522521029,0.0393810748532021
W02000105,2021,0.03517924869552811,1.4014193645219683e-4,0.015349432518105364,0.06388245500586547,0.048533022487760105
W02000106,2021,0.02906434449663888,6.699881112008863e-5,0.015473882369802888,0.0477986658546569,0.032324783484854014
W02000107,2021,0.03161308225429066,9.482887998163822e-5,0.01733328078958699,0.05768223922921653,0.040348958439629545
W02000108,2021,0.030854619100086512,6.632710465521099e-5,0.018271074249875945,0.05071189345634744,0.032440819206471495
W02000109,2021,0.039215315678829354,1.6341048134851311e-4,0.021591816138255324,0.07010169695084885,0.048509880812593525
W02000110,2021,0.027784201963776428,5.661251540857543e-5,0.015150291531889886,0.045122716714838175,0.02997242518294829
W02000111,2021,0.025326825151572998,4.721245545587087e-5,0.014512039272393779,0.03973006113101409,0.025218021858620314
W02000113,2021,0.03329778912012381,1.7064993196660134e-4,0.016563269304116907,0.06792121350680952,0.051357944202692615
W02000114,2021,0.02317391623570849,3.786739640633164e-5,0.013356938810379072,0.036908054940445904,0.023551116130066833
W02000116,2021,0.029273264622266815,8.11116364999221e-5,0.015516276893053578,0.05147218168927484,0.03595590479622126
W02000117,2021,0.04983604219410004,3.531443867175234e-4,0.019551663176455375,0.09153663564416392,0.07198497246770855
W02000118,2021,0.042103768456284545,2.3919446746000996e-4,0.019858128988219717,0.07664050407978582,0.0567823750915661
W02000120,2021,0.027775364168601192,7.511633234649236e-5,0.015184886531411923,0.04701047926777752,0.0318255927363656
W02000122,2021,0.028391171271054876,7.288553891551398e-5,0.016305564144165993,0.05104724155748148,0.034741677413315485
W02000123,2021,0.03234806131563167,8.649434827610433e-5,0.019723849371922814,0.05575060316026786,0.036026753788345044
W02000124,2021,0.025682813529115008,6.656374719670182e-5,0.011800066841833353,0.043393432382481584,0.03159336554064823
W02000125,2021,0.02709285345672882,6.142368279416478e-5,0.015807854438413416,0.0445925464434412,0.02878469200502778
W02000126,2021,0.02752991316845201,7.028812477374386e-5,0.01501956340238509,0.047484584408140865,0.032465021005755774
W02000127,2021,0.027418552671009663,9.328862305592168e-5,0.012797264929470066,0.05330632771374822,0.040509062784278155
W02000128,2021,0.029626702773927194,8.746794934270573e-5,0.01463363292432477,0.04992866656042511,0.03529503363610034
W02000129,2021,0.03133539646283852,9.16168864617542e-5,0.017451468170108696,0.05477421489143704,0.03732274672132834
W02000130,2021,0.037707109361492124,1.9711534322362315e-4,0.01871968616810661,0.0725823394057199,0.05386265323761329
W02000131,2021,0.033626205948645384,1.3281142264988033e-4,0.015808452610236754,0.06298069099092002,0.04717223838068327
W02000132,2021,0.02669493793250779,8.064400607917875e-5,0.01327158241598328,0.04948445784760758,0.0362128754316243
W02000133,2021,0.03465248569781606,1.2993091249656274e-4,0.019124031487990013,0.06091569883393217,0.041791667345942154
W02000134,2021,0.03263628898973558,1.4307687173044476e-4,0.01651161933117084,0.057811138060650843,0.041299518729480005
W02000135,2021,0.03606412844465744,2.1238530915340288e-4,0.017268019704101616,0.0672434119304527,0.049975392226351084
W02000136,2021,0.025375426229737544,6.692288593113674e-5,0.01275550135933782,0.041663173290883045,0.028907671931545226
W02000137,2021,0.03787658326186408,2.1590102823050296e-4,0.016834763091270348,0.0726120590509467,0.05577729595967635
W02000138,2021,0.024259590377721716,1.1403151720521868e-4,0.009226343258440664,0.05107411391953724,0.04184777066109658
W02000139,2021,0.02284144534515121,7.77634908669947e-5,0.009511570421346933,0.04238544017142622,0.03287386975007928
W02000140,2021,0.02239873587481347,1.0139107504229748e-4,0.007392155270152126,0.04605854524930934,0.038666389979157216
W02000141,2021,0.022413613258988805,7.505341857633643e-5,0.00875316333481138,0.04259674231074911,0.033843578975937726
W02000142,2021,0.02851554837734604,6.214903771883412e-5,0.015703474934946067,0.046547699330124856,0.03084422439517879
W02000143,2021,0.026628185760993132,5.0754120663976446e-5,0.01587666661646265,0.04330957774317544,0.02743291112671279
W02000144,2021,0.02532424645846697,6.302454677433081e-5,0.012989738168772946,0.045847712740862814,0.03285797457208987
W02000145,2021,0.024231430175224385,3.674400464496133e-5,0.0135554010662476,0.038047854672882395,0.024492453606634795
W02000146,2021,0.02539737935054904,4.4571879614648145e-5,0.014610352481930454,0.04014608268517268,0.025535730203242228
W02000147,2021,0.03096343365364455,8.136968716049374e-5,0.01831824398013989,0.051692610166884076,0.033374366186744185
W02000148,2021,0.031250302507970146,1.2015055554067972e-4,0.01297891307441209,0.05619225047384903,0.04321333739943694
W02000149,2021,0.027404735282222103,7.69611808083469e-5,0.014113729037530835,0.04796630718337132,0.03385257814584049
W02000151,2021,0.0243715066045084,4.702959383980552e-5,0.013065598434410467,0.03992750830281096,0.02686190986840049
W02000152,2021,0.025520815240130227,6.434256000422218e-5,0.013548869274186092,0.04330437370907822,0.029755504434892128
W02000153,2021,0.025361481896162677,5.3445498701496034e-5,0.013191358391242164,0.041679626056103154,0.02848826766486099
W02000154,2021,0.025553325232247463,5.074124503806406e-5,0.012405786454287686,0.04056983436316477,0.028164047908877082
W02000156,2021,0.024531498008373887,5.2178634052223174e-5,0.012596957644887472,0.04190570507056271,0.029308747425675238
W02000157,2021,0.024493140493283393,5.3931268943118605e-5,0.011977363817104979,0.040398197615109405,0.028420833798004426
W02000158,2021,0.026160376540488972,5.3891901321066145e-5,0.01393133428567399,0.0417779757540739,0.027846641468399914
W02000159,2021,0.029523534465811845,1.0428253449684372e-4,0.014302828001315843,0.05461247410721759,0.04030964610590175
W02000160,2021,0.02476051389526205,6.517046013285707e-5,0.011964536720266388,0.04549742104384919,0.033532884323582805
W02000161,2021,0.02655774362458759,7.710485463165558e-5,0.012037290107751175,0.04596617536010017,0.033928885252348995
W02000162,2021,0.026076740659029585,9.918734672059264e-5,0.010617692509349345,0.04727366113450571,0.03665596862515636
W02000163,2021,0.028206087912253812,1.0207093612123534e-4,0.013828711356298252,0.04916019338787428,0.03533148203157603
W02000164,2021,0.025556506992690242,7.884400406111611e-5,0.01248155183732422,0.0467918399027633,0.03431028806543908
W02000165,2021,0.028789542735008236,1.0809083293723609e-4,0.013218948531513057,0.050973127128945285,0.03775417859743223
W02000166,2021,0.028779858766841075,1.1235510452798053e-4,0.014337089865725993,0.056871293638637695,0.0425342037729117
W02000167,2021,0.030600866241826643,1.6168861736894866e-4,0.013657765644059312,0.060609362872071734,0.046951597228012426
W02000168,2021,0.027477908627259105,7.020813233334849e-5,0.01493083943753669,0.046512972953297343,0.031582133515760655
W02000169,2021,0.02583996288239982,5.8537247800476474e-5,0.01509742844725454,0.04148327853359996,0.02638585008634542
W02000170,2021,0.023221846462204383,5.815436030435832e-5,0.011036333680312697,0.03971289269347433,0.028676559013161636
W02000171,2021,0.02333794141481664,4.939567315688433e-5,0.011215805644960237,0.03804636235718073,0.026830556712220493
W02000172,2021,0.023754669356696144,8.43903962835219e-5,0.009199346159615818,0.04093997386515011,0.03174062770553429
W02000173,2021,0.02510395222813753,6.56044105115072e-5,0.012170950951275608,0.04163513221117976,0.029464181259904153
W02000174,2021,0.021720007503607995,5.148083995700598e-5,0.009923178868327104,0.0383883533898524,0.028465174521525298
W02000175,2021,0.023144511489223193,7.460461807471865e-5,0.010247441123802966,0.041833519832542715,0.03158607870873975
W02000176,2021,0.022060120829479737,4.7922641360636386e-5,0.011004661106291887,0.038417814905935474,0.027413153799643587
W02000177,2021,0.02366350609103186,7.928590302211676e-5,0.011269116803203017,0.04414656271547904,0.032877445912276024
W02000178,2021,0.024661211786403705,7.413296654278107e-5,0.011389465472662244,0.04224479188265391,0.030855326409991668
W02000179,2021,0.02172466174968342,4.925717450182512e-5,0.011132478646153797,0.036924306322620185,0.025791827676466386
W02000180,2021,0.023779548568427306,5.593672295797045e-5,0.01118090615528038,0.04023348039594057,0.029052574240660187
W02000181,2021,0.022819384245611325,5.956119667767664e-5,0.010321041096239032,0.041904185590166156,0.03158314449392712
W02000182,2021,0.024528376493997615,6.69297397823123e-5,0.011219294778438842,0.043086890229882865,0.03186759545144402
W02000183,2021,0.025061792391981207,6.970542716608546e-5,0.011765502892327697,0.043688147721210525,0.03192264482888283
W02000184,2021,0.023641717365096692,5.401093275845171e-5,0.013032281203810392,0.04012282862496749,0.027090547421157095
W02000185,2021,0.022938525243839353,7.41088225587673e-5,0.010287118097164323,0.04653551647234623,0.03624839837518191
W02000186,2021,0.02390737034990758,8.511900649943608e-5,0.009607216744126026,0.04362187659740383,0.034014659853277805
W02000188,2021,0.027391439231187146,1.2289248865523077e-4,0.0103443599549513,0.049778861767321464,0.03943450181237017
W02000189,2021,0.0246568374293807,8.30058752865289e-5,0.011782837515121727,0.0433010905368946,0.03151825302177287
W02000191,2021,0.0327892354401688,1.469511097370202e-4,0.015950542047475827,0.05873493341573377,0.04278439136825794
W02000192,2021,0.027974998520338367,1.3765011949734633e-4,0.01084077604080648,0.05394480339891031,0.04310402735810383
W02000193,2021,0.03457662991711057,1.9394895109321834e-4,0.014667314760634726,0.07109972371247067,0.05643240895183595
W02000194,2021,0.027061953192345847,1.0741237719877157e-4,0.012722843001488161,0.053218834228702244,0.04049599122721408
W02000195,2021,0.02284407769259559,8.600934519613488e-5,0.010367161418359383,0.04483601184878184,0.03446885043042246
W02000196,2021,0.029504390334804738,1.7516720069440047e-4,0.012707075996990218,0.06104910790729422,0.048342031910304
W02000197,2021,0.02171413051104385,5.6785292391962956e-5,0.01025529335161307,0.03839077261370677,0.0281354792620937
W02000198,2021,0.02825785834600846,2.049434583053142e-4,0.01166370095934817,0.06665354931476862,0.05498984835542045
W02000200,2021,0.024953260722032328,5.314027791726774e-5,0.012450625825338492,0.040744084534768854,0.028293458709430362
W02000201,2021,0.023941095861698396,4.553114216979707e-5,0.010890795961721506,0.03834861115383614,0.027457815192114637
W02000202,2021,0.025184654966010588,5.131717827554641e-5,0.014044383304579588,0.040012530145764884,0.025968146841185296
W02000204,2021,0.02284364923657264,5.616365659199028e-5,0.010774620581583006,0.03913228929007864,0.028357668708495636
W02000205,2021,0.021950061956603643,5.3358516092513174e-5,0.010162722407019882,0.037943256204019074,0.027780533796999192
W02000206,2021,0.019489778122953973,5.642472064831075e-5,0.00787240293636254,0.038320003398500564,0.030447600462138024
W02000207,2021,0.01957047713084968,4.160210852141444e-5,0.008612568436630191,0.03199074384829778,0.02337817541166759
W02000208,2021,0.028003542986804925,1.0471136777040797e-4,0.012826091905692154,0.050950514534044755,0.0381244226283526
W02000210,2021,0.02079954616507031,5.87713299625112e-5,0.00799409095391086,0.03902911357737593,0.031035022623465067
W02000211,2021,0.02174891641892935,5.801556634461082e-5,0.009446485438485572,0.04026979087120916,0.03082330543272359
W02000212,2021,0.022238344285495742,4.446952048123363e-5,0.010898775878419923,0.03616574586597614,0.025266969987556214
W02000213,2021,0.01952546759313412,4.211923165327451e-5,0.009110407606842123,0.03391384948001668,0.02480344187317456
W02000214,2021,0.018776613629583057,5.6129084133414256e-5,0.007424054999442947,0.035351790365342986,0.027927735365900038
W02000215,2021,0.020101701212355695,6.574188889409728e-5,0.007895444359874632,0.03910005731669286,0.03120461295681823
W02000216,2021,0.020456496896145638,4.9121238362209e-5,0.0086486577585793,0.03586079528817529,0.02721213752959599
W02000217,2021,0.0222997552966913,5.222645560717537e-5,0.010911643691992387,0.038709613570046555,0.02779796987805417
W02000218,2021,0.024389079357675838,6.0464569516952765e-5,0.012385260892128918,0.04325266999833294,0.03086740910620402
W02000219,2021,0.023587893809379163,7.725311459429656e-5,0.010835555609544535,0.04367378085770428,0.03283822524815974
W02000220,2021,0.024592649641572213,4.799993648875649e-5,0.0122580467617664,0.040027720481850604,0.027769673720084202
W02000221,2021,0.023827626524503882,5.180755635420599e-5,0.011935452420769339,0.041719651020386786,0.029784198599617447
W02000222,2021,0.023123929664104974,5.9282058283105866e-5,0.012359044715693452,0.04373877601818599,0.03137973130249254
W02000223,2021,0.022413192774437284,4.35119030165438e-5,0.012004453857838576,0.03775654660709482,0.025752092749256245
W02000224,2021,0.02394333395613754,6.689001367531302e-5,0.012166966797290402,0.04097865607220409,0.02881168927491369
W02000225,2021,0.026472651480603022,8.730455062669252e-5,0.01298116519955671,0.04899619229755334,0.03601502709799663
W02000226,2021,0.02322961174320448,4.39734296534715e-5,0.012583541506656588,0.03767953235370261,0.025095990847046022
W02000227,2021,0.026895721168192457,7.615440540756932e-5,0.013114331307901243,0.047685360620451644,0.034571029312550405
W02000228,2021,0.028653273163611385,8.131387981026091e-5,0.014358844214355636,0.04733135089505696,0.03297250668070133
W02000229,2021,0.02655208832386419,7.896718886315365e-5,0.013274825030449109,0.04513362542603514,0.03185880039558603
W02000230,2021,0.025143726045245098,5.9699997215089624e-5,0.013873649047290926,0.04338464928229707,0.029511000235006146
W02000231,2021,0.02838316606147361,9.019968815249615e-5,0.014626328532432193,0.05012729424998494,0.03550096571755275
W02000232,2021,0.02424649030259117,5.3980927425404446e-5,0.012749858138048839,0.03945586203266,0.026706003894611162
W02000233,2021,0.024753260716563082,6.260996507046359e-5,0.012046723316128423,0.04228953010323674,0.030242806787108313
W02000234,2021,0.025754997382017402,7.598944889005134e-5,0.012466720174452432,0.04408762176593857,0.03162090159148614
W02000235,2021,0.020086950551507436,5.6992631948073595e-5,0.008663665043196763,0.040291524776822546,0.03162785973362578
W02000236,2021,0.020780605232098782,5.619558560824894e-5,0.009314596231031251,0.03874355788804962,0.029428961657018367
W02000237,2021,0.025793656523945094,5.292832077657294e-5,0.0143204911984487,0.04313801628242789,0.02881752508397919
W02000238,2021,0.02507438799779248,5.402914256996687e-5,0.012681413358608194,0.04084067837763188,0.028159265019023688
W02000239,2021,0.027875778668474318,5.615782506409768e-5,0.015551250253387772,0.04482846086839687,0.029277210615009097
W02000240,2021,0.03441646220628423,1.4521982329341327e-4,0.018003489314301235,0.0624440820502564,0.044440592735955166
W02000241,2021,0.030170595828946357,1.2984322546930285e-4,0.013903731855247275,0.054515211766641716,0.04061147991139444
W02000242,2021,0.030134417997009364,9.104712615428144e-5,0.015392224351053346,0.053415471638669845,0.038023247287616496
W02000243,2021,0.0352103805303845,1.3695107197298702e-4,0.01911118357477838,0.0654643566444827,0.04635317306970432
W02000244,2021,0.0295192556221663,9.075142700304139e-5,0.014884116466907042,0.0514695247070645,0.036585408240157456
W02000245,2021,0.03444402481996483,1.0959266667095987e-4,0.018219826830793272,0.057163901524762945,0.03894407469396967
W02000246,2021,0.029397696247623,1.1327992689961316e-4,0.01352540361792716,0.05865568051566185,0.04513027689773469
W02000247,2021,0.027044066177736217,8.39597882920044e-5,0.012788694671496355,0.04708370550313941,0.034295010831643054
W02000248,2021,0.03552893481005585,1.422081838081129e-4,0.020047042272406147,0.06296304739182093,0.042916005119414784
W02000249,2021,0.04053644338370697,2.384818846621564e-4,0.021760432942793236,0.08226220586754332,0.060501772924750084
W02000250,2021,0.0283281296321502,7.954964082643117e-5,0.013704931647524234,0.04799386619050135,0.034288934542977115
W02000251,2021,0.03504469323939229,9.666829564033908e-5,0.019442626823030114,0.059311203970314294,0.03986857714728418
W02000252,2021,0.025143791754692217,3.908872215375611e-5,0.014705442882311556,0.03802676649298925,0.023321323610677694
W02000253,2021,0.025800484033709728,7.445906244770112e-5,0.01290091772542303,0.04431210628600141,0.031411188560578375
W02000254,2021,0.025546191938214474,4.521586301844733e-5,0.014404236947007673,0.03960842027824289,0.025204183331235218
W02000255,2021,0.02553922799184844,6.796633404216729e-5,0.012995101543007963,0.044887982976352714,0.03189288143334475
W02000256,2021,0.02623292281968724,6.120050832282299e-5,0.01205245268291772,0.04453320124746925,0.03248074856455153
W02000257,2021,0.026235461763771655,6.946977825071406e-5,0.013065156639805151,0.04568766128900553,0.032622504649200385
W02000258,2021,0.026853285257596712,6.698411146243783e-5,0.014593453059946433,0.04666822642560385,0.03207477336565742
W02000259,2021,0.026903866099806384,7.808691869001692e-5,0.012531866115847843,0.04654588293053192,0.03401401681468408
W02000260,2021,0.02861357106064052,1.1070854761895936e-4,0.015717210342735374,0.05194844460229288,0.0362312342595575
W02000261,2021,0.023964096732894152,5.361021744276146e-5,0.012349504735225187,0.0406092922054789,0.028259787470253716
W02000262,2021,0.024114980937947287,8.213456431288411e-5,0.010575716331343427,0.04578526260562193,0.0352095462742785
W02000263,2021,0.027213251975881952,5.672170560253342e-5,0.015338464138464417,0.04435047802916267,0.029012013890698254
W02000264,2021,0.02811424175967957,7.664794474108448e-5,0.013894856822489702,0.04914995640104643,0.03525509957855673
W02000265,2021,0.02483075833504441,6.027922676630146e-5,0.01166186670358459,0.04211288890061749,0.0304510221970329
W02000266,2021,0.026904646240716402,6.403663201969725e-5,0.013814038502930712,0.04737457632481305,0.03356053782188234
W02000267,2021,0.025699083667743067,6.674509916152372e-5,0.012818202953227819,0.04417419129704482,0.031355988343817004
W02000268,2021,0.02735224179220809,5.436747762472759e-5,0.01520823501959899,0.0419933607546987,0.02678512573509971
W02000269,2021,0.025345141021810628,5.6991089564455364e-5,0.012283925486068978,0.04396679395632412,0.03168286847025514
W02000270,2021,0.026709323749464917,6.346177789914184e-5,0.013572288747308224,0.04450904748041218,0.030936758733103954
W02000271,2021,0.027495146998903763,8.387188428051301e-5,0.014045832829020874,0.0506714551057732,0.036625622276752326
W02000272,2021,0.02833319826825969,5.4585596040710196e-5,0.01658267175693817,0.04524134286085302,0.02865867110391485
W02000273,2021,0.03699457977672747,1.4063197579171287e-4,0.01839374004293521,0.06359821886820444,0.04520447882526923
W02000274,2021,0.02875805578884251,7.106950190437958e-5,0.015320967695545626,0.048765755032064956,0.03344478733651933
W02000275,2021,0.02654230304843462,6.663348236327545e-5,0.014062071558535555,0.043296133101543344,0.02923406154300779
W02000276,2021,0.03014590632446381,1.00412652813411e-4,0.017081818079175616,0.05642916273325431,0.03934734465407869
W02000277,2021,0.027612482502944593,5.865993629076575e-5,0.015233817446744673,0.04320839490193131,0.02797457745518664
W02000278,2021,0.03290295802284619,1.1412804281551839e-4,0.017224059324442362,0.053781681683136136,0.036557622358693774
W02000279,2021,0.027955952354487206,5.8785543011920714e-5,0.016102373118405552,0.04910011287742457,0.03299773975901902
W02000280,2021,0.02720061800164382,6.443316094037444e-5,0.01307864495013256,0.045901805032269795,0.03282316008213723
W02000281,2021,0.028486862818117152,6.056330613259057e-5,0.01570454998000086,0.04483857922759145,0.02913402924759059
W02000282,2021,0.03101048955702544,7.407489523322953e-5,0.016781109112908095,0.050268095887229886,0.03348698677432179
W02000284,2021,0.03016008712181156,7.514566511084526e-5,0.01709847941551508,0.04921423952988133,0.03211576011436625
W02000285,2021,0.026600254374571836,7.028943520947438e-5,0.013556394862638169,0.0456370382586961,0.03208064339605793
W02000286,2021,0.026341554958927198,8.693803511101142e-5,0.011228504213828492,0.04832466228008009,0.0370961580662516
W02000287,2021,0.03059898817035643,9.43390279773212e-5,0.016948646066673123,0.057228192234237016,0.04027954616756389
W02000288,2021,0.028277967867855643,6.973036539535518e-5,0.015242691520195265,0.04786198925391766,0.032619297733722394
W02000289,2021,0.030168623439848743,6.684235110636426e-5,0.017113835427338988,0.048716339131994975,0.03160250370465599
W02000290,2021,0.02931051469711091,7.970129217553981e-5,0.01609590065900489,0.05268673987300171,0.03659083921399682
W02000291,2021,0.027088121823408626,6.154191233648862e-5,0.015004170206833993,0.04477983001142696,0.02977565980459297
W02000292,2021,0.02649446374515351,6.888021678551892e-5,0.014175389386649221,0.045443868002261176,0.03126847861561195
W02000293,2021,0.027307976668628997,8.64480630680548e-5,0.012774316576728135,0.04836047539981395,0.035586158823085814
W02000294,2021,0.02413844940442765,3.688686457584599e-5,0.014642112823931266,0.038693374866334805,0.02405126204240354
W02000295,2021,0.023292722640263535,4.490243657304089e-5,0.012639485597641971,0.038518707835357435,0.025879222237715466
W02000296,2021,0.026054709052185664,6.0577891345859155e-5,0.013919093972202059,0.04430623661945719,0.030387142647255134
W02000297,2021,0.027012911432329954,5.7036759981844045e-5,0.015946863889397648,0.04390052186632601,0.02795365797692836
W02000298,2021,0.02410528333208213,4.50535586130452e-5,0.013406173753575185,0.04133878419276979,0.027932610439194604
W02000299,2021,0.025801590357503217,8.701006657358997e-5,0.011918151323898065,0.04713515040674335,0.035216999082845285
W02000300,2021,0.025006424206023135,5.5744827908553895e-5,0.012880032721512644,0.04132767377705646,0.02844764105554382
W02000301,2021,0.028315815778066543,7.381177689283845e-5,0.015570429796635537,0.049127921026884264,0.033557491230248725
W02000302,2021,0.027826989262536007,6.609323224152296e-5,0.01602531364016535,0.04746396670425936,0.03143865306409401
W02000303,2021,0.024066195646973532,4.420365719210955e-5,0.013911304912334731,0.03832613812632972,0.02441483321399499
W02000304,2021,0.024536290455158247,4.907489278030321e-5,0.012560747513898787,0.039468685350781144,0.026907937836882355
W02000305,2021,0.023489754964252648,7.280274973580608e-5,0.009784297794722834,0.04282962111496101,0.03304532332023818
W02000306,2021,0.024161205823306647,5.283169576036367e-5,0.012615383203070464,0.03863827408716072,0.02602289088409026
W02000307,2021,0.0292748327584536,7.504934100012934e-5,0.016189713400794597,0.05064107357394613,0.034451360173151535
W02000308,2021,0.02624609723294592,5.7848352026279985e-5,0.014337934958588035,0.042829274262751786,0.02849133930416375
W02000309,2021,0.025500740818072958,6.0996003008166216e-5,0.013429112285842267,0.0438060658590306,0.030376953573188335
W02000310,2021,0.025322930204074137,4.3624368822814826e-5,0.014261779766687521,0.03954533206419704,0.025283552297509518
W02000311,2021,0.028030703473444378,6.94123295497368e-5,0.014493813357545567,0.047367351639016383,0.03287353828147081
W02000312,2021,0.026402725255646502,7.58741924699361e-5,0.013878060782205912,0.046657838624296476,0.03277977784209056
W02000313,2021,0.02808234988291147,7.900203000680004e-5,0.014786653613745728,0.05177512539950493,0.0369884717857592
W02000314,2021,0.02456203689068569,6.280021944678498e-5,0.012996210730186029,0.042780228605326945,0.029784017875140914
W02000315,2021,0.02521678410055981,7.137103280319014e-5,0.011600872267419637,0.0436165014536915,0.03201562918627186
W02000316,2021,0.025451788849609448,6.255039385485966e-5,0.014055899142824298,0.04467657296646316,0.03062067382363886
W02000317,2021,0.024299506839717412,5.8515675495818153e-5,0.013509864681302127,0.04260624201283322,0.029096377331531094
W02000318,2021,0.025694378429420434,6.308378291027092e-5,0.01494500723123118,0.04040076244519496,0.025455755213963777
W02000319,2021,0.0252685204761103,5.596791818811166e-5,0.013034856032357779,0.039681160143831974,0.026646304111474194
W02000320,2021,0.0253889995956515,4.666042892832526e-5,0.014536591918851031,0.04163472162985002,0.027098129710998987
W02000321,2021,0.02249892964968068,5.0369969783694435e-5,0.011834968391139847,0.037210848140251565,0.025375879749111718
W02000322,2021,0.02372602368156177,5.451897548863498e-5,0.012515766638167402,0.04127911139230427,0.02876334475413687
W02000323,2021,0.024920058627054955,6.258732526940644e-5,0.013919316368881943,0.04279531704440045,0.028876000675518505
W02000324,2021,0.022677025012010292,3.788681831503723e-5,0.011139558906709077,0.035767193390873836,0.02462763448416476
W02000325,2021,0.024665843437976797,5.987219534657269e-5,0.01286875265942106,0.043300874606858095,0.030432121947437035
W02000326,2021,0.022524583845806738,4.0654928564854545e-5,0.01243454610845253,0.03665006363993628,0.024215517531483752
W02000327,2021,0.02123749999622441,4.434162757721939e-5,0.010133155990416119,0.03636889682519721,0.02623574083478109
W02000328,2021,0.021966257670315657,5.321227660217467e-5,0.010316987558751099,0.03880088357984439,0.02848389602109329
W02000329,2021,0.022223582365310926,5.5856942348897843e-5,0.010994434836679215,0.04030112135298666,0.029306686516307447
W02000330,2021,0.02157657572921864,4.9927410615403954e-5,0.011310911263007631,0.03807278453986254,0.026761873276854913
W02000331,2021,0.02674691828819565,7.672098197805689e-5,0.013791881729513943,0.050296594921288185,0.03650471319177424
W02000332,2021,0.022192358382902455,5.218869188837933e-5,0.01123501999614595,0.03858741699631879,0.02735239700017284
W02000333,2021,0.02435832015670717,6.68985897069252e-5,0.01211755118243083,0.040900561560086646,0.028783010377655814
W02000334,2021,0.02268276826154236,4.813633265098514e-5,0.011704517543508057,0.037061091868463264,0.02535657432495521
W02000335,2021,0.021307962030105217,4.704371200840759e-5,0.011222727342614926,0.03746000944079414,0.026237282098179215
W02000336,2021,0.022712365812542382,4.800844515568112e-5,0.012257757832566791,0.03975423958970746,0.02749648175714067
W02000337,2021,0.028026395943377802,1.2848470825877378e-4,0.011943793062041843,0.05586994029758837,0.043926147235546525
W02000338,2021,0.023651304727951437,4.4607945712304944e-5,0.013545955400216667,0.0395875174202166,0.026041562019999933
W02000339,2021,0.019838176086065293,6.569233268968562e-5,0.008545403928522162,0.03850501800352173,0.029959614074999565
W02000340,2021,0.02048783083222045,3.633283616615607e-5,0.010528308171514336,0.03389278874849877,0.023364480576984432
W02000341,2021,0.020153270415226653,3.15189106219045e-5,0.010926319411469864,0.032093338995614284,0.021167019584144423
W02000342,2021,0.022675415664340493,6.328951460017927e-5,0.010877472407999342,0.0429263623985211,0.03204888999052176
W02000343,2021,0.022588505263432708,6.724327510775894e-5,0.00997046274401333,0.04216684278233552,0.03219638003832219
W02000344,2021,0.02265684614375829,5.6779357626468925e-5,0.012039977816011056,0.0403959563506331,0.028355978534622045
W02000345,2021,0.022985777690434347,7.330409693178511e-5,0.010355166055201231,0.04465572394899236,0.03430055789379113
W02000346,2021,0.02393810979819266,6.99703563381667e-5,0.012196797471248844,0.0432206863356218,0.031023888864372958
W02000347,2021,0.023215622461596565,5.9477762754749884e-5,0.012446001876208486,0.04111966303924306,0.028673661163034575
W02000348,2021,0.020529457769213312,6.488101902293998e-5,0.00790702532391841,0.03786398279312565,0.029956957469207242
W02000349,2021,0.021850373120556286,4.7651967064343964e-5,0.009954895165622795,0.0354278486618588,0.025472953496236007
W02000350,2021,0.022573115140216846,5.201818987999572e-5,0.011200065769092712,0.039075925208811986,0.027875859439719274
W02000351,2021,0.018359786844503446,7.24889702800036e-5,0.00636183499761373,0.03781686673480558,0.03145503173719185
W02000352,2021,0.02231500321825619,8.45080322142848e-5,0.008345670125922357,0.04186175403979226,0.033516083913869905
W02000353,2021,0.019144342593377692,6.53039142554005e-5,0.0064628140679923105,0.0378433343465602,0.03138052027856789
W02000354,2021,0.017796056724537206,5.084050471052142e-5,0.007048863481022294,0.035578221630861676,0.02852935814983938
W02000355,2021,0.022438503293309885,4.5791884851452685e-5,0.010598606590360316,0.036712556758436724,0.026113950168076407
W02000356,2021,0.022130804818218424,7.618642447521399e-5,0.00801795362003696,0.04260473240627985,0.03458677878624289
W02000357,2021,0.019712672122547233,7.052783153908375e-5,0.006926132214051165,0.04089957550856576,0.03397344329451459
W02000358,2021,0.022508180705187078,6.13824668247343e-5,0.010874277594084818,0.041081188635360213,0.030206911041275396
W02000359,2021,0.0212255240402223,1.0225687022815789e-4,0.006350662276333422,0.043502820865411324,0.0371521585890779
W02000360,2021,0.0259184555095181,1.0743836083699445e-4,0.011161222645763625,0.05190218757991524,0.04074096493415162
W02000361,2021,0.020020174829153102,5.953762278916602e-5,0.007454993142015594,0.0382395143057709,0.030784521163755303
W02000362,2021,0.022854983304476568,7.22663478661731e-5,0.010461862825436059,0.04260869755218853,0.03214683472675248
W02000363,2021,0.021600895907994577,8.200859875676467e-5,0.00757692391554773,0.038738459981697136,0.031161536066149405
W02000364,2021,0.02789882117136122,1.5704002010881254e-4,0.010695607915980846,0.061393909959413046,0.0506983020434322
W02000365,2021,0.02653819542565273,1.1608530723202716e-4,0.01091007844506442,0.05115888795558312,0.0402488095105187
W02000366,2021,0.024888244629643296,5.685475113293813e-5,0.013451048408974393,0.04177366395688045,0.02832261554790606
W02000367,2021,0.02894519066890612,9.910444131558221e-5,0.014940173620739631,0.05176338649355701,0.03682321287281738
W02000368,2021,0.03649935984961034,2.1929738603668054e-4,0.016844156468201518,0.06484251541515612,0.0479983589469546
W02000369,2021,0.030166718303451523,9.367070028701116e-5,0.01680933521121243,0.05210995001399725,0.03530061480278482
W02000370,2021,0.03171854970844981,9.692170927085895e-5,0.01637793542993269,0.05633006744226991,0.03995213201233722
W02000371,2021,0.033444566436572065,1.5087581449700995e-4,0.017191350089501147,0.06446547927732935,0.047274129187828196
W02000372,2021,0.03826355594248792,1.413198978911573e-4,0.021469794889601566,0.06900651329534774,0.04753671840574617
W02000373,2021,0.035593133759915706,1.680537347136751e-4,0.017080164603370897,0.06792136216841604,0.05084119756504515
W02000374,2021,0.034310823565337295,1.4187699725130715e-4,0.0173109468789851,0.0628408915880878,0.045529944709102696
W02000375,2021,0.041429602938066835,2.4384688615723454e-4,0.019393132288868947,0.08324512844937254,0.06385199616050359
W02000376,2021,0.03382092397319285,1.0925304919757351e-4,0.017766597293305632,0.05774681128163017,0.03998021398832454
W02000377,2021,0.030926570922854037,1.0722972707666413e-4,0.015080494308901298,0.055000963338071224,0.039920469029169924
W02000378,2021,0.03332535806900631,1.1825703713108245e-4,0.01671916812252012,0.05876322251706318,0.04204405439454306
W02000379,2021,0.039946680559811903,2.9592546248965714e-4,0.017184198568217353,0.08267706321372191,0.06549286464550455
W02000380,2021,0.029536563979615127,7.456774304497478e-5,0.014455069983440757,0.048153242615713535,0.033698172632272774
W02000381,2021,0.04115381095024856,2.554906473120153e-4,0.021584717842171496,0.0841497759212704,0.0625650580790989
W02000382,2021,0.03750489648737508,1.6437650783493867e-4,0.01886635784481809,0.064320786905904,0.045454429061085905
W02000383,2021,0.03356209288304149,1.3915136448121489e-4,0.015835241030431844,0.06265881099290725,0.04682356996247541
W02000384,2021,0.031073738957411702,1.0215568576056457e-4,0.015508937586770528,0.0539801629889973,0.03847122540222677
W02000385,2021,0.03804804293730806,1.370942208756944e-4,0.01967661604472151,0.06377009988441273,0.04409348383969122
W02000386,2021,0.030782182575829313,1.3418885321040755e-4,0.01381341324595726,0.05612518759334836,0.0423117743473911
W02000387,2021,0.032722059275572465,1.0543363744860514e-4,0.01749366887424734,0.058081110213836155,0.04058744133958882
W02000388,2021,0.03299536198507449,1.221849206662336e-4,0.016989461960418534,0.05890371393403776,0.041914251973619226
W02000389,2021,0.03410637718443119,8.869962086326267e-5,0.016835878354634577,0.055264116754900415,0.03842823840026584
W02000390,2021,0.03524005949092584,1.342097874143129e-4,0.018291413402872332,0.0618475088080154,0.04355609540514307
W02000391,2021,0.049296179445581144,2.5440571668406146e-4,0.024414133241575257,0.08270804843564221,0.05829391519406695
W02000392,2021,0.03726407823531115,1.3674371648819984e-4,0.019578488217838776,0.06262255250221356,0.04304406428437478
W02000393,2021,0.03587200950758166,1.2206275998619131e-4,0.017828481386346108,0.06258898747220959,0.04476050608586348
W02000394,2021,0.04942242688445639,2.655759271968542e-4,0.025796141159994963,0.08698351067140092,0.06118736951140596
W02000395,2021,0.03782299646813551,1.5891877854418482e-4,0.020331700539170924,0.06632049053500237,0.04598878999583145
W02000396,2021,0.04452960768326661,2.2865555502183359e-4,0.02087883761510497,0.07955476142735216,0.058675923812247184
W02000397,2021,0.036253613737172244,1.23786985296975e-4,0.020661673156359688,0.06419037694794653,0.04352870379158685
W02000398,2021,0.06204473306419264,4.214405872098245e-4,0.029712153080508022,0.1080557139488584,0.07834356086835038
W02000399,2021,0.05137585155991052,3.934188174661809e-4,0.024003403517281405,0.09424573235299663,0.07024232883571523
W02000400,2021,0.040062051343179916,1.3987197885306505e-4,0.021862942187940222,0.06573562657606705,0.043872684388126824
W02000401,2021,0.046152530854776636,3.2840494378995214e-4,0.02212671693147201,0.09151416561760733,0.06938744868613533
W02000402,2021,0.04562357182249364,2.831334339094047e-4,0.02055316218741743,0.08267370791163405,0.062120545724216616
W02000403,2021,0.03763328786877635,1.4828398851151296e-4,0.01859825556685534,0.06687681713654553,0.04827856156969019
W02000404,2021,0.041994190304902534,1.8027115740647929e-4,0.020882892375191205,0.07163783794654369,0.05075494557135248
W02000405,2021,0.03948605048659718,2.4099657446772726e-4,0.017712936288319266,0.07061615399744037,0.0529032177091211
W02000406,2021,0.04897423573753507,3.4412384630864886e-4,0.022150774305891425,0.09217279808294931,0.07002202377705789
W02000407,2021,0.035548014920932756,2.6053865216048804e-4,0.016043180540047483,0.07916976281621396,0.06312658227616648
W02000408,2021,0.04489844005877894,2.761559641148019e-4,0.021177163888367902,0.08476502804269886,0.06358786415433096
W02000409,2021,0.03706850473650394,1.9979519688952075e-4,0.01781869894137192,0.07504841140065269,0.05722971245928077
W02000410,2021,0.05581982509637209,4.156729147139514e-4,0.02737342166544376,0.10563395415618743,0.07826053249074366
W02000411,2021,0.03719426423038246,2.7565504636915453e-4,0.014324954861725886,0.0775791962764697,0.06325424141474381
W02000412,2021,0.04514376690041542,2.3646909806366925e-4,0.02354147244415348,0.08160415748024041,0.058062685036086935
W02000414,2021,0.0254981080570998,4.083466768087628e-5,0.016419613315946664,0.041449661995500375,0.02503004867955371
W02000415,2021,0.030412551907487626,8.037146501805436e-5,0.017344559247085473,0.050440876468947585,0.03309631722186211
W02000416,2021,0.023447028076278503,3.424735087172451e-5,0.013340985208187692,0.03689871347468905,0.02355772826650136
W02000417,2021,0.023450197359212537,5.294158767374072e-5,0.011495696245631945,0.04028079672742396,0.028785100481792017
W02000418,2021,0.027691431407608047,7.286632611367967e-5,0.014360167404393161,0.04641930071569621,0.03205913331130304
W02000419,2021,0.022272674980679287,6.443703818955634e-5,0.009720464009738257,0.03995032372058805,0.030229859710849794
W02000421,2021,0.030538569160892873,8.062813016464889e-5,0.017747388435634753,0.05125648320801205,0.0335090947723773
W02000422,2021,0.049410859250015295,2.995080395345515e-4,0.023925503752540246,0.08712806542153756,0.06320256166899732
W02000423,2021,0.046414864444540974,2.396884466666449e-4,0.023737185775345646,0.08333953604472129,0.059602350269375645
W02000424,2021,0.02505095047978257,7.684699759664712e-5,0.011700511957141871,0.04624052770889498,0.03454001575175311
W02000425,2021,0.03393816472033481,1.1628707833638457e-4,0.01935584508350107,0.05969447660461723,0.04033863152111616
W02000426,2021,0.02542370743640339,1.0054411183337163e-4,0.011620995222462958,0.04918371921010205,0.03756272398763909
W02000427,2021,0.023005756623535618,4.6888133867558154e-5,0.012365733732105502,0.03749422172134273,0.02512848798923723
W02000428,2021,0.02395204911635168,6.0489715412408056e-5,0.011696668170387305,0.04119316791130005,0.029496499740912747
W02000001,2023,0.032896317263156546,1.1366595967962376e-4,0.0155261810266985,0.05605770210654682,0.04053152107984832
W02000002,2023,0.027040255322291578,6.719990567018496e-5,0.01388282775775203,0.04650285846549644,0.03262003070774441
W02000003,2023,0.05808823769103462,7.208484120336528e-4,0.021229827200412017,0.12379071779322609,0.10256089059281408
W02000004,2023,0.041588612077914484,1.8020030922865995e-4,0.021276071136455233,0.07422790986215087,0.052951838725695644
W02000005,2023,0.026333097360271757,8.348308304858445e-5,0.011875558780823917,0.045177619512824146,0.03330206073200023
W02000006,2023,0.03613077363941364,1.2507192516242753e-4,0.01941373299335957,0.06311609986296111,0.04370236686960154
W02000007,2023,0.04166773297419472,1.7942373919598023e-4,0.021754796600215072,0.07043438071666834,0.04867958411645327
W02000008,2023,0.02824155371029625,1.0895928442163364e-4,0.011749512844322862,0.05025531554590566,0.0385058027015828
W02000009,2023,0.03159545364688362,8.484430394379428e-5,0.01604721754079597,0.0527510097017827,0.03670379216098674
W02000010,2023,0.04841716421370155,4.7546223756655015e-4,0.017466547532130033,0.10095740108735377,0.08349085355522373
W02000011,2023,0.037824134095728844,1.7288896333070395e-4,0.018168764505836398,0.07132285025422999,0.053154085748393594
W02000012,2023,0.03467289265933465,1.2766954045741188e-4,0.016659286549663616,0.059032201613618863,0.04237291506395525
W02000013,2023,0.03589657109980546,1.7870601490562363e-4,0.01631029991611812,0.06397693466657929,0.04766663475046117
W02000014,2023,0.03555086741629128,1.0925180771358521e-4,0.019361580358320425,0.05871783599607737,0.039356255637756944
W02000015,2023,0.03364048630463552,2.025746998512087e-4,0.01448235446712801,0.06454286472630155,0.050060510259173546
W02000016,2023,0.03212481945135655,1.0440279376367837e-4,0.01740835287036917,0.05642571448510809,0.03901736161473891
W02000017,2023,0.034033844195126284,1.0687324923254877e-4,0.01707992035752477,0.05692308130107018,0.03984316094354541
W02000018,2023,0.033695246461518634,9.410786306160192e-5,0.018761105600104036,0.05573052514187902,0.03696941954177498
W02000019,2023,0.029765427797366788,6.855312138397928e-5,0.016284702515353106,0.0480187651723423,0.03173406265698919
W02000020,2023,0.033124358297406495,1.3868163378703206e-4,0.01738896608007108,0.06296468032096467,0.045575714240893586
W02000021,2023,0.0346482394822562,2.961621893629635e-4,0.011931587151288121,0.07268935877784019,0.06075777162655207
W02000022,2023,0.028189431329159152,7.32784499098752e-5,0.014380047103549905,0.04615492686431774,0.03177487976076784
W02000023,2023,0.030452157508197727,2.321311298811019e-4,0.011166498698994984,0.07320943648448572,0.062042937785490734
W02000024,2023,0.03645551487894474,9.259332054325451e-5,0.022146036545945713,0.060840292244703484,0.03869425569875777
W02000025,2023,0.032559424996599404,1.0553900886901016e-4,0.01767807307382995,0.0547767102490405,0.03709863717521055
W02000026,2023,0.034095222110666,9.483245902281725e-5,0.016927440161934464,0.05483898254454524,0.03791154238261077
W02000027,2023,0.024812212898907147,1.750771275953139e-4,0.0071073230889579465,0.057451916614201376,0.05034459352524343
W02000028,2023,0.025576596746620644,1.2659480798621713e-4,0.008506984632455333,0.05198182596051522,0.043474841328059885
W02000029,2023,0.02405384063287093,7.867998024315078e-5,0.011214777252267022,0.04577336859535508,0.03455859134308806
W02000030,2023,0.025510090001740874,8.878965576831178e-5,0.010437232374435858,0.04774846216661782,0.03731122979218196
W02000031,2023,0.029704045267401252,1.1040039172422086e-4,0.013118115675602773,0.05259928303233179,0.03948116735672901
W02000032,2023,0.024928190179815218,9.74984649571953e-5,0.009663101608937645,0.045606079420228894,0.03594297781129125
W02000033,2023,0.031964787399303037,1.2430106902579192e-4,0.014508947858984092,0.05663933419273526,0.042130386333751164
W02000034,2023,0.03304751504095933,1.1585667362308147e-4,0.016652477256700902,0.055526155727495904,0.038873678470795
W02000035,2023,0.032673274693913755,1.2949148811233036e-4,0.016527259916484335,0.05811535991807357,0.04158810000158923
W02000036,2023,0.028990826865708943,7.608960564938226e-5,0.014285894348588932,0.04783756063751406,0.03355166628892513
W02000037,2023,0.030115083516633435,1.0642275038749942e-4,0.015288605939509987,0.06033770893189134,0.04504910299238135
W02000038,2023,0.028743404364476328,9.32146622757575e-5,0.01373506591712274,0.04848558086892518,0.03475051495180244
W02000039,2023,0.029543788909895338,1.0543917531172285e-4,0.01324553222558881,0.05067086065402886,0.03742532842844005
W02000040,2023,0.03133632885677864,7.887058157952375e-5,0.017368252726364566,0.05067461526863357,0.03330636254226901
W02000041,2023,0.032874410019710906,9.532879009925056e-5,0.018506583211073808,0.05466850928600911,0.036161926074935305
W02000042,2023,0.033530059446555065,1.4197208249594245e-4,0.01611062758875151,0.06376227392949352,0.04765164634074201
W02000043,2023,0.040586933478880254,1.7065389208121095e-4,0.02214155565279119,0.070312566965689,0.048171011312897805
W02000044,2023,0.03686119057284542,1.361862066586871e-4,0.01716349030522832,0.0647417314228273,0.04757824111759898
W02000045,2023,0.034682848602625035,1.6588207773304885e-4,0.015955956927710013,0.06316219032552202,0.047206233397812006
W02000047,2023,0.0357977302075335,1.9310544484168294e-4,0.014750242383214877,0.06221305389164382,0.047462811508428945
W02000049,2023,0.038358378583886826,1.20146131913641e-4,0.022332580051191972,0.0634685951961484,0.041136015144956434
W02000050,2023,0.030903980837670084,9.344735043860844e-5,0.0147309670596222,0.051231775508816566,0.036500808449194365
W02000051,2023,0.033083440263780475,9.761388117449679e-5,0.017806404011975432,0.05294705016692773,0.0351406461549523
W02000052,2023,0.036366155704435514,1.2184474058587109e-4,0.01787491980185182,0.05874496284776265,0.040870043045910825
W02000053,2023,0.034970224585092684,8.893706654307519e-5,0.0198024942245853,0.05658628271388652,0.03678378848930122
W02000054,2023,0.03584873445090456,9.547801481831573e-5,0.022117321349515905,0.06051653500593077,0.03839921365641487
W02000055,2023,0.04286081305294229,2.063320155231515e-4,0.0235212277534809,0.08119285588821448,0.05767162813473358
W02000056,2023,0.03535278204533446,7.412378976990873e-5,0.02197981203328677,0.056518395265461374,0.034538583232174604
W02000057,2023,0.033432522375507985,7.993125360528357e-5,0.019122759579998302,0.054277765983199874,0.03515500640320157
W02000058,2023,0.038228106297997395,1.4000366649894827e-4,0.021202513895846063,0.0651323096764108,0.04392979578056474
W02000059,2023,0.037622265342715504,1.212752222605685e-4,0.020234766701713452,0.06126909518184903,0.04103432848013558
W02000060,2023,0.03548394890414076,1.2593291453753269e-4,0.017208002714990317,0.061389729348572494,0.04418172663358218
W02000061,2023,0.04062287443867747,1.864938630804262e-4,0.020583414709244283,0.0728713322383663,0.05228791752912201
W02000062,2023,0.03477963134614326,1.150502704660541e-4,0.01832958377080774,0.06021410615195376,0.04188452238114602
W02000063,2023,0.031046004184584714,7.548759355519029e-5,0.017064015427089393,0.049340131233312615,0.03227611580622322
W02000064,2023,0.038395059705985946,2.266132607709423e-4,0.01733999416000526,0.0722215954132519,0.05488160125324665
W02000065,2023,0.038954210408992225,1.9016034199520186e-4,0.019948955651013768,0.06988921194179462,0.04994025629078085
W02000066,2023,0.03759128322168577,1.6649940063378433e-4,0.018957347632313083,0.07052064559893766,0.05156329796662457
W02000067,2023,0.03445217302753642,1.0442596694258713e-4,0.01908327749446817,0.055490789979122324,0.03640751248465415
W02000068,2023,0.03996564889730605,1.8418613007224546e-4,0.01918921325730978,0.06896814509235927,0.049778931835049486
W02000069,2023,0.032653808465233275,7.255048675824454e-5,0.019092978574732446,0.05040056850269006,0.03130758992795762
W02000070,2023,0.03719655046989206,1.1328051503265366e-4,0.020588513023429268,0.059084621223314385,0.038496108199885117
W02000071,2023,0.034642372351060706,1.0157216174848801e-4,0.01912894744332763,0.05611655070696492,0.036987603263637286
W02000072,2023,0.039662360980154986,1.6324734953770205e-4,0.019796621239455664,0.0646062337145629,0.04480961247510723
W02000073,2023,0.03352182356601106,1.07064589132051e-4,0.018690994341503564,0.05665563295013386,0.037964638608630294
W02000074,2023,0.037367222823719584,1.2914731313459408e-4,0.019856820658023737,0.062326275979739006,0.04246945532171527
W02000075,2023,0.035764193629376405,1.0644024353238132e-4,0.01886594761842491,0.05960927492184258,0.04074332730341767
W02000076,2023,0.034235249390340346,9.869921774413284e-5,0.017924303733379866,0.05549006319631919,0.03756575946293932
W02000077,2023,0.035048021842346976,7.816344705986956e-5,0.019951238697865505,0.055870797192405786,0.03591955849454028
W02000080,2023,0.036864381211054814,1.4642280203084807e-4,0.015300050510678367,0.06429144348456148,0.04899139297388311
W02000081,2023,0.03718885835778771,1.3407948159983318e-4,0.018534369310316986,0.0637757085597072,0.04524133924939021
W02000082,2023,0.039070690359987295,1.9053367071025123e-4,0.017583324375020727,0.07208410804040855,0.05450078366538782
W02000083,2023,0.03737860989528839,1.3722857216033033e-4,0.019092855688589074,0.06251129334254744,0.04341843765395837
W02000085,2023,0.03478828522840058,1.3807130853293973e-4,0.0157972237138225,0.05990395421588405,0.04410673050206155
W02000087,2023,0.05205520260254189,4.7204330731512106e-4,0.022111834531363617,0.09770082127302744,0.07558898674166382
W02000088,2023,0.03800855532204489,1.355368294275106e-4,0.019828998200188085,0.06505630095173244,0.04522730275154435
W02000089,2023,0.04680154863934152,5.43545644025792e-4,0.017614516978640433,0.10982189010154847,0.09220737312290804
W02000090,2023,0.03520656582339421,9.585202532663169e-5,0.019431727024218005,0.056572318430823706,0.0371405914066057
W02000091,2023,0.03692470798671758,1.341747531504854e-4,0.01883233419721462,0.06555127877429401,0.04671894457707939
W02000092,2023,0.0357744020760566,1.2362762185261312e-4,0.01807808959668889,0.060357957022382294,0.0422798674256934
W02000093,2023,0.036820087163751875,1.087536287145908e-4,0.021263751002261258,0.06303154439229205,0.0417677933900308
W02000094,2023,0.0370218649144625,1.2497463525326126e-4,0.017719480481058265,0.06270894423620374,0.044989463755145474
W02000095,2023,0.03395792250118856,1.1154266161519333e-4,0.017348147245021726,0.053900120525495365,0.03655197328047364
W02000096,2023,0.03792641378186667,1.2267116230472056e-4,0.020535371206814795,0.06285276922570313,0.04231739801888833
W02000097,2023,0.040444524296743944,1.3275920222063039e-4,0.024397541630259152,0.06934858950087663,0.04495104787061748
W02000098,2023,0.0339274621303377,1.0461780395562549e-4,0.017993904411945923,0.06123264099209706,0.043238736580151135
W02000099,2023,0.034210665352681933,1.4776576145389932e-4,0.015268939592246521,0.06196232223195777,0.04669338263971125
W02000100,2023,0.0412867639518414,1.031235749738263e-4,0.026595049824154088,0.06630160067052693,0.03970655084637284
W02000101,2023,0.03488581933781343,1.081208761914503e-4,0.017914928513518204,0.05855307308796559,0.04063814457444739
W02000102,2023,0.04023995174626081,1.1305548779715425e-4,0.023671902916615167,0.06816872006774666,0.04449681715113149
W02000103,2023,0.04117816259581341,1.428875350049906e-4,0.02375036064309701,0.06903163709249803,0.04528127644940102
W02000104,2023,0.044842550672596335,1.69444872503208e-4,0.023739845905684856,0.07570253772082092,0.05196269181513606
W02000105,2023,0.04826886474182107,2.4098309585155966e-4,0.02479503722284495,0.08665411066509672,0.06185907344225177
W02000106,2023,0.039611379889776206,9.338037812842837e-5,0.02377766611279527,0.06315953154532339,0.03938186543252812
W02000107,2023,0.04353290083788365,1.5716241114697844e-4,0.025826635905397143,0.0745382784560874,0.04871164255069026
W02000108,2023,0.04292206112252345,1.231385537209729e-4,0.02608081086314506,0.0661473195586212,0.04006650869547614
W02000109,2023,0.054436782438072505,3.165347867769705e-4,0.030178526379267642,0.09662632724078804,0.0664478008615204
W02000110,2023,0.03833454463817656,1.074624504698406e-4,0.02206174184819542,0.06317921503069834,0.041117473182502924
W02000111,2023,0.035291759838422206,9.819228724655115e-5,0.02056351491882691,0.057795497756061,0.03723198283723409
W02000113,2023,0.04608060169264832,2.7946287996789035e-4,0.025741693663300966,0.0873957378043303,0.06165404414102933
W02000114,2023,0.03224752086489979,6.726294995902345e-5,0.018093290726900493,0.050411582056365895,0.0323182913294654
W02000116,2023,0.040731838738905984,1.534491740325076e-4,0.021489915950692273,0.06696148738721577,0.0454715714365235
W02000117,2023,0.0675098407336539,6.01423547951346e-4,0.027093236325852955,0.11960126309091376,0.09250802676506081
W02000118,2023,0.057286051757088535,4.1879354671901017e-4,0.027632673845471543,0.10336850571421236,0.0757358318687408
W02000120,2023,0.038986108004199466,1.5305510654922282e-4,0.021589272802599348,0.06754081161569572,0.045951538813096375
W02000122,2023,0.03961900014388864,1.2266667664519778e-4,0.0234917670260429,0.06740087522520134,0.04390910819915844
W02000123,2023,0.04375015010020892,1.566449221889246e-4,0.026485284274885244,0.07348413857619546,0.04699885430131021
W02000124,2023,0.0359019690956401,1.257765510226275e-4,0.017125228270327142,0.06136101342371034,0.044235785153383195
W02000125,2023,0.037568556736548915,1.0784368935512755e-4,0.022118070993201056,0.05913720655696067,0.03701913556375962
W02000126,2023,0.038256075991649256,1.1748087574887649e-4,0.02175797576550635,0.06417615202044676,0.042418176254940404
W02000127,2023,0.03780225981867167,1.5463875631576253e-4,0.019111581907070928,0.06659705585353018,0.04748547394645925
W02000128,2023,0.04091468089327029,1.434444763635296e-4,0.022388954184417918,0.06979332959576036,0.047404375411342445
W02000129,2023,0.04380412330240168,1.7740109815115527e-4,0.024084669340391923,0.0787411205699036,0.05465645122951167
W02000130,2023,0.05148190097922859,2.9669210548168766e-4,0.02768016995367184,0.09384423869787947,0.06616406874420763
W02000131,2023,0.04676132319859742,2.3746824358293877e-4,0.023797814586986453,0.08691893901722866,0.0631211244302422
W02000132,2023,0.03706655622648194,1.449700025552186e-4,0.018869055215855246,0.06354612436560558,0.04467706914975034
W02000133,2023,0.047851704384838406,2.1135775051367247e-4,0.027678450659497887,0.08736377397911402,0.05968532331961613
W02000134,2023,0.045377707047308445,2.45307122994734e-4,0.023274776644580334,0.08403520506924861,0.06076042842466828
W02000135,2023,0.04980690113752903,3.144486638228208e-4,0.02482392034069491,0.09165342816729331,0.06682950782659841
W02000136,2023,0.03527627874405127,1.167416870587699e-4,0.019186998036056644,0.059890097662432376,0.040703099626375736
W02000137,2023,0.052402797905206855,3.3640681154469535e-4,0.024805747857377772,0.09619813882116993,0.07139239096379216
W02000138,2023,0.033795124095613395,2.092690338240749e-4,0.013057854442490937,0.06997563370366568,0.056917779261174736
W02000139,2023,0.03184731476444658,1.3135203346026938e-4,0.014423767779922318,0.057659281749579315,0.043235513969657
W02000140,2023,0.03132373265530484,1.9434881684725594e-4,0.01067469969135128,0.06403401563900235,0.05335931594765107
W02000141,2023,0.031129676368923893,1.287156919086104e-4,0.013069255388344593,0.0573528757711636,0.04428362038281901
W02000142,2023,0.03956549139132934,1.0746588464780715e-4,0.022120728690199036,0.06228354298475046,0.04016281429455142
W02000143,2023,0.03720655608695288,9.280892492742222e-5,0.021776255361863207,0.05673332645217287,0.03495707109030966
W02000144,2023,0.03512650858718057,1.0145436314126273e-4,0.018022763086598677,0.05704100889279984,0.03901824580620116
W02000145,2023,0.03388402458977965,6.63608951292211e-5,0.020229704363851173,0.05131695592929459,0.031087251565443418
W02000146,2023,0.03510496646359894,8.487948249028968e-5,0.019815964178934265,0.05758938795457469,0.03777342377564043
W02000147,2023,0.04289434669355306,1.357941857870489e-4,0.024758502557244537,0.07260143649945722,0.04784293394221268
W02000148,2023,0.04318981656869611,2.061714075859631e-4,0.018236675588759965,0.07697708041234613,0.05874040482358617
W02000149,2023,0.03814475614892935,1.3814557189125617e-4,0.020301976474295824,0.06526607837273019,0.04496410189843436
W02000151,2023,0.03386524772987704,7.858136065667113e-5,0.017923208305367956,0.05209574572188433,0.03417253741651637
W02000152,2023,0.03521389315072644,1.0774101259185667e-4,0.01841674857627674,0.05689836017264199,0.038481611596365255
W02000153,2023,0.03553960547775469,9.404025405331765e-5,0.019188576818355296,0.05678136796641614,0.03759279114806084
W02000154,2023,0.03596061276100337,9.283447363327969e-5,0.018918045509908936,0.05497932701262481,0.036061281502715876
W02000156,2023,0.034220344790401834,9.285868683688317e-5,0.017312510339656917,0.05315850539108828,0.035845995051431365
W02000157,2023,0.03416311501202384,9.301475250213961e-5,0.0175469885836022,0.05389320314717223,0.03634621456357003
W02000158,2023,0.03630108778064324,9.93227923350807e-5,0.02115541948592586,0.05528291341802495,0.03412749393209909
W02000159,2023,0.040591015922227074,1.8107064958028138e-4,0.02013697840926076,0.07302012401256994,0.05288314560330917
W02000160,2023,0.03489926094708144,1.1911013560594008e-4,0.017995821284617724,0.06062411998966338,0.042628298705045656
W02000161,2023,0.03666134272382944,1.4502281037687202e-4,0.016991006374591177,0.06431433934812357,0.04732333297353239
W02000162,2023,0.03592074800775914,1.7735094229597684e-4,0.01645621531211543,0.06568705874232504,0.049230843430209614
W02000163,2023,0.0394799159803739,1.9183465493049592e-4,0.01831289470243772,0.06677413209162408,0.04846123738918637
W02000164,2023,0.03538867663414511,1.394287060404365e-4,0.01781566781058796,0.06356155459486436,0.04574588678427639
W02000165,2023,0.040315563096883715,2.328245305124773e-4,0.019833208833084016,0.07405352881386015,0.05422031998077614
W02000166,2023,0.040001506963761556,2.0316127704616426e-4,0.01924811169417258,0.07546374743461454,0.05621563574044196
W02000167,2023,0.04259417649819335,3.0865410528586727e-4,0.019397677772453534,0.08302941619253468,0.06363173842008114
W02000168,2023,0.03885780501271252,1.323443195582941e-4,0.021603256728194672,0.06244237140678828,0.04083911467859361
W02000169,2023,0.036345030923671987,1.1605947240678724e-4,0.020526016564932623,0.06233281075094832,0.0418067941860157
W02000170,2023,0.032528578548380586,1.0545295926586205e-4,0.015786417904593966,0.05601069741118128,0.040224279506587315
W02000171,2023,0.032683323581733065,9.722033300549267e-5,0.017045770409368416,0.05260294428227724,0.035557173872908826
W02000172,2023,0.033402621444740245,1.527289000320055e-4,0.01290512142486077,0.0621247926712407,0.04921967124637993
W02000173,2023,0.035253200007587325,1.1667121199181716e-4,0.01773396211642648,0.06032670873927462,0.04259274662284814
W02000174,2023,0.030503377809512573,9.888691060417574e-5,0.014133285656126478,0.05471683959283863,0.04058355393671215
W02000175,2023,0.03247891102649158,1.4420698630396533e-4,0.014591829727400148,0.060781800991787385,0.04618997126438724
W02000176,2023,0.030921414640814326,8.536610935606872e-5,0.015405934262622052,0.049619087094206475,0.03421315283158442
W02000177,2023,0.033273467678393134,1.438127735441662e-4,0.014634989864532856,0.0607555553608132,0.046120565496280345
W02000178,2023,0.03462609302592306,1.4077027787365065e-4,0.015401747578950558,0.058886715292631495,0.04348496771368093
W02000179,2023,0.030600561820927713,8.30993135760036e-5,0.01588177779146449,0.050339089031262746,0.034457311239798255
W02000180,2023,0.03354265836967034,1.0600030794047579e-4,0.016040573724937168,0.056588570766743715,0.04054799704180655
W02000181,2023,0.03215362082970427,1.1069815373042363e-4,0.014210779970524674,0.05586055336060209,0.041649773390077416
W02000182,2023,0.034348938350636266,1.1934489530123384e-4,0.015664060188184007,0.05802483394502575,0.042360773756841746
W02000183,2023,0.03548483023160751,1.309102962117551e-4,0.017296131076512268,0.05922352060635373,0.041927389529841465
W02000184,2023,0.03335642219147735,9.649909113364998e-5,0.017961418615054132,0.05262308435037097,0.034661665735316836
W02000185,2023,0.03185620272613494,1.2692277189754508e-4,0.014966162625622354,0.05917198510287561,0.044205822477253257
W02000186,2023,0.034064190353052935,1.6500853063846046e-4,0.014989153028277736,0.06224889207709809,0.04725973904882036
W02000188,2023,0.03882352476710307,2.1828709939320656e-4,0.016037110467218132,0.07017982782327581,0.054142717356057676
W02000189,2023,0.03438154354715613,1.4933881169630525e-4,0.016297506646659236,0.05990187399037654,0.0436043673437173
W02000191,2023,0.045498382726274954,2.542873997206368e-4,0.021859713623584992,0.07512696928390622,0.05326725566032123
W02000192,2023,0.039522841591543866,2.6298796427901044e-4,0.01604342304540074,0.07755061255331641,0.06150718950791567
W02000193,2023,0.04648753430083388,3.1587737294559286e-4,0.021570705266895016,0.09096155446310555,0.06939084919621054
W02000194,2023,0.03794834898043357,1.9994975169602863e-4,0.017061746794198474,0.07124249894589536,0.05418075215169689
W02000195,2023,0.03215657833819923,1.49050866181579e-4,0.01445453424338241,0.059089504971787415,0.044634970728405006
W02000196,2023,0.04099018793619578,2.880612836530311e-4,0.018383268843447896,0.08218473836702345,0.06380146952357554
W02000197,2023,0.030684850738584037,1.0100798620072734e-4,0.014512435755652541,0.05310903124002967,0.03859659548437713
W02000198,2023,0.03943646426032038,3.3409453681957805e-4,0.01781893235220367,0.08919927581656684,0.07138034346436317
W02000200,2023,0.03465454353699106,8.29281919262556e-5,0.018200865321374368,0.053173524683212355,0.034972659361837986
W02000201,2023,0.03333969392293231,7.887403251677976e-5,0.014956008441155483,0.05129963695276682,0.03634362851161134
W02000202,2023,0.03533537015740276,8.785725766326096e-5,0.019557607096916653,0.05703332974493265,0.037475722648016
W02000204,2023,0.031249015152545283,9.270235991376086e-5,0.015411226903757867,0.05293894479899361,0.03752771789523574
W02000205,2023,0.030209380395924572,8.418689109703939e-5,0.014656311415181932,0.0495612182682785,0.034904906853096565
W02000206,2023,0.027375702885238763,1.0011238451515039e-4,0.01172900268390338,0.049433988855812294,0.037704986171908914
W02000207,2023,0.027196130234319542,7.976040069763739e-5,0.01213833463572811,0.04391381166176475,0.03177547702603664
W02000208,2023,0.03953618713498688,1.8174208605023867e-4,0.01801467788287618,0.06899993886356937,0.050985260980693184
W02000210,2023,0.02899372221881513,1.0316553879484407e-4,0.0118452261193402,0.05026285413107916,0.03841762801173896
W02000211,2023,0.030682184310142656,1.137040194247498e-4,0.013662019936899233,0.051909192268955906,0.03824717233205667
W02000212,2023,0.031139087439258667,8.110266324092248e-5,0.015398502342173565,0.051636690882701744,0.03623818854052818
W02000213,2023,0.02762975261610325,8.081221689285141e-5,0.012308157466206664,0.04802258738574345,0.035714429919536786
W02000214,2023,0.02649208308235225,1.0380962187638853e-4,0.011035291964693359,0.0486979923949316,0.03766270043023824
W02000215,2023,0.028228609615694622,1.2824639901309957e-4,0.011535832358217942,0.0540818971135568,0.042546064755338855
W02000216,2023,0.028317550179512402,8.306855063112827e-5,0.012775199391756961,0.04942174406195654,0.03664654467019958
W02000217,2023,0.03125464482796422,9.439444029311209e-5,0.014713606516579675,0.05113686155329519,0.03642325503671552
W02000218,2023,0.03388610629199123,9.659893725167884e-5,0.018009795567825983,0.05509829619269998,0.037088500624873996
W02000219,2023,0.032713961202730256,1.3967047709908154e-4,0.014513775031307446,0.06251771538333095,0.0480039403520235
W02000220,2023,0.03414342894437664,8.233146203596015e-5,0.0169962277073563,0.05504137346746399,0.03804514576010769
W02000221,2023,0.03312277126484676,9.098536134631876e-5,0.017150695772783105,0.05641718077241906,0.03926648499963595
W02000222,2023,0.03188409688109536,8.823265433378363e-5,0.016767598005234585,0.05433881823926017,0.037571220234025586
W02000223,2023,0.03119309154297304,6.857085668781051e-5,0.018375250558161235,0.0493759701033637,0.031000719545202463
W02000224,2023,0.03320782651857704,1.165005051388254e-4,0.0165811375782884,0.05646587864441156,0.039884741066123164
W02000225,2023,0.036393819043843305,1.430017420961356e-4,0.017569919704475565,0.06297795212966019,0.045408032425184625
W02000226,2023,0.0322209229530756,8.266813964143148e-5,0.018216264512214357,0.05185450757608965,0.03363824306387529
W02000227,2023,0.037483436437378254,1.37723428766689e-4,0.017647548415710465,0.06524519713820558,0.04759764872249511
W02000228,2023,0.04000485959037349,1.3995538481926327e-4,0.02228898434804258,0.06601169046192482,0.04372270611388224
W02000229,2023,0.03692642198156224,1.4039318493357716e-4,0.019266689676269416,0.06371600014763924,0.044449310471369824
W02000230,2023,0.035203642409595594,1.099055379153163e-4,0.018555204318531193,0.062281185506385506,0.04372598118785431
W02000231,2023,0.039730663813392054,1.5112884373457667e-4,0.021947066655285397,0.07159169594223883,0.04964462928695343
W02000232,2023,0.0336907290519028,9.055922743445278e-5,0.01728267417804262,0.05533684246554292,0.0380541682875003
W02000233,2023,0.03459108305069765,1.1512735971912434e-4,0.01704355483838255,0.05661064037691723,0.03956708553853468
W02000234,2023,0.035377685336080246,1.2279434286654325e-4,0.017757642558847077,0.06108569453270085,0.043328051973853775
W02000235,2023,0.028000898253318144,1.0396361444508399e-4,0.011254259439120472,0.05051805594241948,0.03926379650329901
W02000236,2023,0.028766473709056425,1.0653485554229893e-4,0.013512973969493206,0.053772225939230166,0.04025925196973696
W02000237,2023,0.03595950327174167,9.646651219307857e-5,0.019352378772575056,0.05724269948248284,0.037890320709907784
W02000238,2023,0.03490602147552392,9.852132594203243e-5,0.018308508822660198,0.06042769986951298,0.04211919104685278
W02000239,2023,0.03946246397069301,1.0601153635804143e-4,0.023709879643390927,0.06267639286844379,0.03896651322505286
W02000240,2023,0.04795354523466013,2.529207083095884e-4,0.02366718868759854,0.08908522531553498,0.06541803662793644
W02000241,2023,0.04202849650869289,2.2880844121696587e-4,0.018947166326510646,0.08004172280289312,0.061094556476382476
W02000242,2023,0.04228719145241277,1.7058097369375e-4,0.023488784059358572,0.07589125863033407,0.052402474570975494
W02000243,2023,0.04877691399715749,2.3730216523627933e-4,0.025949319885299492,0.08397200596311548,0.05802268607781599
W02000244,2023,0.04162787087669296,1.6948924663266098e-4,0.02160653440579126,0.070307791642958,0.04870125723716674
W02000245,2023,0.04778854676420515,2.0693580983908324e-4,0.025357297771402804,0.07725956608328047,0.051902268311877664
W02000246,2023,0.040419975665528546,1.9231129518181708e-4,0.01911472676300184,0.07768841083600335,0.05857368407300151
W02000247,2023,0.03741127985207644,1.529862026009953e-4,0.018249033102239284,0.06623355864756025,0.04798452554532097
W02000248,2023,0.049285609304842944,2.3680874128309838e-4,0.026115135534941825,0.08351996296493763,0.05740482742999581
W02000249,2023,0.05578101013153078,4.214600515315502e-4,0.02980978112366668,0.10278845685205829,0.0729786757283916
W02000250,2023,0.03909616935123623,1.448464934783737e-4,0.019884755967919908,0.06551020039496605,0.04562544442704614
W02000251,2023,0.04882503835306087,1.769834605165596e-4,0.02758307035443615,0.08002681557747438,0.05244374522303823
W02000252,2023,0.03511003013513401,6.88000731330673e-5,0.021176770455685476,0.052019433200118384,0.030842662744432908
W02000253,2023,0.03588540723457147,1.336887071149967e-4,0.018158595439552234,0.06280027881581252,0.04464168337626028
W02000254,2023,0.03602043805502375,8.457152807188311e-5,0.019342123827843692,0.05358538632081501,0.03424326249297132
W02000255,2023,0.03614252049532886,1.2918998776751813e-4,0.019825312110338396,0.06309048527890135,0.04326517316856295
W02000256,2023,0.0367201557094642,1.1475562315286295e-4,0.018462807984698848,0.06114006755538841,0.04267725957068956
W02000257,2023,0.03661063442512998,1.1737029459467329e-4,0.01956362886756284,0.05870662519721389,0.03914299632965105
W02000258,2023,0.036817353050508435,1.0926212570830513e-4,0.021621934882948075,0.06316027049212997,0.041538335609181895
W02000259,2023,0.03775778112323476,1.4051804017337462e-4,0.01760917810862111,0.06261725680822229,0.04500807869960118
W02000260,2023,0.03982508281897443,1.9204005652904808e-4,0.02196655582409007,0.06538775754391948,0.04342120171982941
W02000261,2023,0.0336561428200887,9.415547443449565e-5,0.01843487863592501,0.05439486290230913,0.035959984266384123
W02000262,2023,0.03382058612342913,1.3878292613579634e-4,0.015051879864755946,0.058127766471027756,0.04307588660627181
W02000263,2023,0.03766818781116158,9.922287414152252e-5,0.020935119317757392,0.06126236503753209,0.040327245719774696
W02000264,2023,0.03885222771898899,1.3313047886658063e-4,0.01981826646499559,0.06222937028219015,0.04241110381719456
W02000265,2023,0.03470769222199392,1.1884788733261187e-4,0.015042330575812635,0.060507025114870064,0.04546469453905743
W02000266,2023,0.037894344371350114,1.2507589218057976e-4,0.02076245710660099,0.06352700920793145,0.042764552101330455
W02000267,2023,0.03586685056301336,1.1673057252438135e-4,0.018288637504561042,0.055378523742674005,0.03708988623811296
W02000268,2023,0.0385330157362031,1.119441788380403e-4,0.02080119580631698,0.062492616618661456,0.041691420812344476
W02000269,2023,0.03527414667712824,1.0198685625654284e-4,0.017568564470104582,0.05712462643306228,0.039556061962957696
W02000270,2023,0.037304133300532366,1.182166474662972e-4,0.01745560458138882,0.06246225607712269,0.04500665149573387
W02000271,2023,0.03833499163766945,1.495193320022067e-4,0.019195302974011088,0.06678486637489675,0.04758956340088566
W02000272,2023,0.03954872672858068,1.054133888121757e-4,0.022364477910555243,0.06213656001417727,0.03977208210362203
W02000273,2023,0.05061148217468904,2.484228926896506e-4,0.024726955283894715,0.08329014321463447,0.05856318793073976
W02000274,2023,0.03979364671180153,1.1642434631531503e-4,0.022912398712466274,0.0639524163452718,0.04104001763280552
W02000275,2023,0.03738984350812838,1.1350687926207121e-4,0.019686733129587373,0.05866114785256677,0.0389744147229794
W02000276,2023,0.042621524215671676,1.9463793019462166e-4,0.023815001909256773,0.07324177542382757,0.049426773514570796
W02000277,2023,0.038572075830818,1.1468074788801604e-4,0.02265141775840937,0.06291476465047101,0.04026334689206164
W02000278,2023,0.04583933588248078,2.1889255620146901e-4,0.025158020430137942,0.08091606791213529,0.05575804748199735
W02000279,2023,0.03924136636662227,1.1310623043706006e-4,0.022328243049605994,0.06665192391915209,0.04432368086954609
W02000280,2023,0.03824057254452112,1.133809506704741e-4,0.01936548714485988,0.062464016356367356,0.043098529211507475
W02000281,2023,0.039736001124575634,1.0734628461031387e-4,0.023416385321125416,0.06432063730373377,0.04090425198260836
W02000282,2023,0.043505905233784545,1.3545349428874685e-4,0.02533810640347991,0.07009197513869478,0.04475386873521487
W02000284,2023,0.04203744833035619,1.2907683555392796e-4,0.025149693151231868,0.06895857030946244,0.04380887715823057
W02000285,2023,0.03697646929887105,1.1356572132059444e-4,0.01922502297012796,0.060281904022002286,0.04105688105187433
W02000286,2023,0.036938834364773944,1.5103391757577856e-4,0.015525266173168167,0.06593388387520238,0.05040861770203421
W02000287,2023,0.04258417016029602,1.728733844824516e-4,0.024642300405943077,0.0721516544311227,0.047509354025179626
W02000288,2023,0.03943924574304712,1.1390220045603638e-4,0.021309659669491332,0.061113621452789896,0.039803961783298564
W02000289,2023,0.04189460635017042,1.1319579361520903e-4,0.024423676569417435,0.06767939826430255,0.04325572169488512
W02000290,2023,0.04069869040376985,1.4432268072890887e-4,0.021116905258588017,0.06452550109375393,0.04340859583516592
W02000291,2023,0.03765742403492869,1.0361188216757543e-4,0.02181733655325549,0.061295156403119826,0.039477819849864336
W02000292,2023,0.03684394882660397,1.252025769697115e-4,0.019435485317189468,0.06131254879049479,0.04187706347330532
W02000293,2023,0.03740598378940546,1.4628098963788435e-4,0.019198713808360558,0.06339505136149783,0.04419633755313727
W02000294,2023,0.03383715516778823,7.085712206880795e-5,0.021026935780898977,0.05327588466629144,0.03224894888539247
W02000295,2023,0.0326984188768856,8.936780843890812e-5,0.01796296946852788,0.05540297464356285,0.03744000517503497
W02000296,2023,0.03594471765854898,1.0061482644129938e-4,0.01920444199404789,0.05796412651482305,0.03875968452077516
W02000297,2023,0.03733491571581718,1.0549084269166215e-4,0.02121615371602691,0.06070848976073738,0.039492336044710474
W02000298,2023,0.03332939313964459,7.50332233869032e-5,0.018952217477347117,0.05375661514546125,0.034804397668114134
W02000299,2023,0.03599512497742672,1.5617771590564262e-4,0.016849578737524386,0.06206844562707101,0.04521886688954663
W02000300,2023,0.03482129064711855,1.0127104714932397e-4,0.01773446615000842,0.05796543240216899,0.04023096625216057
W02000301,2023,0.03921556305757777,1.2889116930979737e-4,0.02170279112031797,0.0649135024701317,0.043210711349813725
W02000302,2023,0.038901633188626404,1.259878152644931e-4,0.02181415121881928,0.06465757742524786,0.04284342620642858
W02000303,2023,0.03350184668129895,7.748151341060908e-5,0.01903722198255951,0.05088675369931461,0.0318495317167551
W02000304,2023,0.033966230056917616,7.964148583325684e-5,0.017832604414162893,0.05172091209340168,0.03388830767923879
W02000305,2023,0.03308624772739434,1.3755270983006277e-4,0.013237071640658534,0.060249744556351584,0.04701267291569305
W02000306,2023,0.03408763550359093,1.0237323060881372e-4,0.017654812032276,0.05567397092648983,0.03801915889421383
W02000307,2023,0.040891588415706746,1.395478071312921e-4,0.02161678827450656,0.07209027175599092,0.05047348348148436
W02000308,2023,0.03662675386901997,9.771062668563516e-5,0.02013217091498689,0.057614240325717804,0.037482069410730914
W02000309,2023,0.035353251906062276,1.0024446688701123e-4,0.019694765442868946,0.057169186748850666,0.03747442130598172
W02000310,2023,0.03460169591151237,7.766757489046599e-5,0.019276155165658365,0.0536872696695507,0.03441111450389234
W02000311,2023,0.0387449517455076,1.1270678481720102e-4,0.019891923851910208,0.061785372211694854,0.041893448359784646
W02000312,2023,0.036449458375276286,1.1949826126828374e-4,0.019439743593598534,0.06153690533960385,0.042097161746005314
W02000313,2023,0.038662581338319235,1.2722836243138117e-4,0.02127657152058235,0.06532917799552736,0.04405260647494501
W02000314,2023,0.034146333959293305,1.1660089392204164e-4,0.01808878818154218,0.05939702948536629,0.041308241303824114
W02000315,2023,0.035244623204797675,1.3054931092505045e-4,0.019338374386808715,0.05947590655673607,0.040137532169927354
W02000316,2023,0.035543659719407573,1.1269507733123211e-4,0.02024335885181821,0.061035468366301984,0.040792109514483775
W02000317,2023,0.03386486656710562,1.1595440867246495e-4,0.018522277930967224,0.05886858724236362,0.0403463093113964
W02000318,2023,0.03578557391674297,1.1086183749803508e-4,0.019649026822094573,0.05625573685538376,0.036606710033289185
W02000319,2023,0.03511896357712778,9.708143135735575e-5,0.018574749369896747,0.05553205935842158,0.03695730998852483
W02000320,2023,0.035106100600833544,7.805077643002112e-5,0.019807377292694647,0.05370086644305176,0.033893489150357115
W02000321,2023,0.031515868423372465,8.878179364974152e-5,0.015281877268810863,0.05121117129363974,0.035929294024828876
W02000322,2023,0.03301039629724137,9.939095991397405e-5,0.017701044955152654,0.057253208995606694,0.039552164040454044
W02000323,2023,0.03481777459120348,1.026410101069938e-4,0.01955794195289723,0.05543983397317191,0.03588189202027468
W02000324,2023,0.031489146603799034,6.393282424962574e-5,0.01712505204662065,0.04677397401054138,0.029648921963920733
W02000325,2023,0.034271161271811325,9.834129620941905e-5,0.016489380869494606,0.05422570852236283,0.037736327652868225
W02000326,2023,0.03171889740260107,7.493595356542531e-5,0.01767267492286835,0.05237205269937853,0.03469937777651018
W02000327,2023,0.02944705586628215,7.448567920330501e-5,0.013550946973228443,0.04933926663315136,0.035788319659922914
W02000328,2023,0.03032398773682209,8.678649351379827e-5,0.01505707265688913,0.05225763957779571,0.03720056692090658
W02000329,2023,0.031140570952055302,9.479421441966947e-5,0.015532443576840232,0.05410907929925299,0.03857663572241275
W02000330,2023,0.03050161080312435,8.540179584452589e-5,0.015969637857371585,0.0527052900041757,0.03673565214680412
W02000331,2023,0.037315563476607125,1.281030581612126e-4,0.018359192043012316,0.0657722116604198,0.04741301961740749
W02000332,2023,0.03114624267924658,9.053515683991848e-5,0.01586962962883488,0.05121845311491016,0.03534882348607528
W02000333,2023,0.03403335893453503,1.34864126821886e-4,0.015834346003748622,0.0565891999884761,0.040754853984727474
W02000334,2023,0.03138818731795071,8.366463320554527e-5,0.01631129514136076,0.05285774642707654,0.03654645128571578
W02000335,2023,0.029953861224016196,7.81622915877487e-5,0.014734818697363105,0.04844830706690328,0.033713488369540176
W02000336,2023,0.031656941698987424,8.001357385762241e-5,0.01735793108429832,0.05359038567715178,0.036232454592853465
W02000337,2023,0.03919704137326203,2.236874764869001e-4,0.016539090103679415,0.07846491528732655,0.06192582518364713
W02000338,2023,0.03278545143306946,7.994497718034377e-5,0.019077505925279726,0.05346016737928294,0.03438266145400322
W02000339,2023,0.027717577502719026,1.2687461250677787e-4,0.011275866780030251,0.05247202251889557,0.04119615573886532
W02000340,2023,0.02878253811407789,6.58714662201322e-5,0.016107354610168864,0.04620901852914963,0.030101663918980767
W02000341,2023,0.028171102311583814,5.500485877449036e-5,0.015237035172826745,0.04485476117648788,0.029617726003661134
W02000342,2023,0.03133364726893732,9.935179624067371e-5,0.015176513003167793,0.05408141575114019,0.0389049027479724
W02000343,2023,0.031292845759989245,1.1550281235834814e-4,0.014855627397352042,0.054161166253853144,0.0393055388565011
W02000344,2023,0.03147476095956598,9.713877890574789e-5,0.016624206454635117,0.05413618309665559,0.037511976642020474
W02000345,2023,0.03212964894372067,1.3892411102161352e-4,0.014953328513108072,0.058865838726755444,0.04391251021364737
W02000346,2023,0.033501266556389686,1.3471237653779158e-4,0.017782249302345794,0.061353169034645105,0.04357091973229931
W02000347,2023,0.032381934925364626,1.0776389519598978e-4,0.01706266381637296,0.0605672083838672,0.04350454456749424
W02000348,2023,0.028644299308414334,1.1928107353578778e-4,0.011335859410467816,0.055443852173161154,0.04410799276269334
W02000349,2023,0.03053936274210077,8.589087988089768e-5,0.014448099821048176,0.049772657494687164,0.035324557673638984
W02000350,2023,0.032008147403013595,9.781611120264204e-5,0.01650362831336892,0.05554801524480376,0.03904438693143484
W02000351,2023,0.025614817327674684,1.3117783628124419e-4,0.008519947056345008,0.05123368837631005,0.04271374131996504
W02000352,2023,0.0316735715408659,1.5658682019250748e-4,0.012647889854023368,0.062040688259567336,0.04939279840554397
W02000353,2023,0.02693061959072939,1.202860541965649e-4,0.009183260648428476,0.05212850474170355,0.042945244093275076
W02000354,2023,0.024853534043030198,9.384514475567398e-5,0.01039722353827283,0.04611969032018566,0.035722466781912834
W02000355,2023,0.031701990475155754,8.708818262398389e-5,0.014055664614312607,0.05086784729905694,0.03681218268474433
W02000356,2023,0.031360610675953235,1.3406117545119848e-4,0.010818732834621314,0.05495152964266403,0.04413279680804272
W02000357,2023,0.027869323831530724,1.3055382975244053e-4,0.00979584940589803,0.05583773147673801,0.04604188207083998
W02000358,2023,0.03170650890420533,1.062628943446395e-4,0.015998144364905258,0.05396896723267661,0.03797082286777135
W02000359,2023,0.03002787326234464,1.8584360080596722e-4,0.009363811029519536,0.0593399810076069,0.04997616997808736
W02000360,2023,0.03626725276017503,2.0381996006805527e-4,0.015439699235162856,0.07119691896020233,0.05575721972503948
W02000361,2023,0.027993291731003123,1.0407342537159657e-4,0.010234250429295166,0.05188507812550135,0.04165082769620618
W02000362,2023,0.03200086081521138,1.2904106647173563e-4,0.014646692071610035,0.05708283854262208,0.04243614647101205
W02000363,2023,0.030415480252011833,1.505016434738639e-4,0.011477628490963657,0.057414470932939145,0.04593684244197549
W02000364,2023,0.03894860644822913,2.678612900135468e-4,0.01424755347266559,0.08150495171351617,0.06725739824085059
W02000365,2023,0.03756441809939234,2.154361179791708e-4,0.015173032716931552,0.06813331957796148,0.05296028686102993
W02000366,2023,0.03465228608106057,1.0134251418710943e-4,0.01938904525194894,0.056551777171645994,0.03716273191969705
W02000367,2023,0.040593832808006595,1.8652057480276544e-4,0.021457803377578164,0.07065918481023026,0.0492013814326521
W02000368,2023,0.0509342138733139,4.105870911146026e-4,0.024525687588757963,0.0963941231663146,0.07186843557755664
W02000369,2023,0.04237125657044557,1.7343919645824223e-4,0.02234799473441705,0.07217653799957968,0.04982854326516263
W02000370,2023,0.04426432406863235,1.8909226510706504e-4,0.0243992950634409,0.07931692559902793,0.054917630535587035
W02000371,2023,0.04660357317085565,2.845871228932534e-4,0.023872313109619542,0.08762520806017121,0.06375289495055167
W02000372,2023,0.053026954647537934,2.5327330861839146e-4,0.029507653195309232,0.09437805162757279,0.06487039843226355
W02000373,2023,0.05028724813759946,3.0507056679516945e-4,0.024623828335455594,0.09029978321049353,0.06567595487503794
W02000374,2023,0.04790071191065537,2.4609451835779617e-4,0.026707564563060456,0.08592829311890796,0.0592207285558475
W02000375,2023,0.05788820193802921,4.2537290351210734e-4,0.030638217522288267,0.11179232287199031,0.08115410534970205
W02000376,2023,0.04690864761350115,1.8046658624330686e-4,0.025628417058332645,0.07810655072952596,0.05247813367119332
W02000377,2023,0.0442416246173802,2.165167058013945e-4,0.02042127179637524,0.07911567489469534,0.0586944030983201
W02000378,2023,0.04730350972527212,2.213000487263608e-4,0.0250006147002389,0.08436436609805056,0.059363751397811665
W02000379,2023,0.05692320364931257,5.729659222176571e-4,0.02498494677494168,0.11039087875353289,0.0854059319785912
W02000380,2023,0.041748462428290764,1.3919009448004992e-4,0.021619967039772616,0.06936570893252356,0.04774574189275094
W02000381,2023,0.05793515457504834,4.4907332622962483e-4,0.03017707228681933,0.11168190210913365,0.08150482982231431
W02000382,2023,0.05278866422182903,3.4344498700000846e-4,0.026294135274905588,0.09532322353874045,0.06902908826383486
W02000383,2023,0.047164038742965986,2.6152697872326394e-4,0.023489176509258643,0.08902522831501203,0.06553605180575339
W02000384,2023,0.04351769366331871,1.8559755311871133e-4,0.022794415273351635,0.07354508059664477,0.05075066532329314
W02000385,2023,0.04885888525524388,1.9334624705390297e-4,0.026489866677676027,0.07899194649556193,0.052502079817885905
W02000386,2023,0.04298921264191509,2.6012610379884073e-4,0.019778165477907193,0.08343040497035689,0.06365223949244969
W02000387,2023,0.04454782547264838,1.713753771159887e-4,0.023807012843905243,0.07370932924451656,0.049902316400611324
W02000388,2023,0.04638197763352781,2.2122846152303148e-4,0.024044176128331072,0.07816366347434629,0.054119487346015224
W02000389,2023,0.04823751863124874,1.6143556322894382e-4,0.024482500652930464,0.07353557698048357,0.04905307632755311
W02000390,2023,0.0459414700640131,2.099896702249238e-4,0.024048451061103638,0.08038765195103328,0.05633920088992965
W02000391,2023,0.06356961350892568,3.606551113095032e-4,0.03340731826507639,0.10533069142416288,0.07192337315908648
W02000392,2023,0.05079015525216116,2.2793671382614e-4,0.02839539150764866,0.0854531240770243,0.05705773256937563
W02000393,2023,0.05053945116317316,2.3579400131323487e-4,0.026325763467702077,0.08646556607475911,0.060139802607057036
W02000394,2023,0.06938269307373596,4.5300880209226573e-4,0.03593023235671407,0.12438275424019926,0.0884525218834852
W02000395,2023,0.05274248518517238,2.758701305566516e-4,0.028972789440255938,0.0878179493546597,0.058845159914403755
W02000396,2023,0.061078096794471175,3.8427474168299544e-4,0.03067112317946983,0.10828884378469111,0.07761772060522129
W02000397,2023,0.051213460134039934,2.3660920584051722e-4,0.028406636229520416,0.08758896968700428,0.05918233345748386
W02000398,2023,0.08342141076788413,6.285668399105965e-4,0.043482361411180205,0.13793126540309975,0.09444890399191955
W02000399,2023,0.07284578939164957,6.621628833124157e-4,0.03275182563681557,0.13530079415052898,0.10254896851371341
W02000400,2023,0.05545260047830949,2.4518176347388635e-4,0.029894524012885774,0.09066500630996986,0.06077048229708409
W02000401,2023,0.06404006254969294,5.573873796987834e-4,0.03127797347629182,0.12507379498786927,0.09379582151157745
W02000402,2023,0.06586808141565627,5.296165314477716e-4,0.0305044205640045,0.11302298733967912,0.08251856677567462
W02000403,2023,0.05310246920302285,2.691195670816282e-4,0.027718609610785906,0.08983280853065072,0.06211419891986481
W02000404,2023,0.059249369607768124,3.500890376665375e-4,0.031339844801593866,0.1028465430099231,0.07150669820832924
W02000405,2023,0.05576726275721617,4.111619724892973e-4,0.026476785788272294,0.09853674004755691,0.07205995425928462
W02000406,2023,0.06804830008766152,6.03082321880905e-4,0.03510783081189858,0.12300280139260311,0.08789497058070453
W02000407,2023,0.049390492457241225,4.2797052851028063e-4,0.022496295995413154,0.10869705331250973,0.08620075731709657
W02000408,2023,0.06298640989308076,5.027038443896531e-4,0.03166779059971641,0.11664659837796446,0.08497880777824804
W02000409,2023,0.05201902418319105,3.219466810796995e-4,0.027113099638611686,0.09953103012749914,0.07241793048888745
W02000410,2023,0.0773636469166234,7.294625063398287e-4,0.03836133471926634,0.13571962761970333,0.09735829290043699
W02000411,2023,0.05208700377306352,4.6670134189819463e-4,0.021827848018605565,0.1075908244869446,0.085762976468339025
W02000412,2023,0.06282471925572028,3.8207340776165753e-4,0.0338861381547652,0.10350353311017413,0.06961739495540893
W02000414,2023,0.03537081625079546,7.071556955047181e-5,0.02207489860584719,0.05520457314541999,0.0331296745395728
W02000415,2023,0.04253708823464439,1.3958820499723013e-4,0.024028439007400502,0.07015708929903894,0.046128650291638436
W02000416,2023,0.03265547937724866,5.3384704489643795e-5,0.019839704016598472,0.048023658532169625,0.028183954515571152
W02000417,2023,0.03263327024611088,9.4004119785619e-5,0.01597752166452459,0.055197850825284826,0.03922032916076024
W02000418,2023,0.038561314509788745,1.223385439055668e-4,0.021094692774324138,0.06317421498145383,0.04207952220712969
W02000419,2023,0.03129269220859026,1.0729720379580461e-4,0.014635945913134593,0.05305174064395664,0.038415794730822045
W02000421,2023,0.04227614474625096,1.3599165619142375e-4,0.02448492902105983,0.06919639675394365,0.04471146773288382
W02000422,2023,0.06732635827924895,4.981323178591877e-4,0.03537385223254523,0.12753972600602725,0.09216587377348202
W02000423,2023,0.06605245864419543,4.2689676665847766e-4,0.03583055388464801,0.1174023761530729,0.0815718222684249
W02000424,2023,0.03470574028304228,1.3386068723640962e-4,0.016964111703656533,0.06133560398664801,0.044371492282991476
W02000425,2023,0.04723958769746149,1.9408575434402595e-4,0.02735867217510058,0.08000535232825907,0.052646680153158494
W02000426,2023,0.03489191675556918,1.6275739248934831e-4,0.01703013818580716,0.06716317925727788,0.05013304107147072
W02000427,2023,0.031807069566058846,7.48033906685721e-5,0.017307890317963544,0.04780335101374952,0.03049546069578598
W02000428,2023,0.032948547187491226,1.0726139910486347e-4,0.016222008391874418,0.05679429115182455,0.04057228275995013
W02000001,2025,0.03838205249838183,1.3831276080296278e-4,0.018330265907238665,0.06238912150979327,0.044058855602554604
W02000002,2025,0.03151039533200379,7.599728812250427e-5,0.017537704713294282,0.05256940531925772,0.03503170060596343
W02000003,2025,0.06719292198997148,8.862738196938896e-4,0.025339352166378067,0.13727045482495095,0.1119311026585729
W02000004,2025,0.04862440225517614,2.5122490699325793e-4,0.02676247565301302,0.08432312949392186,0.05756065384090884
W02000005,2025,0.030446010520895156,1.0339590877628949e-4,0.012759353134691263,0.05256348948259496,0.039804136347903696
W02000006,2025,0.04239794967201832,1.6223332332577676e-4,0.02222896797645985,0.07266753645966484,0.05043856848320499
W02000007,2025,0.048369221769252256,2.4184373734772007e-4,0.02644726944064655,0.08092122496789456,0.05447395552724801
W02000008,2025,0.032857683161708194,1.3982122233353823e-4,0.014007772971946351,0.058817820281504826,0.044810047309558475
W02000009,2025,0.03695545202264353,1.1098176433025664e-4,0.020560665137085238,0.06487682742574571,0.04431616228866048
W02000010,2025,0.0556071027493073,5.867345861392786e-4,0.02019073871374711,0.1147376327571816,0.0945468940434345
W02000011,2025,0.04404705204153542,2.2112030275044618e-4,0.02188839778797225,0.08629314539523064,0.0644047476072584
W02000012,2025,0.04026533627952095,1.6167910322085173e-4,0.019825208004694405,0.06488505213679815,0.045059844132103746
W02000013,2025,0.04176294913575691,2.3515705139855915e-4,0.020008497444377965,0.07582373869623815,0.05581524125186019
W02000014,2025,0.041632941417548835,1.4152956921195418e-4,0.022904265160676788,0.07016675493599792,0.04726248977532113
W02000015,2025,0.03958033507335242,2.8130769759153874e-4,0.01605693497670332,0.08034940366136167,0.06429246868465835
W02000016,2025,0.03765076718326804,1.3622952147191583e-4,0.019566654386372558,0.0663841117045145,0.046817457318141936
W02000017,2025,0.03982354623685291,1.3076475782001438e-4,0.019017010290691604,0.06402122532581908,0.04500421503512748
W02000018,2025,0.039393002829557114,1.1229414335283072e-4,0.02221261478097034,0.06407202456784274,0.0418594097868724
W02000019,2025,0.03508781960346783,9.091327695407457e-5,0.01970710504541701,0.05502089177527835,0.03531378672986134
W02000020,2025,0.03877123968567337,1.6047492325360814e-4,0.01999468186394849,0.067739611500726,0.047744929636777504
W02000021,2025,0.0403188607601405,3.5447126815442973e-4,0.01376569875569356,0.08361485228893806,0.0698491535332445
W02000022,2025,0.03326463027773097,9.279525338862384e-5,0.016554665647623108,0.05338764073398371,0.0368329750863606
W02000023,2025,0.03611987892069752,3.0127239338994535e-4,0.012563991767583885,0.08072228091273365,0.06815828914514976
W02000024,2025,0.04267521420455844,1.0617564509682723e-4,0.026931892225053974,0.07033886867261896,0.043406976447564985
W02000025,2025,0.03806274793972399,1.2570829499502747e-4,0.020422792830831163,0.06271399379633368,0.04229120096550251
W02000026,2025,0.039847701036785345,1.247805359184349e-4,0.020508810675740813,0.0642708751271228,0.04376206445138199
W02000027,2025,0.029037930875592047,2.3197816192959927e-4,0.008584449914899903,0.0651729183247357,0.05658846840983581
W02000028,2025,0.02972194807967479,1.5908148678949412e-4,0.010521617123367449,0.05712339161272953,0.04660177448936208
W02000029,2025,0.027995983344794504,9.716402888925052e-5,0.013302680648345288,0.050447164469572287,0.037144483821226995
W02000030,2025,0.029944537626380753,1.1617413634878559e-4,0.012616497897448346,0.05502557122161733,0.04240907332416899
W02000031,2025,0.03426822554722036,1.3415954121375758e-4,0.015426278586642778,0.0604928879245102,0.04506660933786742
W02000032,2025,0.029215243198062672,1.2347999038057983e-4,0.01201940482902258,0.05387353008651467,0.04185412525749209
W02000033,2025,0.03705942303954287,1.582835294970818e-4,0.017078477412641513,0.0674057003436618,0.05032722293102029
W02000034,2025,0.03833401560616588,1.425706054519684e-4,0.01945829844160983,0.06382724076091503,0.0443689423193052
W02000035,2025,0.038195969601162685,1.6200836073167362e-4,0.018986835977669834,0.07154618400510392,0.05255934802743408
W02000036,2025,0.03434498482082492,1.0430385238210378e-4,0.018484770657067124,0.05667488096318109,0.03819011030611397
W02000037,2025,0.03525461379219934,1.449818220050704e-4,0.018197476048673313,0.06443860831901874,0.046241132270345424
W02000038,2025,0.033081684265665476,1.1024775107361109e-4,0.016694929058192705,0.05502414021575836,0.03832921115756566
W02000039,2025,0.03450173982413199,1.286001862627424e-4,0.016523197864385126,0.057869266946519685,0.04134606908213456
W02000040,2025,0.036484602742191306,1.0136340099773312e-4,0.02161424693845323,0.05692068543115884,0.035306438492705615
W02000041,2025,0.03782091396990551,1.0405940891539863e-4,0.022098040750980992,0.062209903073680226,0.040111862322699234
W02000042,2025,0.03905408840046402,1.8061997472632144e-4,0.019086743255317777,0.07181704396831529,0.05273030071299751
W02000043,2025,0.04689903705186866,2.1473170076053474e-4,0.02709275046448035,0.07958901767617907,0.05249626721169872
W02000044,2025,0.04249642734359346,1.6726787945870228e-4,0.020820585219244472,0.07434570225095852,0.053525117031714045
W02000045,2025,0.04082396963702171,2.151407536597945e-4,0.01908988316582567,0.07407026714269749,0.05498038397687181
W02000047,2025,0.042070639984978016,2.5232981508578037e-4,0.01836457335520604,0.07440038700359056,0.056035813648384517
W02000049,2025,0.04529619020572529,1.5578163921601236e-4,0.026447505491414107,0.07568009426727107,0.04923258877585696
W02000050,2025,0.03608411598667949,1.2573536752715913e-4,0.016867893570124762,0.06159859544231704,0.04473070187219228
W02000051,2025,0.03845708597531415,1.2009243467275524e-4,0.020280563701110192,0.06316896944223895,0.04288840574112875
W02000052,2025,0.04264513572128966,1.5860934634709322e-4,0.02168419452219758,0.06879698628451361,0.04711279176231603
W02000053,2025,0.041327312085569404,1.162973015428073e-4,0.024153034454043418,0.06552178814921089,0.04136875369516747
W02000054,2025,0.04172589649947242,1.2717445849376173e-4,0.02513301237212216,0.07141525234538135,0.046282239973259184
W02000055,2025,0.04971140568544175,2.630285953249691e-4,0.02697851657030935,0.09196582102048076,0.06498730445017141
W02000056,2025,0.04115677580923764,9.187041403380212e-5,0.025315852460162016,0.06565172852337975,0.04033587606321773
W02000057,2025,0.039066853800217245,9.569648537323726e-5,0.0222467171844005,0.06086183017212838,0.03861511298772788
W02000058,2025,0.04440656433957352,1.7476269497345996e-4,0.02634094514614655,0.07129877079520741,0.04495782564906086
W02000059,2025,0.04377457342532082,1.4980158375708209e-4,0.024617541289852683,0.07035503044213491,0.04573748915228223
W02000060,2025,0.04139073609758236,1.522877903474888e-4,0.02099307881138835,0.06944399772309598,0.04845091891170763
W02000061,2025,0.04730769197019755,2.139303287864201e-4,0.024146991226784778,0.08514239921337055,0.06099540798658577
W02000062,2025,0.040167598377793774,1.3436866749738836e-4,0.022123786287683293,0.0687799313932149,0.0466561451055316
W02000063,2025,0.03596086741769049,9.048856928496557e-5,0.019821095733812903,0.05893565113112116,0.03911455539730826
W02000064,2025,0.04483981202658703,2.8344830003714926e-4,0.019508218856421688,0.08036682796204611,0.06085860910562442
W02000065,2025,0.044821561288666684,2.1371482532054676e-4,0.02310709447793411,0.07984820429660044,0.056741109818666334
W02000066,2025,0.044530320642073025,2.0338592833127434e-4,0.023834941333834875,0.07745845700368445,0.053623515669849575
W02000067,2025,0.04011898923057165,1.3052146106229344e-4,0.02229334480464653,0.06451872547820757,0.04222538067356104
W02000068,2025,0.04661939554863177,2.247372995359328e-4,0.022682901005753035,0.07852628828032338,0.05584338727457034
W02000069,2025,0.038445870164303814,8.625851398795395e-5,0.022895684151532758,0.05858569069186501,0.035690006540332254
W02000070,2025,0.04332776078501246,1.4975469053608447e-4,0.025035820720999837,0.06766105690682675,0.04262523618582691
W02000071,2025,0.04009156713244046,1.164363902738782e-4,0.022390856384937333,0.06308585931590951,0.04069500293097218
W02000072,2025,0.04618802642215331,1.9153089237526735e-4,0.024231521988482108,0.07768565094181379,0.05345412895333168
W02000073,2025,0.0391980432702351,1.4232915195705858e-4,0.02143293198219743,0.061331963394415184,0.039899031412217754
W02000074,2025,0.04363154127337522,1.5861300451185275e-4,0.024440829931895853,0.07326043513911241,0.048819605207216565
W02000075,2025,0.0419718970271154,1.4963155679675248e-4,0.022693285404633775,0.06965504370159918,0.0469617582969654
W02000076,2025,0.039623376209383165,1.2059070463256636e-4,0.022484572137032352,0.06835428332494889,0.04586971118791654
W02000077,2025,0.04072944271645297,1.0385105893064395e-4,0.024787693543417474,0.06461871208706432,0.039831018543646846
W02000080,2025,0.043473720325951565,1.9820147051312874e-4,0.02027507248947808,0.07427801750159639,0.05400294501211831
W02000081,2025,0.04336279509368341,1.839470963574552e-4,0.02289858155827169,0.07744853281806605,0.05454995125979435
W02000082,2025,0.04590644650566652,2.451423453802136e-4,0.022310431550853573,0.08105224322379335,0.05874181167293978
W02000083,2025,0.043659553850921094,1.791178237412742e-4,0.02236153024870552,0.07271947360948713,0.050357943360781615
W02000085,2025,0.041462312776502155,1.9183777465116959e-4,0.01942568046344611,0.07160584722253818,0.052180166759092074
W02000087,2025,0.06140422387357319,6.295075994230698e-4,0.027279723677399188,0.12145289638217845,0.09417317270477926
W02000088,2025,0.04502794719891128,1.9877430709037448e-4,0.02264922360729671,0.07615236810739746,0.053503144500100755
W02000089,2025,0.054860993827011144,7.009168097820514e-4,0.020350108052277383,0.12638078110143647,0.10603067304915909
W02000090,2025,0.041110039871963926,1.165708688539156e-4,0.024303247432247946,0.06339959186276056,0.03909634443051262
W02000091,2025,0.043277418649330046,1.7998841679773702e-4,0.02219989309252493,0.07289601711220378,0.05069612401967885
W02000092,2025,0.04220195716844995,1.614334379998743e-4,0.02194965383621512,0.0696734453140953,0.04772379147788018
W02000093,2025,0.04333003971291715,1.4105087824310794e-4,0.025717406808318383,0.07070577471843395,0.04498836791011557
W02000094,2025,0.043614533221459736,1.6709961104514242e-4,0.021926209193001967,0.07063492396066227,0.04870871476766031
W02000095,2025,0.039685649403155464,1.5439345492177317e-4,0.020905511465446572,0.06530785097417183,0.044402339508725255
W02000096,2025,0.04455084916627771,1.63954608395482e-4,0.025626399058672214,0.07487163266906606,0.049245233610393846
W02000097,2025,0.04712572661837465,1.4626114836811826e-4,0.03033049826485098,0.0773869150836877,0.04705641681883672
W02000098,2025,0.03979682808684388,1.3604571613686018e-4,0.02031387026714497,0.06996747747732693,0.04965360721018196
W02000099,2025,0.0400298833371354,1.899447215521336e-4,0.017678038957970727,0.07043642247542067,0.05275838351744995
W02000100,2025,0.04806855300440437,1.3323276568120174e-4,0.030405154786648386,0.07657796356453588,0.046172808777887486
W02000101,2025,0.0409284893602818,1.4539926157351165e-4,0.022555835351267088,0.06723779826929369,0.0446819629180266
W02000102,2025,0.046784272675335095,1.5317125032873524e-4,0.027956957000722198,0.0778189197850574,0.0498619627843352
W02000103,2025,0.048115423934368205,1.6949939797458413e-4,0.027407880958983825,0.07794480044690241,0.05053691948791859
W02000104,2025,0.0525237704772034,2.1039033694380098e-4,0.029835127999388728,0.08889509960138395,0.05905997160199522
W02000105,2025,0.05645675645776575,3.127865852301708e-4,0.027845712836158068,0.09732728026095616,0.0694815674247981
W02000106,2025,0.045954220707502755,1.1420552083470763e-4,0.029127618919535744,0.0710536795652919,0.04192606064575616
W02000107,2025,0.05038342236275579,1.865977922514296e-4,0.03079745963691869,0.08259256633226714,0.051795106695348446
W02000108,2025,0.04950201905170629,1.5145038981400033e-4,0.029885282435138414,0.07715024908960008,0.04726496665446167
W02000109,2025,0.0639227716228576,3.6108841293329365e-4,0.03531067788435625,0.10956343331280774,0.0742527554284515
W02000110,2025,0.044377404790232944,1.232022096562176e-4,0.025025647853332902,0.06902960299137526,0.04400395513804235
W02000111,2025,0.0409578099347033,1.0530301915681629e-4,0.0248493834390427,0.06387476889000712,0.03902538545096442
W02000113,2025,0.05298915718927012,3.5249613493793105e-4,0.028693350389620474,0.09845353286554664,0.06976018247592616
W02000114,2025,0.03751094693676235,8.088847925981062e-5,0.021699471719946694,0.056772840512185965,0.03507336879223927
W02000116,2025,0.04700846696554781,1.808284598515263e-4,0.02511577779230174,0.07842819690707004,0.05331241911476829
W02000117,2025,0.07860462100397118,7.202315349268641e-4,0.0348896752189111,0.1418249447844392,0.1069352695655281
W02000118,2025,0.06662054285493037,5.119651600562739e-4,0.034083291065685486,0.11807181221362872,0.08398852114794324
W02000120,2025,0.0452012481849146,1.808803007083008e-4,0.025887437740094783,0.07525836316411885,0.04937092542402407
W02000122,2025,0.04586737671868557,1.4381902654525119e-4,0.027904657537253352,0.07439138494666599,0.046486727409412634
W02000123,2025,0.05100833204654477,1.8745549207103504e-4,0.031309336467695834,0.0851028267863965,0.05379349031870066
W02000124,2025,0.04200603476824963,1.473457292434633e-4,0.01957577615293064,0.06744471147722945,0.04786893532429881
W02000125,2025,0.04405918669290007,1.2561270363953278e-4,0.02618944093805483,0.06778449378629617,0.04159505284824134
W02000126,2025,0.04458805763945117,1.5172535312149988e-4,0.023750658109661434,0.07376892361186485,0.05001826550220342
W02000127,2025,0.04414944906319234,2.101883076328912e-4,0.0223761740499553,0.07795296839968599,0.05557679434973069
W02000128,2025,0.04768386465106151,1.8905195173699672e-4,0.02482492607334593,0.08147412577305699,0.05664919969971106
W02000129,2025,0.051324525451386785,2.3160364541199478e-4,0.028948882726924006,0.09218650005979101,0.06323761733286701
W02000130,2025,0.060652122903195514,4.054240053283102e-4,0.03325157748466473,0.11367674892467562,0.08042517144001089
W02000131,2025,0.054728182947922636,3.1816740188931686e-4,0.029547972395486635,0.09483460908725115,0.06528663669176452
W02000132,2025,0.04330382094391576,1.9228501969681543e-4,0.022720529851774605,0.07486044003309458,0.05213991018131998
W02000133,2025,0.0562534799203012,3.0318442281347923e-4,0.031607939477217975,0.0951740386652489,0.06356609918803093
W02000134,2025,0.0526741226765184,3.1685198845057415e-4,0.028198018028440977,0.09655353456595155,0.06835551653751057
W02000135,2025,0.05825124226229765,4.156788060585212e-4,0.030774687148296308,0.11039109396528232,0.07961640681698601
W02000136,2025,0.041220138357109234,1.5207451626783022e-4,0.022876039713003643,0.06876780037487645,0.04589176066187281
W02000137,2025,0.061100126048652253,4.520207676639871e-4,0.028480558105535313,0.10400170371332204,0.07552114560778672
W02000138,2025,0.03929554230853844,2.782620473910665e-4,0.01619024015884121,0.08203987199836249,0.06584963183952128
W02000139,2025,0.03727759665457992,1.885138784057305e-4,0.016403473651890495,0.06754660004545995,0.05114312639356946
W02000140,2025,0.03618630400270159,2.587962421988882e-4,0.012409286733681968,0.0725252792050902,0.06011599247140824
W02000141,2025,0.03629141203315391,1.8293858335604262e-4,0.014893858766952366,0.06653579849763813,0.05164193973068577
W02000142,2025,0.04594258314923755,1.3206289331152153e-4,0.02570698730955072,0.0721580261146487,0.046451038805097974
W02000143,2025,0.042925906479143405,1.0825311195149688e-4,0.027242592684756137,0.06505878078821985,0.03781618810346371
W02000144,2025,0.04102020097988684,1.3999237813441275e-4,0.023593693598407933,0.06754391414378219,0.04395022054537426
W02000145,2025,0.04001786747146861,9.361218171374562e-5,0.02277744449171507,0.05917019306307397,0.03639274857135891
W02000146,2025,0.04080561486246028,1.013796036701332e-4,0.02363636997072655,0.06329029130240248,0.03965392133167593
W02000147,2025,0.049727402034309434,1.5774280999492866e-4,0.030678547131241154,0.07757079677227494,0.04689224964103378
W02000148,2025,0.05090673382947575,2.9352304402188115e-4,0.02227056617628798,0.09079012029924996,0.06851955412296198
W02000149,2025,0.0448769485077255,1.8148945403878312e-4,0.024409615378090874,0.07662501542389138,0.05221540004580051
W02000151,2025,0.0396718256952906,9.5666034924238e-5,0.022271706408368192,0.06077482848847297,0.038503122080104785
W02000152,2025,0.04101161276065485,1.319709086874446e-4,0.022385707276020038,0.0714855932636589,0.04909988598763886
W02000153,2025,0.04112096455424137,1.1856694814003295e-4,0.023619868121440034,0.06568122111986552,0.042061352998425484
W02000154,2025,0.04239628548997219,1.2154292018285253e-4,0.021430146422267093,0.06394233794998021,0.042512191527713114
W02000156,2025,0.040112001772392124,1.2258257315142483e-4,0.019728165482057858,0.06564920657852324,0.04592104109646539
W02000157,2025,0.040238384261744996,1.1279765127095845e-4,0.01997207852561518,0.06442160457518945,0.044449526049574264
W02000158,2025,0.04243494116598042,1.23803934145979e-4,0.02308767494993435,0.0643937207519712,0.041306045802036846
W02000159,2025,0.04735854779110343,2.3963010126257705e-4,0.024002872098561237,0.08067162192420983,0.056668749825648596
W02000160,2025,0.04128388768482181,1.6703481976230224e-4,0.02121564907668238,0.07216083357905348,0.0509451845023711
W02000161,2025,0.04324869696015464,1.821006671779909e-4,0.021072485208781508,0.0733550015577525,0.05228251634897099
W02000162,2025,0.04192410563681387,2.2446389579802568e-4,0.01854800351887007,0.07819175456401703,0.059643751045146964
W02000163,2025,0.04664395611228872,2.213332043457191e-4,0.02185989425044413,0.07686354913657303,0.055003654886128905
W02000164,2025,0.04141680345550887,1.715087672269643e-4,0.02109795201912071,0.06811898865202898,0.04702103663290827
W02000165,2025,0.04696812672800487,2.631218542640696e-4,0.023514154237920443,0.08687035704568918,0.06335620280776874
W02000166,2025,0.04699364552871225,2.4316576780171242e-4,0.02399432364672272,0.08356397259660761,0.059569648949884896
W02000167,2025,0.04909883867863057,3.473165235293404e-4,0.024455909478302784,0.08929845399428833,0.06484254451598555
W02000168,2025,0.045352045429837236,1.68449295617167e-4,0.0248938293156726,0.07916797370796001,0.054274144392287414
W02000169,2025,0.04274024769266926,1.319106901808216e-4,0.025102424045699904,0.0700428913601917,0.044940467314491805
W02000170,2025,0.03853249448907346,1.400038460057132e-4,0.01950421703108403,0.06406854714925017,0.04456433011816614
W02000171,2025,0.03840242487314832,1.202681273715353e-4,0.020569719825696022,0.06283339218607811,0.04226367236038209
W02000172,2025,0.03966336152888355,2.0829979546294595e-4,0.014511309767030672,0.06932886350928613,0.054817553742255457
W02000173,2025,0.04132233308281121,1.5295726939212317e-4,0.020983565726814715,0.07003566046371223,0.04905209473689752
W02000174,2025,0.036341895239740574,1.368322684148496e-4,0.017918521275721563,0.060320965860545986,0.04240244458482442
W02000175,2025,0.038025526771160376,1.9199068095064663e-4,0.017290250831446592,0.07035792547320063,0.05306767464175404
W02000176,2025,0.03684456774879216,1.1347528896403551e-4,0.020775158933428066,0.05934370585114096,0.038568546917712894
W02000177,2025,0.03909860176128486,1.8246154411969667e-4,0.01948906024533656,0.07053141775507142,0.05104235750973486
W02000178,2025,0.04126162143364921,1.7854504365950535e-4,0.01989380735001929,0.0691268405686919,0.0492330332186726
W02000179,2025,0.03627340506320868,1.0880830279727317e-4,0.01933662660977518,0.05905754413060024,0.03972091752082506
W02000180,2025,0.039547663085122156,1.395340351191521e-4,0.01980037424048741,0.06780004711430244,0.047999672873815034
W02000181,2025,0.038159951434129036,1.539686038600966e-4,0.017999701512642626,0.06321476436069307,0.045215062848050436
W02000182,2025,0.04052793429627829,1.5573059906157682e-4,0.017987711551216277,0.06747819387557971,0.049490482324363434
W02000183,2025,0.04227438905272732,1.7614947201532462e-4,0.021175073239251316,0.06949879185157849,0.04832371861232718
W02000184,2025,0.0392432701110407,1.2899237776893617e-4,0.01973004171344267,0.06271282599918,0.04298278428573733
W02000185,2025,0.037616096943146965,1.7075676389268635e-4,0.01734255093496638,0.06912832281456732,0.05178577187960094
W02000186,2025,0.04046288436742354,2.2640818194848052e-4,0.017359333158349144,0.07842476383950062,0.06106543068115147
W02000188,2025,0.0458339876583894,2.775704875958928e-4,0.019108360010950995,0.07923937224818345,0.060131012237232453
W02000189,2025,0.04111853240650957,2.196384856961301e-4,0.02052247864401694,0.07295552642597256,0.052433047781955615
W02000191,2025,0.05286886199567118,3.2976684963081373e-4,0.026431746516456727,0.09226629624373084,0.06583454972727411
W02000192,2025,0.045933578384064457,3.348387675916409e-4,0.020529429303044876,0.09109427940440988,0.07056485010136501
W02000193,2025,0.05430933264937654,4.2577983776021584e-4,0.024814475536070177,0.10289849513644696,0.07808401960037678
W02000194,2025,0.043886309926173185,2.5522108114433813e-4,0.020254985516177326,0.07678139062097558,0.056526405104798255
W02000195,2025,0.03797661174645925,1.9675334498247578e-4,0.016307127452559012,0.07230894547016173,0.05600181801760272
W02000196,2025,0.0483257305004897,4.0085187613746e-4,0.021409744706832073,0.09643754875480354,0.07502780404797146
W02000197,2025,0.03622601081380755,1.451493909836448e-4,0.018009860655875266,0.0647366892587856,0.04672682860291034
W02000198,2025,0.046300190384119574,4.440525126831805e-4,0.02096681128486895,0.10670922551921834,0.08574241423434939
W02000200,2025,0.04078188288164514,1.005140553489975e-4,0.02265099786292575,0.06134151016645775,0.038690512303532
W02000201,2025,0.03920960369362606,9.939706214793115e-5,0.018603022814208788,0.05978026064106293,0.04117723782685414
W02000202,2025,0.04113911325368793,1.05241906475285e-4,0.022541534069768006,0.06398444215500014,0.041442908085232134
W02000204,2025,0.036426946285495185,1.1235821885817426e-4,0.018311952828465077,0.06055056205475933,0.04223860922629426
W02000205,2025,0.035225728866053095,1.1188514255074538e-4,0.01709487397203269,0.05783668175004457,0.04074180777801188
W02000206,2025,0.032660189538201406,1.3020342924736033e-4,0.014272432560928151,0.05763731757671883,0.04336488501579068
W02000207,2025,0.03174896051472724,9.409080506694607e-5,0.013611706266548701,0.04916814220870737,0.03555643594215867
W02000208,2025,0.04680031035086801,2.2193651609754417e-4,0.021074456322684527,0.07755902319786638,0.05648456687518186
W02000210,2025,0.03387901075503555,1.3108363154365504e-4,0.014272065073583352,0.060126530793773586,0.04585446572019024
W02000211,2025,0.035720933877162075,1.3065925220845278e-4,0.016387447010779457,0.061355579383733504,0.04496813237295405
W02000212,2025,0.03620568790760731,9.541773903863744e-5,0.01858182773554925,0.057389793396127604,0.038807965660578356
W02000213,2025,0.03282997786747188,1.0610869687189078e-4,0.014615529624135471,0.05577451450048679,0.04115898487635132
W02000214,2025,0.03116381525929747,1.335176867521813e-4,0.012275463511802994,0.05757154989389063,0.04529608638208763
W02000215,2025,0.03319964305311257,1.6668717730220867e-4,0.013245039673315894,0.061249429128439295,0.0480043894551234
W02000216,2025,0.03326464497177435,1.0476804896270132e-4,0.015402997520712915,0.057408338313046134,0.042005340792333215
W02000217,2025,0.03681667119194998,1.191235073680284e-4,0.017611425197164937,0.05931811612971172,0.04170669093254678
W02000218,2025,0.03967335348736581,1.1962659222218252e-4,0.019611422805478874,0.06201108836248393,0.042399665557005056
W02000219,2025,0.03826805563022038,1.6378519889198896e-4,0.017937099152257076,0.06750295994468504,0.04956586079242796
W02000220,2025,0.03992369835040814,1.1075836585308832e-4,0.020155097459568956,0.06448687484466681,0.04433177738509785
W02000221,2025,0.0386891996948046,1.1084314346126362e-4,0.020013838370905503,0.06335247833023908,0.04333863995933357
W02000222,2025,0.037254510238244484,1.1579457026625565e-4,0.018679053324160137,0.06253368654914374,0.0438546332249836
W02000223,2025,0.03612790853181923,8.421397791301173e-5,0.02064399235530144,0.0554327099412404,0.03478871758593896
W02000224,2025,0.03867543356432888,1.4723782260451525e-4,0.019902866396266504,0.06363210203101832,0.04372923563475182
W02000225,2025,0.04256730033216505,1.6496482444834583e-4,0.02215460393079889,0.07128067850430389,0.049126074573505
W02000226,2025,0.03769871280853216,1.0195029896318877e-4,0.020488012304786155,0.059332849323014844,0.03884483701822869
W02000227,2025,0.043712437799471274,1.6159450600313716e-4,0.02330149985068945,0.07517868396616692,0.05187718411547747
W02000228,2025,0.046900498789651496,1.8414122592104887e-4,0.025167915738115602,0.07763479500614157,0.052466879268025964
W02000229,2025,0.04351678604088952,1.8793114514016019e-4,0.022552339631480314,0.07113351406649399,0.04858117443501367
W02000230,2025,0.041070783471072514,1.295121809950136e-4,0.022993806262459837,0.0668487428021366,0.04385493653967676
W02000231,2025,0.0463383129546948,1.8087522309714988e-4,0.023937340311776596,0.07931079988691361,0.05537345957513702
W02000232,2025,0.03947789576839908,1.1871350994133487e-4,0.020966441663964934,0.062459268905460816,0.04149282724149588
W02000233,2025,0.04053297356715645,1.474520744484966e-4,0.019972387796827026,0.06303851821823048,0.04306613042140345
W02000234,2025,0.04146750765110344,1.5995387077438798e-4,0.020976912425531624,0.06762382884292095,0.04664691641738933
W02000235,2025,0.03266855937133592,1.343235156832462e-4,0.013497279316365567,0.061092645064848856,0.04759536574848329
W02000236,2025,0.033447042380054394,1.3232004819794136e-4,0.015528053137235237,0.06017740378059879,0.044649350643363554
W02000237,2025,0.042194216005118766,1.2172624122198352e-4,0.023260105825994706,0.0640823817800044,0.040822275954009696
W02000238,2025,0.04127964869779112,1.3158280607143675e-4,0.02334967783302595,0.07058435767759415,0.047234679844568195
W02000239,2025,0.04606092479944402,1.2994268015909666e-4,0.026940151968583334,0.07184105978923208,0.04490090782064875
W02000240,2025,0.056104258794868224,2.985232286277525e-4,0.029762091695707277,0.10218150934403833,0.07241941764833106
W02000241,2025,0.04888255458977853,2.786780489862232e-4,0.02277830689331365,0.08898607603260789,0.06620776913929424
W02000242,2025,0.04962259767032276,2.100862717895206e-4,0.028131481129737075,0.085547183214261,0.05741570208452392
W02000243,2025,0.057026372851299266,2.980486886278673e-4,0.030869662530249357,0.09718969668286928,0.06632003415261992
W02000244,2025,0.04880592153440127,2.0641354705924878e-4,0.026340782380622176,0.08305236452977974,0.05671158214915756
W02000245,2025,0.05516477507717368,2.515986742131459e-4,0.030252149169620504,0.08628431731870195,0.05603216814908145
W02000246,2025,0.04732492858146866,2.5271567437596033e-4,0.02201343995551147,0.08718974927929718,0.06517630932378571
W02000247,2025,0.0442454762759069,1.9564039131339696e-4,0.022607159302484546,0.07921844619159774,0.05661128688911319
W02000248,2025,0.057967886771966765,3.2432866270581696e-4,0.032080608578406736,0.09708970332344019,0.06500909474503345
W02000249,2025,0.0650257041853139,5.256160792225431e-4,0.03578254157723547,0.11972612376776995,0.08394358219053448
W02000250,2025,0.04489893856033463,1.7613186574618234e-4,0.02289640812367031,0.07329957453406405,0.05040316641039374
W02000251,2025,0.057041091010817835,2.171500007309029e-4,0.03522031402187678,0.09128413589710214,0.056063821875225364
W02000252,2025,0.0418536996019255,8.456559878043875e-5,0.024868025325896933,0.06214156990516728,0.037273544579270346
W02000253,2025,0.041923775870282176,1.634616153967807e-4,0.02298383161742682,0.06791289949614393,0.04492906787871711
W02000254,2025,0.041990212232911314,9.9446797689796e-5,0.021927977886558522,0.06301248011206789,0.04108450222550937
W02000255,2025,0.04231624146113646,1.4965711462647436e-4,0.022819636660355417,0.06874411862447624,0.04592448196412083
W02000256,2025,0.043057100070229073,1.4107765993977018e-4,0.020803347766024098,0.06985933364904767,0.049055985883023574
W02000257,2025,0.042823867597502605,1.3738683997637337e-4,0.022535929736973655,0.06765463115034416,0.0451187014133705
W02000258,2025,0.04324972668420597,1.3613428602352067e-4,0.02571710979165536,0.07156976867257855,0.04585265888092319
W02000259,2025,0.04437985461774442,1.727642219027362e-4,0.022188224191744578,0.07511215790785056,0.05292393371610598
W02000260,2025,0.046570433193676125,2.3295007858182326e-4,0.026690056926312877,0.07920290597528104,0.05251284904896816
W02000261,2025,0.0393761684772577,1.1886925549978748e-4,0.021456179380444515,0.06218002915226119,0.04072384977181667
W02000262,2025,0.0395872195417669,1.7181533197864512e-4,0.018099405278305326,0.06989615730086496,0.051796752022559636
W02000263,2025,0.04411031742609487,1.194797246072023e-4,0.02587625781568072,0.06931373165794943,0.04343747384226872
W02000264,2025,0.0459077445729527,1.7193732176662234e-4,0.025268425047351037,0.07784065699055562,0.05257223194320458
W02000265,2025,0.04035909585621309,1.3772583010111605e-4,0.01896859401836036,0.06835624672861462,0.04938765271025426
W02000266,2025,0.04409660071116352,1.3962500540904828e-4,0.02388176041283924,0.0732292531195762,0.04934749270673697
W02000267,2025,0.042448431023618075,1.4583223614654956e-4,0.02285228720491208,0.06880784225051328,0.045955555045601205
W02000268,2025,0.04525180208579338,1.2446080940355239e-4,0.025503248061783765,0.07057745935580106,0.0450742112940173
W02000269,2025,0.04139125213391027,1.3275628754477194e-4,0.021297430015469163,0.06664238103917249,0.045344951023703325
W02000270,2025,0.04347850545074425,1.4156817427348766e-4,0.022603513696257814,0.06886923269220982,0.046265718995952006
W02000271,2025,0.04515386060653728,1.7755969971623633e-4,0.022203863887071892,0.07567530443129697,0.05347144054422508
W02000272,2025,0.046483458302515844,1.3634787302907743e-4,0.027377469087798763,0.07666997936467737,0.04929251027687861
W02000273,2025,0.058146309409358464,3.093883798816405e-4,0.02860062639140304,0.09716806882237153,0.06856744243096849
W02000274,2025,0.04640644588138328,1.426433172850607e-4,0.02607822483231767,0.0735849305994308,0.04750670576711313
W02000275,2025,0.04346753517799993,1.2656460718379604e-4,0.024141151178395295,0.06539621088992914,0.04125505971153384
W02000276,2025,0.04976368946734103,2.376225844339004e-4,0.027647129407906236,0.08351536717610775,0.05586823776820151
W02000277,2025,0.04469905758377705,1.3416453780457638e-4,0.024905724150390732,0.07268447049305177,0.047778746342661035
W02000278,2025,0.05290023249626314,2.5053385973946885e-4,0.03030035254857625,0.08932708419005139,0.05902673164147514
W02000279,2025,0.045942462024224154,1.347697746208243e-4,0.026262475338091437,0.07437785440231942,0.048115379064227984
W02000280,2025,0.044318912041030153,1.273136560735191e-4,0.023494739374945187,0.06908697301890938,0.0455922336439642
W02000281,2025,0.04658991477868654,1.3518455915046941e-4,0.028435475649820133,0.0734557066156207,0.04502023096580057
W02000282,2025,0.05055059501061911,1.5900354233318358e-4,0.028766393568160867,0.07627784310402254,0.04751144953586167
W02000284,2025,0.04880312088626439,1.491713210561407e-4,0.029659378850024693,0.0784329553810173,0.04877357653099261
W02000285,2025,0.04343661427241658,1.4455436648457313e-4,0.023849717420849296,0.07303314038435069,0.049183422963501394
W02000286,2025,0.04317570655895973,1.8503668316844602e-4,0.020256492184690462,0.07458566779122314,0.05432917560653268
W02000287,2025,0.04958687427698568,1.8973832026717734e-4,0.029820779370061192,0.0808306004478844,0.0510098210778232
W02000288,2025,0.04608268666642506,1.3917128505219197e-4,0.026154542756113085,0.07212962202593534,0.04597507926982226
W02000289,2025,0.048580854665973,1.4030966076170498e-4,0.030004219087054827,0.07392073790723108,0.043916518820176255
W02000290,2025,0.04723167049903207,1.6822257452566298e-4,0.025971408612225452,0.0745654083730439,0.04859399976081845
W02000291,2025,0.04431528859935507,1.2215311063046e-4,0.026694461119089626,0.0680527110061785,0.041358249887088874
W02000292,2025,0.043399163481562475,1.5162033495936657e-4,0.02392289822876485,0.07115482210039314,0.04723192387162829
W02000293,2025,0.04362953754294817,1.7598515640738534e-4,0.02267538603621695,0.07038534639861913,0.04770996036240217
W02000294,2025,0.03963467506741207,8.964045030764373e-5,0.02505180992477902,0.06216771826649033,0.03711590834171131
W02000295,2025,0.03849471033569469,1.1384614902073898e-4,0.021120591301156302,0.06369679694207775,0.04257620564092145
W02000296,2025,0.042272434662026445,1.3680392537038339e-4,0.022529619014412063,0.06847782552893733,0.04594820651452527
W02000297,2025,0.04356098104101978,1.3148054550778042e-4,0.026089417440333454,0.07080003201658772,0.04471061457625426
W02000298,2025,0.039143050504157104,9.818600755224686e-5,0.021539467153441225,0.06120003166599879,0.03966056451255757
W02000299,2025,0.042209405098529704,1.9744398009044996e-4,0.019672797419523443,0.07691168749138913,0.05723889007186569
W02000300,2025,0.04074368824723982,1.2767030239592132e-4,0.019332161561631107,0.06817780531249576,0.048845643750864656
W02000301,2025,0.04605042098269307,1.4665739224047148e-4,0.02600446006380258,0.07336390629455392,0.047359446230751334
W02000302,2025,0.04515492975014748,1.492838918055066e-4,0.02722701567340411,0.0755155924714471,0.048288576798042986
W02000303,2025,0.03935251077668468,8.728963759869091e-5,0.022662224072382296,0.058275557509110815,0.03561333343672852
W02000304,2025,0.039870179508390904,1.044777271835579e-4,0.022144602364625576,0.05875001875628887,0.0366054163916633
W02000305,2025,0.038833441262325095,1.7105642210429482e-4,0.015698437808306924,0.06712461511869239,0.051426177310385464
W02000306,2025,0.039914016432934046,1.2226418431732417e-4,0.02213397552166474,0.06299705252571242,0.040863077004047677
W02000307,2025,0.047773020314730553,1.6341349272699758e-4,0.02578795715701914,0.07889694116059372,0.053108984003574576
W02000308,2025,0.04334491194882421,1.2958023531306985e-4,0.024637860874472634,0.06730743644366391,0.04266957556919128
W02000309,2025,0.04174534636175477,1.201761825881281e-4,0.023686900517331078,0.06514549226367136,0.041458591746340284
W02000310,2025,0.04025380523695291,9.905199597317086e-5,0.0226887683299428,0.06442052414185319,0.04173175581191039
W02000311,2025,0.045660421188213625,1.4055174628038841e-4,0.02436134276911299,0.0735068528415376,0.04914551007242461
W02000312,2025,0.04289054366601178,1.4361862653965887e-4,0.023397261579732376,0.07016212564324449,0.046764864063512115
W02000313,2025,0.04524028082323978,1.5419703419146025e-4,0.0258634301714601,0.07518304715953471,0.049319616988074605
W02000314,2025,0.039879435249763985,1.2910148354506687e-4,0.0218062411726651,0.06182380205519489,0.040017560882529786
W02000315,2025,0.04153842781345241,1.6074500975678274e-4,0.022737822879377236,0.06961961389313492,0.04688179101375769
W02000316,2025,0.0413857543655991,1.2466383596282003e-4,0.023335923378357243,0.06286806396089663,0.039532140582539385
W02000317,2025,0.03936126729710875,1.4210021249349547e-4,0.021689897229413828,0.06692399840386631,0.045234101174452486
W02000318,2025,0.04225101636138568,1.3393661555707133e-4,0.023671584422283436,0.06280701530893137,0.039135430886647934
W02000319,2025,0.04102656689763746,1.1833886656472611e-4,0.021767630226872763,0.06273561733245442,0.04096798710558165
W02000320,2025,0.04088411712698978,9.675606584393427e-5,0.022395449761862706,0.06021388562205277,0.03781843586019007
W02000321,2025,0.036923226820984464,1.1734550954786191e-4,0.017852286380355485,0.059260306384042366,0.04140802000368688
W02000322,2025,0.039358484188559355,1.2923807633174352e-4,0.02123160496705503,0.06533533378406046,0.04410372881700543
W02000323,2025,0.041297411940031455,1.342389990936014e-4,0.02372611012163411,0.06757743294653384,0.04385132282489973
W02000324,2025,0.037430880661063766,9.043198482702457e-5,0.020345636822213877,0.05650635451788777,0.03616071769567389
W02000325,2025,0.04019916495712398,1.2946156248636062e-4,0.02036524801529868,0.06404697239743457,0.043681724382135884
W02000326,2025,0.0370430929734431,8.898619789026433e-5,0.020226111990701373,0.05544054706726389,0.035214435076562516
W02000327,2025,0.03436325804669153,9.829606271825287e-5,0.016206583414560424,0.05859927712159797,0.04239269370703755
W02000328,2025,0.035446980764476284,1.1454011087021265e-4,0.017122981853222755,0.06331463750747213,0.046191655654249375
W02000329,2025,0.03673974006753638,1.2227099285528375e-4,0.017518754443081846,0.059283876264521806,0.04176512182143996
W02000330,2025,0.0358612952888944,1.08041478253226e-4,0.01970539815545143,0.06156150817983905,0.04185611002438762
W02000331,2025,0.04399772839844243,1.665942755069876e-4,0.022924313536057415,0.07344652275870632,0.050522209222648905
W02000332,2025,0.03688284041273637,1.1399058510135949e-4,0.01847356905315832,0.05935355959905207,0.04087999054589375
W02000333,2025,0.03957068599019459,1.4753780108194833e-4,0.020095513984220808,0.0651956318118832,0.04510011782766239
W02000334,2025,0.0369062200116878,1.1069327121200226e-4,0.01864870885430922,0.061604087442374014,0.042955378588064794
W02000335,2025,0.03543659490645549,9.84658460178018e-5,0.02004348051697203,0.05538015558820418,0.03533667507123215
W02000336,2025,0.03725794408902209,9.330962274007207e-5,0.021021976132511232,0.06142922282759601,0.040407246695084775
W02000337,2025,0.045541526554754116,2.8473582885082764e-4,0.02038810348984144,0.08871169443824725,0.06832359094840582
W02000338,2025,0.03821130796037265,9.47166035692246e-5,0.021977901305304005,0.062133705900169506,0.0401558045948655
W02000339,2025,0.03207256098101405,1.4546835917859287e-4,0.014460984092432351,0.05712522334193887,0.04266423924950652
W02000340,2025,0.0333467040284077,7.920835189502006e-5,0.018786447961591797,0.05235113712580847,0.03356468916421667
W02000341,2025,0.032940154236972025,6.768355178432167e-5,0.019006523753356958,0.052654295629151235,0.03364777187579428
W02000342,2025,0.03622577117802064,1.2985012290388676e-4,0.01853969117607649,0.06175710294818791,0.04321741177211142
W02000343,2025,0.03671754876880015,1.4604530397763145e-4,0.016903128024141616,0.06472477295068722,0.04782164492654561
W02000344,2025,0.036618262228176095,1.0991600364474179e-4,0.020875735047251757,0.06269088154351855,0.041815146496266796
W02000345,2025,0.03755226767518907,1.7620482209405508e-4,0.017710195619610923,0.07126889717419088,0.05355870155457996
W02000346,2025,0.038912841646158346,1.577326036261378e-4,0.019777789941930024,0.06774352346641829,0.04796573352448827
W02000347,2025,0.03773386407331113,1.2495523127500495e-4,0.019804314537636154,0.0675561821310329,0.047751867593396745
W02000348,2025,0.03367248594609352,1.5472979936348433e-4,0.014322518625396777,0.061741661600506814,0.04741914297511004
W02000349,2025,0.036175422541631724,1.1671837366170487e-4,0.017477583561740187,0.05732605646673668,0.03984847290499649
W02000350,2025,0.03772553789641285,1.1919718092596618e-4,0.019553593487265843,0.06357786614753037,0.04402427266026453
W02000351,2025,0.03044258146217252,1.8057439813947006e-4,0.01020049732124597,0.05988590827525511,0.04968541095400914
W02000352,2025,0.03680709352220207,2.020570421400128e-4,0.014801344077375687,0.06883061044955198,0.054029266372176296
W02000353,2025,0.03172582822076402,1.5721332877567432e-4,0.011104541927723477,0.05986324244036434,0.04875870051264086
W02000354,2025,0.02909876309118731,1.1600908930417624e-4,0.012464951748570988,0.05162209757442393,0.039157145825852946
W02000355,2025,0.037421984237597225,1.1137238678472785e-4,0.017913608702796218,0.05997982843875191,0.04206621973595569
W02000356,2025,0.03704796654387801,1.737307815835497e-4,0.015235912290431442,0.06533075985785067,0.05009484756741923
W02000357,2025,0.032587484240545396,1.6798554573567198e-4,0.01116211637005819,0.06085777376366017,0.049695657393601975
W02000358,2025,0.037490931712519465,1.3747009443111044e-4,0.018389050196544084,0.06605762930966756,0.04766857911312348
W02000359,2025,0.035329028584757095,2.4580144083801526e-4,0.010520028976172303,0.06752661816599126,0.057006589189818956
W02000360,2025,0.042893250218293634,2.592178305058541e-4,0.01900172891171386,0.08015660833107975,0.06115487941936589
W02000361,2025,0.03308681265629742,1.3596315608990965e-4,0.012322862913813916,0.05716017481660876,0.044837311902794844
W02000362,2025,0.038039464713314666,1.639929622251311e-4,0.018036403803471913,0.06810865885683587,0.050072255053363955
W02000363,2025,0.035858503189367785,1.8118307850770106e-4,0.014308182464840717,0.0647831738564761,0.05047499139163538
W02000364,2025,0.04578056123483276,3.4335776612448544e-4,0.01793199616975757,0.09501784507991384,0.07708584891015627
W02000365,2025,0.044283871223385035,2.7280758501217403e-4,0.01835560095915819,0.07992937724990867,0.06157377629075048
W02000366,2025,0.04059215012153271,1.242755184763874e-4,0.022541813470202815,0.06509037549111198,0.04254856202090916
W02000367,2025,0.04801052824719946,2.3059113433326924e-4,0.02539648901380176,0.07890601940519087,0.053509530391389115
W02000368,2025,0.0590522779030159,4.6704403827306593e-4,0.03003774520743732,0.10639822328399674,0.07636047807655942
W02000369,2025,0.0496517594020169,2.1348708834891827e-4,0.027314431959441058,0.08264145839562823,0.05532702643618717
W02000370,2025,0.051758685656831116,2.1969731826104215e-4,0.027566688763083397,0.0867538924066466,0.05918720364356321
W02000371,2025,0.0551693842538447,3.238838314142054e-4,0.0315547090592944,0.1018025442621367,0.0702478352028423
W02000372,2025,0.06239168898257739,3.3846009525518656e-4,0.035151037494167675,0.10813236195847586,0.07298132446430819
W02000373,2025,0.05923187496112032,4.0308718082890957e-4,0.03011825967979624,0.10454575724975261,0.07442749756995637
W02000374,2025,0.05610535234400271,3.0780460677700544e-4,0.03181883548851383,0.09974249304460966,0.06792365755609583
W02000375,2025,0.06741469875140524,5.140920708022165e-4,0.033904422905246104,0.12213308212842931,0.08822865922318321
W02000376,2025,0.05513926625526157,2.2587267587930278e-4,0.031443730569513016,0.08818930748691456,0.05674557691740154
W02000377,2025,0.05170046763906593,2.8003557009622504e-4,0.02419560136893025,0.08944249429897809,0.06524689293004785
W02000378,2025,0.05547339844595461,2.662790633393918e-4,0.03163229246660379,0.09325397465172369,0.0616216821851199
W02000379,2025,0.0666234290387802,7.108493823947729e-4,0.02964927757905908,0.1305690426707206,0.1009197650916615
W02000380,2025,0.04912216578203685,1.7990934440048742e-4,0.02687557092315275,0.07982747683035869,0.05295190590720594
W02000381,2025,0.06839933484869218,5.783231622822545e-4,0.037456269952035756,0.12569420217770982,0.08823793222567407
W02000382,2025,0.062107414617285944,3.9755284863245827e-4,0.031114342505497085,0.10585571617349172,0.07474137366799463
W02000383,2025,0.056111255102655966,3.260431180131509e-4,0.027542698042919995,0.10131757104105057,0.07377487299813058
W02000384,2025,0.05139822260000363,2.301815743897905e-4,0.02785855056886458,0.08525794262555046,0.057399392056685886
W02000385,2025,0.0590428866285753,2.3207081303361693e-4,0.03484828938991953,0.09337634407580099,0.05852805468588146
W02000386,2025,0.05009264513596866,3.155125125491697e-4,0.025382859320288977,0.08994420145249497,0.06456134213220599
W02000387,2025,0.053090711535091636,2.1796834614144572e-4,0.028955726529617934,0.08557602315070803,0.056620296621090097
W02000388,2025,0.05470423241547991,2.833642191392388e-4,0.029158845978097224,0.09188170138446347,0.06272285540636624
W02000389,2025,0.05687058173978999,1.8936444849731153e-4,0.03111408180698709,0.08493014759627994,0.05381606578929285
W02000390,2025,0.053722861887981976,2.6177463794846515e-4,0.028297704416040067,0.08889969170930168,0.060601987293261605
W02000391,2025,0.076479556509692,4.631212444356328e-4,0.04268655355869237,0.1255303171595065,0.08284376360081412
W02000392,2025,0.05925284559282345,2.8118914904658984e-4,0.03489080993712115,0.0988781839696366,0.06398737403251545
W02000393,2025,0.0592408185080435,2.8091671524051463e-4,0.03057264822045262,0.09741598837986763,0.06684334015941501
W02000394,2025,0.08049656063672915,5.597599303585038e-4,0.04532494689451775,0.1424742112603007,0.09714926436578294
W02000395,2025,0.06184493559519566,3.601583100558754e-4,0.03320269136419263,0.10107972169753501,0.06787703033334239
W02000396,2025,0.07215596545895457,4.6407869622141004e-4,0.03541864953175205,0.12454958375132813,0.08913093421957607
W02000397,2025,0.06009255237099132,2.7590990696091074e-4,0.033582466922407926,0.10193613590525555,0.06835366898284762
W02000398,2025,0.0958091494102368,7.348231426975797e-4,0.04952609743834475,0.15568404409239117,0.10615794665404643
W02000399,2025,0.08426784868834045,7.963571386081299e-4,0.04167455029186941,0.15082625481091927,0.10915170451904986
W02000400,2025,0.06470943866943407,2.8887533875400707e-4,0.035487319415942103,0.10582741492178255,0.07034009550584044
W02000401,2025,0.07501121804298774,7.311282004995049e-4,0.03967653742350355,0.14729547008619076,0.10761893266268721
W02000402,2025,0.07638627827372213,6.667030668133946e-4,0.03592744156714359,0.1318788415492847,0.09595139998214111
W02000403,2025,0.06258944996750176,3.3822909408888073e-4,0.032792801416565674,0.10730043747227236,0.07450763605570668
W02000404,2025,0.06923280072377262,4.0911921597959505e-4,0.03846452593022057,0.11972639165624173,0.08126186572602116
W02000405,2025,0.06632575199954129,5.647380303544205e-4,0.030334758259659707,0.11752823359543982,0.08719347533578012
W02000406,2025,0.07943980509836807,7.779503398313292e-4,0.04217434922881566,0.1382564468539812,0.09608209762516554
W02000407,2025,0.05833018699974166,5.636894734330889e-4,0.02689997345152659,0.12302824012467486,0.09612826667314828
W02000408,2025,0.0744138940227186,6.342348552854973e-4,0.03690173865821516,0.13117894781809958,0.09427720915988441
W02000409,2025,0.06100722158236219,4.229072420274878e-4,0.03362020176613123,0.1130167905946122,0.07939658882848097
W02000410,2025,0.09033793245731096,8.479339295551519e-4,0.046395346379330876,0.1539911059184978,0.10759575953916692
W02000411,2025,0.06141762527026904,6.287467794079731e-4,0.026103414144871225,0.12535529314281507,0.09925187899794385
W02000412,2025,0.07322853886216876,4.6949473893497683e-4,0.038380162819987906,0.12394666726269585,0.08556650444270794
W02000414,2025,0.04108060327816004,7.992232323609606e-5,0.02617637087972069,0.061379637445878994,0.035203266566158305
W02000415,2025,0.05004656698784212,1.7862337662052295e-4,0.029224078263736984,0.08047905545596082,0.051254977192223834
W02000416,2025,0.038397700342124065,6.682987613218233e-5,0.02284552074069106,0.05588671115707214,0.03304119041638108
W02000417,2025,0.038490248652859306,1.2275018771144218e-4,0.019023500851743994,0.06219018017065407,0.04316667931891008
W02000418,2025,0.04483425110833935,1.499430060510108e-4,0.023342265628761905,0.07013204685829583,0.04678978122953392
W02000419,2025,0.036898517261285915,1.524478863875721e-4,0.01704245485225645,0.06277044697253244,0.045727992120275986
W02000421,2025,0.048914031063558516,1.5632518241140355e-4,0.02920518453408546,0.08026459737980363,0.05105941284571817
W02000422,2025,0.07945301928372156,6.48139409942379e-4,0.04037180830445303,0.1413694090222963,0.10099760071784328
W02000423,2025,0.0774692014210681,5.25291536954412e-4,0.04309202193146544,0.13464401856647587,0.09155199663501043
W02000424,2025,0.040524103287478845,1.7316724154505919e-4,0.02065730414113666,0.06956494461954951,0.04890764047841285
W02000425,2025,0.055138977050112385,2.2998622607476525e-4,0.03259915780680434,0.0955786063278147,0.06297944852101037
W02000426,2025,0.04090656426877598,1.9645830979758507e-4,0.020750966640802396,0.07277875893771543,0.05202779229691304
W02000427,2025,0.037355394200254306,8.759497552275153e-5,0.021205783207979084,0.05652897384703603,0.035323190639056944
W02000428,2025,0.0379990447319315,1.3643759534366743e-4,0.020163037106368596,0.06349301686070406,0.04332997975433547
