area_id,msoa_name,time_id,n,direct_estimate,variance,bhf_estimate,bhf_variance,bhf_lower,bhf_upper,bhf_ci_width
W02000001,Isle of Anglesey 001,2021,6,0,0,0.11399260172898279,6.364203561677798e-4,0.0629021993510198,0.16254851063923212,0.09964631128821232
W02000002,Isle of Anglesey 002,2021,9,0.4319653664782163,0.04066522486314988,0.13063874436748832,6.134581416095616e-4,0.08297072962990179,0.18084569489398927,0.09787496526408748
W02000003,Isle of Anglesey 003,2021,11,0.1612312830188462,0.01159843217579599,0.17569629480600482,0.001341972937892136,0.10491528790201263,0.24912471978041714,0.14420943187840451
W02000004,Isle of Anglesey 004,2021,14,0.13881811744044975,0.01557077848474238,0.09352440053491291,7.503318263579144e-4,0.03758682252931203,0.145353915186352,0.10776709265703996
W02000005,Isle of Anglesey 005,2021,17,0.2357800735403681,0.01570308073073289,0.135207001352945,7.175394358058355e-4,0.08342895035369392,0.18905586360723767,0.10562691325354374
W02000006,Isle of Anglesey 006,2021,19,0.10088047765018358,0.00553827251265835,0.1314801195519796,5.769486709593825e-4,0.0836522279408162,0.17852586178186586,0.09487363384104966
W02000007,Isle of Anglesey 007,2021,13,0.07130340702194102,0.00493823604628872,0.11926685659488902,6.013508235981763e-4,0.07028465588055616,0.16719013548687847,0.09690547960632231
W02000008,Isle of Anglesey 008,2021,12,0.19842023274990855,0.01220788361272883,0.13850050887520085,9.175972782837528e-4,0.07935704008003175,0.198837767497543,0.11948072741751126
W02000009,Isle of Anglesey 009,2021,13,0,0,0.12170266073981591,5.317475932219828e-4,0.07562984187917597,0.16678986777833688,0.0911600258991609
W02000010,Gwynedd 001,2021,12,0.09295304405275805,0.00810245734821603,0.1954833718735092,0.0012229086247158361,0.12745258651033228,0.2653872052454487,0.1379346187351164
W02000011,Gwynedd 002,2021,18,0.12433733047748036,0.0053721902964639,0.14396527642890047,6.783038640847881e-4,0.09268360154820482,0.1954114840466752,0.10272788249847037
W02000012,Gwynedd 003,2021,13,0,0,0.12107925960290154,5.725892037765321e-4,0.07321818980483993,0.16777194588400401,0.09455375607916408
W02000013,Gwynedd 004,2021,15,0.06754144696914653,0.00432395742111153,0.13301433569621607,7.260603933979605e-4,0.08080819718961033,0.18720328755174875,0.10639509036213843
W02000014,Gwynedd 005,2021,5,0,0,0.13261300625834674,5.308549366601391e-4,0.08825943063443734,0.17953919366925492,0.09127976303481758
W02000015,Gwynedd 006,2021,15,0.07864534144766384,0.00572050590698416,0.14006282456425834,8.813784812839455e-4,0.08133094626336625,0.1985745381534831,0.11724359189011686
W02000016,Gwynedd 007,2021,4,0,0,0.1315114037518849,6.107204572899372e-4,0.0832615116501933,0.18099516199961221,0.09773365034941892
W02000017,Gwynedd 008,2021,7,0.29622405171495725,0.05123598044056675,0.12715275674929552,6.791337411143419e-4,0.07590642312126265,0.17887021666489133,0.10296379354362868
W02000018,Gwynedd 009,2021,9,0.16517724306715606,0.02220608790766266,0.13277879203733764,4.962812729898021e-4,0.08913417714397648,0.17738321255666398,0.0882490354126875
W02000019,Gwynedd 010,2021,9,0.14870638382979637,0.01897832148608475,0.12412928963149535,4.796270292216163e-4,0.08163164598711717,0.16841562432230137,0.0867839783351842
W02000020,Gwynedd 011,2021,10,0.09952226276588916,0.00931368695508842,0.11705400353795829,6.784604467717866e-4,0.06573952795660928,0.16851172751829405,0.10277219956168476
W02000021,Gwynedd 012,2021,15,0.04884539924695608,0.00236761286709421,0.1345649875967309,0.001009811542661762,0.07279623201891315,0.19801556849644064,0.12521933647752748
W02000022,Gwynedd 013,2021,15,0.0212344945063327,4.957953341325928e-4,0.11369386945058355,5.98570841414011e-4,0.06495068414696467,0.16163411087923832,0.09668342673227365
W02000023,Gwynedd 014,2021,13,0,0,0.09217764201647972,0.0014383616782802577,0.015897643956570937,0.16526563019109025,0.1493679862345193
W02000024,Gwynedd 015,2021,6,0,0,0.11819990011502908,4.17262732707386e-4,0.0761937126192153,0.15756962659177015,0.08137591397255485
W02000025,Gwynedd 016,2021,12,0,0,0.1274520909552802,5.650447837498157e-4,0.080412456593488,0.1745618453138509,0.09414938872036291
W02000026,Gwynedd 017,2021,11,0,0,0.11544743758723247,5.8547176228055e-4,0.06689556286349595,0.16266927132563969,0.09577370846214374
W02000027,Conwy 001,2021,6,0,0,0.14089398625586516,0.0013129304614987944,0.0697338700144729,0.212708115995569,0.1429742459810961
W02000028,Conwy 002,2021,11,0.08536254482339001,0.00687076517368526,0.12919118417505365,8.253843359320827e-4,0.07297266358325086,0.1862974854636535,0.11332482188040263
W02000029,Conwy 003,2021,13,0.04888062877624214,0.00236765824355765,0.09858715257935945,6.56587244631664e-4,0.04735715366400957,0.14848203789089923,0.10112488422688966
W02000030,Conwy 004,2021,9,0.29301465708004104,0.0284234309485235,0.11391820561329478,8.180349361761907e-4,0.05752045718566601,0.1704460386999902,0.11292558151432419
W02000031,Conwy 005,2021,10,0.16280358842584405,0.02119865250217118,0.13211744087601693,8.084911148060377e-4,0.07744772208115491,0.18983230927882117,0.11238458719766625
W02000032,Conwy 006,2021,9,0,0,0.09912468723328224,7.540153135668636e-4,0.04368122817620901,0.15204321903422843,0.10836199085801942
W02000033,Conwy 007,2021,12,0,0,0.13852477742876282,6.534324024226705e-4,0.08824308827266518,0.18915035632148386,0.10090726804881868
W02000034,Conwy 008,2021,9,0,0,0.10513558002561485,5.893218283217119e-4,0.055334929774757534,0.1511921572258774,0.09585722745111985
W02000035,Conwy 009,2021,8,0.17850345132662307,0.0264125301482222,0.1181177864853334,5.783999178685488e-4,0.07008504578730865,0.16518547001319345,0.0951004242258848
W02000036,Conwy 010,2021,9,0,0,0.11161212375398927,5.535634290477869e-4,0.06417852253905681,0.15716536817388865,0.09298684563483184
W02000037,Conwy 011,2021,9,0.18730064894195425,0.02642139122380393,0.11497667684415942,5.476957880083018e-4,0.06795893122979951,0.16059561672991998,0.09263668550012047
W02000038,Conwy 012,2021,4,0,0,0.10340026607699049,7.181229747304507e-4,0.04902912538133438,0.1547712040714056,0.10574207869007121
W02000039,Conwy 013,2021,4,0,0,0.10562385177514377,9.11615083382984e-4,0.04409549278779651,0.1631617112880223,0.11906621850022578
W02000040,Conwy 014,2021,9,0,0,0.0997854415301459,4.279018417650757e-4,0.05703246880466531,0.13921259786887608,0.08218012906421077
W02000041,Conwy 015,2021,5,0,0,0.11068310695031033,4.5260552990882685e-4,0.06693183318105758,0.15142232977784556,0.08449049659678798
W02000042,Denbighshire 001,2021,6,0.08310723454801548,0.00776025183408073,0.12841251072868864,8.634604461740594e-4,0.07103014885408293,0.18704229664026376,0.11601214778618082
W02000043,Denbighshire 002,2021,6,0.09760301676463667,0.00939359001374457,0.11666007902191343,7.625565889130097e-4,0.060686678470504164,0.1696646630477397,0.10897798457723554
W02000044,Denbighshire 003,2021,5,0,0,0.10854313879866188,7.354515187993279e-4,0.05411947430531173,0.161260837454311,0.10714136314899927
W02000045,Denbighshire 004,2021,2,0.5055304661328172,0.1252931707786196,0.15692294465041878,7.808510769855282e-4,0.10280724300603533,0.21322095257972953,0.1104137095736942
W02000047,Denbighshire 006,2021,7,0.7664673715912351,0.01979925801996805,0.16544094480747693,8.564458742079256e-4,0.10851879439068454,0.2240373620963237,0.11551856770563915
W02000049,Denbighshire 008,2021,6,0.39874769738438265,0.04553724994701191,0.11358965736087745,5.09550989944223e-4,0.06818174531099767,0.15763608195645373,0.08945433664545606
W02000050,Denbighshire 009,2021,6,0.11995833006885533,0.01374006697519294,0.12130343015202337,5.339349259055499e-4,0.07515404549777904,0.16667008811586992,0.09151604261809088
W02000051,Denbighshire 010,2021,10,0.2317161438545716,0.02065744504654773,0.10497653279554667,5.062940279326624e-4,0.05920747401347218,0.148216308902742,0.08900883488926983
W02000052,Denbighshire 011,2021,6,0.12311978967183251,0.01410254943464735,0.13111003503541027,6.542743595653287e-4,0.07992968383854906,0.18115068394183947,0.10122100010329041
W02000053,Denbighshire 012,2021,5,0,0,0.10421828829192947,5.257558750852797e-4,0.057404320904231136,0.14821205746491542,0.09080773656068428
W02000054,Denbighshire 013,2021,7,0.2460556360699084,0.03068042426516305,0.11120823304216736,4.2358726461278617e-4,0.071416376883846,0.15349016365062007,0.08207378676677407
W02000055,Denbighshire 014,2021,8,0,0,0.11422634639391006,7.017577883296141e-4,0.06088635143059101,0.1655347943598724,0.10464844292928138
W02000056,Denbighshire 015,2021,5,0,0,0.10760758296532474,4.8342110972376435e-4,0.06267207939064365,0.14992471777519484,0.08725263838455119
W02000057,Denbighshire 016,2021,8,0,0,0.1192114594648559,4.4638463776972356e-4,0.07705875839123782,0.16105115786182433,0.08399239947058651
W02000058,Flintshire 001,2021,4,0,0,0.11396205880209846,6.398725681747084e-4,0.0641269755763883,0.16414927615197955,0.10002230057559125
W02000059,Flintshire 002,2021,4,0,0,0.12028730319809271,5.928559796609129e-4,0.07188224260240472,0.16826101662704046,0.09637877402463574
W02000060,Flintshire 003,2021,9,0,0,0.1355505542318894,6.527741906682745e-4,0.08487605485491725,0.18588483422095942,0.10100877936604216
W02000061,Flintshire 004,2021,8,0.07092279883856752,0.00507441700753664,0.15413398959676983,7.61256464227901e-4,0.10014527129813411,0.2090406305719887,0.1088953592738546
W02000062,Flintshire 005,2021,15,0.3169497019631973,0.03389740936116187,0.1311627211705464,5.860509767690592e-4,0.08463440508047865,0.1803502566068445,0.09571585152636586
W02000063,Flintshire 006,2021,5,0.5807428473912614,0.05782561005534034,0.11426935840348015,4.84745946332233e-4,0.07155431545751789,0.15893723333195425,0.08738291787443636
W02000064,Flintshire 007,2021,4,0.3400236493834109,0.05794456959511587,0.15402632985713227,9.605247094367185e-4,0.09371887436559753,0.21606253437953912,0.12234366001394159
W02000065,Flintshire 008,2021,7,0,0,0.13209136880210828,7.294497629235439e-4,0.07874710373009086,0.18543405196603702,0.10668694823594616
W02000066,Flintshire 009,2021,8,0.05669483832587613,0.00358898375455876,0.14567113377466626,7.324622431263104e-4,0.09217829237564801,0.19904628818558334,0.10686799580993533
W02000067,Flintshire 010,2021,8,0.2165076563383515,0.023910887603942,0.13424038373497174,6.60799871593766e-4,0.08566149322826802,0.18732358508837427,0.10166209186010625
W02000068,Flintshire 011,2021,7,0.388625349074746,0.04441879481131547,0.1379518053199742,7.32212849980634e-4,0.08525432642200592,0.19220105016012112,0.1069467237381152
W02000069,Flintshire 012,2021,9,0,0,0.11600725787590019,4.910719371809206e-4,0.07171563174062061,0.159475509484099,0.08775987774347839
W02000070,Flintshire 013,2021,8,0.10612560517590662,0.01087587462463244,0.11963318009545242,5.378623767285894e-4,0.07357109100830032,0.1653638361105953,0.09179274510229497
W02000071,Flintshire 014,2021,6,0,0,0.11028814668567564,5.916314227060147e-4,0.061448470935121804,0.15763418019773875,0.09618570926261695
W02000072,Flintshire 015,2021,9,0.07883294023049847,0.00604652123950761,0.12999695200192404,6.647830417466048e-4,0.07861914551311824,0.18045473282377916,0.10183558731066092
W02000073,Flintshire 016,2021,4,0.3926370913326062,0.0789895722137904,0.11997922291124449,6.045849443007002e-4,0.07007200838553791,0.1673568963438531,0.09728488795831518
W02000074,Flintshire 017,2021,5,0.22049183312206763,0.03890169151227537,0.12996327504120056,5.422958437264896e-4,0.08418178782207983,0.17637360477982061,0.09219181695774079
W02000075,Flintshire 018,2021,7,0.13035296866652085,0.01549209059202033,0.11923567345500201,5.008268951158627e-4,0.075389928369678,0.1641093497287384,0.08871942135906039
W02000076,Flintshire 019,2021,4,0,0,0.11135549443718344,4.8715656366300764e-4,0.06682895198009804,0.1544128856843514,0.08758393370425337
W02000077,Flintshire 020,2021,3,0,0,0.11271044444470302,4.702203174303498e-4,0.06868131036910802,0.15481354088786553,0.08613223051875751
W02000080,Wrexham 003,2021,10,0,0,0.12043463637664123,7.580968222108964e-4,0.06516090708626801,0.17387336265334563,0.10871245556707762
W02000081,Wrexham 004,2021,3,0.17424834112776175,0.03161566763902536,0.1246021403315592,6.686342047400976e-4,0.07283709125366378,0.17503905069666215,0.10220195944299837
W02000082,Wrexham 005,2021,10,0.12777937306999088,0.01477241987858861,0.14268066222097817,8.064792134881287e-4,0.0876923726446894,0.19991950049453633,0.11222712784984692
W02000083,Wrexham 006,2021,5,0.2202932512168121,0.03776561057965603,0.13116267706131876,5.700411594461025e-4,0.08454123541983385,0.1792395355636898,0.09469830014385594
W02000085,Wrexham 008,2021,7,0,0,0.11133561776521927,8.151708915542893e-4,0.05310838571549779,0.16579682660473838,0.1126884408892406
W02000087,Wrexham 010,2021,9,0,0,0.15726668290861098,9.89324211454999e-4,0.09465499797497574,0.21876675845375596,0.12411176047878021
W02000088,Wrexham 011,2021,8,0,0,0.14251741430483866,7.060401166679373e-4,0.08973443326427646,0.19481726044661113,0.10508282718233466
W02000089,Wrexham 012,2021,6,0.2936482507535497,0.03862842705470457,0.16536536908619495,0.00156137404514891,0.0885224210708992,0.24460102162962416,0.15607860055872497
W02000090,Wrexham 013,2021,3,0,0,0.11678835736912237,4.994208736160705e-4,0.07047237142682891,0.159138827204287,0.08866645577745808
W02000091,Wrexham 014,2021,9,0,0,0.11551829854148514,6.329761729029649e-4,0.0646484753139557,0.16407457378171608,0.09942609846776038
W02000092,Wrexham 015,2021,4,0,0,0.13105698336577462,6.325781777923936e-4,0.080535179158154,0.180061920531299,0.09952674137314499
W02000093,Wrexham 016,2021,5,0,0,0.11634081419774528,5.134415335111205e-4,0.0693381312188131,0.15917993754905768,0.08984180633024458
W02000094,Wrexham 017,2021,4,0.21678352818019048,0.04002218830936517,0.13932861030280733,5.944001369416266e-4,0.09137183982717653,0.188035138569491,0.09666329874231447
W02000095,Wrexham 018,2021,4,0,0,0.11097521595332455,7.790327425323384e-4,0.055701487328962476,0.16608670477875725,0.11038521744979478
W02000096,Wrexham 019,2021,4,0.2284921390218744,0.04719399962669436,0.12964931235319296,5.681957681903244e-4,0.08362600624018628,0.1781529476084351,0.09452694136824884
W02000097,Powys 001,2021,14,0.09544433940052938,0.00456611416643002,0.13223398981679385,4.4197578511303426e-4,0.09296306770566462,0.17640184387487623,0.08343877616921161
W02000098,Powys 002,2021,13,0.1396089447123203,0.01577833622180705,0.13785097454369727,5.311573172444642e-4,0.09297796035922817,0.18398204046655614,0.09100408010732797
W02000099,Powys 003,2021,15,0.18947225976330812,0.01591104740415212,0.1733414393436431,7.125530887953751e-4,0.12255996898667854,0.2275931567851008,0.10503318779842227
W02000100,Powys 004,2021,32,0.30084786128152663,0.00830158794306465,0.13253193012539036,3.7019952202139994e-4,0.09517920027954874,0.17149563690622602,0.07631643662667728
W02000101,Powys 005,2021,19,0,0,0.13583647295763338,5.295454760864057e-4,0.09056681458998139,0.1814162040392304,0.090849389449249
W02000102,Powys 006,2021,16,0.02711225174705767,7.801651154317132e-4,0.13217344177983897,4.185597825006222e-4,0.09097347678530851,0.17205033012965545,0.08107685334434694
W02000103,Powys 007,2021,14,0.187231220486261,0.01082193626267944,0.1398557176500223,4.478617476312285e-4,0.0991252731432854,0.18270012891915594,0.08357485577587054
W02000104,Powys 008,2021,13,0.23218260438122432,0.01430912483758249,0.16599696597449276,5.671930469960186e-4,0.12048595714826185,0.21434894915279984,0.09386299200453799
W02000105,Powys 009,2021,15,0.06604678770346228,0.00420809146373214,0.16926558494393448,6.45484260117863e-4,0.11966318951332561,0.2198249222654491,0.1001617327521235
W02000106,Powys 010,2021,13,0.04418643323889526,0.00196485453236236,0.13886736550662906,3.901222199077064e-4,0.10063637742786269,0.17888460050478838,0.0782482230769257
W02000107,Powys 011,2021,20,0.09419578553554664,0.00457976452741175,0.14243575123591745,4.3749141648464015e-4,0.10296664646294156,0.18565989922250498,0.08269325275956342
W02000108,Powys 012,2021,17,0.13071439914755056,0.00880585338095505,0.12720032280362673,4.491296045978157e-4,0.0840923576735915,0.16801863359113245,0.08392627591754095
W02000109,Powys 013,2021,19,0.04606357820323005,0.00115671687406302,0.17833886026102835,6.631050605333187e-4,0.13044222820224805,0.23160963347193933,0.10116740526969129
W02000110,Powys 014,2021,25,0.07649586349486223,0.0031622018401281,0.14008332633541937,3.792490510108778e-4,0.10271202644435265,0.17987953644063692,0.07716750999628427
W02000111,Powys 015,2021,13,0.34563781929446286,0.02651960369840405,0.1267985270950799,4.0186826623948493e-4,0.08736753505201238,0.16676435712896026,0.07939682207694788
W02000113,Powys 017,2021,13,0.0333264045456834,0.00114665466007505,0.16139064412845072,8.061894278824575e-4,0.1069102033537119,0.21873103197213584,0.11182082861842393
W02000114,Powys 018,2021,18,0.1058660636516851,0.0039952661471837,0.11534332420284014,3.830033312710781e-4,0.07711004435229785,0.1548431644091477,0.07773312005684985
W02000116,Ceredigion 001,2021,6,0,0,0.11245548971051315,5.906525054316694e-4,0.06243456107848366,0.15843268948198058,0.09599812840349692
W02000117,Ceredigion 002,2021,8,0,0,0.18497696958861906,6.324755120704974e-4,0.1343748528007645,0.23360837995749237,0.09923352715672787
W02000118,Ceredigion 003,2021,11,0,0,0.1564210056417947,7.080795357157638e-4,0.10417684468887875,0.20927971837836729,0.10510287368948854
W02000120,Ceredigion 005,2021,6,0,0,0.12509489601474255,5.699173491814473e-4,0.07789432120140866,0.1723190017578104,0.09442468055640174
W02000122,Ceredigion 007,2021,11,0,0,0.11502163019362169,5.125946851083399e-4,0.06967783392890996,0.15914196516327128,0.08946413123436132
W02000123,Ceredigion 008,2021,5,0.13408260985062156,0.01713986999890884,0.1359149357522637,4.8127558264947004e-4,0.09445774000749817,0.18167680274899042,0.08721906274149226
W02000124,Ceredigion 009,2021,10,0,0,0.12743831090054755,5.755602781814875e-4,0.07989170745591229,0.1746695446825478,0.09477783722663552
W02000125,Ceredigion 010,2021,12,0.21917961940435535,0.02239875888291658,0.1147259446471875,4.4034228677150734e-4,0.07265723079379566,0.15569209648541957,0.08303486569162391
W02000126,Pembrokeshire 001,2021,6,0,0,0.11965349358017487,4.886375297791599e-4,0.0760824168679568,0.16372605116297154,0.08764363429501473
W02000127,Pembrokeshire 002,2021,15,0,0,0.11841403129658506,6.457682517083795e-4,0.06736732171325086,0.16775644559169017,0.10038912387843932
W02000128,Pembrokeshire 003,2021,9,0.05785220874888427,0.0024423752881622,0.13461756567191593,7.086871430571733e-4,0.08382541777557573,0.18903620889983191,0.10521079112425619
W02000129,Pembrokeshire 004,2021,6,0,0,0.11445407238125288,5.012498033981228e-4,0.0692916817046304,0.15797796674630518,0.08868628504167478
W02000130,Pembrokeshire 005,2021,10,0.0218462097672741,5.505489771829779e-4,0.16087574710262456,7.058661284446711e-4,0.10916406840307853,0.21406078881041718,0.10489672040733865
W02000131,Pembrokeshire 006,2021,14,0,0,0.1318627753034431,6.389721641184009e-4,0.08134187956855815,0.1811184942249341,0.09977661465637594
W02000132,Pembrokeshire 007,2021,6,0,0,0.10331016512017928,6.787195970389161e-4,0.04983672621669774,0.15274582085162303,0.10290909463492529
W02000133,Pembrokeshire 008,2021,10,0.41283899813086133,0.04757877286985046,0.12647557556995365,6.014232898989731e-4,0.07915034614746237,0.176107476510285,0.09695713036282262
W02000134,Pembrokeshire 009,2021,10,0.35622973532524743,0.0621289595695766,0.13421229097281573,7.514134378495129e-4,0.08125142646494066,0.18939478802393683,0.10814336155899618
W02000135,Pembrokeshire 010,2021,10,0,0,0.14410541218479003,7.740891915181193e-4,0.08937461378112388,0.19910957784173353,0.10973496406060965
W02000136,Pembrokeshire 011,2021,15,0,0,0.09659983386839517,6.131864499437073e-4,0.04651595724653251,0.14411652102756078,0.09760056378102827
W02000137,Pembrokeshire 012,2021,15,0.05001729164591482,0.002476362984288,0.14100399632916613,8.761116776756853e-4,0.08233381048911523,0.19909389059552624,0.11676008010641101
W02000138,Pembrokeshire 013,2021,12,0,0,0.11990254503050607,0.001081705936069469,0.05402901022709074,0.18356534286710696,0.12953633264001624
W02000139,Pembrokeshire 014,2021,11,0,0,0.10249635331790333,7.707725023723359e-4,0.04778083752536622,0.15716471635298823,0.10938387882762202
W02000140,Pembrokeshire 015,2021,9,0.14526186177297862,0.01480410744747963,0.12367472080619636,0.0010244115608789037,0.06047518704491135,0.18653275018611867,0.1260575631412073
W02000141,Pembrokeshire 016,2021,10,0,0,0.10556510105581865,8.90183614799745e-4,0.04539441306006264,0.16288448781143197,0.11749007475136933
W02000142,Carmarthenshire 001,2021,9,0.13704682389226022,0.01606175013541019,0.12703960178951648,4.729040152366728e-4,0.0840020109974245,0.17042411364888474,0.08642210265146023
W02000143,Carmarthenshire 002,2021,6,0,0,0.118667878227166,4.4222458513499055e-4,0.07446724697778988,0.1582820805354721,0.08381483355768223
W02000144,Carmarthenshire 003,2021,9,0.09097016580598384,0.00862237090412444,0.11904382729042226,4.93054204860479e-4,0.07487423462361495,0.16285544099383875,0.0879812063702238
W02000145,Carmarthenshire 004,2021,7,0.23456238084119208,0.03797704043668866,0.1282598375402827,4.4771023170639754e-4,0.08752483643479467,0.17174183165971266,0.08421699522491799
W02000146,Carmarthenshire 005,2021,2,0,0,0.11850697232110745,4.531161723076039e-4,0.07512848213141621,0.15983704025683904,0.08470855812542283
W02000147,Carmarthenshire 006,2021,7,0,0,0.13839830570682482,5.039775205688164e-4,0.09408171699748707,0.18315204694648224,0.08907032994899516
W02000148,Carmarthenshire 007,2021,6,0,0,0.15118525129414026,8.285096737172989e-4,0.09489536728238993,0.20879082056956627,0.11389545328717635
W02000149,Carmarthenshire 008,2021,6,0.19823795880340647,0.03118803907968298,0.14366098022141405,5.78536374130644e-4,0.09652591869762611,0.19173388315290538,0.09520796445527926
W02000151,Carmarthenshire 010,2021,4,0,0,0.13781194516431663,4.865675426761785e-4,0.09513508177304981,0.1828354307004321,0.08770034892738228
W02000152,Carmarthenshire 011,2021,8,0.06020085014244122,0.0037736298794235,0.13063593818555472,4.7926329128361583e-4,0.08749351040831252,0.17448094381001333,0.08698743340170081
W02000153,Carmarthenshire 012,2021,7,0,0,0.1210041245049617,5.817873886189308e-4,0.07212032239727478,0.16768647017003527,0.09556614777276048
W02000154,Carmarthenshire 013,2021,8,0.2285910182098281,0.01805950830733252,0.1468276116008092,6.229138095157211e-4,0.0994131720858843,0.19826453991637255,0.09885136783048826
W02000156,Carmarthenshire 015,2021,12,0,0,0.12820335071110472,5.847064228115921e-4,0.07914949264650911,0.17498003713391613,0.09583054448740702
W02000157,Carmarthenshire 016,2021,4,0,0,0.13862882862351328,5.25810277588825e-4,0.09390678314209155,0.18480250373597684,0.09089572059388529
W02000158,Carmarthenshire 017,2021,15,0.04756372055979965,0.00224029093699532,0.13142353687656233,5.072994519605828e-4,0.08743090292610653,0.1767148090286972,0.08928390610259068
W02000159,Carmarthenshire 018,2021,9,0.08954296808812531,0.00772963009383915,0.14270042083088802,6.359554763149671e-4,0.09301352012988187,0.19272988860083692,0.09971636847095505
W02000160,Carmarthenshire 019,2021,5,0,0,0.14030556023115245,6.012517874944279e-4,0.09298857833690882,0.1900959618515698,0.09710738351466097
W02000161,Carmarthenshire 020,2021,11,0.09864675077769616,0.00928749944213018,0.15677928290167184,6.894489543983577e-4,0.10539867491670549,0.20908734595772127,0.10368867104101578
W02000162,Carmarthenshire 021,2021,11,0.03230184194529271,0.00120239049805652,0.13620510718821355,8.879927906429476e-4,0.07706836079005253,0.19489619141223113,0.11782783062217861
W02000163,Carmarthenshire 022,2021,12,0.23659184026031504,0.02579313541890911,0.16818074805303848,7.351257708268291e-4,0.11609563453709579,0.22292491494231517,0.10682928040521938
W02000164,Carmarthenshire 023,2021,7,0.26102730416474546,0.02976521032347925,0.1625049220772147,6.099346550115793e-4,0.11598397208825983,0.2134566476845498,0.09747267559628997
W02000165,Carmarthenshire 024,2021,7,0.7492109322523505,0.04213698707853686,0.17300120576982775,7.851016851348237e-4,0.11911796351167367,0.2296210911966367,0.11050312768496304
W02000166,Carmarthenshire 025,2021,4,0.15612989955161513,0.02693023445625694,0.16458393019928008,7.91609370432024e-4,0.11071752842485641,0.2217624641185615,0.11104493569370508
W02000167,Carmarthenshire 026,2021,9,0.33604421260374767,0.04204022748596404,0.19776672335565995,9.035531322124507e-4,0.14197559588403907,0.26022782215056817,0.11825222626652909
W02000168,Swansea 001,2021,13,0,0,0.11995226170724692,6.013089672553228e-4,0.06998980715489656,0.16692391119202007,0.09693410403712352
W02000169,Swansea 002,2021,6,0.32726129190546793,0.06176508163109479,0.13652513709600578,4.7729174553056217e-4,0.09571509965252308,0.18278456034464372,0.08706946069212064
W02000170,Swansea 003,2021,5,0,0,0.12276315438755149,6.424024194989584e-4,0.07240988491303137,0.17270594493175412,0.10029606001872275
W02000171,Swansea 004,2021,9,0.23017958058915464,0.02603927313980572,0.11774411658041191,5.287711071547339e-4,0.07317028101687874,0.16448434471889514,0.0913140637020164
W02000172,Swansea 005,2021,8,0.09428135406700092,0.00865036864405945,0.11123936158162791,8.398990710322892e-4,0.05250485309406918,0.1669056510533426,0.11440079795927341
W02000173,Swansea 006,2021,12,0.31339800305349097,0.04472444693261124,0.12452362338735513,6.422951340555352e-4,0.07416989857917851,0.17443413624747833,0.10026423766829982
W02000174,Swansea 007,2021,13,0.06210812928663949,0.0037572545052504,0.1038084387193886,6.295756663481715e-4,0.05326910781399652,0.15239771847424233,0.09912861066024581
W02000175,Swansea 008,2021,3,0,0,0.12787595121045062,8.88040672020151e-4,0.0681059135883815,0.18594626493840932,0.11784035135002782
W02000176,Swansea 009,2021,7,0.3415309764087192,0.06091412099118625,0.1222176369706166,5.688863100032377e-4,0.07533109316474507,0.16983042967170053,0.09449933650695547
W02000177,Swansea 010,2021,8,0,0,0.11198911978343098,7.89760938943531e-4,0.054655367601055695,0.16562380317673026,0.11096843557567457
W02000178,Swansea 011,2021,13,0.10557749277367684,0.00973051594575015,0.13556642142280323,6.763601913588116e-4,0.08259167618532029,0.18521663888360557,0.10262496269828528
W02000179,Swansea 012,2021,10,0.08944517479268621,0.00754761580464424,0.10248386134233188,5.823042351783669e-4,0.054672161539382626,0.15003937678469403,0.09536721524531142
W02000180,Swansea 013,2021,5,0,0,0.12148566712560938,6.106988047752063e-4,0.0717082370364216,0.16946034823016648,0.09775211119374488
W02000181,Swansea 014,2021,5,0,0,0.12949768433428244,7.615029066186246e-4,0.07479444240442704,0.18387515696558346,0.10908071456115642
W02000182,Swansea 015,2021,11,0.03075304023895119,0.00112422444029347,0.1237485332826617,6.739187621169032e-4,0.07191342881807836,0.1744714339289684,0.10255800511089005
W02000183,Swansea 016,2021,11,0,0,0.14415410990328353,5.646751492017418e-4,0.09660913745308881,0.19059189876388388,0.09398276131079507
W02000184,Swansea 017,2021,5,0.1945492170053909,0.03330182419997291,0.11613782857291895,5.889482807759604e-4,0.06797697499658392,0.16392191227661432,0.0959449372800304
W02000185,Swansea 018,2021,12,0,0,0.09720997326063519,7.399317171043664e-4,0.04308889609058127,0.150453270870316,0.10736437477973473
W02000186,Swansea 019,2021,11,0.1650752298991866,0.02123591473622745,0.15711747919643856,6.45842372595639e-4,0.10780028038370648,0.2082487731185962,0.1004484927348897
W02000188,Swansea 021,2021,10,0.02512028909033901,6.998130632569989e-4,0.14502978206439832,9.142862422399193e-4,0.08477445661353936,0.2042146464485363,0.11944018983499693
W02000189,Swansea 022,2021,10,0,0,0.10724938403994795,6.915020542488225e-4,0.05462495049512625,0.15833689653951397,0.10371194604438772
W02000191,Swansea 024,2021,8,0.3988146059280348,0.04014108920948344,0.1448733235056459,7.344386385254864e-4,0.09257812214753894,0.1997541452679885,0.10717602312044955
W02000192,Swansea 025,2021,10,0.08772431892535032,0.00746695727101445,0.16421197053941297,6.640217065589371e-4,0.11279998040922969,0.21447599848026236,0.10167601807103267
W02000193,Swansea 026,2021,10,0.3583113814135157,0.03493154188568444,0.1568399896509688,7.622884220835624e-4,0.10182054608547406,0.21071857787480863,0.10889803178933458
W02000194,Swansea 027,2021,7,0,0,0.0997985624611897,6.940229775747268e-4,0.04585873468506247,0.14980914120832167,0.10395040652325921
W02000195,Swansea 028,2021,13,0.10947433149693314,0.0065984111173372,0.10244998107097997,7.769069712727576e-4,0.048469119918122264,0.15843198939803677,0.1099628694799145
W02000196,Swansea 029,2021,7,0,0,0.09796039902794398,0.0011186513775132691,0.03059389612895609,0.16249461191222658,0.1319007157832705
W02000197,Swansea 030,2021,7,0,0,0.08059459375575626,8.019859494007627e-4,0.023112828438509266,0.13484371096853043,0.11173088253002117
W02000198,Swansea 031,2021,11,0.17904818711813564,0.01186535148014989,0.11435125880210699,0.001091402035280983,0.050482935884738095,0.18074835723604366,0.13026542135130556
W02000200,Neath Port Talbot 002,2021,8,0.1350110123263027,0.01593009202442366,0.1263127903411447,5.278962434231392e-4,0.07999540445188995,0.17105688941700475,0.0910614849651148
W02000201,Neath Port Talbot 003,2021,12,0,0,0.12057701851013529,4.982981617443951e-4,0.07403321299642546,0.1623539650295493,0.08832075203312384
W02000202,Neath Port Talbot 004,2021,9,0.2437751959290285,0.02544080132501822,0.13623991498872212,4.908098313031391e-4,0.09388927552355354,0.18207934634748005,0.0881900708239265
W02000204,Neath Port Talbot 006,2021,6,0.1782666596818152,0.02778396467983425,0.12012845718220082,6.207784886878323e-4,0.07026067168266607,0.16902233125229763,0.09876165956963155
W02000205,Neath Port Talbot 007,2021,6,0.35840498484678074,0.04385432942156078,0.12749857071549475,6.034928347444131e-4,0.07920688425484995,0.17650261016998298,0.09729572591513302
W02000206,Neath Port Talbot 008,2021,14,0.07142232075243102,0.0027191382455396,0.17149139839289493,7.089312908664347e-4,0.11962228483904697,0.2247192993483071,0.10509701450926012
W02000207,Neath Port Talbot 009,2021,10,0.25905486006221407,0.02018704851764841,0.1383507443121414,5.85791568573201e-4,0.0908748458210091,0.18662374608814275,0.09574890026713365
W02000208,Neath Port Talbot 010,2021,8,0.06567448442388035,0.00435618132141005,0.13477771156106727,6.967220210226977e-4,0.08201754421953011,0.18632218081431773,0.10430463659478761
W02000210,Neath Port Talbot 012,2021,6,0.16203712282595134,0.02539782339713333,0.16881898118113794,7.789310261839022e-4,0.11520865766343744,0.22550577659615986,0.11029711893272243
W02000211,Neath Port Talbot 013,2021,12,0.23553312616071945,0.01659358717647248,0.16833965695796219,6.475273689853164e-4,0.11913045642264222,0.21974212438980426,0.10061166796716203
W02000212,Neath Port Talbot 014,2021,10,0.2677788171470654,0.02614717165176611,0.15338779132984245,4.694356195801968e-4,0.111996528627991,0.19809191151755037,0.08609538288955937
W02000213,Neath Port Talbot 015,2021,8,0.05389160108305756,0.00299139629101427,0.132522487392841,6.349932444236658e-4,0.08160876732638318,0.18123812125866995,0.09962935393228677
W02000214,Neath Port Talbot 016,2021,6,0.06823242992753273,0.00496713397966649,0.14867882646684075,9.041508152848771e-4,0.08895160277937542,0.2076734428717466,0.11872184009237119
W02000215,Neath Port Talbot 017,2021,6,0.29535108093288087,0.03444030204686686,0.15031773177400704,9.03772889750739e-4,0.08991569006562078,0.20856187131002607,0.11864618124440529
W02000216,Neath Port Talbot 018,2021,10,0.1939132220476324,0.0146557278124347,0.15446450310722817,6.221419300124036e-4,0.10580560634277655,0.20449877875417466,0.0986931724113981
W02000217,Neath Port Talbot 019,2021,6,0.09387957998462136,0.00896470657534745,0.14257203021826886,5.535522233065526e-4,0.09393975111681324,0.18716140484078755,0.09322165372397431
W02000218,Bridgend 001,2021,10,0.15800958585742095,0.01255934277332099,0.16553102692916075,5.51621063182052e-4,0.1198832150406533,0.21294182847086648,0.09305861343021318
W02000219,Bridgend 002,2021,7,0.3443152298894676,0.0426693919353435,0.16584292797602093,6.591212711687841e-4,0.1165606949592633,0.21815975322180475,0.10159905826254145
W02000220,Bridgend 003,2021,5,0.3163729247039421,0.04674368472405334,0.15687747380114483,5.288040075319272e-4,0.11226292895819728,0.20353819913275908,0.0912752701745618
W02000221,Bridgend 004,2021,6,0.1706260169161869,0.02459766896340362,0.1646373349757522,4.7965937041459164e-4,0.12273673196397789,0.20981157071973744,0.08707483875575955
W02000222,Bridgend 005,2021,8,0.19854904870901657,0.01952349031918925,0.15028356391781736,5.176181652143778e-4,0.10587208021552526,0.19603523436488046,0.0901631541493552
W02000223,Bridgend 006,2021,12,0.08401065019598318,0.00655594113393967,0.14837935140415634,5.117886842557032e-4,0.10215218436961748,0.19179868507912506,0.08964650070950758
W02000224,Bridgend 007,2021,8,0.7152273905640969,0.02567485584309066,0.16790392904449628,5.740128534344469e-4,0.12190691524244218,0.21678260247787512,0.09487568723543294
W02000225,Bridgend 008,2021,15,0.17185562126867276,0.01169144608310289,0.15295738947992932,6.302792879659784e-4,0.10307683072332316,0.2023434517851867,0.09926662106186354
W02000226,Bridgend 009,2021,13,0.1877215164823944,0.0112726673227187,0.15934692765087283,5.192902327354094e-4,0.11594654439937382,0.2062013296520086,0.09025478525263478
W02000227,Bridgend 010,2021,11,0.39761037884404415,0.03566960811240275,0.16828492972790332,5.885577488491667e-4,0.12159150490912543,0.21749343605962038,0.09590193115049495
W02000228,Bridgend 011,2021,6,0.4101397733803831,0.07212175581950968,0.16857200734217484,5.756087084040212e-4,0.12169094293070518,0.2166436936103975,0.09495275067969233
W02000229,Bridgend 012,2021,10,0.372596028853177,0.05143712390680408,0.1601174009464188,7.899486342922701e-4,0.10486176725324961,0.21588093360016108,0.11101916634691147
W02000230,Bridgend 013,2021,6,0.2016441058332007,0.03198579527481923,0.15039007428079107,4.943902132156751e-4,0.10681917680272698,0.19496056074378035,0.08814138394105336
W02000231,Bridgend 014,2021,13,0.2472861559093759,0.02086188485061717,0.1834915139943602,6.466441487953668e-4,0.13448389961445228,0.23494150681601933,0.10045760720156705
W02000232,Bridgend 015,2021,7,0.2089893262583731,0.03245549152384563,0.16104279653158066,5.493273036425681e-4,0.11585526592878909,0.20861286660142397,0.09275760067263489
W02000233,Bridgend 016,2021,11,0.1889879167546872,0.01679458206755793,0.16228242555469366,7.842421335337926e-4,0.10706612903508836,0.21772214062932277,0.11065601159423441
W02000234,Bridgend 017,2021,7,0.23793242127900188,0.02837439863724711,0.16937775662165827,8.211631927646651e-4,0.1145736901910321,0.22763888185633768,0.11306519166530558
W02000235,Bridgend 018,2021,7,0.5408530781595624,0.05900934608218884,0.14860901247056427,8.655610103465959e-4,0.09135457268967861,0.20751501996671845,0.11616044727703984
W02000236,Bridgend 019,2021,12,0.7427696585151857,0.02582544992658348,0.16376708724239614,8.253126318851639e-4,0.10868803873588767,0.22199486532869434,0.11330682659280666
W02000237,Vale of Glamorgan 001,2021,6,0,0,0.14836270402695428,4.941961815686062e-4,0.10446848185497465,0.19251805205510902,0.08804957020013437
W02000238,Vale of Glamorgan 002,2021,10,0.0697226178451028,0.00512124616335283,0.14135429803134955,5.622203212953433e-4,0.09434734407630876,0.1882114872053155,0.09386414312900673
W02000239,Vale of Glamorgan 003,2021,13,0.0878882555274812,0.00447735435358631,0.15170663150764407,4.4840717970020405e-4,0.11007922273191237,0.19402673903072398,0.08394751629881161
W02000240,Vale of Glamorgan 004,2021,11,0.3842605519584914,0.02654797717361021,0.1781236363601186,6.780198742426316e-4,0.12888360603229104,0.23176589618485283,0.10288229015256178
W02000241,Vale of Glamorgan 005,2021,10,0.3254299456153663,0.02399623667622223,0.1693153064423632,8.427831985846275e-4,0.11296794898806531,0.22754636509091625,0.11457841610285094
W02000242,Vale of Glamorgan 006,2021,7,0.23229378979409,0.02616522429055024,0.15930027422803658,6.915846829390164e-4,0.10824158206499768,0.2121832392841647,0.10394165721916701
W02000243,Vale of Glamorgan 007,2021,17,0.09583720050472132,0.00445311557213456,0.1767032953948094,6.627854400554356e-4,0.12566237570372163,0.22728719632909522,0.10162482062537359
W02000244,Vale of Glamorgan 008,2021,11,0.0930599756826962,0.00814188401424482,0.15329128160402544,5.870188196062248e-4,0.10503851967785553,0.20077080114649445,0.09573228146863892
W02000245,Vale of Glamorgan 009,2021,6,0,0,0.1652540354312555,5.975041105804324e-4,0.11570860273835594,0.21238007797895725,0.09667147524060131
W02000246,Vale of Glamorgan 010,2021,7,0.40298903120194407,0.04840920788628492,0.15851018338958708,7.418257739520082e-4,0.10649618415724155,0.2140564792093631,0.10756029505212156
W02000247,Vale of Glamorgan 011,2021,6,0.5089711206498703,0.04487040727336258,0.17699512613982055,8.118217824262046e-4,0.12344870019125746,0.23570003952027987,0.11225133932902241
W02000248,Vale of Glamorgan 012,2021,8,0.09452546823005964,0.00857139382610514,0.18761366310870617,6.945722751607459e-4,0.13635165442118963,0.24034741486602268,0.10399576044483305
W02000249,Vale of Glamorgan 013,2021,1,0,0,0.18056980253167595,7.863258630230603e-4,0.12634901600028792,0.23712685626874547,0.11077784026845755
W02000250,Vale of Glamorgan 014,2021,4,0.25625338871703796,0.05443056319780204,0.16947473140554187,6.096352090126482e-4,0.12207820664848418,0.21968500895371396,0.09760680230522978
W02000251,Vale of Glamorgan 015,2021,12,0,0,0.17484965612904912,5.658004487730343e-4,0.1282664997554587,0.22222609654477238,0.09395959678931368
W02000252,Rhondda Cynon Taf 001,2021,12,0,0,0.13009628751050992,4.218715654156873e-4,0.08633016823117637,0.16811822525001066,0.08178805701883429
W02000253,Rhondda Cynon Taf 002,2021,8,0,0,0.126987531390725,6.723858596525688e-4,0.07351537595100327,0.17602201797939906,0.1025066420283958
W02000254,Rhondda Cynon Taf 003,2021,6,0.45613524911080167,0.07806328820345773,0.13144454086950066,5.5397168239164e-4,0.08337855705239505,0.17665272232746113,0.09327416527506607
W02000255,Rhondda Cynon Taf 004,2021,9,0.21476578694195855,0.03247331881536928,0.13112889403748418,5.305458041332914e-4,0.08449208116068044,0.17579380326996724,0.0913017221092868
W02000256,Rhondda Cynon Taf 005,2021,5,0.11179896075730704,0.01287202005263511,0.14805675338713303,5.46127641565891e-4,0.10209279619127347,0.19495058250516842,0.09285778631389495
W02000257,Rhondda Cynon Taf 006,2021,4,0,0,0.14131447208648443,4.891456619384832e-4,0.0962641366762239,0.18413257205250666,0.08786843537628276
W02000258,Rhondda Cynon Taf 007,2021,8,0,0,0.13755994658241974,5.185078344341205e-4,0.09100528572543386,0.18120016543046935,0.0901948797050355
W02000259,Rhondda Cynon Taf 008,2021,8,0,0,0.14312979003245058,6.694699266726751e-4,0.09015054995542088,0.1924924201257442,0.10234187017032331
W02000260,Rhondda Cynon Taf 009,2021,9,0.2524366414500395,0.01998260887720358,0.14862957574469457,5.370584381783789e-4,0.10349624544251498,0.1957068133930546,0.09221056795053961
W02000261,Rhondda Cynon Taf 010,2021,12,0,0,0.12095694518309633,6.657038114325185e-4,0.06762856027197381,0.16931752009025175,0.10168895981827794
W02000262,Rhondda Cynon Taf 011,2021,7,0,0,0.12300759660584493,8.394000228791436e-4,0.06353081558950044,0.17768562010875674,0.1141548045192563
W02000263,Rhondda Cynon Taf 012,2021,10,0.14227615304313618,0.0098252087922224,0.1447327900348936,5.323977718334691e-4,0.09847116076891992,0.18997663984996335,0.09150547908104344
W02000264,Rhondda Cynon Taf 013,2021,11,0.08858266354524647,0.00730549835997708,0.15280475522192374,5.459340723977664e-4,0.10622967154333263,0.19880115522403868,0.09257148368070606
W02000265,Rhondda Cynon Taf 014,2021,8,0.05132387244528289,0.0028207968927463,0.14732131754420216,6.305409211727655e-4,0.09741295334310046,0.19690298441220522,0.09949003106910476
W02000266,Rhondda Cynon Taf 015,2021,5,0,0,0.15020404030533419,4.951870630778601e-4,0.10739385704972201,0.1960768268415782,0.08868296979185619
W02000267,Rhondda Cynon Taf 016,2021,6,0,0,0.14839498388219582,7.098872569465849e-4,0.09464545503762942,0.20015517005946692,0.10550971502183751
W02000268,Rhondda Cynon Taf 017,2021,3,0,0,0.14629153014554339,5.091895267613812e-4,0.1006775437013375,0.19021106932689236,0.08953352562555486
W02000269,Rhondda Cynon Taf 018,2021,9,0.08489608206896909,0.00688138809569497,0.14223800060277586,5.368038849443285e-4,0.09449284040077259,0.18624634153092579,0.0917535011301532
W02000270,Rhondda Cynon Taf 019,2021,5,0,0,0.1369366622874622,5.834332205191806e-4,0.08750969153255547,0.18332324973465394,0.09581355820209847
W02000271,Rhondda Cynon Taf 020,2021,5,0,0,0.14572144163324932,6.869288070533616e-4,0.09209660779474149,0.19579212798346796,0.10369552018872646
W02000272,Rhondda Cynon Taf 021,2021,7,0.23744356703814623,0.03912458022743475,0.151218038727089,4.7609231514133063e-4,0.10823092984642183,0.19503373638894614,0.08680280654252431
W02000273,Rhondda Cynon Taf 022,2021,4,0.4992046024265114,0.08652624919370804,0.18340273679777472,5.969467943502533e-4,0.13540145332453424,0.23232995860855798,0.09692850528402375
W02000274,Rhondda Cynon Taf 023,2021,13,0.07445337174504847,0.00523924836027016,0.1484838878807948,5.525343575032844e-4,0.10131574411268529,0.19443966840683652,0.09312392429415123
W02000275,Rhondda Cynon Taf 024,2021,6,0,0,0.1489605500315613,5.144795743414442e-4,0.10373761454057463,0.1938289207588883,0.09009130621831367
W02000276,Rhondda Cynon Taf 025,2021,3,0,0,0.1455788382874134,5.819127872327551e-4,0.09703606609274357,0.19272637710035215,0.09569031100760858
W02000277,Rhondda Cynon Taf 026,2021,5,0.20879429506292893,0.0361116556916902,0.15314128436835134,5.389686119301914e-4,0.10703874117553683,0.19918915100269127,0.09215040982715444
W02000278,Rhondda Cynon Taf 027,2021,8,0.18255421188670268,0.01776429243785815,0.14202387512597195,5.162479844997465e-4,0.09679719686787236,0.1869602032434565,0.09016300637558414
W02000279,Rhondda Cynon Taf 028,2021,8,0.1231693676092707,0.01379060584948184,0.15125878557528796,5.64343908040818e-4,0.10450015576992926,0.19868380860491516,0.0941836528349859
W02000280,Rhondda Cynon Taf 029,2021,7,0.24440039640518788,0.04037675502059418,0.1553767413780965,5.142588505670058e-4,0.11056778042403917,0.20058852855004838,0.09002074812600921
W02000281,Rhondda Cynon Taf 030,2021,11,0.06235284232741819,0.00384542022198588,0.14237186707138355,4.831690808343412e-4,0.09735514512959388,0.18458550792372852,0.08723036279413464
W02000282,Rhondda Cynon Taf 031,2021,8,0,0,0.14660278522053213,5.24819788292958e-4,0.0997038363707625,0.19063157106820183,0.09092773469743934
W02000284,Merthyr Tydfil 002,2021,8,0,0,0.14103846526042027,4.659387791701233e-4,0.09656392541139201,0.1821119932857944,0.08554806787440238
W02000285,Merthyr Tydfil 003,2021,14,0.04783204821367207,0.0022579170183266,0.12835976532249593,4.606619029986874e-4,0.08453150136302742,0.16957376958716716,0.08504226822413974
W02000286,Merthyr Tydfil 004,2021,13,0,0,0.1719302074411394,5.806746731544797e-4,0.1255441681114126,0.22080947524599132,0.0952653071345787
W02000287,Merthyr Tydfil 005,2021,15,0.28424014016189636,0.01580350178666467,0.16539741162120467,5.93657828478103e-4,0.12126215235667276,0.21781908772276937,0.09655693536609661
W02000288,Merthyr Tydfil 006,2021,15,0,0,0.1492858614063186,3.8772988206273515e-4,0.1107031569400472,0.18889223053879617,0.07818907359874896
W02000289,Merthyr Tydfil 007,2021,10,0.502546487410291,0.02752522054250398,0.13937460224235007,4.4100982397991475e-4,0.09803264487273827,0.18122849986437237,0.0831958549916341
W02000290,Caerphilly 001,2021,8,0.1505846982555116,0.01136164469830365,0.15374292768408482,5.241103747331555e-4,0.11055163309066571,0.20164361878101444,0.09109198569034874
W02000291,Caerphilly 002,2021,6,0.29516036906540793,0.03690597982520536,0.1498839540805535,4.750866881451863e-4,0.10739857538128586,0.1941753163140659,0.08677674093278004
W02000292,Caerphilly 003,2021,6,0,0,0.1422733653740805,5.358353569035467e-4,0.09583680759080943,0.18768606285595144,0.09184925526514201
W02000293,Caerphilly 004,2021,4,0,0,0.13837963476855097,6.800100686119233e-4,0.0851645455339336,0.18849943296792301,0.10333488743398941
W02000294,Caerphilly 005,2021,8,0.1119222634503804,0.01155757883382839,0.13033083715170127,4.897775139094777e-4,0.0879923328065372,0.17602367459466436,0.08803134178812716
W02000295,Caerphilly 006,2021,5,0,0,0.12826081957759117,5.437631240589325e-4,0.08264679951933838,0.17526256534200835,0.09261576582266996
W02000296,Caerphilly 007,2021,7,0.18886448092645217,0.020736039521925,0.1401030123432583,5.31225313165247e-4,0.09523173369601898,0.18683211465992725,0.09160038096390827
W02000297,Caerphilly 008,2021,4,0,0,0.13731776563206197,4.5516540648595297e-4,0.09469732257956832,0.17966448985271996,0.08496716727315164
W02000298,Caerphilly 009,2021,8,0,0,0.11738747468006465,5.924272234861268e-4,0.06673831167873479,0.16309195721422776,0.09635364553549297
W02000299,Caerphilly 010,2021,6,0,0,0.1416507197357897,7.829059938485039e-4,0.0876861621117615,0.19850895295620896,0.11082279084444746
W02000300,Caerphilly 011,2021,5,0,0,0.12648246669238644,5.925375508377788e-4,0.07742606160931266,0.17398121589448146,0.0965551542851688
W02000301,Caerphilly 012,2021,8,0,0,0.13060954438465633,4.8083472266357766e-4,0.0847679014286069,0.17184318740340054,0.08707528597479364
W02000302,Caerphilly 013,2021,8,0,0,0.134329856944038,4.7230671061048243e-4,0.09080570588593859,0.17713500485964723,0.08632929897370864
W02000303,Caerphilly 014,2021,7,0,0,0.12695759544986862,5.008671361817102e-4,0.08184647835089535,0.17065725571947915,0.0888107773685838
W02000304,Caerphilly 015,2021,7,0,0,0.131896336719211,5.014213058208463e-4,0.08619468556095891,0.17506955581655906,0.08887487025560015
W02000305,Caerphilly 016,2021,5,0.573935559463205,0.05833176520419561,0.13248679541298938,8.13750962027536e-4,0.07541872661957671,0.18833248390486113,0.11291375728528441
W02000306,Caerphilly 017,2021,8,0,0,0.13748823792348364,5.192082398906942e-4,0.09254661776074113,0.18295600996846045,0.09040939220771932
W02000307,Caerphilly 018,2021,7,0.4320452407582359,0.03625548987556307,0.16711952137871,6.139232375219627e-4,0.12039737054235597,0.21879829751577945,0.09840092697342348
W02000308,Caerphilly 019,2021,7,0,0,0.1386463926434256,5.115213995353153e-4,0.09255806373882133,0.18224973850766296,0.08969167476884163
W02000309,Caerphilly 020,2021,7,0,0,0.14224228347523135,5.440798243923732e-4,0.09696812763576605,0.18966043521433626,0.09269230757857021
W02000310,Caerphilly 021,2021,7,0,0,0.1417010368994547,4.4794993924659673e-4,0.09869347170941994,0.18283673236551104,0.0841432606560911
W02000311,Caerphilly 022,2021,2,0,0,0.14675199958558155,6.105199490360827e-4,0.09708276409631386,0.19506748720292513,0.09798472310661127
W02000312,Caerphilly 023,2021,5,0.3425450280076635,0.04832520891100893,0.14053515451521328,5.95618856545993e-4,0.09152099331752153,0.18821229022923763,0.0966912969117161
W02000313,Caerphilly 024,2021,3,0,0,0.14571655930141544,5.926531555749334e-4,0.09699843532698849,0.1935853137406492,0.0965868784136607
W02000314,Blaenau Gwent 001,2021,11,0,0,0.10868436838876062,5.660707467284068e-4,0.059709525839619686,0.1534868830326177,0.09377735719299801
W02000315,Blaenau Gwent 002,2021,5,0,0,0.12437920521356309,6.38987160478461e-4,0.07371344225650747,0.1736665980567117,0.09995315580020422
W02000316,Blaenau Gwent 003,2021,8,0,0,0.12581467113087896,4.873003071196973e-4,0.08103044894118404,0.16841772005905076,0.08738727111786672
W02000317,Blaenau Gwent 004,2021,13,0.07684608211718354,0.0055712179983515,0.12197920943272958,5.466208525115539e-4,0.07511800586222112,0.1675272768014282,0.09240927093920709
W02000318,Blaenau Gwent 005,2021,13,0.09591177864401844,0.00500803683223185,0.12008458105333641,4.952367628976196e-4,0.07536109875285789,0.16343015161569815,0.08806905286284027
W02000319,Blaenau Gwent 006,2021,7,0.3324055890215195,0.03546240437466064,0.13573751476756957,4.686847655173999e-4,0.09239934297121626,0.17818798026036856,0.0857886372891523
W02000320,Blaenau Gwent 007,2021,10,0,0,0.1299035851077344,4.7106728182845503e-4,0.08648718299945021,0.1725442005058293,0.08605701750637909
W02000321,Blaenau Gwent 008,2021,13,0.1427824828460426,0.01653797436940841,0.11672430763288276,5.247247387076617e-4,0.06893087871523129,0.15941887202940883,0.09048799331417753
W02000322,Blaenau Gwent 009,2021,12,0.27964622072196255,0.02017118479351907,0.1365934660931324,5.055992610780505e-4,0.09349639745352628,0.1827477918053775,0.08925139435185123
W02000323,Torfaen 001,2021,3,0,0,0.11890847607720716,5.286838442869393e-4,0.07158107449514636,0.16264310295348638,0.09106202845834002
W02000324,Torfaen 002,2021,8,0.14659302990796735,0.01220798597388092,0.12091809641476099,4.644017453633211e-4,0.07800485497319837,0.16358923936876146,0.0855843843955631
W02000325,Torfaen 003,2021,7,0.14780344870627912,0.01885439370001807,0.12861586542218975,6.435512050896598e-4,0.07792587042156218,0.1782546328200134,0.1003287623984512
W02000326,Torfaen 004,2021,8,0,0,0.11992942126769593,5.348112222712723e-4,0.07327645406985406,0.16488329488822318,0.09160684081836912
W02000327,Torfaen 005,2021,7,0,0,0.09446974204312776,5.733547479299697e-4,0.045640132056126444,0.1401981293544986,0.09455799729837217
W02000328,Torfaen 006,2021,6,0.13336829110225745,0.01636135473065036,0.10657933522694772,6.546161160081807e-4,0.054628319863071546,0.15568661987731658,0.10105830001424504
W02000329,Torfaen 007,2021,9,0.07459865787870286,0.00544087502413176,0.1326714540889098,6.219000391203058e-4,0.0845970841093136,0.18339740233897442,0.09880031822966082
W02000330,Torfaen 008,2021,6,0,0,0.11184973094815417,5.746382689482618e-4,0.0643594092614309,0.15931455036771672,0.09495514110628582
W02000331,Torfaen 009,2021,5,0,0,0.1321128806148074,6.79085679149656e-4,0.0801192815132491,0.18305953911713232,0.10294025760388323
W02000332,Torfaen 010,2021,10,0,0,0.12293075475502994,5.393839726782132e-4,0.07528372318429458,0.16698883944509157,0.091705116260797
W02000333,Torfaen 011,2021,14,0,0,0.10883496958096213,5.82792675659723e-4,0.059121046367142195,0.154381195039048,0.09526014867190583
W02000334,Torfaen 012,2021,3,0.43663510383048343,0.09292600955045602,0.11665031785289696,5.143660099663199e-4,0.07234738266919025,0.16245527755589956,0.09010789488670931
W02000335,Torfaen 013,2021,7,0.06905700055019381,0.00495079082797615,0.10535559892923534,4.953711836628693e-4,0.060073737046737005,0.1482698807635059,0.08819614371676888
W02000336,Monmouthshire 001,2021,5,0,0,0.11207398368505814,4.861394261576439e-4,0.06658424850519243,0.15391212179321387,0.08732787328802144
W02000337,Monmouthshire 002,2021,12,0.0664034393909624,0.00464130879896362,0.13693974139470214,8.9199689456659e-4,0.07817083301113778,0.19596493087168673,0.11779409786054895
W02000338,Monmouthshire 003,2021,7,0.08117764504973123,0.00683891887556973,0.12057592506113018,5.06346534073325e-4,0.07820531612253111,0.16764094831684612,0.08943563219431501
W02000339,Monmouthshire 004,2021,22,0.0805840494703497,0.00235258584608737,0.11700686808345068,8.347010752858697e-4,0.05987050975920957,0.17377136765065496,0.11390085789144538
W02000340,Monmouthshire 005,2021,5,0.2493855064044002,0.04461862826729217,0.10536140092810237,4.614325204389084e-4,0.0640741665986552,0.14958368561245117,0.08550951901379597
W02000341,Monmouthshire 006,2021,8,0.05331547271456603,0.0029665693676985,0.0937731912913469,4.159718096721776e-4,0.051886134577598234,0.13271775752755713,0.0808316229499589
W02000342,Monmouthshire 007,2021,9,0,0,0.09487474550650708,5.750180503207009e-4,0.046573239895845546,0.14141613312055895,0.0948428932247134
W02000343,Monmouthshire 008,2021,16,0,0,0.11498148809196503,7.71488707240215e-4,0.05907465898555142,0.16867906914998498,0.10960441016443356
W02000344,Monmouthshire 009,2021,9,0.15467507421381077,0.0150305474461935,0.10770265780213975,5.254229616100566e-4,0.06295566966801874,0.15367838127316508,0.09072271160514633
W02000345,Monmouthshire 010,2021,12,0.2752911092516351,0.01877852125088854,0.13900025239545477,8.288775061735186e-4,0.0840821900099692,0.19770700031692595,0.11362481030695676
W02000346,Monmouthshire 011,2021,9,0,0,0.11262585924861256,6.731976913296867e-4,0.060936701491468875,0.16338680109749412,0.10245009960602525
W02000347,Newport 001,2021,11,0.17701533329397057,0.01331387707291669,0.10768282709013083,5.929957668208315e-4,0.059277662767809325,0.15554144226104294,0.09626377949323361
W02000348,Newport 002,2021,4,0,0,0.10235208421619976,9.122508112250767e-4,0.04047753555653172,0.15955502517270195,0.11907748961617023
W02000349,Newport 003,2021,5,0.11657089572760564,0.01464963988680642,0.1450388706074302,5.784751976273226e-4,0.09759303529460511,0.19279057479666,0.0951975395020549
W02000350,Newport 004,2021,4,0.222557700948331,0.04184543372881259,0.10896486015946504,5.476889231546858e-4,0.06229921177972271,0.15497898678315405,0.09267977500343134
W02000351,Newport 005,2021,2,0.22744423718807197,0.06188759010254333,0.12421658887465421,0.0011162381309683027,0.05800294168659939,0.18980828997215404,0.13180534828555465
W02000352,Newport 006,2021,2,0.519228760498974,0.124907484922061,0.1409167413703777,9.378414138571482e-4,0.0802905017086096,0.2013459635222025,0.12105546181359289
W02000353,Newport 007,2021,4,0.26820930542550536,0.05444648310025773,0.12760465348323488,0.001062873874416951,0.06355291616943452,0.19222179677251544,0.1286688806030809
W02000354,Newport 008,2021,6,0,0,0.10420814566775803,9.209272619722722e-4,0.04279937719002877,0.1624360252232741,0.11963664803324534
W02000355,Newport 009,2021,4,0.11442809147415396,0.01383337750064948,0.11285190153091414,5.45063009150453e-4,0.06520830165268812,0.15767493622644607,0.09246663457375795
W02000356,Newport 010,2021,3,0.8335123279112889,0.02909343926723593,0.1441184613037408,8.340812258749371e-4,0.08764675442343879,0.20175503310493953,0.11410827868150074
W02000357,Newport 011,2021,3,0,0,0.11916671537820882,9.632762307798527e-4,0.056295587806414,0.17852139322621885,0.12222580541980485
W02000358,Newport 012,2021,8,0.40342087507914787,0.03613973204470329,0.11404843809549223,6.579369524546929e-4,0.06294032735601121,0.1643729858414094,0.1014326584853982
W02000359,Newport 013,2021,5,0.1697570567083315,0.02611475602287101,0.1400136153829888,9.549493394753715e-4,0.0790186605028313,0.20084987580587046,0.12183121530303917
W02000360,Newport 014,2021,8,0.22926892251601105,0.036586042294795,0.1437843286050077,9.004671686182152e-4,0.08345796365489597,0.20171793060981624,0.11825996695492028
W02000361,Newport 015,2021,9,0.04798596142166566,0.0024393235280123,0.11951577229868571,7.438187927444398e-4,0.06479147211916818,0.17236756241515042,0.10757609029598224
W02000362,Newport 016,2021,3,0,0,0.11880629332803117,8.218074908143016e-4,0.06052317659026925,0.17384594232359582,0.11332276573332657
W02000363,Newport 017,2021,9,0,0,0.11040345076823198,9.606236542567623e-4,0.04719830332188654,0.1690911333519598,0.12189283003007326
W02000364,Newport 018,2021,6,0.04379930036359009,0.00243647775245415,0.16060530663921968,0.0010732539639518384,0.09465334036239223,0.22403068297268888,0.12937734261029665
W02000365,Newport 019,2021,9,0.48010813542985065,0.0356181991786642,0.13963812016247273,8.829787953692458e-4,0.07995700622256338,0.19728530398881744,0.11732829776625406
W02000366,Newport 020,2021,4,0,0,0.12451838339291696,4.782429740519158e-4,0.08024840792681626,0.1670336107132916,0.08678520278647534
W02000367,Cardiff 001,2021,6,0.14631232104499473,0.02102053179256693,0.15363712788734507,6.130030737949987e-4,0.10704455672663662,0.2050484479654301,0.09800389123879347
W02000368,Cardiff 002,2021,5,0.30445436137243015,0.05767380762701814,0.1595433911374216,8.60380920276821e-4,0.10230956204865338,0.21821016534839116,0.11590060329973778
W02000369,Cardiff 003,2021,8,0.5141819474538545,0.07225310715612424,0.15729776772258755,5.76557663327048e-4,0.11015479950607293,0.2052169994339676,0.09506219992789466
W02000370,Cardiff 004,2021,5,0.28522044059785767,0.05542380009511634,0.15083268029498845,6.998665291225656e-4,0.10000200278779843,0.20467105755893117,0.10466905477113274
W02000371,Cardiff 005,2021,8,0.06381581887068648,0.00428990251898288,0.18020407918214892,6.66970616469767e-4,0.1311783591079018,0.2331539608064574,0.1019756016985556
W02000372,Cardiff 006,2021,7,0,0,0.1569584156396402,5.190717073965817e-4,0.11277390812342869,0.20307137673616044,0.09029746861273175
W02000373,Cardiff 007,2021,8,0,0,0.19669151395541717,8.488707508126082e-4,0.14168852425362222,0.2564676270635027,0.11477910280988046
W02000374,Cardiff 008,2021,8,0.16352208568012455,0.01383165457348628,0.1613494671426242,6.59349601351035e-4,0.11201936230690993,0.21345076464580184,0.10143140233889192
W02000375,Cardiff 009,2021,4,0,0,0.19910921166189416,8.18103792606932e-4,0.14547543027496745,0.25821196970916005,0.1127365394341926
W02000376,Cardiff 010,2021,11,0,0,0.16814496686332323,5.360208875724824e-4,0.12292539274860736,0.21456869928616418,0.09164330653755681
W02000377,Cardiff 011,2021,6,0.5182159042391264,0.0582144569815675,0.1719840318755374,7.313930768942206e-4,0.12063092684842477,0.22747288255526266,0.10684195570683788
W02000378,Cardiff 012,2021,5,0.13365947411566514,0.018358200350305,0.16874860743720232,7.303360780583495e-4,0.11695666508668469,0.22371454667149157,0.10675788158480688
W02000379,Cardiff 013,2021,9,0,0,0.19147041800773687,0.0010186785462516987,0.12991817005653403,0.2559181245466017,0.12599995449006765
W02000380,Cardiff 014,2021,7,0,0,0.14791823936850046,4.573139425539906e-4,0.1051680935690893,0.19016298875790613,0.08499489518881684
W02000381,Cardiff 015,2021,1,0,0,0.1978004784590902,8.123074085429268e-4,0.1443905024072033,0.2566792417465381,0.11228873933933481
W02000382,Cardiff 016,2021,6,0.07653429651474196,0.00624813426685928,0.18266407104657648,8.482435192800132e-4,0.12601030472717045,0.24099073653506103,0.11498043180789058
W02000383,Cardiff 017,2021,5,0.16868443322707682,0.02885570713132928,0.1921830441806351,7.785443612810735e-4,0.13822328295775926,0.24838307431877346,0.1101597913610142
W02000384,Cardiff 018,2021,6,0,0,0.16221875784326034,5.665011859726891e-4,0.11475519723419902,0.20905165066881792,0.0942964534346189
W02000385,Cardiff 019,2021,4,0,0,0.16608835503602898,5.87075675179901e-4,0.11782809380609485,0.21376901816599428,0.09594092435989943
W02000386,Cardiff 020,2021,8,0.5833751796469482,0.03986579755713218,0.16557700065629963,8.313561848061826e-4,0.11018683258255145,0.22401937379940917,0.11383254121685772
W02000387,Cardiff 021,2021,8,0.41316164609251266,0.04486244811532508,0.18852505023012664,6.981568727874103e-4,0.14019103151744386,0.24447131755147145,0.10428028603402759
W02000388,Cardiff 022,2021,8,0.03079413991411704,0.00116276356308988,0.16685843931170113,6.864492476354282e-4,0.11607610273518845,0.21955267980630297,0.10347657707111452
W02000389,Cardiff 023,2021,5,0.11713845390239466,0.0136158054645015,0.1785015661093721,5.405324645816334e-4,0.1317065944448205,0.22390564608514496,0.09219905164032446
W02000390,Cardiff 024,2021,6,0.20692314337625012,0.03299166017010988,0.17510407860426672,7.582663002346537e-4,0.12283183533252973,0.23143737784651625,0.10860554251398652
W02000391,Cardiff 025,2021,4,0.17284998566812504,0.02790491275449387,0.21272555347601854,6.467377862819229e-4,0.1628608051750225,0.2635019248304684,0.10064111965544592
W02000392,Cardiff 026,2021,8,0.16956164171937987,0.0234886960036483,0.17018099381903523,5.491186768131448e-4,0.12534684827961168,0.2181175257471218,0.09277067746751011
W02000393,Cardiff 027,2021,5,0,0,0.1876314221739316,6.62397680580476e-4,0.13774180816597867,0.23946948056101547,0.1017276723950368
W02000394,Cardiff 028,2021,5,0,0,0.2289681948664567,6.009016924810595e-4,0.18186283788403163,0.2788014936361307,0.09693865575209909
W02000395,Cardiff 029,2021,6,0.3244584508651281,0.04226143374591339,0.18680065043803928,7.664957697757214e-4,0.13318893386695158,0.24256954868575595,0.10938061481880437
W02000396,Cardiff 030,2021,4,0,0,0.21199293896493357,6.561545833511928e-4,0.1620103029899525,0.2632789798750068,0.10126867688505431
W02000397,Cardiff 031,2021,10,0.13461226956242411,0.01630492688944871,0.18816602921865533,7.1684244655687e-4,0.1367060804286999,0.24234975822635602,0.10564367779765613
W02000398,Cardiff 032,2021,7,0,0,0.2403889547786425,6.036544787633087e-4,0.19165155346782195,0.288797440766995,0.09714588729917303
W02000399,Cardiff 033,2021,7,0.2355382443273811,0.02513088401112957,0.23708670285539324,7.55112176588614e-4,0.1847023581349364,0.2931757236081707,0.10847336547323427
W02000400,Cardiff 034,2021,5,0.13383546070830082,0.01711177691599993,0.19910672253951797,6.061100163995484e-4,0.15325595482552515,0.25074357572260025,0.0974876208970751
W02000401,Cardiff 035,2021,9,0.4940242110912581,0.04708333986320062,0.1917220507262291,9.283479303251115e-4,0.13372307600267222,0.25382118749207305,0.12009811148940083
W02000402,Cardiff 036,2021,6,0,0,0.21980556220563463,7.168454062095875e-4,0.16631060687193622,0.2721410199921758,0.10583041312023961
W02000403,Cardiff 037,2021,7,0,0,0.19443677623127678,7.150515311114963e-4,0.14211642688215154,0.24783076424116388,0.10571433735901234
W02000404,Cardiff 038,2021,7,0,0,0.19121588114884241,6.41242529492242e-4,0.1399554992032746,0.24013268252983638,0.10017718332656178
W02000405,Cardiff 039,2021,11,0.12852043024098997,0.01414476040138025,0.19946968886255254,7.687968946644558e-4,0.14499643654982625,0.2544824481098666,0.10948601156004034
W02000406,Cardiff 040,2021,7,0,0,0.18474287423093763,9.311898448295455e-4,0.12448740787403073,0.24504501570785092,0.12055760783382019
W02000407,Cardiff 041,2021,7,0,0,0.17881483545245583,0.001099725053039291,0.112747303584688,0.24381906813107596,0.13107176454638797
W02000408,Cardiff 042,2021,5,0,0,0.2052475427144533,7.180210293429441e-4,0.15120021196737157,0.2571967433098572,0.10599653134248563
W02000409,Cardiff 043,2021,8,0,0,0.18794232790353174,7.8975024481652e-4,0.13400231225615544,0.2449043262258398,0.11090201396968435
W02000410,Cardiff 044,2021,4,0,0,0.19504705090071364,8.899596918274105e-4,0.13553398422374585,0.25343015568779625,0.1178961714640504
W02000411,Cardiff 045,2021,6,0.12390080101473344,0.01519457361976722,0.20733216733838936,0.0011280549997665435,0.1441334543588576,0.27646407104949006,0.13233061669063245
W02000412,Cardiff 046,2021,7,0,0,0.18393044372267545,6.94048258619441e-4,0.13095088288565396,0.2350717425876459,0.10412085970199195
W02000414,Powys 020,2021,17,0.13931155955565344,0.00650849234472328,0.12119285121419354,3.566196702720834e-4,0.08402466268424763,0.15924755555271355,0.07522289286846592
W02000415,Merthyr Tydfil 008,2021,14,0.19585793791323836,0.01237457231515581,0.16643566508984703,4.7086932715498936e-4,0.12478933783090215,0.21073300960151323,0.08594367177061107
W02000416,Powys 021,2021,23,0.07227103201458769,0.0027983293569637,0.12245260813872584,3.798159969729473e-4,0.08294050729837968,0.16027598480049085,0.07733547750211117
W02000417,Neath Port Talbot 020,2021,17,0.17453315070401065,0.0163979100923879,0.1219967082342373,5.929391422349155e-4,0.07204895342671065,0.1682913569328181,0.09624240350610745
W02000418,Carmarthenshire 027,2021,13,0.25890622374747385,0.02011824679180617,0.12122102907028842,4.729682836745325e-4,0.07911380902500728,0.16547140659079088,0.0863575975657836
W02000419,Denbighshire 017,2021,6,0.6927867060761899,0.03437899344324663,0.140370212072065,7.900048867456286e-4,0.08627030250601289,0.19730157803937667,0.11103127553336378
W02000421,Ceredigion 011,2021,5,0,0,0.12416755433100726,3.809016823727238e-4,0.08486963880745833,0.16253359220744984,0.0776639533999915
W02000422,Cardiff 048,2021,4,0.6527917608833991,0.06382526590078362,0.2067705248114358,6.698675333111428e-4,0.15728729310028744,0.2597405265878682,0.10245323348758079
W02000423,Cardiff 049,2021,6,0.28636207675085457,0.05171990262301033,0.2027444824850614,5.899927746398151e-4,0.15439536091877543,0.25049646372562534,0.09610110280684991
W02000424,Wrexham 021,2021,3,0,0,0.1107956906548115,6.754709066142775e-4,0.05949486428201529,0.16229698100074474,0.10280211671872946
W02000425,Wrexham 022,2021,3,0.3765990236350886,0.08291873523211025,0.12928663106394864,5.452378415004429e-4,0.08450856775262837,0.17727954021989212,0.09277097246726375
W02000426,Wrexham 023,2021,5,0.1457022301622879,0.01998616893545668,0.1207527119609601,8.806222773306507e-4,0.062002564264891,0.1793577441290289,0.1173551798641379
W02000427,Neath Port Talbot 021,2021,9,0.17594921208937675,0.02407479984200419,0.1325807409653943,4.012937230767274e-4,0.09053599746309604,0.17016343215855204,0.079627434695456
W02000428,Swansea 032,2021,12,0.16492194552070902,0.01449449700169193,0.10179627576596191,5.861174104910652e-4,0.053747046107379105,0.14948551170316227,0.09573846559578317
W02000001,Isle of Anglesey 001,2023,9,0.18565260641894785,0.0160569283101873,0.14337558962002794,6.516798255593522e-4,0.09169293553371727,0.19252870433780475,0.10083576880408748
W02000002,Isle of Anglesey 002,2023,8,0.48853585090916113,0.03329906285454524,0.16002148461681442,6.303940252360835e-4,0.11167018693191216,0.21078084963432692,0.09911066270241475
W02000003,Isle of Anglesey 003,2023,3,0.5456427510644392,0.09405494524933898,0.20508020512176928,0.0013688635222911733,0.13373429836377584,0.27930974152327875,0.1455754431595029
W02000004,Isle of Anglesey 004,2023,11,0,0,0.12290764334046121,7.696310220152436e-4,0.06626154509491491,0.1754889143184028,0.10922736922348789
W02000005,Isle of Anglesey 005,2023,10,0.4171105013713594,0.02600708736442021,0.164590012371865,7.402212858590855e-4,0.11201196786595738,0.21922564855074717,0.10721368068478979
W02000006,Isle of Anglesey 006,2023,5,0,0,0.1608632234887269,6.00231480578417e-4,0.11212767777610104,0.20885733253464608,0.09672965475854504
W02000007,Isle of Anglesey 007,2023,6,0.09184314433287606,0.00845292408699315,0.14864981298921962,6.194164045425499e-4,0.09896629174916473,0.19727038054070645,0.09830408879154172
W02000008,Isle of Anglesey 008,2023,9,0.06211923226941231,0.00386535618315295,0.16788402876762676,9.395185987686912e-4,0.1081350013054278,0.22897401833266479,0.12083901702723698
W02000009,Isle of Anglesey 009,2023,10,0,0,0.15108549745192085,5.533934972284659e-4,0.1040765368183062,0.19705167063640902,0.09297513381810282
W02000010,Gwynedd 001,2023,3,0.8613292132743351,0.02163078010589764,0.22486715899168344,0.0012519955674982902,0.15616327732785534,0.2956619932109838,0.13949871588312845
W02000011,Gwynedd 002,2023,7,0,0,0.1733483384613119,7.04663516007141e-4,0.12111114929124524,0.22577264914630096,0.10466149985505573
W02000012,Gwynedd 003,2023,5,0.4428703168015301,0.05179742526544381,0.15046201596262526,5.944092566471416e-4,0.10167933263649918,0.19797504797989568,0.0962957153433965
W02000013,Gwynedd 004,2023,7,0.15253095293977811,0.01980468659471703,0.16239718680228718,7.504299583461944e-4,0.10931051661599193,0.21739165593490348,0.10808113931891154
W02000014,Gwynedd 005,2023,6,0.7807750363518592,0.02749290513071423,0.16199580650689577,5.490018600073228e-4,0.11677786899879677,0.20943214682379813,0.09265427782500135
W02000015,Gwynedd 006,2023,3,0.4101724213071303,0.09035637635772605,0.1694460708898627,9.129262101008062e-4,0.10973674579805637,0.22901853706070646,0.1192817912626501
W02000016,Gwynedd 007,2023,4,0,0,0.16089411804637901,6.337444734871092e-4,0.11168680681310872,0.2111568678015564,0.09947006098844768
W02000017,Gwynedd 008,2023,3,0.1677875833576799,0.03069489913364147,0.1565356132535231,7.037587696243422e-4,0.10436575245030343,0.20912018511895003,0.1047544326686466
W02000018,Gwynedd 009,2023,3,0.3894890347740432,0.09116285542589674,0.16216157868446493,5.169754696457382e-4,0.11756170268523927,0.20750617225553775,0.08994446957029847
W02000019,Gwynedd 010,2023,5,0.186320668723806,0.02948498924564126,0.15351218659776253,5.002818056046229e-4,0.11002031540677873,0.1984971208234893,0.08847680541671057
W02000020,Gwynedd 011,2023,9,0.1307567077994757,0.01491441663403652,0.14643696395163514,7.026102739062788e-4,0.09423436655831119,0.19877380317042256,0.10453943661211137
W02000021,Gwynedd 012,2023,3,0.4465195232973333,0.09508480775803044,0.16394826135992083,0.0010337790707142592,0.10150041269908129,0.22814987737155107,0.1266494646724698
W02000022,Gwynedd 013,2023,3,0,0,0.1430768245389481,6.253169935726521e-4,0.09327657010443585,0.19206009919304456,0.09878352908860871
W02000023,Gwynedd 014,2023,5,0,0,0.12156163537122996,0.0014688408675575945,0.04462108493464642,0.19559233938557177,0.15097125445092535
W02000024,Gwynedd 015,2023,5,0,0,0.14758381556825828,4.4014722766145756e-4,0.10431543034935481,0.18790512885917784,0.08358969850982303
W02000025,Gwynedd 016,2023,1,0,0,0.15683491324764381,5.890785690725805e-4,0.10877667749843425,0.20482799539062085,0.0960513178921866
W02000026,Gwynedd 017,2023,5,0.41717904425518626,0.05333459473588196,0.14483028726185268,6.091462245138429e-4,0.09529738627711695,0.19296438306624264,0.09766699678912569
W02000027,Conwy 001,2023,6,0.07201612177035013,0.00542375678925592,0.1702779603037584,0.0013338473805527375,0.09871541557488717,0.24278079252777818,0.144065376952891
W02000028,Conwy 002,2023,0,NA,NA,0.15857431184709858,8.470918708144322e-4,0.10165840910587844,0.21641103557945032,0.11475262647357189
W02000029,Conwy 003,2023,4,0.11725684052952652,0.01497783895008014,0.12797011126744964,6.80282979474936e-4,0.07584326561227894,0.17875184621652573,0.10290858060424679
W02000030,Conwy 004,2023,5,0,0,0.14330143172109144,8.367405509431997e-4,0.08632236169431119,0.200482377187569,0.11416001549325781
W02000031,Conwy 005,2023,2,0,0,0.16150033815268663,8.272105449283301e-4,0.10619838381600963,0.21976993268376352,0.11357154886775389
W02000032,Conwy 006,2023,4,0,0,0.12850775407919046,7.783048003142425e-4,0.07220561342547613,0.18230764235680263,0.1101020289313265
W02000033,Conwy 007,2023,8,0.25094443439548175,0.02836874533429019,0.16790761894556744,6.68951755843035e-4,0.11703892894624876,0.21906761528729168,0.10202868634104292
W02000034,Conwy 008,2023,7,0.1634414873861036,0.02349806121853055,0.13451835194007408,6.107415288470509e-4,0.08376469610831425,0.1814064499694668,0.09764175386115256
W02000035,Conwy 009,2023,3,0,0,0.1475004835632828,5.964112058918573e-4,0.09869918680419426,0.195211923267973,0.09651273646377873
W02000036,Conwy 010,2023,5,0,0,0.14099498918094194,5.755285913522645e-4,0.09261552641392828,0.18742478403274748,0.0948092576188192
W02000037,Conwy 011,2023,2,0,0,0.1443593032660979,5.683640715477487e-4,0.09639951660347937,0.19071127173671443,0.09431175513323506
W02000038,Conwy 012,2023,4,0,0,0.13278318990554555,7.367554094342699e-4,0.0777129627648528,0.1848388809190324,0.10712591815417959
W02000039,Conwy 013,2023,3,0,0,0.1350070973148822,9.3028925741441e-4,0.07288191750941947,0.19321579867998878,0.12033388117056931
W02000040,Conwy 014,2023,9,0,0,0.12916885975565234,4.485616642081469e-4,0.08527999611850853,0.16944790237596927,0.08416790625746073
W02000041,Conwy 015,2023,5,0,0,0.14006647772269307,4.756632672880956e-4,0.09511997423528545,0.18174951492858518,0.08662954069329973
W02000042,Denbighshire 001,2023,3,0.3313023329144385,0.08001068469126606,0.1577958281555787,8.793641763183598e-4,0.09995603833562614,0.21697240315867772,0.11701636482305158
W02000043,Denbighshire 002,2023,7,0,0,0.14604315585667368,7.807830262486215e-4,0.08941649885480427,0.19971642832730857,0.1102999294725043
W02000044,Denbighshire 003,2023,3,0.3625484086399611,0.08063175449769942,0.13792614399168765,7.51182861758362e-4,0.08294217317418617,0.19121007448359031,0.10826790130940414
W02000045,Denbighshire 004,2023,3,0.25041531385433663,0.05323223089066296,0.18630578772866802,7.982248899777582e-4,0.13158126261223907,0.24313238394140882,0.11155112132916975
W02000047,Denbighshire 006,2023,6,0,0,0.19482414213482746,8.756663082407287e-4,0.13731569477838498,0.2540561445406968,0.11674044976231182
W02000049,Denbighshire 008,2023,4,0,0,0.14297258931859647,5.275907796815846e-4,0.0966991477017454,0.18768496188055883,0.09098581417881343
W02000050,Denbighshire 009,2023,1,0,0,0.1506863214544267,5.566391031341585e-4,0.10349061069266705,0.19690643382964856,0.09341582313698152
W02000051,Denbighshire 010,2023,3,0,0,0.1343593178101322,5.274209477954157e-4,0.08759034842244667,0.17845112122623763,0.09086077280379096
W02000052,Denbighshire 011,2023,2,0,0,0.1604926763416147,6.706612668087655e-4,0.10864288728436369,0.21107087864617582,0.10242799136181213
W02000053,Denbighshire 012,2023,3,0,0,0.13360104550422852,5.451251294585345e-4,0.08584947750342722,0.17832775167510384,0.09247827417167662
W02000054,Denbighshire 013,2023,3,0.436270444748604,0.09673885970565106,0.1405920207056611,4.370222429424877e-4,0.10003068703001261,0.18309661193782273,0.08306592490781012
W02000055,Denbighshire 014,2023,5,0,0,0.14360943360669945,7.188791973434666e-4,0.08965852684591037,0.19556838107903998,0.10590985423312961
W02000056,Denbighshire 015,2023,2,0,0,0.1369906502569623,5.036003984121608e-4,0.09102610326618958,0.1800847525003042,0.08905864923411462
W02000057,Denbighshire 016,2023,5,0.3749929773727695,0.05028788630254579,0.1485947976918228,4.6479042053506134e-4,0.10548545368104925,0.19110288737277314,0.0856174336917239
W02000058,Flintshire 001,2023,4,0.4212547180351624,0.08495410261225096,0.14334481022488155,6.522570150887218e-4,0.0930094063503229,0.1939161953949954,0.10090678904467251
W02000059,Flintshire 002,2023,3,0,0,0.14967011060274477,6.097932757864605e-4,0.10054597820043945,0.1982362924422116,0.09769031424177216
W02000060,Flintshire 003,2023,4,0.24360117708221335,0.04966091954703872,0.16493342957705975,6.732118089670287e-4,0.11346930554649738,0.21600782316713826,0.10253851762064088
W02000061,Flintshire 004,2023,3,0.21396930860502059,0.04282754655655748,0.18351693900887175,7.851489659682424e-4,0.12869504268027265,0.2392396812525788,0.11054463857230615
W02000062,Flintshire 005,2023,5,0.21277184831160817,0.03628608881694567,0.16054534065567377,6.042979570201334e-4,0.11322124450194161,0.21029631517189268,0.09707507066995107
W02000063,Flintshire 006,2023,9,0.06328614773287769,0.00412545229775711,0.1436524320526167,4.978206384105809e-4,0.10025978901511673,0.188638481753725,0.08837869273860827
W02000064,Flintshire 007,2023,2,0,0,0.1834096144632915,9.830647770870046e-4,0.12245948838095759,0.246164014799871,0.1237045264189134
W02000065,Flintshire 008,2023,3,0,0,0.1614740874988386,7.55108415889702e-4,0.1071626058874729,0.21568562703215655,0.10852302114468365
W02000066,Flintshire 009,2023,4,0,0,0.17505398911381495,7.567389058937835e-4,0.12067500739283807,0.2292729463655226,0.10859793897268452
W02000067,Flintshire 010,2023,2,0.30356176462050305,0.0895616581890234,0.16362282185151175,6.764663461582797e-4,0.11433878046594662,0.21703878955984082,0.1027000090938942
W02000068,Flintshire 011,2023,4,0,0,0.16733465354263966,7.501766321314947e-4,0.11398306837372707,0.22215775950701003,0.10817469113328296
W02000069,Flintshire 012,2023,3,0.33381175047048606,0.07460936595515419,0.14539014486045326,5.126308396536175e-4,0.10005848387478307,0.18969999515650313,0.08964151128172006
W02000070,Flintshire 013,2023,7,0.09678404742283277,0.00902433342768153,0.1490159645836622,5.575537542158379e-4,0.10204492816331648,0.19546519566170908,0.0934202674983926
W02000071,Flintshire 014,2023,2,0,0,0.1396709687394976,6.115694347407913e-4,0.08998732941543858,0.1877669756051761,0.09777964618973753
W02000072,Flintshire 015,2023,6,0,0,0.15937986386332537,6.850781233430706e-4,0.1072265275634218,0.21058637754024914,0.10335984997682734
W02000073,Flintshire 016,2023,2,0,0,0.1493620385107731,6.255703334290957e-4,0.09854064640847443,0.19751970234726807,0.09897905593879364
W02000074,Flintshire 017,2023,2,0.2839129094184388,0.08282562937094819,0.1593460641287521,5.592063661350595e-4,0.11279875150518148,0.20633001268751724,0.09353126118233576
W02000075,Flintshire 018,2023,7,0.06828490396943032,0.0047483396458024,0.14861858215751278,5.155756237176998e-4,0.10404683061216785,0.19394299970382872,0.08989616909166087
W02000076,Flintshire 019,2023,6,0.20040966133149013,0.03147842745341744,0.14073866385207642,5.047884986651222e-4,0.09531587417984727,0.1844404285434743,0.08912455436362704
W02000077,Flintshire 020,2023,6,0.07033545480116019,0.00519663084268556,0.14209387244360663,4.874522628113969e-4,0.09714917361426675,0.18482817842367258,0.08767900480940582
W02000080,Wrexham 003,2023,3,0,0,0.14981766942529529,7.755249688997276e-4,0.09393512727459423,0.20388332983728022,0.10994820256268599
W02000081,Wrexham 004,2023,2,0,0,0.1539849864895689,6.855340406418525e-4,0.1015593377737304,0.20501765240548342,0.10345831463175302
W02000082,Wrexham 005,2023,2,0,0,0.17206361785702037,8.227442014711629e-4,0.11653544583144224,0.22980110814110857,0.11326566230966634
W02000083,Wrexham 006,2023,2,0,0,0.16054556279699764,5.839113576271254e-4,0.11326648726494828,0.20896615338900665,0.09569966612405836
W02000085,Wrexham 008,2023,5,0,0,0.14071864740679643,8.349019153947938e-4,0.08178685864128235,0.19588019884321228,0.11409334020192993
W02000087,Wrexham 010,2023,5,0,0,0.18665014727689333,0.0010110643590159132,0.12344406136275045,0.24889273613279544,0.125448674770045
W02000088,Wrexham 011,2023,3,0.5412010756132453,0.09273974889601344,0.1719002811667432,7.224518548352675e-4,0.11850858886540726,0.22475612828300803,0.10624753941760078
W02000089,Wrexham 012,2023,4,0.3165511728360981,0.07106914553963639,0.19474936835839876,0.0015788358970761016,0.1176499759485222,0.27452628726067585,0.15687631131215365
W02000090,Wrexham 013,2023,3,0,0,0.1461716186818257,5.20590080807154e-4,0.09874138009176403,0.18935108770820397,0.09060970761643994
W02000091,Wrexham 014,2023,5,0,0,0.14490114410417304,6.518281757893276e-4,0.09325895001213177,0.19416118400389057,0.1009022339917588
W02000092,Wrexham 015,2023,6,0,0,0.16043973981336837,6.476001243086622e-4,0.10928292507774491,0.20995511868797667,0.10067219361023176
W02000093,Wrexham 016,2023,4,0,0,0.14572398835018127,5.355966946078532e-4,0.09757028179031015,0.18942630985209066,0.09185602806178052
W02000094,Wrexham 017,2023,2,0,0,0.16871142437617637,6.098044552979229e-4,0.12007810042374018,0.21788444782930805,0.09780634740556787
W02000095,Wrexham 018,2023,3,0,0,0.1403582993416142,7.942170434801464e-4,0.08458836058439456,0.19599378672769321,0.11140542614329865
W02000096,Wrexham 019,2023,5,0.33015053109435116,0.04254151640683186,0.15903208685986203,5.817214172997472e-4,0.11237681875049094,0.20787392314514136,0.09549710439465042
W02000097,Powys 001,2023,10,0.04638055190476762,0.00221674760902548,0.1616168709471882,4.5579614513338243e-4,0.12154090494780029,0.206011094089404,0.0844701891416037
W02000098,Powys 002,2023,13,0.20212535148751437,0.0152212614087156,0.1672331234009222,5.524540460402835e-4,0.12132916934294907,0.21411642718169338,0.09278725783874431
W02000099,Powys 003,2023,10,0.4261644260286347,0.02555182843389532,0.20272403729440308,7.334838980408848e-4,0.15114883003079604,0.25761685885624147,0.10646802882544543
W02000100,Powys 004,2023,11,0.06929813512837374,0.00468211842381154,0.16191487920258046,3.9123411140223196e-4,0.12343170929639471,0.20174978536054214,0.07831807606414742
W02000101,Powys 005,2023,7,0.10023252527488909,0.00970907444774877,0.165218434126116,5.565433215588382e-4,0.11862940689044346,0.21179350421637308,0.09316409732592962
W02000102,Powys 006,2023,16,0.09584713998961757,0.00807558046940742,0.1615555891617905,4.416951771383966e-4,0.11898024750346142,0.20236958958351706,0.08338934208005563
W02000103,Powys 007,2023,15,0.09196391158694066,0.00754458058033506,0.16923787851440125,4.659453727604567e-4,0.12754602929748288,0.21272281763229006,0.08517678833480719
W02000104,Powys 008,2023,13,0.18448697986513407,0.00904059352884088,0.19537931245060924,5.847053404677421e-4,0.14907797753092725,0.24429611954788183,0.09521814201695458
W02000105,Powys 009,2023,8,0.1698036387350112,0.02298932264404276,0.1986482824875591,6.690983282654495e-4,0.14811052104779004,0.25005959221639806,0.10194907116860802
W02000106,Powys 010,2023,14,0.25703262905601043,0.01587758226803101,0.16825000213589567,4.07633968330847e-4,0.12903391863041092,0.20892788811417914,0.07989396948376823
W02000107,Powys 011,2023,10,0.31250291681787146,0.0237474106636558,0.17181807686407022,4.5551719240804686e-4,0.13138263544967294,0.21560004049195708,0.08421740504228414
W02000108,Powys 012,2023,12,0.1708727044563507,0.01245678065628967,0.15658206758461965,4.759355056187415e-4,0.11190179787287825,0.19844104746275337,0.08653924958987512
W02000109,Powys 013,2023,16,0.3046914644681177,0.01570422104154662,0.20772068449039402,6.788384084182586e-4,0.15911251650875735,0.2612728974688034,0.10216038096004604
W02000110,Powys 014,2023,13,0.17417748717299184,0.01324202948512799,0.1694659839032286,3.990297350020925e-4,0.1309929274619511,0.21001075196910576,0.07901782450715467
W02000111,Powys 015,2023,14,0.16199556113550218,0.01101646306323544,0.15618121023674322,4.19393354924788e-4,0.11583051178792472,0.19687362867796332,0.0810431168900386
W02000113,Powys 017,2023,10,0.17795160171170055,0.01395529767229613,0.19077397279536887,8.25872164818782e-4,0.1356882997333377,0.24877978720979077,0.11309148747645306
W02000114,Powys 018,2023,5,0.2886249915018037,0.05301340957434953,0.14472639719247934,4.009815197679179e-4,0.10554307759732616,0.18491297019964476,0.0793698926023186
W02000116,Ceredigion 001,2023,8,0,0,0.1418382287982888,6.122125818095528e-4,0.09084204983291902,0.18865473198767474,0.09781268215475572
W02000117,Ceredigion 002,2023,5,0,0,0.2143599631976774,6.522392125644303e-4,0.16298398970322467,0.2637663444296257,0.10078235472640104
W02000118,Ceredigion 003,2023,5,0.11730413417446586,0.01363808105992421,0.18580419783006716,7.258353251140756e-4,0.13296087584495436,0.23931871762639303,0.10635784178143867
W02000120,Ceredigion 005,2023,3,0.47234863851125647,0.09633140248014103,0.1544777753604887,5.89804716507221e-4,0.10645723052044616,0.20246591810181738,0.09600868758137122
W02000122,Ceredigion 007,2023,5,0.13471114352661953,0.01780572436534221,0.14440451223165043,5.348059264551273e-4,0.09808206531457822,0.18945340766043572,0.0913713423458575
W02000123,Ceredigion 008,2023,4,0.6075384631657605,0.06333543674061774,0.16529822646053313,4.950592933404241e-4,0.12308388505167894,0.21128200672131098,0.08819812166963203
W02000124,Ceredigion 009,2023,9,0.07888291900823918,0.00609448443439128,0.15682126805419103,5.942474053819527e-4,0.10852858293935184,0.20478367524957003,0.09625509231021818
W02000125,Ceredigion 010,2023,7,0,0,0.144108795239492,4.6250814391303463e-4,0.10095941522231164,0.1860386113819639,0.08507919615965226
W02000126,Pembrokeshire 001,2023,5,0.3780849951838567,0.07246385043349798,0.14903645346555902,5.089688061197736e-4,0.10450120818317343,0.19383594653039582,0.08933473834722239
W02000127,Pembrokeshire 002,2023,5,0,0,0.14779691292158964,6.749766300448608e-4,0.0956115731842557,0.19823802216871972,0.10262644898446402
W02000128,Pembrokeshire 003,2023,6,0.6905345654021999,0.03648845967121849,0.1640000567034643,7.287661905412447e-4,0.11239979353451424,0.21895208425718993,0.10655229072267569
W02000129,Pembrokeshire 004,2023,4,0,0,0.14383704403610806,5.284741895821322e-4,0.09739812172711301,0.18844338552560894,0.09104526379849592
W02000130,Pembrokeshire 005,2023,3,0,0,0.1902585750219642,7.31935348821447e-4,0.13758542363721415,0.2443232964348379,0.10673787279762376
W02000131,Pembrokeshire 006,2023,7,0.21823227825356092,0.03483912681480942,0.16124555659737577,6.70316707858682e-4,0.10948315723314941,0.21166946197895933,0.10218630474580992
W02000132,Pembrokeshire 007,2023,6,0,0,0.13269297923910237,7.030889194856067e-4,0.07823225732055535,0.183026221371645,0.10479396405108966
W02000133,Pembrokeshire 008,2023,0,NA,NA,0.15585832206481007,6.283621769018269e-4,0.10738908574798911,0.2063758843207862,0.0989867985727971
W02000134,Pembrokeshire 009,2023,2,0,0,0.1635951333784364,7.786044611315309e-4,0.10966547722265865,0.21966443003995462,0.10999895281729596
W02000135,Pembrokeshire 010,2023,5,0.2160171140620766,0.0363151875920126,0.1734884790234338,8.044902130210084e-4,0.11772417080703179,0.2295499166426139,0.11182574583558211
W02000136,Pembrokeshire 011,2023,5,0,0,0.12598268258564999,6.370668135127974e-4,0.0749269059823521,0.17442727212098566,0.09950036613863356
W02000137,Pembrokeshire 012,2023,2,0,0,0.17038731831687592,9.107423002821559e-4,0.11064290815054735,0.22965718853103767,0.11901428038049032
W02000138,Pembrokeshire 013,2023,1,0,0,0.14928606487468046,0.0011062848851301176,0.08274974374519216,0.21376434072541384,0.13101459698022166
W02000139,Pembrokeshire 014,2023,4,0,0,0.13187904996410252,7.881469398336797e-4,0.07653438843377033,0.18709379935062165,0.11055941091685131
W02000140,Pembrokeshire 015,2023,10,0.1566169536105545,0.01387544715000621,0.15305809954852106,0.0010395372547909105,0.08946133666990835,0.21642913658463725,0.1269677999147289
W02000141,Pembrokeshire 016,2023,5,0.09379934334303676,0.009157432454165,0.13494837195783677,9.108272245437303e-4,0.07412674445834558,0.19299921658583968,0.1188724721274941
W02000142,Carmarthenshire 001,2023,2,0,0,0.156422850366599,4.952800425166089e-4,0.11228048243973708,0.20062455273404178,0.0883440702943047
W02000143,Carmarthenshire 002,2023,7,0,0,0.14805150609347378,4.6867600246837745e-4,0.10229898492260801,0.18875383364165083,0.08645484871904281
W02000144,Carmarthenshire 003,2023,4,0,0,0.14842668405311815,5.1551551300031e-4,0.10321370464340648,0.19311209306251076,0.08989838841910427
W02000145,Carmarthenshire 004,2023,4,0,0,0.15764333815148956,4.6606145033524157e-4,0.11594690367539708,0.20164346677541445,0.08569656310001737
W02000146,Carmarthenshire 005,2023,5,0,0,0.14789036050600957,4.7765040884610235e-4,0.10321293332582715,0.19019722218543236,0.08698428885960521
W02000147,Carmarthenshire 006,2023,3,0,0,0.16778128472883244,5.260630639519101e-4,0.12242206692271992,0.2133291580110045,0.09090709108828457
W02000148,Carmarthenshire 007,2023,3,0.4215787752705564,0.0940528994760698,0.18056833974070954,8.499999182349505e-4,0.1235936188414333,0.23887238307410044,0.11527876423266714
W02000149,Carmarthenshire 008,2023,8,0.09239522812757683,0.0080848671593361,0.1730437300787075,5.97880938989822e-4,0.12508884367812495,0.2217842820803907,0.09669543840226574
W02000151,Carmarthenshire 010,2023,5,0,0,0.16719519564809673,5.046759263013823e-4,0.12361444162893354,0.2127275658140688,0.08911312418513526
W02000152,Carmarthenshire 011,2023,1,0,0,0.1600190288138196,5.04450210293203e-4,0.11564961893166867,0.20478471230147002,0.08913509336980135
W02000153,Carmarthenshire 012,2023,3,0,0,0.15038676676639867,6.106924926447474e-4,0.10021760131906454,0.19815165602416074,0.0979340547050962
W02000154,Carmarthenshire 013,2023,4,0.20106968044923307,0.03648779588946124,0.1762101053770421,6.421315682974375e-4,0.1279571194350051,0.22814953404748395,0.10019241461247885
W02000156,Carmarthenshire 015,2023,3,0,0,0.15758589162103356,6.177076001900734e-4,0.10706189784588341,0.20558781687577038,0.09852591902988697
W02000157,Carmarthenshire 016,2023,6,0.47034066890210224,0.04892456193418357,0.16801159501088964,5.49982939771102e-4,0.12214319135146866,0.21501384853274924,0.09287065718128058
W02000158,Carmarthenshire 017,2023,4,0.3978256498449094,0.06156795372300046,0.1608063194530432,5.327417122101935e-4,0.11564279904053111,0.20701939981960676,0.09137660077907565
W02000159,Carmarthenshire 018,2023,6,0.1952223080601683,0.03052578617792752,0.1720829688900197,6.649013208048679e-4,0.12120690656522295,0.2231324617298737,0.10192555516465074
W02000160,Carmarthenshire 019,2023,3,0,0,0.16968808184411976,6.279540893623023e-4,0.12118633440873344,0.22032230652751095,0.0991359721187775
W02000161,Carmarthenshire 020,2023,5,0.4820884187887595,0.05492001714950025,0.1861611126854799,7.247053001781522e-4,0.13329369203796188,0.23958864990619028,0.1062949578682284
W02000162,Carmarthenshire 021,2023,2,0,0,0.16558788126899268,9.2450737397963e-4,0.10524249273609515,0.22543154699605158,0.12018905425995643
W02000163,Carmarthenshire 022,2023,5,0,0,0.19756243148944153,7.701753579194837e-4,0.14405053675945748,0.25334276412336343,0.10929222736390595
W02000164,Carmarthenshire 023,2023,2,1,0,0.19188696292239885,6.362875617535527e-4,0.14417121237194006,0.24358162917195614,0.09941041680001608
W02000165,Carmarthenshire 024,2023,5,0.3111153116848293,0.05804979447757004,0.20238269170943615,8.201661933431302e-4,0.1470738807540058,0.259964193860868,0.1128903131068622
W02000166,Carmarthenshire 025,2023,3,0,0,0.1939661139776103,8.217033582956502e-4,0.13895892318459463,0.2520010515942022,0.11304212840960759
W02000167,Carmarthenshire 026,2023,3,0.6329721270766093,0.08110008501195173,0.22714835761650973,9.326940328847898e-4,0.1702630224761282,0.29021000187778084,0.11994697940165264
W02000168,Swansea 001,2023,5,0,0,0.14933508929269745,6.290905765004781e-4,0.09821314901176723,0.19738334722960252,0.09917019821783529
W02000169,Swansea 002,2023,1,0,0,0.16590878941256063,4.925292043854134e-4,0.124205939093223,0.21227901874093685,0.08807307964771385
W02000170,Swansea 003,2023,5,0.5444928596855071,0.07251248986734608,0.15214592853940903,6.61348498965854e-4,0.10104779095911082,0.20273586265709886,0.10168807169798805
W02000171,Swansea 004,2023,7,0,0,0.14712677929294674,5.436118678995364e-4,0.10178034243470467,0.19412272813943118,0.09234238570472651
W02000172,Swansea 005,2023,7,0,0,0.14062242551942175,8.589564849611936e-4,0.08124986175903293,0.19695703900786565,0.11570717724883273
W02000173,Swansea 006,2023,3,0,0,0.1539064053854032,6.630551741467136e-4,0.1027335552108746,0.20453533271038538,0.10180177749951078
W02000174,Swansea 007,2023,2,0,0,0.13319101718634468,6.52022368048403e-4,0.08172051061774742,0.18256935787072476,0.10084884725297734
W02000175,Swansea 008,2023,3,0,0,0.15725896464260847,9.057870471428502e-4,0.09692550134120198,0.21590890158440407,0.11898340024320209
W02000176,Swansea 009,2023,6,0.21688537879473965,0.03586825439230302,0.15160014762420915,5.846630812372453e-4,0.10397381836857794,0.19961664670711363,0.09564282833853568
W02000177,Swansea 010,2023,6,0,0,0.1413721029085325,8.11072411696298e-4,0.08326802082545415,0.19575972145633863,0.11249170063088448
W02000178,Swansea 011,2023,6,0,0,0.16494918494140398,6.994550905623649e-4,0.11104851376292788,0.2154417854362906,0.10439327167336274
W02000179,Swansea 012,2023,6,0.0417253249187784,0.00206720842182614,0.13186622310330492,6.002797850583295e-4,0.08325460030168269,0.1799789182138644,0.0967243179121817
W02000180,Swansea 013,2023,2,0,0,0.15086815137525883,6.308936224313604e-4,0.10019798649066569,0.19949732522361016,0.09929933873294447
W02000181,Swansea 014,2023,7,0.07662829889642137,0.00626676249543404,0.1588804425543252,7.747835018121313e-4,0.10369737564409656,0.21365714494478988,0.10995976930069332
W02000182,Swansea 015,2023,4,0.03386443230632921,0.00195425644360269,0.15313122021541423,6.938766439579942e-4,0.10052123784231942,0.20453317701721763,0.1040119391748982
W02000183,Swansea 016,2023,5,0.10312664013304068,0.01188731312806185,0.17353674774575611,5.854122025695761e-4,0.12507403536159264,0.22069835083570433,0.09562431547411168
W02000184,Swansea 017,2023,4,0.3614948223729675,0.08133307219283634,0.1455202854105213,6.068522084137946e-4,0.09656877673198377,0.1938606264949422,0.09729184976295843
W02000185,Swansea 018,2023,7,0.5111342947018428,0.04027874639370389,0.1265926507379885,7.585289550859978e-4,0.07178152003736417,0.18043569634298479,0.10865417630562062
W02000186,Swansea 019,2023,6,0.1264890353690798,0.01483064807299354,0.1864998507819125,6.622084258488745e-4,0.13647559210683496,0.23805613686112437,0.1015805447542894
W02000188,Swansea 021,2023,7,0.1849270406530563,0.02749729943167805,0.17441307948565607,9.30598074193649e-4,0.11369268656994586,0.2341645967573363,0.12047191018739045
W02000189,Swansea 022,2023,8,0.3562960079821394,0.03499415269039485,0.13663210639951798,7.095157414974927e-4,0.08331780399420165,0.18834069926698632,0.10502289527278467
W02000191,Swansea 024,2023,1,1,0,0.17425558797633267,7.500748760532471e-4,0.12129137705092025,0.22945869066771998,0.10816731361679974
W02000192,Swansea 025,2023,4,0.14784933055527222,0.02243205228205621,0.1935947604344477,6.864230365013074e-4,0.141319247509241,0.24465949663296965,0.10334024912372866
W02000193,Swansea 026,2023,5,0,0,0.18622290424376695,7.828416857944553e-4,0.13048309968121907,0.2408074155126139,0.11032431583139482
W02000194,Swansea 027,2023,4,0,0,0.12918130250725962,7.188146516055456e-4,0.07422795437151938,0.18007141464752652,0.10584346027600713
W02000195,Swansea 028,2023,5,0.819499722246084,0.02401445851746337,0.1318324742524392,7.944036363256822e-4,0.0771849421174019,0.18829058597596024,0.11110564385855834
W02000196,Swansea 029,2023,5,0,0,0.1273436857084919,0.0011468166401791718,0.059189036753561436,0.19275462505800267,0.13356558830444124
W02000197,Swansea 030,2023,5,0,0,0.10997747423733016,8.258766303857173e-4,0.05163354199434281,0.16504058283876188,0.11340704084441908
W02000198,Swansea 031,2023,5,0.47088110995614874,0.06580273754059142,0.14373441137213597,0.0011106173803135664,0.07934013693949123,0.21068684002085358,0.13134670308136237
W02000200,Neath Port Talbot 002,2023,7,0.0338356149082533,0.00137014441317602,0.1556955089467001,5.471029110162388e-4,0.10849393202039512,0.201145719057488,0.09265178703709287
W02000201,Neath Port Talbot 003,2023,5,0.2632683166386646,0.04930119722220372,0.14995981649949627,5.228266953005886e-4,0.10216839623638604,0.19275054344105713,0.09058214720467109
W02000202,Neath Port Talbot 004,2023,4,0,0,0.16562318199314813,5.067583276387144e-4,0.12242557711553217,0.2117541518207044,0.08932857470517222
W02000204,Neath Port Talbot 006,2023,7,0.1850280117589225,0.029056219691545,0.14951125010395921,6.394455368145605e-4,0.09887880496520107,0.19904950776950067,0.1001707028042996
W02000205,Neath Port Talbot 007,2023,5,0,0,0.15688129358280575,6.207745186821572e-4,0.10786708259445814,0.20643344746852343,0.0985663648740653
W02000206,Neath Port Talbot 008,2023,4,0.9521251167783326,0.00280801819620681,0.2008743143529938,7.36727311574016e-4,0.1479997971657208,0.2550738519646601,0.1070740547989393
W02000207,Neath Port Talbot 009,2023,4,0,0,0.16773347804520858,6.104855458282342e-4,0.11922595948466216,0.21689931405512264,0.09767335457046047
W02000208,Neath Port Talbot 010,2023,6,0,0,0.16416057097121597,7.148345075854122e-4,0.11072534889544455,0.2163343598430711,0.10560901094762654
W02000210,Neath Port Talbot 012,2023,6,0.15341508785553387,0.01418756005607991,0.19820170215053065,8.011894157129925e-4,0.1437917682260148,0.2555428542890363,0.11175108606302148
W02000211,Neath Port Talbot 013,2023,2,0,0,0.19772233371889972,6.72803826107439e-4,0.14749980474519853,0.24995954271396817,0.10245973796876964
W02000212,Neath Port Talbot 014,2023,6,0.7652619908734066,0.03156076432224193,0.18277119544799092,4.886170223859163e-4,0.14038415978833135,0.2279875599048871,0.08760340011655574
W02000213,Neath Port Talbot 015,2023,7,0,0,0.16190528094137344,6.612049545150525e-4,0.1099211875193361,0.2115931817858896,0.10167199426655349
W02000214,Neath Port Talbot 016,2023,5,0.13965012833234064,0.01823768869350546,0.17806226204717196,9.225284203742967e-4,0.11782189440489552,0.23771177107941888,0.11988987667452336
W02000215,Neath Port Talbot 017,2023,4,0,0,0.17970120415176707,9.259780736985411e-4,0.11865398766448806,0.23874400600235401,0.12009001833786595
W02000216,Neath Port Talbot 018,2023,2,0.582131891392225,0.11858886891004962,0.1838472685031161,6.433306377888817e-4,0.13432194234935324,0.23458004025659893,0.10025809790724569
W02000217,Neath Port Talbot 019,2023,5,0,0,0.17195466621501762,5.846577173747315e-4,0.12183590447952738,0.2177330793415017,0.09589717486197433
W02000218,Bridgend 001,2023,5,0.10001880722181827,0.01052162524184737,0.19491373665758854,5.737253987589673e-4,0.148280089663495,0.24306666657269,0.09478657690919498
W02000219,Bridgend 002,2023,4,0.07512376829491951,0.00657604399375621,0.1952255206645645,6.811233894963784e-4,0.14505225450477285,0.24820498340929636,0.10315272890452351
W02000220,Bridgend 003,2023,2,0,0,0.18626040748181732,5.481591975721664e-4,0.14073534231812965,0.2335064437604003,0.09277110144227066
W02000221,Bridgend 004,2023,2,0,0,0.1940208150426913,5.00632960318638e-4,0.15104798694004615,0.23979126081049637,0.08874327387045022
W02000222,Bridgend 005,2023,4,0,0,0.17966633721000763,5.413449571318312e-4,0.1341567273605564,0.22625998405559225,0.09210325669503586
W02000223,Bridgend 006,2023,4,0.15463081215945146,0.02317247323842648,0.17776182757551626,5.443172001221506e-4,0.12993718230446683,0.22246369066868216,0.09252650836421533
W02000224,Bridgend 007,2023,3,0.476449030286195,0.0982846295077342,0.19728645285493823,5.982271292512205e-4,0.15019720178014045,0.24692747667103462,0.09673027489089417
W02000225,Bridgend 008,2023,5,0,0,0.18234021326487093,6.591236754206405e-4,0.13132303589155125,0.2328022985272657,0.10147926263571444
W02000226,Bridgend 009,2023,6,0.33242400929295135,0.03714580498362501,0.18872948296683398,5.418527528739739e-4,0.14423503586102457,0.23627522305593962,0.09204018719491505
W02000227,Bridgend 010,2023,3,0.3667259490850701,0.0849495858447122,0.19766752033141977,6.13440597395265e-4,0.14990902773361567,0.24771232909488294,0.09780330136126728
W02000228,Bridgend 011,2023,4,0.13500546782867492,0.01926314327430547,0.19795433664140044,6.03054847534687e-4,0.14982288224097795,0.24696476436874826,0.09714188212777031
W02000229,Bridgend 012,2023,4,0.14036913945894475,0.01997354636929015,0.18950022564700567,8.214721547950901e-4,0.13314772096087202,0.24631360028113328,0.11316587932026126
W02000230,Bridgend 013,2023,2,1,6.162476901133555e-33,0.17977263291199067,5.229844910119019e-4,0.13475962238480022,0.22537706982104377,0.09061744743624356
W02000231,Bridgend 014,2023,4,0.1470825502256866,0.02254107778186926,0.21287382857001538,6.757278937043337e-4,0.1626540092427511,0.2652696892278659,0.10261567998511481
W02000232,Bridgend 015,2023,10,0.5720643907672591,0.03045709201199172,0.19042517798938643,5.71816384931388e-4,0.144168148775405,0.2387096368762421,0.09454148810083712
W02000233,Bridgend 016,2023,4,0,0,0.19166530117673702,8.141905990739494e-4,0.1354102894845688,0.2481141233798722,0.11270383389530342
W02000234,Bridgend 017,2023,5,0.3319684097213635,0.06177737630349128,0.19876037540468366,8.480101204937154e-4,0.1430145578353183,0.2578071634128608,0.1147926055775425
W02000235,Bridgend 018,2023,6,0.14075988961524832,0.01855516492437538,0.1779919495068227,8.943911866956741e-4,0.11980038044014174,0.2378075083507822,0.11800712791064047
W02000236,Bridgend 019,2023,3,0,0,0.19314989349452633,8.548508330995659e-4,0.1370675418246939,0.25228782631912794,0.11522028449443403
W02000237,Vale of Glamorgan 001,2023,6,0,0,0.17774483309214628,5.202951986845798e-4,0.1324971660723548,0.2228486607249472,0.0903514946525924
W02000238,Vale of Glamorgan 002,2023,5,0.14118483278569652,0.02022357229056553,0.17073666311721566,5.895764318538665e-4,0.12247114361826159,0.218589739106191,0.09611859548792942
W02000239,Vale of Glamorgan 003,2023,6,0.09814815869375534,0.00992993493438209,0.1810893588300237,4.7453116787822547e-4,0.13810042111752655,0.22442669814101004,0.0863262770234835
W02000240,Vale of Glamorgan 004,2023,4,0.3821218455135906,0.07541976152873689,0.20750597161756765,7.016896342528917e-4,0.1572694970374598,0.2617894674629726,0.10451997042551281
W02000241,Vale of Glamorgan 005,2023,4,0.19491158055598495,0.03509183804939568,0.19869824731774857,8.720824402859221e-4,0.14138336728327522,0.2578664087527905,0.11648304146951527
W02000242,Vale of Glamorgan 006,2023,4,0,0,0.18868274355387385,7.187631843636675e-4,0.13654278908415488,0.24244483256412536,0.10590204347997048
W02000243,Vale of Glamorgan 007,2023,5,0,0,0.2060858049505596,6.942764612799107e-4,0.153775842673951,0.25778956929924873,0.10401372662529773
W02000244,Vale of Glamorgan 008,2023,4,0,0,0.1826735877367941,6.185025821278319e-4,0.13301846897007458,0.23131242143240127,0.0982939524623267
W02000245,Vale of Glamorgan 009,2023,5,0,0,0.19463638923894638,6.282675614034047e-4,0.14368773121053724,0.24288322197517492,0.09919549076463768
W02000246,Vale of Glamorgan 010,2023,3,0,0,0.18789270024225596,7.656246442367329e-4,0.13496629097369797,0.24412716748645757,0.1091608765127596
W02000247,Vale of Glamorgan 011,2023,8,0,0,0.20637734997859616,8.311749437334218e-4,0.15209064615628637,0.26551504098826073,0.11342439483197436
W02000248,Vale of Glamorgan 012,2023,7,0.17496181338717995,0.02076146570673613,0.21699648459208434,7.175153835424221e-4,0.1648765649397363,0.27051706133419895,0.10564049639446266
W02000249,Vale of Glamorgan 013,2023,3,0,0,0.20995243617645534,8.105170064944267e-4,0.15484923922584146,0.26723966477567473,0.11239042554983328
W02000250,Vale of Glamorgan 014,2023,8,0.41237789295661,0.03423242187615998,0.1988568572420833,6.31031209613983e-4,0.15047534304177276,0.24969112736661842,0.09921578432484565
W02000251,Vale of Glamorgan 015,2023,5,0,0,0.2042321846662993,5.923760589117908e-4,0.15647843122125424,0.25259039122153126,0.09611196000027702
W02000252,Rhondda Cynon Taf 001,2023,7,0,0,0.15948043905639714,4.4698184572135655e-4,0.11425348622592602,0.19860193546396152,0.0843484492380355
W02000253,Rhondda Cynon Taf 002,2023,3,0,0,0.15637016688624988,6.933044208856827e-4,0.10200177533888038,0.20616433471283818,0.1041625593739578
W02000254,Rhondda Cynon Taf 003,2023,5,0,0,0.16082720941465078,5.727348878422182e-4,0.11186590066601476,0.20670627383370688,0.09484037316769212
W02000255,Rhondda Cynon Taf 004,2023,7,0,0,0.16051161653191878,5.484661675047055e-4,0.11302372108682002,0.20581931727692418,0.09279559619010416
W02000256,Rhondda Cynon Taf 005,2023,2,0,0,0.17743956315640688,5.609644646296444e-4,0.1307492587334456,0.22469349245060696,0.09394423371716137
W02000257,Rhondda Cynon Taf 006,2023,4,0,0,0.17069770425324673,5.081003805003093e-4,0.12468161892684719,0.21420884694246245,0.08952722801561526
W02000258,Rhondda Cynon Taf 007,2023,7,0.2496770476051043,0.03119143931930032,0.16694245268099578,5.370321189051425e-4,0.11945153245974005,0.21124878478932824,0.09179725232958819
W02000259,Rhondda Cynon Taf 008,2023,7,0.06396191490916571,0.00459812913163889,0.17251259018662085,6.890914877514115e-4,0.11872790389040755,0.22259594884978118,0.10386804495937363
W02000260,Rhondda Cynon Taf 009,2023,2,0,0,0.17801237699438696,5.515225913271457e-4,0.13212096072250973,0.22533498833895632,0.093214027616446593
W02000261,Rhondda Cynon Taf 010,2023,4,0,0,0.15033950226032322,6.866001243345071e-4,0.09607853762707173,0.19947532064717421,0.10339678302010248
W02000262,Rhondda Cynon Taf 011,2023,8,0,0,0.15239054144774822,8.540289367719722e-4,0.09235993339243581,0.20759879257666786,0.11523885918423205
W02000263,Rhondda Cynon Taf 012,2023,3,0,0,0.1741155765238953,5.511153192166613e-4,0.1269845437685108,0.2200182800732321,0.09303373630472131
W02000264,Rhondda Cynon Taf 013,2023,8,0.4463187324576003,0.04251886103566664,0.18218741199224123,5.63060988693527e-4,0.1348402591851524,0.22876909592766498,0.09392883674251257
W02000265,Rhondda Cynon Taf 014,2023,2,0,0,0.17670378429808556,6.463445148945229e-4,0.12610172026073366,0.22673539205594215,0.10063367179520849
W02000266,Rhondda Cynon Taf 015,2023,3,0.46814725674600344,0.09813279954298192,0.17958741124282102,5.077704360363505e-4,0.1360584929603198,0.22556825072623848,0.08950975776591868
W02000267,Rhondda Cynon Taf 016,2023,3,0,0,0.1777778228297882,7.30745364370372e-4,0.12324079506707164,0.23026624982594834,0.1070254547588767
W02000268,Rhondda Cynon Taf 017,2023,5,0.15751108875263864,0.02232284622425626,0.17567441812424425,5.278470596686846e-4,0.12915090692967524,0.22026453529492795,0.09111362836525272
W02000269,Rhondda Cynon Taf 018,2023,7,0,0,0.17162083439712472,5.602102170887932e-4,0.12276432604182583,0.21654848125323192,0.0937841552114061
W02000270,Rhondda Cynon Taf 019,2023,3,0,0,0.16631951993000668,6.057844556049825e-4,0.11587789207668119,0.21353039526700976,0.09765250319032857
W02000271,Rhondda Cynon Taf 020,2023,4,0.12268950939478776,0.0171393386633907,0.17510420368595797,7.077831877655011e-4,0.12064050893354589,0.2259311313371145,0.10529062240356862
W02000272,Rhondda Cynon Taf 021,2023,2,0,0,0.1806014151663015,4.952866374956164e-4,0.13664470134115828,0.22502742745678225,0.08838272611562398
W02000273,Rhondda Cynon Taf 022,2023,3,0,0,0.21278555127732537,6.151447512036459e-4,0.16398794066342143,0.2622827118700464,0.098294771206625
W02000274,Rhondda Cynon Taf 023,2023,5,0.1881054911567012,0.03033909528162065,0.17786666961351144,5.76640255890451e-4,0.1296422935403262,0.22474125764525338,0.09509896410492719
W02000275,Rhondda Cynon Taf 024,2023,1,1,0,0.17834359228376553,5.353740258945902e-4,0.13212297394611444,0.22393448162508522,0.09181150767897078
W02000276,Rhondda Cynon Taf 025,2023,2,0,0,0.174961541398338,6.064328911926029e-4,0.12531534427132007,0.22300050526411846,0.09768516099279839
W02000277,Rhondda Cynon Taf 026,2023,4,0,0,0.18252409826940472,5.607983150052244e-4,0.13538474859359984,0.22934036663926657,0.09395561804566674
W02000278,Rhondda Cynon Taf 027,2023,5,0,0,0.17140676634555796,5.389313485976327e-4,0.12511231213835372,0.21717969175445023,0.09206737961609651
W02000279,Rhondda Cynon Taf 028,2023,4,0,0,0.1806415722866328,5.845279903728476e-4,0.13299910511923568,0.22875513841574643,0.09575603329651075
W02000280,Rhondda Cynon Taf 029,2023,4,0.31322778610688284,0.06393153441522402,0.18475965088834384,5.384654009364595e-4,0.1387887807755394,0.23083952613960718,0.09205074536406777
W02000281,Rhondda Cynon Taf 030,2023,4,0,0,0.17175475870213527,5.112331039024073e-4,0.12532975012849068,0.21511455161834528,0.0897848014898546
W02000282,Rhondda Cynon Taf 031,2023,5,0,0,0.17598548106714043,5.541156054275214e-4,0.1276323586470498,0.2211402251362323,0.0935078664891825
W02000284,Merthyr Tydfil 002,2023,7,0.13005856501978796,0.01566378197715605,0.1704212007077849,4.896306173060791e-4,0.12468870148945214,0.21247192387332572,0.08778322238387358
W02000285,Merthyr Tydfil 003,2023,6,0.541986534139711,0.05413486319098594,0.15774262939839082,4.843681952232878e-4,0.11272234562097914,0.19996044807718458,0.08723810245620543
W02000286,Merthyr Tydfil 004,2023,10,0.1685173827141214,0.01008814072661191,0.20131281827046277,5.975932108949824e-4,0.15420150005597794,0.2507334045663761,0.09653190451039817
W02000287,Merthyr Tydfil 005,2023,7,0.08143689220832523,0.00719258543337596,0.1947788768716005,6.036623596172645e-4,0.14992626866834208,0.2470035824141884,0.09707731374584633
W02000288,Merthyr Tydfil 006,2023,8,0.4107890450004816,0.04425884425201754,0.17866890630046833,4.05426935961642e-4,0.1391499311019737,0.21894639003133531,0.0797964589293616
W02000289,Merthyr Tydfil 007,2023,13,0.13349329772120822,0.0090454268199364,0.1687573069078474,4.548122563865429e-4,0.12672928372933034,0.2110942379624105,0.08436495423308016
W02000290,Caerphilly 001,2023,5,0.18260721374531855,0.02808857171382208,0.1831260701283378,5.346485267351056e-4,0.13932357373598628,0.23104356030031895,0.09171998656433267
W02000291,Caerphilly 002,2023,3,0,0,0.1792675888639765,4.911504816455803e-4,0.1359525140472852,0.22398879974082228,0.08803628569353708
W02000292,Caerphilly 003,2023,3,0,0,0.17165627397656041,5.541668713103971e-4,0.12436969578594997,0.21771499479621764,0.09334529901026767
W02000293,Caerphilly 004,2023,2,0,0,0.1677624749289189,7.010563280200681e-4,0.11368997229948655,0.21862991813019578,0.10493994583070923
W02000294,Caerphilly 005,2023,6,0.21544720375870355,0.03488404546037146,0.1597137223857265,4.99663464529721e-4,0.11679653989097388,0.20543377282111888,0.088637232930145
W02000295,Caerphilly 006,2023,4,0.37325681043477665,0.07359730969832547,0.15764369131615402,5.556294018014274e-4,0.11144706685628142,0.20489532243299285,0.09344825557671144
W02000296,Caerphilly 007,2023,3,0.486175963503618,0.0985411267376636,0.16948590266066973,5.445152710926784e-4,0.12394807537631217,0.21649265474666804,0.09254457937035587
W02000297,Caerphilly 008,2023,2,0.3574645379987234,0.10575003934330138,0.16670147727629897,4.7266097259288797e-4,0.12316203496098409,0.2096186998502237,0.0864566648892396
W02000298,Caerphilly 009,2023,5,0,0,0.14677030621730758,6.14498786129479e-4,0.0950639485281676,0.19329873097335998,0.09823478244519238
W02000299,Caerphilly 010,2023,7,0.2764754807732366,0.03109158066888201,0.1710334390473305,7.924532450801421e-4,0.11672178261699837,0.22809467198917172,0.11137288937217335
W02000300,Caerphilly 011,2023,1,0,0,0.155865133613218,6.090204692314262e-4,0.10604961992878953,0.20388479152210895,0.09783517159331942
W02000301,Caerphilly 012,2023,4,0,0,0.15999289811156753,5.040697113684044e-4,0.11290412560350305,0.20216316995631609,0.08925904435281304
W02000302,Caerphilly 013,2023,3,0,0,0.16371294398352115,4.913553553538355e-4,0.11923827117724564,0.20721366476968037,0.08797539359243473
W02000303,Caerphilly 014,2023,2,0,0,0.1563405127972361,5.176875845816636e-4,0.11039069866642315,0.2006156912287634,0.09022499256234026
W02000304,Caerphilly 015,2023,4,0,0,0.1612793734244998,5.208067506827889e-4,0.11460182934425685,0.2051770275883136,0.09057519824405676
W02000305,Caerphilly 016,2023,4,0,0,0.16186977537289463,8.260772237936657e-4,0.10439321004815551,0.21812483802686727,0.11373162797871177
W02000306,Caerphilly 017,2023,5,0.4530414639157232,0.06060539935958151,0.16687101758213274,5.332388434855366e-4,0.1212476587473838,0.21274377540840433,0.09149611666102053
W02000307,Caerphilly 018,2023,1,1,0,0.1965022023285996,6.268161159492593e-4,0.14912208083240358,0.248324040531923,0.09920195969951942
W02000308,Caerphilly 019,2023,6,0.08565602134734411,0.00948467705884187,0.1680293262877273,5.31982040030271e-4,0.12094266246952681,0.21242450112681713,0.09148183865729032
W02000309,Caerphilly 020,2023,1,1,0,0.17162521738925246,5.584390049657231e-4,0.1256426803805541,0.2193660583619519,0.09372337798139779
W02000310,Caerphilly 021,2023,4,0,0,0.17108440389180365,4.691500777744135e-4,0.12693619464121314,0.21306016883578136,0.08612397419456821
W02000311,Caerphilly 022,2023,2,0,0,0.17613483887045003,6.287880207848998e-4,0.125676259142734,0.22508382562130205,0.09940756647856805
W02000312,Caerphilly 023,2023,7,0,0,0.1699179538168602,6.14018705101492e-4,0.12011347973530358,0.21826354084854427,0.09815006111324069
W02000313,Caerphilly 024,2023,3,0.3236375146979967,0.07507203563544239,0.1750993035247662,6.137443605947965e-4,0.12542935656899235,0.2237009187913456,0.09827156222235325
W02000314,Blaenau Gwent 001,2023,9,0,0,0.13806708990159136,5.830525883228806e-4,0.08827231583880654,0.18354563058331683,0.09527331474451028
W02000315,Blaenau Gwent 002,2023,10,0.2072958791544463,0.01899374673819776,0.1537618482594368,6.482899893155563e-4,0.1026977425157246,0.20332769499862907,0.10062995248290448
W02000316,Blaenau Gwent 003,2023,8,0,0,0.15519749068628808,5.035448990198046e-4,0.10961731546946765,0.19843819543111052,0.08882087996164287
W02000317,Blaenau Gwent 004,2023,3,0.5944450301563333,0.08864529794196965,0.1513617203338223,5.618196053935667e-4,0.10380404808629398,0.19743821475340664,0.09363416666711266
W02000318,Blaenau Gwent 005,2023,4,0.38249591074927686,0.07652870564300704,0.14946700244980468,5.099465218102693e-4,0.10399248767095157,0.19329667016900537,0.0893041824980538
W02000319,Blaenau Gwent 006,2023,10,0.2243304327354886,0.02093511355040131,0.1651203371549758,4.8346965041793163e-4,0.12105833475289528,0.20812321182195517,0.0870648770690599
W02000320,Blaenau Gwent 007,2023,6,0.1928059865560531,0.01844980018984125,0.1592863018881559,4.8553722431194524e-4,0.11513202755981713,0.20239863777409622,0.08726661021427909
W02000321,Blaenau Gwent 008,2023,3,0,0,0.14610709848739248,5.466310919548453e-4,0.09717268674273552,0.1896764266993331,0.09250373995659758
W02000322,Blaenau Gwent 009,2023,11,0.10489895066300456,0.00990851580828027,0.1659756573560633,5.127693547680028e-4,0.12241040897480782,0.21203454163665914,0.08962413266185132
W02000323,Torfaen 001,2023,3,0,0,0.1482913266123256,5.456743102264378e-4,0.1000983413743147,0.19265265172602897,0.09255431035171427
W02000324,Torfaen 002,2023,5,0,0,0.15030088076861456,4.7701696859754264e-4,0.10670343313487521,0.19328869697961715,0.08658526384474194
W02000325,Torfaen 003,2023,6,0,0,0.15799838244570702,6.539056895407368e-4,0.10685704990077627,0.2079259367495195,0.10106888684874324
W02000326,Torfaen 004,2023,4,0.14576240938113172,0.02169376310134523,0.14931211477526737,5.496532008231712e-4,0.10194506800120129,0.19476291359988163,0.09281784559868034
W02000327,Torfaen 005,2023,6,0.08999153556139101,0.00824077208525349,0.12385228161386293,5.87154153640402e-4,0.07435409928624602,0.17007148176193737,0.09571738247569135
W02000328,Torfaen 006,2023,3,0,0,0.13596200418976123,6.688874817147653e-4,0.0834008778317018,0.1855664481774859,0.1021655703457841
W02000329,Torfaen 007,2023,4,0.1305471075409996,0.01772483941796278,0.16205325251597566,6.280280353534277e-4,0.11356948435711658,0.21265654769489323,0.09908706333777664
W02000330,Torfaen 008,2023,3,0,0,0.14123190475015113,5.83884566026021e-4,0.09324935551791337,0.18883169896899263,0.09558234345107926
W02000331,Torfaen 009,2023,7,0,0,0.1614954890182109,6.882440244645807e-4,0.10912467635337271,0.2127037860221828,0.10357910966881008
W02000332,Torfaen 010,2023,4,0,0,0.15231343986827328,5.566185593739725e-4,0.10381583790597226,0.1970367552689742,0.09322091736300195
W02000333,Torfaen 011,2023,3,0.1801664973338166,0.03668874945540509,0.1382177140095439,6.034980981353098e-4,0.0875392973437859,0.1845675915192397,0.0970282941754538
W02000334,Torfaen 012,2023,5,0,0,0.146032723285678,5.214926093301334e-4,0.10126855170096473,0.19176230236263336,0.09049375066166863
W02000335,Torfaen 013,2023,1,0,0,0.1347382985706121,5.098184882539152e-4,0.08867215920342182,0.1781204777619671,0.08944831855854528
W02000336,Monmouthshire 001,2023,3,0.30515894032408536,0.06774669916944898,0.14145685955190357,5.080723281715854e-4,0.09482917266064658,0.1841933832943769,0.08936421063373032
W02000337,Monmouthshire 002,2023,11,0.2266073737872185,0.02415428091441315,0.1663235402532313,9.051236068205702e-4,0.10725726228832469,0.22588249956921622,0.11862523728089153
W02000338,Monmouthshire 003,2023,5,0,0,0.1499584153031592,5.137701118528119e-4,0.1070798952156457,0.19687042720358783,0.08979053198794212
W02000339,Monmouthshire 004,2023,6,0.4413825104832975,0.07740276334741407,0.14639067381265056,8.568687380104238e-4,0.0886322685538381,0.2040164396026618,0.1153841710488237
W02000340,Monmouthshire 005,2023,8,0.43008795952272394,0.06899429682118333,0.13474445061556578,4.704309418992053e-4,0.09290787660858398,0.17893745799583982,0.08602958138725585
W02000341,Monmouthshire 006,2023,10,0,0,0.12315625021705913,4.3176480708059626e-4,0.08038249154490304,0.1627544400486378,0.08237194850373475
W02000342,Monmouthshire 007,2023,3,0,0,0.12425746123762751,5.932917278305867e-4,0.07515835659285161,0.1714620941347299,0.09630373754187829
W02000343,Monmouthshire 008,2023,1,0,0,0.1443647184973521,7.946546051483816e-4,0.0876745893818558,0.19892025916444128,0.11124566978258549
W02000344,Monmouthshire 009,2023,6,0,0,0.13708526670389787,5.395366305182663e-4,0.09167822283490645,0.1834678393994857,0.09178961656457924
W02000345,Monmouthshire 010,2023,4,0.272672014980336,0.05294750313592281,0.16838301415439075,8.444724790518943e-4,0.11292425322917855,0.22751533883073077,0.11459108560155222
W02000346,Monmouthshire 011,2023,2,0,0,0.14200888058062602,6.940779583239944e-4,0.08954729004505649,0.19354921917015916,0.10400192912510267
W02000347,Newport 001,2023,7,0.20714229944335608,0.03219332550515778,0.13706535456129634,6.042480019536577e-4,0.08816505319581872,0.18526060553094384,0.09709555233512512
W02000348,Newport 002,2023,7,0,0,0.13173513899303516,9.216713264692046e-4,0.06950951346054941,0.1892855599745838,0.11977604651403438
W02000349,Newport 003,2023,6,0.2031642634113361,0.03577025330460753,0.17442120952010612,5.860122505564335e-4,0.12658914003952154,0.22228221326286451,0.09569307322334297
W02000350,Newport 004,2023,5,0.09754941208026335,0.01080617943620027,0.13834758196268693,5.604127351202526e-4,0.09107054356729044,0.18473028881886172,0.09365974525157128
W02000351,Newport 005,2023,5,0.17128147249146472,0.02552863854132759,0.15359994403923666,0.001121542971861369,0.08729088750931491,0.21939991816727933,0.13210903065796442
W02000352,Newport 006,2023,3,0.12145417576364093,0.01773366595147175,0.17029963011350172,9.414177653287864e-4,0.1095642977067624,0.23081077020470536,0.12124647249794296
W02000353,Newport 007,2023,2,0.3618756581717707,0.10688663101796322,0.15698757214863893,0.001067784945197995,0.09279311028818309,0.2217226224216115,0.1289295121334284
W02000354,Newport 008,2023,5,0,0,0.1335912186649404,9.340232361384171e-4,0.07174413685537298,0.192266990707523,0.12052285385215003
W02000355,Newport 009,2023,4,0,0,0.14223469474608788,5.595826010368898e-4,0.09385795161361216,0.18755426074172923,0.09369630912811708
W02000356,Newport 010,2023,4,0,0,0.17350096781759514,8.390865729268164e-4,0.11680921527303811,0.23117911247396003,0.11436989720092192
W02000357,Newport 011,2023,7,0,0,0.14854987765542987,9.755035948437047e-4,0.08528069599403884,0.2083324667832719,0.12305177078923307
W02000358,Newport 012,2023,6,0,0,0.14343095788960147,6.668352425114945e-4,0.09192615403859732,0.1939732298493037,0.10204707581070639
W02000359,Newport 013,2023,2,0,0,0.16939660574095264,9.620874811192628e-4,0.10818876790281604,0.23045016001813315,0.12226139211531711
W02000360,Newport 014,2023,4,0.22917463003060484,0.04437829266759606,0.17316737767887735,9.09672222748091e-4,0.11254090861286478,0.23142154605135362,0.11888063743848884
W02000361,Newport 015,2023,2,0,0,0.14889851706897814,7.572183219507338e-4,0.09365026271348476,0.20218537153872718,0.10853510882524242
W02000362,Newport 016,2023,4,0,0,0.1481892648499055,8.347872093461481e-4,0.08944741209403129,0.20368830337235122,0.11424089127831993
W02000363,Newport 017,2023,6,0,0,0.1397867430609329,9.737444951725509e-4,0.07614249692225153,0.19896328256941087,0.12282078564715934
W02000364,Newport 018,2023,3,0,0,0.18998908353460853,0.0010887731954198827,0.12368300635345,0.25400844668791556,0.13032544033446555
W02000365,Newport 019,2023,4,0,0,0.16902108753653464,8.947882577302508e-4,0.10895046863531832,0.22705999310777567,0.11810952447245734
W02000366,Newport 020,2023,5,0.13075058285162028,0.01805426947704809,0.1539015482190899,4.958135517238728e-4,0.10873018903082465,0.19707344732804832,0.08834325829722367
W02000367,Cardiff 001,2023,5,0.4647650196373027,0.06022726542689862,0.18301942327869467,6.308684648560145e-4,0.13555621068199447,0.23481423136013124,0.09925802067813677
W02000368,Cardiff 002,2023,6,0,0,0.1889259295039989,8.857639091616673e-4,0.13080060870000237,0.24834260070658348,0.11754199200658111
W02000369,Cardiff 003,2023,6,0.3702882547519212,0.05089767880210381,0.1866801992637775,5.977353842631442e-4,0.13856202550380625,0.23531664749464185,0.0967546219908356
W02000370,Cardiff 004,2023,7,0.7707927468783831,0.03112639897473354,0.18021499788790674,7.198391158640197e-4,0.12854936480495435,0.23460273633784823,0.10605337153289388
W02000371,Cardiff 005,2023,4,0.18426894733000623,0.03017596428734195,0.20958597292499126,6.900592783198947e-4,0.15953216970763043,0.2631503317022419,0.10361816199461146
W02000372,Cardiff 006,2023,5,0.5222030906214987,0.06614923199643358,0.18634088515301947,5.422477018197369e-4,0.14100392617713087,0.23322224461375518,0.09221831843662431
W02000373,Cardiff 007,2023,8,0.42244032684830635,0.04881353143118073,0.2260737742105416,8.699280655536311e-4,0.17029349198985108,0.28635417433479227,0.11606068234494119
W02000374,Cardiff 008,2023,2,0.602367861552656,0.11485473062352332,0.19073094593841483,6.874575966578714e-4,0.1401010446790539,0.24362338035248554,0.10352233567343164
W02000375,Cardiff 009,2023,3,0.45016842819208247,0.09330004741602832,0.2284905918556233,8.430853113897476e-4,0.17380636652319406,0.2881041003642063,0.11429773384101224
W02000376,Cardiff 010,2023,7,0.41781742694391755,0.03755448247644911,0.1975271119148991,5.609557017402302e-4,0.15108471573958812,0.24480762632948738,0.09372291058989926
W02000377,Cardiff 011,2023,3,0.264800086218664,0.05776414557143902,0.20136650854486357,7.522952607754221e-4,0.14918550041419099,0.25741717574656287,0.10823167533237188
W02000378,Cardiff 012,2023,6,0.2532905120751764,0.03258189564346581,0.19813031124719302,7.550934940274493e-4,0.14526238466209174,0.25373992004065804,0.1084775353785663
W02000379,Cardiff 013,2023,1,0,0,0.22085347612700162,0.0010488395253790137,0.15841711732927047,0.2861776778405358,0.12776056051126536
W02000380,Cardiff 014,2023,4,0.3721170925603895,0.0646441406014491,0.17730131369730617,4.843686105320474e-4,0.1331133383239551,0.22059467374740566,0.08748133542345055
W02000381,Cardiff 015,2023,4,0.25941958194310355,0.0522477044901706,0.22718193177923107,8.351991182921001e-4,0.1728057879798086,0.28651215707770733,0.11370636909789872
W02000382,Cardiff 016,2023,3,0,0,0.21204666996397398,8.778444464761573e-4,0.15436282248886973,0.27127891944465504,0.11691609695578531
W02000383,Cardiff 017,2023,5,0.3056848391145617,0.05698457957208019,0.22156464867617456,8.073917638953404e-4,0.16639403540233158,0.27854410249530237,0.11215006709297079
W02000384,Cardiff 018,2023,3,0,0,0.19159996441437477,5.975106487835432e-4,0.14244071300270755,0.2394004147003668,0.09695970169765925
W02000385,Cardiff 019,2023,2,0,0,0.19546967927560788,6.181024116541715e-4,0.14557467882290326,0.24412344785595275,0.09854876903304949
W02000386,Cardiff 020,2023,1,0,0,0.19495922117805206,8.615781590633129e-4,0.13845487802951909,0.25425829455709326,0.11580341652757417
W02000387,Cardiff 021,2023,7,0.3488570154499443,0.03501122100685774,0.2179064079830547,7.151801249673447e-4,0.16870794262575753,0.27398003348910477,0.10527209086334724
W02000388,Cardiff 022,2023,2,0,0,0.19624043103228206,7.156200698369142e-4,0.14422350730353162,0.24984037987351945,0.10561687256998784
W02000389,Cardiff 023,2023,2,0,0,0.20788314265321206,5.717780913064296e-4,0.15938324992103436,0.25433539111627623,0.09495214119524187
W02000390,Cardiff 024,2023,2,0.5887097278005532,0.11737122689426338,0.20448612934599494,7.834117366921356e-4,0.15120698617330366,0.26149267039198654,0.11028568421868287
W02000391,Cardiff 025,2023,1,0,0,0.2421073893445795,6.751726867149505e-4,0.19092442088280148,0.29375874973508076,0.10283432885227928
W02000392,Cardiff 026,2023,5,0.3079183300702689,0.04159946918620508,0.19956313447624163,5.729286592186035e-4,0.1535333903211216,0.24820010039986945,0.09466671007874786
W02000393,Cardiff 027,2023,4,0,0,0.2170136262037581,6.883059894981432e-4,0.16602704979243543,0.269670806416391,0.10364375662395559
W02000394,Cardiff 028,2023,3,0.4976859850854756,0.09640807456576318,0.25835025192102323,6.23915162872607e-4,0.21013952438467137,0.3088510610477778,0.09871153666310645
W02000395,Cardiff 029,2023,3,0,0,0.21618278946607897,7.942653508273695e-4,0.16147114107448984,0.27276687443919234,0.1112957333647025
W02000396,Cardiff 030,2023,6,0.17154133574073277,0.02465092343158432,0.24137472781929856,6.81626800691698e-4,0.19020988330424948,0.2934197267190765,0.10320984341482703
W02000397,Cardiff 031,2023,7,0.1246061028444968,0.00877025134046161,0.2175481743184973,7.437109714750409e-4,0.1650023934697803,0.2725397296421206,0.10753733617234029
W02000398,Cardiff 032,2023,3,0.8422381412483302,0.02677104679277708,0.2697713194408023,6.291076213081753e-4,0.21987822601938808,0.3190706793013244,0.0991924532819363
W02000399,Cardiff 033,2023,6,0.5579520449133508,0.04881885396032232,0.26646902308513476,7.755133446507856e-4,0.21327345915312534,0.3230977594039815,0.10982430025085615
W02000400,Cardiff 034,2023,7,0.6402190307054487,0.04311052641822286,0.22848908082737265,6.220606219436847e-4,0.1818115486469329,0.2803590295221322,0.0985474808751993
W02000401,Cardiff 035,2023,4,0.22040819235405973,0.04093696539318296,0.22110489482775147,9.536865888976688e-4,0.1623010372874409,0.28390986456303946,0.12160882727559855
W02000402,Cardiff 036,2023,8,0.525760269019592,0.05114663362583142,0.2491880965367262,7.412255324219795e-4,0.19472278548071362,0.30234737405792267,0.10762458857720905
W02000403,Cardiff 037,2023,3,0.20121196781533016,0.04029677931993272,0.22381922391506845,0.00074215021896270605,0.17042888518309984,0.2780940816845706,0.10766519650147077
W02000404,Cardiff 038,2023,4,0,0,0.22059832504246382,6.695974020517331e-4,0.1681060389767295,0.27052439105124526,0.10241835207451577
W02000405,Cardiff 039,2023,3,0.49225564432170416,0.09429754806456342,0.22885250133927387,7.985859843137182e-4,0.17332034297553703,0.284870247148843,0.11154990417330599
W02000406,Cardiff 040,2023,2,0.5671503834768972,0.1206515425854046,0.21412599122963838,9.605429293084652e-4,0.15297338472864702,0.275371712064609,0.12239832733596195
W02000407,Cardiff 041,2023,6,0,0,0.20819769098607654,0.0011335551161165902,0.14114147601318466,0.2741686771763955,0.13302720116321082
W02000408,Cardiff 042,2023,3,0,0,0.2346300141800531,7.460991356549873e-4,0.17945073116703006,0.2875296047553688,0.10807887358833876
W02000409,Cardiff 043,2023,3,1,4.36794170409636e-33,0.21732487133581327,8.176085245523018e-4,0.16237293281676773,0.275126541667548,0.11275360885078028
W02000410,Cardiff 044,2023,4,0.45561540617658025,0.06306380517691158,0.22443032010322997,9.118195134645499e-4,0.16426136001595443,0.2835710798954066,0.11930971987945216
W02000411,Cardiff 045,2023,2,0.714266673441121,0.08338826032321775,0.23671492493017277,0.0011522875499446266,0.17281310070492295,0.30639256501058076,0.1335794643056578
W02000412,Cardiff 046,2023,2,0,0,0.21331316102155082,7.221175546434158e-4,0.1592354905574605,0.26545775974149244,0.10622226918403194
W02000414,Powys 020,2023,8,0,0,0.15057643154391331,3.7708058879970877e-4,0.11226134083897635,0.18945872836542146,0.07719738752644512
W02000415,Merthyr Tydfil 008,2023,10,0.21482493393678545,0.01873793826518991,0.19581820968048042,4.8496719307102027e-4,0.1534573557264366,0.2405037135713628,0.0870463578449262
W02000416,Powys 021,2023,8,0,0,0.15183564259314172,4.039072383627066e-4,0.11104035705143825,0.19075954895253647,0.07971919190109822
W02000417,Neath Port Talbot 020,2023,7,0,0,0.1513795306695662,6.20321068693433e-4,0.10026071658848032,0.19875059802064327,0.09848988143216295
W02000418,Carmarthenshire 027,2023,6,0.29332153653988474,0.05246298223141205,0.15060407965523287,4.917547653562823e-4,0.1075509263564022,0.1953950228843799,0.0878440965279777
W02000419,Denbighshire 017,2023,3,0,0,0.1697530416759792,8.08392652114423e-4,0.11501213368494692,0.22723248912883323,0.11222035544388631
W02000421,Ceredigion 011,2023,11,0,0,0.15355105158942603,3.9948160079656894e-4,0.11318038908814779,0.19270441154905393,0.07952402246090615
W02000422,Cardiff 048,2023,3,0.383280859516237,0.08459565952097206,0.2361531525829574,6.893660858418513e-4,0.1858325269167697,0.2896379388494725,0.10380541193270276
W02000423,Cardiff 049,2023,3,0,0,0.2321271713720612,6.141610795927857e-4,0.18271244582184343,0.2807622134619915,0.09804976764014806
W02000424,Wrexham 021,2023,9,0.03824105622606566,0.00157982677432748,0.1401784744381522,6.862425580858728e-4,0.08845690658975969,0.19200306441624815,0.10354615782648846
W02000425,Wrexham 022,2023,1,0,0,0.15866985432358593,5.568839815995145e-4,0.1132698173958134,0.20680509485875387,0.09353527746294046
W02000426,Wrexham 023,2023,1,0,0,0.1501358516406826,8.960093350489014e-4,0.09092196444808878,0.2092515384113138,0.11832957396322502
W02000427,Neath Port Talbot 021,2023,10,0.04543851708913563,0.00214566299872215,0.16196431536067016,4.253710804037539e-4,0.11855137369104353,0.20064044279726623,0.0820890691062227
W02000428,Swansea 032,2023,4,0,0,0.13117874584886038,6.063127058603748e-4,0.08222685503730992,0.17949548659180645,0.09726863155449653
W02000001,Isle of Anglesey 001,2025,22,0.00939999614413936,9.325536415956076e-5,0.13922761246799842,6.141262380343661e-4,0.08890288156172566,0.1868602711726396,0.09795738961091394
W02000002,Isle of Anglesey 002,2025,26,0.05118071695859134,0.00135952060307236,0.15587412618658975,5.920614444640121e-4,0.10905886187404323,0.20523707977647862,0.09617821790243539
W02000003,Isle of Anglesey 003,2025,24,0.08442708534476404,0.00223073561758146,0.20093223316917472,0.0013231548661268506,0.13073621598391905,0.2739261230625555,0.14318990707863644
W02000004,Isle of Anglesey 004,2025,24,0,0,0.11875930442643041,7.307209104587836e-4,0.0634080984665461,0.16982207761658424,0.10641397915003814
W02000005,Isle of Anglesey 005,2025,20,0.06347735831144721,0.00379139987131602,0.16044254814902528,7.023355458992929e-4,0.10924306454692742,0.2137662373980999,0.10452317285117249
W02000006,Isle of Anglesey 006,2025,28,0.0929604922927978,0.00253699130319121,0.15671533530951212,5.59133387104352e-4,0.10956263001607927,0.2030186476891004,0.09345601767302114
W02000007,Isle of Anglesey 007,2025,25,0.12266923897140668,0.00520240434255808,0.14450195164328997,5.808591302600072e-4,0.09627000602995471,0.19156784199940657,0.09529783596945186
W02000008,Isle of Anglesey 008,2025,18,0.07621454543800806,0.00290213188652788,0.1637362164106855,9.021535325058096e-4,0.10513317777611991,0.2236282799253007,0.1184951021491808
W02000009,Isle of Anglesey 009,2025,26,0.1991126105754353,0.00777268370258454,0.14693780159490258,5.141572861509305e-4,0.1015273597921724,0.19124683428591255,0.08971947449374015
W02000010,Gwynedd 001,2025,14,0.11246581789895128,0.0085270076871056,0.22071920570588832,0.0012102028513049647,0.1531062917883269,0.29033676998096947,0.13723047819264256
W02000011,Gwynedd 002,2025,17,0.03567060536421822,6.96335312213858e-4,0.1692006116138886,6.634784615385836e-4,0.11845475957797616,0.22009267088525833,0.10163791130728217
W02000012,Gwynedd 003,2025,15,0.09898799288222276,0.00867530018479925,0.14631428103672667,0.00055357334827340135,0.09913175234539273,0.1921644547686116,0.09303270242321887
W02000013,Gwynedd 004,2025,8,0.28371651469427717,0.02858407204711903,0.15824972725306782,7.115427141156545e-4,0.10656928890920261,0.21192116383491927,0.10535187492571665
W02000014,Gwynedd 005,2025,17,0.13140501904633856,0.00816703881342107,0.15784825347362677,5.101408641794668e-4,0.11433068125923598,0.20383605378680109,0.0895053725275651
W02000015,Gwynedd 006,2025,8,0,0,0.1652982793766255,8.701690889407963e-4,0.10692468236536848,0.22346691284489595,0.11654223047952747
W02000016,Gwynedd 007,2025,15,0.20830430827077637,0.01267070058304612,0.15674664475860647,5.923881273940529e-4,0.10917739924921364,0.20547608149775073,0.09629868224853709
W02000017,Gwynedd 008,2025,18,0.1119440814703882,0.00666077787564505,0.15238802773585355,6.60735103241796e-4,0.10179889401040378,0.2034046701036654,0.10160577609326162
W02000018,Gwynedd 009,2025,25,0.16004840997875117,0.00864622769984785,0.15801395642019844,4.7477066203455853e-4,0.11524682738933725,0.20162362473085677,0.08637679734151951
W02000019,Gwynedd 010,2025,21,0.19330514598470397,0.00937429785394132,0.14936454560441012,4.589495489513117e-4,0.10773456690074062,0.19267653475474125,0.08494196785400063
W02000020,Gwynedd 011,2025,19,0.0970039934039527,0.00373142301720894,0.14228930088713934,6.610992476750802e-4,0.09160055113756939,0.19308927782060148,0.10148872668303209
W02000021,Gwynedd 012,2025,16,0.3973343698625338,0.02559915894294447,0.159800525754649,9.942891721369806e-4,0.09852895984725812,0.22279935097363718,0.12427039112637905
W02000022,Gwynedd 013,2025,21,0.08936955803134836,0.00312838394597555,0.1389290449326132,5.8060809385602e-4,0.09083575640734648,0.18612672339784658,0.0952909669905001
W02000023,Gwynedd 014,2025,10,0,0,0.11741328062497083,0.001427623580082587,0.04141538382824757,0.19027090254248383,0.14885551871423625
W02000024,Gwynedd 015,2025,10,0.24696837873901048,0.03909264874130525,0.14343615881111121,3.9769874220657245e-4,0.10208526553537137,0.18176034761199666,0.0796750820766253
W02000025,Gwynedd 016,2025,13,0.1295171940947774,0.00643094104387587,0.15268726232197424,5.46214520283684e-4,0.1063411632948179,0.1989865847871745,0.09264542149235659
W02000026,Gwynedd 017,2025,14,0.12023827388684268,0.01243963655426867,0.14068256873753116,5.668006759757087e-4,0.09278059208962247,0.18711159618041692,0.09433100409079445
W02000027,Conwy 001,2025,14,0.16868629532345147,0.01002640738727874,0.1661298327104934,0.0012915844484067925,0.09560536389081106,0.23744306279933047,0.1418376989085194
W02000028,Conwy 002,2025,20,0.12411815960295478,0.00498526882402063,0.15442657393227568,8.036947288616175e-4,0.09894470451050355,0.21079961972605857,0.11185491521555502
W02000029,Conwy 003,2025,16,0.05964954227518533,0.00348514269847698,0.12382224755010611,6.369746221983729e-4,0.07326715324820318,0.17292524297256623,0.09965808972436305
W02000030,Conwy 004,2025,16,0.03798562579064527,8.19809841266815e-4,0.13915358991555457,7.95669387788002e-4,0.08351076802570179,0.19492545429787736,0.11141468627217557
W02000031,Conwy 005,2025,14,0.40249462598369,0.02517454297577843,0.1573529090064308,7.845847510748981e-4,0.10352953244550106,0.21426414717051,0.11073461472500895
W02000032,Conwy 006,2025,13,0.09547909697907148,0.00833355371475396,0.12435976652523684,7.345936467902398e-4,0.06951996950869699,0.1765416918831753,0.10702172237447832
W02000033,Conwy 007,2025,23,0.1623525862615769,0.00642371518522936,0.16375995202027524,6.299138327048799e-4,0.11434422999719282,0.2134552367200112,0.09911100672281839
W02000034,Conwy 008,2025,17,0,0,0.1303703631435407,5.68410574171091e-4,0.08122762369822678,0.17546489370439103,0.09423727000616425
W02000035,Conwy 009,2025,20,0.10107880247212209,0.00587767062242192,0.14335276802816108,5.548783974760642e-4,0.09617724367416987,0.18939100602835549,0.09321376235418562
W02000036,Conwy 010,2025,25,0.07747668402013014,0.00201190517711896,0.13684715206565212,5.305661734648706e-4,0.09024829309991712,0.18137357496799125,0.09112528186807413
W02000037,Conwy 011,2025,13,0.09847861214509396,0.00879739152334915,0.14021163240650855,5.267385566076581e-4,0.09392813824830712,0.18485484293520257,0.09092670468689545
W02000038,Conwy 012,2025,20,0.1126751448509084,0.00618471116617769,0.1286351974937981,6.948515184979875e-4,0.07500516326582778,0.17908600185803414,0.10408083859220636
W02000039,Conwy 013,2025,16,0.01403107703491803,2.081932514098613e-4,0.13085892491123705,8.885094354575339e-4,0.06998797176755181,0.1876057585587909,0.1176177867912391
W02000040,Conwy 014,2025,10,0.23214204496569932,0.03563525250453521,0.12502120813465098,4.0698073957414973e-4,0.08297283361150808,0.1633106671323178,0.08033783352080971
W02000041,Conwy 015,2025,14,0.0209092839803282,4.7007548886108543e-4,0.13591879665970868,4.327025111416014e-4,0.09283715241590698,0.17561581069562154,0.08277865827971456
W02000042,Denbighshire 001,2025,21,0.1260252307061565,0.00551742540331326,0.15364806473011608,8.35383597689348e-4,0.09722596149499343,0.2113750604821141,0.11414909898712067
W02000043,Denbighshire 002,2025,16,0,0,0.14189512673418186,7.370249610137124e-4,0.08672647055687888,0.19394022106997225,0.10721375051309337
W02000044,Denbighshire 003,2025,15,0.02013667279109238,4.4661742640228816e-4,0.1337782628073834,7.084056239796029e-4,0.08025578926216426,0.18548057566419285,0.10522478640202859
W02000045,Denbighshire 004,2025,15,0.1348182443700502,0.00934615869473055,0.18215833416922653,7.539653847290219e-4,0.12899131211719006,0.23752239610799403,0.10853108399080397
W02000047,Denbighshire 006,2025,17,0.02206805432667437,5.004318845318209e-4,0.19067649754766272,8.326371495226069e-4,0.13457610771420883,0.24850971297133256,0.11393360525712373
W02000049,Denbighshire 008,2025,14,0,0,0.13882487357921713,4.847571147409309e-4,0.09434000062036244,0.18170972279162445,0.08736972217126202
W02000050,Denbighshire 009,2025,16,0.09183443829277764,0.00772539650009909,0.1465387034402486,5.107415406562267e-4,0.10124061066037285,0.19086001301371433,0.08961940235334148
W02000051,Denbighshire 010,2025,23,0,0,0.1302114965762355,4.830191505494907e-4,0.08527718137452853,0.17232875115577886,0.08705156978125034
W02000052,Denbighshire 011,2025,13,0.11530383595304,0.00871340734479714,0.1563449922618857,6.297026799723243e-4,0.10600055278501369,0.20537603912453203,0.09937548633951834
W02000053,Denbighshire 012,2025,16,0.05645606527526956,0.00309761419837439,0.12945330047582487,5.022555062281704e-4,0.08344440551853377,0.17232123810003094,0.08887683258149717
W02000054,Denbighshire 013,2025,17,0.2025524872712724,0.02343274007254511,0.13644354501989803,3.975075621358224e-4,0.0978023225107531,0.1774067157284863,0.07960439321773319
W02000055,Denbighshire 014,2025,20,0.2464053865813099,0.02102537517773563,0.13946145653967204,6.774808491110881e-4,0.08693960531870813,0.18983547505868084,0.10289586973997271
W02000056,Denbighshire 015,2025,14,0.02344968017913032,5.847714276023549e-4,0.13284293879707804,4.6085376676569667e-4,0.08869120670442769,0.17403415622255958,0.08534294951813189
W02000057,Denbighshire 016,2025,11,0.11212993199199618,0.01159967606002411,0.14444694938773348,4.2412630179264674e-4,0.10316592732822003,0.1851892403241361,0.08202331299591609
W02000058,Flintshire 001,2025,20,0.18594490178766837,0.0109308582520543,0.13919718681688492,6.110774316795202e-4,0.09042680847947535,0.1882284465903203,0.09780163811084494
W02000059,Flintshire 002,2025,16,0.12305279430198109,0.00672632284403445,0.14552244358816627,5.671739526070772e-4,0.09806304269961319,0.19241543845871983,0.09435239575910664
W02000060,Flintshire 003,2025,15,0.1342621961266177,0.01199929913592249,0.16078575825479993,6.303486715385774e-4,0.11090954242698095,0.21024135811387323,0.09933181568689228
W02000061,Flintshire 004,2025,18,0.07263082378115174,0.00298333589089916,0.1793693655064571,7.396228022666719e-4,0.1261375314940344,0.23351867616988542,0.10738114467585103
W02000062,Flintshire 005,2025,14,0.2949412858986682,0.02551070918236802,0.15639800875882776,5.635559720605435e-4,0.11076775108250309,0.20466292096609578,0.0938951698835927
W02000063,Flintshire 006,2025,13,0.07066968464508129,0.00476758102713259,0.13950460362333583,4.5883473548076833e-4,0.09787775500830344,0.1829685559714058,0.08509080096310236
W02000064,Flintshire 007,2025,17,0.2181327185933091,0.02128755641893934,0.17926192604492044,9.372440125145278e-4,0.11972044210041376,0.24060184745878369,0.12088140535836993
W02000065,Flintshire 008,2025,11,0.11041972876857678,0.00640802294407663,0.15732658133597663,7.091997274666466e-4,0.1046571724976901,0.20991831422897098,0.10526114173128087
W02000066,Flintshire 009,2025,16,0.10579691596247456,0.00627515497053205,0.17090639012451128,7.118530435032065e-4,0.11811403762337552,0.22352848177044707,0.10541444414707155
W02000067,Flintshire 010,2025,16,0.13087590271871072,0.00480392595278555,0.15947572927611908,6.357739557790003e-4,0.11185690391391287,0.21157647055492146,0.09971956664100859
W02000068,Flintshire 011,2025,11,0.02971756513680312,9.520705907764246e-4,0.16318714221210665,7.093624415587632e-4,0.11130339531103688,0.21661312274204897,0.10530972743101209
W02000069,Flintshire 012,2025,19,0.08479231754676822,0.00355351907765837,0.1412425054352437,4.685026408674866e-4,0.09780846212917543,0.1836468433862198,0.08583838125704438
W02000070,Flintshire 013,2025,11,0.02389856921768838,6.303028717571055e-4,0.14486838424899157,5.159072143314999e-4,0.09962325259621888,0.189621480204596,0.08999822760837711
W02000071,Flintshire 014,2025,20,0.15522493936879786,0.01634768264634133,0.13552322516138016,5.673518291930933e-4,0.08754927076610017,0.18183099077387588,0.09428172000777571
W02000072,Flintshire 015,2025,18,0.07437716956948956,0.00294386640003957,0.1552321333177151,6.431958748580012e-4,0.10460797785582335,0.20484612212216058,0.10023814426633723
W02000073,Flintshire 016,2025,16,0,0,0.1452142858985584,5.80921503726215e-4,0.09609502747691465,0.19156544987642235,0.0954704223995077
W02000074,Flintshire 017,2025,21,0.1793842227367029,0.01327019320116586,0.15519844673185057,5.170255817903181e-4,0.11040889874609751,0.20050049371359693,0.09009159496749942
W02000075,Flintshire 018,2025,13,0.13478196469561102,0.01208564961595197,0.14447088739382116,4.7658999697268103e-4,0.10160411062988728,0.1882328150335886,0.08662870440370132
W02000076,Flintshire 019,2025,10,0.18289258645694312,0.0256925229053077,0.13659094152740223,4.6330259352704914e-4,0.09294142013979285,0.17849895311676073,0.08555753297696787
W02000077,Flintshire 020,2025,9,0,0,0.13794612263988287,4.468620054694505e-4,0.09475806050415408,0.17888882183500665,0.08413076133085257
W02000080,Wrexham 003,2025,12,0.31374109725913635,0.02992811395107196,0.14566975847350522,7.356673512453651e-4,0.09111982124407131,0.19827653797354267,0.10715671672947136
W02000081,Wrexham 004,2025,17,0.04703659368579207,0.00218164610978419,0.14983722169817348,6.442418406004541e-4,0.09890946036538477,0.19929847123315253,0.10038901086776776
W02000082,Wrexham 005,2025,16,0.40578796755389185,0.02520377774978397,0.1679160848658368,7.828333157668017e-4,0.11375332844438461,0.2243541517390373,0.11060082329465269
W02000083,Wrexham 006,2025,8,0.3246154780467624,0.05188864619804715,0.1563978421147517,5.456894695953124e-4,0.11069910071478731,0.20341406188861014,0.09271496117382283
W02000085,Wrexham 008,2025,9,0,0,0.13657060705159765,7.935164093467831e-4,0.07896522397915653,0.19022876224241836,0.11126353826326182
W02000087,Wrexham 010,2025,14,0.17563427342700577,0.01686484279010632,0.1825021742625257,9.698170107749203e-4,0.12049160230545691,0.2434211549735995,0.1229295526681426
W02000088,Wrexham 011,2025,10,0.09237473893916798,0.00813683011542647,0.16775256849948558,6.834415453861979e-4,0.11573932610802372,0.21919126211393603,0.1034519360059123
W02000089,Wrexham 012,2025,8,0.03400246441283333,0.00134706178077425,0.19060131524621554,0.0015408657855168486,0.11434816788904216,0.2694188855526747,0.1550707176636325
W02000090,Wrexham 013,2025,14,0,0,0.14202388925948894,4.775162574664551e-4,0.09639133542700655,0.1832664854730812,0.08687515004607464
W02000091,Wrexham 014,2025,13,0.08077406106431079,0.00369374314475149,0.14075330441959197,6.112997300067834e-4,0.09060459344251562,0.18839913109908982,0.0977945376565742
W02000092,Wrexham 015,2025,8,0.2525827500622753,0.02908380067451654,0.1562920326180944,6.091332900612889e-4,0.10656844778653084,0.2043186942835226,0.09775024649699175
W02000093,Wrexham 016,2025,13,0,0,0.14157623267426958,0.00049248737541362705,0.09520088346384722,0.18335925119792307,0.08815836773407584
W02000094,Wrexham 017,2025,10,0.2827583878420045,0.03913621691880618,0.16456378436073774,5.703294301588058e-4,0.11749827050211847,0.21226124073955205,0.09476297023743357
W02000095,Wrexham 018,2025,15,0.26184911986455184,0.02559458278174375,0.13621052315912188,7.537637078637477e-4,0.08179263803828643,0.19043569159275825,0.10864305355447182
W02000096,Wrexham 019,2025,13,0.23951481233022204,0.03354645253066218,0.15488454089287146,5.435959189791194e-4,0.10983340290806515,0.20234645722482303,0.09251305431675788
W02000097,Powys 001,2025,25,0.23536852854024376,0.00741630092391679,0.15746941219975186,4.188724760149746e-4,0.11928351660965125,0.20051685333529312,0.08123333672564187
W02000098,Powys 002,2025,23,0.10074700259259677,0.00382297344824648,0.1630860648085316,5.128435458110514e-4,0.11892172720581556,0.2084164961136324,0.08949476890781682
W02000099,Powys 003,2025,31,0.2415704623958348,0.01222904999260018,0.1985769986304621,6.932886559378321e-4,0.1485417472549542,0.25212839053225894,0.10358664327730474
W02000100,Powys 004,2025,26,0.01611119770867258,2.6793425793688344e-4,0.15776720774566938,3.518492595417678e-4,0.12127848971442337,0.19579008287639302,0.07451159316196965
W02000101,Powys 005,2025,26,0.18784810285125508,0.0076061073091056,0.16107140002785844,5.134194711046529e-4,0.11637003576870841,0.2059225592525194,0.08955252348381099
W02000102,Powys 006,2025,22,0.21548079651584187,0.01666844446359484,0.1574084042078842,0.00040132639764201353,0.11677753696886828,0.1963691529366186,0.07959161596775033
W02000103,Powys 007,2025,36,0.20283838884303385,0.00625333479066918,0.16509085185108668,4.267916106058117e-4,0.12529223372098486,0.20693304246212396,0.0816408087411391
W02000104,Powys 008,2025,33,0.1577280893058326,0.00581677093966316,0.19123232082653244,5.455939982008384e-4,0.14661799821810007,0.23868950584868232,0.09207150763058225
W02000105,Powys 009,2025,34,0.1687515200449198,0.00535647932851,0.1945009001795822,6.262293523777233e-4,0.145620226078678,0.24432206464179576,0.09870183856311776
W02000106,Powys 010,2025,37,0.21741064544931868,0.00822193741950979,0.16410257153603622,3.6821622300633674e-4,0.12688603015779318,0.20300908029182255,0.07612305013402937
W02000107,Powys 011,2025,34,0.1701473497420348,0.0042401118490936,0.16767107176440618,4.164556530084282e-4,0.1291924038115917,0.20988369987197308,0.08069129606038139
W02000108,Powys 012,2025,31,0.09335051787031395,0.00413542545216157,0.15243495750581676,4.3217455607084607e-4,0.10980834688023429,0.19233233718513856,0.08252399030490427
W02000109,Powys 013,2025,35,0.4129090231611433,0.01052331809282885,0.20357437778028964,6.419772896891495e-4,0.1565346105033225,0.25597060887885276,0.09943599837553024
W02000110,Powys 014,2025,30,0.22783181426432603,0.00872403845257044,0.1653185661624884,3.603006423779573e-4,0.12884853582671882,0.2041434095327997,0.07529487370608087
W02000111,Powys 015,2025,40,0.16438287185584582,0.00649688067225321,0.1520336883770405,3.7962691071507035e-4,0.11360064496792374,0.19087917705592444,0.0772785320880007
W02000113,Powys 017,2025,36,0.2618622228010663,0.00853863865885935,0.18662640216914822,7.850136142286414e-4,0.13293818813217537,0.24327819731132982,0.11034000917915446
W02000114,Powys 018,2025,34,0.17283430302697408,0.00657371939807889,0.14057860005864412,3.607546427497853e-4,0.10337968290782792,0.17892668143065352,0.07554699852282559
W02000116,Ceredigion 001,2025,28,0.0216680769408185,4.7499939522030026e-4,0.13769026199222759,5.686983933240151e-4,0.08836590623112983,0.18266631310385206,0.09430040687272223
W02000117,Ceredigion 002,2025,33,0.1254145715107483,0.0038100824099077,0.21021206205174203,6.099159526282427e-4,0.1604089766222001,0.257920762096382,0.09751178547418188
W02000118,Ceredigion 003,2025,24,0.3297731413729008,0.01723814473321186,0.18165644121195082,6.849804079780004e-4,0.13026142653572093,0.23368316077337026,0.10342173423764933
W02000120,Ceredigion 005,2025,30,0.16717430422124294,0.00832342584968711,0.15033011386211065,5.455147115596518e-4,0.10407706086970053,0.19653396112331964,0.0924569002536191
W02000122,Ceredigion 007,2025,36,0.11525596053876372,0.0032147792665267,0.14025671707187323,4.897688958564704e-4,0.0958038136696178,0.18333921225400898,0.08753539858439119
W02000123,Ceredigion 008,2025,21,0.2147557505929441,0.01519637482965234,0.16115029470496908,4.560951994055442e-4,0.1207975601202386,0.20573526849202264,0.08493770837178405
W02000124,Ceredigion 009,2025,27,0.12015517339067466,0.00384743179103896,0.15267351807837817,5.52921063855287e-4,0.10600330784942963,0.1989583645780846,0.09295505672865498
W02000125,Ceredigion 010,2025,36,0.14617540956978628,0.00500511048352681,0.1399610686484265,4.1886799221520216e-4,0.09876752497452027,0.17986123466053594,0.08109370968601567
W02000126,Pembrokeshire 001,2025,18,0.3032450311456092,0.01956750943253327,0.14488874726941764,4.680369358759754e-4,0.10213882811198358,0.18799327495266316,0.08585444684067958
W02000127,Pembrokeshire 002,2025,13,0.2690954163279087,0.02812020741323871,0.14364914907923373,6.314497521029624e-4,0.09306227980598075,0.19240303796273323,0.09934075815675247
W02000128,Pembrokeshire 003,2025,13,0.02246704895695863,5.547631760222455e-4,0.15985286516454048,6.898715656029273e-4,0.10974570519328332,0.2135503743363925,0.1038046691431092
W02000129,Pembrokeshire 004,2025,16,0.07734105470699854,0.00336047291040065,0.13968940451989473,4.848171383919423e-4,0.09509108823385765,0.18241712593840573,0.08732603770454808
W02000130,Pembrokeshire 005,2025,16,0.18611119234914236,0.00947440478178165,0.18611106065498217,6.895734570460248e-4,0.13498423910719992,0.23868814084437076,0.10370390173717084
W02000131,Pembrokeshire 006,2025,14,0.2059601230258639,0.01598238057573869,0.15709789222227802,6.260556955198885e-4,0.10699196756232604,0.20581600554688143,0.09882403798455539
W02000132,Pembrokeshire 007,2025,11,0,0,0.1285450544934461,6.617018252151643e-4,0.07555261981363495,0.17725105834049404,0.10169843852685909
W02000133,Pembrokeshire 008,2025,13,0.32160362306924334,0.02258368403794515,0.15171085839096637,5.852126111253985e-4,0.10499544034252806,0.20065897708989922,0.09566353674737116
W02000134,Pembrokeshire 009,2025,19,0.248498848196269,0.01041969119615377,0.1594476783477339,7.349149475763295e-4,0.10707808445814415,0.21404010989649547,0.10696202543835132
W02000135,Pembrokeshire 010,2025,16,0.1625268146406409,0.00810831111326606,0.16934078318940202,7.599690246448305e-4,0.11509277071208066,0.22385443507010436,0.1087616643580237
W02000136,Pembrokeshire 011,2025,23,0.07868015536839972,0.0025009162658183,0.12183471109680051,5.953239600359934e-4,0.07234358311590183,0.16856709806346548,0.09622351494756365
W02000137,Pembrokeshire 012,2025,13,0.08579073209676916,0.004191187142175,0.16623943431153512,8.647286414816685e-4,0.10793486745420713,0.2239716078465213,0.11603674039231415
W02000138,Pembrokeshire 013,2025,12,0.10601607823830984,0.010219966055312,0.1451379369131318,0.0010657570509545813,0.07971709933691358,0.20833374773208896,0.1286166483951754
W02000139,Pembrokeshire 014,2025,20,0.35209858714901615,0.02171961600463605,0.1277314164588056,7.501948443050557e-4,0.0736960151859515,0.1816231097291492,0.1079270945431977
W02000140,Pembrokeshire 015,2025,14,0.1726677409248139,0.0226457379422177,0.1489101614513617,0.0010046940051574719,0.08631358614141106,0.21117708262122464,0.12486349647981358
W02000141,Pembrokeshire 016,2025,17,0.03546912066416068,0.00129967702376809,0.13080024341268887,8.709028722187935e-4,0.07119988001021277,0.1874563656391443,0.11625648562893154
W02000142,Carmarthenshire 001,2025,9,0.1085597992753008,0.00740187778089984,0.15227504493622282,4.5413000819208635e-4,0.10995380722702054,0.1947654899527358,0.08481168272571525
W02000143,Carmarthenshire 002,2025,7,0,0,0.14390417283231638,4.2604913007455655e-4,0.10006045205974143,0.18260908491221783,0.0825486328524764
W02000144,Carmarthenshire 003,2025,20,0.06599265594319388,0.00172428113716553,0.14427903297869843,4.7342451150611883e-4,0.10086780015847792,0.18717412850372822,0.0863063283452503
W02000145,Carmarthenshire 004,2025,15,0.25999806831673655,0.01536098621601223,0.15349525906847178,4.285935920669281e-4,0.11357302784095893,0.19603487705062494,0.08246184920966601
W02000146,Carmarthenshire 005,2025,11,0.11287773362534176,0.0113282397831304,0.14374279107270638,4.364552772541421e-4,0.10089798050693008,0.18422144229539295,0.08332346178846287
W02000147,Carmarthenshire 006,2025,12,0.2704269807429745,0.02339864101703794,0.16363361749128943,4.8585962031734436e-4,0.12000449407697023,0.20754970844376408,0.08754521436679386
W02000148,Carmarthenshire 007,2025,10,0.332246539269178,0.03636461716012154,0.1764206936530024,8.104035332258362e-4,0.12074825510120057,0.23343334503355945,0.11268508993235887
W02000149,Carmarthenshire 008,2025,15,0.2968642002048154,0.02407259230352023,0.1688962053823455,5.592517588578864e-4,0.12249654305883179,0.21616045879758136,0.09366391573874958
W02000151,Carmarthenshire 010,2025,12,0.4865729101774327,0.02966075361199007,0.16304731209780626,4.6887987350016647e-4,0.12108294395560035,0.20722084400937868,0.08613790005377833
W02000152,Carmarthenshire 011,2025,11,0.19980982291969268,0.01761378862418134,0.1558713558407588,4.64526185856004e-4,0.11327301123935718,0.19900824692192826,0.08573523568257108
W02000153,Carmarthenshire 012,2025,12,0.20039526802664004,0.02833171621297215,0.14623927326790914,5.679746638421156e-4,0.09775922564584164,0.19229904743948406,0.09453982179364243
W02000154,Carmarthenshire 013,2025,13,0.13504243620429662,0.00882794505116138,0.1720628717952235,6.061188181005935e-4,0.1252947792139801,0.22280227491291474,0.09750749569893463
W02000156,Carmarthenshire 015,2025,7,0.05883994883762803,0.00369367440371187,0.15343848682245134,5.755079742996334e-4,0.10459032411651425,0.19977984576740948,0.09518952165089523
W02000157,Carmarthenshire 016,2025,10,0.07381366487938326,0.00547721610347597,0.1638641328536297,5.110943316290784e-4,0.11968651835235224,0.20937081311194508,0.08968429475959284
W02000158,Carmarthenshire 017,2025,10,0.02982852985554847,9.620377518338888e-4,0.15665879198436516,4.951823762705497e-4,0.1131215725055035,0.20138663639300805,0.08826506388750455
W02000159,Carmarthenshire 018,2025,9,0.11541527583403556,0.01226480196722176,0.16793562400174186,6.241945965491033e-4,0.11863676698905692,0.21749250711548837,0.09885574012643145
W02000160,Carmarthenshire 019,2025,6,0.304816817216375,0.03421625630710492,0.16554081275510033,5.885780590400949e-4,0.11867168402494285,0.21479059928320154,0.09611891525825869
W02000161,Carmarthenshire 020,2025,8,0,0,0.18201423943904357,6.814901346178446e-4,0.13083310267706502,0.23397920833726454,0.10314610566019952
W02000162,Carmarthenshire 021,2025,5,0,0,0.16144040496259926,8.803874878459682e-4,0.1025094996084272,0.21988608125351594,0.11737658164508874
W02000163,Carmarthenshire 022,2025,12,0.2033415802781794,0.01639879804613141,0.19341575664095734,7.268125857215132e-4,0.14157774377283844,0.24781183319879346,0.10623408942595503
W02000164,Carmarthenshire 023,2025,21,0.15145645877934877,0.00638587258219278,0.18774016882814223,5.957589978758531e-4,0.1417630304559034,0.2380690163176551,0.09630598586175168
W02000165,Carmarthenshire 024,2025,5,0.04460589483460792,0.00258885781315688,0.19823610884260784,7.771657331123935e-4,0.14455694992238247,0.2545155613721219,0.10995861144973942
W02000166,Carmarthenshire 025,2025,11,0.479665552414865,0.03436522188755858,0.18981915917351028,7.802469107230509e-4,0.13633034759805568,0.24657823884453256,0.11024789124647688
W02000167,Carmarthenshire 026,2025,10,0.4589448374458594,0.02701811366841075,0.22300196846327755,8.923219022523507e-4,0.1675891043103419,0.28500651840616814,0.11741741409582623
W02000168,Swansea 001,2025,17,0.18361995535619988,0.0200861932354291,0.14518729289593266,5.902076139907564e-4,0.09554082529623872,0.19165448725344494,0.09611366195720622
W02000169,Swansea 002,2025,17,0.21235991071668048,0.00936872533001717,0.16176061968003558,4.5937097832369345e-4,0.12169548907715647,0.20706861744618366,0.08537312836902719
W02000170,Swansea 003,2025,13,0.12613782013815375,0.01385209999298553,0.1479982915327416,6.272695479968212e-4,0.09816624841233168,0.19731349687252422,0.09914724846019254
W02000171,Swansea 004,2025,4,0.6968712317346386,0.05184205493777315,0.14297918220037498,5.139701632241242e-4,0.09893784980543494,0.1889552298159148,0.09001738001047987
W02000172,Swansea 005,2025,7,0,0,0.13647448352830785,8.273291372013492e-4,0.07808767326573399,0.1916844941213245,0.1135968208555905
W02000173,Swansea 006,2025,7,0.13584555172983476,0.01643109043321021,0.1497587572316427,6.301308993788522e-4,0.09980646178219015,0.19915759539215594,0.0993511336099658
W02000174,Swansea 007,2025,10,0.3050241900452019,0.05192578673240396,0.1290433454472077,6.176995990506973e-4,0.07885563201362034,0.17708838553878054,0.0982327535251602
W02000175,Swansea 008,2025,6,0.2842427254159557,0.05146719348627623,0.15311116412692152,8.735156559092628e-4,0.09376637651933029,0.21068484009212002,0.11691846357278973
W02000176,Swansea 009,2025,7,0.2143825830882824,0.03422371683773016,0.14745263977801593,5.53827456863793e-4,0.10109116632325602,0.19434233795942069,0.09325117163616467
W02000177,Swansea 010,2025,6,0,0,0.13722419455616056,7.785877271728539e-4,0.08017762633314049,0.19042538208450918,0.11024775575136869
W02000178,Swansea 011,2025,10,0,0,0.16080134099941457,6.655534254935563e-4,0.10811170195157399,0.2099743097198085,0.1018626077682345
W02000179,Swansea 012,2025,14,0.24764267951482924,0.02928269718646051,0.12771874903378128,5.680184904299501e-4,0.08039476043342195,0.17459668170730566,0.09420192127388372
W02000180,Swansea 013,2025,9,0.08040879968974707,0.00654770495938855,0.14672058894717607,5.972407691017222e-4,0.09734774340453449,0.19405689337143472,0.09670914996690023
W02000181,Swansea 014,2025,8,0.2063450402167813,0.02192115016840678,0.15473279659100264,7.464302923609578e-4,0.1005107455397263,0.20853356603879467,0.10802282049906836
W02000182,Swansea 015,2025,11,0.2120499599980602,0.03210861699624001,0.14898355234913196,6.607623968138203e-4,0.09756876712139106,0.199152398921848,0.10158363180045693
W02000183,Swansea 016,2025,9,0.20765156239873592,0.03208418772704308,0.1693891531299989,5.523687903411026e-4,0.12224604684068024,0.21523738439593723,0.09299133755525699
W02000184,Swansea 017,2025,16,0.13032373465975444,0.01408706498058976,0.14137277899846568,5.734083482636376e-4,0.09374880981196776,0.18843440743184592,0.09468559761987816
W02000185,Swansea 018,2025,6,0,0,0.12244500725026833,7.276855762883803e-4,0.06869953189683267,0.17519490851892566,0.10649537662209299
W02000186,Swansea 019,2025,11,0.3346087921705049,0.02620285173450932,0.18235252115516074,6.308833181875097e-4,0.13356010984907898,0.23283099742946348,0.09927088758038449
W02000188,Swansea 021,2025,5,0.13897817046277686,0.01844925430414842,0.17026516517272466,9.020493814205152e-4,0.11038613655155162,0.22906421760986106,0.11867808105830945
W02000189,Swansea 022,2025,15,0,0,0.13248437930569498,6.766414258274761e-4,0.0803408770822977,0.1829598412828906,0.10261896420059291
W02000191,Swansea 024,2025,10,0.23300905004342748,0.02196400610444944,0.1701083389983012,7.184339101034311e-4,0.11833629545647072,0.22432260380580124,0.10598630834933052
W02000192,Swansea 025,2025,18,0.1078801290794299,0.01012995719370896,0.1894470624875552,6.506429126402756e-4,0.13848111515027056,0.23915531996362707,0.10067420481335651
W02000193,Swansea 026,2025,14,0.10782255669977564,0.01026360563372489,0.1820751474802382,7.489033502089613e-4,0.12748470297918824,0.23544645582174328,0.10796175284255505
W02000194,Swansea 027,2025,14,0,0,0.12503347275465396,6.817918804142634e-4,0.07140901630880016,0.1745053181310413,0.10309630182224115
W02000195,Swansea 028,2025,11,0.08341744529806772,0.00382003552158274,0.12768512043869024,7.631544571720696e-4,0.07415393107414789,0.18313572217831325,0.10898179110416537
W02000196,Swansea 029,2025,10,0,0,0.123195768942727,0.0011094916621837844,0.05606627408405103,0.18746853995561574,0.13140226587156473
W02000197,Swansea 030,2025,8,0,0,0.10582964025287743,7.910596933462331e-4,0.04863076460442329,0.1596506783549259,0.11101991375050263
W02000198,Swansea 031,2025,10,0.2579443622255798,0.0337731711557654,0.13958677320224888,0.0010785476352428956,0.07611966534180552,0.20562093835290723,0.1295012730111017
W02000200,Neath Port Talbot 002,2025,11,0.15122342062928207,0.01878555743192171,0.15154782990896962,5.11736452587723e-4,0.10578227326475124,0.19552395310962978,0.08974167984487853
W02000201,Neath Port Talbot 003,2025,16,0,0,0.1458119005582341,4.8401235145762936e-4,0.09964055519522658,0.1868133262895503,0.08717277109432373
W02000202,Neath Port Talbot 004,2025,9,0.5023359976108932,0.04245466863922829,0.16147521280999738,4.7364310928803277e-4,0.11980931853273072,0.20645332593657076,0.08664400740384004
W02000204,Neath Port Talbot 006,2025,4,0,0,0.14536360079946833,6.05965378017482e-4,0.09598385260061018,0.19363135108850965,0.09764749848789947
W02000205,Neath Port Talbot 007,2025,12,0.21896696023517323,0.02251379567339341,0.15273371846551229,5.877721133314383e-4,0.10500868962464584,0.20106246027498603,0.0960537706503402
W02000206,Neath Port Talbot 008,2025,18,0.08980904995079791,0.00412179320150282,0.19672679823508138,6.956983717462742e-4,0.14533964127683854,0.2494807538872679,0.10414111261042935
W02000207,Neath Port Talbot 009,2025,15,0.1069953436546872,0.00560321629928274,0.1635859834099361,5.71121533851672e-4,0.11665243527153746,0.211246604992816,0.09459416972127854
W02000208,Neath Port Talbot 010,2025,9,0.26027978042766364,0.03545495700960153,0.1600128408976931,6.839000833224682e-4,0.10766339106739375,0.21104353750057875,0.103380146433185
W02000210,Neath Port Talbot 012,2025,8,0.282859436264422,0.03308632355891663,0.19405436860227762,7.641939932272883e-4,0.1409657093658624,0.25022376684409486,0.10925805747823247
W02000211,Neath Port Talbot 013,2025,10,0.11457597231886088,0.00745009134234743,0.19357494958838828,6.338225909280695e-4,0.14486848312560813,0.2444374816957391,0.09956899857013096
W02000212,Neath Port Talbot 014,2025,11,0.07787970940284689,0.00353760576034458,0.17862323095938878,4.527127578541138e-4,0.1379303747832304,0.2225050336254707,0.0845746588422403
W02000213,Neath Port Talbot 015,2025,11,0.05826025533035244,0.00354543578986813,0.1577576002042885,6.209363412724017e-4,0.107276858337909,0.20587602758770146,0.09859916924979246
W02000214,Neath Port Talbot 016,2025,16,0.0697043651606858,0.002636683280789,0.17391429299748382,8.84621339807292e-4,0.11482031075650634,0.2322928415824187,0.11747253082591236
W02000215,Neath Port Talbot 017,2025,18,0,0,0.17555313223912675,8.854568569295444e-4,0.11572394709819786,0.23320968287805321,0.11748573577985535
W02000216,Neath Port Talbot 018,2025,13,0.09887157885488725,0.00887472537360822,0.1796997307720117,6.050635860420789e-4,0.13166903742866523,0.2290338906942177,0.09736485326555247
W02000217,Neath Port Talbot 019,2025,16,0,0,0.1678071084451091,5.409903824628823e-4,0.11946388196639765,0.21175774206689613,0.09229386010049848
W02000218,Bridgend 001,2025,11,0.15229566803392136,0.0109034672504786,0.19076626523430565,5.365108310182652e-4,0.14569493782056875,0.23751655102274136,0.09182161320217261
W02000219,Bridgend 002,2025,12,0.1682122113814376,0.0139961429419419,0.19107821995625765,6.430700336120324e-4,0.14239403124879935,0.24276649226761837,0.10037246101881903
W02000220,Bridgend 003,2025,15,0.35532433610683933,0.03163293726336011,0.18211273837501404,5.11728910710274e-4,0.13815757768291348,0.22799046451709248,0.089832886834179
W02000221,Bridgend 004,2025,12,0.22464690922113356,0.0140983287141928,0.1898728141973586,4.6317316979679885e-4,0.14864397562236198,0.2342469491149057,0.08560297349254373
W02000222,Bridgend 005,2025,15,0.15158375295854637,0.00961452561119984,0.17551882080209727,5.018850144282057e-4,0.13171339071189925,0.2205576442281962,0.08884425351629696
W02000223,Bridgend 006,2025,17,0.09757512051333785,0.00841453973360498,0.17361443261895285,5.005296158822198e-4,0.12765547117874704,0.21645203240948507,0.08879656123073804
W02000224,Bridgend 007,2025,13,0,0,0.19313917109614515,5.593985601115847e-4,0.14769673128344374,0.24138742938982674,0.093690698106383
W02000225,Bridgend 008,2025,10,0.28250679011949603,0.046100102267075,0.178192607785237,0.00061838600324080895,0.12871034556255825,0.22710188033014853,0.09839153476759027
W02000226,Bridgend 009,2025,12,0.03520363460281459,0.00130610230687431,0.18458220806197945,5.047478528401664e-4,0.14176879073268328,0.23077170646267753,0.08900291572999425
W02000227,Bridgend 010,2025,19,0.08362598579906975,0.00386682045615299,0.19352021376393463,5.731407698729082e-4,0.14742387765385404,0.24208705139235154,0.0946631737384975
W02000228,Bridgend 011,2025,12,0.13750561923203072,0.00914558896790724,0.19380714608906358,5.628506306154454e-4,0.1473597343011025,0.24132069997499117,0.09396096567388867
W02000229,Bridgend 012,2025,15,0.02366703171999162,5.939299805793825e-4,0.18535274635453428,7.780670144025766e-4,0.1304871329744877,0.24071179148684674,0.11022465851235905
W02000230,Bridgend 013,2025,14,0.03432351547577085,0.00123157673493007,0.17562530209396146,4.8054183177821674e-4,0.13253031353837819,0.2195300790631315,0.0869997655247533
W02000231,Bridgend 014,2025,8,0.07183417284544649,0.0052387770914089,0.20872671623206338,6.348729900081742e-4,0.1601336462228361,0.2597048935614069,0.09957124733857081
W02000232,Bridgend 015,2025,9,0.07382530913478066,0.00564646116036695,0.18627798740112705,5.347860058929205e-4,0.14163737955722072,0.23320474660517523,0.09156736704795451
W02000233,Bridgend 016,2025,14,0.06802796645371637,0.00256054360588346,0.18751777643176978,7.724688636879459e-4,0.13268726602161499,0.24255685027283058,0.1098695842512156
W02000234,Bridgend 017,2025,15,0.24809512359347852,0.01759214410250996,0.19461318514991516,8.070567084789497e-4,0.140306328504486,0.25239370286509594,0.11208737436060995
W02000235,Bridgend 018,2025,13,0,0,0.17384447641031403,8.51596019098469e-4,0.11706123305023752,0.23230641052786977,0.11524517747763224
W02000236,Bridgend 019,2025,16,0.13370182663871005,0.00806865787511177,0.18900258561124533,8.117374747347653e-4,0.13440862030180123,0.24678161741542984,0.11237299711362861
W02000237,Vale of Glamorgan 001,2025,20,0.1627169233043331,0.00557483099244682,0.17359772921894326,4.790976693476723e-4,0.13021681404774632,0.21702680075530745,0.08680998670756113
W02000238,Vale of Glamorgan 002,2025,12,0.09491294921351873,0.00529947441630956,0.16658940108544343,5.484208975324485e-4,0.12003377336957877,0.21284088808298648,0.09280711471340772
W02000239,Vale of Glamorgan 003,2025,15,0.2267787281000853,0.01445762414180057,0.1769418981848931,4.342329837712585e-4,0.1358366928654423,0.21856692072466688,0.08273022785922457
W02000240,Vale of Glamorgan 004,2025,9,0.23257132757896865,0.02165848856048714,0.20335897000929085,6.625343495988145e-4,0.15469586000549368,0.25639055846070435,0.10169469845521067
W02000241,Vale of Glamorgan 005,2025,14,0.08571980997754938,0.00684297326408523,0.19455078765064773,8.291359908690065e-4,0.13867316852719758,0.25234488736772526,0.11367171884052768
W02000242,Vale of Glamorgan 006,2025,11,0.3303578552998071,0.03512637468853634,0.18453551437180377,6.77256718850057e-4,0.13397148280654264,0.23687676519935938,0.10290528239281674
W02000243,Vale of Glamorgan 007,2025,11,0.08317159924169112,0.00387401401355907,0.2019383984781317,6.513772088411682e-4,0.15124888209836695,0.2520616017159143,0.10081271961754734
W02000244,Vale of Glamorgan 008,2025,18,0.1570993129235458,0.0089089090669488,0.17852629567392125,5.739806709201128e-4,0.13067651630430321,0.22543156976223536,0.09475505345793214
W02000245,Vale of Glamorgan 009,2025,16,0.12334052629428711,0.00786840781573228,0.19048901346604433,5.843434214628519e-4,0.14129574591800484,0.23700750035795104,0.0957117544399462
W02000246,Vale of Glamorgan 010,2025,13,0.38345641557840093,0.0228186109348791,0.18374554292788284,7.250421116754836e-4,0.13233542475342844,0.23867831789759736,0.10634289314416892
W02000247,Vale of Glamorgan 011,2025,19,0.1916693699386835,0.0067366554064259504,0.20223054007250912,7.933382697453972e-4,0.14934891166872635,0.26026486367448676,0.1109159520057604
W02000248,Vale of Glamorgan 012,2025,20,0.22411832339759163,0.01266490482991558,0.2128490294219032,6.776983589922084e-4,0.16220460320067398,0.2649598173102893,0.1027552141096153
W02000249,Vale of Glamorgan 013,2025,13,0.30956485591124094,0.01817167953600328,0.20580513637492204,7.690715467204359e-4,0.15217488902749057,0.26175637099761667,0.1095814819701261
W02000250,Vale of Glamorgan 014,2025,13,0.15434933297738462,0.01205902844864081,0.1947098668942514,5.930830066222942e-4,0.14792298805929377,0.24422749449073708,0.09630450643144331
W02000251,Vale of Glamorgan 015,2025,18,0.2951833288197265,0.01407341563645197,0.20008483101784133,5.508778070491549e-4,0.1540500005331462,0.2468258437484528,0.0927758432153066
W02000252,Rhondda Cynon Taf 001,2025,5,0,0,0.15533269384428844,4.08536531267243e-4,0.11181888723209071,0.192539925888577,0.08072103865648628
W02000253,Rhondda Cynon Taf 002,2025,7,0,0,0.15222232006593778,6.572642137254898e-4,0.09913831986821192,0.2005854300214419,0.10144711015322999
W02000254,Rhondda Cynon Taf 003,2025,6,0,0,0.15667951983278378,5.379570582240042e-4,0.10909530578724311,0.2011122364780341,0.092016930690791
W02000255,Rhondda Cynon Taf 004,2025,6,0.1304459405317504,0.0163323027759761,0.15636393130490536,5.142990232792737e-4,0.11025825997020372,0.20024601705885556,0.08998775708865184
W02000256,Rhondda Cynon Taf 005,2025,8,0.2727221010340992,0.0325324572589449,0.17329183197422632,5.277304371547019e-4,0.12798614967649266,0.2193188959949732,0.09133274631848054
W02000257,Rhondda Cynon Taf 006,2025,7,0.08332934345818582,0.00707666406425715,0.16654994608406626,4.722548285540987e-4,0.12205223751548,0.20851792795116045,0.08646569043568045
W02000258,Rhondda Cynon Taf 007,2025,8,0,0,0.16279480158742046,5.024316045024943e-4,0.11672850837176185,0.20561358839303645,0.0888850800212746
W02000259,Rhondda Cynon Taf 008,2025,5,0,0,0.16836475773045298,6.544518485065086e-4,0.11580670995416538,0.21708739873120694,0.10128068877704156
W02000260,Rhondda Cynon Taf 009,2025,4,0.2583865506994965,0.05113041848495398,0.17386459957161476,5.193357610824047e-4,0.12935981121299409,0.22007081793900315,0.09071100672600907
W02000261,Rhondda Cynon Taf 010,2025,14,0.06159992601556031,0.00367901562196499,0.1461914861274464,6.503063120231328e-4,0.09324860908534341,0.1938454088401671,0.10059679975482369
W02000262,Rhondda Cynon Taf 011,2025,12,0.130551361953057,0.01481034237209046,0.14824243232210818,8.216507389003923e-4,0.08922991027111152,0.20224804623643006,0.11301813596531854
W02000263,Rhondda Cynon Taf 012,2025,8,0.07301305027132968,0.0052858860771012,0.1699678943659342,5.160439105989303e-4,0.12426793092170793,0.21444274225550822,0.09017481133380029
W02000264,Rhondda Cynon Taf 013,2025,9,0,0,0.17803977457270914,5.301096905799829e-4,0.1320197833915019,0.2233043387133035,0.0912845553218016
W02000265,Rhondda Cynon Taf 014,2025,9,0.18504699755418308,0.0159764538766468,0.17255621181657063,6.13322383848952e-4,0.12320763663012874,0.22137791326299505,0.09817027663286632
W02000266,Rhondda Cynon Taf 015,2025,9,0.19101749344806623,0.01805137985346083,0.1754392654017984,4.758054463083889e-4,0.13337845409747334,0.22033016390325239,0.08695170980577904
W02000267,Rhondda Cynon Taf 016,2025,4,0.3876848127336204,0.07569560365471198,0.17363009257361417,6.954342628910198e-4,0.12031309657975241,0.22481898268620137,0.10450588610644897
W02000268,Rhondda Cynon Taf 017,2025,11,0.03728687811082731,0.00147635974183728,0.17152671029818845,0.00049239505548570595,0.12648185684384744,0.21462493948602063,0.08814308264217319
W02000269,Rhondda Cynon Taf 018,2025,7,0,0,0.16747307359429459,5.235897562828121e-4,0.12008644472638756,0.21081701777476755,0.09073057304837999
W02000270,Rhondda Cynon Taf 019,2025,4,0,0,0.16217185822047417,5.68381375456728e-4,0.11317628710252485,0.2078668085141353,0.09469052141161045
W02000271,Rhondda Cynon Taf 020,2025,7,0,0,0.17095640975853915,6.71702288785641e-4,0.11775887043251959,0.22038912227385127,0.10263025184133168
W02000272,Rhondda Cynon Taf 021,2025,8,0.1855565686140649,0.01727400927802911,0.17645344067959728,4.5963084566243145e-4,0.1340822969938702,0.21945823872999226,0.08537594173612206
W02000273,Rhondda Cynon Taf 022,2025,7,0.3226183991408277,0.04147132676107223,0.20863796173153976,5.801518062806821e-4,0.16123346295292876,0.25685418157171497,0.09562071861878621
W02000274,Rhondda Cynon Taf 023,2025,7,0.1887888568142841,0.02836594638437752,0.17371903310564918,5.399242090527722e-4,0.12696058795162082,0.21910324689210195,0.09214265894048113
W02000275,Rhondda Cynon Taf 024,2025,8,0.13233078446833696,0.01609793561785056,0.17419582747641074,4.988992885952282e-4,0.12951174898986673,0.2183191921455441,0.08880744315567737
W02000276,Rhondda Cynon Taf 025,2025,10,0.14269715022150847,0.01692906107665517,0.17081407021104658,5.665508163994505e-4,0.12275545241385155,0.21729218284426624,0.09453673043041469
W02000277,Rhondda Cynon Taf 026,2025,6,0.10088609002340776,0.01018566563734435,0.178376591683709,5.230985348624803e-4,0.132818634476721,0.22371537959740273,0.09089674512068174
W02000278,Rhondda Cynon Taf 027,2025,7,0.08316256222900299,0.00703547690226713,0.1672591611828058,5.019305528977183e-4,0.12252781724539387,0.21153466097564674,0.08900684373025287
W02000279,Rhondda Cynon Taf 028,2025,11,0.25312851242312073,0.01675411550252992,0.17649397868514408,5.48629441035807e-4,0.13030646782675598,0.223234186899704,0.09292771907294803
W02000280,Rhondda Cynon Taf 029,2025,6,0.21060406256842443,0.03449264812068904,0.18061208519376587,5.008819154927388e-4,0.13626239177211819,0.22520563379238398,0.0889432420202658
W02000281,Rhondda Cynon Taf 030,2025,10,0.12026842955867198,0.01262069315154442,0.1676072242092089,4.710544637111478e-4,0.12291418528956613,0.2091978393714854,0.08628365408191926
W02000282,Rhondda Cynon Taf 031,2025,5,0.0898198462406467,0.00982488383950507,0.1718381027882547,5.135954528532292e-4,0.12519228746228642,0.2153031785916124,0.09011089112932599
W02000284,Merthyr Tydfil 002,2025,31,0.08036287104106436,0.00248401447213526,0.16627354461376767,4.472492353605369e-4,0.12239883066463865,0.20637148468743272,0.08397265402279407
W02000285,Merthyr Tydfil 003,2025,23,0.08607233660619168,0.00655397376923579,0.15359492684940462,4.4407367522252e-4,0.11032824801924221,0.19395981320452693,0.08363156518528472
W02000286,Merthyr Tydfil 004,2025,18,0.31781479424180314,0.01510502554650004,0.1971655056775963,5.620724731903308e-4,0.15152667859463934,0.24527941088096727,0.09375273228632794
W02000287,Merthyr Tydfil 005,2025,19,0.3733724764228139,0.01681172985111207,0.1906327563938654,5.713117530634636e-4,0.14739367784177146,0.24203514162018577,0.09464146377841431
W02000288,Merthyr Tydfil 006,2025,32,0.22002796937911617,0.00584310726496935,0.17452114855694997,3.6835509516815185e-4,0.1368147954555549,0.2131125807202234,0.07629778526466852
W02000289,Merthyr Tydfil 007,2025,32,0.21904547495787316,0.01359111880808216,0.16460969095150177,4.200911612282816e-4,0.1241661932852154,0.20542658557207422,0.08126039228685882
W02000290,Caerphilly 001,2025,7,0.4940004281368866,0.04800114891573124,0.17897819254655936,5.00873061566029e-4,0.13674826384543323,0.22580872634881502,0.08906046250338179
W02000291,Caerphilly 002,2025,5,0.38510048043962464,0.07552190854049042,0.17511943853256093,4.5523550320068773e-4,0.1334273776160939,0.21845629794801275,0.08502892033191883
W02000292,Caerphilly 003,2025,9,0.1328072485359273,0.00969458237186979,0.16750859410955632,5.167594995526097e-4,0.12174596679856162,0.21204624483658718,0.09030027803802557
W02000293,Caerphilly 004,2025,6,0,0,0.16361474318326938,6.622417677030583e-4,0.11092089887107362,0.21300411569400013,0.10208321682292651
W02000294,Caerphilly 005,2025,14,0.22972725402244865,0.01346904739298823,0.15556594950979266,4.661815833238158e-4,0.11420948420296277,0.20011574477521288,0.0859062605722501
W02000295,Caerphilly 006,2025,7,0.23708748617540648,0.02423079665279696,0.15349596446462488,5.21220192467458e-4,0.1087450890927551,0.19947781969007783,0.09073273059732273
W02000296,Caerphilly 007,2025,8,0.11814081890186584,0.01281790231980255,0.16533814403322578,5.100279015676293e-4,0.1212816695930896,0.21108731214044993,0.08980564254736033
W02000297,Caerphilly 008,2025,8,0.02050999532070842,4.820683277050661e-4,0.16255344918910644,4.3583238272520633e-4,0.1206574862136149,0.20392900166323882,0.08327151544962393
W02000298,Caerphilly 009,2025,9,0,0,0.14262241148532706,5.752176959728828e-4,0.0924208438386053,0.1874977738350869,0.0950769299964816
W02000299,Caerphilly 010,2025,7,0.1968710323092155,0.02070306108664358,0.16688601610992676,7.601001323553658e-4,0.1137175471319744,0.22294349778584135,0.10922595065386695
W02000300,Caerphilly 011,2025,5,0.15140732293935924,0.02369638116854418,0.15171748461873993,5.723818654816554e-4,0.10332025622124316,0.1983131322335837,0.09499287601234055
W02000301,Caerphilly 012,2025,9,0,0,0.15584514685625875,4.6469517348545966e-4,0.11042842833939777,0.19620839757784664,0.08577996923844887
W02000302,Caerphilly 013,2025,12,0.26456358564365673,0.02997053978219121,0.15956519201785538,4.541253922171369e-4,0.1167124897650049,0.20147830307103967,0.08476581330603478
W02000303,Caerphilly 014,2025,11,0.0903635329897166,0.0045819523425108,0.15219280279917605,4.798871376942606e-4,0.10783479075628465,0.19487365732527112,0.08703886656898648
W02000304,Caerphilly 015,2025,7,0.04511958651772993,0.00230500804706211,0.15713167133785724,4.8305860971005124e-4,0.11203006032730814,0.19939733893755934,0.0873672786102512
W02000305,Caerphilly 016,2025,6,0,0,0.15772198532175216,7.913317553049186e-4,0.10136114520984478,0.21277921145564038,0.1114180662457956
W02000306,Caerphilly 017,2025,11,0.1914716093221539,0.01820986060833416,0.16272334466238247,4.976664867663259e-4,0.11860742396554849,0.20719572345051113,0.08858829948496263
W02000307,Caerphilly 018,2025,10,0.17240741216894648,0.01604838936723919,0.19235478580492915,5.931757574846527e-4,0.14642137923639106,0.24314441693509287,0.0967230376987018
W02000308,Caerphilly 019,2025,10,0.12023790671158982,0.01278096943276208,0.16388165176752711,4.943465994131889e-4,0.11835368172901034,0.20665541155760442,0.08830172982859408
W02000309,Caerphilly 020,2025,9,0.16949886344541443,0.01031795675701423,0.1674774517919287,5.231735262150976e-4,0.12300119566983658,0.21394766246422342,0.09094646679438684
W02000310,Caerphilly 021,2025,11,0.26962821900533507,0.02996641869850812,0.16693673837271827,4.302143794282822e-4,0.12453051297770484,0.2071684198642053,0.08263790688650047
W02000311,Caerphilly 022,2025,8,0.05899856156677649,0.00375202688166048,0.1719871876033553,5.91303419648876e-4,0.12295888770945701,0.21948807759642622,0.09652918988696921
W02000312,Caerphilly 023,2025,9,0,0,0.16577032266148664,5.776062728689302e-4,0.11736863034113479,0.21268257497445497,0.09531394463332019
W02000313,Caerphilly 024,2025,6,0,0,0.17095181658412437,5.760323711809617e-4,0.12277558499957605,0.21811151596059722,0.09533593096102116
W02000314,Blaenau Gwent 001,2025,27,0.1154649264108974,0.00758341358664255,0.1339189582713318,5.435950132614865e-4,0.0856705031416953,0.17765877593175683,0.09198827279006153
W02000315,Blaenau Gwent 002,2025,12,0.02585755314227178,7.061671069476614e-4,0.14961415377068193,6.137901837613354e-4,0.09982584916763779,0.19785243238079464,0.09802658321315685
W02000316,Blaenau Gwent 003,2025,22,0.16102771019666345,0.0077174621768716,0.1510497175738607,4.6500984209746013e-4,0.10709342160531132,0.19256447107537933,0.085471049470068
W02000317,Blaenau Gwent 004,2025,23,0.2686285661167653,0.01890156563112764,0.14721403891416707,5.234243663585804e-4,0.10120487320354069,0.19169459547156334,0.09048972226802265
W02000318,Blaenau Gwent 005,2025,19,0.03934170008503007,0.00154309265889181,0.14531940554391187,4.7212774411530337e-4,0.10145805627185545,0.18752715140797407,0.08606909513611863
W02000319,Blaenau Gwent 006,2025,23,0.09374711394837162,0.0076936383203531,0.16097264512091142,4.4648094953519263e-4,0.11851685028663281,0.20234509135858333,0.08382824107195053
W02000320,Blaenau Gwent 007,2025,17,0.2671863695725407,0.02462330119504111,0.15513863944947598,4.4861634773186646e-4,0.11259463972898179,0.19666415240393967,0.08406951267495788
W02000321,Blaenau Gwent 008,2025,23,0,0,0.141958986438796,5.044986826115011e-4,0.09474698753688657,0.18360756200396094,0.08886057446707438
W02000322,Blaenau Gwent 009,2025,17,0.2890004976589016,0.01930707733208523,0.1618283875273832,4.804218529370144e-4,0.1197646402415089,0.20677204999675405,0.08700740975524515
W02000323,Torfaen 001,2025,17,0.03503674928122015,0.00124592339117171,0.1441435459643294,5.052612777700707e-4,0.09759090550724482,0.18673862068302632,0.0891477151757815
W02000324,Torfaen 002,2025,14,0.0748106038887924,0.00528491507234404,0.14615320617367053,4.402773250562659e-4,0.10419022422605559,0.18761274689844598,0.08342252267239039
W02000325,Torfaen 003,2025,14,0.13605163464876163,0.00996095532295979,0.15385075899049744,6.186025350379057e-4,0.10402286705368477,0.202445081729637,0.09842221467595222
W02000326,Torfaen 004,2025,12,0.04080259603411167,0.00174493086229559,0.14516443104686882,5.12094922057959e-4,0.09932065074580411,0.1890524692502366,0.0897318185044325
W02000327,Torfaen 005,2025,20,0.03058069694009597,9.513699824588816e-4,0.11970445262552004,5.480437095084934e-4,0.07173391324577624,0.16426875811199115,0.09253484486621491
W02000328,Torfaen 006,2025,17,0.0569182626120659,0.00313932203665786,0.13181416292847156,6.296874644157978e-4,0.08067896306800289,0.17987082835577817,0.09919186528777528
W02000329,Torfaen 007,2025,20,0.304692529644205,0.0197642585335252,0.15790624377279494,5.933652498636872e-4,0.11087866850746206,0.20738847046805375,0.0965098019605917
W02000330,Torfaen 008,2025,16,0.32735145550316547,0.02380815135631992,0.1370844923397346,5.468341048448719e-4,0.09061234220311412,0.1832917654141505,0.09267942321103637
W02000331,Torfaen 009,2025,18,0.35083136233578727,0.02120655596166082,0.1573478210570781,6.522140490626688e-4,0.10628300116963645,0.20721274721906963,0.10092974604943318
W02000332,Torfaen 010,2025,24,0.05349338083449262,0.00164771696165409,0.14816550766524542,5.155135249765054e-4,0.10132256031222117,0.1910768231385584,0.08975426282633722
W02000333,Torfaen 011,2025,21,0,0,0.1340696604209834,5.618580699919135e-4,0.08499923440103782,0.17863366403218747,0.09363442963114965
W02000334,Torfaen 012,2025,15,0.17030412564008704,0.00943615712554789,0.14188518163652272,4.8682670015640783e-4,0.09866148147679796,0.18636401475804415,0.08770253328124619
W02000335,Torfaen 013,2025,16,0,0,0.13059066679368275,4.70395065176904e-4,0.0862003782518828,0.17226030690425365,0.08605992865237085
W02000336,Monmouthshire 001,2025,34,0.02030209219874314,4.143617534151925e-4,0.1373090584063027,4.6322802069520205e-4,0.09259086591062068,0.17798966625713508,0.0853988003465144
W02000337,Monmouthshire 002,2025,26,0.09581761749089136,0.00256189176311349,0.16217546022716886,8.674944919104671e-4,0.10424997989087435,0.22045308949239276,0.1162031096015184
W02000338,Monmouthshire 003,2025,25,0.2967555285685354,0.01428241642633621,0.14581103795475517,4.780670137934546e-4,0.10464684531026253,0.1915450446522128,0.08689819934195028
W02000339,Monmouthshire 004,2025,26,0.19756310464376825,0.01285497952951069,0.1422425019719305,8.158359194156902e-4,0.08576561146698031,0.19841415526764725,0.11264854380066694
W02000340,Monmouthshire 005,2025,16,0.06206963035056901,0.0016345103988168,0.13059651138700784,4.346284391532167e-4,0.09046551318922674,0.1734930694111132,0.08302755622188646
W02000341,Monmouthshire 006,2025,29,0.02914626227780904,4.4694577924210094e-4,0.11900847976011199,3.914614976893109e-4,0.07805608115269644,0.15662578151923057,0.07856970036653413
W02000342,Monmouthshire 007,2025,16,0.1730340931630624,0.01400440739537029,0.12010971966641813,5.521524704410837e-4,0.07261423495800988,0.16563180087715282,0.09301756591914294
W02000343,Monmouthshire 008,2025,16,0.08429630309605435,0.00364955938271199,0.1402166569253147,0.00075183669319927465,0.08493403885374576,0.19319671605953986,0.1082626772057941
W02000344,Monmouthshire 009,2025,21,0.1722797710711219,0.01487524893279657,0.1329377496838118,5.004296250772436e-4,0.08920455453232667,0.17778106756397652,0.08857651303164985
W02000345,Monmouthshire 010,2025,19,0.18609584214749028,0.00897440093666466,0.16423573875651754,8.046600980177004e-4,0.11017177329926316,0.22212979872798605,0.1119580254287229
W02000346,Monmouthshire 011,2025,24,0.15232416813976363,0.00736750770497059,0.13786106085262223,6.504363434537454e-4,0.08697642702061165,0.1877379016003938,0.10076147457978216
W02000347,Newport 001,2025,18,0.06461458946959135,0.00245960683457328,0.13291774779650675,5.674360978339989e-4,0.08545318581949515,0.17967208592376183,0.09421890010426667
W02000348,Newport 002,2025,9,0,0,0.12758701510752282,8.860451144503853e-4,0.06643645413539728,0.18387383675418106,0.11743738261878378
W02000349,Newport 003,2025,20,0.1448486715851302,0.00687144531082198,0.17027374804024403,5.511188424182738e-4,0.1238552744407746,0.21681563026994047,0.09296035582916587
W02000350,Newport 004,2025,12,0.03890340997158043,0.00158593964109854,0.1341999523198167,5.2238185506788e-4,0.08847678453165951,0.1790613197300872,0.0905845351984277
W02000351,Newport 005,2025,11,0.0349899336508939,0.00132188995380489,0.14945202076658193,0.001087006240740915,0.08408946656950046,0.2142011826710506,0.13011171610155015
W02000352,Newport 006,2025,15,0.1385748196838811,0.0085590026491063,0.1661519286444153,9.079938705405279e-4,0.1064423828925932,0.22560379023714247,0.11916140734454927
W02000353,Newport 007,2025,6,0.1169784876836714,0.01337218701077527,0.15283994035457754,0.001033812232003047,0.08964373823075447,0.21657437246715244,0.12693063423639797
W02000354,Newport 008,2025,8,0,0,0.12944321741886755,8.960560864480564e-4,0.0687492989842113,0.18682269453139197,0.11807339554718067
W02000355,Newport 009,2025,11,0,0,0.13808696878919494,5.220933840035212e-4,0.0912159504461989,0.18182345872736097,0.09060750828116207
W02000356,Newport 010,2025,11,0.14106642875320174,0.01202188137219196,0.1693535495452729,8.050870545204154e-4,0.11382445037088793,0.22595912186192146,0.11213467149103354
W02000357,Newport 011,2025,15,0,0,0.14440179839341363,9.37194376974107e-4,0.08227295520947424,0.2028905996128682,0.12061764440339397
W02000358,Newport 012,2025,7,0,0,0.13928336528569865,6.327693459153433e-4,0.08904136058339465,0.1885682265866304,0.09952686600323574
W02000359,Newport 013,2025,16,0.17195682146256686,0.01016322462469572,0.16524887004849076,9.263158375670197e-4,0.10513851316145043,0.22516012641746252,0.1200216132560121
W02000360,Newport 014,2025,18,0.11607631589507758,0.00857051176979691,0.16901939472674868,8.74505626250851e-4,0.10947130889928475,0.2260618713573858,0.11659056245810107
W02000361,Newport 015,2025,9,0,0,0.14475075628652653,7.191801149738913e-4,0.09081850051099463,0.19664969531675103,0.1058311948057564
W02000362,Newport 016,2025,9,0.14387404477650712,0.01770099762354224,0.14404135119400316,7.984920964688343e-4,0.08645111698775917,0.19823790886769344,0.11178679187993426
W02000363,Newport 017,2025,18,0.06635440745682769,0.00415797891576541,0.13563844485591786,9.370951193987884e-4,0.07307488700541355,0.19353183113449088,0.12045694412907733
W02000364,Newport 018,2025,17,0.14274502605112585,0.01071694158660544,0.18584084481527147,0.0010502480098278782,0.1205653655649813,0.24861168771487685,0.12804632214989553
W02000365,Newport 019,2025,8,0,0,0.16487321599658245,8.607868197631796e-4,0.10585149957475005,0.22175349619661355,0.1159019966218635
W02000366,Newport 020,2025,13,0.03770907390667587,0.00149023333982446,0.1497538143589873,4.574838052004739e-4,0.10623447422339206,0.19124742933584474,0.08501295511245267
W02000367,Cardiff 001,2025,6,0.3743079987346414,0.04600185325896609,0.17887240133871557,5.94384418588341e-4,0.13299908523036222,0.22950290455734068,0.09650381932697846
W02000368,Cardiff 002,2025,12,0.16644062989317782,0.01454450770980091,0.18477870110989517,8.451257880792915e-4,0.1280306261127378,0.24294063485294262,0.11491000874020482
W02000369,Cardiff 003,2025,10,0.09228696752456968,0.0082712712898028,0.18253291982197928,5.597850150335994e-4,0.13598652484150445,0.22973956931767048,0.09375304447616603
W02000370,Cardiff 004,2025,4,0,0,0.176067920215289,6.837665977484363e-4,0.12580649176322192,0.22929954290085858,0.10349305113763665
W02000371,Cardiff 005,2025,10,0.2834663408827189,0.02132167361584807,0.20543922232902698,6.507400681225739e-4,0.15700276354771348,0.2577344870856363,0.10073172353792281
W02000372,Cardiff 006,2025,11,0.3899580034663602,0.03954553849103894,0.18219361534228018,5.036165788039615e-4,0.1385832188992043,0.22760636180904598,0.08902314290984167
W02000373,Cardiff 007,2025,14,0.35447867896554264,0.02686278747332256,0.221926928939219,8.311476454650537e-4,0.16754751108906096,0.28108676713952474,0.11353925605046378
W02000374,Cardiff 008,2025,9,0.12483984995641914,0.01360781905158248,0.18658434041354588,6.449000527784869e-4,0.13771725659316997,0.23807268953329225,0.10035543294012228
W02000375,Cardiff 009,2025,9,0.4786412438280221,0.03650228213922832,0.22434421800727514,8.020743591599723e-4,0.1712384271112411,0.2828158870992028,0.1115774599879617
W02000376,Cardiff 010,2025,10,0.4900738685735866,0.04140697303203829,0.19338004078136006,5.221090036218456e-4,0.14864292851607014,0.2391792121465899,0.09053628363051977
W02000377,Cardiff 011,2025,11,0.10278574992280767,0.00956167453808583,0.1972194027005478,7.125130483719571e-4,0.14655694134519864,0.25201108036776193,0.10545413902256329
W02000378,Cardiff 012,2025,6,0.4226705532265014,0.07315114090492444,0.19398362887236886,7.161661611834597e-4,0.1426503582844635,0.24839347654257135,0.10574311825810784
W02000379,Cardiff 013,2025,9,0.5307039623181139,0.04219997437590358,0.21670600058789663,0.001004405612631147,0.1556236722622563,0.2807485786881458,0.1251249064258895
W02000380,Cardiff 014,2025,8,0.1703568835836895,0.02449801361732903,0.17315379153182453,4.442096975408212e-4,0.13080859989018112,0.21474303611074355,0.08393443622056243
W02000381,Cardiff 015,2025,14,0.5257138832190421,0.02758597298479044,0.22303554383865173,7.936509087326029e-4,0.17025722862273412,0.2811917641552713,0.11093453553253718
W02000382,Cardiff 016,2025,14,0.22240470963156955,0.0190902187129934,0.20789939309303654,8.328213303377408e-4,0.15174615671879232,0.26571123218939785,0.11396507547060553
W02000383,Cardiff 017,2025,8,0.16695039187655963,0.02234482601391983,0.21741796770895463,7.645733085707359e-4,0.16386645286371565,0.27307742934189216,0.10921097647817651
W02000384,Cardiff 018,2025,10,0.2046289437144066,0.01771383392246868,0.18745340469715624,5.537769274872317e-4,0.1402462836290128,0.23364220335715216,0.09339591972813935
W02000385,Cardiff 019,2025,12,0.16290038484607827,0.01240023836400937,0.19132304055608454,5.734860368041967e-4,0.14336914935896622,0.23834452776385545,0.09497537840488923
W02000386,Cardiff 020,2025,13,0.29112509940266035,0.03143101625458684,0.19081225784850567,8.18003792024416e-4,0.1358581960618495,0.24879137196411444,0.11293317590226493
W02000387,Cardiff 021,2025,11,0.4545101788241111,0.02629343793842477,0.21376034962989454,6.800555501295727e-4,0.16611122845938028,0.26891520879605424,0.10280398033667396
W02000388,Cardiff 022,2025,12,0.2558509811794808,0.02042176886851218,0.1920934877063797,6.71105703934534e-4,0.14181611708786743,0.24418159145102025,0.10236547436315283
W02000389,Cardiff 023,2025,14,0.02866268919409662,8.613061685194141e-4,0.2037363910334516,5.278326308839482e-4,0.15720206453424845,0.24849029980729306,0.09128823527304461
W02000390,Cardiff 024,2025,15,0.3711698198875468,0.03087849530775885,0.20033932341825791,7.412847792774984e-4,0.14866452667084112,0.2560400070788995,0.10737548040805839
W02000391,Cardiff 025,2025,8,0.30740845692023927,0.05275273998707581,0.2379604924861344,6.339670988258634e-4,0.1884578599702251,0.28818695524004695,0.09972909526982185
W02000392,Cardiff 026,2025,7,0.556312319786682,0.05186395766494042,0.19541610183695096,5.33971545215825e-4,0.15113697677925525,0.2426684496611594,0.09153147288190416
W02000393,Cardiff 027,2025,15,0.4022961260797456,0.02342310086882338,0.21286657453127514,6.474435118245248e-4,0.1634941747618489,0.2641159060971676,0.10062173133531871
W02000394,Cardiff 028,2025,10,0.5047138276525701,0.04402893107287459,0.25420326786228725,5.857849592871832e-4,0.20762621396892925,0.3033820839776945,0.09575587000876526
W02000395,Cardiff 029,2025,7,0.08246422989637363,0.00686155437429759,0.2120357965021803,7.52361603639555e-4,0.1588741362763702,0.2672863599239047,0.1084122236475345
W02000396,Cardiff 030,2025,7,0.21053658235672584,0.02507284485106603,0.23722787950054255,6.422590082109935e-4,0.1876668319445922,0.28793209305715245,0.10026526111256026
W02000397,Cardiff 031,2025,11,0.23207340116475697,0.02085811008193523,0.21340122791218175,7.031643564104559e-4,0.16241300030079447,0.26706770381337275,0.10465470351257827
W02000398,Cardiff 032,2025,12,0.08403365903910262,0.00683727694912481,0.26562403452678657,5.895823314293057e-4,0.21733167278322513,0.31342772025458776,0.09609604747136263
W02000399,Cardiff 033,2025,9,0.06388966893256559,0.00429808593693086,0.26232201629520974,7.391578261846943e-4,0.21050148734785581,0.31782659000471,0.10732510265685416
W02000400,Cardiff 034,2025,10,0.5653953957252704,0.04022768465745965,0.2243420985804311,5.870424800813942e-4,0.1792380726124721,0.2751523250786387,0.09591425246616658
W02000401,Cardiff 035,2025,16,0.27424028104590087,0.01579222912273057,0.21695763714921817,9.12460615721894e-4,0.1595104981814956,0.2785590752050456,0.11904857702354998
W02000402,Cardiff 036,2025,8,0,0,0.245040679555657,7.027658789099457e-4,0.1919691203973489,0.2968326599223201,0.10486353952497121
W02000403,Cardiff 037,2025,9,0.3884071760766388,0.05166504358565265,0.219671980074559,7.003897458969093e-4,0.16783295142461419,0.2725206993257299,0.10468774790111574
W02000404,Cardiff 038,2025,11,0.3044993808990656,0.03084581377540834,0.21645089420569336,6.270422800241926e-4,0.16558632633121229,0.26475460553409796,0.09916827920288568
W02000405,Cardiff 039,2025,12,0.17633801530263452,0.01849512225202716,0.22470503000155992,7.577414957216505e-4,0.17059573923710591,0.27933661486848815,0.10874087563138224
W02000406,Cardiff 040,2025,12,0.13115748284013626,0.0104657264495303,0.2099783226703465,9.166147667740709e-4,0.150182564856546,0.26983530279960155,0.11965273794305556
W02000407,Cardiff 041,2025,4,0,0,0.20405015838252566,0.0010914921955595266,0.13819431825575207,0.2688140619391358,0.13061974368338375
W02000408,Cardiff 042,2025,11,0.07104526300740088,0.00488787411992192,0.23048258624799262,7.035691752253492e-4,0.17683919226210001,0.2818553648014342,0.10501617253933418
W02000409,Cardiff 043,2025,12,0.19153745556896415,0.01236439744549229,0.21317770029501643,7.767547054177704e-4,0.1596909880482002,0.2696871853987044,0.1099961973505042
W02000410,Cardiff 044,2025,13,0.07258993377153926,0.00504197862583933,0.22028246412924102,8.716061545641502e-4,0.16135148119596607,0.27807916870775035,0.11672768751178428
W02000411,Cardiff 045,2025,13,0.33818330501675087,0.01760608880566301,0.23256776418273464,0.0011131721130809705,0.16985415252353964,0.3012541367068763,0.13139998418333665
W02000412,Cardiff 046,2025,14,0.12874926305241097,0.00829752134970795,0.2091655574458983,6.784812680798794e-4,0.15666538408904018,0.2596913015803853,0.1030259174913451
W02000414,Powys 020,2025,25,0.2288125222915825,0.01231107645818973,0.14642841373676257,3.3785656853183363e-4,0.1100953053312349,0.18347674351831678,0.07338143818708187
W02000415,Merthyr Tydfil 008,2025,32,0.0968178672010492,0.00212990939563256,0.1916708515180691,4.493335603778168e-4,0.15096751516007906,0.23494503421033502,0.08397751905025597
W02000416,Powys 021,2025,25,0.08284698841206274,0.00294160090819805,0.14768790670292187,3.653005131645168e-4,0.10872028272407108,0.18470221297135186,0.07598193024728078
W02000417,Neath Port Talbot 020,2025,13,0,0,0.14723164768870026,5.814797672926558e-4,0.09758659679753398,0.19298801884794223,0.09540142205040825
W02000418,Carmarthenshire 027,2025,11,0.1118247856859071,0.011072156926720811,0.14645627651965992,4.537825772042599e-4,0.10514027218626523,0.18977468276884454,0.08463441058257931
W02000419,Denbighshire 017,2025,13,0.374484824340738,0.0359603202694305,0.16560565325747073,7.648857855304323e-4,0.11239984315509718,0.22167645548628628,0.1092766123311891
W02000421,Ceredigion 011,2025,25,0.19558762019629897,0.00817094807213975,0.14940326510924345,3.5861622365237e-4,0.1110059191104522,0.18659051698054557,0.07558459787009338
W02000422,Cardiff 048,2025,9,0.16442719866020877,0.01382455279276886,0.23200584169381483,6.51885593231101e-4,0.1831752164143237,0.28426604810697303,0.10109083169264935
W02000423,Cardiff 049,2025,11,0.386029609120118,0.0407181831721557,0.22797966470684253,5.736868367591658e-4,0.1801820993065784,0.2750366033212536,0.09485450401467521
W02000424,Wrexham 021,2025,11,0.38668272783617713,0.03714843679057483,0.13603084865312312,6.496162622295076e-4,0.0856516504035794,0.18652673467682446,0.10087508427324506
W02000425,Wrexham 022,2025,10,0.21485879600477464,0.01742904966086088,0.15452187817166088,5.191581920139693e-4,0.11078335882290069,0.2013495832728797,0.090566224449979
W02000426,Wrexham 023,2025,11,0.1233595580884146,0.00785897326892542,0.14598804308473268,8.558719724904469e-4,0.08802890893837856,0.2037819031602651,0.11575299422188653
W02000427,Neath Port Talbot 021,2025,18,0.05303561036563484,0.00273429171052016,0.1578165799421722,3.8694663797793355e-4,0.11616583105661604,0.19455364244718282,0.07838781139056678
W02000428,Swansea 032,2025,4,0,0,0.12703125686882213,5.740256794998511e-4,0.07936856075718204,0.17413157650014413,0.09476301574296209
