area_id,msoa_name,time_id,shallow_mrp_estimate,shallow_mrp_variance,shallow_mrp_lower,shallow_mrp_upper,shallow_mrp_ci_width
W02000001,Isle of Anglesey 001,2021,0.02379837369049446,6.278050594962465e-5,0.011480723767470793,0.04012916973755161,0.028648445970080816
W02000001,Isle of Anglesey 001,2023,0.03335038627298438,1.223764991062093e-4,0.016579376783123025,0.0598717133146969,0.043292336531573876
W02000001,Isle of Anglesey 001,2025,0.03850809679725274,1.4747562759097826e-4,0.01871314498650399,0.06760937452095711,0.04889622953445312
W02000002,Isle of Anglesey 002,2021,0.019993592636730808,4.38316969087175e-5,0.00940293155576619,0.035991620162670865,0.026588688606904675
W02000002,Isle of Anglesey 002,2023,0.028196772266453233,8.531625787134832e-5,0.013713515904094167,0.052724092892938716,0.03901057698884455
W02000002,Isle of Anglesey 002,2025,0.03252597204547645,9.379493846002733e-5,0.01538372235972068,0.05377653857790751,0.03839281621818683
W02000003,Isle of Anglesey 003,2021,0.03799223971591386,3.73941653006356e-4,0.015170130240265485,0.09731205574195399,0.0821419255016885
W02000003,Isle of Anglesey 003,2023,0.05370685472740559,6.078413481294054e-4,0.023077336165273382,0.12004218485729617,0.09696484869202279
W02000003,Isle of Anglesey 003,2025,0.06153214750270503,7.392117564568899e-4,0.02703256767013225,0.13251863108721515,0.1054860634170829
W02000004,Isle of Anglesey 004,2021,0.03035720015322253,1.1700459799274075e-4,0.01537321025758153,0.059572488133654775,0.044199277876073244
W02000004,Isle of Anglesey 004,2023,0.0429006309254372,2.0599630149224324e-4,0.022656117818392787,0.0781718889073253,0.055515771088932506
W02000004,Isle of Anglesey 004,2025,0.04947000135007583,2.5934917995055053e-4,0.027001346135999665,0.08940971510545984,0.06240836896946017
W02000005,Isle of Anglesey 005,2021,0.01938659202074681,4.333206350577205e-5,0.009173764123143392,0.03478708135264259,0.0256133172294992
W02000005,Isle of Anglesey 005,2023,0.027392083976642303,8.229789006183825e-5,0.013093835331816444,0.047318208562803624,0.034224373230987176
W02000005,Isle of Anglesey 005,2025,0.031278311401477334,1.0069324089332774e-4,0.015482739395288183,0.05550632425719912,0.04002358486191093
W02000006,Isle of Anglesey 006,2021,0.024194709823761734,5.410007915587204e-5,0.012022116001036498,0.041046193260399017,0.02902407725936252
W02000006,Isle of Anglesey 006,2023,0.034845362562373985,1.0940466869311732e-4,0.01675472919147759,0.057577993839029645,0.04082326464755205
W02000006,Isle of Anglesey 006,2025,0.040287917429569386,1.2674303427049108e-4,0.02028647035892519,0.06600274297158723,0.04571627261266204
W02000007,Isle of Anglesey 007,2021,0.029914511450836286,9.217304008810276e-5,0.015406483854973414,0.051946875134328885,0.036540391279355475
W02000007,Isle of Anglesey 007,2023,0.042156565128579404,1.6732737878065543e-4,0.02306416904734577,0.0680570857017079,0.044992916654362135
W02000007,Isle of Anglesey 007,2025,0.04815865452050757,1.776127881289425e-4,0.027415410404484742,0.07716490753087679,0.04974949712639205
W02000008,Isle of Anglesey 008,2021,0.020641936950409685,7.236534559857735e-5,0.00908563871602264,0.04019393367858917,0.03110829496256653
W02000008,Isle of Anglesey 008,2023,0.02915717541682,1.392280742395228e-4,0.012473440151623136,0.05872524910764096,0.046251808956017826
W02000008,Isle of Anglesey 008,2025,0.03358050441259444,1.7797254533100167e-4,0.01425508857532757,0.06564632214442744,0.051391233569099866
W02000009,Isle of Anglesey 009,2021,0.02350730840490413,4.4823964074603346e-5,0.012684730263610257,0.03780294614484746,0.0251182158812372
W02000009,Isle of Anglesey 009,2023,0.03293373572584713,7.834639515698894e-5,0.018156731073931186,0.05209062317033019,0.03393389209639901
W02000009,Isle of Anglesey 009,2025,0.03800490145476085,9.114272975726154e-5,0.0219684343296714,0.059450644914258804,0.03748221058458741
W02000010,Gwynedd 001,2021,0.03313910118609533,2.521131062728256e-4,0.011037695762593384,0.0666675110047655,0.05562981524217212
W02000010,Gwynedd 001,2023,0.045953841294464816,4.5136098284475425e-4,0.014870493451573338,0.09286657035038065,0.07799607689880732
W02000010,Gwynedd 001,2025,0.052132236568856113,5.376455101185084e-4,0.017994016110798552,0.10275690124019024,0.08476288512939169
W02000011,Gwynedd 002,2021,0.026240593541413292,7.757541221925366e-5,0.012615861295376164,0.047966431020821876,0.035350569725445716
W02000011,Gwynedd 002,2023,0.037210916015665806,1.5343090533896688e-4,0.017369024113894876,0.06280794037326365,0.04543891625936877
W02000011,Gwynedd 002,2025,0.04282996966603056,1.800164060212784e-4,0.019887785427787512,0.0705258191238479,0.05063803369606038
W02000012,Gwynedd 003,2021,0.024289722872534104,6.836204283514767e-5,0.01113752345697451,0.04039809680323603,0.029260573346261518
W02000012,Gwynedd 003,2023,0.03456940928587014,1.4758475805525537e-4,0.0164024349137238,0.061691401908853666,0.04528896699512987
W02000012,Gwynedd 003,2025,0.03957198940607375,1.7484608828132484e-4,0.019849734563585394,0.07033269553973107,0.05048296097614567
W02000013,Gwynedd 004,2021,0.025122955536299407,8.222053988486771e-5,0.01113669716423148,0.04555336444039777,0.034416667276166296
W02000013,Gwynedd 004,2023,0.03544358399859546,1.444608579572094e-4,0.015302268936070895,0.06042083820556762,0.04511856926949673
W02000013,Gwynedd 004,2025,0.040559366720889625,1.661187841785408e-4,0.018752834189856404,0.06845993601751757,0.049707101827661165
W02000014,Gwynedd 005,2021,0.024878977467963116,5.203625927391445e-5,0.014014494859063203,0.041425429543256384,0.02741093468419318
W02000014,Gwynedd 005,2023,0.0350677165414967,9.561770243549183e-5,0.01924270233927257,0.05680877639023789,0.03756607405096532
W02000014,Gwynedd 005,2025,0.04041339915790039,1.0236807587818288e-4,0.023342636991120345,0.06294927365036276,0.03960663665924242
W02000015,Gwynedd 006,2021,0.022882899634053655,7.033855803729952e-5,0.009539807290298305,0.042582905301583346,0.03304309801128504
W02000015,Gwynedd 006,2023,0.033027258466733135,1.4562598188400743e-4,0.013774565379336598,0.058677639129361914,0.044903073750025314
W02000015,Gwynedd 006,2025,0.03822956402934838,1.7662588567343536e-4,0.01697620821139975,0.06554868942164796,0.04857248121024821
W02000016,Gwynedd 007,2021,0.022616687224920797,5.3062650531046276e-5,0.010549141423542824,0.03694021061041594,0.026391069186873117
W02000016,Gwynedd 007,2023,0.032077473394963946,1.044490010962594e-4,0.014802431926588484,0.05417398432614253,0.03937155239955405
W02000016,Gwynedd 007,2025,0.036986113190787144,1.1689105668352332e-4,0.01693281877077903,0.05824602419933533,0.04131320542855631
W02000017,Gwynedd 008,2021,0.024123093946953673,8.222847025293784e-5,0.011537777530359623,0.04487621920942081,0.033338441679061186
W02000017,Gwynedd 008,2023,0.034398642488200445,1.436432021187737e-4,0.01672718226789346,0.06287836287559924,0.046151180607705775
W02000017,Gwynedd 008,2025,0.03966505389702168,1.645304899676675e-4,0.020734638563299636,0.0665916067891318,0.04585696822583216
W02000018,Gwynedd 009,2021,0.022686328298117567,4.458700017918414e-5,0.012187290231391649,0.03810345085205133,0.02591616062065968
W02000018,Gwynedd 009,2023,0.032675052866285866,8.228367489511854e-5,0.017277919477012703,0.05393857500807033,0.03666065553105763
W02000018,Gwynedd 009,2025,0.037901651907490556,1.0749450208120777e-4,0.02046959825955427,0.06147893824041574,0.04100933998086147
W02000019,Gwynedd 010,2021,0.020560751520742642,4.151458648244005e-5,0.010917712420478684,0.03735007621071962,0.026432363790240936
W02000019,Gwynedd 010,2023,0.029409574008316775,7.24728373014179e-5,0.015571907712084103,0.04826447167166121,0.032692563959577106
W02000019,Gwynedd 010,2025,0.034156762037619456,8.485497788368506e-5,0.018655151930496744,0.05543132930963413,0.03677617737913739
W02000020,Gwynedd 011,2021,0.023270681657702096,7.89683685062615e-5,0.010486486368204798,0.04698043982664495,0.036493953458440156
W02000020,Gwynedd 011,2023,0.03290459764125447,1.4976952408963528e-4,0.01383390453080172,0.06285714561510805,0.049023241084306335
W02000020,Gwynedd 011,2025,0.037987597257491124,1.702588717116951e-4,0.018336980515784147,0.07016901170334792,0.05183203118756378
W02000021,Gwynedd 012,2021,0.023490158828818355,1.2895363922032162e-4,0.008130255177589724,0.05224771109949826,0.044117455921908535
W02000021,Gwynedd 012,2023,0.03361317342562764,2.3906856762460297e-4,0.011805734030513229,0.07075308997277868,0.05894735594226545
W02000021,Gwynedd 012,2025,0.03851777962429051,2.807129485895241e-4,0.015703656344005272,0.0780977166744336,0.06239406033042833
W02000022,Gwynedd 013,2021,0.0200987716375287,4.055243970917664e-5,0.010003618077983263,0.03357204372272511,0.023568425644741847
W02000022,Gwynedd 013,2023,0.028829134951878777,7.449532321872839e-5,0.013786444520971889,0.04795178398543716,0.034165339464465275
W02000022,Gwynedd 013,2025,0.03358090078421106,9.16078606989892e-5,0.017000179854728095,0.054991024459129886,0.03799084460440179
W02000023,Gwynedd 014,2021,0.02200632260079398,1.2882959220740197e-4,0.00642506370879763,0.05130141805790799,0.04487635434911036
W02000023,Gwynedd 014,2023,0.03137546982726682,2.611804339580526e-4,0.009565868674664113,0.07283383307973637,0.06326796440507226
W02000023,Gwynedd 014,2025,0.036484628298332905,3.175154406124591e-4,0.01102119559888591,0.07935771421723456,0.06833651861834865
W02000024,Gwynedd 015,2021,0.02561207134394355,4.0695899068985536e-5,0.01491097620791049,0.03999748809071516,0.025086511882804672
W02000024,Gwynedd 015,2023,0.036152730021788516,7.237061780531693e-5,0.021255182279317934,0.0532903945615195,0.03203521228220157
W02000024,Gwynedd 015,2025,0.04192212709036206,8.975962015353153e-5,0.025193342983447987,0.062450348632508604,0.03725700564906062
W02000025,Gwynedd 016,2021,0.023263347884207846,5.816234032033201e-5,0.012357541565260833,0.042297553111099104,0.029940011545838273
W02000025,Gwynedd 016,2023,0.032874300166119155,9.74885914420053e-5,0.017966838413643486,0.055720582969118214,0.03775374455547473
W02000025,Gwynedd 016,2025,0.038110916919251114,1.2416931076489202e-4,0.021811454187218905,0.06374778240908248,0.04193632822186358
W02000026,Gwynedd 017,2021,0.023770756475219187,5.088339704181714e-5,0.012514410585304774,0.03981841664881022,0.02730400606350545
W02000026,Gwynedd 017,2023,0.033520957627249846,8.533500589462093e-5,0.018386802743406542,0.055244535605026575,0.03685773286162003
W02000026,Gwynedd 017,2025,0.03875506296883831,1.0996296051609543e-4,0.02264366910618568,0.06213375943990301,0.03949009033371732
W02000027,Conwy 001,2021,0.016906106474003382,7.066928150685615e-5,0.00501544639843237,0.037789673845156545,0.032774227446724175
W02000027,Conwy 001,2023,0.024674357358741753,1.6828333706664616e-4,0.007373384456587641,0.05327213974099751,0.04589875528440987
W02000027,Conwy 001,2025,0.028497980622137358,2.070252176033339e-4,0.008362986910012343,0.05980779545725076,0.051444808547238416
W02000028,Conwy 002,2021,0.017929118880372505,4.844760496716891e-5,0.006900324662755109,0.034269349590397964,0.027369024927642857
W02000028,Conwy 002,2023,0.02572511205092195,1.0683557830442768e-4,0.01052902354764956,0.0488967744681751,0.03836775092052554
W02000028,Conwy 002,2025,0.0296252384856655,1.343285421093216e-4,0.013038117740349391,0.059434930079546325,0.04639681233919693
W02000029,Conwy 003,2021,0.019234299664128245,4.468671395638634e-5,0.00903422895966091,0.035537417097486076,0.026503188137825165
W02000029,Conwy 003,2023,0.026928287535294495,9.14106959633866e-5,0.012621081381825928,0.049932971346544494,0.03731188996471857
W02000029,Conwy 003,2025,0.031000796685443366,1.0975797630731974e-4,0.01579204484725648,0.055198120415043773,0.039406075567787295
W02000030,Conwy 004,2021,0.01890245394977756,4.962218366237349e-5,0.007964060748800619,0.03533554262114544,0.027371481872344817
W02000030,Conwy 004,2023,0.026992662052237288,9.999444647456713e-5,0.011006946017659655,0.05009287292285067,0.03908592690519101
W02000030,Conwy 004,2025,0.03132623823193999,1.2880292234480358e-4,0.013171715561172255,0.05594418876561806,0.042772473204445806
W02000031,Conwy 005,2021,0.022218913287675824,7.3760169255424e-5,0.009828114974787822,0.04105424210783215,0.03122612713304433
W02000031,Conwy 005,2023,0.03164088792377635,1.3237805455718074e-4,0.014341081757360109,0.05843643742230805,0.04409535566494794
W02000031,Conwy 005,2025,0.036100948514562824,1.599358666982052e-4,0.01645348086949068,0.0660146519131021,0.04956117104361142
W02000032,Conwy 006,2021,0.018966902435843914,4.9055411921168837e-5,0.006852443712564036,0.03416211148793699,0.027309667775372956
W02000032,Conwy 006,2023,0.026785595550246195,9.050895330100845e-5,0.0097786682701420935,0.04753079591173671,0.037752127641594614
W02000032,Conwy 006,2025,0.03112785438370801,1.225837558031964e-4,0.011424513117007718,0.05662367528457786,0.04519916216757014
W02000033,Conwy 007,2021,0.023811352147297692,6.53195279481929e-5,0.010289290655656105,0.04099278588415853,0.030703495228502423
W02000033,Conwy 007,2023,0.034198692273709204,1.325392300986553e-4,0.016528575158303735,0.05983179901998297,0.04330322386167924
W02000033,Conwy 007,2025,0.03905409124054035,1.515084577470865e-4,0.018775602346432448,0.06685987728946721,0.048084274943034765
W02000034,Conwy 008,2021,0.024622954874912596,6.402803959359634e-5,0.011964307427423954,0.043567898996203586,0.031603591568779635
W02000034,Conwy 008,2023,0.03442730541415513,1.0964511408604389e-4,0.018769110808252387,0.0566063177012596,0.037837206893007215
W02000034,Conwy 008,2025,0.03941027415052783,1.235916710779249e-4,0.021698675999665788,0.06398572488368494,0.04228704888401915
W02000035,Conwy 009,2021,0.022583538830392276,4.116667384787664e-5,0.011246992621833561,0.0356106629273769,0.024363670305543338
W02000035,Conwy 009,2023,0.03222258556590616,7.707269742622678e-5,0.01708370915045515,0.050339862748535955,0.033256153598080804
W02000035,Conwy 009,2025,0.03725404320773582,9.698792618433021e-5,0.01982570494191323,0.05783416363878979,0.038008458696876565
W02000036,Conwy 010,2021,0.020848848291786588,4.278257099899802e-5,0.010584533569505502,0.03571445863821255,0.025129925068707048
W02000036,Conwy 010,2023,0.029780786035122346,7.455422122387507e-5,0.016591732314471083,0.049400957982620314,0.03280922566814923
W02000036,Conwy 010,2025,0.03488592336737993,9.39448502952155e-5,0.018932690633653666,0.05701709035006408,0.038084399716410415
W02000037,Conwy 011,2021,0.021770829375968144,4.486534749426666e-5,0.01034426201069777,0.03561920260426285,0.02527494059356508
W02000037,Conwy 011,2023,0.030581822750020537,8.876613267683626e-5,0.01614853328933612,0.05216830895274769,0.036019775663411566
W02000037,Conwy 011,2025,0.035310462114998976,1.0880793119016483e-4,0.01827261798831974,0.059704586602380975,0.04143196861406123
W02000038,Conwy 012,2021,0.021021168452477788,4.2827792751688765e-5,0.009547271320546207,0.035100398629592536,0.02555312730904633
W02000038,Conwy 012,2023,0.029695064054020445,9.467218474329388e-5,0.013404400642093249,0.0514248048435868,0.03802040420149355
W02000038,Conwy 012,2025,0.033797732220779864,1.1129582618356606e-4,0.015603667184601452,0.0547129365880133,0.03910926940341185
W02000039,Conwy 013,2021,0.02095319716333002,6.365228215959624e-5,0.008119232719132301,0.03704491870860245,0.02892568598947015
W02000039,Conwy 013,2023,0.02967715486452056,1.2108924385610616e-4,0.01136111280457095,0.05365939345319702,0.04229828064862607
W02000039,Conwy 013,2025,0.034328688782393715,1.5687760162263174e-4,0.013528281691590559,0.061336101122933584,0.047807819431343025
W02000040,Conwy 014,2021,0.023914065742662527,6.423234437873909e-5,0.012488937357733888,0.03807403070239343,0.02558509334465954
W02000040,Conwy 014,2023,0.033776557664361655,1.0829953330603044e-4,0.01691327649579591,0.05209714229328231,0.0351838657974864
W02000040,Conwy 014,2025,0.03868397837579267,1.120977904910729e-4,0.020531833033683604,0.059662436886927045,0.03913060385324344
W02000041,Conwy 015,2021,0.02290357991681923,3.687871263663761e-5,0.01239681594584546,0.03710738463403333,0.024710568688187873
W02000041,Conwy 015,2023,0.03282254691280375,7.157352361308922e-5,0.017688071939556328,0.05182740998495225,0.03413933804539592
W02000041,Conwy 015,2025,0.03737556832826363,7.868629044466152e-5,0.02050752486550974,0.054437139099892076,0.03392961423438234
W02000042,Denbighshire 001,2021,0.025973862721661252,1.0542304974942958e-4,0.011261520125013847,0.05092134694699261,0.03965982682197876
W02000042,Denbighshire 001,2023,0.03671420483620659,2.0281598785139423e-4,0.01651962996094728,0.07201908673297766,0.05549945677203038
W02000042,Denbighshire 001,2025,0.0421876343818786,2.457485176630559e-4,0.01994664281370547,0.0813798060761462,0.06143316326244073
W02000043,Denbighshire 002,2021,0.028874456240158445,1.3487983173190147e-4,0.01349196319472996,0.056122220122395025,0.04263025692766506
W02000043,Denbighshire 002,2023,0.040217978686484246,2.2535556377592641e-4,0.01993886761433496,0.06915604508940804,0.04921717747507308
W02000043,Denbighshire 002,2025,0.045826128463300184,2.5395830999234493e-4,0.024964722162251003,0.08024661623131842,0.05528189406906742
W02000044,Denbighshire 003,2021,0.028532515036178256,9.87829745247265e-5,0.013378030366841698,0.053130212999166024,0.03975218263232433
W02000044,Denbighshire 003,2023,0.04008440399824516,1.65761851720295e-4,0.019754577096081118,0.0697341437159514,0.049979566619870276
W02000044,Denbighshire 003,2025,0.04560693987551696,1.97504292758386e-4,0.023679941492235332,0.0781108861859375,0.054430944693702174
W02000045,Denbighshire 004,2021,0.023896882448512957,7.91673966238141e-5,0.010607671668615141,0.0455929094188795,0.03498523775026436
W02000045,Denbighshire 004,2023,0.034397707625846055,1.5011210133357233e-4,0.0160308153005096,0.0623856116388507,0.0463547963383411
W02000045,Denbighshire 004,2025,0.03995235170905598,1.8220153703613092e-4,0.017968625244414033,0.06907296899633394,0.05110434375191991
W02000047,Denbighshire 006,2021,0.025487726644761146,9.984974052154771e-5,0.010631003080152366,0.04649600260730956,0.035864999527157194
W02000047,Denbighshire 006,2023,0.03612602473330301,1.88233835129973e-4,0.015695640578839883,0.06850671218116582,0.05281107160232593
W02000047,Denbighshire 006,2025,0.041930777455134266,2.330990111929758e-4,0.01843418399523329,0.07424581909961547,0.05581163510438218
W02000049,Denbighshire 008,2021,0.028038175972586652,7.22518423491535e-5,0.014919722844374124,0.04701044746625577,0.032090724621881644
W02000049,Denbighshire 008,2023,0.03953676447581824,1.2891865024309976e-4,0.021803937470066044,0.06621696911253919,0.04441303164247314
W02000049,Denbighshire 008,2025,0.04610883743855085,1.629458061383956e-4,0.02661427760905196,0.07646272302414706,0.049848445415095095
W02000050,Denbighshire 009,2021,0.02303350934226043,4.67713597716607e-5,0.011540515950680015,0.03880807585372137,0.027267559903041354
W02000050,Denbighshire 009,2023,0.03262689786985327,8.034958884687629e-5,0.01784813519786134,0.05096779121361656,0.03311965601575522
W02000050,Denbighshire 009,2025,0.037630297870597955,1.04853449018114e-4,0.02033176792383743,0.05884035164466659,0.03850858372082916
W02000051,Denbighshire 010,2021,0.023996441895259405,4.2801007165098144e-5,0.013504476138550787,0.0377811241417718,0.024276648003221015
W02000051,Denbighshire 010,2023,0.034019660682928284,8.146958785010411e-5,0.018025233299712742,0.05258367790483158,0.03455844460511884
W02000051,Denbighshire 010,2025,0.03897349188467688,8.907994767666616e-5,0.021551961094608545,0.058883011937285706,0.03733105084267716
W02000052,Denbighshire 011,2021,0.025636677729218862,8.25227728157354e-5,0.010734510165912725,0.04854309676206788,0.03780858659615516
W02000052,Denbighshire 011,2023,0.03568115321622057,1.4779490450179866e-4,0.0168537609703275,0.06457898651205551,0.04772522554172801
W02000052,Denbighshire 011,2025,0.041375735794319066,1.842876901328957e-4,0.01966623892679423,0.07667910670741146,0.05701286778061723
W02000053,Denbighshire 012,2021,0.025858146376160927,6.234709502348347e-5,0.012539089182050154,0.04518933917139432,0.03265024998934416
W02000053,Denbighshire 012,2023,0.03654713345634901,1.179977210683052e-4,0.01852380021712656,0.0618586230868487,0.043334822869722144
W02000053,Denbighshire 012,2025,0.042553637956682704,1.3920952255101342e-4,0.023261007204602713,0.06925581857608859,0.04599481137148588
W02000054,Denbighshire 013,2021,0.02668154328498846,5.6411419520978624e-5,0.015008734923552456,0.04486534763318609,0.02985661270963363
W02000054,Denbighshire 013,2023,0.03739263363010339,9.273010791067162e-5,0.020124589986736163,0.057803773848161925,0.03767918386142576
W02000054,Denbighshire 013,2025,0.042929288207823,1.1071083350909879e-4,0.023475342594387397,0.06476786353380286,0.04129252093941546
W02000055,Denbighshire 014,2021,0.032218290801700904,1.0815009096479344e-4,0.01673632490262079,0.055570270322688936,0.03883394542006814
W02000055,Denbighshire 014,2023,0.04462963190476477,1.861180650794956e-4,0.02344987255501693,0.07759691117311948,0.05414703861810255
W02000055,Denbighshire 014,2025,0.05112350146947695,2.1657584238345826e-4,0.029141188656125267,0.08503610914794772,0.05589492049182246
W02000056,Denbighshire 015,2021,0.027138082480393184,5.50498555526462e-5,0.016339857970932528,0.04462035967047781,0.028280501699545282
W02000056,Denbighshire 015,2023,0.038330330872895314,1.056365256713599e-4,0.02182720720324527,0.06010284667000895,0.03827563946676368
W02000056,Denbighshire 015,2025,0.04401240985942573,1.2557893424323838e-4,0.02541754014816696,0.06771128677911506,0.0422937466309481
W02000057,Denbighshire 016,2021,0.023893900339594827,4.109835135180229e-5,0.012864298251922153,0.03688268184615371,0.024018383594231557
W02000057,Denbighshire 016,2023,0.03376125328674991,7.492296256941084e-5,0.018759726025369197,0.05038231964340924,0.03162259361804004
W02000057,Denbighshire 016,2025,0.03892605820242452,8.40299424212941e-5,0.021208635024499323,0.05701377943288142,0.035805144408382096
W02000058,Flintshire 001,2021,0.02770225773634356,1.0531122401283971e-4,0.013459380064403538,0.0542817337533492,0.04082235368894566
W02000058,Flintshire 001,2023,0.03877663131357097,1.7301420061774012e-4,0.021488744379413026,0.06893712592628914,0.04744838154687612
W02000058,Flintshire 001,2025,0.044542165716473854,2.1280600468236296e-4,0.024761811142646067,0.0797270008079162,0.05496518966527013
W02000059,Flintshire 002,2021,0.027306986098203357,9.082399233593777e-5,0.013452714539370476,0.05142172513083593,0.03796901059146545
W02000059,Flintshire 002,2023,0.0385482942257375,1.404517634884587e-4,0.02066347234517696,0.06546410507049616,0.0448006327253192
W02000059,Flintshire 002,2025,0.044334587761839746,1.6713618933909824e-4,0.024979890499811853,0.07622724400201916,0.05124735350220731
W02000060,Flintshire 003,2021,0.025206053160690384,6.64489706951297e-5,0.012365538032695987,0.044657867261233095,0.03229232922853711
W02000060,Flintshire 003,2023,0.03545843988991397,1.1260787211893504e-4,0.018493320383916424,0.058515814597718985,0.040022494213802565
W02000060,Flintshire 003,2025,0.04097176536183637,1.4067601449993397e-4,0.021456942611198127,0.06798169300900325,0.046524750397805126
W02000061,Flintshire 004,2021,0.02785742826657209,9.93991570989691e-5,0.013637916928424098,0.051738860652458474,0.03810094372403437
W02000061,Flintshire 004,2023,0.040069848199856706,1.9011106043775958e-4,0.019661456007790165,0.0734446294270303,0.05378317341924013
W02000061,Flintshire 004,2025,0.04637899380619945,2.3942072777316398e-4,0.023786603466712113,0.08364325903756656,0.05985665557085444
W02000062,Flintshire 005,2021,0.026092371503837475,7.462814600934427e-5,0.012719257791091483,0.04574729122198642,0.033028033430894936
W02000062,Flintshire 005,2023,0.03661629713092666,1.2474126975375313e-4,0.019152230756957166,0.06341879628065697,0.0442665655236998
W02000062,Flintshire 005,2025,0.04180893783963355,1.431968564022115e-4,0.022524287488439106,0.06918883191778649,0.046664544429347386
W02000063,Flintshire 006,2021,0.024009433709943507,6.215547051329463e-5,0.011422360133584861,0.04278590873869764,0.031363548605112784
W02000063,Flintshire 006,2023,0.033721323215728516,1.029786731097857e-4,0.016451863960056268,0.0548015034703526,0.03834963951029633
W02000063,Flintshire 006,2025,0.03854166139679581,1.1672880643760503e-4,0.01935093537728566,0.06138565265945896,0.0420347172821733
W02000064,Flintshire 007,2021,0.025663314688755184,9.503089990334359e-5,0.01100415899288413,0.050179504128670775,0.039175345135786646
W02000064,Flintshire 007,2023,0.03679528872456993,1.933588718142566e-4,0.016379929017999287,0.07078734500375673,0.05440741598575745
W02000064,Flintshire 007,2025,0.04257862326800491,2.3949570692877235e-4,0.019756733938450566,0.0753108035294568,0.05555406959100623
W02000065,Flintshire 008,2021,0.028911297854114275,9.626477729364937e-5,0.014123063364206245,0.050169477707956114,0.03604641434374987
W02000065,Flintshire 008,2023,0.040264753447887734,1.6444541212399537e-4,0.02042460926880515,0.06950728028977446,0.049082671020969304
W02000065,Flintshire 008,2025,0.04596122608594626,1.9413787895444508e-4,0.024336459714472812,0.07818370171209828,0.053847241997625465
W02000066,Flintshire 009,2021,0.025506408962564193,1.0532280967232145e-4,0.010578641809766785,0.04964410592386173,0.03906546411409495
W02000066,Flintshire 009,2023,0.03596683825304236,1.9333110555461245e-4,0.01607222052574446,0.06957365323460482,0.05350143270886036
W02000066,Flintshire 009,2025,0.042306610730087034,2.5236586520972646e-4,0.019448057626592134,0.07992639912629965,0.060478341499707516
W02000067,Flintshire 010,2021,0.027411375028499083,8.163205662308007e-5,0.013730251373402221,0.04856575127663073,0.03483549990322851
W02000067,Flintshire 010,2023,0.0387010666196445,1.427301286007989e-4,0.019746587632258773,0.0688037828475056,0.04905719521524683
W02000067,Flintshire 010,2025,0.04446813664740976,1.7019624285867434e-4,0.023743989658981304,0.07139213104847406,0.04764814138949275
W02000068,Flintshire 011,2021,0.029399242183024782,1.1196587017076657e-4,0.013527569107619288,0.056388852812617345,0.04286128370499806
W02000068,Flintshire 011,2023,0.041253301962366824,1.9879606653110652e-4,0.0200040031794145,0.07838669250513158,0.05838268932571708
W02000068,Flintshire 011,2025,0.04759057115648571,2.3791374225352408e-4,0.02294726449960585,0.08358920281090883,0.060641938311302976
W02000069,Flintshire 012,2021,0.024934046742966866,4.9623351068265376e-5,0.013619675967444475,0.03978428974200537,0.02616461377456089
W02000069,Flintshire 012,2023,0.03487210992762291,8.74392832681521e-5,0.0200026447501883,0.056273245942627545,0.036270601192439245
W02000069,Flintshire 012,2025,0.0405836203421558,1.011039390148142e-4,0.024034183423841907,0.06151432239784527,0.03748013897400336
W02000070,Flintshire 013,2021,0.02811854591733072,6.967760224652482e-5,0.014992815562267472,0.04674594924679248,0.03175313368452501
W02000070,Flintshire 013,2023,0.03926547530132516,1.1404415284808786e-4,0.020525366298482395,0.06201263932898021,0.04148727303049782
W02000070,Flintshire 013,2025,0.04508439889412034,1.345543148283614e-4,0.02571998405524662,0.07153523054850092,0.045815246493254295
W02000071,Flintshire 014,2021,0.027365145326295488,8.15431588822775e-5,0.012932475918595476,0.04590557486214181,0.03297309894354633
W02000071,Flintshire 014,2023,0.03857910154133137,1.4684356208888142e-4,0.019650338332955958,0.06956192456301272,0.04991158623005676
W02000071,Flintshire 014,2025,0.04401840304081371,1.5836448913186495e-4,0.022861367679857816,0.07455024412534245,0.05168887644548463
W02000072,Flintshire 015,2021,0.028893174473082865,9.207820254533463e-5,0.014282919117718574,0.05222652950443878,0.03794361038672021
W02000072,Flintshire 015,2023,0.04064820205184952,1.6256204554832208e-4,0.021384673437179348,0.07051890411335536,0.04913423067617601
W02000072,Flintshire 015,2025,0.046899870420015005,1.9337280774667687e-4,0.025276267339595905,0.07939861381984084,0.054122346480244936
W02000073,Flintshire 016,2021,0.024965059258413625,6.473558758103973e-5,0.013549976313433704,0.04152225701295361,0.027972280699519906
W02000073,Flintshire 016,2023,0.03522462227762832,1.088602184450405e-4,0.01859964328798222,0.05833585332015391,0.03973621003217169
W02000073,Flintshire 016,2025,0.04067418732960855,1.3101348059315078e-4,0.02132165723402652,0.06528209715979441,0.04396043992576789
W02000074,Flintshire 017,2021,0.027805840830267877,7.171881068608122e-5,0.015777144228088808,0.049207020282632796,0.03342987605454399
W02000074,Flintshire 017,2023,0.0389983194579824,1.1639271578602124e-4,0.021843693131258224,0.06333162147862165,0.04148792834736342
W02000074,Flintshire 017,2025,0.045049396317407765,1.381448246353256e-4,0.026420303974355457,0.07165532679895457,0.04523502282459912
W02000075,Flintshire 018,2021,0.026579162408381037,5.9267822228938974e-5,0.013599548470511416,0.04223903327992921,0.02863948480941779
W02000075,Flintshire 018,2023,0.0375094944981673,1.0444938025463061e-4,0.02032925084231675,0.060129161707605246,0.039799910865288494
W02000075,Flintshire 018,2025,0.043416780028796086,1.2925986068153202e-4,0.02328627349903099,0.06726163790459622,0.04397536440556522
W02000076,Flintshire 019,2021,0.025720158955976253,5.354533403076718e-5,0.014919603611241603,0.04159899942263889,0.026679395811397284
W02000076,Flintshire 019,2023,0.03642353511183362,1.1097859220438795e-4,0.02015010212501069,0.0590380825364332,0.03888798041142251
W02000076,Flintshire 019,2025,0.04157791604350406,1.1581614956028812e-4,0.023772219144326596,0.06380278853918478,0.04003056939485818
W02000077,Flintshire 020,2021,0.025961150688897733,4.905511819256883e-5,0.01363479490159249,0.03970260855219149,0.026067813650598997
W02000077,Flintshire 020,2023,0.036525985699546334,8.395030856378213e-5,0.01942564724994985,0.05653725088156243,0.03711160363161258
W02000077,Flintshire 020,2025,0.041831374391297305,9.350177091537183e-5,0.023661892243805265,0.06295455215376189,0.039292659909956625
W02000080,Wrexham 003,2021,0.026965336059384958,9.16374989337537e-5,0.01258017223527971,0.05211294854455688,0.039532776309277165
W02000080,Wrexham 003,2023,0.03815696527872243,1.6067912477585103e-4,0.01748975278074244,0.06709128691839356,0.049601534137651115
W02000080,Wrexham 003,2025,0.04438445879039889,1.977456676670033e-4,0.02110493111057212,0.07738062728864356,0.05627569617807144
W02000081,Wrexham 004,2021,0.02704623550951476,6.561881912945468e-5,0.014266013797939719,0.04581029983195722,0.0315442860340175
W02000081,Wrexham 004,2023,0.03882102226973508,1.2724030168258832e-4,0.01965018648775451,0.06631354632477562,0.046663359837021114
W02000081,Wrexham 004,2025,0.04457761645752104,1.4734984058155024e-4,0.02369855619740228,0.07145297134749853,0.04775441515009625
W02000082,Wrexham 005,2021,0.02933171953737795,1.1440276952210517e-4,0.013361839849381487,0.054750101183738326,0.041388261334356836
W02000082,Wrexham 005,2023,0.04183838999288068,2.1810112739527432e-4,0.02108729137949327,0.07651740480610683,0.05543011342661356
W02000082,Wrexham 005,2025,0.04847666521770549,2.700880778542446e-4,0.024724154269016658,0.08512990196271006,0.060405747693693404
W02000083,Wrexham 006,2021,0.027092708957745987,5.6270404244573405e-5,0.014467038507816058,0.04365843966562746,0.029191401157811405
W02000083,Wrexham 006,2023,0.03810757105968715,1.0738433155874406e-4,0.020984652667659413,0.061489446103116775,0.04050479343545736
W02000083,Wrexham 006,2025,0.04392276978437588,1.2031310384278398e-4,0.02485250783105325,0.06853899789216408,0.04368649006111083
W02000085,Wrexham 008,2021,0.027114679142813663,9.317512107645175e-5,0.010996168437880156,0.047924910516347174,0.03692874207846702
W02000085,Wrexham 008,2023,0.03810248405821419,1.5556981575051302e-4,0.015957961203065144,0.0658680626818001,0.04991010147873495
W02000085,Wrexham 008,2025,0.044799067411927,2.0374937356161226e-4,0.02015526322607628,0.07787697983973899,0.05772171661366271
W02000087,Wrexham 010,2021,0.03796581513174605,1.8218478298297964e-4,0.01918563362625099,0.06868522650450351,0.04949959287825252
W02000087,Wrexham 010,2023,0.053963213957044474,3.703399113154697e-4,0.02771913552826049,0.09755269787097776,0.06983356234271726
W02000087,Wrexham 010,2025,0.06290188844044463,4.618839190741337e-4,0.0328412664992833,0.11467688106631674,0.08183561456703344
W02000088,Wrexham 011,2021,0.02818884233774615,8.393045391241513e-5,0.013216831383870854,0.0508347392404347,0.03761790785656384
W02000088,Wrexham 011,2023,0.039911676561751076,1.6286601625351948e-4,0.018394390274654948,0.07282938630849041,0.05443499603383546
W02000088,Wrexham 011,2025,0.046400080776654064,1.877421833439622e-4,0.023233620731518745,0.08032785094851841,0.057094230216999664
W02000089,Wrexham 012,2021,0.03626122762065928,3.7418315690812857e-4,0.013377076512315594,0.08669297608430197,0.07331589957198638
W02000089,Wrexham 012,2023,0.050701279168760716,6.668431997286729e-4,0.01818386728053532,0.11447553266500483,0.09629166538446951
W02000089,Wrexham 012,2025,0.05887349381309048,8.848634689173334e-4,0.021782974367145075,0.12418022260649547,0.1023972482393504
W02000090,Wrexham 013,2021,0.026108662396607182,5.887606805155556e-5,0.014427058434735025,0.04380196306379473,0.029374904629059707
W02000090,Wrexham 013,2023,0.03676388428175273,1.0725041765951226e-4,0.02035578276117954,0.0610580643002154,0.040702281539035864
W02000090,Wrexham 013,2025,0.042366089596443994,1.1848082629239603e-4,0.022991052313539533,0.0675699084737591,0.04457885616021957
W02000091,Wrexham 014,2021,0.026946556336055538,7.170557917382009e-5,0.012878515213120854,0.045797580961510834,0.03291906574838998
W02000091,Wrexham 014,2023,0.03819375763547807,1.451201144152205e-4,0.019389485103662448,0.06528611849101276,0.04589663338735031
W02000091,Wrexham 014,2025,0.04408431795407311,1.7109502193698463e-4,0.021994144841497292,0.07193549621038982,0.04994135136889252
W02000092,Wrexham 015,2021,0.025052589344329263,5.876748087975049e-5,0.011792985494314605,0.04117739108630196,0.029384405591987354
W02000092,Wrexham 015,2023,0.03547928813516685,1.1517953458493567e-4,0.016810092612237072,0.062009280099407565,0.04519918748717049
W02000092,Wrexham 015,2025,0.04129003935339402,1.37506294433731e-4,0.020742903439604384,0.06505252423994397,0.04430962080033958
W02000093,Wrexham 016,2021,0.02653682202003076,5.245584153863931e-5,0.015376468286794964,0.042376266478610265,0.0269997981918153
W02000093,Wrexham 016,2023,0.037247270405470434,8.748328137288844e-5,0.022425929511464753,0.058961698667742486,0.036535769156277736
W02000093,Wrexham 016,2025,0.04327774928424568,1.0661854781771716e-4,0.02721945910306013,0.0677560699137918,0.04053661081073166
W02000094,Wrexham 017,2021,0.026190548838122583,8.17627178764213e-5,0.013796222871046017,0.04523894821792669,0.031442725346880675
W02000094,Wrexham 017,2023,0.03719892273607192,1.5430924822097626e-4,0.01959059874603221,0.06522451642880933,0.04563391768277712
W02000094,Wrexham 017,2025,0.04312552601693582,1.8004292341520625e-4,0.02286736012424428,0.06871691476127745,0.04584955463703316
W02000095,Wrexham 018,2021,0.024648461116085634,6.234870888211247e-5,0.012639627834556567,0.044389278739421265,0.0317496509048647
W02000095,Wrexham 018,2023,0.03478649948806354,1.216699893897659e-4,0.01702463013511482,0.05949332729769116,0.04246869716257634
W02000095,Wrexham 018,2025,0.039974353102256034,1.3945229688102674e-4,0.021135050771381864,0.06948007836346778,0.04834502759208592
W02000096,Wrexham 019,2021,0.02762702886848924,6.78830863737424e-5,0.014434206019840983,0.04474553732039413,0.03031133130055315
W02000096,Wrexham 019,2023,0.03891818316538106,1.2900625293682167e-4,0.020251069677580717,0.06359614582607301,0.04334507614849229
W02000096,Wrexham 019,2025,0.04495770555590701,1.4377784933619959e-4,0.02445138608594033,0.07518071461779806,0.05072932853185773
W02000097,Powys 001,2021,0.029343739946274396,7.869688818114339e-5,0.01584249408425243,0.05028049169552422,0.03443799761127179
W02000097,Powys 001,2023,0.04126571001079593,1.3613295487567478e-4,0.022632887852924874,0.07240716995321397,0.0497742821002891
W02000097,Powys 001,2025,0.04763108091993749,1.6017373777466523e-4,0.027459172279613746,0.08101331240534734,0.0535541401257336
W02000098,Powys 002,2021,0.024995088171262943,4.5882461773970514e-5,0.013925385789148731,0.03908681531988972,0.025161429530740992
W02000098,Powys 002,2023,0.03524035344372691,9.274010294512818e-5,0.018720950750399496,0.05397682154071006,0.03525587079031056
W02000098,Powys 002,2025,0.04081492778134755,1.1317192510665341e-4,0.021839234395791416,0.06361152163786778,0.041772287242076364
W02000099,Powys 003,2021,0.02383670230615621,6.750405836270579e-5,0.01132721868560128,0.04250906256587174,0.031181843880270458
W02000099,Powys 003,2023,0.0336581621876797,1.3477760881661457e-4,0.01681604405670531,0.0642006298617776,0.04738458580507229
W02000099,Powys 003,2025,0.03881209025512085,1.611889502567038e-4,0.019146360084852477,0.06899339511944985,0.04984703503459738
W02000100,Powys 004,2021,0.029109109646247223,5.120832490584811e-5,0.018290656950974586,0.0474140526640203,0.029123395713045716
W02000100,Powys 004,2023,0.0411260292698711,8.599804158046543e-5,0.026116782835815713,0.06382687334498069,0.037710090509164976
W02000100,Powys 004,2025,0.04735547383887718,1.1175946000597984e-4,0.031224965605761865,0.0718124823192131,0.04058751671345123
W02000101,Powys 005,2021,0.026273193493266404,6.86106011152954e-5,0.013385896467286034,0.04577249881141215,0.03238660234412612
W02000101,Powys 005,2023,0.036393335311334596,1.086978284812685e-4,0.019317447890700057,0.05878569430909765,0.03946824641839759
W02000101,Powys 005,2025,0.04216024716935202,1.424599415838787e-4,0.023619862176620723,0.07029321544756664,0.04667335327094592
W02000102,Powys 006,2021,0.028755451952676175,5.843374086975071e-5,0.017234456603717665,0.046624417875580415,0.02938996127186275
W02000102,Powys 006,2023,0.04080716344680567,1.0249811567501901e-4,0.0255205806650178,0.06510720446373039,0.03958662379871259
W02000102,Powys 006,2025,0.046791333640893745,1.2157237488678991e-4,0.02996801498880157,0.07232153769188723,0.042353522703085664
W02000103,Powys 007,2021,0.030058025161229324,7.342426646969346e-5,0.017593279590423658,0.05042789105169654,0.03283461146127288
W02000103,Powys 007,2023,0.04208618153694461,1.1698479081391048e-4,0.02561459582166503,0.07057541251949215,0.044960816697827116
W02000103,Powys 007,2025,0.04872717580481816,1.517649909484843e-4,0.03035479631522797,0.08143029505549884,0.05107549874027087
W02000104,Powys 008,2021,0.030586898403791214,9.754662427309453e-5,0.016440776618140848,0.055544852698557357,0.03910407608041651
W02000104,Powys 008,2023,0.04347311035348756,1.7148864339259226e-4,0.023334957357800782,0.07507694349734456,0.05174198613954378
W02000104,Powys 008,2025,0.05037225344960533,2.0521976948449105e-4,0.02723129585699392,0.08614753000922404,0.058916234152230115
W02000105,Powys 009,2021,0.034999137691323866,1.832051126462999e-4,0.018647009001533977,0.06662457897037598,0.047977569968842004
W02000105,Powys 009,2023,0.04884928321955411,3.1032998974220814e-4,0.026404115341435233,0.09135741108675124,0.06495329574531601
W02000105,Powys 009,2025,0.05633392897707985,3.647134666324083e-4,0.03011642816669144,0.10083363421937824,0.0707172060526868
W02000106,Powys 010,2021,0.02859916406043529,6.210560409133766e-5,0.016825184088534343,0.04629282126213704,0.029467637173602696
W02000106,Powys 010,2023,0.03983258237744901,1.0486702705430019e-4,0.024491245086745356,0.06465440311446984,0.04016315802772448
W02000106,Powys 010,2025,0.045684578943412574,1.2052991125543015e-4,0.02875456236343743,0.07296390737642289,0.04420934501298546
W02000107,Powys 011,2021,0.03071686910550795,6.796791980415665e-5,0.018631070231712274,0.04986112668673533,0.031230056455023053
W02000107,Powys 011,2023,0.04303815738000582,1.0977671407212847e-4,0.026836358202398262,0.07038132873512186,0.0435449705327236
W02000107,Powys 011,2025,0.049365574643275505,1.3935577385650212e-4,0.031305155358015944,0.07882192110908362,0.047516765751067676
W02000108,Powys 012,2021,0.030389074906247687,7.829334645705008e-5,0.0178101045554774,0.05134497220864199,0.03353486765316459
W02000108,Powys 012,2023,0.04279285687904245,1.3016937605578617e-4,0.02658554070518719,0.06793624271171096,0.04135070200652377
W02000108,Powys 012,2025,0.04882745811122577,1.539392241879158e-4,0.030389373556922658,0.07759379989009836,0.0472044263331757
W02000109,Powys 013,2021,0.03639968237120356,1.4368724346115503e-4,0.020080674244074295,0.06276675469124625,0.042686080447171953
W02000109,Powys 013,2023,0.05131902527195602,2.660276927728021e-4,0.028897729468827946,0.09143137504445811,0.06253364557563017
W02000109,Powys 013,2025,0.059785497752468705,3.0558305291281574e-4,0.03474942473527956,0.10090928008928324,0.06615985535400368
W02000110,Powys 014,2021,0.027345084729459228,4.821292128131509e-5,0.01613331455408825,0.041570705324464094,0.025437390770375844
W02000110,Powys 014,2023,0.03820697907316665,7.283476416823046e-5,0.023262566166612254,0.05735198932327261,0.03408942315666036
W02000110,Powys 014,2025,0.04378189702272485,8.778985344219306e-5,0.02834150857565749,0.06369095018169742,0.03534944160603993
W02000111,Powys 015,2021,0.024099090835824212,3.875876558614411e-5,0.014821990154456717,0.038496239808033635,0.023674249653576916
W02000111,Powys 015,2023,0.03404635784428727,7.017384297350047e-5,0.01981962753706893,0.05449318730406183,0.0346735597669929
W02000111,Powys 015,2025,0.03920009613230779,8.191472104773136e-5,0.023139494353959643,0.05872857529651954,0.0355890809425599
W02000113,Powys 017,2021,0.03168361894929319,1.501880044552587e-4,0.01604158254205374,0.062323636379812836,0.046282053837759095
W02000113,Powys 017,2023,0.0446685824833582,2.5109319967935864e-4,0.0208629002739249,0.08288036465598275,0.06201746438205785
W02000113,Powys 017,2025,0.050605515916499165,2.863318673274911e-4,0.025590921669986527,0.08974060716274224,0.06414968549275571
W02000114,Powys 018,2021,0.023001571674907427,3.597749415695598e-5,0.012743112408945635,0.0363349238355004,0.023591811426554768
W02000114,Powys 018,2023,0.03246783694756856,5.973511672843766e-5,0.01856893960371033,0.05022310628398048,0.03165416668027015
W02000114,Powys 018,2025,0.03737649469320054,7.031379192935924e-5,0.021993411318396605,0.05389226012478071,0.031898848806384106
W02000116,Ceredigion 001,2021,0.02904827057199189,7.913728853348353e-5,0.015666374124684163,0.05068626044742727,0.03501988632274311
W02000116,Ceredigion 001,2023,0.04097585090106385,1.385599714922873e-4,0.023130781689024153,0.06765149489052041,0.04452071320149626
W02000116,Ceredigion 001,2025,0.04692939960764392,1.8203701329524e-4,0.026896887706771823,0.07754594705463495,0.05064905934786313
W02000117,Ceredigion 002,2021,0.043691076477962956,3.1743684492403475e-4,0.020171483289114424,0.08591553682228642,0.065744053533172
W02000117,Ceredigion 002,2023,0.06003220206041532,4.984999372497302e-4,0.027854410011306834,0.12291239222471506,0.09505798221340822
W02000117,Ceredigion 002,2025,0.06957445573648487,6.488185543738936e-4,0.034051951353330216,0.13590613348986974,0.10185418213653952
W02000118,Ceredigion 003,2021,0.040028762488600905,2.3698335448618394e-4,0.019981383349670326,0.07797703803888861,0.05799565468921829
W02000118,Ceredigion 003,2023,0.05524042479430131,3.937485641616545e-4,0.029063100097266654,0.10361564515171452,0.07455254505444786
W02000118,Ceredigion 003,2025,0.063734926878023,4.85851526633303e-4,0.03473206068102526,0.11636563350568233,0.08163357282465707
W02000120,Ceredigion 005,2021,0.028458436571918825,8.197416515981696e-5,0.01575138485219776,0.05177688330473583,0.036025498452538066
W02000120,Ceredigion 005,2023,0.04032519298471701,1.362560585048137e-4,0.022746266907277466,0.07235959943840611,0.04961333253112865
W02000120,Ceredigion 005,2025,0.046357132135029455,1.7351894823498513e-4,0.027298429612449673,0.07657147012520277,0.049273040512753094
W02000122,Ceredigion 007,2021,0.028610646989765277,6.936677791438205e-5,0.016869438626393684,0.04936631802646002,0.032496879400066334
W02000122,Ceredigion 007,2023,0.040565465437804565,1.1517346037755043e-4,0.02419613360046333,0.06719928480306314,0.043003151202599815
W02000122,Ceredigion 007,2025,0.046479206174906564,1.3704136132155326e-4,0.028205575009016878,0.07890010129910596,0.05069452629008908
W02000123,Ceredigion 008,2021,0.03250354275964893,8.261096101317421e-5,0.01771851005467722,0.05383421934267835,0.036115709288001126
W02000123,Ceredigion 008,2023,0.044714165889915704,1.4686801423796912e-4,0.025103269364317442,0.07286900745783492,0.04776573809351748
W02000123,Ceredigion 008,2025,0.051430445296386296,1.5986183512970502e-4,0.03185361604053746,0.07961131948716607,0.047757703446628615
W02000124,Ceredigion 009,2021,0.024389627807907186,6.764491203634703e-5,0.012332537426140676,0.04319865873011704,0.03086612130397636
W02000124,Ceredigion 009,2023,0.034625967699848326,1.219675773056328e-4,0.017523046646917825,0.058536326069986974,0.04101327942306915
W02000124,Ceredigion 009,2025,0.04021566254533503,1.5525209418394977e-4,0.019848620933621608,0.06818203863604491,0.048333417702423304
W02000125,Ceredigion 010,2021,0.027550021774615154,5.225982613663742e-5,0.01636563856194672,0.04204004381783312,0.0256744052558864
W02000125,Ceredigion 010,2023,0.03894502818099542,9.966733218732961e-5,0.02321156085401816,0.06275901311260117,0.039547452258583006
W02000125,Ceredigion 010,2025,0.04509346381628238,1.0711283054235665e-4,0.027070039611262725,0.06683665351461193,0.03976661390334921
W02000126,Pembrokeshire 001,2021,0.02887926996799714,7.558110259073798e-5,0.015645887367116015,0.047776209885524404,0.03213032251840839
W02000126,Pembrokeshire 001,2023,0.04091076001683588,1.3726447513886112e-4,0.022826890435524015,0.06724550688006822,0.04441861644454421
W02000126,Pembrokeshire 001,2025,0.046862173260269015,1.488114255677896e-4,0.02653923883471685,0.07379057922045826,0.04725134038574141
W02000127,Pembrokeshire 002,2021,0.02728925340987288,7.565137080974409e-5,0.013591102935598821,0.04760426545762658,0.03401316252202776
W02000127,Pembrokeshire 002,2023,0.038435349552716526,1.4272819834924255e-4,0.017592692990157865,0.0670962851999241,0.04950359220976623
W02000127,Pembrokeshire 002,2025,0.044154686893232833,1.6237564677533894e-4,0.023225665100814266,0.07220198400363212,0.04897631890281785
W02000128,Pembrokeshire 003,2021,0.0291510401048641,8.933244526825233e-5,0.014894255801723854,0.05254677265166203,0.03765251684993817
W02000128,Pembrokeshire 003,2023,0.04121957321333189,1.754871086025812e-4,0.02062282066938393,0.06941362543177024,0.04879080476238631
W02000128,Pembrokeshire 003,2025,0.04724061221117972,1.9970347894191097e-4,0.024432030482389167,0.07937326871667477,0.05494123823428561
W02000129,Pembrokeshire 004,2021,0.03160817434149768,1.0548385359104915e-4,0.017465631860548725,0.057593636255336866,0.04012800439478814
W02000129,Pembrokeshire 004,2023,0.04477858762927795,1.846832276317059e-4,0.025615670550739274,0.0787990542529968,0.053183383702257524
W02000129,Pembrokeshire 004,2025,0.0517275400032903,2.1031902865397081e-4,0.029639684621936405,0.08384060881895876,0.054200924197022354
W02000130,Pembrokeshire 005,2021,0.03603095886840824,1.7154491716507732e-4,0.01836064651317166,0.06809981073025395,0.04973916421708229
W02000130,Pembrokeshire 005,2023,0.05046442413726819,3.1830462239044923e-4,0.02590799117185853,0.09442431686055,0.06851632568869147
W02000130,Pembrokeshire 005,2025,0.058646905020207044,4.024492084822203e-4,0.030793319563455754,0.10709316684685308,0.07629984728339732
W02000131,Pembrokeshire 006,2021,0.032009174003284964,1.1178093006354048e-4,0.014601322455507233,0.05873994407848557,0.04413862162297834
W02000131,Pembrokeshire 006,2023,0.04557952665576688,2.375784790229519e-4,0.021883635810521086,0.08295105912163081,0.061067423311109724
W02000131,Pembrokeshire 006,2025,0.052450817426437334,2.7080704927264475e-4,0.025930674446461126,0.09192778327105292,0.06599710882459178
W02000132,Pembrokeshire 007,2021,0.026973560194414704,8.322850097351758e-5,0.012638722908374008,0.049541910506395975,0.03690318759802197
W02000132,Pembrokeshire 007,2023,0.03812907722799473,1.5596988932452805e-4,0.01779984682424824,0.06518066202220318,0.047380815197954944
W02000132,Pembrokeshire 007,2025,0.04379567270818116,1.749905765563745e-4,0.022517597131826946,0.07481337305050294,0.05229577591867599
W02000133,Pembrokeshire 008,2021,0.03494123911091921,1.3057099315998775e-4,0.01932628627135046,0.06299578550623913,0.04366949923488867
W02000133,Pembrokeshire 008,2023,0.0494623998964946,2.7884023481273526e-4,0.027631486991767987,0.09076309669212942,0.06313160970036144
W02000133,Pembrokeshire 008,2025,0.057147666004016065,3.3061323284384604e-4,0.03189725864049798,0.10189276152486812,0.06999550288437015
W02000134,Pembrokeshire 009,2021,0.03300894528355072,1.4828439681431252e-4,0.015203812266659383,0.06259635988593937,0.04739254761927998
W02000134,Pembrokeshire 009,2023,0.04665447503067279,2.668342945859099e-4,0.023529162697411583,0.08214272552074081,0.05861356282332923
W02000134,Pembrokeshire 009,2025,0.05355626783777508,3.279612899583361e-4,0.026612461329671856,0.0962990454039442,0.06968658407427233
W02000135,Pembrokeshire 010,2021,0.033531606379395736,1.6256429391271098e-4,0.015306469590790156,0.06987548678803865,0.05456901719724849
W02000135,Pembrokeshire 010,2023,0.04769649689971617,3.2017507002668895e-4,0.021784707985426078,0.09066954637840174,0.06888483839297567
W02000135,Pembrokeshire 010,2025,0.05501903675542391,3.8858099162111695e-4,0.02542886623954374,0.10663089695731796,0.08120203071777422
W02000136,Pembrokeshire 011,2021,0.025671762456312003,7.853925863881874e-5,0.011717586940252666,0.04726628988661573,0.03554870294636306
W02000136,Pembrokeshire 011,2023,0.036356815143436805,1.4602352471282403e-4,0.016496991917012697,0.06682956722162767,0.05033257530461497
W02000136,Pembrokeshire 011,2025,0.04175269757151533,1.6673215896732794e-4,0.020787179400288933,0.07176790495592994,0.05098072555564101
W02000137,Pembrokeshire 012,2021,0.03736605619537421,2.4523867324210974e-4,0.016914935303770404,0.0755130443723141,0.058598109068543694
W02000137,Pembrokeshire 012,2023,0.05314310650513861,4.838816605468292e-4,0.025189163142498052,0.11192214872005693,0.08673298557755887
W02000137,Pembrokeshire 012,2025,0.060934071878891036,5.713133267574645e-4,0.030084598330993518,0.12015323651375953,0.09006863818276602
W02000138,Pembrokeshire 013,2021,0.025139512114898583,1.0497895688005033e-4,0.009986276671732994,0.04650496213211435,0.03651868546038135
W02000138,Pembrokeshire 013,2023,0.03572491308941315,2.061551250476713e-4,0.014413234113313987,0.06576675049824682,0.05135351638493283
W02000138,Pembrokeshire 013,2025,0.04078505245724998,2.3941176614497133e-4,0.016993217730948945,0.07468682936917657,0.05769361163822763
W02000139,Pembrokeshire 014,2021,0.023419580999213152,6.96618371462858e-5,0.009828531046315939,0.04283240518300558,0.03300387413668964
W02000139,Pembrokeshire 014,2023,0.03342486873512484,1.3954085966876907e-4,0.013161663546781227,0.05678765168162632,0.04362598813484509
W02000139,Pembrokeshire 014,2025,0.038337867076157606,1.587227595470686e-4,0.016009912293238483,0.06668313961640815,0.050673227323169666
W02000140,Pembrokeshire 015,2021,0.0230044646574769,9.2624739272565e-5,0.007679989913718944,0.045508061960943674,0.03782807204722473
W02000140,Pembrokeshire 015,2023,0.032664160810743234,1.7715949951973789e-4,0.01134154444951753,0.06578645110955779,0.05444490666004026
W02000140,Pembrokeshire 015,2025,0.037169624633968265,2.0989537685445152e-4,0.014854641310622765,0.0708038763875784,0.055949235076955636
W02000141,Pembrokeshire 016,2021,0.02137640469798692,7.107470291427186e-5,0.008415011045587988,0.04203699690410404,0.03362198585851606
W02000141,Pembrokeshire 016,2023,0.030361573583350437,1.4585572674561407e-4,0.011453982847527472,0.0628896075144761,0.05143562466694863
W02000141,Pembrokeshire 016,2025,0.034737045414543484,1.719801930804586e-4,0.013384783226181883,0.06806979493905098,0.054685011712869096
W02000142,Carmarthenshire 001,2021,0.028551778045212545,6.652624667979213e-5,0.017601683359283693,0.04973519805262078,0.032133514693337084
W02000142,Carmarthenshire 001,2023,0.04027857025679765,1.1352171703593044e-4,0.023417221996405634,0.0655110159305317,0.042093793934126066
W02000142,Carmarthenshire 001,2025,0.046246422472153534,1.4043294427116125e-4,0.028538553085067045,0.07544219795800249,0.04690364487293544
W02000143,Carmarthenshire 002,2021,0.026549538671316163,5.822150537646383e-5,0.014203358216254434,0.043884535877536227,0.029681177661281793
W02000143,Carmarthenshire 002,2023,0.03769681265946572,1.0687760578838335e-4,0.02056569590745964,0.059650926467014934,0.03908523055955529
W02000143,Carmarthenshire 002,2025,0.04293361912732147,1.1685807188930623e-4,0.023740574924622778,0.0643526927954931,0.04061211787087032
W02000144,Carmarthenshire 003,2021,0.026241268843142488,6.47218780152123e-5,0.01279303882357739,0.04522361709206032,0.03243057826848293
W02000144,Carmarthenshire 003,2023,0.037038767378094195,1.1097743997204552e-4,0.01825758550959536,0.06344639646006792,0.04518881095047256
W02000144,Carmarthenshire 003,2025,0.04269918884457243,1.3521997258475222e-4,0.020119959118773054,0.06707053053250298,0.04695057141372992
W02000145,Carmarthenshire 004,2021,0.023697995678172462,4.0266050114430296e-5,0.013192349739207894,0.037622691077990225,0.02443034133878233
W02000145,Carmarthenshire 004,2023,0.033719059029682225,7.63355177698333e-5,0.018859248444486255,0.05646261163459311,0.037603363190106855
W02000145,Carmarthenshire 004,2025,0.039242795531648014,9.312000499003462e-5,0.022080329942832676,0.06178106047510623,0.039700730532273555
W02000146,Carmarthenshire 005,2021,0.026809366753686656,6.14074764255125e-5,0.01369363309393861,0.043883374742904165,0.030189741648965554
W02000146,Carmarthenshire 005,2023,0.03753098222376697,1.0759019807794865e-4,0.019785551477599816,0.0643321083767471,0.044546556899147285
W02000146,Carmarthenshire 005,2025,0.0430470950043518,1.2328204417550348e-4,0.023319707443058744,0.06868217871296384,0.04536247126990509
W02000147,Carmarthenshire 006,2021,0.03134724865357383,6.650560677970416e-5,0.019262321627770602,0.04821989587005522,0.02895757424228462
W02000147,Carmarthenshire 006,2023,0.044336221828497044,1.3280243014038577e-4,0.025384509045714,0.07438951532398241,0.04900500627826841
W02000147,Carmarthenshire 006,2025,0.05067753109642152,1.3373625927966525e-4,0.03150423346636814,0.0775549917046212,0.04605075823825306
W02000148,Carmarthenshire 007,2021,0.03003526208678687,1.0324252852254956e-4,0.014277045736977361,0.054053485061003534,0.03977643932402617
W02000148,Carmarthenshire 007,2023,0.04244975753958705,2.0386205098471238e-4,0.02047536990828226,0.07889893562349597,0.058423565715213704
W02000148,Carmarthenshire 007,2025,0.04933699108274199,2.5533572249906273e-4,0.024798077497608963,0.0885735211725624,0.06377544367495344
W02000149,Carmarthenshire 008,2021,0.025525452494823152,6.835850037072893e-5,0.013204133192140897,0.04571386822817508,0.03250973503603419
W02000149,Carmarthenshire 008,2023,0.03622837873454311,1.2787588297262967e-4,0.01900747695029332,0.06191582534174985,0.04290834839145653
W02000149,Carmarthenshire 008,2025,0.042140249273137614,1.6077873158908538e-4,0.022662145660994743,0.06991129680656197,0.04724915114556723
W02000151,Carmarthenshire 010,2021,0.02335645668295803,4.2683540083238844e-5,0.013065478018985735,0.03862044511325186,0.025554967094266128
W02000151,Carmarthenshire 010,2023,0.03296310343947992,7.172997251989409e-5,0.01959853006731392,0.05267513604480593,0.033076605977492006
W02000151,Carmarthenshire 010,2025,0.038267998798942535,8.909070523546676e-5,0.022317698982289996,0.059415117439967885,0.03709741845767789
W02000152,Carmarthenshire 011,2021,0.025184324013850963,5.450180992665338e-5,0.014472852154685922,0.04234479032462546,0.027871938169939537
W02000152,Carmarthenshire 011,2023,0.035389137540053316,9.606569917032938e-5,0.018674538928777247,0.05826993643234345,0.0395953975035662
W02000152,Carmarthenshire 011,2025,0.04076112156801998,1.1817562932177254e-4,0.02242265848692367,0.06705154187388598,0.04462888338696232
W02000153,Carmarthenshire 012,2021,0.025846065100462556,6.36462793737528e-5,0.012574812047435045,0.043278081817121936,0.03070326976968689
W02000153,Carmarthenshire 012,2023,0.036814874157602526,1.2225491107494804e-4,0.017518078320199408,0.0599113998854149,0.04239332156521549
W02000153,Carmarthenshire 012,2025,0.04212580689986129,1.4664050169086135e-4,0.019397060982320087,0.06596596487999291,0.04656890389767283
W02000154,Carmarthenshire 013,2021,0.025200742305699474,5.102650090742353e-5,0.013691704652425626,0.04082537047451156,0.027133665822085935
W02000154,Carmarthenshire 013,2023,0.036135270017527386,1.0388155958821297e-4,0.020520819069719188,0.0585532144784508,0.038032395408731615
W02000154,Carmarthenshire 013,2025,0.041981773672558745,1.2091562001269329e-4,0.024254487997600528,0.06403207966444155,0.03977759166684102
W02000156,Carmarthenshire 015,2021,0.024956194263436215,5.6121829894631735e-5,0.013659282817690523,0.04228158030462638,0.028622297486935858
W02000156,Carmarthenshire 015,2023,0.0353948366582302,1.0087457053189855e-4,0.01866457134254146,0.05791628534557113,0.039251714003029674
W02000156,Carmarthenshire 015,2025,0.040993896688540886,1.3144019410876433e-4,0.021624385022757844,0.06497558976196854,0.0433512047392107
W02000157,Carmarthenshire 016,2021,0.026370427385914805,7.555707994615469e-5,0.014265823945355168,0.047919158446996964,0.0336533345016418
W02000157,Carmarthenshire 016,2023,0.03737962518616704,1.351113915135014e-4,0.019731668258197443,0.06070355661931692,0.04097188836111948
W02000157,Carmarthenshire 016,2025,0.0435614333312737,1.707379277806874e-4,0.024894524367597298,0.07173151584522876,0.04683699147763146
W02000158,Carmarthenshire 017,2021,0.02631086371672512,6.263100783868142e-5,0.01371841203804188,0.042896235628172096,0.029177823590130214
W02000158,Carmarthenshire 017,2023,0.03723596754270264,1.202210262160815e-4,0.019398379794160488,0.06361509432016715,0.044216714526006666
W02000158,Carmarthenshire 017,2025,0.04302122059684111,1.519440411254109e-4,0.023045871472064904,0.07362263820447769,0.050576766732412785
W02000159,Carmarthenshire 018,2021,0.02890832465818616,9.167413921544877e-5,0.016114081316161058,0.053605344634331614,0.037491263318170556
W02000159,Carmarthenshire 018,2023,0.04044482761538071,1.6781090610234908e-4,0.02177024636426529,0.07170173893307494,0.049931492568809646
W02000159,Carmarthenshire 018,2025,0.046699583511702884,2.2025827717596383e-4,0.025709912747846116,0.08358414118427505,0.057874228436428934
W02000160,Carmarthenshire 019,2021,0.025581113076322715,6.956891841705068e-5,0.012041771267432121,0.04677106181914574,0.034729290551713615
W02000160,Carmarthenshire 019,2023,0.03669964768704315,1.34055908257242e-4,0.017696332955492416,0.0652380652445568,0.04754173228906439
W02000160,Carmarthenshire 019,2025,0.042710973464193176,1.6539266668261506e-4,0.02081297227291934,0.07119872948086642,0.05038575720794708
W02000161,Carmarthenshire 020,2021,0.02713332461947247,8.249947801990087e-5,0.01212964630296302,0.046571191081327915,0.03444154477836489
W02000161,Carmarthenshire 020,2023,0.038118888491429075,1.6078475126330048e-4,0.01710664243569189,0.06746694438445462,0.05036030194876273
W02000161,Carmarthenshire 020,2025,0.04447452672950572,2.012677770567575e-4,0.019995383255520343,0.07511815445562255,0.0551227712001022
W02000162,Carmarthenshire 021,2021,0.025262296603192867,6.940775028940848e-5,0.013218760655576738,0.042914351544214434,0.029695590888637696
W02000162,Carmarthenshire 021,2023,0.035472365663828206,1.3554263406097988e-4,0.0177315702071143,0.06161433278434816,0.04388276257723386
W02000162,Carmarthenshire 021,2025,0.04110104242556571,1.8398076431599698e-4,0.021249384136207524,0.07232567538549489,0.051076291249287364
W02000163,Carmarthenshire 022,2021,0.029660838854068353,1.0469952948242657e-4,0.014458759028753302,0.05377533732834146,0.03931657829958816
W02000163,Carmarthenshire 022,2023,0.04209867006993783,1.941327106513926e-4,0.021476248428741754,0.07386765088877179,0.05239140246003003
W02000163,Carmarthenshire 022,2025,0.049293219713531025,2.3731395518343667e-4,0.02487307901715853,0.08538831870106067,0.06051523968390214
W02000164,Carmarthenshire 023,2021,0.025237311827492566,5.257222404474121e-5,0.01369411821373801,0.042839826034370865,0.029145707820632853
W02000164,Carmarthenshire 023,2023,0.035580147177071184,1.0208551393449035e-4,0.018676665481423434,0.05829192258285203,0.03961525710142859
W02000164,Carmarthenshire 023,2025,0.04119767693637807,1.2451195508015597e-4,0.021995574297530504,0.06532980719865261,0.04333423290112211
W02000165,Carmarthenshire 024,2021,0.030533159660271095,1.0393818230777704e-4,0.0137230647866023,0.0552474609004844,0.0415243961138821
W02000165,Carmarthenshire 024,2023,0.04332995388825216,2.0579886790065156e-4,0.020551163936902123,0.07577053575270057,0.055219371815798446
W02000165,Carmarthenshire 024,2025,0.05000256051502836,2.5423624499884453e-4,0.025966479586628573,0.08424101777287304,0.05827453818624447
W02000166,Carmarthenshire 025,2021,0.029403511915981555,1.106192936848344e-4,0.015353245330491951,0.05480656073999186,0.03945331540949991
W02000166,Carmarthenshire 025,2023,0.041569591798542804,2.1063890578924008e-4,0.02156311646932142,0.07874014191390497,0.05717702544458354
W02000166,Carmarthenshire 025,2025,0.04845645262137209,2.7940500512746604e-4,0.025361193977841267,0.08817411923667551,0.06281292525883424
W02000167,Carmarthenshire 026,2021,0.029732846258347656,9.439356926300065e-5,0.014468311316572478,0.054371512087047186,0.03990320077047471
W02000167,Carmarthenshire 026,2023,0.042102384481807066,1.7875198333658417e-4,0.021787252714451692,0.07420776782185741,0.05242051510740572
W02000167,Carmarthenshire 026,2025,0.04813015499452196,2.043402090461831e-4,0.024995810384441958,0.07847209659731536,0.0534762862128734
W02000168,Swansea 001,2021,0.02629945694291687,5.568896221241879e-5,0.014054526309971725,0.042487050653684286,0.02843252434371256
W02000168,Swansea 001,2023,0.037927145082789236,1.1618507683065675e-4,0.019807590350869264,0.060868383284134346,0.04106079293326508
W02000168,Swansea 001,2025,0.0436920230438878,1.3871855416622267e-4,0.025240757249330358,0.06796366307931062,0.042722905829980264
W02000169,Swansea 002,2021,0.026191340981317465,6.577815213235782e-5,0.013964124195997327,0.04536617163363699,0.03140204743763966
W02000169,Swansea 002,2023,0.037531918937010224,1.2715323668346728e-4,0.01938774758548931,0.0678710403818566,0.04848329279636729
W02000169,Swansea 002,2025,0.04368984862499499,1.533899860961759e-4,0.0247008718578776,0.07627011905829456,0.05156924720041696
W02000170,Swansea 003,2021,0.023509701495348433,5.752029702591099e-5,0.011669104482310419,0.04340282471910947,0.03173372023679905
W02000170,Swansea 003,2023,0.033516613331569696,1.0743453047674717e-4,0.017201044279893996,0.05886988713569638,0.041668842855802385
W02000170,Swansea 003,2025,0.03919872369083735,1.3576251651248338e-4,0.019866905563887767,0.06880939180275143,0.048942486238863665
W02000171,Swansea 004,2021,0.024084958647948164,4.566826564630233e-5,0.01254421328472408,0.039344959577492504,0.026800746292768424
W02000171,Swansea 004,2023,0.03438943205199875,9.38055953325431e-5,0.01756349234972024,0.054729186726740375,0.037165694377020136
W02000171,Swansea 004,2025,0.039994097396883956,1.2002046701277088e-4,0.020543812638268103,0.06313144033098962,0.04258762769272152
W02000172,Swansea 005,2021,0.022432438005382683,8.244578638879897e-5,0.010332642686674354,0.03889489128539285,0.028562248598718497
W02000172,Swansea 005,2023,0.03226357527997393,1.5969559520973253e-4,0.014702199322499748,0.05727179319932148,0.04256959387682173
W02000172,Swansea 005,2025,0.0377030463529215,1.9420703599677122e-4,0.01805224322355405,0.06541838947277231,0.04736614624921827
W02000173,Swansea 006,2021,0.025740955922673916,5.9710596029563537e-5,0.012960824426577812,0.04295419844611384,0.02999337401953603
W02000173,Swansea 006,2023,0.03692674565687388,1.2111014859987452e-4,0.018090787020469037,0.06130928693378436,0.04321849991331532
W02000173,Swansea 006,2025,0.042761334132442395,1.508670311603081e-4,0.0216408654384546,0.06931190079506891,0.04767103535661431
W02000174,Swansea 007,2021,0.022205821469809768,5.4492019859790054e-5,0.010999847707530944,0.04009254776576138,0.029092700058230433
W02000174,Swansea 007,2023,0.03165942599314105,1.0079670742089965e-4,0.0154501948232459,0.05630023864068971,0.04085004381744381
W02000174,Swansea 007,2025,0.037336653191366524,1.4361773877005833e-4,0.018491800777629033,0.06694376963607201,0.04845196885844298
W02000175,Swansea 008,2021,0.02311517085970718,7.365860077187496e-5,0.010574536639932977,0.042612509159781264,0.03203797251984829
W02000175,Swansea 008,2023,0.032999708196674915,1.52381158857071e-4,0.014767999825623618,0.06329949627001938,0.048531496444395764
W02000175,Swansea 008,2025,0.03827237774884628,2.0271636477478476e-4,0.016754870149766322,0.07079803232567611,0.054043162175909785
W02000176,Swansea 009,2021,0.022020940394080365,4.963774813973701e-5,0.010897068085514147,0.036391579818161865,0.025494511732647718
W02000176,Swansea 009,2023,0.03147545294939796,1.083610965657298e-4,0.017635879707370385,0.053573278277203124,0.03593739856983274
W02000176,Swansea 009,2025,0.03706232132910086,1.2629601707801372e-4,0.019794682217966982,0.06122181337577356,0.04142713115780658
W02000177,Swansea 010,2021,0.023363882334896512,6.966647801237056e-5,0.011248180848187971,0.043667068948732984,0.03241888810054501
W02000177,Swansea 010,2023,0.03351548534933744,1.3830780114410405e-4,0.01611814279299374,0.05860941091412182,0.04249126812112808
W02000177,Swansea 010,2025,0.038940430517659,1.7364822683126443e-4,0.01877402480208846,0.06827556950771807,0.04950154470562961
W02000178,Swansea 011,2021,0.02368577575788257,7.519793540790374e-5,0.010506373889275524,0.0423431087172758,0.03183673482800027
W02000178,Swansea 011,2023,0.03384079306103475,1.5091047379840947e-4,0.015341320522192678,0.05951575852042054,0.044174437998227865
W02000178,Swansea 011,2025,0.04001181993323815,1.9740918194674796e-4,0.01744814095491842,0.0708766661266289,0.053428525171710484
W02000179,Swansea 012,2021,0.021389026879822318,4.5595896553098885e-5,0.009852032250326347,0.037384537474365154,0.027532505224038807
W02000179,Swansea 012,2023,0.030761878985001278,8.620763119616776e-5,0.014982085659687061,0.05359220775751607,0.038610122097829006
W02000179,Swansea 012,2025,0.03609898939245818,1.1794129783155147e-4,0.017511416319507787,0.0602818709814745,0.04277045466196672
W02000180,Swansea 013,2021,0.023312121381334667,5.431333691153761e-5,0.011922100398398281,0.04053240609860466,0.028610305700206378
W02000180,Swansea 013,2023,0.033477149711335724,1.045298040271366e-4,0.01679396702132964,0.05440664120910775,0.03761267418777811
W02000180,Swansea 013,2025,0.03906585132387473,1.3849443792148534e-4,0.020405138012392653,0.06321886759771977,0.04281372958532712
W02000181,Swansea 014,2021,0.02225703889341553,5.22476337296677e-5,0.010347718945773373,0.037535065144126585,0.02718734619835321
W02000181,Swansea 014,2023,0.03189998507715773,1.0601294954438278e-4,0.015599305368250316,0.0543250133150525,0.03872570794680219
W02000181,Swansea 014,2025,0.03738811670710941,1.3679470930167645e-4,0.018917682861782498,0.06232560049452557,0.04340791763274307
W02000182,Swansea 015,2021,0.026280516293510806,9.726020655699505e-5,0.01290155510058152,0.05000829704185874,0.03710674194127722
W02000182,Swansea 015,2023,0.03733508807959038,1.802515273046709e-4,0.017276240320824227,0.07000254121432296,0.05272630089349874
W02000182,Swansea 015,2025,0.04349833619369096,2.3054072089361477e-4,0.020838328765746823,0.0785670428903551,0.057728714124608276
W02000183,Swansea 016,2021,0.025729454501269237,7.075087070780696e-5,0.013893368385787787,0.045049971313293524,0.031156602927505737
W02000183,Swansea 016,2023,0.03712613973312711,1.404566647230686e-4,0.020332261390110358,0.0637089633166964,0.04337670192658604
W02000183,Swansea 016,2025,0.04368635157747153,1.825804610871178e-4,0.02325032489861778,0.07348932467014499,0.05023899977152721
W02000184,Swansea 017,2021,0.02313397097672245,5.7387382756815986e-5,0.011517144402536504,0.04006412656447428,0.028546982161937774
W02000184,Swansea 017,2023,0.033270059199533755,1.1358105680491266e-4,0.01657651318541365,0.05710060701310833,0.04052409382769468
W02000184,Swansea 017,2025,0.038520367530354004,1.3713664993206408e-4,0.019553567582105177,0.06343516079813342,0.04388159321602825
W02000185,Swansea 018,2021,0.022158113844707516,6.669584669049821e-5,0.01034169575534866,0.04199576479032183,0.03165406903497317
W02000185,Swansea 018,2023,0.03138688773195248,1.2501149060824407e-4,0.015184744030163861,0.05747255238582445,0.042287808355660594
W02000185,Swansea 018,2025,0.03668048306067368,1.7257923838986128e-4,0.01773295310325461,0.0690836364853509,0.05135068338209629
W02000186,Swansea 019,2021,0.024400141750269132,8.259564678484177e-5,0.009993618202204922,0.04406899358768475,0.03407537538547983
W02000186,Swansea 019,2023,0.03539850069048883,1.732774517022772e-4,0.015754537259527104,0.06215413268494774,0.04639959542542063
W02000186,Swansea 019,2025,0.0415872069580874,2.2942511738690863e-4,0.01809838002568496,0.07484425615756532,0.05674587613188036
W02000188,Swansea 021,2021,0.024996053139705553,7.831898786893343e-5,0.012372876038873454,0.044921082613848806,0.032548206574975355
W02000188,Swansea 021,2023,0.03629064264603062,1.6321573531342734e-4,0.017127628096440452,0.06431329918796226,0.04718567109152181
W02000188,Swansea 021,2025,0.042477876567070395,2.1773920520471517e-4,0.020840509846540275,0.07560575669816394,0.054765246851623664
W02000189,Swansea 022,2021,0.025207922057463222,6.286383198199699e-5,0.012549040782761343,0.04326124558475314,0.030712204801991796
W02000189,Swansea 022,2023,0.035765246194737366,1.190135179610074e-4,0.017758283648277882,0.059746792177952854,0.04198850852967497
W02000189,Swansea 022,2025,0.042354413974086944,1.71435704675845e-4,0.021270226215069857,0.07080551859328929,0.04953529237821944
W02000191,Swansea 024,2021,0.03615306733340723,1.6486178821691874e-4,0.017382651356256124,0.06792905451580492,0.050546403159548794
W02000191,Swansea 024,2023,0.051097869588316615,3.3434707893796145e-4,0.024630068444715634,0.09034905082706057,0.06571898238234494
W02000191,Swansea 024,2025,0.058423189230528375,3.761172332550366e-4,0.027612032744799238,0.10170652109830089,0.07409448835350166
W02000192,Swansea 025,2021,0.026439917396535565,1.0424956111288228e-4,0.011829532427721839,0.04857917348137594,0.0367496410536541
W02000192,Swansea 025,2023,0.03804354698202201,2.042152285745706e-4,0.01797261135676857,0.06800143494906714,0.05002882359229857
W02000192,Swansea 025,2025,0.043793037190575826,2.586724493923195e-4,0.02058839155646863,0.07850540203337966,0.05791701047691103
W02000193,Swansea 026,2021,0.04264254770756799,3.100497476060281e-4,0.01509296412406854,0.08632077098452204,0.07122780686045349
W02000193,Swansea 026,2023,0.05814570400176294,0.00054626621492380705,0.021233812952698626,0.11117487124236952,0.08994105828967089
W02000193,Swansea 026,2025,0.06676015327394193,6.581100867024714e-4,0.025018222686723362,0.125550453773418,0.10053223108669464
W02000194,Swansea 027,2021,0.0280556307241024,8.935547960338676e-5,0.013228345457802267,0.050285221770678776,0.037056876312876505
W02000194,Swansea 027,2023,0.04007472941899789,1.8203369898808877e-4,0.019898212731378193,0.07085612136014205,0.05095790862876386
W02000194,Swansea 027,2025,0.04589248486101086,2.3734336947665833e-4,0.022457038817821417,0.08078466389801317,0.05832762508019175
W02000195,Swansea 028,2021,0.0217084529290429,6.277417466590769e-5,0.010786659103095526,0.04071289378289724,0.029926234679801714
W02000195,Swansea 028,2023,0.03128979623126476,1.2641586636309384e-4,0.014334261872358105,0.05664878031766098,0.04231451844530287
W02000195,Swansea 028,2025,0.03658726385646375,1.7276992884543687e-4,0.017507206436270163,0.06710983315153746,0.049602626715267294
W02000196,Swansea 029,2021,0.028814559471710542,1.5096027557425247e-4,0.012297754003612675,0.05979599331771136,0.04749823931409869
W02000196,Swansea 029,2023,0.04092056896354703,2.817752818192225e-4,0.017458709546101132,0.07952359104768197,0.06206488150158084
W02000196,Swansea 029,2025,0.04766460877235651,3.830712720561505e-4,0.020857861136749558,0.09293370024623432,0.07207583910948476
W02000197,Swansea 030,2021,0.020614816762984902,5.694271330329252e-5,0.009095586383523743,0.03683384798596734,0.027738261602443595
W02000197,Swansea 030,2023,0.029672096894448673,1.0348296623846546e-4,0.013087648058435491,0.049496953006781655,0.03640930494834616
W02000197,Swansea 030,2025,0.034674389171746735,1.5032438740989062e-4,0.016112026165841627,0.0603424237021562,0.044230397536314574
W02000198,Swansea 031,2021,0.028337663366991186,1.2707208835581566e-4,0.01147975088740711,0.05479372160182215,0.04331397071441504
W02000198,Swansea 031,2023,0.0405656244380855,0.00025849771288729737,0.017509675958589693,0.07577137288205418,0.05826169692346449
W02000198,Swansea 031,2025,0.04720651579341619,3.4978127526614757e-4,0.02063649658252832,0.08834845434239225,0.06771195775986392
W02000200,Neath Port Talbot 002,2021,0.023114492467684402,4.3613003794790746e-5,0.012435874424123847,0.0384238844464779,0.025988010022354055
W02000200,Neath Port Talbot 002,2023,0.03276099789103132,7.477071041089338e-5,0.016389609468785586,0.0522922281648394,0.035902618696053816
W02000200,Neath Port Talbot 002,2025,0.038186672719902816,9.598647903819777e-5,0.021259374933591677,0.05861008976829675,0.037350714834705076
W02000201,Neath Port Talbot 003,2021,0.021984299113203223,3.5198617662545375e-5,0.011587267765107935,0.03426566765188197,0.022678399886774038
W02000201,Neath Port Talbot 003,2023,0.031243606407954396,7.010605504030965e-5,0.01668519299883594,0.04868142995405049,0.03199623695521455
W02000201,Neath Port Talbot 003,2025,0.036354879514918524,8.628644491513552e-5,0.02037609524170616,0.05618395193369985,0.03580785669199369
W02000202,Neath Port Talbot 004,2021,0.024200919865786645,4.842271172345519e-5,0.013535279757189048,0.038790022932534585,0.025254743175345536
W02000202,Neath Port Talbot 004,2023,0.034575866409633275,8.613281911011683e-5,0.019141730155999976,0.05449956661534201,0.03535783645934204
W02000202,Neath Port Talbot 004,2025,0.03982337204264608,1.0682771475154292e-4,0.02386972180828669,0.06453679986070429,0.0406670780524176
W02000204,Neath Port Talbot 006,2021,0.02246925482879808,4.658877454613952e-5,0.011364058615422834,0.037992501510846856,0.026628442895424022
W02000204,Neath Port Talbot 006,2023,0.03143601308720606,9.411170479614825e-5,0.01628696603655504,0.054237482250411986,0.03795051621385695
W02000204,Neath Port Talbot 006,2025,0.03636095287322649,1.238363973331712e-4,0.019706021711599665,0.06099962905893695,0.04129360734733729
W02000205,Neath Port Talbot 007,2021,0.02108943301523794,3.78594208164836e-5,0.011315219550855933,0.034067333509295826,0.022752113958439894
W02000205,Neath Port Talbot 007,2023,0.029736355437285013,7.09900140154509e-5,0.015522853282361034,0.0475475857260675,0.03202473244370647
W02000205,Neath Port Talbot 007,2025,0.034315590624509534,9.025697169675073e-5,0.018889110542084843,0.05549750146122609,0.03660839091914125
W02000206,Neath Port Talbot 008,2021,0.019421888754709345,5.253084190902887e-5,0.008282673139717,0.03464690862898852,0.02636423548927152
W02000206,Neath Port Talbot 008,2023,0.027790002961605696,1.0344598669663611e-4,0.011623546119028843,0.05081677325494992,0.03919322713592108
W02000206,Neath Port Talbot 008,2025,0.03267939815003171,1.2186568301433315e-4,0.01410093054949365,0.0576085898094739,0.04350765925998025
W02000207,Neath Port Talbot 009,2021,0.020165155938018584,4.372747103111866e-5,0.009876435670597233,0.03470673938093484,0.024830303710337606
W02000207,Neath Port Talbot 009,2023,0.028527594003603166,8.410355669883356e-5,0.014327727276834809,0.050745495916855336,0.036417768640020526
W02000207,Neath Port Talbot 009,2025,0.032885844240564684,9.838654067206334e-5,0.01754010509253455,0.05435781891013247,0.03681771381759792
W02000208,Neath Port Talbot 010,2021,0.02840876185385672,9.247884232878066e-5,0.012642183340699472,0.050642921382106444,0.038000738041406974
W02000208,Neath Port Talbot 010,2023,0.040817126738041117,1.7137204388416018e-4,0.019355210351582643,0.07038016776659695,0.0510249574150143
W02000208,Neath Port Talbot 010,2025,0.04795579727510011,2.3207965696645414e-4,0.023370838378347605,0.08357559057808567,0.06020475219973806
W02000210,Neath Port Talbot 012,2021,0.021417464720032024,5.22204766667713e-5,0.00872915210525774,0.03615796752113084,0.0274288154158731
W02000210,Neath Port Talbot 012,2023,0.030503935484382044,1.1182114901549367e-4,0.014088568078907411,0.052836291528680634,0.03874772344977322
W02000210,Neath Port Talbot 012,2025,0.03509622333659082,1.212183298139503e-4,0.015532579176337487,0.0588862620177326,0.04335368284139511
W02000211,Neath Port Talbot 013,2021,0.020813772776316533,4.35423264416868e-5,0.010010354724042561,0.036450052343769385,0.026439697619726824
W02000211,Neath Port Talbot 013,2023,0.029968983113719178,9.870353631356792e-5,0.01588236073116779,0.05455995380564331,0.03867759307447552
W02000211,Neath Port Talbot 013,2025,0.03453813399907367,1.0794907899543344e-4,0.017138393308360013,0.05751276831544459,0.04037437500708458
W02000212,Neath Port Talbot 014,2021,0.02137903171790802,3.278563910214988e-5,0.012003491008980328,0.03351067654820411,0.021507185539223782
W02000212,Neath Port Talbot 014,2023,0.03052565012692695,6.784502793399836e-5,0.017045118417576215,0.047257357003777686,0.03021223858620147
W02000212,Neath Port Talbot 014,2025,0.03503962522973916,7.030873814475374e-5,0.02021187757530219,0.05220599549820264,0.031994117922900446
W02000213,Neath Port Talbot 015,2021,0.020481321279442567,5.2400888036004825e-5,0.009167101484153858,0.03741679239536831,0.028249690911214452
W02000213,Neath Port Talbot 015,2023,0.029450433341721274,1.0281406584481527e-4,0.01359189189178755,0.05292634983217734,0.03933445794038979
W02000213,Neath Port Talbot 015,2025,0.034540736797832025,1.2929381766578593e-4,0.01617294504800047,0.05872480682459463,0.04255186177659416
W02000214,Neath Port Talbot 016,2021,0.020310873687786123,6.528752945793462e-5,0.008307128850505975,0.038942773016870116,0.03063564416636414
W02000214,Neath Port Talbot 016,2023,0.029074737030591002,1.1912973232194968e-4,0.01235458783924116,0.052190807872872114,0.03983622003363095
W02000214,Neath Port Talbot 016,2025,0.03384807792713273,1.5836624454564383e-4,0.014582452230766318,0.06194818351468416,0.04736573128391784
W02000215,Neath Port Talbot 017,2021,0.020757988101560276,6.528547637827154e-5,0.00898896673499858,0.03983801943189726,0.030849052696898683
W02000215,Neath Port Talbot 017,2023,0.029567904086435632,1.2582130149190474e-4,0.01209301386288578,0.05326465798450142,0.04117164412161564
W02000215,Neath Port Talbot 017,2025,0.034354604005106495,1.5734496141785924e-4,0.013767793801432301,0.05943597337682764,0.04566817957539534
W02000216,Neath Port Talbot 018,2021,0.020704288370072512,5.401408090209617e-5,0.01089956248541615,0.036323897352811135,0.025424334867394986
W02000216,Neath Port Talbot 018,2023,0.02925464894860266,1.0528134565692252e-4,0.015523573752327243,0.05123597206533404,0.0357123983130068
W02000216,Neath Port Talbot 018,2025,0.03395439524716365,1.2204743667822912e-4,0.017936298903251845,0.05743181002280995,0.039495511119558104
W02000217,Neath Port Talbot 019,2021,0.021625762241594817,4.371673480412968e-5,0.011023865289357783,0.03635269402611355,0.025328828736755765
W02000217,Neath Port Talbot 019,2023,0.03090079060465082,8.655709128447362e-5,0.015347953745663324,0.05070652494995315,0.035358571204289826
W02000217,Neath Port Talbot 019,2025,0.03603692392007345,1.0635356303251967e-4,0.01830459767455086,0.05856962578269477,0.04026502810814391
W02000218,Bridgend 001,2021,0.022822687466505266,5.458922937692295e-5,0.011797364668807868,0.04039361512037508,0.02859625045156721
W02000218,Bridgend 001,2023,0.03248405323078632,1.1353174150101736e-4,0.016721714912166414,0.05902602931797708,0.04230431440581067
W02000218,Bridgend 001,2025,0.037533100092051075,1.3176506655938406e-4,0.019500567244694685,0.0661115897869765,0.04661102254228181
W02000219,Bridgend 002,2021,0.022367144644867196,5.579807214542652e-5,0.010026140326204032,0.03940367842158356,0.029377538095379525
W02000219,Bridgend 002,2023,0.031584064345315965,1.1084398535140028e-4,0.014388177252879037,0.05637205822562324,0.0419838809727442
W02000219,Bridgend 002,2025,0.036729996097803405,1.3738970501820085e-4,0.017638137287518004,0.06286181140474806,0.04522367411723005
W02000220,Bridgend 003,2021,0.02303039378518364,4.185242177015695e-5,0.013096929618896854,0.03792124692182909,0.024824317302932237
W02000220,Bridgend 003,2023,0.03252532365899435,7.015133778900585e-5,0.019160656625948326,0.052419250991241464,0.03325859436529314
W02000220,Bridgend 003,2025,0.037560062340974566,8.540818486866712e-5,0.02169485293609278,0.05873343711432878,0.037038584178236
W02000221,Bridgend 004,2021,0.02278010565593634,3.773534590076619e-5,0.012385716272195374,0.034262782373414055,0.02187706610121868
W02000221,Bridgend 004,2023,0.032186200188088473,6.747839704085947e-5,0.017650665122497633,0.05109831759285974,0.033447652470362105
W02000221,Bridgend 004,2025,0.03721609888300994,7.875982433389958e-5,0.02142226336312822,0.05507812436097081,0.03365586099784259
W02000222,Bridgend 005,2021,0.022654276969275154,4.7342788883496276e-5,0.012207793824938747,0.03730425490487835,0.0250964610799396
W02000222,Bridgend 005,2023,0.0319886541348184,8.779489394460304e-5,0.016983318532864763,0.053295756048058106,0.03631243751519334
W02000222,Bridgend 005,2025,0.0369168460476752,1.1215044922726158e-4,0.020440709273238426,0.06052466937126995,0.04008396009803152
W02000223,Bridgend 006,2021,0.022517748640208876,4.720803760756724e-5,0.011630334701606283,0.03774191134789108,0.026111576646284797
W02000223,Bridgend 006,2023,0.032031619405673714,9.026054075405234e-5,0.01701727348938607,0.05187952387291771,0.034862250383531634
W02000223,Bridgend 006,2025,0.036507564984340504,9.51332033976751e-5,0.0203373653239241,0.057338645782222974,0.037001280458298876
W02000224,Bridgend 007,2021,0.023924875028584765,5.394067771714835e-5,0.012550755751661346,0.040837623814649227,0.02828686806298788
W02000224,Bridgend 007,2023,0.03377610693261024,9.91779115843548e-5,0.018264330757369003,0.05675652483595266,0.038492194078583654
W02000224,Bridgend 007,2025,0.0388931926934151,1.1156321975819474e-4,0.021037227870594408,0.06026193224608976,0.03922470437549535
W02000225,Bridgend 008,2021,0.02598395492889743,7.719265477370692e-5,0.012069839309369872,0.04671514106799604,0.034645301758626165
W02000225,Bridgend 008,2023,0.036527268334528615,1.4784432461848861e-4,0.01844778749111981,0.06677040042541857,0.04832261293429876
W02000225,Bridgend 008,2025,0.04239940909950509,1.7709333086892839e-4,0.020058704994402182,0.07186106572125331,0.05180236072685113
W02000226,Bridgend 009,2021,0.02431745632495051,7.071034148021062e-5,0.01217232046571095,0.042371327074050204,0.030199006608339254
W02000226,Bridgend 009,2023,0.03414853650827568,1.2327998525132528e-4,0.017314047081820223,0.057733901389670716,0.04041985430785049
W02000226,Bridgend 009,2025,0.03944268019863694,1.470188442782811e-4,0.020678574658360045,0.06608014544493993,0.04540157078657988
W02000227,Bridgend 010,2021,0.026219055992373324,6.148487553310601e-5,0.014922437804917262,0.04642678475119874,0.03150434694628148
W02000227,Bridgend 010,2023,0.03721378268619571,1.1901960438650607e-4,0.020695469328604187,0.062407900406651284,0.0417124310780471
W02000227,Bridgend 010,2025,0.04301459045133689,1.4332170433799019e-4,0.025783665645301566,0.06988345920300697,0.0440997935577054
W02000228,Bridgend 011,2021,0.031532573789996354,8.947739105175326e-5,0.01647981460579393,0.053473274016564765,0.03699345941077083
W02000228,Bridgend 011,2023,0.04483233600644925,1.6507837971643677e-4,0.024532826149326906,0.07267545015539531,0.048142624006068405
W02000228,Bridgend 011,2025,0.05187280261221382,1.9991219821575317e-4,0.029269580510678732,0.08324934415326518,0.05397976364258645
W02000229,Bridgend 012,2021,0.02857708350173611,9.69755631588322e-5,0.013285352870608641,0.052058477000397535,0.038773124129788894
W02000229,Bridgend 012,2023,0.0404992322213259,1.869645166064016e-4,0.018982593254049905,0.07110357223887982,0.05212097898482992
W02000229,Bridgend 012,2025,0.04704549614485816,2.3332984781125675e-4,0.023106099556808243,0.07924571868170933,0.05613961912490109
W02000230,Bridgend 013,2021,0.026537825534613226,7.219943761974383e-5,0.013976978598132427,0.04500774722810009,0.03103076862996766
W02000230,Bridgend 013,2023,0.037761832018057426,1.3611401532815284e-4,0.02063780445168908,0.06597114392561076,0.04533333947392168
W02000230,Bridgend 013,2025,0.04361038368483131,1.6429986001356283e-4,0.024718817109442976,0.06934490897923931,0.04462609186979634
W02000231,Bridgend 014,2021,0.028957426072549947,8.156845617152956e-5,0.014811780928450598,0.05122529830393683,0.03641351737548623
W02000231,Bridgend 014,2023,0.04143064033458043,1.7013064039602763e-4,0.021922510043459915,0.07306876245245858,0.051146252408998664
W02000231,Bridgend 014,2025,0.04771177908455772,1.9725324336235389e-4,0.026043433547219788,0.07887462628208464,0.05283119273486485
W02000232,Bridgend 015,2021,0.025226238125163353,5.78937499845141e-5,0.012993105936037731,0.04194737543433032,0.028954269498292586
W02000232,Bridgend 015,2023,0.035747715474171306,1.1310761863373632e-4,0.018239558174835448,0.058377439667084474,0.040137881492249027
W02000232,Bridgend 015,2025,0.04136344966000974,1.3789050721185124e-4,0.019637164990060883,0.06670189450495378,0.047064729514892906
W02000233,Bridgend 016,2021,0.02773376605972157,1.2547799537120067e-4,0.01140639885364196,0.054778967209643585,0.043372568356001624
W02000233,Bridgend 016,2023,0.03912177718122764,2.1859774145476118e-4,0.01666457845087206,0.07359450408187679,0.05692992563100473
W02000233,Bridgend 016,2025,0.0451718673072658,2.6085306655978055e-4,0.02043223717308046,0.08086653179523148,0.060434294622151025
W02000234,Bridgend 017,2021,0.029631286071103283,1.4888964590425185e-4,0.012508537313125909,0.05747285439565347,0.044964317082527565
W02000234,Bridgend 017,2023,0.04140158306591202,2.508079949645523e-4,0.01811820748529388,0.07925547719590048,0.0611372697106066
W02000234,Bridgend 017,2025,0.04785399549396902,3.2403514016599857e-4,0.02173513158919974,0.08522295940737601,0.06348782781817627
W02000235,Bridgend 018,2021,0.02042089219307728,5.226827311654556e-5,0.009228675121959209,0.03779983805299486,0.028571162931035652
W02000235,Bridgend 018,2023,0.02898392102131581,1.0141902190051909e-4,0.013777387086311176,0.05192962977663454,0.038152242690323364
W02000235,Bridgend 018,2025,0.03331682877058052,1.2269027059827703e-4,0.01677956667864895,0.056062297790809,0.039282731112160046
W02000236,Bridgend 019,2021,0.022308390341747128,6.480454666807361e-5,0.009818123179023329,0.04107667115868672,0.03125854797966339
W02000236,Bridgend 019,2023,0.031232945564163297,1.0950274398187526e-4,0.013976163031737874,0.05619974867304644,0.04222358564130856
W02000236,Bridgend 019,2025,0.03594682948470499,1.3995354760187146e-4,0.016681616309559943,0.06279397773357151,0.046112361424011566
W02000237,Vale of Glamorgan 001,2021,0.026207910557728017,5.476080041683483e-5,0.014375337963940249,0.041603093036703,0.027227755072762753
W02000237,Vale of Glamorgan 001,2023,0.03715996352230324,1.077298176037146e-4,0.02053644675626307,0.05932851993872305,0.038792073182459974
W02000237,Vale of Glamorgan 001,2025,0.04312212149955342,1.2855549911088116e-4,0.02443883157162451,0.06841061139284602,0.04397177982122151
W02000238,Vale of Glamorgan 002,2021,0.02561422380443595,5.5125774188349264e-5,0.013743908416360567,0.042357347091910025,0.028613438675549458
W02000238,Vale of Glamorgan 002,2023,0.03625577680988746,1.0385451230200201e-4,0.020989641597311343,0.057325905352893405,0.03633626375558206
W02000238,Vale of Glamorgan 002,2025,0.042508199452500756,1.4529167205822868e-4,0.024450929664972205,0.06864412879022089,0.04419319912524868
W02000239,Vale of Glamorgan 003,2021,0.02685136531658648,5.297008654724131e-5,0.014300424053455328,0.04263421877637462,0.02833379472291929
W02000239,Vale of Glamorgan 003,2023,0.03863931117130696,9.819205143028847e-5,0.020917268897898147,0.060209736941391964,0.03929246804349382
W02000239,Vale of Glamorgan 003,2025,0.04465574418800583,1.2681016605709918e-4,0.02399488060202822,0.06790035777821254,0.04390547717618433
W02000240,Vale of Glamorgan 004,2021,0.03434123199100894,1.2125286209614825e-4,0.01780651933030123,0.060617102735436905,0.042810583405135674
W02000240,Vale of Glamorgan 004,2023,0.048757630360877095,2.3444872799680984e-4,0.027102473976384527,0.08664403462480777,0.05954156064842324
W02000240,Vale of Glamorgan 004,2025,0.0563115036368417,2.4082116725853263e-4,0.03183218564905046,0.09096337080675296,0.0591311851577025
W02000241,Vale of Glamorgan 005,2021,0.03367699692492745,1.3801457349745362e-4,0.015706475189622537,0.06284013028016695,0.047133655090544416
W02000241,Vale of Glamorgan 005,2023,0.047555808685832014,2.546978003035693e-4,0.02411803405117381,0.08797164228385577,0.06385360823268196
W02000241,Vale of Glamorgan 005,2025,0.05456593467954181,3.0448711364173127e-4,0.028740295677894875,0.10119786072455134,0.07245756504665646
W02000242,Vale of Glamorgan 006,2021,0.028885677935272715,1.034342278701657e-4,0.013055082154659819,0.053366982200503135,0.04031190004584331
W02000242,Vale of Glamorgan 006,2023,0.0410637831777048,1.800291141972063e-4,0.019227349175262417,0.07042299989453327,0.05119565071927085
W02000242,Vale of Glamorgan 006,2025,0.04772457294868683,2.2740335470546353e-4,0.02297791752445906,0.08068357180295989,0.05770565427850083
W02000243,Vale of Glamorgan 007,2021,0.035386889721281616,1.4604882083285898e-4,0.017782526116997682,0.059158647844063134,0.04137612172706545
W02000243,Vale of Glamorgan 007,2023,0.04977433241850139,2.6964112987294366e-4,0.027621678194227228,0.0908659912327012,0.06324431303847397
W02000243,Vale of Glamorgan 007,2025,0.05747358108217957,3.1888832900017934e-4,0.030775812679100453,0.09981011300771339,0.06903430032861294
W02000244,Vale of Glamorgan 008,2021,0.028984739514583108,7.156021358255542e-5,0.015900459277290994,0.04852979910112536,0.03262933982383436
W02000244,Vale of Glamorgan 008,2023,0.041634644637848814,1.4765039441191042e-4,0.02339528583859725,0.07050856778764791,0.047113281949050664
W02000244,Vale of Glamorgan 008,2025,0.04825477130193372,1.6576939400423594e-4,0.028328713816662944,0.07627798339341751,0.04794926957675457
W02000245,Vale of Glamorgan 009,2021,0.0351629331320134,1.0207405280991734e-4,0.018604804926352216,0.057718697755965345,0.039113892829613126
W02000245,Vale of Glamorgan 009,2023,0.049534818684990115,1.921577810776275e-4,0.02630583164514456,0.0801002598547717,0.05379442820962714
W02000245,Vale of Glamorgan 009,2025,0.056526691636097685,2.2529186627836604e-4,0.030978525873850832,0.09118209897472533,0.0602035731008745
W02000246,Vale of Glamorgan 010,2021,0.029035328366872292,1.0385105279062425e-4,0.013539777793896948,0.0531720833935087,0.039632305599611756
W02000246,Vale of Glamorgan 010,2023,0.04078708443629529,2.102096248612743e-4,0.019623548774994566,0.07180869028732328,0.05218514151232872
W02000246,Vale of Glamorgan 010,2025,0.04701820998406643,2.3790760608491707e-4,0.023382565882353473,0.08168120932954488,0.058298643447191406
W02000247,Vale of Glamorgan 011,2021,0.02541467703495646,7.455475386267628e-5,0.011588670712892445,0.04668801924384222,0.03509934853094977
W02000247,Vale of Glamorgan 011,2023,0.035749899683841534,1.4029015925911574e-4,0.016346374769194906,0.06253772811144236,0.04619135334224745
W02000247,Vale of Glamorgan 011,2025,0.041860708330813574,1.8190041685963698e-4,0.020007093653870434,0.07566364982191555,0.055656556168045115
W02000248,Vale of Glamorgan 012,2021,0.03985747518925618,1.8885811357383556e-4,0.018492277702403664,0.07439237430007539,0.05590009659767173
W02000248,Vale of Glamorgan 012,2023,0.05626369852649139,3.6027788746465e-4,0.026961052449607652,0.10314489651101313,0.07618384406140548
W02000248,Vale of Glamorgan 012,2025,0.06504202516334215,4.236474780926097e-4,0.033231053757748555,0.11393435380749549,0.08070330004974693
W02000249,Vale of Glamorgan 013,2021,0.0436642278801812,2.8863987081191773e-4,0.02013031411600155,0.08764272338071144,0.06751240926470989
W02000249,Vale of Glamorgan 013,2023,0.060772495563727894,4.922415161935056e-4,0.029802962480050314,0.11535768964382997,0.08555472716377965
W02000249,Vale of Glamorgan 013,2025,0.06982475738910969,5.591748360279028e-4,0.035665516366151576,0.12311346469264373,0.08744794832649215
W02000250,Vale of Glamorgan 014,2021,0.028009278476298947,7.902851827499221e-5,0.01262849637674799,0.04692607449815554,0.03429757812140755
W02000250,Vale of Glamorgan 014,2023,0.039154503556574634,1.312047113355e-4,0.019930894200672525,0.06255601704557057,0.04262512284489804
W02000250,Vale of Glamorgan 014,2025,0.04452717723808171,1.6823215389017457e-4,0.022667882473316074,0.0720453114282229,0.04937742895490683
W02000251,Vale of Glamorgan 015,2021,0.034848751458552485,1.2106069218150518e-4,0.018810622309459787,0.060026040988022916,0.041215418678563126
W02000251,Vale of Glamorgan 015,2023,0.049193863234237266,2.0918699543291878e-4,0.027071383886399392,0.08297601585559683,0.05590463196919744
W02000251,Vale of Glamorgan 015,2025,0.05686234876805899,2.646006135608993e-4,0.03159196018193686,0.09645438683779142,0.06486242665585457
W02000252,Rhondda Cynon Taf 001,2021,0.02325144432426267,3.454316923953065e-5,0.013065894125877525,0.036415101160035816,0.02334920703415829
W02000252,Rhondda Cynon Taf 001,2023,0.03313113672112851,6.96185203327777e-5,0.0195878102130526,0.05087290391711241,0.03128509370405981
W02000252,Rhondda Cynon Taf 001,2025,0.03902892621524508,7.90337322215604e-5,0.024068647574773956,0.058087427389316326,0.03401877981454237
W02000253,Rhondda Cynon Taf 002,2021,0.02402504348973877,5.515475564349189e-5,0.01161638820355268,0.04020861401166638,0.0285922258081137
W02000253,Rhondda Cynon Taf 002,2023,0.033944107071574976,9.661090121505493e-5,0.01713054871788875,0.05596056195613438,0.03883001323824563
W02000253,Rhondda Cynon Taf 002,2025,0.03931686181493631,1.1831214338320376e-4,0.020969681804525738,0.06235540252372269,0.04138572071919695
W02000254,Rhondda Cynon Taf 003,2021,0.02425712979040264,5.2527280255592795e-5,0.013589029223706181,0.040892955459160905,0.027303926235454724
W02000254,Rhondda Cynon Taf 003,2023,0.034790903149282286,9.747984646696418e-5,0.018990321543223068,0.05692343977852722,0.03793311823530415
W02000254,Rhondda Cynon Taf 003,2025,0.040063454028930884,1.1021196101710954e-4,0.022798796253052582,0.06464214593424229,0.04184334968118971
W02000255,Rhondda Cynon Taf 004,2021,0.024897703129276267,5.5487398179887404e-5,0.01268642754958767,0.0408528857885479,0.02816645823896023
W02000255,Rhondda Cynon Taf 004,2023,0.035729652790425843,9.430584571608498e-5,0.018731607919064076,0.05439142757596664,0.03565981965690257
W02000255,Rhondda Cynon Taf 004,2025,0.04158674964754984,1.3311757737350673e-4,0.022526725551288762,0.06534948734357734,0.04282276179228858
W02000256,Rhondda Cynon Taf 005,2021,0.024012273767645906,4.502716788507789e-5,0.012510837447132623,0.038073408641525766,0.025562571194393143
W02000256,Rhondda Cynon Taf 005,2023,0.03416925790052673,8.760931031000936e-5,0.0183836004623891,0.055795417320305705,0.037411816857916606
W02000256,Rhondda Cynon Taf 005,2025,0.03974242301879415,1.1421308663550447e-4,0.0218355767909705,0.06125276931315994,0.03941719252218944
W02000257,Rhondda Cynon Taf 006,2021,0.02446845268746379,4.399787091320689e-5,0.013595708925688009,0.03916821637121323,0.025572507445525222
W02000257,Rhondda Cynon Taf 006,2023,0.03480869281813886,8.011812612206752e-5,0.018742456461635002,0.056334726694951244,0.03759227023331624
W02000257,Rhondda Cynon Taf 006,2025,0.04037496215384939,9.648171399668801e-5,0.022275382447328147,0.06180463759070548,0.03952925514337734
W02000258,Rhondda Cynon Taf 007,2021,0.024114233100712576,4.796462081560703e-5,0.013413221203669855,0.04113013975439122,0.027716918550721364
W02000258,Rhondda Cynon Taf 007,2023,0.03373159596566528,8.187343664966012e-5,0.019476988064308094,0.053384096185232315,0.03390710812092422
W02000258,Rhondda Cynon Taf 007,2025,0.03934459853329015,1.1448086395198198e-4,0.02311693307847369,0.06441955264962454,0.04130261957115085
W02000259,Rhondda Cynon Taf 008,2021,0.026836250076909474,7.432491017674201e-5,0.014030644265834476,0.04740382490139129,0.03337318063555682
W02000259,Rhondda Cynon Taf 008,2023,0.03828711524148971,1.312277545055962e-4,0.020655073340093137,0.0624454193924817,0.041790346052388565
W02000259,Rhondda Cynon Taf 008,2025,0.04441989892891011,1.4783123474843753e-4,0.024432340231116314,0.0701319111633156,0.045699570932199285
W02000260,Rhondda Cynon Taf 009,2021,0.025332208726683497,7.341534124148623e-5,0.013714144592388554,0.04580072990223598,0.032086585309847426
W02000260,Rhondda Cynon Taf 009,2023,0.03588539873966192,1.2507602818505307e-4,0.019481145755828676,0.06146586541632515,0.041984719660496474
W02000260,Rhondda Cynon Taf 009,2025,0.041700191610090614,1.7089193116563435e-4,0.023702087545620913,0.0746285713633502,0.05092648381772929
W02000261,Rhondda Cynon Taf 010,2021,0.02402297688499346,5.555860691237679e-5,0.012375290625586895,0.038818086772050425,0.02644279614646353
W02000261,Rhondda Cynon Taf 010,2023,0.034235320195620415,1.0154894578147195e-4,0.019161328287913434,0.05731482416871349,0.038153495880800053
W02000261,Rhondda Cynon Taf 010,2025,0.039761915580954516,1.3931218864279856e-4,0.02176259430375567,0.06649857282954408,0.04473597852578841
W02000262,Rhondda Cynon Taf 011,2021,0.022493431668293696,5.5403100823426036e-5,0.01024605985329112,0.03824264097864939,0.027996581125358272
W02000262,Rhondda Cynon Taf 011,2023,0.03219031660137836,1.0716707639966134e-4,0.014823507995260308,0.05647288788797168,0.04164937989271138
W02000262,Rhondda Cynon Taf 011,2025,0.03738827504104319,1.3674439201958544e-4,0.018425274056098544,0.06411542636029262,0.04569015230419407
W02000263,Rhondda Cynon Taf 012,2021,0.02563028518451787,6.185512077847637e-5,0.013539607672192843,0.045090880235759224,0.03155127256356638
W02000263,Rhondda Cynon Taf 012,2023,0.03599192679819068,1.0296615479124759e-4,0.018988941144212814,0.058897526453429855,0.03990858530921704
W02000263,Rhondda Cynon Taf 012,2025,0.04174584768729427,1.3016886464347997e-4,0.021687797505725238,0.06639971228132115,0.04471191477559591
W02000264,Rhondda Cynon Taf 013,2021,0.026099574657322665,5.893954081449083e-5,0.013554463450118352,0.04385438598327897,0.030299922533160616
W02000264,Rhondda Cynon Taf 013,2023,0.03665097874159224,9.467055828565622e-5,0.019818102394563813,0.06036588820538213,0.04054778581081832
W02000264,Rhondda Cynon Taf 013,2025,0.04295897626457408,1.342391273423505e-4,0.024701328554807795,0.06843766443820337,0.04373633588339558
W02000265,Rhondda Cynon Taf 014,2021,0.024141863261650274,5.3791667572621044e-5,0.011984394713891275,0.04023468536661026,0.028250290652718987
W02000265,Rhondda Cynon Taf 014,2023,0.03420215748968014,9.9346156988779175e-05,0.018463037587784174,0.057037653584657816,0.038574615996873646
W02000265,Rhondda Cynon Taf 014,2025,0.039497953816336084,1.2496615918011097e-4,0.021327166653734037,0.06396219307338921,0.04263502641965518
W02000266,Rhondda Cynon Taf 015,2021,0.025227777254563093,5.0862537579929656e-5,0.014487193208958658,0.04300421850009803,0.02851702529113937
W02000266,Rhondda Cynon Taf 015,2023,0.036090600190019625,9.786107011120512e-5,0.020202877153594964,0.06024831745634935,0.040045440302754386
W02000266,Rhondda Cynon Taf 015,2025,0.04167954144226605,1.1971781911561384e-4,0.024501524231784706,0.06536540190899698,0.04086387767721227
W02000267,Rhondda Cynon Taf 016,2021,0.02489787739830808,7.896485651829231e-5,0.011774167267988307,0.044211317962581057,0.03243715069459275
W02000267,Rhondda Cynon Taf 016,2023,0.035238169209272925,1.3251391432519846e-4,0.018220218938661138,0.06087181463977537,0.04265159570111423
W02000267,Rhondda Cynon Taf 016,2025,0.04127027883006477,1.7272954143916495e-4,0.021107166688380103,0.06968410888811588,0.04857694219973578
W02000268,Rhondda Cynon Taf 017,2021,0.02633858304757046,6.47739951632413e-5,0.014247258086592354,0.044479892885147726,0.030232634798555372
W02000268,Rhondda Cynon Taf 017,2023,0.03759725231099444,1.1764870422664061e-4,0.0223005191083022,0.06384650798911848,0.04154598888081628
W02000268,Rhondda Cynon Taf 017,2025,0.04382413085016911,1.4923905525546016e-4,0.02480088014475868,0.07528691796819145,0.05048603782343277
W02000269,Rhondda Cynon Taf 018,2021,0.02487806290574957,5.918714738686578e-5,0.01247248090984245,0.04272940845671113,0.030256927546868678
W02000269,Rhondda Cynon Taf 018,2023,0.03515904874823477,1.0046470678645531e-4,0.018160289689654316,0.057319227433075826,0.03915893774342151
W02000269,Rhondda Cynon Taf 018,2025,0.04072497918549257,1.2563165068798626e-4,0.02138164496715791,0.06360251862622948,0.04222087365907157
W02000270,Rhondda Cynon Taf 019,2021,0.026521082907905065,6.451254272635125e-5,0.013263981905113062,0.04708963643391122,0.033825654528798155
W02000270,Rhondda Cynon Taf 019,2023,0.03745237277506848,1.1167451534416817e-4,0.02026318055140315,0.060718736467207005,0.040455555915803854
W02000270,Rhondda Cynon Taf 019,2025,0.043265115814744376,1.396132994338707e-4,0.022354595737116227,0.07218537930622221,0.04983078356910598
W02000271,Rhondda Cynon Taf 020,2021,0.026204069441924917,8.070753637802808e-5,0.01310521179274086,0.045397424723218324,0.03229221293047747
W02000271,Rhondda Cynon Taf 020,2023,0.03716048959556492,1.460139232955585e-4,0.01896321349512739,0.06635734133898193,0.047394127843854536
W02000271,Rhondda Cynon Taf 020,2025,0.04327622938703158,1.6573106531753338e-4,0.023409735789101216,0.07072560015057947,0.04731586436147825
W02000272,Rhondda Cynon Taf 021,2021,0.02776963207372159,5.676073961493103e-5,0.016688146269896724,0.04481769050014704,0.028129544230250318
W02000272,Rhondda Cynon Taf 021,2023,0.039314873831387466,1.0584314346365958e-4,0.024247452954620774,0.06560002721706189,0.041352574262441114
W02000272,Rhondda Cynon Taf 021,2025,0.04575888279963204,1.4070766787663568e-4,0.028687791833458345,0.07425389842718569,0.04556610659372734
W02000273,Rhondda Cynon Taf 022,2021,0.03405918711249359,1.3307681991847818e-4,0.01708292383298178,0.05925031968334637,0.04216739585036459
W02000273,Rhondda Cynon Taf 022,2023,0.047391171024411205,2.4036313916638556e-4,0.02426071104819397,0.08438211363989792,0.060121402591703954
W02000273,Rhondda Cynon Taf 022,2025,0.05365124923737767,2.592148771633798e-4,0.02780438302990665,0.09468042588864498,0.06687604285873833
W02000274,Rhondda Cynon Taf 023,2021,0.029017853367319484,8.386784205415807e-5,0.015678320553107406,0.05323001689174236,0.03755169633863495
W02000274,Rhondda Cynon Taf 023,2023,0.04096825223402846,1.5949684184118795e-4,0.021944777702565026,0.07327714633994492,0.051332368637379895
W02000274,Rhondda Cynon Taf 023,2025,0.0471720670104378,1.880961497839658e-4,0.026409228278665584,0.0831073672345521,0.05669813895588652
W02000275,Rhondda Cynon Taf 024,2021,0.024961278856448565,4.920019810007986e-5,0.01432763385579781,0.04079764786017775,0.026470014004379937
W02000275,Rhondda Cynon Taf 024,2023,0.03574141260617852,8.326719881114702e-5,0.01950969357600995,0.054886969956135505,0.035377276380125555
W02000275,Rhondda Cynon Taf 024,2025,0.04125695172755906,1.0455786627778251e-4,0.023355864447055966,0.06539359107488749,0.04203772662783152
W02000276,Rhondda Cynon Taf 025,2021,0.02861561331559907,7.714930572504012e-5,0.015700365945707364,0.05076649428950737,0.035066128343800004
W02000276,Rhondda Cynon Taf 025,2023,0.04107740552976468,1.445790069693958e-4,0.021299311074088046,0.06873590088868478,0.04743658981459674
W02000276,Rhondda Cynon Taf 025,2025,0.047454963424968175,1.6574062521360606e-4,0.02676665528298754,0.07850038807106519,0.05173373278807765
W02000277,Rhondda Cynon Taf 026,2021,0.027255690393225538,6.528397599480447e-5,0.014483549480669962,0.045433418038600945,0.030949868557930985
W02000277,Rhondda Cynon Taf 026,2023,0.03868498066135009,1.3024473336373268e-4,0.021309955454862327,0.06747161320372538,0.04616165774886306
W02000277,Rhondda Cynon Taf 026,2025,0.04429069479414935,1.4391337622379007e-4,0.02662866228433044,0.071450286537496,0.044821624253165555
W02000278,Rhondda Cynon Taf 027,2021,0.03281837435891217,1.0052113465176497e-4,0.018386966582985772,0.055019572113031184,0.03663260553004541
W02000278,Rhondda Cynon Taf 027,2023,0.046287660026475295,1.6999863354907942e-4,0.025489076612990498,0.07963622254683275,0.054147145933842254
W02000278,Rhondda Cynon Taf 027,2025,0.05289328850903512,1.9654195640619749e-4,0.03074348181733236,0.08579750260931034,0.05505402079197798
W02000279,Rhondda Cynon Taf 028,2021,0.027528252148073053,7.709820870576933e-5,0.015298414174862187,0.05208342645943584,0.03678501228457365
W02000279,Rhondda Cynon Taf 028,2023,0.03910978713974714,1.314637195377978e-4,0.022902212321635623,0.06242286980984951,0.03952065748821389
W02000279,Rhondda Cynon Taf 028,2025,0.04537777370564371,1.6143923104831076e-4,0.027369564785650065,0.07797713284582,0.05060756806016994
W02000280,Rhondda Cynon Taf 029,2021,0.02791047529179775,6.838312660404986e-5,0.01380165142886316,0.046774188269227884,0.032972536840364726
W02000280,Rhondda Cynon Taf 029,2023,0.03993491150670835,1.2975701042796512e-4,0.01959659190416655,0.0646253175958308,0.04502872569166425
W02000280,Rhondda Cynon Taf 029,2025,0.04577451097113215,1.4671272867076914e-4,0.022086142312641832,0.07057528187476364,0.04848913956212181
W02000281,Rhondda Cynon Taf 030,2021,0.027865240101380917,6.253553812424603e-5,0.01479529743116182,0.04778421935184832,0.0329889219206865
W02000281,Rhondda Cynon Taf 030,2023,0.039545977334889244,1.1598574461550617e-4,0.02191428992519527,0.0657830006412127,0.04386871071601743
W02000281,Rhondda Cynon Taf 030,2025,0.04573203999788688,1.3201918413322677e-4,0.02620283838317583,0.0724714318568232,0.04626859347364737
W02000282,Rhondda Cynon Taf 031,2021,0.031122779461522608,8.451542739415478e-5,0.017575757468469975,0.05232682174835291,0.034751064279882934
W02000282,Rhondda Cynon Taf 031,2023,0.044421713922849625,1.6823078310630323e-4,0.02392520230291651,0.07278957422232868,0.04886437191941217
W02000282,Rhondda Cynon Taf 031,2025,0.05110696123610034,2.096443523699601e-4,0.029852837395887726,0.07772000672459715,0.04786716932870943
W02000284,Merthyr Tydfil 002,2021,0.028909006635488566,6.399298690288546e-5,0.016503350914699434,0.04590516677230577,0.029401815857606338
W02000284,Merthyr Tydfil 002,2023,0.04104315334210549,1.1384144138450888e-4,0.024330380315767813,0.0655860443277207,0.04125566401195288
W02000284,Merthyr Tydfil 002,2025,0.047252763297450935,1.44596147481133e-4,0.029462720102877076,0.07408125010799058,0.044618530005113496
W02000285,Merthyr Tydfil 003,2021,0.026707970486870337,5.8069099088515844e-5,0.015145494511644774,0.04281682987069614,0.027671335359051367
W02000285,Merthyr Tydfil 003,2023,0.037914982846253914,1.2283901278974002e-4,0.022446277163008906,0.06153386178512605,0.039087584622117144
W02000285,Merthyr Tydfil 003,2025,0.04400687491387197,1.4010602268001282e-4,0.026895515603677908,0.07312059536667004,0.04622507976299213
W02000286,Merthyr Tydfil 004,2021,0.02499388069251476,8.415220481555555e-5,0.012300012208416027,0.04785911025135227,0.03555909804293624
W02000286,Merthyr Tydfil 004,2023,0.035707468526162654,1.524370578893497e-4,0.017544586773545985,0.06656106345584954,0.04901647668230356
W02000286,Merthyr Tydfil 004,2025,0.04134424603737757,1.876591098446863e-4,0.0215596249706258,0.07255105839357233,0.05099143342294653
W02000287,Merthyr Tydfil 005,2021,0.03003626772841653,7.274821324102873e-5,0.017122656267026096,0.047435929591642195,0.0303132733246161
W02000287,Merthyr Tydfil 005,2023,0.04244726859042095,1.2523780113264687e-4,0.025113614211969892,0.06602741600482791,0.040913801792858015
W02000287,Merthyr Tydfil 005,2025,0.04905697042100208,1.5778430971486265e-4,0.03128574151138149,0.07888513662904584,0.047599395117664346
W02000288,Merthyr Tydfil 006,2021,0.025995760157552162,5.3162194091381236e-5,0.015094903900596486,0.04228032458863716,0.027185420688040675
W02000288,Merthyr Tydfil 006,2023,0.0370362442248116,1.0730580165947082e-4,0.022559734840355915,0.05719356719564195,0.03463383235528603
W02000288,Merthyr Tydfil 006,2025,0.042808581276118175,1.1979824812494555e-4,0.026078312036101087,0.06592742116065362,0.03984910912455253
W02000289,Merthyr Tydfil 007,2021,0.0305234039561751,8.332372192746739e-5,0.01738358202970838,0.052746440849729875,0.03536285882002149
W02000289,Merthyr Tydfil 007,2023,0.04303072381954398,1.4599394675114956e-4,0.0259532850105891,0.07070659038321567,0.04475330537262657
W02000289,Merthyr Tydfil 007,2025,0.04935409786208302,1.7246902831769906e-4,0.030475187266891725,0.07760241965941342,0.047127232392521694
W02000290,Caerphilly 001,2021,0.026618384321445376,6.462442789523942e-5,0.015315345287889862,0.04826578516985271,0.03295043988196285
W02000290,Caerphilly 001,2023,0.03763092824942707,1.2370559039007848e-4,0.02181919907240895,0.06667883237046862,0.04485963329805967
W02000290,Caerphilly 001,2025,0.043248451054116614,1.366276094780967e-4,0.024275699197537443,0.0737502827919087,0.04947458359437126
W02000291,Caerphilly 002,2021,0.024791565454905157,5.269238790927838e-5,0.013838226645136835,0.0435634794842579,0.029725252839121065
W02000291,Caerphilly 002,2023,0.035193290483272355,9.844946718765676e-5,0.01980944134861181,0.05724278307500709,0.03743334172639528
W02000291,Caerphilly 002,2025,0.04096189958483408,1.1537433022829475e-4,0.022560690164675087,0.06841698350946637,0.045856293344791285
W02000292,Caerphilly 003,2021,0.024385605407524068,5.449328214426114e-5,0.013077423169480951,0.03915635620332794,0.02607893303384699
W02000292,Caerphilly 003,2023,0.03444396024466876,9.534742261363638e-5,0.01750774654216907,0.05595035893819155,0.03844261239602248
W02000292,Caerphilly 003,2025,0.040340512538960614,1.318444849479422e-4,0.02186681607629408,0.06424662988152857,0.04237981380523449
W02000293,Caerphilly 004,2021,0.0253196342019858,5.165002647152976e-5,0.012646679748329273,0.04043829533971554,0.027791615591386265
W02000293,Caerphilly 004,2023,0.03526916212325517,8.002430398353674e-5,0.018150925558430078,0.05264739383202452,0.03449646827359444
W02000293,Caerphilly 004,2025,0.040857146007827805,1.1248960056745437e-4,0.020732009359912443,0.0635408573632879,0.04280884800337546
W02000294,Caerphilly 005,2021,0.024417494532468907,5.001877297511718e-5,0.013879890409640133,0.03993206895621462,0.02605217854657449
W02000294,Caerphilly 005,2023,0.034866915012405776,1.0484724813772159e-4,0.0193164293835176,0.059972828971845055,0.04065639958832745
W02000294,Caerphilly 005,2025,0.04030368960828315,1.201527179713451e-4,0.021605541315936127,0.06289350538623714,0.04128796407030101
W02000295,Caerphilly 006,2021,0.024365799378378534,5.316795494994547e-5,0.012757271030896992,0.04132424344495988,0.028566972414062884
W02000295,Caerphilly 006,2023,0.034722957997553844,1.0038022826164255e-4,0.01752716362432326,0.05736990838725215,0.039842744762928886
W02000295,Caerphilly 006,2025,0.04025068079325827,1.1308958875648616e-4,0.020712759675927436,0.0648703341145799,0.04415757443865247
W02000296,Caerphilly 007,2021,0.027548325901149546,6.579852606323324e-5,0.014268913869465095,0.04726832217117749,0.0329994083017124
W02000296,Caerphilly 007,2023,0.0386150989176996,1.117526858739822e-4,0.02162081306726537,0.06380055029343035,0.04217973722616498
W02000296,Caerphilly 007,2025,0.04474784770162063,1.3210735092815005e-4,0.02526431265254831,0.06874025127870807,0.04347593862615976
W02000297,Caerphilly 008,2021,0.026165414233973103,4.327112394410795e-5,0.014848992849615505,0.03797485203650412,0.023125859186888618
W02000297,Caerphilly 008,2023,0.0367744012564211,8.572951240187819e-5,0.022277334375028615,0.05885264881569018,0.03657531444066157
W02000297,Caerphilly 008,2025,0.042388165640378284,9.309360317845453e-5,0.02506039649179339,0.06503083692621998,0.039970440434426595
W02000298,Caerphilly 009,2021,0.025990159649481037,5.7553988839162614e-5,0.012573450085396941,0.04329507325136464,0.0307216231659677
W02000298,Caerphilly 009,2023,0.0364318308626136,9.837882689440654e-5,0.01907060926445576,0.0563926061422379,0.037321996877782135
W02000298,Caerphilly 009,2025,0.04211900682846986,1.147141625245275e-4,0.022821789879323186,0.06776529242996933,0.04494350255064614
W02000299,Caerphilly 010,2021,0.02479299341515339,6.763505781322134e-5,0.010926368501216189,0.04500726453997409,0.0340808960387579
W02000299,Caerphilly 010,2023,0.035320432662223955,1.378930404709683e-4,0.016505313373908766,0.0618485414554938,0.04534322808158504
W02000299,Caerphilly 010,2025,0.040896542273913414,1.6303366407685786e-4,0.019165372818015274,0.06977853209424185,0.05061315927622658
W02000300,Caerphilly 011,2021,0.024575815183223215,4.794686820952148e-5,0.013394036665644147,0.03925953210615667,0.025865495440512518
W02000300,Caerphilly 011,2023,0.034924499487884966,9.775431489736182e-5,0.01909913134479857,0.059487238794903946,0.040388107450105376
W02000300,Caerphilly 011,2025,0.04033366099246092,1.1315574471391369e-4,0.0224535651130031,0.06470090195659546,0.04224733684359236
W02000301,Caerphilly 012,2021,0.027125367382491647,5.028890096436493e-5,0.016272539347279992,0.04190166040624335,0.02562912105896336
W02000301,Caerphilly 012,2023,0.03835288752599938,1.0707337122588174e-4,0.02319253665685186,0.06132143328583173,0.038128896628979864
W02000301,Caerphilly 012,2025,0.04459412576493072,1.2156842234816725e-4,0.025938968144489493,0.067849069082384,0.041910100937894504
W02000302,Caerphilly 013,2021,0.02739449128987168,5.82611725697585e-5,0.0158246533337453,0.045020721202463185,0.029196067868717885
W02000302,Caerphilly 013,2023,0.03891196415899196,1.0371661757354538e-4,0.022659583005466062,0.06081102551287304,0.03815144250740698
W02000302,Caerphilly 013,2025,0.04462239652478714,1.1629077341476329e-4,0.025615788676668493,0.06865313211227193,0.04303734343560344
W02000303,Caerphilly 014,2021,0.023829733733465603,4.664727737303746e-5,0.012346317470697182,0.039194873684426944,0.026848556213729762
W02000303,Caerphilly 014,2023,0.03365174511287368,8.172761275042082e-5,0.017824651266570582,0.05273087001177654,0.034906218745205955
W02000303,Caerphilly 014,2025,0.03913696887265028,9.99789366979689e-5,0.021174477869992398,0.05833125394527311,0.037156776075280715
W02000304,Caerphilly 015,2021,0.023562101805372746,3.970086094331529e-5,0.012776208338120132,0.03612535855450216,0.02334915021638203
W02000304,Caerphilly 015,2023,0.03326877377148374,6.918372885010246e-5,0.01805814804948408,0.05203916979190659,0.03398102174242251
W02000304,Caerphilly 015,2025,0.038545999093423794,8.149538568636097e-5,0.02101542913417196,0.05681371308616254,0.03579828395199058
W02000305,Caerphilly 016,2021,0.02415790920182558,7.492946209814272e-5,0.010925257807857051,0.04551421433205621,0.03458895652419916
W02000305,Caerphilly 016,2023,0.03470679770499058,1.590997201568724e-4,0.015140728078200827,0.06335827538064157,0.04821754730244074
W02000305,Caerphilly 016,2025,0.04015360480817942,1.8979047331009374e-4,0.019244591826345823,0.07591737148400854,0.056672779657662715
W02000306,Caerphilly 017,2021,0.02260932853976159,4.6777033901488255e-5,0.011174300308074795,0.038649477422126426,0.027475177114051633
W02000306,Caerphilly 017,2023,0.03239322698514539,9.300919545546818e-5,0.016591151648079776,0.054332684408386546,0.03774153276030677
W02000306,Caerphilly 017,2025,0.03750871939386572,1.0648782362040045e-4,0.019708468810353413,0.057511047303160985,0.037802578492807576
W02000307,Caerphilly 018,2021,0.028450805737609365,7.85236597794943e-5,0.01561550860972456,0.04873974852672379,0.033124239916999226
W02000307,Caerphilly 018,2023,0.04040722052745159,1.500967667134995e-4,0.022627585768774612,0.06680736617452582,0.044179780405751205
W02000307,Caerphilly 018,2025,0.04677794317261727,1.91286527779712e-4,0.02682286423590479,0.07794015395757273,0.05111728972166794
W02000308,Caerphilly 019,2021,0.026129724511539082,4.835264089050008e-5,0.01465289991942665,0.04101966560282219,0.026366765683395542
W02000308,Caerphilly 019,2023,0.03719970517130059,9.747156693647765e-5,0.020538532185004447,0.06101490193942008,0.04047636975441563
W02000308,Caerphilly 019,2025,0.04341151665843473,1.0973145706825733e-4,0.02429871713596088,0.06674388127136915,0.042445164135408275
W02000309,Caerphilly 020,2021,0.02400264887430786,6.13860595921219e-5,0.012781901586346687,0.04253618469894306,0.029754283112596376
W02000309,Caerphilly 020,2023,0.034134791425563096,1.3198095117758938e-4,0.016706720635995837,0.05764692652598031,0.04094020588998447
W02000309,Caerphilly 020,2025,0.03976838722891273,1.4454085674451195e-4,0.02111804695927505,0.06513837540280291,0.044020328443527865
W02000310,Caerphilly 021,2021,0.02456069422071732,4.4835119533459886e-5,0.013464148596539834,0.040704341717814285,0.02724019312127445
W02000310,Caerphilly 021,2023,0.03416758077739651,8.373030887988497e-5,0.018649987452448485,0.054126761426241315,0.03547677397379283
W02000310,Caerphilly 021,2025,0.03924184077297957,9.64562950676447e-5,0.022543685527701224,0.059992591409843754,0.03744890588214253
W02000311,Caerphilly 022,2021,0.0278954125013127,7.621633895112263e-5,0.013906519735358914,0.04785471656839835,0.033948196833039436
W02000311,Caerphilly 022,2023,0.039262090366101406,1.3652227535946503e-4,0.020197301031713816,0.06541679782457446,0.04521949679286065
W02000311,Caerphilly 022,2025,0.04572948085431035,1.6151774180757077e-4,0.024613995102811932,0.07217362255143712,0.04755962744862519
W02000312,Caerphilly 023,2021,0.02799140366936389,7.934380887667171e-5,0.015081653803503271,0.04602519308162972,0.03094353927812645
W02000312,Caerphilly 023,2023,0.0395092171408393,1.5982593075837122e-4,0.021982968132665075,0.06984930461197386,0.04786633647930878
W02000312,Caerphilly 023,2025,0.04571223140436618,1.5369966643549317e-4,0.025976674603105442,0.07587399890981616,0.04989732430671072
W02000313,Caerphilly 024,2021,0.028406308190098737,6.669479054891811e-5,0.01466877660261949,0.04813161051362255,0.03346283391100306
W02000313,Caerphilly 024,2023,0.0398401350613272,1.1887181912533838e-4,0.021605271124327648,0.06325297668204433,0.04164770555771668
W02000313,Caerphilly 024,2025,0.04604623858211228,1.3492659973610288e-4,0.025253976097774813,0.07250926691565526,0.04725529081788045
W02000314,Blaenau Gwent 001,2021,0.023936397937595166,5.4386983420641386e-5,0.012957126372074598,0.04155112118419706,0.028593994812122457
W02000314,Blaenau Gwent 001,2023,0.033770012303600584,9.747452884379847e-5,0.018618416289969762,0.05632074093114635,0.037702324641176586
W02000314,Blaenau Gwent 001,2025,0.03911729674877771,1.1883445642403043e-4,0.022511436905191876,0.06349143163300461,0.04097999472781273
W02000315,Blaenau Gwent 002,2021,0.023748493722448145,5.5422407391145835e-5,0.011711814201648607,0.0427959900356521,0.03108417583400349
W02000315,Blaenau Gwent 002,2023,0.03374658805750959,1.0235646266929577e-4,0.017689137144758782,0.05823806153799421,0.04054892439323543
W02000315,Blaenau Gwent 002,2025,0.03940503144915627,1.3443802314499605e-4,0.02016008592244215,0.06507135493142711,0.04491126900898496
W02000316,Blaenau Gwent 003,2021,0.0236125179312825,3.938301093518656e-5,0.01352799605303117,0.03967251953585657,0.0261445234828254
W02000316,Blaenau Gwent 003,2023,0.033609507444275155,7.327662907754821e-5,0.019390535510011526,0.053768410073579076,0.03437787456356755
W02000316,Blaenau Gwent 003,2025,0.03870031514299975,7.848957414782346e-5,0.02322558607538162,0.060361693514519754,0.03713610743913813
W02000317,Blaenau Gwent 004,2021,0.025532254366942397,5.672624484032249e-5,0.013770601299989166,0.045570954492117934,0.03180035319212877
W02000317,Blaenau Gwent 004,2023,0.035886491640331114,8.931478165335602e-5,0.021549560012487604,0.057959139665395294,0.03640957965290769
W02000317,Blaenau Gwent 004,2025,0.041268660674042085,1.1080891696573151e-4,0.02255137722404811,0.06425766782365716,0.04170629059960905
W02000318,Blaenau Gwent 005,2021,0.025176924158352154,4.22883095491579e-5,0.014123927412417348,0.039897293905868755,0.025773366493451407
W02000318,Blaenau Gwent 005,2023,0.03573679483313241,8.505017767604381e-5,0.02008744957875592,0.056603736282386186,0.03651628670363027
W02000318,Blaenau Gwent 005,2025,0.04177028646638879,1.0858860845035715e-4,0.024997909174139375,0.06764803982577317,0.04265013065163379
W02000319,Blaenau Gwent 006,2021,0.02433230378349701,4.6347097989744135e-5,0.013403041123757942,0.04068666367460322,0.027283622550845276
W02000319,Blaenau Gwent 006,2023,0.03452337591538722,9.140222421777825e-5,0.019170473859045863,0.056159068462500225,0.03698859460345436
W02000319,Blaenau Gwent 006,2025,0.03981550775306653,1.0292563590254782e-4,0.022791088783802774,0.06340844292148681,0.04061735413768404
W02000320,Blaenau Gwent 007,2021,0.024688045141846856,5.140212280634376e-5,0.013529352004119224,0.03945411227009295,0.025924760265973724
W02000320,Blaenau Gwent 007,2023,0.03488174440215513,1.0632901661523114e-4,0.018604370469878586,0.05782390782162311,0.03921953735174452
W02000320,Blaenau Gwent 007,2025,0.04002014112841747,1.2115368762704081e-4,0.022777236378165568,0.06294915145797966,0.040171915079814095
W02000321,Blaenau Gwent 008,2021,0.02143960609082589,3.659875123853842e-5,0.010723829491498495,0.035240281708538095,0.0245164522170396
W02000321,Blaenau Gwent 008,2023,0.030652444138399116,7.543152764087953e-5,0.015619870973813399,0.04853455131099878,0.03291468033718538
W02000321,Blaenau Gwent 008,2025,0.035464663651063696,8.881508353538433e-5,0.018445817397059548,0.05551799510383055,0.037072177706771
W02000322,Blaenau Gwent 009,2021,0.022028237013842746,4.446440257770278e-5,0.011717490793984046,0.03642612021707584,0.024708629423091797
W02000322,Blaenau Gwent 009,2023,0.031189483024943447,8.137057658681482e-5,0.01598247697409104,0.05148203973092251,0.03549956275683147
W02000322,Blaenau Gwent 009,2025,0.03685450412343025,1.1485560875215983e-4,0.019330015031151497,0.0639230898553977,0.0445930748242462
W02000323,Torfaen 001,2021,0.023310965797559827,4.283417704748444e-5,0.012941677556491744,0.036707492419598725,0.02376581486310698
W02000323,Torfaen 001,2023,0.03321988805373434,8.531440234247465e-5,0.018223820004663004,0.05297616332840494,0.03475234332374194
W02000323,Torfaen 001,2025,0.03901297887966722,1.097183092466902e-4,0.021773117498795187,0.06465803318025035,0.04288491568145516
W02000324,Torfaen 002,2021,0.022292325955780377,3.7013674269457576e-5,0.012535453221536041,0.03683759928790578,0.02430214606636974
W02000324,Torfaen 002,2023,0.031541671775510316,6.924172414021463e-5,0.01803640575257863,0.05077941683238951,0.03274301107981088
W02000324,Torfaen 002,2025,0.03699512298570531,8.606151163952648e-5,0.02144740968682643,0.05683725163033329,0.03538984194350686
W02000325,Torfaen 003,2021,0.02372898639520135,5.5326219250632805e-5,0.012620242574354564,0.039649227335768825,0.02702898476141426
W02000325,Torfaen 003,2023,0.03367960995908105,1.1082675635744716e-4,0.018072795983439725,0.0571925412710728,0.03911974528763308
W02000325,Torfaen 003,2025,0.03899608586948218,1.320565407428021e-4,0.02160928848869766,0.06353581365957461,0.04192652517087696
W02000326,Torfaen 004,2021,0.021323725851824592,4.706915155988252e-5,0.010175451177432304,0.037226433736592665,0.02705098255916036
W02000326,Torfaen 004,2023,0.03053662122371637,8.787880877046306e-5,0.014917163853681258,0.04947184694170989,0.03455468308802863
W02000326,Torfaen 004,2025,0.03524837649114731,1.0728722292643403e-4,0.017189809509244248,0.0561316906547598,0.038941881145515556
W02000327,Torfaen 005,2021,0.021215774274122728,5.108336352292247e-5,0.009688379061668834,0.03731977702565316,0.027631397963984325
W02000327,Torfaen 005,2023,0.02981862365145879,8.582538751444767e-5,0.014467109497424456,0.04936669158731492,0.03489958208989047
W02000327,Torfaen 005,2025,0.03432118184405559,9.766487045964334e-5,0.01694306185672901,0.05465252958143352,0.03770946772470451
W02000328,Torfaen 006,2021,0.02323349145451013,5.936574810882883e-5,0.009845063323591606,0.04004813464856909,0.030203071324977487
W02000328,Torfaen 006,2023,0.032750790337532865,1.1478591393061996e-4,0.013617403232067608,0.05539087296853771,0.0417734697364701
W02000328,Torfaen 006,2025,0.03770633903989762,1.3403610252087948e-4,0.01633235463659114,0.0627217091509833,0.046389354514392155
W02000329,Torfaen 007,2021,0.022052876538600785,5.2807652000954655e-5,0.010735283671102564,0.038564108199639555,0.02782882452853699
W02000329,Torfaen 007,2023,0.03156791251597052,1.004825283167647e-4,0.015844146358203356,0.056060310480772285,0.040216164122568926
W02000329,Torfaen 007,2025,0.03664107269509426,1.1332772098380974e-4,0.018665198778909146,0.06318243468368476,0.04451723590477561
W02000330,Torfaen 008,2021,0.0219295584942376,5.104291713624176e-5,0.01018265115933447,0.03878848305074778,0.02860583189141331
W02000330,Torfaen 008,2023,0.03154372715873097,9.424168327360951e-5,0.01611264508111044,0.05370901922227501,0.03759637414116457
W02000330,Torfaen 008,2025,0.03666488767240877,1.1766816347972814e-4,0.018591242417227816,0.05864108522291511,0.0400498428056873
W02000331,Torfaen 009,2021,0.028027916800662373,7.971528698469594e-5,0.012876620637459438,0.04838715650112997,0.035510535863670534
W02000331,Torfaen 009,2023,0.03976392495599621,1.385921546283065e-4,0.020107249769236876,0.06363973344986598,0.043532483680629105
W02000331,Torfaen 009,2025,0.046381233816563394,1.8063007837570394e-4,0.024030115246680982,0.07477526287277035,0.050745147626089365
W02000332,Torfaen 010,2021,0.021507875581381144,4.2865184158552635e-5,0.010638518489854393,0.03670183136372977,0.02606331287387538
W02000332,Torfaen 010,2023,0.030746072670396713,8.338655135360691e-5,0.01510895532253043,0.05142266205951367,0.03631370673698324
W02000332,Torfaen 010,2025,0.03593732358239059,9.785524088917409e-5,0.019336626266594933,0.057652720479221736,0.0383160942126268
W02000333,Torfaen 011,2021,0.025836530037195916,7.864107233203654e-5,0.013345876292366943,0.04653890299652125,0.033193026704154305
W02000333,Torfaen 011,2023,0.03657519868381471,1.4408479705866993e-4,0.019300727966250247,0.06543452932938551,0.04613380136313526
W02000333,Torfaen 011,2025,0.04207688073031836,1.647767068647856e-4,0.02074843337239816,0.07270590784396899,0.05195747447157083
W02000334,Torfaen 012,2021,0.023461971498306745,5.5922357766611046e-5,0.011854673175740998,0.041476299640566164,0.029621626464825166
W02000334,Torfaen 012,2023,0.0328895694891054,9.019941971947237e-5,0.01712142400295303,0.054258820586012266,0.037137396583059236
W02000334,Torfaen 012,2025,0.03812143822486469,1.0911791035798331e-4,0.02113707291111798,0.06385347568959845,0.042716402778480475
W02000335,Torfaen 013,2021,0.021442435869003934,3.68570930637225e-5,0.01059182163573536,0.03503529607165204,0.024443474435916678
W02000335,Torfaen 013,2023,0.030776950482026645,7.548269299387934e-5,0.016220114271698394,0.04766221738906665,0.03144210311736825
W02000335,Torfaen 013,2025,0.03604032212496895,9.068679114269943e-5,0.018322617720373968,0.05637312949751054,0.03805051177713657
W02000336,Monmouthshire 001,2021,0.021630651907109843,4.071049479211321e-5,0.011328109538968574,0.03748652740727786,0.02615841786830929
W02000336,Monmouthshire 001,2023,0.030719749948128615,7.511125007454157e-5,0.01718094046119751,0.05127051668938776,0.03408957622819025
W02000336,Monmouthshire 001,2025,0.03583030768290288,9.208784850808526e-5,0.02014075726494085,0.0599195760806744,0.03977881881573355
W02000337,Monmouthshire 002,2021,0.02795058385195003,1.0649117777807315e-4,0.01348230388280779,0.05361733287185838,0.040135028989050595
W02000337,Monmouthshire 002,2023,0.03980937588622481,2.010204405133614e-4,0.018067908436977982,0.07785896793095562,0.05979105949397764
W02000337,Monmouthshire 002,2025,0.045543724877701454,2.2740583958890003e-4,0.0221148250506734,0.0819845551823367,0.0598697301316633
W02000338,Monmouthshire 003,2021,0.02316135376992421,5.1480701475600705e-5,0.012101395320357264,0.03897406598594674,0.02687267066558948
W02000338,Monmouthshire 003,2023,0.032577757813428546,8.817714930633596e-5,0.01702003302074854,0.05399681024221291,0.03697677722146437
W02000338,Monmouthshire 003,2025,0.037560519973074656,1.1199309302907099e-4,0.019692336942284908,0.06081981569838574,0.04112747875610083
W02000339,Monmouthshire 004,2021,0.01909377255828727,6.059150421688295e-5,0.0074429495875627865,0.03660477696879265,0.02916182738122986
W02000339,Monmouthshire 004,2023,0.027076335720715203,1.1539072331326825e-4,0.010736153116334052,0.05157261466401582,0.040836461547681766
W02000339,Monmouthshire 004,2025,0.031035652862199843,1.3747668009417112e-4,0.012753002046711693,0.05642849378032777,0.04367549173361608
W02000340,Monmouthshire 005,2021,0.020560978829412324,3.7421242479010225e-5,0.011316505108887168,0.03424259571637015,0.022926090607482984
W02000340,Monmouthshire 005,2023,0.029412715480449058,7.042888238472498e-5,0.016074913089932148,0.04833752891256221,0.03226261582263006
W02000340,Monmouthshire 005,2025,0.033690381726275795,8.291916199305864e-5,0.019030035247961784,0.05176246536913469,0.032732430121172905
W02000341,Monmouthshire 006,2021,0.020355552055880514,3.435767441326557e-5,0.010708650895753149,0.03305073946243475,0.022342088566681604
W02000341,Monmouthshire 006,2023,0.028951741607345628,6.283733117544446e-5,0.014201013778265823,0.04760991046674964,0.03340889668848381
W02000341,Monmouthshire 006,2025,0.03344478488137027,7.646321751149996e-5,0.01857626777834399,0.0538447915067061,0.0352685237283621
W02000342,Monmouthshire 007,2021,0.023133314681285336,6.048491991291792e-5,0.011356080626092637,0.040325074149244855,0.028968993523152218
W02000342,Monmouthshire 007,2023,0.03267135422851335,1.1963573950022694e-4,0.015992236732391345,0.057275651199349624,0.04128341446695828
W02000342,Monmouthshire 007,2025,0.03725276639495328,1.3747724612426412e-4,0.01845052193366232,0.06083964798717048,0.04238912605350816
W02000343,Monmouthshire 008,2021,0.02366413204557302,7.4417375505468e-5,0.009568748979668064,0.043403614392840545,0.03383486541317248
W02000343,Monmouthshire 008,2023,0.03338464986989077,1.5019392050954632e-4,0.014235171284628723,0.06042704631487952,0.0461918750302508
W02000343,Monmouthshire 008,2025,0.03874088028451983,1.7786944906902975e-4,0.015953204557334233,0.06782791459135076,0.05187471003401653
W02000344,Monmouthshire 009,2021,0.023133574582650102,4.943253214464859e-5,0.011889349610528758,0.03860789766469862,0.026718548054169858
W02000344,Monmouthshire 009,2023,0.03277968455787822,9.782796031511032e-5,0.017373485100128122,0.05720108891650037,0.03982760381637225
W02000344,Monmouthshire 009,2025,0.03772170657516562,1.0877800861962171e-4,0.019518127614173306,0.06370892590667754,0.04419079829250423
W02000345,Monmouthshire 010,2021,0.02293919583074426,6.445927884814557e-5,0.009883229327623812,0.03978217538379371,0.029898946056169898
W02000345,Monmouthshire 010,2023,0.03277714156822733,1.3821185007955144e-4,0.014533212279214718,0.057308035245505956,0.04277482296629124
W02000345,Monmouthshire 010,2025,0.03770562414339089,1.5684596446912842e-4,0.0177272473666287,0.0655091528742569,0.0477819055076282
W02000346,Monmouthshire 011,2021,0.02392394338564803,6.657545699729815e-5,0.011020766348812088,0.04021055961506081,0.02918979326624872
W02000346,Monmouthshire 011,2023,0.03416398297647098,1.3593510020424337e-4,0.015404632536747932,0.06091961311891246,0.04551498058216453
W02000346,Monmouthshire 011,2025,0.039266594011616515,1.6516184733268412e-4,0.018151418392020092,0.06916422761629439,0.05101280922427429
W02000347,Newport 001,2021,0.0230562812346922,7.48368471986371e-5,0.011303733966976596,0.04156096628428379,0.030257232317307193
W02000347,Newport 001,2023,0.03259241661526947,1.359068251708573e-4,0.01558342380445358,0.055230353464948964,0.039646929660495385
W02000347,Newport 001,2025,0.03760311400406829,1.630160787074875e-4,0.019962754733945057,0.06393015115685548,0.04396739642291042
W02000348,Newport 002,2021,0.022931559602087932,7.836564511742122e-5,0.008809401735293312,0.04463358920720909,0.03582418747191578
W02000348,Newport 002,2023,0.0323047075900492,1.3832645262355195e-4,0.013893840184619232,0.06059703257197081,0.04670319238735158
W02000348,Newport 002,2025,0.037505231676309266,1.6655380348088027e-4,0.015317705075875347,0.06410388293058591,0.048786177854710566
W02000349,Newport 003,2021,0.021058997117422637,4.4301179892602125e-5,0.01001767645025814,0.034909933441864736,0.024892256991606597
W02000349,Newport 003,2023,0.030023618369568558,8.877730911134162e-5,0.014043316630561877,0.049457086649313434,0.03541377001875155
W02000349,Newport 003,2025,0.03514082431866972,1.18261840721761e-4,0.017499986051286685,0.05833719813331749,0.040837212082030803
W02000350,Newport 004,2021,0.022627966165531362,5.91712071166723e-5,0.011355786443004532,0.0396186127712882,0.028262826328283665
W02000350,Newport 004,2023,0.03261449001497027,1.1465334827357243e-4,0.016882785193189784,0.05707992605124054,0.04019714085805076
W02000350,Newport 004,2025,0.03809193539817369,1.4644748789954348e-4,0.018783062777149778,0.06651251167674484,0.04772944889959506
W02000351,Newport 005,2021,0.01995220425207512,9.039103074687282e-5,0.006012547845966623,0.042125134653795575,0.03611258680782895
W02000351,Newport 005,2023,0.02836050011944331,1.726787716241072e-4,0.008748702617430361,0.056817295897112305,0.048068593279681944
W02000351,Newport 005,2025,0.03322211060404053,2.2232825393502838e-4,0.010407774409886522,0.06735060786542765,0.05694283345554113
W02000352,Newport 006,2021,0.02331608774652846,8.154136039740464e-5,0.009788521709526252,0.04290536249342321,0.033116840783896956
W02000352,Newport 006,2023,0.03364521715162667,1.4643072999591885e-4,0.01464991624524875,0.06003636080490253,0.04538644455965378
W02000352,Newport 006,2025,0.03864307313719209,1.8736512802805324e-4,0.01785931988006122,0.06715531065737668,0.04929599077731546
W02000353,Newport 007,2021,0.0214144717703237,1.0225664045902165e-4,0.006577620775192696,0.045039266920968546,0.03846164614577585
W02000353,Newport 007,2023,0.0305698115720148,1.8978454390469775e-4,0.009147381102934962,0.06121115370642721,0.05206377260349225
W02000353,Newport 007,2025,0.0356048733104479,2.615230179589537e-4,0.011094372941785266,0.07535187775077351,0.06425750480898824
W02000354,Newport 008,2021,0.019456840761220017,5.858519030655181e-5,0.00681376674521572,0.03492047624795421,0.02810670950273849
W02000354,Newport 008,2023,0.027636521862266426,1.16349900675315e-4,0.010330052711408723,0.05182812277455899,0.04149807006315027
W02000354,Newport 008,2025,0.032013668378155787,1.4989773502221867e-4,0.012183925253483972,0.058619866353573885,0.04643594110008992
W02000355,Newport 009,2021,0.02377598107520505,5.74875239684371e-5,0.010528866264704992,0.03993865698620288,0.029409790721497887
W02000355,Newport 009,2023,0.034086729660519316,1.0848546275734923e-4,0.016530992638212345,0.05482424723518015,0.03829325459696781
W02000355,Newport 009,2025,0.039768163664756676,1.3749948861339954e-4,0.020033236114206376,0.06482914829025087,0.04479591217604449
W02000356,Newport 010,2021,0.021757170652374612,7.748724791656305e-5,0.009454701910314042,0.04108116415047946,0.031626462240165416
W02000356,Newport 010,2023,0.03155047791908334,1.5653846769188363e-4,0.01236374739846565,0.063023275146268265,0.050659527747802614
W02000356,Newport 010,2025,0.036888298275702266,1.9702279114683558e-4,0.015059601629478298,0.06905964776622603,0.054000046136747734
W02000357,Newport 011,2021,0.02466838088329054,1.4914258457061915e-4,0.008262802317358223,0.0524989719699318,0.04423616965257358
W02000357,Newport 011,2023,0.035358577526401654,2.7514981480629614e-4,0.011709086468403445,0.070343702738497,0.058634616270093545
W02000357,Newport 011,2025,0.040816586414789566,3.7121372012839345e-4,0.01374716899678079,0.0834264119723739,0.06967924297559311
W02000358,Newport 012,2021,0.02419527449973891,6.533285433858872e-5,0.01165999957830471,0.0434424917501327,0.03178249217182799
W02000358,Newport 012,2023,0.03483550991868958,1.3368437498089314e-4,0.016253139127749387,0.058626541210836804,0.042373402083087416
W02000358,Newport 012,2025,0.0405425626309757,1.5768453774871717e-4,0.019857816231924418,0.06765381310720232,0.047795996875277906
W02000359,Newport 013,2021,0.02494853448413277,1.344359425734458e-4,0.007649318399593064,0.048764324405415824,0.04111500600582276
W02000359,Newport 013,2023,0.03590972440255016,2.653226907759582e-4,0.011206809818815968,0.07059897649109312,0.05939216667227715
W02000359,Newport 013,2025,0.041723840768948535,3.4632501143496704e-4,0.013415860857748306,0.08465989909593269,0.07124403823818438
W02000360,Newport 014,2021,0.025831820141261716,9.719529188859971e-5,0.010416548690447069,0.051981069580074896,0.04156452088962782
W02000360,Newport 014,2023,0.0368395017634449,1.9920069344583913e-4,0.015603688740549963,0.06993560984482047,0.054331921104270514
W02000360,Newport 014,2025,0.043018291384156,2.510927532913523e-4,0.01813886651530435,0.07630726891833943,0.05816840240303508
W02000361,Newport 015,2021,0.019689918309651902,5.5146135056977765e-5,0.008548916113984572,0.03769286315426622,0.029143947040281646
W02000361,Newport 015,2023,0.028133118477349246,1.1370843847662108e-4,0.011553375419558488,0.0505523875067458,0.03899901208718731
W02000361,Newport 015,2025,0.03289187526957057,1.4254722281063304e-4,0.014821621199168637,0.059256997382328064,0.04443537618315943
W02000362,Newport 016,2021,0.024235584019513395,7.25367441458965e-5,0.010596164106521071,0.04422456195619529,0.033628397849674224
W02000362,Newport 016,2023,0.03451316423677286,1.4566359788327574e-4,0.016147607218992676,0.06260242072628544,0.04645481350729276
W02000362,Newport 016,2025,0.04058122674805608,1.8793633261465987e-4,0.018195060378424215,0.07305936625723386,0.054864305878809645
W02000363,Newport 017,2021,0.022319250068599757,7.082899972556845e-5,0.010100432809998018,0.041318523875204294,0.031218091065206274
W02000363,Newport 017,2023,0.032021753906983676,1.3755963810463403e-4,0.014930881839971256,0.060417919143814086,0.045487037303842834
W02000363,Newport 017,2025,0.0373930275017571,1.722488736903519e-4,0.01767678268429243,0.06782581916180358,0.05014903647751115
W02000364,Newport 018,2021,0.027118497103526797,1.3970443543532166e-4,0.009707955024188374,0.055106346876862077,0.045398391852673706
W02000364,Newport 018,2023,0.038496618885162814,2.3540084524328409e-4,0.014706436006633579,0.0738467712469579,0.059140335240324325
W02000364,Newport 018,2025,0.04485222374485345,3.0449724167792505e-4,0.015699975241289812,0.0866840619732504,0.07098408673196059
W02000365,Newport 019,2021,0.02884513241084612,9.770403226605898e-5,0.012426082729729901,0.04882743913244186,0.036401356402711964
W02000365,Newport 019,2023,0.04166577181113159,2.1367263141931482e-4,0.017370726916223458,0.07192680067362411,0.05455607375740065
W02000365,Newport 019,2025,0.048591037679316135,2.629398695022409e-4,0.020505595605036876,0.08190481052197301,0.06139921491693614
W02000366,Newport 020,2021,0.026340743425591447,6.0856785917701105e-5,0.013566096621212255,0.043439735340906074,0.02987363871969382
W02000366,Newport 020,2023,0.037349872962962855,1.1523194406503557e-4,0.01756546965702981,0.06137866726397484,0.043813197606945034
W02000366,Newport 020,2025,0.04322423143258194,1.3393623365619257e-4,0.020841387165825447,0.06810231362187147,0.04726092645604602
W02000367,Cardiff 001,2021,0.027860918325071603,6.8957974689402645e-05,0.015427330369277483,0.04835928865054883,0.03293195828127135
W02000367,Cardiff 001,2023,0.039786157608500725,1.366304812540128e-4,0.022361900508630954,0.06434903295597674,0.04198713244734579
W02000367,Cardiff 001,2025,0.04655838095715187,1.602999809140587e-4,0.026621304074091405,0.07674038489141335,0.05011908081732195
W02000368,Cardiff 002,2021,0.037642418265395786,1.9031639310197293e-4,0.017771156092718877,0.07122890526431896,0.05345774917160009
W02000368,Cardiff 002,2023,0.053283384303451316,3.41190585397348e-4,0.025585507400923906,0.09957412742942542,0.07398862002850151
W02000368,Cardiff 002,2025,0.061288366726542955,4.2060849050859744e-4,0.030073629166845785,0.1121919566062562,0.08211832743941042
W02000369,Cardiff 003,2021,0.03063013806552906,9.15944924543961e-5,0.015819974704209597,0.05510008918834837,0.039280114484138776
W02000369,Cardiff 003,2023,0.043656598633027184,1.7170153902168939e-4,0.02327049281995379,0.0750878022039789,0.05181730938402511
W02000369,Cardiff 003,2025,0.05052254162157111,1.9926996584419647e-4,0.026543362631595725,0.08536109088487315,0.058817728253277426
W02000370,Cardiff 004,2021,0.030227899811547897,8.986416865159378e-5,0.01574736808024659,0.0527207964380319,0.03697342835778532
W02000370,Cardiff 004,2023,0.042954461438507625,1.8124776774849658e-4,0.02153027780508461,0.0746448624513298,0.05311458464624519
W02000370,Cardiff 004,2025,0.04956059880500665,2.0112707348354558e-4,0.027907122208602628,0.08381271861550305,0.05590559640690042
W02000371,Cardiff 005,2021,0.032963468429934015,1.2171532774539302e-4,0.016340955266744835,0.058891356226180594,0.042550400959435755
W02000371,Cardiff 005,2023,0.04654007938690711,2.1619724908123362e-4,0.023829071593203056,0.08385427097859911,0.06002519938539606
W02000371,Cardiff 005,2025,0.05474433205804652,2.588168907069113e-4,0.028668351216273032,0.09467762492320717,0.06600927370693413
W02000372,Cardiff 006,2021,0.03816006182292461,1.239294021080332e-4,0.022762647166019043,0.06240685391008079,0.039644206744061744
W02000372,Cardiff 006,2023,0.05381307078184105,2.2522061148527094e-4,0.03243037400704088,0.08884425541155352,0.056413881404512645
W02000372,Cardiff 006,2025,0.06236884373510207,2.553335007910046e-4,0.039055605332972046,0.10127595610400998,0.062220350771037936
W02000373,Cardiff 007,2021,0.03551525711015326,1.559270607752256e-4,0.01764749127760054,0.06548884636325525,0.04784135508565471
W02000373,Cardiff 007,2023,0.050967194544444476,2.7658871930108465e-4,0.026429728888751114,0.08969448625057205,0.06326475736182094
W02000373,Cardiff 007,2025,0.05926561004331863,3.3398686266748674e-4,0.03218862747891133,0.098259664922184,0.06607103744327267
W02000374,Cardiff 008,2021,0.03583411331745703,1.3509921440975456e-4,0.018101048227632047,0.06183814021862727,0.04373709199099522
W02000374,Cardiff 008,2023,0.05075707118694807,2.2894713001763472e-4,0.02742367316131137,0.08610675743788598,0.058683084276574614
W02000374,Cardiff 008,2025,0.058766452004730234,2.7547230490500095e-4,0.031803847001254555,0.09521537509973077,0.06341152809847622
W02000375,Cardiff 009,2021,0.042268112196963616,2.5423614798194774e-4,0.021303758018929038,0.07910740441036082,0.05780364639143178
W02000375,Cardiff 009,2023,0.060045647860915125,4.56307309948093e-4,0.0312048333318847,0.10908317138250018,0.07787833805061548
W02000375,Cardiff 009,2025,0.06900217992485823,5.287610304932443e-4,0.035993755798656935,0.12267455346318283,0.0866807976645259
W02000376,Cardiff 010,2021,0.030348407929376583,7.844663416369413e-5,0.016574739329695398,0.05333338330435144,0.036758643974656044
W02000376,Cardiff 010,2023,0.04297486000098269,1.436630447822668e-4,0.02400980708760731,0.07432672598438278,0.05031691889677547
W02000376,Cardiff 010,2025,0.04997646747768876,1.7184327801433066e-4,0.02992605515096825,0.08340464579647737,0.053478590645509125
W02000377,Cardiff 011,2021,0.030796610290099388,1.270486988968734e-4,0.014620281237306625,0.05346992931833916,0.038849648081032535
W02000377,Cardiff 011,2023,0.04456059078314577,2.2575342395946108e-4,0.02158203689016261,0.0764298193085449,0.054847782418382285
W02000377,Cardiff 011,2025,0.051443744259295945,2.664867825286725e-4,0.026551782941179092,0.08764592521053129,0.0610941422693522
W02000378,Cardiff 012,2021,0.035232753127521964,9.73745942840051e-5,0.019049908909234678,0.058675464849658326,0.03962555594042365
W02000378,Cardiff 012,2023,0.05095883315722542,2.054393971928214e-4,0.028032309334315667,0.08388324243172564,0.055850933097409974
W02000378,Cardiff 012,2025,0.05897172961276886,2.3136286905005486e-4,0.03442405885391488,0.09358103914919684,0.05915698029528196
W02000379,Cardiff 013,2021,0.04322785779564105,2.9475233438574984e-4,0.019283539622979493,0.09107212051221084,0.07178858088923135
W02000379,Cardiff 013,2023,0.06235805695468817,5.668130031921142e-4,0.02938535749997666,0.11896032566313636,0.0895749681631597
W02000379,Cardiff 013,2025,0.07217467724784643,6.947504752755944e-4,0.035840408659408615,0.13757662886660546,0.10173622020719685
W02000380,Cardiff 014,2021,0.029210135999392088,8.540497567474995e-5,0.014587952430514303,0.051516034568093436,0.03692808213757913
W02000380,Cardiff 014,2023,0.04204161966034022,1.7133988096115503e-4,0.02119680090669808,0.07350506428051415,0.05230826337381607
W02000380,Cardiff 014,2025,0.048726098601240636,1.961493805543714e-4,0.02620477878985313,0.08301608449100649,0.056811305701153364
W02000381,Cardiff 015,2021,0.03910368304796779,1.9681836180365477e-4,0.02074988338869442,0.07045627369625822,0.0497063903075638
W02000381,Cardiff 015,2023,0.056003879842429216,3.5431294102661185e-4,0.030624138389241395,0.10328836657257431,0.07266422818333292
W02000381,Cardiff 015,2025,0.06533588297508365,4.2108660261207226e-4,0.03694407474185613,0.11285166424418383,0.0759075895023277
W02000382,Cardiff 016,2021,0.03793685800635584,2.1791588981638334e-4,0.019103149923685663,0.07412320294884514,0.05502005302515948
W02000382,Cardiff 016,2023,0.05387287837673368,3.5703253196510805e-4,0.028358419593909327,0.09933955265191133,0.070981133058002
W02000382,Cardiff 016,2025,0.06271103557707507,4.305395098106984e-4,0.03486806013829298,0.1230892700643498,0.08822120992605682
W02000383,Cardiff 017,2021,0.037057685722433606,1.4972477155371095e-4,0.01802295789192216,0.06495221664426133,0.04692925875233917
W02000383,Cardiff 017,2023,0.05275240381295292,2.820856043511871e-4,0.027109133951829414,0.09527447777319341,0.068165343821364
W02000383,Cardiff 017,2025,0.061805556944508504,3.2844358424505445e-4,0.032238161825335836,0.10420078763112593,0.0719626258057901
W02000384,Cardiff 018,2021,0.03182810505775893,8.268592949525798e-5,0.015363683539840078,0.051968370804661226,0.03660468726482115
W02000384,Cardiff 018,2023,0.045378457345752195,1.6435584116973568e-4,0.025667507285885512,0.07481467155641303,0.04914716427052751
W02000384,Cardiff 018,2025,0.05285191963700271,1.88550615895357e-4,0.028881181019418483,0.08072450528797961,0.05184332426856113
W02000385,Cardiff 019,2021,0.03985159135511686,1.41514018347528e-4,0.02052808571757024,0.06797357743188542,0.04744549171431518
W02000385,Cardiff 019,2023,0.05210037180140035,2.192621992408646e-4,0.029876413807743436,0.08633484849762643,0.056458434689883
W02000385,Cardiff 019,2025,0.06219733807046344,2.6254742249675635e-4,0.03627033262528705,0.0995836929573453,0.06331336033205825
W02000386,Cardiff 020,2021,0.031721927354970716,1.0982821308674605e-4,0.01508130487640672,0.059784494340204844,0.04470318946379812
W02000386,Cardiff 020,2023,0.044931707735992185,1.902142627137973e-4,0.021285190094247744,0.07637231059411939,0.05508712049987165
W02000386,Cardiff 020,2025,0.05186274003839149,2.3626075034903038e-4,0.026749095764082756,0.08899535329967603,0.06224625753559328
W02000387,Cardiff 021,2021,0.03551422402417436,1.1747362316098808e-4,0.01702470769191184,0.059239694921961114,0.042214987230049274
W02000387,Cardiff 021,2023,0.049046038076814416,1.9172324822540497e-4,0.02583557924605969,0.07841153422042092,0.05257595497436123
W02000387,Cardiff 021,2025,0.05762328924424385,2.2414735710098909e-4,0.02923732335666171,0.08873259722562134,0.05949527386895963
W02000388,Cardiff 022,2021,0.033937393084965274,1.324337635372774e-4,0.017358666696583015,0.061291923630779135,0.04393325693419612
W02000388,Cardiff 022,2023,0.048448868010970404,2.4845160966443705e-4,0.026464414821687113,0.08390314499883575,0.057438730177148636
W02000388,Cardiff 022,2025,0.05642947998722662,2.946768888394413e-4,0.03066029648576314,0.09660393409927331,0.06594363761351017
W02000389,Cardiff 023,2021,0.03453847785185286,9.717264129722391e-5,0.018645056307030866,0.05588627652953354,0.037241220222502674
W02000389,Cardiff 023,2023,0.049658359527444344,1.8234434784711163e-4,0.028941501569821056,0.08084202046583537,0.05190051889601431
W02000389,Cardiff 023,2025,0.05785026361457359,2.0287685227648517e-4,0.03452668526871377,0.08792242933246575,0.05339574406375198
W02000390,Cardiff 024,2021,0.03587247296535578,1.368265600523938e-4,0.017105297117336344,0.06303657126594261,0.045931274148606274
W02000390,Cardiff 024,2023,0.047682004251739456,2.3428272463092912e-4,0.023723206112362533,0.08525706478013553,0.061533858667773
W02000390,Cardiff 024,2025,0.0549234194020072,2.58499082326841e-4,0.027431797252485804,0.09135978636673309,0.06392798911424728
W02000391,Cardiff 025,2021,0.05448603373355966,3.356077826734656e-4,0.025535398921197647,0.09380047360643876,0.06826507468524111
W02000391,Cardiff 025,2023,0.07165160214555373,5.704653034138118e-4,0.033142164705548025,0.1325338905063819,0.09939172580083387
W02000391,Cardiff 025,2025,0.08479982494423466,6.631805635878867e-4,0.040142006487918616,0.14363645457073024,0.10349444808281162
W02000392,Cardiff 026,2021,0.03907064167760962,1.4822558911788806e-4,0.02064861623554484,0.0658715475397912,0.04522293130424636
W02000392,Cardiff 026,2023,0.05408434425454882,2.509453618674105e-4,0.03150353293983183,0.08742233136885344,0.05591879842902161
W02000392,Cardiff 026,2025,0.06241300792968594,3.039251783783424e-4,0.0371402222931351,0.10346387345873817,0.06632365116560307
W02000393,Cardiff 027,2021,0.03621014738736203,1.3261203327143514e-4,0.01988886542925828,0.06051879146769075,0.04062992603843247
W02000393,Cardiff 027,2023,0.05171719494909578,2.3100525068308557e-4,0.028714862633664517,0.08594527946943811,0.057230416835773595
W02000393,Cardiff 027,2025,0.0599276949991042,2.7886014395954646e-4,0.03595095787084902,0.09945686193268322,0.0635059040618342
W02000394,Cardiff 028,2021,0.06011571500349242,4.2304235561332833e-4,0.026815125963794373,0.10788886623379301,0.08107374026999864
W02000394,Cardiff 028,2023,0.0855374386710643,8.251833724534495e-4,0.043827545666672095,0.1528029287761397,0.10897538310946761
W02000394,Cardiff 028,2025,0.09731032756228948,8.329905857436395e-4,0.05153328566860052,0.1643139196091648,0.11278063394056428
W02000395,Cardiff 029,2021,0.0380673468549914,1.6168990116167777e-4,0.019122442966457702,0.06962045001678113,0.05049800705032343
W02000395,Cardiff 029,2023,0.05389584192507019,2.8286521809396556e-4,0.027587315141439715,0.08944466653076505,0.061857351389325334
W02000395,Cardiff 029,2025,0.06217280901652877,3.115704273492549e-4,0.0330948152700212,0.10103113268133058,0.06793631741130939
W02000396,Cardiff 030,2021,0.056142984167313205,4.250949552890426e-4,0.023730391281518746,0.10258912619826024,0.0788587349167415
W02000396,Cardiff 030,2023,0.07777834964921236,7.587129090674343e-4,0.03776382460111903,0.14136643033915136,0.10360260573803233
W02000396,Cardiff 030,2025,0.09019814813493164,8.300696525448901e-4,0.04247889038620385,0.1562040558845062,0.11372516549830235
W02000397,Cardiff 031,2021,0.037972385840243136,1.811410198497133e-4,0.02051019053893711,0.0691490240597536,0.04863883352081648
W02000397,Cardiff 031,2023,0.054323796702269535,3.2057306602473537e-4,0.028876424321368374,0.0967251137408025,0.06784868941943413
W02000397,Cardiff 031,2025,0.06303087308359442,4.0191865397666814e-4,0.03619922936897129,0.10653633591168077,0.07033710654270947
W02000398,Cardiff 032,2021,0.05709261635133964,4.922116104132477e-4,0.026895337347235197,0.11208387112392848,0.08518853377669328
W02000398,Cardiff 032,2023,0.07858347431712243,8.800893701005655e-4,0.03786833538053313,0.15013579951484085,0.11226746413430772
W02000398,Cardiff 032,2025,0.08902642345192895,9.314785527626645e-4,0.04314581726693287,0.16656263424027673,0.12341681697334386
W02000399,Cardiff 033,2021,0.05944235578592988,5.452048240769191e-4,0.02352265607755557,0.11911687540573224,0.09559421932817666
W02000399,Cardiff 033,2023,0.08540745896316095,9.970818927622666e-4,0.037531217975338094,0.15809506735484175,0.12056384937950365
W02000399,Cardiff 033,2025,0.09731533422464726,0.0011266102655160192,0.042923895427570635,0.1772045498367991,0.13428065440922846
W02000400,Cardiff 034,2021,0.038568558960261214,1.2898322798376776e-4,0.022641820473407657,0.06457784036868724,0.04193601989527959
W02000400,Cardiff 034,2023,0.05435445623602316,2.5057930074658976e-4,0.030310980189629157,0.08992897629587815,0.05961799610624899
W02000400,Cardiff 034,2025,0.06261816947193082,2.6570052524527355e-4,0.03838045726262312,0.09682257180352041,0.058442114540897296
W02000401,Cardiff 035,2021,0.05188274815711917,5.563728399918318e-4,0.022585535450800855,0.11630129550498469,0.09371576005418383
W02000401,Cardiff 035,2023,0.07253328514434976,9.283676427427829e-4,0.0334367074489108,0.16277482914633457,0.12933812169742376
W02000401,Cardiff 035,2025,0.0838306342583785,0.0011699438768392508,0.040930115549566076,0.1802408753826284,0.13931075983306232
W02000402,Cardiff 036,2021,0.05182332016381988,3.7994136539574324e-4,0.022874504725267177,0.09432646046645615,0.07145195574118898
W02000402,Cardiff 036,2023,0.07568528420209249,6.843401357879184e-4,0.03572904228850901,0.13346924320880788,0.09774020092029886
W02000402,Cardiff 036,2025,0.08651688375524604,8.240285823948594e-4,0.04215199985946298,0.1497839621327579,0.10763196227329493
W02000403,Cardiff 037,2021,0.03499609013775727,1.3790404982929697e-4,0.01620946911943327,0.06506272272112085,0.048853253601687574
W02000403,Cardiff 037,2023,0.05021970843192504,2.4833269522821834e-4,0.026182090344778152,0.08721256538102298,0.06103047503624483
W02000403,Cardiff 037,2025,0.058556313021031266,2.958888354784573e-4,0.030921211120590486,0.09980145097516951,0.06888023985457903
W02000404,Cardiff 038,2021,0.038218173171763105,1.417814203159702e-4,0.0217892922173223,0.0662170853615669,0.044427793144244596
W02000404,Cardiff 038,2023,0.05486381554241246,2.579626346942351e-4,0.031002708258887186,0.096991760306487207,0.06598905204760003
W02000404,Cardiff 038,2025,0.06354317957300902,3.0383982986528633e-4,0.03866221388837868,0.10328786848760252,0.06462565459922384
W02000405,Cardiff 039,2021,0.0395344675487754,2.1119789966172597e-4,0.019719007973735308,0.07331118337515474,0.05359217540141943
W02000405,Cardiff 039,2023,0.05681788705251298,3.673862921217698e-4,0.027281285359224028,0.10429683148130635,0.07701554612208232
W02000405,Cardiff 039,2025,0.06666454349267213,4.5995369353253574e-4,0.03519838619093962,0.118049634353211,0.08285124816227138
W02000406,Cardiff 040,2021,0.04900610154403075,4.3736701315773383e-4,0.024167548553988068,0.09895794521796858,0.07479039666398052
W02000406,Cardiff 040,2023,0.06900726736787792,7.738269225011088e-4,0.03443729223048542,0.13848708868960707,0.10404979645912166
W02000406,Cardiff 040,2025,0.07960560859010203,9.604541737749012e-4,0.03956053637936684,0.1585439374508263,0.11898340107145945
W02000407,Cardiff 041,2021,0.03317228149293916,2.6378448876220555e-4,0.013124237262880522,0.06868819043954905,0.055563953176668526
W02000407,Cardiff 041,2023,0.0470396801230793,4.7839813222426663e-4,0.01883126400681944,0.09583694049912325,0.0770056764923038
W02000407,Cardiff 041,2025,0.054647797759069104,5.749890879752571e-4,0.024069463334797175,0.10914214098497535,0.08507267765017817
W02000408,Cardiff 042,2021,0.05043022589833037,3.978517301463356e-4,0.021281293852881716,0.09981351907312244,0.07853222522024073
W02000408,Cardiff 042,2023,0.0714155459246697,6.649343356202928e-4,0.032491685860909336,0.13957171369179006,0.10708002783088072
W02000408,Cardiff 042,2025,0.08307414989346158,7.93819018033902e-4,0.03981796727511652,0.15451667219887077,0.11469870492375425
W02000409,Cardiff 043,2021,0.03485526328248471,1.4518505505006443e-4,0.01798909337872391,0.06566301061533797,0.04767391723661406
W02000409,Cardiff 043,2023,0.05007619040182805,2.645558968455149e-4,0.02682856778918262,0.08785737509615518,0.06102880730697256
W02000409,Cardiff 043,2025,0.057938095895516045,2.9940842606758847e-4,0.030571069576430465,0.1046246616208042,0.07405359204437373
W02000410,Cardiff 044,2021,0.06715594363002327,7.218001211995871e-4,0.02576153462829049,0.12771519503176257,0.10195366040347208
W02000410,Cardiff 044,2023,0.0939431578043713,0.001280199113046595,0.04310576445168354,0.18721958899438074,0.1441138245426972
W02000410,Cardiff 044,2025,0.10821025026812299,0.0015340657672219798,0.049453441100753295,0.19802161926568457,0.14856817816493129
W02000411,Cardiff 045,2021,0.037039307265138315,2.3481682916894785e-4,0.017378145907100136,0.07579364666373584,0.0584155007566357
W02000411,Cardiff 045,2023,0.05291597874333961,4.3604604014067967e-4,0.0245788509489058,0.10738916512318003,0.08281031417427423
W02000411,Cardiff 045,2025,0.06135747430093827,5.33176199936976e-4,0.03104927386112299,0.1186585582978901,0.0876092844367671
W02000412,Cardiff 046,2021,0.042732973403115194,2.2612279124861856e-4,0.021702317109539106,0.07642128701277628,0.05471896990323718
W02000412,Cardiff 046,2023,0.060665468807146856,4.091584986634636e-4,0.030986639816407785,0.10445900698945487,0.07347236717304709
W02000412,Cardiff 046,2025,0.06990023485460102,4.777964779828048e-4,0.035464387028929706,0.12611778345130173,0.09065339642237202
W02000414,Powys 020,2021,0.026707323906728316,5.802107273554157e-5,0.015369466711427093,0.046002851009089116,0.030633384297662023
W02000414,Powys 020,2023,0.03754287115606158,9.988462280882388e-5,0.023330250807020714,0.061220252735474615,0.037890001928453904
W02000414,Powys 020,2025,0.04315476075659238,1.1803314075371284e-4,0.027250923807750377,0.07129679729674003,0.044045873488989654
W02000415,Merthyr Tydfil 008,2021,0.02758483805198182,7.119956283720856e-5,0.015351083388231272,0.04729187822418157,0.031940794835950304
W02000415,Merthyr Tydfil 008,2023,0.039331592027707245,1.3023422762360555e-4,0.022408334744646326,0.0662768982168663,0.04386856347221998
W02000415,Merthyr Tydfil 008,2025,0.04589057407931911,1.7088187247237834e-4,0.026624718675974678,0.07732322682705685,0.05069850815108217
W02000416,Powys 021,2021,0.023114384854004133,3.306170806958624e-5,0.013746069600556052,0.0360491901906953,0.02230312059013925
W02000416,Powys 021,2023,0.032744593177537244,5.2472709815630476e-5,0.019657193009452234,0.04856664179432226,0.028909448784870027
W02000416,Powys 021,2025,0.03806991774117882,6.40379721529553e-5,0.023445720432483268,0.05599722697927625,0.03255150654679298
W02000417,Neath Port Talbot 020,2021,0.024007240819530307,7.051503693131346e-5,0.011286250732427217,0.04102116758041337,0.02973491684798615
W02000417,Neath Port Talbot 020,2023,0.03385369152440087,1.2272752960599127e-4,0.016682851517889417,0.05914584161701278,0.04246299009912336
W02000417,Neath Port Talbot 020,2025,0.03942715803777729,1.5380033091504526e-4,0.019485502823139284,0.07046198468394355,0.050976481860804265
W02000418,Carmarthenshire 027,2021,0.028016209189928407,5.8417008328301515e-5,0.016394258599001423,0.04444566658126259,0.028051407982261165
W02000418,Carmarthenshire 027,2023,0.03989888329124836,1.2245586665330497e-4,0.02148693310030564,0.0641896832070114,0.04270275010670577
W02000418,Carmarthenshire 027,2025,0.04580712510284014,1.4355105650304083e-4,0.02646150210163343,0.07520801344059497,0.04874651133896154
W02000419,Denbighshire 017,2021,0.025321512549255003,9.51863930153879e-5,0.01027967897413904,0.04562394069597375,0.03534426172183471
W02000419,Denbighshire 017,2023,0.03619093983958704,1.7596539873712642e-4,0.015897000603031706,0.06535265571935334,0.049455655116321634
W02000419,Denbighshire 017,2025,0.04193370292799332,2.1727458672544773e-4,0.019195926840813296,0.07176894871314404,0.05257302187233075
W02000421,Ceredigion 011,2021,0.030294538789079038,6.947908654791519e-5,0.01839273065031357,0.04849889892087869,0.03010616827056512
W02000421,Ceredigion 011,2023,0.04260376090363254,1.1062693297602106e-4,0.026432626254160593,0.06635943556273287,0.03992680930857227
W02000421,Ceredigion 011,2025,0.04881160592969722,1.2770706923651844e-4,0.030330636148259905,0.07408990553435761,0.043759269386097706
W02000422,Cardiff 048,2021,0.04564878863872002,2.9388525731684434e-4,0.02411641079612382,0.08772468172306608,0.06360827092694225
W02000422,Cardiff 048,2023,0.06348597027677064,5.312489128880261e-4,0.034932997041270564,0.11939189403893322,0.08445889699766265
W02000422,Cardiff 048,2025,0.07393549852325797,6.236488017846968e-4,0.04183392597677449,0.14195161677266244,0.10011769079588795
W02000423,Cardiff 049,2021,0.045232834701771314,1.8194150596544494e-4,0.02413788324789997,0.07825560607836556,0.054117722830465585
W02000423,Cardiff 049,2023,0.06562073106505308,3.5382388934444733e-4,0.039094934359482914,0.10931495210163744,0.07022001774215453
W02000423,Cardiff 049,2025,0.07611031106227509,4.0560143358482013e-4,0.04429703567341978,0.12167869450425936,0.07738165883083958
W02000424,Wrexham 021,2021,0.025923023423328563,7.671789618224646e-5,0.013854420003070796,0.046711949076188176,0.032857529073117384
W02000424,Wrexham 021,2023,0.03639939108889634,1.317251879722162e-4,0.019647347350218246,0.06532003700039479,0.04567268965017655
W02000424,Wrexham 021,2025,0.042087988289352375,1.7100552564167936e-4,0.022776551755332226,0.07565271124468108,0.05287615948934885
W02000425,Wrexham 022,2021,0.03525527226868565,1.0915062685651548e-4,0.02120325127797372,0.0594741236234811,0.03827087234550738
W02000425,Wrexham 022,2023,0.0500038828844679,2.0201285064929742e-4,0.030390699298621725,0.08271879901990561,0.05232809972128389
W02000425,Wrexham 022,2025,0.05769359317336059,2.3897688396122332e-4,0.03475062709867377,0.09684051776544692,0.062089890666773145
W02000426,Wrexham 023,2021,0.027255938417141478,9.69715960885319e-5,0.012571619341358111,0.051606754444046485,0.03903513510268837
W02000426,Wrexham 023,2023,0.03811153896664331,1.7516573384628538e-4,0.018206889975828474,0.06796433710823875,0.049757447132410274
W02000426,Wrexham 023,2025,0.04408582423707551,2.1347319987718427e-4,0.02198152444975575,0.07653846664742688,0.05455694219767113
W02000427,Neath Port Talbot 021,2021,0.021841720596506162,3.4185268493483637e-5,0.011271780066812186,0.03484630982220798,0.023574529755395795
W02000427,Neath Port Talbot 021,2023,0.030816956258386003,6.328712649978663e-5,0.017131009318601766,0.04857940206397099,0.03144839274536922
W02000427,Neath Port Talbot 021,2025,0.035874011722581915,7.938841802385259e-5,0.020003266812953217,0.05736450147165078,0.03736123465869756
W02000428,Swansea 032,2021,0.02450215368439688,6.467712679706179e-5,0.012012512359986037,0.04307931909861035,0.03106680673862431
W02000428,Swansea 032,2023,0.03433127283164589,1.2296687137291047e-4,0.01742373366258189,0.057223093531281403,0.039799359868699515
W02000428,Swansea 032,2025,0.039147225646341564,1.5920039565050313e-4,0.019618050431619745,0.0680002037033435,0.04838215327172376
