area_id,time_id,bhf_estimate,bhf_variance,bhf_lower,bhf_upper,bhf_ci_width
W02000001,2021,0.021055837026145854,9.102672766387007e-5,0.0015489218896850882,0.03892217406140158,0.03737325217171649
W02000002,2021,0.015592084481082888,9.148732312290361e-5,-0.0031002781707538166,0.03295937726823508,0.0360596554389889
W02000003,2021,0.04170293662954888,2.3831792049975329e-4,0.014123801053058709,0.07571946822790604,0.06159566717484733
W02000004,2021,0.02786165631321097,1.296271917860773e-4,0.007261954602236633,0.05142366834855126,0.044161713746314626
W02000005,2021,0.012520092930439217,1.0964242843552124e-4,-0.01003033465521852,0.03122999590717717,0.04126033056239569
W02000006,2021,0.022957116407173957,8.852812762748234e-5,0.004726347421989047,0.04001419813912324,0.035287850717134195
W02000007,2021,0.02692372307579205,9.501727282333259e-5,0.007611658311830215,0.0480156615195835,0.04040400320775329
W02000008,2021,0.014378317144409037,1.5539789639379547e-4,-0.012133896622824224,0.03767000782576728,0.04980390444859151
W02000009,2021,0.01887412560450402,9.391921733533362e-5,-0.002189667171343896,0.03796911081791736,0.040158777989261256
W02000010,2021,0.034998428845552744,2.118363568402025e-4,0.007438910768617656,0.06035927361657056,0.05292036284795291
W02000011,2021,0.02451522136916104,1.1658919060481162e-4,0.005024663589955301,0.0448702163801322,0.0398455527901769
W02000012,2021,0.022164883898123166,9.488418924492855e-5,0.004553453399595171,0.04030670770459385,0.035753254304998684
W02000013,2021,0.022394400076417072,1.2136951492755869e-4,1.994779641491689e-4,0.04329475629270854,0.043095278328559375
W02000014,2021,0.023553728080544144,7.214669040663633e-5,0.0057239661603728275,0.03940533823929393,0.0336813720789211
W02000015,2021,0.02323500584181137,1.5100078994851688e-4,-0.0011326267846241149,0.045881392880880556,0.04701401966550467
W02000016,2021,0.019979416113733953,9.611393715574044e-5,0.0012278509442629397,0.03922087949156661,0.037993028547303666
W02000017,2021,0.020645236847424944,1.2275624699921493e-4,-0.0029706475416713465,0.04619716059203323,0.049167808133704576
W02000018,2021,0.022666936689476242,8.112119623315966e-5,0.006281877131354476,0.040267354801800395,0.03398547767044592
W02000019,2021,0.01672395541095905,7.827776725668575e-5,-0.0016607326283824872,0.033443587167156355,0.035104319795538845
W02000020,2021,0.01944703707327422,1.0000904946798098e-4,0.001020409667952926,0.04106576224894795,0.04004535258099502
W02000021,2021,0.020114750357512378,1.632170626742075e-4,-0.0036261729196198846,0.04376591276076756,0.04739208568038744
W02000022,2021,0.015986457164752724,1.0871089360073119e-4,-0.0047570336716117895,0.03562878132717017,0.04038581499878196
W02000023,2021,0.014496672885032426,2.3238550723659368e-4,-0.015953916401608287,0.042808663509191866,0.05876257991080015
W02000024,2021,0.025096967051925146,5.7041031861185414e-5,0.011358524865350578,0.03992855358310497,0.028570028717754395
W02000025,2021,0.022041831864408456,7.998517336601904e-5,0.0053767251887615565,0.03864016074517716,0.03326343555641561
W02000026,2021,0.022257448691172955,9.304835398879927e-5,0.004434418858829619,0.04175333842384753,0.037318919565017906
W02000027,2021,0.013842655376353232,2.579848590113127e-4,-0.017700443623863416,0.04396608036862764,0.061666523992491055
W02000028,2021,0.012710162912936215,1.571746511453374e-4,-0.011151847371465372,0.03546289056795911,0.04661473793942448
W02000029,2021,0.00961353342451117,1.2626795098747226e-4,-0.012658766015987574,0.031742039405459395,0.04440080542144697
W02000030,2021,0.011140553842577752,1.5352380293214997e-4,-0.013564059006179354,0.03481881968258019,0.04838287868875954
W02000031,2021,0.018304729030025776,1.4620386576863576e-4,-0.007390750101853277,0.04343877795612163,0.05082952805797491
W02000032,2021,0.011893344428867431,1.2569242695076367e-4,-0.009830800526867842,0.03387789934174869,0.04370869986861653
W02000033,2021,0.02226338590017154,1.19637528698199e-4,0.0037859987630672583,0.04533834040973052,0.04155234164666326
W02000034,2021,0.021550033089242176,1.0455838221347812e-4,6.969653266866005e-4,0.04172934766638116,0.041032382339694556
W02000035,2021,0.019612325643735485,1.0380180018832366e-4,0.0017031093472074945,0.03907412854386384,0.03737101919665635
W02000036,2021,0.017848036998060438,9.592479835514848e-5,-2.784904755057522e-4,0.03733682663284732,0.03761531710835307
W02000037,2021,0.01977114859077788,9.370379453870101e-5,-2.2837787450654773e-4,0.03783508148563981,0.03806345936014636
W02000038,2021,0.015467699187604933,1.1543100314070047e-4,-0.005450712479218543,0.03677926575270433,0.04222997823192287
W02000039,2021,0.01701944100094022,1.4770905314199449e-4,-0.009937742379830843,0.03786251355756784,0.047800255937398686
W02000040,2021,0.019467823640323154,6.73566549256474e-5,0.0041302171135674925,0.03709722113726005,0.032967004023692556
W02000041,2021,0.020259194375887888,7.795804137902468e-5,0.0034412371668677616,0.037810630569480426,0.034369393402612664
W02000042,2021,0.02262120698434517,1.4415687240189017e-4,-0.0015965486234964118,0.04529639506358593,0.04689294368708234
W02000043,2021,0.02821535374187708,1.296472009614203e-4,0.007224021198876794,0.05107936897705237,0.043855347778175575
W02000044,2021,0.025341166876598188,1.2062743398024177e-4,0.003602153604498345,0.045858190514008426,0.04225603690951008
W02000045,2021,0.02510717853232862,1.1730397627852513e-4,0.002655246231982193,0.04493438463780188,0.04227913840581969
W02000047,2021,0.025479698628087053,1.3123328709225407e-4,0.00245030876098854,0.04650450437814534,0.044054195617156795
W02000049,2021,0.02647195455506466,8.663426255713325e-5,0.008779844561436052,0.0444910899605158,0.03571124539907975
W02000050,2021,0.019597895608878393,8.607618408084466e-5,-7.618321250406841e-4,0.03562508435557152,0.0363869164806122
W02000051,2021,0.0213369313623185,8.366796420399049e-5,0.004433977770207768,0.03933541540759124,0.03490143763738347
W02000052,2021,0.027578034669858517,1.0485034702449497e-4,0.009430057045867827,0.04647166190407903,0.0370416048582112
W02000053,2021,0.023745440824243035,8.23843919235957e-5,0.003686577744961593,0.04106553968533701,0.03737896194037541
W02000054,2021,0.02427717229332315,6.32509736375626e-5,0.009412849320669242,0.04220528290984571,0.03279243358917647
W02000055,2021,0.030868477816020784,1.1334686972808921e-4,0.013295878031756735,0.05437867645545988,0.041082798423703146
W02000056,2021,0.024246421029230424,8.460517795141874e-5,0.005726679439551076,0.04362020431948034,0.037893524879929266
W02000057,2021,0.022044900252056136,6.858961883652116e-5,0.003673726515920125,0.037424197252642746,0.03375047073672262
W02000058,2021,0.026711480111452093,1.0981479052391861e-4,0.007362355835828568,0.04823807812134093,0.04087572228551236
W02000059,2021,0.02584954767838476,8.736447781166895e-5,0.008945704905387682,0.04500478435173758,0.0360590794463499
W02000060,2021,0.02505839690732575,9.559064753059418e-5,0.006555769731636627,0.04405876082986657,0.03750299109822994
W02000061,2021,0.03155080222510042,1.2165966914908668e-4,0.011035504827657734,0.05326386449865765,0.042228359670999915
W02000062,2021,0.023595917787543125,8.651676221734349e-5,0.006705406545796578,0.04276671767724401,0.03606131113144743
W02000063,2021,0.018799970474896163,7.585262140445215e-5,0.0020347476021224135,0.03452876809893139,0.03249402049680898
W02000064,2021,0.027407802827963006,1.4526852172884482e-4,0.004617824422095703,0.051966602683772976,0.04734877826167727
W02000065,2021,0.026332084294361464,1.1398240971533426e-4,0.004702736696364405,0.04698870198277472,0.042285965286410314
W02000066,2021,0.02779656499579526,1.1084036871085928e-4,0.007557290211619997,0.04977498754529099,0.04221769733367099
W02000067,2021,0.02091415695368923,1.1540565040893706e-4,-2.39889624689165e-4,0.04092220163094264,0.0411620912556318
W02000068,2021,0.030469022416889684,1.1017788820731912e-4,0.008509787343434487,0.05106932746419249,0.042559540120758
W02000069,2021,0.020797901061863806,8.065122317475366e-5,0.005155389259692384,0.04184551274653707,0.03669012348684469
W02000070,2021,0.02368020666321799,8.24997224621995e-5,0.005755280864328727,0.04209249741762809,0.03633721655329936
W02000071,2021,0.022569942547795215,9.932900441624391e-5,0.004017739560504401,0.04334998690500108,0.03933224734449668
W02000072,2021,0.02851877729505525,1.0587500825414312e-4,0.008958974919775797,0.04865250530465083,0.03969353038487503
W02000073,2021,0.023153112617518158,1.0128920846149532e-4,0.0014461332001557603,0.04322227889432418,0.04177614569416842
W02000074,2021,0.02662629217307858,7.63044922022584e-5,0.010004025764217196,0.04282445231968815,0.032820426555470954
W02000075,2021,0.02367220602582341,8.38431276810483e-5,0.005800705493134229,0.04068170353487276,0.034880998041738526
W02000076,2021,0.02270415950780882,7.912983475801283e-5,0.006001386776054609,0.0397629582537318,0.033761571477677194
W02000077,2021,0.022532364124840738,7.118517259725453e-5,0.007654657981696925,0.039166871283618065,0.03151221330192114
W02000080,2021,0.025006325780194877,1.184492028035571e-4,0.004246435195119929,0.04551512055748537,0.04126868536236544
W02000081,2021,0.026706064397071405,1.0551596692880431e-4,0.008271995986702531,0.04749172359889796,0.03921972761219543
W02000082,2021,0.02724948979220033,1.3234726148663527e-4,0.004031260497638508,0.0493457276314368,0.04531446713379829
W02000083,2021,0.026361001118109902,9.098971275502009e-5,0.008669598786405774,0.045529201735428744,0.03685960294902297
W02000085,2021,0.023135682614708646,1.2735276408137102e-4,5.16050999651831e-4,0.045667229560411346,0.045151178560759515
W02000087,2021,0.04279208168265626,1.490277056191484e-4,0.021406899457531384,0.06886586765242061,0.047458968194889234
W02000088,2021,0.029179565949314777,1.0664606286360645e-4,0.008568215279438393,0.04735639680263891,0.038788181523200516
W02000089,2021,0.035207437825241834,2.4468785463277763e-4,0.005436158641102492,0.0682729315919224,0.06283677295081991
W02000090,2021,0.024544045649280595,7.079142209369198e-5,0.008956257238751132,0.03995353791773623,0.0309972806789851
W02000091,2021,0.025350539312968705,9.033199013779906e-5,0.008714203930480011,0.043352060087195124,0.034637856156715115
W02000092,2021,0.02592420946948587,1.0398209173480727e-4,0.005491068201030705,0.04563850323103191,0.040147435030001205
W02000093,2021,0.026433595921899044,7.497133221600591e-5,0.009940744581583377,0.044785280688791354,0.034844536107207974
W02000094,2021,0.028258562496842395,7.884457200351963e-5,0.010644612522495631,0.04505951794236258,0.03441490541986694
W02000095,2021,0.021684626826939793,1.1729070176654105e-4,0.003092796558823564,0.043946463232994434,0.04085366667417087
W02000096,2021,0.027078382247420353,7.467594128701166e-5,0.011523179799670106,0.0439955160594693,0.0324723362597992
W02000097,2021,0.02566515577794735,6.412044488154733e-5,0.010501435793310972,0.04163452056069302,0.03113308476738205
W02000098,2021,0.021284658479340104,8.72065083546439e-5,0.0021815953722883613,0.037453263417890695,0.035271668045602333
W02000099,2021,0.024634900437753193,1.082281780829338e-4,0.00648445039452014,0.04593598222808032,0.03945153183356018
W02000100,2021,0.029672977236599004,6.284352831957954e-5,0.014108298306520826,0.04518576352269597,0.03107746521617514
W02000101,2021,0.023662527862883656,8.091954504106384e-5,0.005263460599426801,0.039907267134793936,0.03464380653536714
W02000102,2021,0.027211667364209238,6.848973496092766e-5,0.012566434793861403,0.04189001696388125,0.029323582170019846
W02000103,2021,0.028383134457792707,7.246059041643503e-5,0.013810197129857375,0.04582305469975749,0.03201285756990012
W02000104,2021,0.03440685894036255,1.0574498125681965e-4,0.016837315711449162,0.05529597597312687,0.038458660261677706
W02000105,2021,0.0364818033370701,1.1107874767719638e-4,0.017940467350257554,0.05778687753849686,0.039846410188239305
W02000106,2021,0.027512033162832284,7.000567150922639e-5,0.010732564014610195,0.042864593706660986,0.03213202969205079
W02000107,2021,0.030357908138638798,7.368965672597339e-5,0.015087075481766804,0.049101337373895264,0.03401426189212846
W02000108,2021,0.029015274588816496,9.589465217415275e-5,0.011544329262404628,0.047764875517576216,0.036220546255171585
W02000109,2021,0.03987414322151971,1.2164347326041205e-4,0.018669171655639846,0.061640584667096036,0.04297141301145619
W02000110,2021,0.026264525938523752,6.296047169789646e-5,0.011130063276097514,0.04115137550516493,0.030021312229067412
W02000111,2021,0.021358471334783257,6.086105342819204e-5,0.006703558241280888,0.037952091674120184,0.031248533432839294
W02000113,2021,0.031127808088953848,1.7083452043437702e-4,0.008016428037156426,0.06024233919338127,0.05222591115622484
W02000114,2021,0.018617819441083688,6.139075618464912e-5,0.0018117915038301648,0.03340209059839215,0.031590299094561985
W02000116,2021,0.027185602977112193,8.477420613743686e-5,0.007718931960178508,0.04416397996130145,0.03644504800112294
W02000117,2021,0.04827179267555394,9.844960733269998e-5,0.029132798708568025,0.06974509327306766,0.040612294564499635
W02000118,2021,0.04111959922490975,1.3096632419741012e-4,0.0186591821433765,0.06454339118719969,0.04588420904382319
W02000120,2021,0.026975111115370362,9.204174074420261e-5,0.008493221653323713,0.04643369999757718,0.03794047834425347
W02000122,2021,0.027668134866900635,9.089803388083223e-5,0.009326829555965605,0.0475587313199034,0.0382319017639378
W02000123,2021,0.03104637694952115,6.944286186281913e-5,0.01519689609465055,0.04806552403682255,0.032868627942172005
W02000124,2021,0.023759695892281822,8.963028048754407e-5,0.005667701831554621,0.04189222814033801,0.03622452630878339
W02000125,2021,0.02519953331051429,7.526314146356614e-5,0.010189569668757843,0.04243911013300648,0.03224954046424864
W02000126,2021,0.02655268617620102,9.236887921073183e-5,0.008863626711277332,0.04522273379184104,0.03635910708056371
W02000127,2021,0.025185342036116422,1.2277912402549896e-4,0.001586956047805863,0.0459642982725223,0.04437734222471643
W02000128,2021,0.02595379843977294,1.2736095629737782e-4,0.005186662444577434,0.04927495926009131,0.04408829681551388
W02000129,2021,0.028704809494761795,9.326937888413958e-5,0.01341765806164644,0.04831708389247265,0.03489942583082621
W02000130,2021,0.040604552898683186,1.409337572548138e-4,0.016995677845690636,0.06291908546341492,0.04592340761772428
W02000131,2021,0.03253553809067875,1.2029191597303691e-4,0.014026132516741582,0.054840546719588316,0.04081441420284673
W02000132,2021,0.02398799221388967,9.909067233736756e-5,0.0030098052723230503,0.0435068123972709,0.04049700712494785
W02000133,2021,0.03214759952796863,1.1081602920780599e-4,0.012320101360247802,0.05241677268728921,0.04009667132704141
W02000134,2021,0.031369080117240586,1.3759519265779533e-4,0.010973357074579184,0.05652487553845212,0.04555151846387293
W02000135,2021,0.03495391842147872,1.7154325285560166e-4,0.009139212197138091,0.060660966417688575,0.051521754220550484
W02000136,2021,0.022041623177520016,9.764471613041766e-5,9.011586549494389e-4,0.041347669475746515,0.040446510820797074
W02000137,2021,0.03810339595985641,1.5660157594581426e-4,0.015725667590135245,0.06302298933328868,0.04729732174315343
W02000138,2021,0.022121086861146045,1.890324025539187e-4,-0.005793297785800931,0.0461421534236178,0.051935451209418726
W02000139,2021,0.01809449811713285,1.1478534959772901e-4,-0.005048764866372731,0.038202249898294544,0.04325101476466728
W02000140,2021,0.01941784927768287,1.8320620326183024e-4,-0.008950614594403418,0.042297284910475866,0.051247899504879284
W02000141,2021,0.019270888878401327,1.432953799528932e-4,-0.004547439639540381,0.03872522658801869,0.04327266622755907
W02000142,2021,0.02685373904160413,6.85166961575369e-5,0.013062068532224917,0.04344857894278282,0.030386510410557902
W02000143,2021,0.023966709676185454,8.344430905156863e-5,0.003522949316202767,0.039989398648179846,0.036466449331977076
W02000144,2021,0.023275398741716358,8.264712958417776e-5,0.007591540604448508,0.04013670694806505,0.032545166343616545
W02000145,2021,0.020066999422583064,6.828046753466115e-5,0.0043480810455967965,0.033815269367306416,0.02946718832170962
W02000146,2021,0.021661772153355015,7.933466462094366e-5,0.004745859248001782,0.03871150482102208,0.033965645573020294
W02000147,2021,0.02881696302202125,7.708457337992225e-5,0.010802592128746836,0.045684978030251504,0.034882385901504664
W02000148,2021,0.031628154813236976,1.3511836574211055e-4,0.008323998091196194,0.05552571458851317,0.04720171649731698
W02000149,2021,0.027241016704592412,9.845441974170152e-5,0.008121962053679432,0.04665872834232434,0.03853676628864491
W02000151,2021,0.022686661565328992,6.585214764749742e-5,0.006761278117009197,0.03756356751520454,0.03080228939819534
W02000152,2021,0.022946594682164343,7.356970179262202e-5,0.005973276455755562,0.03803504946634417,0.03206177301058861
W02000153,2021,0.021676323932899765,8.119629085668744e-5,0.004198384692308682,0.04078011965328653,0.03658173496097785
W02000154,2021,0.02510755709415087,1.0307252107218669e-4,0.0036239221629789193,0.04523176389218686,0.041607841729207944
W02000156,2021,0.02234536328824367,8.405426766517218e-5,0.003956129417058226,0.04000810726285887,0.036051977845800644
W02000157,2021,0.022778076770100922,8.721710548146845e-5,0.003454883475422393,0.04137562771073891,0.037920744235316516
W02000158,2021,0.024120520630749646,8.020999145513223e-5,0.006267909899611684,0.04309008985426527,0.03682217995465358
W02000159,2021,0.0294538497228207,1.198626872358186e-4,0.005466011790653385,0.05036090228992971,0.04489489049927633
W02000160,2021,0.021284419150578587,9.854263461732769e-5,0.0026421394329435967,0.04085910794885943,0.03821696851591583
W02000161,2021,0.024221208290570652,1.1700863130781065e-4,0.002893514114033757,0.04596253288228261,0.043069018768248854
W02000162,2021,0.02242773863518967,1.4704901522793603e-4,-1.737033945700851e-4,0.04766332535238713,0.047837028746957215
W02000163,2021,0.026292947380010447,1.0448027077458133e-4,0.0065627192551666715,0.04553207503447678,0.03896935577931011
W02000164,2021,0.023258385795178742,9.151444247859752e-5,0.004447416687613439,0.04161448738593746,0.03716707069832402
W02000165,2021,0.028705607338856607,1.106783600601494e-4,0.007949140496097292,0.04878916090422729,0.04084002040812999
W02000166,2021,0.02726839113576956,1.391117307126278e-4,0.004951894229251624,0.048944660788038274,0.04399276655878665
W02000167,2021,0.03050261486103081,1.2692988977692384e-4,0.008146211139361037,0.05409177559835472,0.045945564458993685
W02000168,2021,0.025984551942894608,1.0104493250401056e-4,0.006722829114595505,0.04560692026971734,0.038884091155121835
W02000169,2021,0.025250887848614942,7.600507283429039e-5,0.009309839245045463,0.043806039341771054,0.03449620009672559
W02000170,2021,0.021135650241021212,8.84740999620427e-5,0.0018763364669596586,0.03996881603337615,0.038092479566416496
W02000171,2021,0.019701495518243635,7.427599009921051e-5,9.152946934562142e-4,0.035652278413625324,0.03473698372016911
W02000172,2021,0.018275807147676536,1.3627576390285272e-4,-0.006488398477348608,0.0379421478124726,0.04443054628982121
W02000173,2021,0.022880898526687114,9.720754720813924e-5,0.004779140270474385,0.041635926426904654,0.03685678615643027
W02000174,2021,0.017002831536808625,1.0614883489293032e-4,-0.004425398137653712,0.03555278117844411,0.039978179316097824
W02000175,2021,0.02008349470691425,1.361572091821515e-4,-0.004584717878094842,0.044628188322828194,0.049212906200923036
W02000176,2021,0.018239391006178697,8.14853953900756e-5,4.4896402234501944e-5,0.03466533724889351,0.034620440846659
W02000177,2021,0.019113983930193406,1.3421117566413354e-4,-0.0037633277598913156,0.042126443120022505,0.04588977087991382
W02000178,2021,0.024509101404499183,1.2740644756693278e-4,0.0019120474919261318,0.045844548828324214,0.04393250133639808
W02000179,2021,0.017025819341570273,8.131714693319958e-5,-2.0652927148123463e-4,0.03457180122809101,0.03477833049957225
W02000180,2021,0.02146084334326103,9.779599940263387e-5,0.0011954539710371725,0.038708666353044166,0.03751321238200699
W02000181,2021,0.019968832957514827,1.3122671323723942e-4,-0.0015118202838357128,0.04258451731994538,0.044096337603781094
W02000182,2021,0.02197351790179497,1.2765926099859613e-4,2.2164898893196943e-4,0.04332059017304633,0.043098941184114364
W02000183,2021,0.025663913575426838,9.52860963027931e-5,0.004384924699741534,0.0441567506564398,0.039771825956698266
W02000184,2021,0.022038170733406085,8.65782085264467e-5,0.0033039719308179463,0.04130378699836159,0.037999815067543644
W02000185,2021,0.018410576222067432,1.2477883598805821e-4,-0.005474396161962668,0.04110276883391693,0.046577164995879605
W02000186,2021,0.02668205252726654,1.0241572202667986e-4,0.005326520462948878,0.045394082658179694,0.04006756219523082
W02000188,2021,0.02645290579912349,1.3732902564750067e-4,0.0027023488603990812,0.04924919188309809,0.046546843022699014
W02000189,2021,0.022862467118708214,9.180358684587199e-5,0.0011067444773320207,0.04072748027959519,0.03962073580226317
W02000191,2021,0.031065105066104,1.211835224772218e-4,0.010121831343324915,0.05226396553045639,0.042142134187131475
W02000192,2021,0.031607288511357745,1.1620256369795494e-4,0.010082157597577954,0.05348299540733202,0.04340083780975407
W02000193,2021,0.03225480232775548,1.4883428749327312e-4,0.006772946297074872,0.05514278777514493,0.04836984147807006
W02000194,2021,0.02173240042134376,1.1313746602351214e-4,-5.683559621884355e-4,0.041673758478796855,0.04224211444098529
W02000195,2021,0.01727981415615784,1.1733277419978079e-4,-0.004034260097776681,0.038885943989558296,0.042920204087334976
W02000196,2021,0.02621130070697795,2.0108135729040436e-4,-7.812466023182574e-4,0.051526244262254044,0.0523074908645723
W02000197,2021,0.014976304166746585,1.2908595771984167e-4,-0.007042054752623317,0.037006649637433275,0.04404870439005659
W02000198,2021,0.024338916374501474,1.6278794772088903e-4,-6.497337953067677e-4,0.05080864503301963,0.05145837882832639
W02000200,2021,0.02212800243704316,8.108164015280444e-5,0.004235949508199456,0.03924275677899859,0.035006807270799134
W02000201,2021,0.020454724790751572,7.251516971132483e-5,0.0027867514702809276,0.03619202577724698,0.03340527430696605
W02000202,2021,0.02269501868361757,7.761699270354762e-5,0.003959624608586992,0.03878719768051511,0.03482757307192812
W02000204,2021,0.016990288492221676,9.664796247093329e-5,-0.0032354456281780573,0.035305709583121,0.038541155211299055
W02000205,2021,0.017931764182575187,8.718434598795408e-5,-4.815453477099654e-4,0.03507228040285504,0.035553825750565
W02000206,2021,0.019002681598037093,1.4224272291267276e-4,-0.006317675174180257,0.03907234857809806,0.04539002375227832
W02000207,2021,0.01482636763515277,1.2505281075781075e-4,-0.0064270690524121064,0.03737461679491404,0.04380168584732615
W02000208,2021,0.02318214610984354,1.2206447340884781e-4,-0.002962601742080486,0.04311579177609015,0.04607839351817064
W02000210,2021,0.019320804773791632,1.30702551971032e-4,-0.0012919625688762497,0.041957007635565216,0.04324897020444147
W02000211,2021,0.02133206464057983,1.1025395941497652e-4,0.001666306886572435,0.04173726727042447,0.040070960383852036
W02000212,2021,0.019720720436815404,8.199903637341078e-5,0.0017551178559389435,0.03680293194357577,0.035047814087636825
W02000213,2021,0.013642795073319213,1.0574900240912731e-4,-0.006018278033593788,0.03349060297957292,0.039508881013166706
W02000214,2021,0.015300773962062732,1.7341011026221527e-4,-0.010762776863304652,0.039428321313917075,0.05019109817722173
W02000215,2021,0.01740740072876448,1.528104311389319e-4,-0.00858421178511853,0.0391137468449666,0.047697958630085135
W02000216,2021,0.017026168715198915,1.0543692953744724e-4,-0.004163779667696262,0.035492712904048304,0.03965649257174457
W02000217,2021,0.019644915506366736,1.0028492497210191e-4,-4.68609958907019e-4,0.03803736132616148,0.038505971285068497
W02000218,2021,0.0250053084868359,8.633650117960188e-5,0.006266416902862747,0.04238099633661087,0.03611457943374812
W02000219,2021,0.020700989174176006,1.1524964830458793e-4,-0.0015470444524342281,0.0420187993132925,0.043565843765726725
W02000220,2021,0.023207663805527017,8.131987140545371e-5,0.005995084616859261,0.040762284278967734,0.03476719966210847
W02000221,2021,0.022147790248941507,8.729265678287912e-5,0.0019907542467918126,0.04030783835833289,0.038317084111541076
W02000222,2021,0.019667296753204933,7.983903899753042e-5,0.001966549440645238,0.03697344506048499,0.03500689561983975
W02000223,2021,0.020141705187400796,8.69099453032012e-5,8.694487120675102e-4,0.037187794471204,0.03631834575913649
W02000224,2021,0.022192092869286896,8.966899304946942e-5,0.005212740388723641,0.041838340284165366,0.03662559989544172
W02000225,2021,0.024399931765562016,9.335440303142448e-5,0.004195741042667491,0.04235870345434007,0.03816296241167258
W02000226,2021,0.02045048658182223,8.883162805621571e-5,3.9599997416501424e-4,0.03745974228095636,0.037063742306791346
W02000227,2021,0.026469758279701758,1.0149778902344052e-4,0.007559425358502755,0.04647729109536571,0.038917865736862955
W02000228,2021,0.027395588127933617,9.657346915554957e-5,0.008896778827502106,0.046814403482001804,0.0379176246544997
W02000229,2021,0.024844593662462545,1.348700554253311e-4,7.78793659010635e-4,0.04673470965111953,0.045955915992108895
W02000230,2021,0.0226670204439774,8.739533661120968e-5,0.006280327459297456,0.041701587371039,0.03542125991174155
W02000231,2021,0.030519468887121027,1.1216400183638226e-4,0.011107681295505125,0.05141387207184619,0.040306190776341067
W02000232,2021,0.02178837341677235,8.121159941030284e-5,0.006206611155652094,0.039488786941374365,0.03328217578572227
W02000233,2021,0.023567555762137163,1.345064328786772e-4,0.001816361565859918,0.04670636050771304,0.044889998941853124
W02000234,2021,0.022191752547901723,1.2175920232141012e-4,3.146126434356919e-4,0.042549201277166306,0.04223458863373061
W02000235,2021,0.01539381030587361,1.374634614254059e-4,-0.009275929390524242,0.038515805545787096,0.047791734936311336
W02000236,2021,0.01817431320792828,1.3394410836014843e-4,-0.0023403189206759488,0.039273146242545756,0.0416134651632217
W02000237,2021,0.0238768887645263,7.500635279386866e-5,0.0061916879057341626,0.04369797677560418,0.037506288869870015
W02000238,2021,0.022426215369256895,7.333304199211811e-5,0.005701023350776035,0.0396235786989738,0.03392255534819777
W02000239,2021,0.025093843858762156,6.707612474387798e-5,0.008472239127726388,0.03930818630185513,0.030835947174128745
W02000240,2021,0.034480216538296644,1.0248205949055765e-4,0.014515576670968443,0.05611536752685217,0.04159979085588373
W02000241,2021,0.02955048152269745,1.2941087920707525e-4,0.00515934258446355,0.05014573551294525,0.0449863929284817
W02000242,2021,0.02907565556444141,9.764738679634106e-5,0.011588710594778997,0.048336194838642536,0.03674748424386354
W02000243,2021,0.03556116361538717,9.211323782802973e-5,0.017686619254767368,0.053944708483393,0.03625808922862563
W02000244,2021,0.027607709733528052,9.554648917859689e-5,0.007334160158382503,0.04464291760520311,0.037308757446820606
W02000245,2021,0.033343083163607186,7.771192017415603e-5,0.01673170327044982,0.05035224304751497,0.03362053977706515
W02000246,2021,0.026212937515015265,1.1049379978427909e-4,0.005501210411729988,0.045795627483525475,0.040294417071795485
W02000247,2021,0.023851073098029214,0.00012116209911434882,0.003420683905464167,0.046469950905478515,0.043049267000014345
W02000248,2021,0.03683414838217026,1.188989854552017e-4,0.01749991285233049,0.0591892432367142,0.04168933038438371
W02000249,2021,0.04047367270152031,1.337449683050007e-4,0.018574418139457344,0.06339684919967649,0.044822431060219145
W02000250,2021,0.02570780683978959,7.27853599405845e-5,0.009423808364531175,0.04264888729435146,0.03322507892982029
W02000251,2021,0.037760869903784376,9.881778038006749e-5,0.019599891859179926,0.05694177749158119,0.03734188563240126
W02000252,2021,0.024279574169296422,6.721784477669036e-5,0.006694848223628657,0.039959710235180995,0.033264862011552335
W02000253,2021,0.024110291350438472,9.35278571526549e-5,0.0029728991977868626,0.04413757791570799,0.04116467871792113
W02000254,2021,0.023412278952473376,7.754622764426728e-5,0.006628602666114564,0.03804150011107196,0.0314128974449574
W02000255,2021,0.024346999757309768,7.438769581297541e-5,0.008265816166919994,0.04063438032614643,0.03236856415922643
W02000256,2021,0.02613477958321369,8.11162066137501e-5,0.007523834231879562,0.04302291962313344,0.035499085391253876
W02000257,2021,0.024792698190146185,7.504532400188401e-5,0.008858205356765484,0.040769818828014365,0.03191161347124888
W02000258,2021,0.027839443301716837,8.445934562995547e-5,0.010842131184612516,0.04690805133757263,0.03606592015296011
W02000259,2021,0.02687637960782654,1.0052754948109418e-4,0.00806966525595577,0.04477448720547691,0.03670482194952114
W02000260,2021,0.028303462028509828,7.194284177473643e-5,0.013194422571047842,0.04618349757001223,0.03298907499896439
W02000261,2021,0.02457091714425756,8.325793825470698e-5,0.0061192628253914335,0.04198696966201427,0.03586770683662283
W02000262,2021,0.021071336697375296,1.1928122581127461e-4,-0.0020166336644515974,0.03962406549015056,0.041640699154602154
W02000263,2021,0.026639836736171187,7.928260530066734e-5,0.009980951926479556,0.041846666609555716,0.03186571468307616
W02000264,2021,0.028872186459386367,8.10983247045723e-5,0.011749833601618836,0.04610157974603071,0.034351746144411874
W02000265,2021,0.024958674594231293,1.085586213776585e-4,0.002449676315126813,0.044115680626039995,0.041666004310913184
W02000266,2021,0.02572164524162004,7.450879550433653e-5,0.007199768573675839,0.04105962055038085,0.03385985197670501
W02000267,2021,0.02549056353075916,1.0259610443509846e-4,0.006957946713422595,0.0448607329265157,0.037902786213093106
W02000268,2021,0.02865198395885932,8.074612322438324e-5,0.010709143756776736,0.045903460264416884,0.03519431650764015
W02000269,2021,0.024933385232276686,8.39891809621893e-5,0.006400990398597022,0.04291834475991467,0.036517354361317644
W02000270,2021,0.026172070005552217,7.874661357785319e-5,0.008415924867612935,0.04350821864986325,0.03509229378225032
W02000271,2021,0.02984708388613386,8.562038073219882e-5,0.01369534742720805,0.05047400135597339,0.03677865392876534
W02000272,2021,0.029311760323496715,7.625293803414957e-5,0.014189610894297815,0.045698201113208214,0.0315085902189104
W02000273,2021,0.03719208166763654,8.889511976738347e-5,0.017036159911829656,0.05536020370277205,0.0383240437909424
W02000274,2021,0.030025353227135072,7.75705310701054e-5,0.014487657553188338,0.04841946715352742,0.033931809600339084
W02000275,2021,0.028145291635424934,7.428596886572618e-5,0.011128981894728893,0.04432687440737145,0.03319789251264256
W02000276,2021,0.02992129542597275,8.882665326535028e-5,0.013527624974358403,0.048440064544889416,0.034912439570531015
W02000277,2021,0.029210287335725685,8.467355242163646e-5,0.011642963997583331,0.04625331854523508,0.03461035454765175
W02000278,2021,0.030755196084507306,8.148254704198531e-5,0.015331385585717349,0.04979629728138055,0.034464911695663195
W02000279,2021,0.0274309916581494,8.486096677561635e-5,0.008911389423085227,0.04519751357798392,0.036286124154898694
W02000280,2021,0.02688913216386481,6.152112629540276e-5,0.012111207855728428,0.04082380238579171,0.028712594530063282
W02000281,2021,0.02738176894619332,7.148039172419629e-5,0.011028539045416829,0.04431593073662578,0.03328739169120895
W02000282,2021,0.028499592217831937,6.968332076801079e-5,0.012877399166452216,0.04580522916072363,0.032927829994271414
W02000284,2021,0.031032366182421185,7.055259769234103e-5,0.016038245477084313,0.04675317601761055,0.03071493054052624
W02000285,2021,0.02354808036968015,7.53122583282493e-5,0.007959607469828819,0.03843760461295617,0.030477997143127353
W02000286,2021,0.028004457866405312,8.283154025168469e-5,0.007994036843816728,0.04466709538090165,0.03667305853708492
W02000287,2021,0.029927069143413063,8.552359241436466e-5,0.013003778178295882,0.04835377392824886,0.035349995749952984
W02000288,2021,0.03015721620801588,6.685786656932375e-5,0.015157554771059172,0.046012453724184506,0.030854898953125334
W02000289,2021,0.02948222902865518,6.894631703931254e-5,0.013881537573697186,0.04580842174946324,0.03192688417576606
W02000290,2021,0.02954227313524794,8.079526395121401e-5,0.012708799545107466,0.04938705059956368,0.03667825105445621
W02000291,2021,0.026927406883522183,6.36092761210895e-5,0.011323833182254574,0.042713143585445465,0.03138931040319089
W02000292,2021,0.026654645814551764,8.295030246048885e-5,0.008619492854714871,0.04631538165870157,0.037695888803986694
W02000293,2021,0.02657808989963534,9.570920654834886e-5,0.006426541243345341,0.04508849159290802,0.038661950349562685
W02000294,2021,0.022339658327982785,8.343471804868002e-5,0.006005348767105457,0.04225770218757874,0.03625235342047328
W02000295,2021,0.02047642293805,8.012927032236193e-5,0.0017257259569336135,0.036140569218245266,0.03441484326131165
W02000296,2021,0.0252682675279011,8.520273674338809e-5,0.008026730434180115,0.04483855985259996,0.036811829418419845
W02000297,2021,0.026684004746786096,7.326156993477745e-5,0.010151188894538313,0.04478690867866387,0.03463571978412555
W02000298,2021,0.020874935038301897,9.26386710316008e-5,3.9653360727043513e-4,0.03750178695393851,0.037105253346668074
W02000299,2021,0.023004847246484116,1.0381662775460466e-4,0.0032018683975760763,0.042407692673009444,0.03920582427543337
W02000300,2021,0.022360195654653987,9.500655470266044e-5,0.0018931007128913727,0.04191757154728719,0.040024470834395816
W02000301,2021,0.02741877765570535,8.52787996573895e-5,0.010686005978821488,0.04561468553996229,0.034928679561140805
W02000302,2021,0.025766738739142446,8.054914121878835e-5,0.007104919850480213,0.04317722534180605,0.03607230549132583
W02000303,2021,0.021917586899760897,8.30877729981764e-5,0.004497570537748321,0.0386341590912094,0.03413658855346108
W02000304,2021,0.02367830091913069,7.682792788377446e-5,0.007710520706049866,0.042337380327627086,0.034626859621577216
W02000305,2021,0.02106537677905418,1.3862494013282647e-4,-0.0032603941328266783,0.04377955490767113,0.04703994904049781
W02000306,2021,0.021159448926691506,8.206786519546013e-5,0.0032986908156587987,0.03689811072801806,0.03359941991235926
W02000307,2021,0.031200897799457866,8.176082169633271e-5,0.01484172361589976,0.04901808135250784,0.034176357736608085
W02000308,2021,0.02584665533787951,8.795115802125115e-5,0.006486906028765266,0.04331894250878984,0.036832036480024574
W02000309,2021,0.023574613928158225,7.025944892133812e-5,0.007330943067446121,0.038963307088647287,0.03163236402120116
W02000310,2021,0.02462791584901999,7.421266849261013e-5,0.00835160054930194,0.04123895461781439,0.03288735406851245
W02000311,2021,0.027713417723768452,7.547235177632794e-5,0.012360450386666486,0.04541159209056037,0.03305114170389389
W02000312,2021,0.024205931645247303,9.049564463736129e-5,0.004082225836185499,0.04114556707710948,0.03706334124092398
W02000313,2021,0.026888640388127695,8.409352563322637e-5,0.009110709807706112,0.04502136483722284,0.03591065502951673
W02000314,2021,0.021757500847824195,8.44083773814861e-5,0.002200517888466187,0.038628412426337785,0.0364278945378716
W02000315,2021,0.024284558390405015,1.0112961916248649e-4,0.004829928661150701,0.04791650003880621,0.04308657137765551
W02000316,2021,0.02321028178505663,8.382825021567302e-5,0.004513107209993811,0.04131966807798232,0.03680656086798851
W02000317,2021,0.02214324984551671,8.44889427389393e-5,0.002991374126424008,0.038424192075910454,0.035432817949486446
W02000318,2021,0.0235552812366053,8.127828033655906e-5,0.006159392948681399,0.04088539510726731,0.034726002158585914
W02000319,2021,0.024659541398870943,7.107575098623341e-5,0.008109915287185143,0.040942096863990175,0.032832181576805036
W02000320,2021,0.024441337991911338,7.141338573643393e-5,0.007727648798127134,0.0408774962155392,0.03314984741741206
W02000321,2021,0.02151088694393883,7.59000807657171e-5,0.003925090206960519,0.037176368765649254,0.033251278558688736
W02000322,2021,0.022702081464314496,8.825442326377051e-5,0.0028367338683383562,0.039053987129174766,0.03621725326083641
W02000323,2021,0.023024517430140293,8.1340425273831e-5,0.003974502632616546,0.0398092625317914,0.03583475989917485
W02000324,2021,0.020093497111760658,6.33304919882446e-5,0.004325498257520084,0.03524848375101146,0.030922985493491373
W02000325,2021,0.023621335594160648,8.669633678418715e-5,0.0065836448255294985,0.04170772378095084,0.03512407895542134
W02000326,2021,0.019657407273489833,8.24579556631543e-5,0.001845677325989416,0.03800152386791928,0.03615584654192987
W02000327,2021,0.015234192598789085,9.338684892878143e-5,-0.0027529811485935856,0.03333854339844196,0.03609152454703554
W02000328,2021,0.01609859801597408,9.364838510749417e-5,-0.003961689880000922,0.032295256198423765,0.03625694607842469
W02000329,2021,0.019675779253631964,9.51947165115003e-5,-1.9866180384402415e-4,0.036632014333212524,0.036830676137056546
W02000330,2021,0.016565578212655613,8.349846265055371e-5,-0.0018642945889308766,0.03421460344964378,0.036078898038574655
W02000331,2021,0.025898559120353794,1.1330450329691311e-4,0.006287227820403765,0.04671940769168758,0.040432179871283815
W02000332,2021,0.02086035605782051,7.890937355629051e-5,0.003544636399122704,0.03802338197921809,0.034478745580095387
W02000333,2021,0.02362308372372797,9.068627115161899e-5,0.005223542047276233,0.043791290214468676,0.03856774816719244
W02000334,2021,0.019608431786920226,8.279325813619889e-5,0.001165599630994902,0.03652585494522985,0.03536025531423495
W02000335,2021,0.017008704145293218,7.867787151942101e-5,-0.0025871282266833173,0.033514080234935115,0.036101208461618434
W02000336,2021,0.01828589939172936,6.638462701097951e-5,0.0023406586757570157,0.03622177074239549,0.03388111206663848
W02000337,2021,0.025977379009178597,1.6409255411252202e-4,0.0028009521196379716,0.04991355534936144,0.04711260322972347
W02000338,2021,0.01780054048593102,7.65767188054574e-5,4.284217151706768e-4,0.037380203300566225,0.03695178158539555
W02000339,2021,0.011647787493764217,1.3255711381424402e-4,-0.01118901130968534,0.03439589100221596,0.0455849023119013
W02000340,2021,0.013474966037723937,7.566355016571971e-5,-0.002566040342531167,0.03171583837570265,0.03428187871823382
W02000341,2021,0.013714338200487517,6.195109768826942e-5,-0.002342551927874263,0.027063145772601566,0.029405697700475828
W02000342,2021,0.018187142195044248,8.567973437504894e-5,-1.8538908839578044e-4,0.03588615005972859,0.03607153914812437
W02000343,2021,0.019447735054339756,1.2847753524512654e-4,-0.003451772342616359,0.03942481985222039,0.04287659219483675
W02000344,2021,0.01952935663483172,8.40098307664758e-5,-1.8969095710026293e-4,0.03617705443425122,0.036366745391351485
W02000345,2021,0.020371217294269113,1.118935989647164e-4,-0.0019562009564589936,0.04208582043499634,0.044042021391455334
W02000346,2021,0.019950029190590742,1.1574583871806165e-4,-0.0021528894513279427,0.04270101745737811,0.044853906908706054
W02000347,2021,0.018689322071370876,9.326579879488716e-5,-5.625948030012556e-4,0.03754640050201977,0.03810899530502102
W02000348,2021,0.015515912441810432,1.3707917025077633e-4,-0.007436769677994095,0.03606591063058757,0.04350268030858166
W02000349,2021,0.022371742509798183,1.0042057639442286e-4,0.0028189545595868055,0.043078183085872496,0.04025922852628569
W02000350,2021,0.01917872444698303,7.961811052208962e-5,0.002410137222992312,0.037226131893728365,0.03481599467073605
W02000351,2021,0.012547238313058161,2.3064215213529078e-4,-0.02021006746329049,0.040362606233343194,0.06057267369663369
W02000352,2021,0.0223996486816134,1.6486519997099163e-4,-0.004765811879094481,0.043267960432356645,0.048033772311451124
W02000353,2021,0.014329037052787754,2.09244826743029e-4,-0.015989344718383047,0.03999008620365084,0.05597943092203389
W02000354,2021,0.011543399993068129,1.4650630203493658e-4,-0.01595894282664021,0.03298034317051804,0.04893928599715825
W02000355,2021,0.018937624647221773,7.926554211244378e-5,6.806827321000602e-4,0.03431655536262673,0.03363587263052667
W02000356,2021,0.021457490190703046,1.120568352427971e-4,-6.850213528301155e-4,0.04046929061675535,0.041154311969585466
W02000357,2021,0.01699562122419182,1.7757721281165323e-4,-0.014720282931201294,0.04239369675015395,0.057113979681355245
W02000358,2021,0.019073224592129574,1.0123305465251465e-4,-1.9547068704481063e-4,0.038383281964352006,0.03857875265139682
W02000359,2021,0.01953536072760289,1.5665722046121993e-4,-0.0094061309282966,0.04319507533871875,0.052601206267015345
W02000360,2021,0.027612856216520515,1.4278479429707415e-4,0.00429100965966618,0.05106440235312885,0.046773392693462666
W02000361,2021,0.016426725812072305,1.238599060411292e-4,-0.009023489630468076,0.03702813193513865,0.04605162156560673
W02000362,2021,0.019513026481193164,1.221929883354949e-4,-0.004018418186673575,0.037737650289214136,0.04175606847588771
W02000363,2021,0.018807078158489098,1.4080581475735612e-4,-0.0051867193652183055,0.042797553842759975,0.04798427320797828
W02000364,2021,0.02841567054209385,1.9411106822056249e-4,-3.325233980563033e-4,0.05606656857926291,0.05639909197731922
W02000365,2021,0.02710602902408102,1.4816918266473034e-4,0.004090998659735966,0.05106393001345459,0.046972931353718626
W02000366,2021,0.022282119450827573,8.177872558615873e-5,0.0037245408638473575,0.038951249316936117,0.035226708453088756
W02000367,2021,0.025782030726642917,1.0456818348152181e-4,0.0038146581114105647,0.04667791817834358,0.042863260066933015
W02000368,2021,0.03487743508050539,1.3586110107654208e-4,0.014607423969265405,0.06003581323261875,0.045428389263353346
W02000369,2021,0.029435593282360253,7.889997691974228e-5,0.012834420295003795,0.04790034244217784,0.03506592214717405
W02000370,2021,0.02980358099805822,1.1771126323918972e-4,0.01166290013939363,0.050616451299600324,0.03895355116020669
W02000371,2021,0.033743840997462325,1.186567483943733e-4,0.014039881727746357,0.05623733624078407,0.04219745451303772
W02000372,2021,0.03810220346635034,1.1983183912342805e-4,0.02041056759812418,0.06595099835291844,0.04554043075479426
W02000373,2021,0.039601915148666574,1.2097492900592767e-4,0.019443616416507534,0.0603366655228111,0.040893049106303564
W02000374,2021,0.03320667820200622,1.0677983152834844e-4,0.015092062267473817,0.05345171295885534,0.038359650691381524
W02000375,2021,0.0441649988495824,1.4199834327072497e-4,0.02221341262621445,0.06813567607681337,0.04592226345059892
W02000376,2021,0.033803410901926866,8.544113768725233e-5,0.016132323967411377,0.05341694417486316,0.03728462020745178
W02000377,2021,0.032664340458798825,1.183548425465491e-4,0.010576553092467463,0.05295347442800904,0.04237692133554158
W02000378,2021,0.03268606313769471,1.229781299704911e-4,0.01117600787277679,0.05603147802101936,0.04485547014824257
W02000379,2021,0.042772094442578505,1.6298659348406788e-4,0.019642118879556955,0.06831235914715839,0.04867024026760143
W02000380,2021,0.029143033768512724,7.422890563107464e-5,0.012603768606009228,0.0459039496678037,0.03330018106179447
W02000381,2021,0.0436265095755931,1.5047463331754573e-4,0.02136281253314424,0.07224764804330379,0.05088483551015955
W02000382,2021,0.040561096457989554,1.6944056828496352e-4,0.015505145733636348,0.06682261878091322,0.05131747304727688
W02000383,2021,0.037156238945407614,1.36220313350426e-4,0.016031716855826595,0.05924852680941908,0.04321680995359249
W02000384,2021,0.031159702159493513,9.2302679281413e-5,0.011450835712859746,0.0499066989633987,0.03845586325053896
W02000385,2021,0.034351305018020105,8.832649982261913e-5,0.015820270918723248,0.05327552990249415,0.0374552589837709
W02000386,2021,0.029294671990370384,1.2778357471117738e-4,0.007449407805789877,0.05135823509551752,0.04390882728972764
W02000387,2021,0.030980744612874308,1.0565924894434651e-4,0.012714098265875584,0.052382397606986875,0.03966829934111129
W02000388,2021,0.03403904920622511,1.1821028612306699e-4,0.015482415732551538,0.057403700370763144,0.041921284638211605
W02000389,2021,0.03664571763881345,8.893489926254317e-5,0.019927748726519,0.054726246926694866,0.034798498200175866
W02000390,2021,0.03050273194349013,1.0687626789271319e-4,0.011484306460066141,0.05049962095223303,0.039015314492166886
W02000391,2021,0.04982674897747313,1.1556743886715654e-4,0.029667860129711444,0.07052277705839324,0.0408549169286818
W02000392,2021,0.03740876073536677,1.11043011887214e-4,0.02022948708559275,0.05976777386644164,0.03953828678084889
W02000393,2021,0.0398280356991892,1.0443947238295963e-4,0.023053378122058363,0.0618200129740205,0.038766634851962134
W02000394,2021,0.051053374934267835,8.828897984436411e-5,0.03441335930499582,0.06951134431469419,0.03509798500969837
W02000395,2021,0.03962665292605711,1.3493522053475906e-4,0.018113672171887526,0.06338751198921802,0.04527383981733049
W02000396,2021,0.048055842404605094,1.0853898217620778e-4,0.02837780799932399,0.06824291661921528,0.03986510861989129
W02000397,2021,0.04007865040336445,1.4004464977293837e-4,0.02028849109729753,0.06328401127976543,0.042995520182467904
W02000398,2021,0.06050007659488916,1.2455043722775627e-4,0.04088951014334531,0.0844580346997364,0.04356852455639108
W02000399,2021,0.056780093431773725,1.2848376145399736e-4,0.03743900710176284,0.07950011233451537,0.042061105232752534
W02000400,2021,0.044246986211499216,1.0281633617944577e-4,0.025941259592983202,0.06361785334241704,0.03767659374943384
W02000401,2021,0.04811289157053252,1.9969249372006e-4,0.02601681351470193,0.080844331124416,0.05482751760971406
W02000402,2021,0.05308338873932337,1.3764087994357383e-4,0.032041252330593295,0.0757423783016064,0.04370112597101311
W02000403,2021,0.041903391943190246,1.1254344080611733e-4,0.021563429012594306,0.06265576993920527,0.04109234092661096
W02000404,2021,0.04941331863331729,1.2422277763205153e-4,0.02966630942178465,0.07086031883471267,0.041194009412928015
W02000405,2021,0.04419711019480928,1.2722593169491725e-4,0.025627109322192098,0.06870659695793396,0.04307948763574186
W02000406,2021,0.051949370303551484,1.8063649208295847e-4,0.02866665081551089,0.08000128512635318,0.05133463431084229
W02000407,2021,0.03773012172231827,1.4097015688683482e-4,0.014291945127265593,0.06035141862680676,0.04605947349954117
W02000408,2021,0.05223344952191141,1.3729023988520725e-4,0.03059701888359563,0.07670405769166415,0.04610703880806852
W02000409,2021,0.038841976616550346,1.1417394329282034e-4,0.019722018074012217,0.06054614478164312,0.0408241267076309
W02000410,2021,0.06038028509530787,1.9515367869557998e-4,0.03879054379249648,0.08945116120869767,0.05066061741620119
W02000411,2021,0.03925261649203524,1.5384113121706534e-4,0.015703548447634764,0.06386797113428186,0.0481644226866471
W02000412,2021,0.05057639957575689,1.4607800823506192e-4,0.02846312007338466,0.07645406615923873,0.047990946085854073
W02000414,2021,0.02280344546103839,6.525632198471057e-5,0.0069282779692034875,0.039868070735256375,0.03293979276605289
W02000415,2021,0.032889246707931925,8.045837796555062e-5,0.015262295629670566,0.04906000701805014,0.03379771138837957
W02000416,2021,0.02159936768864521,5.827739022783456e-5,0.006992652171532738,0.038325373352028846,0.03133272118049611
W02000417,2021,0.02085689552549778,1.1709692610977081e-4,-1.9820567806796068e-4,0.0395652242460815,0.03976342992414946
W02000418,2021,0.025929442203984354,7.06146415014741e-5,0.008432719499542668,0.04115983102727598,0.03272711152773331
W02000419,2021,0.02017396816449616,1.1310863371331684e-4,-0.0013516459227463158,0.041187352688145114,0.04253899861089143
W02000421,2021,0.02821321003922307,5.202644541363834e-5,0.013644208149027861,0.045184028893955286,0.03153982074492742
W02000422,2021,0.0575061678232497,1.3399019219199413e-4,0.03685124145059595,0.08060639411044049,0.04375515265984454
W02000423,2021,0.05490832862011988,1.1672143246257994e-4,0.03672652598715235,0.07695251722064253,0.04022599123349018
W02000424,2021,0.023158358161828357,8.943620709848009e-5,0.006234097796924339,0.042881444546977315,0.036647346750052975
W02000425,2021,0.031221336843760723,8.448615293488193e-5,0.015175503082797932,0.04749070814033243,0.032315205057534505
W02000426,2021,0.022483158962498702,1.2381357714912148e-4,6.00051711151423e-4,0.04514698196206515,0.04454693025091373
W02000427,2021,0.02050824669271225,5.598968859727763e-5,0.004272244557295746,0.03698239303050789,0.032710148473212144
W02000428,2021,0.018546874697837036,1.0009838232179035e-4,-0.0025918451329000067,0.03604119777504312,0.03863304290794312
W02000001,2023,0.03156048930254778,9.431319384915365e-5,0.01343641206042283,0.05059270106394541,0.03715628900352258
W02000002,2023,0.026096736757484817,8.992385104515363e-5,0.005998293974457928,0.04498192945954318,0.03898363548508525
W02000003,2023,0.05220758890595081,2.4184269946627774e-4,0.025779769377902384,0.08549921052527422,0.059719441147371835
W02000004,2023,0.0383663085896129,1.3347304445300993e-4,0.017226054915118645,0.06378898888766939,0.04656293397255074
W02000005,2023,0.023024745206841144,1.1204522058604149e-4,-7.310242792344496e-5,0.04139808255668869,0.041471184984612136
W02000006,2023,0.033461768683575886,8.738540738958362e-5,0.01408082246522991,0.05110970794143875,0.03702888547620884
W02000007,2023,0.037428375352193975,9.383897134957573e-5,0.018774029755272217,0.058725630673925625,0.03995160091865341
W02000008,2023,0.024882969420810964,1.6941496998235147e-4,-0.0012453261957321726,0.04874243237360165,0.04998775856933382
W02000009,2023,0.029378777880905944,9.416721943714593e-5,0.008255829969847394,0.04773960886499788,0.039483778895150486
W02000010,2023,0.04550308112195467,2.180271556553991e-4,0.013523861228218763,0.07164150332455796,0.0581176420963392
W02000011,2023,0.035019873645562964,1.1814130576514425e-4,0.014747581593750291,0.05699030648703749,0.042242724893287203
W02000012,2023,0.032669536174525095,9.680341763367398e-5,0.016068219710721345,0.054089536187680004,0.03802131647695866
W02000013,2023,0.032899052352819,1.2407240813284826e-4,0.012351867289855888,0.05460712269810186,0.04225525540824597
W02000014,2023,0.03405838035694607,7.298218139185997e-5,0.01858625041195583,0.052048058526308935,0.033461808114353106
W02000015,2023,0.0337396581182133,1.5407416127512588e-4,0.007299750531194204,0.05987411314435328,0.05257436261315908
W02000016,2023,0.030484068390135878,9.356691533637806e-5,0.01168038873703018,0.048677001275104256,0.036996612538074077
W02000017,2023,0.03114988912382687,1.2299488179677207e-4,0.009508115407141894,0.05395021017051366,0.04444209476337176
W02000018,2023,0.03317158896587817,8.804012998678313e-5,0.01742978074417233,0.05146211451020613,0.034032333766033804
W02000019,2023,0.02722860768736098,7.949867126753576e-5,0.009463508393090323,0.04367572676440512,0.0342122183713148
W02000020,2023,0.029951689349676146,1.0665393756458216e-4,0.009689463931694632,0.05094773188468593,0.0412582679529913
W02000021,2023,0.030619402633914307,1.6191880934638659e-4,0.005413537136780475,0.05361589594864806,0.04820235881186759
W02000022,2023,0.026491109441154653,1.0617996525558252e-4,0.005983959042653975,0.046900533476221806,0.04091657443356783
W02000023,2023,0.025001325161434353,2.3520081925704848e-4,-0.0043333034673095835,0.053766328528761204,0.05809963199607079
W02000024,2023,0.035601619328327075,5.411429742567117e-5,0.020484183495760214,0.05125163847822871,0.030767454982468495
W02000025,2023,0.032546484140810385,8.55829047745408e-5,0.013872241300191534,0.05035602582877255,0.03648378452858102
W02000026,2023,0.032762100967574884,9.535578979069298e-5,0.014194100962423817,0.05278678003649002,0.0385926790740662
W02000027,2023,0.02434730765275516,2.6266054917860923e-4,-0.00893344818447201,0.05432337385602021,0.06325682204049221
W02000028,2023,0.023214815189338142,1.5807586366261173e-4,-0.0020474408986594687,0.04671939118072935,0.04876683207938882
W02000029,2023,0.0201181857009131,1.2978718372580591e-4,-0.004057824396719001,0.04079514747455899,0.04485297187127799
W02000030,2023,0.021645206118979677,1.5543309265131152e-4,-0.003658255582844905,0.043811729761479734,0.04746998534432464
W02000031,2023,0.028809381306427705,1.4483691522618647e-4,0.003964469204713797,0.05268570279526687,0.04872123359055307
W02000032,2023,0.02239799670526936,1.3236920133889677e-4,-0.001743981166551732,0.04285666389772117,0.0446006450642729
W02000033,2023,0.03276803817657347,1.175836927800772e-4,0.013804820143908108,0.05480076815812532,0.04099594801421721
W02000034,2023,0.032054685365644105,1.0584157406947043e-4,0.012045912753102867,0.05255006184283932,0.04050414908973646
W02000035,2023,0.03011697792013741,1.0486613910857298e-4,0.01056203309277598,0.050648215663019025,0.040086182570243045
W02000036,2023,0.028352689274462363,9.627401638287999e-5,0.010811819521288834,0.048391496452757164,0.03757967693146833
W02000037,2023,0.03027580086717981,1.0011501424534537e-4,0.010430217048677918,0.04935134817057474,0.038921131121896824
W02000038,2023,0.025972351464006862,1.1601696444314025e-4,0.0045172514847319,0.04683468570040927,0.04231743421567737
W02000039,2023,0.027524093277342145,0.00014641112453848469,0.0031438730445620625,0.04943969943690508,0.04629582639234302
W02000040,2023,0.029972475916725083,6.581848123761494e-5,0.015245952823387851,0.04546141798955438,0.03021546516616653
W02000041,2023,0.030763846652289817,7.501240451558751e-5,0.015342007902657674,0.049058417536654415,0.03371640963399674
W02000042,2023,0.0331258592607471,1.415862099636853e-4,0.009057207679327592,0.05454239540718134,0.045485187727853746
W02000043,2023,0.038720006018279005,1.3154565503391622e-4,0.017784605152033738,0.06282942099969324,0.0450448158476595
W02000044,2023,0.035845819153000114,1.1758740594505959e-4,0.01774674909477338,0.05716933730750966,0.03942258821273628
W02000045,2023,0.03561183080873055,1.20983167784686e-4,0.013024585024909855,0.05533650778133019,0.04231192275642033
W02000047,2023,0.03598435090448898,1.268708785429342e-4,0.014152352725708028,0.056470694577082176,0.04231834185137415
W02000049,2023,0.036976606831466585,9.1069416800494e-5,0.018792983569747998,0.057754917675309686,0.03896193410556169
W02000050,2023,0.03010254788528032,7.838225942616722e-5,0.011671831596613894,0.04556657725473974,0.03389474565812585
W02000051,2023,0.03184158363872043,8.434971597640158e-5,0.014267638689206052,0.04991825684163616,0.035650618152430105
W02000052,2023,0.03808268694626044,1.0108646758218415e-4,0.018414945124366644,0.05662144086428435,0.038206495739917704
W02000053,2023,0.03425009310064496,7.895998426489507e-5,0.016592532051840428,0.05225577039975178,0.03566323834791135
W02000054,2023,0.034781824569725076,7.128092703863726e-5,0.01854549461578542,0.05169417476482546,0.033148680149040044
W02000055,2023,0.04137313009242271,1.1914749775256939e-4,0.022740193648130166,0.06559272691093689,0.04285253326280672
W02000056,2023,0.03475107330563235,8.791942081091261e-5,0.017687812409826822,0.05634817689017367,0.03866036448034685
W02000057,2023,0.032549552528458064,6.903646654053015e-5,0.015786768820314052,0.04823381624275594,0.03244704742244189
W02000058,2023,0.037216132387854026,1.0995943047746275e-4,0.017162662220740713,0.05810896010937621,0.0409462978886355
W02000059,2023,0.036354199954786684,9.108826798242273e-5,0.020021179689530114,0.05514056202127055,0.03511938233174044
W02000060,2023,0.03556304918372768,1.014208781478875e-4,0.01649026220885242,0.05438358533361602,0.0378933231247636
W02000061,2023,0.042055454501502346,1.2775053762893444e-4,0.01904683102968468,0.06493964153787787,0.045892810508193195
W02000062,2023,0.034100570063945054,8.949202534850913e-5,0.013880065991222679,0.053132985590032336,0.03925291959880966
W02000063,2023,0.02930462275129809,8.501382053275157e-5,0.011522611967825303,0.047691696357986285,0.036169084390160984
W02000064,2023,0.03791245510436493,1.4609050433357572e-4,0.014211060852775993,0.06147570331390246,0.047264642461126466
W02000065,2023,0.0368367365707634,1.1901114797696384e-4,0.01522874740306688,0.05797718738001921,0.04274843997695233
W02000066,2023,0.03830121727219719,1.0753921508095965e-4,0.018637263035226927,0.05846175377777537,0.039824490742548443
W02000067,2023,0.03141880923009116,1.1570198308138482e-4,0.01053051813017171,0.050573653228217,0.04004313509804529
W02000068,2023,0.04097367469329161,1.0947422982632299e-4,0.019208474737951245,0.06034686669737736,0.04113839195942612
W02000069,2023,0.03130255333826573,8.954529107924428e-5,0.013032405087713682,0.05113287982078877,0.03810047473307509
W02000070,2023,0.034184858939619915,9.31247226578545e-5,0.014672470983167585,0.053940522018452945,0.039268051035285356
W02000071,2023,0.03307459482419714,1.0153379377566451e-4,0.0142001513347145,0.054479449872700786,0.040279298537986286
W02000072,2023,0.03902342957145718,1.1143573312665412e-4,0.018099921205241024,0.059157288477887995,0.04105736727264697
W02000073,2023,0.033657764893920084,1.0385823160537714e-4,0.013164618291973205,0.05371208523955648,0.04054746694758327
W02000074,2023,0.03713094444948051,7.983033138038156e-5,0.019594151050682494,0.05321752580524385,0.033623374754561355
W02000075,2023,0.03417685830222534,8.979308203027474e-5,0.014195145308281806,0.05303487126716401,0.0388397259588822
W02000076,2023,0.03320881178421075,9.14815763724532e-5,0.014569183240933306,0.054005022533048744,0.039435839292115436
W02000077,2023,0.033037016401242666,7.749449788479401e-5,0.017644994337695993,0.051114348637093146,0.03346935429939715
W02000080,2023,0.0355109780565968,1.2413243411881552e-4,0.01254766574226657,0.0573365201902639,0.04478885444799732
W02000081,2023,0.03721071667347333,1.2003253770795236e-4,0.016521766868632833,0.05950575607992313,0.0429839892112903
W02000082,2023,0.03775414206860226,1.4019659483300445e-4,0.01547098444979899,0.062346913913696386,0.046875929463897396
W02000083,2023,0.03686565339451183,9.117847979574156e-5,0.01842740633141928,0.0560110558439984,0.03758364951257912
W02000085,2023,0.033640334891110575,1.395870622705988e-4,0.008477244745997509,0.05675760354482443,0.048280358798826924
W02000087,2023,0.05329673395905819,1.5018031976082288e-4,0.031697452350065436,0.07796294201047256,0.046265489660407125
W02000088,2023,0.0396842182257167,1.1834388692590729e-4,0.018804686245291646,0.061071291116682844,0.042266604871391195
W02000089,2023,0.04571209010164376,2.4702086073827593e-4,0.017626049119979656,0.07725157278307807,0.05962552366309841
W02000090,2023,0.03504869792568252,7.899627984217298e-5,0.018286643967555888,0.05130624193071679,0.0330195979631609
W02000091,2023,0.03585519158937063,9.835857025539187e-5,0.016358855542870813,0.05445657064542796,0.03809771510255715
W02000092,2023,0.036428861745887796,1.1036971960494612e-4,0.01386825685477949,0.056174397701895924,0.04230614084711644
W02000093,2023,0.03693824819830097,8.373458943864401e-5,0.020188492303320784,0.05605385801647307,0.035865365713152283
W02000094,2023,0.03876321477324432,8.661558340250214e-5,0.0198642720977463,0.056348580504076186,0.036484308406329886
W02000095,2023,0.03218927910334172,1.2551641101220162e-4,0.011232946820007018,0.054681594929343005,0.04344864810933599
W02000096,2023,0.03758303452382228,8.345943764303901e-5,0.02016211654579118,0.05536807970198606,0.03520596315619488
W02000097,2023,0.03616980805434928,6.450891036432011e-5,0.020566226533485173,0.052476768812950006,0.03191054227946483
W02000098,2023,0.03178931075574203,8.831526691192512e-5,0.011643527255322784,0.050930391930552224,0.03928686467522944
W02000099,2023,0.03513955271415512,1.161886164539184e-4,0.015083196811508014,0.05617325036982556,0.041090053558317546
W02000100,2023,0.04017762951300093,5.857607316949604e-5,0.026764899084010176,0.056839401537396694,0.03007450245338652
W02000101,2023,0.03416718013928558,8.90641040635407e-5,0.01505051402105009,0.05231924433805666,0.037268730317006574
W02000102,2023,0.037716319640611166,6.970911822235265e-5,0.02084540198131305,0.05341272109428624,0.03256731911297319
W02000103,2023,0.038887786734194636,7.386681969830926e-5,0.02304009756170849,0.05506002077778049,0.032019923216072
W02000104,2023,0.044911511216764476,1.1188133047897299e-4,0.024205463377005767,0.06525832474309623,0.04105286136609046
W02000105,2023,0.04698645561347203,1.1109691273664276e-4,0.028213907366997984,0.06856107223615177,0.04034716486915378
W02000106,2023,0.03801668543923421,6.894899669992273e-5,0.02034731406065904,0.05368849447039027,0.03334118040973123
W02000107,2023,0.04086256041504072,7.127045812806721e-5,0.025657701111012232,0.05745572786564543,0.031798026754633196
W02000108,2023,0.03951992686521842,9.001439197221044e-5,0.022850387477092438,0.0595338015092782,0.036683414032185765
W02000109,2023,0.05037879549792164,1.1942420693887984e-4,0.029093107693149243,0.07262435291527619,0.04353124522212695
W02000110,2023,0.03676917821492568,6.498450121016875e-5,0.01997135907403117,0.05310719325920513,0.033135834185173955
W02000111,2023,0.031863123611185186,6.156777279316774e-5,0.016115365383646035,0.045220635117417626,0.02910526973377159
W02000113,2023,0.041632460365355776,1.7349183365732864e-4,0.0181031048743981,0.06842570428137854,0.05032259940698043
W02000114,2023,0.029122471717485613,5.8239425484940435e-5,0.013760344717888342,0.04304478139964272,0.02928443668175438
W02000116,2023,0.037690255253514125,8.756125812033339e-5,0.017669288549468656,0.05524709924939894,0.037577810699930284
W02000117,2023,0.05877644495195587,9.99352973592967e-5,0.04071292676518497,0.07857436231119683,0.03786143554601186
W02000118,2023,0.051624251501311676,1.3306543880875629e-4,0.029455415373364206,0.07263402581651374,0.04317861044314953
W02000120,2023,0.03747976339177229,9.349707996525248e-5,0.020477417058805278,0.05704735089651649,0.03656993383771121
W02000122,2023,0.038172787143302564,8.730221976982029e-5,0.02131111620469634,0.05726317693180677,0.03595206072711043
W02000123,2023,0.041551029225923075,7.002082024391307e-5,0.025770902550835213,0.059353736560229305,0.03358283400939409
W02000124,2023,0.034264348168683754,9.489310062368891e-5,0.01533535411389023,0.05240427950745876,0.03706892539356853
W02000125,2023,0.035704185586916216,6.943454661486811e-5,0.020011839827669464,0.05159198742918057,0.03158014760151111
W02000126,2023,0.03705733845260295,9.186297056697065e-5,0.01901067760481985,0.05620077003080064,0.037190092425980786
W02000127,2023,0.03568999431251835,1.251401114992376e-4,0.012087160117018844,0.05639257799479114,0.04430541787777229
W02000128,2023,0.036458450716174866,1.2752945787049416e-4,0.014846941058654726,0.05782311627619127,0.04297617521753655
W02000129,2023,0.039209461771163724,8.923237768698659e-5,0.022573013438994344,0.05958922455913768,0.03701621112014333
W02000130,2023,0.05110920517508511,1.4884837446234235e-4,0.02832358336811658,0.07257242995052901,0.04424884658241243
W02000131,2023,0.04304019036708068,1.202951316091942e-4,0.02314358751109427,0.06402795822863622,0.040884370717541946
W02000132,2023,0.0344926444902916,9.848230055527641e-5,0.015478121424679563,0.05479399991795254,0.03931587849327298
W02000133,2023,0.04265225180437056,1.1371820539850357e-4,0.023793317098064804,0.06361629877141578,0.03982298167335098
W02000134,2023,0.04187373239364251,1.393522954311903e-4,0.022203742785476106,0.06616103973502568,0.04395729694954958
W02000135,2023,0.045458570697880646,1.7153478876307543e-4,0.01865518471440806,0.07139383064949992,0.05273864593509186
W02000136,2023,0.03254627545392194,1.0069442651245655e-4,0.012774577272880776,0.05162437774276295,0.03884980046988217
W02000137,2023,0.04860804823625833,1.5216476779990988e-4,0.026930112518664787,0.07075157990304515,0.043821467384380364
W02000138,2023,0.032625739137547974,1.870156909110309e-4,0.004362632184022338,0.05818134433021152,0.053818712146189183
W02000139,2023,0.028599150393534778,1.1657637216365904e-4,0.00926655901266627,0.05056349396978964,0.04129693495712337
W02000140,2023,0.029922501554084796,1.8059187345734524e-4,0.002681983023540815,0.05303685970637339,0.050354876682832575
W02000141,2023,0.029775541154803256,1.372558035048157e-4,0.006891001136521557,0.04986312775218134,0.04297212661565978
W02000142,2023,0.03735839131800606,6.873516651612498e-5,0.022839340123120094,0.05463526130863161,0.031795921185511514
W02000143,2023,0.03447136195258738,8.686785263258316e-5,0.014084940241517605,0.050727352797329504,0.036642412555811896
W02000144,2023,0.03378005101811828,7.622086308789468e-5,0.0174824054713002,0.05089873561909447,0.03341633014779427
W02000145,2023,0.030571651698984993,7.364597665348773e-5,0.012550087848170126,0.04489364995863258,0.03234356211046245
W02000146,2023,0.032166424429756944,7.918885523439618e-5,0.012871723063086333,0.04794601711340386,0.035074294050317534
W02000147,2023,0.03932161529842318,8.383795115107528e-5,0.019129108144387015,0.057866972097335274,0.03873786395294826
W02000148,2023,0.0421328070896389,1.4220081689438662e-4,0.018376647964527856,0.06502544243536547,0.04664879447083761
W02000149,2023,0.03774566898099434,1.0493255714758125e-4,0.01959316095743848,0.05881542923564001,0.03922226827820153
W02000151,2023,0.03319131384173092,6.859702769279113e-5,0.016541468541966968,0.0488376136677226,0.03229614512575563
W02000152,2023,0.03345124695856627,7.908117928366009e-5,0.016409592537075995,0.05015296236815839,0.03374336983108239
W02000153,2023,0.032180976209301694,8.216100677779664e-5,0.014873331084111593,0.05006308252852915,0.035189751444417564
W02000154,2023,0.035612209370552796,1.0382132723262151e-4,0.016101122719785785,0.05448878209258938,0.0383876593728036
W02000156,2023,0.0328500155646456,9.411410487974183e-5,0.012356285039236185,0.05063597147713809,0.0382796864379019
W02000157,2023,0.03328272904650285,8.757867523904848e-5,0.014237901144177983,0.051454599857138836,0.03721669871296085
W02000158,2023,0.03462517290715157,8.148919360363386e-5,0.017451454242571295,0.05155387953465556,0.034102425292084265
W02000159,2023,0.03995850199922263,1.2044196680361539e-4,0.015540284601605123,0.06121285631679155,0.045672571715186426
W02000160,2023,0.031789071426980516,1.0125935481083193e-4,0.012741463619806439,0.05102089176079007,0.03827942814098363
W02000161,2023,0.03472586056697258,1.238394235945676e-4,0.013212628125372931,0.05673080583904075,0.04351817771366782
W02000162,2023,0.0329323909115916,1.462849895824742e-4,0.008886370930587317,0.057220120209143785,0.048333749278556465
W02000163,2023,0.036797599656412376,1.1093604574377147e-4,0.0177302106963955,0.05604547710764674,0.03831526641125124
W02000164,2023,0.03376303807158067,9.430482143804364e-5,0.014453985958936457,0.05115056776013575,0.03669658180119929
W02000165,2023,0.039210259615258536,1.2138520532109922e-4,0.01751598629711188,0.06079183187548478,0.0432758455783729
W02000166,2023,0.03777304341217149,1.473340707792776e-4,0.014553221443638728,0.06432813486654276,0.049774913422904035
W02000167,2023,0.04100726713743274,1.3536315246450142e-4,0.0183508988476148,0.06417884359354278,0.04582794474592798
W02000168,2023,0.03648920421929654,9.667009569203289e-5,0.01661248501092605,0.05588507067702648,0.039272585666100424
W02000169,2023,0.035755540125016874,7.337825912664156e-5,0.01889537577595704,0.05424182476019292,0.035346448984235876
W02000170,2023,0.03164030251742314,9.216006605171038e-5,0.012008260935621986,0.04880494840535258,0.036796687469730596
W02000171,2023,0.030206147794645564,7.578710032533158e-5,0.013000279740468218,0.04617439560281459,0.03317411586234637
W02000172,2023,0.028780459424078465,1.3281879697213362e-4,0.004606666110893385,0.04937181052352857,0.04476514441263518
W02000173,2023,0.03338555080308904,1.1197391802952994e-4,0.01446524312165334,0.05280003117274228,0.03833478805108895
W02000174,2023,0.027507483813210554,1.125669453409021e-4,0.006232665790851552,0.0471605824953866,0.04092791670453505
W02000175,2023,0.03058814698331618,1.4410870468277548e-4,0.005537101749979831,0.056120140849984235,0.050583039100004404
W02000176,2023,0.028744043282580626,8.254209049059807e-5,0.010121816209411608,0.04543699958490595,0.035315183375494344
W02000177,2023,0.029618636206595335,1.3378518565196579e-4,0.0052883517767669036,0.050476191292109555,0.04518783951534265
W02000178,2023,0.03501375368090111,1.2807663772873036e-4,0.012842213419059983,0.05656173992361378,0.043719526504553796
W02000179,2023,0.027530471617972202,8.205603343373065e-5,0.009202173221069077,0.045666903105209614,0.03646472988414054
W02000180,2023,0.031965495619662956,1.0173291293639615e-4,0.010878957180972183,0.05024900235148923,0.039370045170517044
W02000181,2023,0.030473485233916752,1.3084537067156477e-4,0.007537906790039909,0.052439298018315136,0.04490139122827523
W02000182,2023,0.032478170178196895,1.275214720690689e-4,0.008011461578873424,0.0550162009940043,0.04700473941513087
W02000183,2023,0.03616856585182877,9.533157841157257e-5,0.015830096146315607,0.054793583109322974,0.03896348696300737
W02000184,2023,0.032542823009808014,8.879541168796587e-5,0.012707777802384995,0.05013082437845795,0.037423046576072955
W02000185,2023,0.02891522849846936,1.2078361422107325e-4,0.008132257988358139,0.050662123218792966,0.042529865230434824
W02000186,2023,0.037186704803668466,1.0127779779602254e-4,0.015845202537016167,0.056702053589068296,0.040856851052052126
W02000188,2023,0.036957558075525414,1.3795605948870837e-4,0.01444044080961077,0.05805627022467801,0.04361582941506724
W02000189,2023,0.03336711939511014,8.942997551435365e-5,0.014341767304055304,0.05154483765597339,0.03720307035191808
W02000191,2023,0.04156975734250593,1.2106355172483118e-4,0.020391047721011957,0.06274048232412782,0.04234943460311587
W02000192,2023,0.04211194078775968,1.2048025489600189e-4,0.022813803275748938,0.06443862170437904,0.041624818428630105
W02000193,2023,0.042759454604157414,1.593443498616656e-4,0.018786579135109886,0.06822536140565483,0.04943878227054494
W02000194,2023,0.03223705269774569,1.1534826731992188e-4,0.011553359605087632,0.05354896053518601,0.04199560093009838
W02000195,2023,0.027784466432559767,1.1947487594966881e-4,0.0051661144789487265,0.05008832521690487,0.044922210737956145
W02000196,2023,0.036715952983379874,2.0559521092326755e-4,0.010100607567313933,0.06307082978156159,0.05297022221424766
W02000197,2023,0.025480956443148513,1.2712126908599896e-4,0.002100254763811488,0.04445362274683304,0.04235336798302155
W02000198,2023,0.034843568650903406,1.7137546467198137e-4,0.0072354471535792456,0.05789052732396206,0.05065508017038282
W02000200,2023,0.032632654713445085,8.953144431366928e-5,0.01492228702787319,0.05195934652815368,0.03703705950028049
W02000201,2023,0.030959377067153498,8.148779300424413e-5,0.010816884645355334,0.04743465470408453,0.036617770058729196
W02000202,2023,0.033199670960019495,7.992060673658409e-5,0.014385936234038978,0.04953654780988368,0.035150611575844704
W02000204,2023,0.0274949407686236,1.0491240681417553e-4,0.006744842201681806,0.047324686813679254,0.04057984461199745
W02000205,2023,0.028436416458977112,9.075136879919852e-5,0.009731003689315698,0.04659565438438758,0.03686465069507188
W02000206,2023,0.02950733387443902,1.535376196604591e-4,0.0033664776836518947,0.05084641566201061,0.04747993797835872
W02000207,2023,0.0253310199115547,1.3105788696857494e-4,0.0025629879252863645,0.04524396314777708,0.042680975222490716
W02000208,2023,0.03368679838624547,1.1801500667599392e-4,0.008801082441107451,0.05290338340066249,0.04410230095955504
W02000210,2023,0.02982545705019356,1.3789198837096524e-4,0.008557078858679124,0.05162229161770944,0.043065212759030316
W02000211,2023,0.031836716916981755,1.221364162943432e-4,0.010732818132326453,0.052815839451661184,0.04208302131933473
W02000212,2023,0.03022537271321733,9.344224894165672e-5,0.010459398127041485,0.04768889997630691,0.03722950184926543
W02000213,2023,0.02414744734972114,1.144792262886198e-4,0.0031116129409890433,0.04437391517293491,0.041262302231945866
W02000214,2023,0.02580542623846466,1.746256997807403e-4,-0.0013248287875604094,0.05121992133953334,0.05254475012709375
W02000215,2023,0.027912053005166405,1.5532804514776277e-4,0.0019321536859272142,0.04921896774416265,0.047286814058235434
W02000216,2023,0.027530820991600844,1.1104514140325062e-4,0.006503158737129785,0.049411310712235965,0.04290815197510618
W02000217,2023,0.030149567782768665,1.1237184195428168e-4,0.011506356357196441,0.05081529210941041,0.03930893575221397
W02000218,2023,0.03550996076323783,9.229104965197493e-5,0.01654801872792557,0.053386014544166416,0.036837995816240844
W02000219,2023,0.031205641450577935,1.232132548891062e-4,0.007035566676083963,0.051760112565734456,0.0447245458896505
W02000220,2023,0.03371231608192894,8.864394804920476e-5,0.01401812053960495,0.051940747677560184,0.03792262713795523
W02000221,2023,0.03265244252534343,9.635782939252e-5,0.014067914696632973,0.04994093258268205,0.035873017886049074
W02000222,2023,0.030171949029606862,8.540156230136701e-5,0.012381319455577038,0.04984868936228895,0.037467369906711914
W02000223,2023,0.030646357463802724,9.094242022481484e-5,0.01128211321960891,0.04950582349607334,0.03822371027646443
W02000224,2023,0.03269674514568882,1.0036504168058866e-4,0.013647897113857839,0.05125796961143224,0.0376100724975744
W02000225,2023,0.03490458404196394,1.0344626663562664e-4,0.01563714324417755,0.05519543627045008,0.039558293026272534
W02000226,2023,0.030955138858224155,9.195052951606283e-5,0.010110820531986807,0.049023090319997964,0.038912269788011156
W02000227,2023,0.03697441055610368,1.038064195547127e-4,0.017303006162366213,0.056452200931706165,0.03914919476933995
W02000228,2023,0.037900240404335546,9.931562494352603e-5,0.01997464305114938,0.05667034286864338,0.036695699817494
W02000229,2023,0.035349245938864474,1.4310549815848496e-4,0.012661112693351316,0.0579053811582658,0.045244268464914486
W02000230,2023,0.033171672720379325,9.038907577258518e-5,0.016802052705901346,0.05359834854753361,0.03679629584163227
W02000231,2023,0.041024121163522956,1.2085434594514181e-4,0.01974744751996635,0.06513818009287,0.045390732572903644
W02000232,2023,0.03229302569317428,8.811683948717663e-5,0.015079060113678511,0.0506716531259158,0.03559259301223729
W02000233,2023,0.034072208038539095,1.4263712429254694e-4,0.013298614656203557,0.058743002673855176,0.04544438801765162
W02000234,2023,0.03269640482430365,1.2564220819317586e-4,0.011512801479469127,0.053944223041137024,0.0424314215616679
W02000235,2023,0.025898462582275537,1.4028307265778942e-4,0.0020393446076182277,0.05044314436518205,0.04840379975756382
W02000236,2023,0.02867896548433021,1.3773172637185582e-4,0.00629819272267737,0.05190827427950082,0.04561008155682345
W02000237,2023,0.03438154104092823,7.561990739973725e-5,0.01667998601301348,0.05082502911719126,0.03414504310417778
W02000238,2023,0.03293086764565882,8.024037161007839e-5,0.015597831411267978,0.051234032459837014,0.03563620104856904
W02000239,2023,0.03559849613516408,8.114932976663525e-5,0.016514037483467886,0.05154519989970702,0.03503116241623913
W02000240,2023,0.04498486881469857,1.1056149518771782e-4,0.024062044338960323,0.06630937710079043,0.04224733276183011
W02000241,2023,0.04005513379909938,1.433721993229751e-4,0.013880001792688099,0.06153434765939862,0.047654345866710524
W02000242,2023,0.039580307840843335,1.0702145320691407e-4,0.018032405066812703,0.05801067303194998,0.03997826796513728
W02000243,2023,0.0460658158917891,9.865907788052319e-5,0.026741448759087242,0.06586938349588974,0.0391279347368025
W02000244,2023,0.038112362009929984,1.0786755240689941e-4,0.016913844866224638,0.056972770596370556,0.04005892573014592
W02000245,2023,0.04384773544000911,8.448696130534757e-5,0.02713356694189275,0.06182930679945868,0.03469573985756593
W02000246,2023,0.03671758979141719,1.209229528161324e-4,0.01201538855346114,0.05767427847312047,0.04565888991965933
W02000247,2023,0.03435572537443114,1.3863634401303833e-4,0.011356236428536772,0.058394423801213534,0.04703818737267676
W02000248,2023,0.04733880065857218,1.2862796363933188e-4,0.02609711871562371,0.07049217911328454,0.04439506039766083
W02000249,2023,0.05097832497792224,1.4150166342864623e-4,0.028099716953093164,0.07303300216476032,0.04493328521166715
W02000250,2023,0.03621245911619152,8.077890249164433e-5,0.018110671426227982,0.05339028833082769,0.035279616904599714
W02000251,2023,0.04826552218018631,1.0520623838776844e-4,0.02829360879650377,0.06785531469912257,0.039561705902618795
W02000252,2023,0.034784226445698355,6.410386280018841e-5,0.018083125509761527,0.0494694717366782,0.031386346226916675
W02000253,2023,0.0346149436268404,1.0143995824447211e-4,0.014919138942370513,0.0545969331187469,0.03967779417637639
W02000254,2023,0.033916931228875305,7.829858265916462e-5,0.01613216576870671,0.04961015399784684,0.033477988229140124
W02000255,2023,0.0348516520337117,7.914595380246126e-5,0.01958190322387348,0.050643666673755736,0.031061763449882256
W02000256,2023,0.036639431859615615,8.711553162182116e-5,0.018432355777281917,0.05542652685433915,0.036994171077057235
W02000257,2023,0.03529735046654811,7.821983827179153e-5,0.01647574444972361,0.05152368325511876,0.035047938805395154
W02000258,2023,0.03834409557811876,9.104077960458902e-5,0.0213352147667476,0.0568654155511853,0.0355302007844377
W02000259,2023,0.03738103188422847,1.1177956183519495e-4,0.015834835470493226,0.055619748005548995,0.03978491253505577
W02000260,2023,0.03880811430491175,7.787397187201192e-5,0.02119959378608369,0.055456865462537606,0.03425727167645391
W02000261,2023,0.03507556942065949,9.055239204351161e-5,0.016009317012502307,0.05326010406006664,0.037250787047564335
W02000262,2023,0.031575988973777225,1.254741516342328e-4,0.007214828091449882,0.0516743248702899,0.04445949677884002
W02000263,2023,0.03714448901257312,8.725555129235366e-5,0.019212148700638736,0.05321835946385714,0.0340062107632184
W02000264,2023,0.039376838735788296,9.348780147004225e-5,0.018948882881332833,0.057491790670630594,0.03854290778929776
W02000265,2023,0.03546332687063322,1.1782661199653612e-4,0.012726518445187643,0.05615314614521237,0.04342662770002473
W02000266,2023,0.03622629751802197,8.057360081642933e-5,0.016951343037049295,0.05313577734795819,0.0361844343109089
W02000267,2023,0.03599521580716109,1.0705327615497423e-4,0.01581216098480995,0.05593233035993226,0.040120169375122305
W02000268,2023,0.03915663623526125,8.630156241791576e-5,0.0192743003059052,0.055529972560912924,0.036255672255007726
W02000269,2023,0.03543803750867861,9.984168149379768e-5,0.015143422360219231,0.05620863824433426,0.041065215884115026
W02000270,2023,0.03667672228195414,7.769275071723215e-5,0.019850829232932993,0.054862172026152796,0.0350113427932198
W02000271,2023,0.04035173616253579,8.807796396108901e-5,0.02375762932714074,0.0591623711384958,0.03540474181135506
W02000272,2023,0.03981641259989864,7.946983182962246e-5,0.02361995500611244,0.05820943916970263,0.03458948416359019
W02000273,2023,0.047696733944038464,9.126170710127168e-5,0.02826766745676653,0.06569059751167335,0.037422930054906815
W02000274,2023,0.040530005503537,8.376401802480704e-5,0.02453887610697602,0.06022285868065509,0.03568398257367907
W02000275,2023,0.03864994391182686,7.640713732397773e-5,0.021290409181492366,0.05623802327586579,0.03494761409437342
W02000276,2023,0.04042594770237468,9.483654089569721e-5,0.02330839247057312,0.06251688818835952,0.039208495717786396
W02000277,2023,0.03971493961212761,9.015164245140783e-5,0.021202321151495923,0.05582046986842891,0.03461814871693299
W02000278,2023,0.041259848360909235,8.487438864025886e-5,0.025374551246389862,0.06176120163385124,0.036386650387461375
W02000279,2023,0.03793564393455133,8.396770139338114e-5,0.01826864977853612,0.05522100327506917,0.03695235349653306
W02000280,2023,0.03739378444026674,6.884520122648291e-5,0.019671841465016972,0.05229540905204057,0.032623567587023596
W02000281,2023,0.037886421222595244,8.758140218314794e-5,0.020185784159310972,0.056952382000703454,0.03676659784139248
W02000282,2023,0.03900424449423386,7.532223206245051e-5,0.02208393248539669,0.057886267567522104,0.035802335082125415
W02000284,2023,0.04153701845882311,6.659756229359324e-5,0.025631972241214045,0.05795054228039287,0.032318570039178825
W02000285,2023,0.03405273264608208,7.198620905280089e-5,0.01789980076529452,0.05076538868312444,0.032865587917829925
W02000286,2023,0.03850911014280724,7.512788961087901e-5,0.019072427343927695,0.05565376321917101,0.036581335875243315
W02000287,2023,0.04043172141981499,8.161212408149275e-5,0.023606040421148382,0.05912959376591267,0.035523553344764286
W02000288,2023,0.04066186848441781,6.791205310540474e-5,0.023425760455219227,0.057553831999787385,0.03412807154456816
W02000289,2023,0.03998688130505711,7.516418518051232e-5,0.023205257828764404,0.05547018375824443,0.03226492592948003
W02000290,2023,0.040046925411649864,8.387778601622416e-5,0.02314510380372446,0.05930552014826303,0.036160416344538565
W02000291,2023,0.03743205915992411,6.308078918787827e-5,0.02146231141681582,0.05302811468346757,0.031565803266651746
W02000292,2023,0.03715929809095369,8.802901920161097e-5,0.018589458542544457,0.05748381236777461,0.038894353825230155
W02000293,2023,0.03708274217603727,9.573352566813893e-5,0.016445543872974693,0.05539198822115933,0.03894644434818464
W02000294,2023,0.03284431060438471,7.96066845241212e-5,0.015777615240971557,0.051106184288825025,0.03532856904785347
W02000295,2023,0.03098107521445193,8.254262141004871e-5,0.011782687952627872,0.048154116878004846,0.036371428925376974
W02000296,2023,0.03577291980430303,8.836280544724561e-5,0.018067542831897904,0.05629401163073089,0.038226468798832985
W02000297,2023,0.03718865702318802,7.47009916375398e-5,0.020021746156101035,0.05376394435512351,0.03374219819902247
W02000298,2023,0.031379587314703826,9.76769804514806e-5,0.010263008815915067,0.05035251981850057,0.0400895110025855
W02000299,2023,0.033509499522886045,1.0662138172377667e-4,0.013530138920217542,0.05461547356134894,0.0410853346411314
W02000300,2023,0.032864847931055916,9.630083590457399e-5,0.01287786787465065,0.05273246204303052,0.039854594168379866
W02000301,2023,0.037923429932107275,8.848117531470611e-5,0.02084941553883648,0.05856685122233575,0.03771743568349927
W02000302,2023,0.03627139101554437,8.296691149734847e-5,0.019361029099270233,0.05425242560859194,0.03489139650932171
W02000303,2023,0.032422239176162826,8.543283464715779e-5,0.011672699777037178,0.04867002399078074,0.03699732421374356
W02000304,2023,0.03418295319553262,8.575095727503352e-5,0.016379038182566783,0.052708304248724996,0.03632926606615822
W02000305,2023,0.031570029055456104,1.2813249729474272e-4,0.008692651511849477,0.05371989439564219,0.045027242883792715
W02000306,2023,0.03166410120309343,8.938439117961699e-5,0.012562432394162344,0.04871455100307248,0.03615211860891014
W02000307,2023,0.04170555007585979,8.115642047525897e-5,0.024948942783015612,0.05877789159282476,0.03382894880980915
W02000308,2023,0.03635130761428144,9.009779734958192e-5,0.017338868699160584,0.05447855769550923,0.037139688996348647
W02000309,2023,0.03407926620456015,7.80048511564221e-5,0.01645406864040226,0.05147523115299277,0.035021162512590506
W02000310,2023,0.03513256812542192,7.625655998567152e-5,0.01622431852802437,0.052015846917821656,0.03579152838979729
W02000311,2023,0.03821807000017038,8.424153445852261e-5,0.0211464335408011,0.05747534324693823,0.03632890970613713
W02000312,2023,0.03471058392164923,8.867358045562283e-5,0.014950814964608606,0.052272650849960536,0.03732183588535193
W02000313,2023,0.03739329266452962,8.79956027312156e-5,0.01914189188457508,0.05490044148458089,0.03575854960000581
W02000314,2023,0.032262153124226124,8.644062849311648e-5,0.012583139741870832,0.04965137004816164,0.037068230306290806
W02000315,2023,0.034789210666806944,9.895777343744374e-5,0.014089419102245832,0.05632872832051215,0.042239309218266324
W02000316,2023,0.033714934061458555,8.629404085947863e-5,0.015076024584655477,0.05393091038743107,0.038854885802775595
W02000317,2023,0.032647902121918634,8.421552194284525e-5,0.01197685445575183,0.04885795495003034,0.03688110049427851
W02000318,2023,0.03405993351300723,7.34903167227705e-5,0.017162215898982813,0.04967821887947883,0.03251600298049602
W02000319,2023,0.03516419367527287,6.859917989911158e-5,0.01789908390516,0.050619611600532174,0.032720527695372176
W02000320,2023,0.034945990268313264,6.802375278224925e-5,0.0192325258186582,0.052616086570897315,0.03338356075223911
W02000321,2023,0.032015539220340755,7.992011838773135e-5,0.011269135117592873,0.048536606068399143,0.03726747095080627
W02000322,2023,0.03320673374071642,8.474820955069788e-5,0.013535326140210375,0.04945200900045601,0.03591668286024563
W02000323,2023,0.03352916970654222,8.186645141659561e-5,0.013683234977299289,0.05160483966360779,0.03792160468630851
W02000324,2023,0.030598149388162584,6.249245000122916e-5,0.015634068693193715,0.04380969498468304,0.028175626291489324
W02000325,2023,0.03412598787056258,8.814075725558772e-5,0.01666268433832427,0.05237851797425174,0.03571583363592747
W02000326,2023,0.030162059549891762,8.155812867321945e-5,0.011833410218292525,0.04668787596614511,0.03485446574785259
W02000327,2023,0.025738844875191014,9.181547459453151e-5,0.006691804391550517,0.045759766140953353,0.03906796174940284
W02000328,2023,0.026603250292376007,9.555498450699654e-5,0.0051578784222862896,0.04525999588915046,0.04010211746686417
W02000329,2023,0.030180431530033892,1.047785195603976e-4,0.008082624672016545,0.04810344079059312,0.04002081611857658
W02000330,2023,0.027070230489057538,8.739559151029212e-5,0.008466900521183818,0.04441085185211939,0.03594395133093557
W02000331,2023,0.03640321139675572,1.2054471992861285e-4,0.01441667965622615,0.05795275990932475,0.043536080253098595
W02000332,2023,0.031365008334222434,8.768507879471934e-5,0.012854069546314765,0.04923984137180345,0.03638577182548868
W02000333,2023,0.034127736000129895,8.831993459321679e-5,0.014544098509608219,0.05348579740137768,0.03894169889176946
W02000334,2023,0.030113084063322155,8.476153268946785e-5,0.012440487530809712,0.0484251205029878,0.03598463297217809
W02000335,2023,0.027513356421695147,8.32284582484563e-5,0.007247510257687437,0.044170353765165565,0.036922843507478126
W02000336,2023,0.028790551668131284,7.597820927050881e-5,0.011504045299240939,0.04547095871072418,0.03396691341148324
W02000337,2023,0.03648203128558052,1.7006970096093146e-4,0.011489389062226005,0.06159976638128917,0.05011037731906316
W02000338,2023,0.02830519276233295,8.361138952655467e-5,0.010010375001297733,0.048607153544084195,0.03859677854278646
W02000339,2023,0.022152439770166146,1.4072179493525769e-4,-2.882981789849127e-4,0.04461973452763563,0.04490803270662054
W02000340,2023,0.023979618314125862,8.103120899840683e-5,0.006379490620918202,0.041746050488946605,0.035366559868028405
W02000341,2023,0.024218990476889444,7.150990261434967e-5,0.007816383758567233,0.03902245510288868,0.031206071344321448
W02000342,2023,0.028691794471446173,8.216145116891976e-5,0.012267201394287493,0.04500852136972061,0.032741319975433114
W02000343,2023,0.02995238733074168,1.2450635795449604e-4,0.005468133808575742,0.05006243629898898,0.04459430249041324
W02000344,2023,0.030034008911233645,8.368516668970716e-5,0.012402605887318865,0.04869752904258978,0.036294923155270914
W02000345,2023,0.030875869570671042,1.1206245557112004e-4,0.008569136911819028,0.049666305913653425,0.0410971690018344
W02000346,2023,0.030454681466992668,1.1848478304001816e-4,0.00809156393014476,0.05071648745064859,0.04262492352050383
W02000347,2023,0.029193974347772805,1.0271393730635438e-4,0.009068963640142085,0.04741161207553214,0.03834264843539006
W02000348,2023,0.026020564718212357,1.3785062196877503e-4,0.0018454939447082558,0.047306697736386724,0.04546120379167847
W02000349,2023,0.03287639478620011,1.0851650811243268e-4,0.013286151560115566,0.05427105850710413,0.04098490694698856
W02000350,2023,0.02968337672338496,8.708295904496783e-5,0.01269489746215367,0.05010086484505684,0.037405967382903166
W02000351,2023,0.02305189058946009,2.3191439017595497e-4,-0.011240662316904359,0.04943503510314551,0.06067569742004987
W02000352,2023,0.032904300958015324,1.6019888173478172e-4,0.0069187995962006745,0.053018482794705654,0.04609968319850498
W02000353,2023,0.02483368932918968,2.138744150289362e-4,-0.004966457494047663,0.052388471775689914,0.05735492926973758
W02000354,2023,0.022048052269470056,1.508532058364679e-4,-0.0032387131920270334,0.04405136116806001,0.04729007436008704
W02000355,2023,0.0294422769236237,8.490770327578847e-5,0.010690201412835582,0.04476683922348331,0.03407663781064773
W02000356,2023,0.03196214246710497,1.1870884851424242e-4,0.00951458371219661,0.05118721389420101,0.0416726301820044
W02000357,2023,0.027500273500593746,1.830710304111257e-4,-0.0024339093440524104,0.05082665027028653,0.05326055961433894
W02000358,2023,0.029577876868531503,1.0857957429088983e-4,0.009504408108134136,0.049899152011605954,0.04039474390347182
W02000359,2023,0.030040013004004818,1.6510850780415055e-4,0.0028477734980159176,0.05524043988662577,0.05239266638860985
W02000360,2023,0.03811750849292244,1.410560666628247e-4,0.015883434739116242,0.062313684826121,0.04643025008700476
W02000361,2023,0.026931378088474234,1.3293361532967858e-4,0.004373137498576911,0.049943439994517724,0.045570302495940816
W02000362,2023,0.030017678757595093,1.194658877567171e-4,0.008086357812167433,0.04765309461169556,0.03956673679952813
W02000363,2023,0.029311730434891027,1.4582003555927046e-4,0.005674473435680619,0.05247199585682659,0.04679752242114597
W02000364,2023,0.03892032281849578,1.915829963472865e-4,0.008700078946699259,0.0675313445238956,0.05883126557719634
W02000365,2023,0.037610681300482944,1.5469960868783132e-4,0.014163422838050686,0.060308784056885265,0.04614536121883458
W02000366,2023,0.0327867717272295,9.037161717717831e-5,0.014645806157934219,0.04999528099939653,0.03534947484146231
W02000367,2023,0.03628668300304484,9.972831510526655e-5,0.017870190206247912,0.055534401904955705,0.03766421169870779
W02000368,2023,0.04538208735690732,1.296768227907287e-4,0.024182734829714597,0.06928730853632074,0.045104573706606144
W02000369,2023,0.03994024555876218,8.36303870973886e-5,0.02167400451959713,0.057497060667228435,0.0358230561476313
W02000370,2023,0.04030823327446015,1.265448177460553e-4,0.018827198527792723,0.06550102155750204,0.046673823029709315
W02000371,2023,0.04424849327386426,1.209554936888046e-4,0.024107127240273505,0.06986093101819406,0.04575380377792056
W02000372,2023,0.04860685574275227,1.2078780375912225e-4,0.030320212446666432,0.07398398701353615,0.04366377456686971
W02000373,2023,0.050106567425068506,1.2037651835773849e-4,0.02797298824144969,0.0719317444248784,0.04395875618342871
W02000374,2023,0.043711330478408146,1.053165455273929e-4,0.02489114350541525,0.0648569081642481,0.03996576465883286
W02000375,2023,0.054669651125984334,1.4368453618863897e-4,0.03472723245035473,0.07876032363939611,0.04403309118904138
W02000376,2023,0.0443080631783288,9.070112725111558e-5,0.025853358896402848,0.06381224532667246,0.03795888643026961
W02000377,2023,0.04316899273520075,1.32866703037725e-4,0.02067406199872672,0.06426335088548363,0.04358928888675691
W02000378,2023,0.04319071541409664,1.1637869770440039e-4,0.023253694132689785,0.06625962268655407,0.04300592855386429
W02000379,2023,0.05327674671898043,1.7425660360111098e-4,0.029493850372468322,0.08172538293451366,0.05223153256204534
W02000380,2023,0.03964768604491465,8.667431097135455e-5,0.02197781881522825,0.05835580585703492,0.03637798704180667
W02000381,2023,0.05413116185199503,1.501384830460097e-4,0.03219848086124337,0.08160961028923905,0.04941112942799568
W02000382,2023,0.05106574873439148,1.813656197079685e-4,0.0232382384800048,0.07971232172333545,0.05647408324333065
W02000383,2023,0.04766089122180954,1.3899874079743683e-4,0.02519981374754559,0.072100548426532865,0.046900734678987276
W02000384,2023,0.041664354435895445,9.181864166379207e-5,0.020688044881549,0.06108067443730794,0.04039262955575894
W02000385,2023,0.04485595729442204,8.811256147127624e-5,0.026329135797825802,0.062052385130579396,0.035723249332753594
W02000386,2023,0.03979932426677231,1.2505005669421898e-4,0.01823970569414847,0.06272015421894211,0.044480448524793645
W02000387,2023,0.04148539688927624,1.0582184522074504e-4,0.02296929333274143,0.06361171325511997,0.040642419922378534
W02000388,2023,0.04454370148262704,1.2224215771629938e-4,0.02395228012398131,0.06672339814214356,0.04277111801816225
W02000389,2023,0.04715036991521538,8.459970788149155e-5,0.031493964356204135,0.06712089828004378,0.03562693392383964
W02000390,2023,0.04100738421989206,1.1602276880621344e-4,0.02172056884299648,0.0626583637252106,0.040937794882214114
W02000391,2023,0.06033140125387505,1.2111373458487038e-4,0.03831955337382191,0.081164107008343,0.042844553634521096
W02000392,2023,0.0479134130117687,1.1882125241936307e-4,0.028504983503794133,0.06978041626070515,0.04127543275691102
W02000393,2023,0.05033268797559112,1.1802808556521721e-4,0.03258154785439787,0.07586002742958992,0.04327847957519205
W02000394,2023,0.06155802721066977,9.203089133030713e-5,0.04251079201468182,0.08034612773781238,0.03783533572313057
W02000395,2023,0.050131305202459044,1.3465001791998472e-4,0.02962624506640918,0.0750430620390633,0.04541681697265412
W02000396,2023,0.05856049468100702,1.1124682190168622e-4,0.036992503965907086,0.07998462551478552,0.04299212154887844
W02000397,2023,0.05058330267976638,1.4209557631404408e-4,0.03010765784996177,0.07492781506194973,0.04482015721198796
W02000398,2023,0.07100472887129108,1.2668705719674013e-4,0.050019227298577995,0.09369827433445874,0.04367904703588074
W02000399,2023,0.06728474570817565,1.3001781662767007e-4,0.04636069562260758,0.0882432735721275,0.04188257794951992
W02000400,2023,0.05475163848790114,1.032072569037252e-4,0.03430603966013193,0.07442130863442872,0.04011526897429679
W02000401,2023,0.05861754384693445,2.0145763574457026e-4,0.03345990449212366,0.09176811130719863,0.05830820681507497
W02000402,2023,0.0635880410157253,1.3243432687288665e-4,0.04151764136851266,0.08558139535902937,0.04406375399051671
W02000403,2023,0.05240804421959217,1.1575726357855756e-4,0.03148654310649183,0.07404656677947484,0.04256002367298301
W02000404,2023,0.05991797090971922,1.278587285306089e-4,0.038994208736202136,0.08378213558318384,0.044787926846981706
W02000405,2023,0.0547017624712112,1.3872891615802644e-4,0.0357253567042355,0.07887772041430188,0.04315236371006638
W02000406,2023,0.06245402257995341,1.9189437715962936e-4,0.03691627779373695,0.090815671964637,0.05389939417090005
W02000407,2023,0.0482347739987202,1.485312015351781e-4,0.02584759013620902,0.07097178377647108,0.04512419364026206
W02000408,2023,0.06273810179831334,1.3997297489517233e-4,0.041010122862489215,0.08597835663400252,0.04496823377151331
W02000409,2023,0.04934662889295227,1.2320818900692947e-4,0.029060483231395602,0.07122097369262906,0.042160490461233456
W02000410,2023,0.0708849373717098,1.963358688409269e-4,0.0460319856625877,0.09924477128861586,0.053212785626028165
W02000411,2023,0.04975726876843717,1.5324921019933848e-4,0.02680072755412119,0.07496376329811189,0.048163035743990695
W02000412,2023,0.06108105185215881,1.4795655569883412e-4,0.038342815084497106,0.08773644962464844,0.04939363454015133
W02000414,2023,0.03330809773744032,6.44176087769714e-5,0.015306037249421218,0.04949298265129215,0.034186945401870936
W02000415,2023,0.04339389898433385,7.901869062220078e-5,0.0269142813170094,0.06043195068952996,0.033517669372520556
W02000416,2023,0.03210401996504714,6.321624051169191e-5,0.016021008911209878,0.0474274769203953,0.03140646800918542
W02000417,2023,0.03136154780189971,1.1375252176638004e-4,0.01207787804540704,0.0535115585419914,0.04143368049658436
W02000418,2023,0.03643409448038628,7.348278329953569e-5,0.02087457471168244,0.05409582876130281,0.03322125404962037
W02000419,2023,0.03067862044089809,1.1292005635917709e-4,0.008098327338983354,0.05278400794908457,0.04468568061010121
W02000421,2023,0.038717862315625,5.832717604060128e-5,0.024315239351358604,0.0548694781891018,0.0305542388377432
W02000422,2023,0.06801082009965163,1.2804513480382478e-4,0.046029892991134545,0.09006657670795619,0.044036683716821644
W02000423,2023,0.0654129808965218,1.213005934899274e-4,0.04694839804795214,0.08797842867519277,0.041030030627240636
W02000424,2023,0.033663010438230286,9.917824175636043e-5,0.013876207699606576,0.051559362634999925,0.03768315493539335
W02000425,2023,0.04172598912016265,9.560147562149859e-5,0.02283945455942415,0.061250864050861165,0.03841140949143701
W02000426,2023,0.03298781123890063,1.2654118576258054e-4,0.007702110238239622,0.05388123410376543,0.046179123865525806
W02000427,2023,0.03101289896911418,6.410795091593376e-5,0.014078375713874245,0.046463420781003406,0.032385045067129165
W02000428,2023,0.02905152697423896,9.416576015271924e-5,0.007079885289962432,0.04720528480403864,0.04012539951407621
W02000001,2025,0.036816657747749976,8.522051653959551e-5,0.018404179601609148,0.05667363544617369,0.03826945584456454
W02000002,2025,0.03135290520268701,8.94625447624544e-5,0.011270129656896208,0.049537535853985286,0.03826740619708908
W02000003,2025,0.05746375735115301,2.4890810822589694e-4,0.02951057744276092,0.09074498123824237,0.06123440379548145
W02000004,2025,0.043622477034815095,1.263168004814687e-4,0.022993234534147707,0.06849483721937284,0.045501602685225136
W02000005,2025,0.02828091365204334,1.0551041005251553e-4,0.006414511389261414,0.04688459621324645,0.040470084823985036
W02000006,2025,0.038717937128778086,8.186698563995136e-5,0.021405729680939706,0.056235872655534286,0.03483014297459458
W02000007,2025,0.042684543797396175,8.973651649783426e-5,0.02369775457027316,0.0647728483918398,0.04107509382156664
W02000008,2025,0.030139137866013164,1.5640563736270401e-4,0.00455640848607841,0.05248604348419053,0.04792963499811212
W02000009,2025,0.03463494632610814,9.05001406168799e-5,0.014034026426146023,0.0520194881910255,0.03798546176487948
W02000010,2025,0.05075924956715687,2.100977965199989e-4,0.020254960010604787,0.07608509897475647,0.05583013896415169
W02000011,2025,0.040276042090765164,1.1254629764090833e-4,0.02145589839478541,0.061731560104317205,0.0402756617095318
W02000012,2025,0.03792570461972729,9.326920038504916e-5,0.020437052709289694,0.05690955864482365,0.03647250593553396
W02000013,2025,0.0381552207980212,1.2013751260772817e-4,0.017110573401695663,0.059642022367379394,0.04253144896568373
W02000014,2025,0.03931454880214827,7.102415513480866e-5,0.021281821794300652,0.056571023652877736,0.035289201858577084
W02000015,2025,0.0389958265634155,1.4724376446739593e-4,0.015214853558799073,0.06267043482187584,0.047455581263076765
W02000016,2025,0.03574023683533808,9.173892087804634e-5,0.014382223576497304,0.053616783584537295,0.03923456000803999
W02000017,2025,0.036406057569029066,1.1462580359589491e-4,0.014574265284617468,0.05920357906713556,0.044629313782518096
W02000018,2025,0.03842775741108037,8.326970832405584e-5,0.021627356626817633,0.05523894143633581,0.033611584809518175
W02000019,2025,0.032484776132563176,7.213959574467623e-5,0.015035232072836562,0.04749141774018338,0.032456185667346815
W02000020,2025,0.035207857794878346,9.775114088475001e-5,0.01603097482350272,0.05698340947349768,0.040952434649994957
W02000021,2025,0.03587557107911651,1.7292784697498518e-4,0.01159768048347031,0.06070832051241408,0.04911064002894377
W02000022,2025,0.03174727788635685,9.929326038973558e-5,0.011516069003017873,0.04914752038812745,0.03763145138510957
W02000023,2025,0.03025749360663655,2.3518158979830817e-4,-5.643386672017979e-4,0.05833762132113762,0.05890195998833942
W02000024,2025,0.040857787773529275,5.6524950820039134e-5,0.02671176614650473,0.055443820669982484,0.028732054523477754
W02000025,2025,0.03780265258601258,7.943910509874818e-5,0.01981832652393904,0.05420147135263767,0.03438314482869863
W02000026,2025,0.038018269412777084,8.675763458749342e-5,0.02047190763338087,0.056685440736876036,0.03621353310349516
W02000027,2025,0.029603476097957358,2.474125685888914e-4,-0.002620689654270918,0.06039349939164462,0.06301418904591555
W02000028,2025,0.028470983634540342,1.5787198388190612e-4,0.0038282100737924885,0.051556564965198885,0.047728354891406394
W02000029,2025,0.025374354146115295,1.2702338478276414e-4,0.0013563169874757919,0.04532777374030439,0.0439714567528286
W02000030,2025,0.026901374564181877,1.5320582531910053e-4,0.002373358767105356,0.048982562505316934,0.04660920373821158
W02000031,2025,0.034065549751629905,1.424867368295955e-4,0.008816055840086233,0.059618836336469416,0.05080278049638318
W02000032,2025,0.027654165150471557,1.2547092284896397e-4,0.004455602705817926,0.04769123173721697,0.04323562903139904
W02000033,2025,0.03802420662177567,1.1551925610356365e-4,0.019913785738565296,0.05860950149946221,0.038695715760896914
W02000034,2025,0.037310853810846305,1.0475744446879708e-4,0.017874539614557983,0.059022933828373536,0.04114839421381555
W02000035,2025,0.03537314636533961,1.0199419097695989e-4,0.016513439941656223,0.05375612278980391,0.03724268284814769
W02000036,2025,0.03360885771966456,9.456958887231197e-5,0.015843536725024747,0.05295247087565069,0.037108934150625945
W02000037,2025,0.035531969312382006,9.378882291302181e-5,0.016436850092065015,0.055116340351303056,0.038679490259238045
W02000038,2025,0.03122851990920906,1.0984616359978257e-4,0.008686372631288094,0.05101646058298543,0.042330087951697334
W02000039,2025,0.03278026172254434,1.4200973301531632e-4,0.008592515223911119,0.05546099786239926,0.04686848263848814
W02000040,2025,0.03522864436192728,6.842161623038229e-5,0.0175335396845027,0.05236482805222304,0.03483128836772034
W02000041,2025,0.03602001509749202,7.797412675373557e-5,0.020366926641187916,0.05400964950954121,0.03364272286835329
W02000042,2025,0.0383820277059493,1.346272765555621e-4,0.014895041528539927,0.061260370167014286,0.04636532863847436
W02000043,2025,0.043976174463481205,1.2778796420132233e-4,0.024601527794286773,0.06756513407815108,0.04296360628386431
W02000044,2025,0.041101987598202314,1.1718767727685698e-4,0.021224397538767585,0.06133401890600876,0.04010962136724117
W02000045,2025,0.040867999253932745,1.1392344505630935e-4,0.01798211784187555,0.06068005299959556,0.04269793515772001
W02000047,2025,0.041240519349691175,1.3024783447819295e-4,0.01854591747879207,0.062076705279242375,0.043530787800450305
W02000049,2025,0.042232775276668785,9.009269656363425e-5,0.02508402742816858,0.06113123050167042,0.03604720307350184
W02000050,2025,0.03535871633048252,8.210032823030625e-5,0.017991653633386652,0.051044732691373024,0.03305307905798637
W02000051,2025,0.037097752083922624,8.55425907251225e-5,0.019402690762248445,0.05557057307286886,0.03616788231062042
W02000052,2025,0.04333885539146264,1.0721726457481124e-4,0.023699928677519116,0.06195083452896975,0.038250905851450634
W02000053,2025,0.03950626154584716,7.734116751177124e-5,0.022311628471094552,0.05693741555560542,0.03462578708451087
W02000054,2025,0.040037993014927276,6.760546627547587e-5,0.023504216316374914,0.05667629710800308,0.033172080791628165
W02000055,2025,0.04662929853762491,1.1372339805017894e-4,0.02759234217053468,0.06774345849369023,0.04015111632315556
W02000056,2025,0.040007241750834546,8.315376231903173e-5,0.021039724018674114,0.05978629584995847,0.038746571831284354
W02000057,2025,0.037805720973660265,7.044968800867621e-5,0.019291493382384034,0.053745647826076604,0.03445415444369257
W02000058,2025,0.04247230083305622,1.1108693122323406e-4,0.022497506222253688,0.06614845361533991,0.043650947393086226
W02000059,2025,0.041610368399988884,8.245858287253133e-5,0.02506893068449979,0.05884286121675855,0.03377393053225876
W02000060,2025,0.04081921762892988,9.321913656508311e-5,0.02175642663460927,0.0605275721303776,0.03877114549576833
W02000061,2025,0.047311622946704546,1.2095068598615495e-4,0.026185249682826373,0.07111105967950047,0.0449258099966741
W02000062,2025,0.039356738509147254,8.102557818213122e-5,0.021637121366100603,0.05644649652471466,0.034809375158614056
W02000063,2025,0.03456079119650029,7.60291553744373e-5,0.018248267075554034,0.052030206834385986,0.03378193975883195
W02000064,2025,0.04316862354956713,1.3967583444167447e-4,0.02055241295886987,0.06743437587411347,0.046881962915243595
W02000065,2025,0.04209290501596559,1.0783169075681368e-4,0.022226570121748335,0.06216078280778706,0.03993421268603872
W02000066,2025,0.04355738571739939,9.810162602139239e-5,0.024796463965968782,0.06354763841801218,0.0387511744520434
W02000067,2025,0.03667497767529335,1.0589996947347011e-4,0.01629909984257216,0.05651601822487376,0.0402169183823016
W02000068,2025,0.04622984313849381,1.0073171595312408e-4,0.02608750377918173,0.0653138930933019,0.039226389314120175
W02000069,2025,0.03655872178346793,7.693157218059219e-5,0.021613753757674662,0.055684847792450407,0.03407109403477575
W02000070,2025,0.039441027384822115,8.256852097615826e-5,0.022517220581104308,0.05698804169194441,0.0344708211108401
W02000071,2025,0.03833076326939934,9.717805856824564e-5,0.01965962578412092,0.056777066172201233,0.03711744038808031
W02000072,2025,0.04427959801665937,1.0540954237169562e-4,0.02321680925721448,0.06777233899809082,0.04455552974087634
W02000073,2025,0.038913933339122284,9.581559941306029e-5,0.018878968361792654,0.05798834436200083,0.039109376000208175
W02000074,2025,0.04238711289468271,7.252870691835856e-5,0.025722687523586474,0.0583355535327663,0.03261286600917983
W02000075,2025,0.03943302674742753,8.410074065417356e-5,0.021208212585054707,0.05712006489898908,0.03591185231393437
W02000076,2025,0.03846498022941294,8.262758938985214e-5,0.02305560580072913,0.05755414705761802,0.03449854125688889
W02000077,2025,0.038293184846444867,7.337844608411495e-5,0.02375102140247476,0.05493128597028457,0.031180264567809812
W02000080,2025,0.040767146501799,1.1775829075138282e-4,0.018805009668588592,0.06052253114817582,0.04171752147958723
W02000081,2025,0.04246688511867553,1.1513919629738653e-4,0.023062380024914612,0.06375596987777421,0.0406935898528596
W02000082,2025,0.04301031051380446,1.3672582774397314e-4,0.020416108611081715,0.06441056450511569,0.043994455894033974
W02000083,2025,0.04212182183971403,9.18910464627231e-5,0.023562750482880424,0.06092939158937946,0.03736664110649904
W02000085,2025,0.038896503336312775,1.3168280562805054e-4,0.015026488720521909,0.05988823028008805,0.04486174155956614
W02000087,2025,0.05855290240426039,1.4936157679460308e-4,0.03722090862528245,0.08485998036152084,0.047639071736238395
W02000088,2025,0.0449403866709189,1.1348205650597261e-4,0.024097898812794376,0.06415590258179314,0.04005800376899876
W02000089,2025,0.05096825854684596,2.4891040171312904e-4,0.02267998994159649,0.0827086886199969,0.06002869867840041
W02000090,2025,0.04030486637088472,7.652773754972317e-5,0.023548083254443842,0.056845074557941036,0.0332969913034972
W02000091,2025,0.04111136003457283,9.445405759242036e-5,0.02378816048364111,0.05978499206956657,0.03599683158592546
W02000092,2025,0.041685030191089996,9.959677202470591e-5,0.022201974583721064,0.059317192724127776,0.03711521814040671
W02000093,2025,0.04219441664350317,7.651228697345757e-5,0.026120821408590726,0.060333110956846826,0.0342122895482561
W02000094,2025,0.04401938321844652,7.766428506572688e-5,0.02562494898494899,0.061483439338158113,0.03585849035320912
W02000095,2025,0.03744544754854392,1.195276565806795e-4,0.017373197434564672,0.061335285107864776,0.04396208767330011
W02000096,2025,0.04283920296902448,7.899923317044302e-5,0.02755619379192488,0.06196048243713306,0.034404288645208184
W02000097,2025,0.04142597649955148,6.071379377734294e-5,0.02648688765164373,0.05713732120829991,0.03065043355665618
W02000098,2025,0.03704547920094423,8.710768319337121e-5,0.018016894750477866,0.05479798263498063,0.03678108788450277
W02000099,2025,0.04039572115935732,1.1487969238256907e-4,0.020806768632792114,0.062038215725912706,0.04123144709312059
W02000100,2025,0.04543379795820313,5.9738583118418755e-5,0.032183956175738826,0.06268399417638748,0.030500038000648655
W02000101,2025,0.03942334858448778,8.255324670660452e-5,0.021874593238574942,0.05794926141834583,0.03607466817977089
W02000102,2025,0.042972488085813366,6.790356538629102e-5,0.02592553135174107,0.06008255773953876,0.03415702638779769
W02000103,2025,0.044143955179396836,7.00423706306801e-5,0.027956032464035774,0.06169263679158643,0.03373660432755066
W02000104,2025,0.050167679661966676,1.000630284678642e-4,0.03175313729251802,0.07063307233029212,0.0388799350377741
W02000105,2025,0.05224262405867423,1.0701016936376996e-4,0.034178122556690484,0.0744893115610222,0.04031118900433172
W02000106,2025,0.04327285388443641,6.647206394216379e-5,0.027187946437891415,0.058831855490523305,0.03164390905263189
W02000107,2025,0.04611872886024292,6.869959814626708e-5,0.03266524760544227,0.0646340656350961,0.03196881802965384
W02000108,2025,0.04477609531042062,9.041875824856818e-5,0.027663990083917463,0.06432867458488378,0.03666468450096632
W02000109,2025,0.05563496394312384,1.1492118618003392e-4,0.03622893184899789,0.07793043747597728,0.041701505626979385
W02000110,2025,0.04202534666012788,5.7165442113236136e-5,0.02599460406521628,0.05670631901653846,0.030711714951322182
W02000111,2025,0.037119292056387386,5.487512069447728e-5,0.021601228336180084,0.05034242150964778,0.028741193173467697
W02000113,2025,0.04688862881055798,1.5863051939654567e-4,0.024789364144231794,0.07275632547684935,0.047966961332617554
W02000114,2025,0.03437864016268781,5.539620327788943e-5,0.018198587395311553,0.048014516635194,0.02981592923988245
W02000116,2025,0.04294642369871632,8.340598476020446e-5,0.023764113793603145,0.06133567576189102,0.03757156196828788
W02000117,2025,0.06403261339715807,9.541059215044383e-5,0.04494683865821021,0.0834255502075831,0.03847871154937289
W02000118,2025,0.056880419946513876,1.3015855939984866e-4,0.03616063605423542,0.07986782123875519,0.04370718518451977
W02000120,2025,0.04273593183697449,8.310872699180162e-5,0.026208971375125966,0.06125398627198313,0.03504501489685716
W02000122,2025,0.043428955588504764,8.609191011053685e-5,0.026804031027919693,0.06153680498878529,0.0347327739608656
W02000123,2025,0.046807197671125275,6.202656802568842e-5,0.03268110385564971,0.0639280522903305,0.031246948434680788
W02000124,2025,0.03952051661388595,8.816497115241217e-5,0.019526338541026575,0.057117838818402364,0.03759150027737579
W02000125,2025,0.040960354032118416,6.816679637338247e-5,0.025803515156273278,0.05885539387958878,0.033051878723315505
W02000126,2025,0.04231350689780515,8.89013707315714e-5,0.0233083895010925,0.05929249624506554,0.03598410674397304
W02000127,2025,0.04094616275772055,1.1561682031326744e-4,0.018378511598266853,0.06282329770685198,0.04444478610858513
W02000128,2025,0.041714619161377066,1.275396947415494e-4,0.020880441724687587,0.06361301239048242,0.04273257066579483
W02000129,2025,0.04446563021636592,8.986061048864718e-5,0.02779686742356513,0.06390209811447872,0.03610523069091359
W02000130,2025,0.05636537362028731,1.401388917375865e-4,0.0346817114468734,0.07787942688295788,0.04319771543608447
W02000131,2025,0.04829635881228288,1.127574282259954e-4,0.027921321339152746,0.06908257222947226,0.04116125089031951
W02000132,2025,0.039748812935493795,9.234263169968475e-5,0.017020290009287536,0.05786549886122712,0.04084520885193958
W02000133,2025,0.04790842024957276,1.0943938741808444e-4,0.028640031641913023,0.07026868569101552,0.0416286540491025
W02000134,2025,0.04712990083884471,1.3072449248249373e-4,0.026726878173876423,0.06961527723624536,0.04288839906236894
W02000135,2025,0.050714739143082846,1.6758845990077917e-4,0.02456277748731626,0.07650634603794051,0.05194356855062425
W02000136,2025,0.03780244389912414,9.263864416815299e-5,0.01765935824071297,0.056761814964432944,0.039102456723719974
W02000137,2025,0.05386421668146053,1.5155435201219156e-4,0.030496870780670093,0.07902267311474807,0.04852580233407798
W02000138,2025,0.037881907582750174,1.7908215255606398e-4,0.011238718075115997,0.0628028995292576,0.05156418145414161
W02000139,2025,0.03385531883873698,1.0465530946140916e-4,0.014792265183014647,0.05365766182975215,0.03886539664673751
W02000140,2025,0.035178669999286996,1.6986306296380837e-4,0.008705715818259012,0.057373605457147925,0.04866788963888891
W02000141,2025,0.035031709600005456,1.2540908510507923e-4,0.013283118418568498,0.054204730001759016,0.04092161158319052
W02000142,2025,0.04261455976320826,6.357977453537889e-5,0.029642141161408588,0.05971260995918076,0.030070468797772174
W02000143,2025,0.03972753039778958,8.038044550315344e-5,0.01841356443558133,0.05505451329884112,0.03664094886325979
W02000144,2025,0.03903621946332048,7.330037222465234e-5,0.023387581804551923,0.053980133433475824,0.0305925516289239
W02000145,2025,0.03582782014418719,6.075712967560057e-5,0.020909350971259368,0.04929494211308423,0.028385591141824863
W02000146,2025,0.03742259287495914,7.048337780595522e-5,0.020150777347392474,0.05307326046511725,0.03292248311772478
W02000147,2025,0.04457778374362537,7.536989127890007e-5,0.02661452459078059,0.06074867128888378,0.03413414669810319
W02000148,2025,0.0473889755348411,1.2778207941194306e-4,0.024790634887073417,0.06965445839075979,0.04486382350368637
W02000149,2025,0.04300183742619654,9.396169108215284e-5,0.024161534431496084,0.06221477574221123,0.03805324131071515
W02000151,2025,0.038447482286933114,6.438861882634132e-5,0.020839256190328052,0.05379197519521421,0.03295271900488616
W02000152,2025,0.038707415403768465,7.183711679255508e-5,0.023897468228970153,0.05526365246449793,0.031366184235527776
W02000153,2025,0.03743714465450389,7.434450450431902e-5,0.020750437128435023,0.05510221099506811,0.03435177386663309
W02000154,2025,0.040868377815754996,9.389714881949193e-5,0.019740424722005705,0.061542800829483046,0.04180237610747734
W02000156,2025,0.0381061840098478,8.119324966117257e-5,0.021077459964543833,0.05412846584338975,0.033051005878845914
W02000157,2025,0.03853889749170505,7.937499587285806e-5,0.018500494586326615,0.055949440693017355,0.037448946106690736
W02000158,2025,0.03988134135235377,7.570154310616044e-5,0.02403784701307053,0.057779434680522296,0.033741587667451764
W02000159,2025,0.04521467044442483,1.1142979406553635e-4,0.023418756955852386,0.0679733764421902,0.04455461948633782
W02000160,2025,0.037045239872182716,9.200997596205461e-5,0.019037697862232104,0.05528407275770489,0.036246374895472784
W02000161,2025,0.03998202901217478,1.1644411451688656e-4,0.019742395728609155,0.061477044234642744,0.04173464850603359
W02000162,2025,0.0381885593567938,1.397187654982136e-4,0.015062183870253612,0.062213639445241775,0.04715145557498816
W02000163,2025,0.042053768101614576,1.0145622921383418e-4,0.022557401959934803,0.06231893348768952,0.03976153152775472
W02000164,2025,0.03901920651678287,8.868346002935724e-5,0.020332553296750877,0.057635152507606716,0.03730259921085584
W02000165,2025,0.044466428060460736,1.1184669206948412e-4,0.024976208856441907,0.06473581423598898,0.03975960537954708
W02000166,2025,0.04302921185737369,1.351911619842552e-4,0.0200583805369385,0.06623617726752015,0.04617779673058165
W02000167,2025,0.04626343558263494,1.2753544110001073e-4,0.02590223998582724,0.06937938719749058,0.04347714721166334
W02000168,2025,0.04174537266449874,8.857266197736408e-5,0.02415124505542201,0.06125661156042106,0.03710536650499905
W02000169,2025,0.04101170857021907,7.299135515422078e-5,0.024740969755397788,0.05799719701707706,0.033256227261679275
W02000170,2025,0.03689647096262534,8.48681247625392e-5,0.018434729406824092,0.05288896977020932,0.03445424036338523
W02000171,2025,0.03546231623984776,7.177716726810254e-5,0.019456617921460927,0.050696697158554974,0.031240079237094046
W02000172,2025,0.03403662786928066,1.284762865408551e-4,0.011502804231020122,0.05355942058174806,0.04205661635072794
W02000173,2025,0.03864171924829124,9.742872994164084e-5,0.021177137423813285,0.057577627558702736,0.036400490134889454
W02000174,2025,0.032763652258412754,9.956113184385044e-5,0.014033947719199844,0.0521781675674019,0.03814421984820206
W02000175,2025,0.035844315428518375,1.382450532664367e-4,0.011651486950064485,0.060272700598112704,0.04862121364804822
W02000176,2025,0.03400021172778282,7.731684798664964e-5,0.015861302789229745,0.05073200007400693,0.03487069728477719
W02000177,2025,0.034874804651797535,1.2726792051735662e-4,0.011323916183679516,0.05527122247101599,0.04394730628733648
W02000178,2025,0.04026992212610331,1.3159044664493998e-4,0.016743557719391927,0.061717449442939165,0.04497389172354724
W02000179,2025,0.0327866400631744,7.431819454591578e-5,0.015376196034380703,0.049839584669773215,0.034463388635392514
W02000180,2025,0.037221664064865156,9.810821851767795e-5,0.01680535102768906,0.05505424849754893,0.03824889746985988
W02000181,2025,0.03572965367911895,1.2909744760547737e-4,0.01263564503742113,0.057634468596649446,0.04499882355922832
W02000182,2025,0.037734338623399095,1.2359538284495612e-4,0.015145423557304988,0.060599932445719276,0.04545450888841429
W02000183,2025,0.04142473429703097,8.993213536161411e-5,0.021222591053642194,0.05818712010142291,0.03696452904778071
W02000184,2025,0.037798991455010214,8.488540861178197e-5,0.018529799296940687,0.056220623326093504,0.03769082402915282
W02000185,2025,0.03417139694367156,1.1516444891131922e-4,0.012770213450007428,0.05584348417993748,0.04307327072993005
W02000186,2025,0.042442873248870666,1.0174336647118977e-4,0.02171092864568854,0.06173081640630096,0.04001988776061242
W02000188,2025,0.042213726520727614,1.3265453919422584e-4,0.017773379011820887,0.06394578548972553,0.046172406477904646
W02000189,2025,0.03862328784031234,8.499645534439806e-5,0.021044766263516625,0.05683704680086327,0.03579228053734664
W02000191,2025,0.046825925787708125,1.1477622336493754e-4,0.02741394816968326,0.0671370909678517,0.03972314279816844
W02000192,2025,0.04736810923296187,1.1611454254553693e-4,0.025239131959417044,0.06856859343055913,0.04332946147114208
W02000193,2025,0.04801562304935961,1.4711148363560773e-4,0.022249235107134082,0.0711835387003991,0.04893430359326502
W02000194,2025,0.03749322114294789,1.0423973499629346e-4,0.018408040217323875,0.05586088722974226,0.03745284701241838
W02000195,2025,0.03304063487776197,1.0828320526978235e-4,0.011472973957896086,0.05266706016711539,0.041194086209219306
W02000196,2025,0.041972121428582074,1.9466999459976373e-4,0.016462106064639992,0.06753456495333049,0.0510724588886905
W02000197,2025,0.03073712488835071,1.1411515904303952e-4,0.009528483299951549,0.05001344918712284,0.04048496588717129
W02000198,2025,0.0400997370961056,1.6011849391932417e-4,0.015563716285223251,0.06386252802294631,0.04829881173772306
W02000200,2025,0.037888823158647285,8.041433556278319e-5,0.019507897073973268,0.05581961607392104,0.03631171899994777
W02000201,2025,0.036215545512355694,7.501880603216891e-5,0.01764784597396165,0.053177610368403974,0.035529764394442324
W02000202,2025,0.038455839405221695,7.093349979041728e-5,0.020699168300221248,0.05397131361830685,0.0332721453180856
W02000204,2025,0.0327511092138258,9.62846524592735e-5,0.013389957203970805,0.04983412197256566,0.036444164768594856
W02000205,2025,0.03369258490417931,8.66610122161977e-5,0.014878421597225721,0.0510811762155159,0.03620275461829018
W02000206,2025,0.03476350231964122,1.4378835170801178e-4,0.007564655920583162,0.05472945673200544,0.047164800811422276
W02000207,2025,0.030587188356756896,1.2061771116581996e-4,0.008451620709304743,0.050246688276445566,0.041795067567140826
W02000208,2025,0.03894296683144767,1.1726605943094672e-4,0.014596917717481703,0.05838039480736007,0.04378347708987837
W02000210,2025,0.03508162549539576,1.2916093098229502e-4,0.01329659852304291,0.05616277505538805,0.042866176532345146
W02000211,2025,0.037092885362183955,1.085866297674941e-4,0.018003219525384993,0.05651830629732664,0.038515086771941646
W02000212,2025,0.035481541158419526,8.17380473804117e-5,0.017124927127303975,0.05445814298378719,0.03733321585648322
W02000213,2025,0.029403615794923336,1.0652307658763116e-4,0.008746251362787354,0.048406286689979976,0.03966003532719262
W02000214,2025,0.031061594683666857,1.6509345397522918e-4,0.006681985146302815,0.05661512340604241,0.04993313825973959
W02000215,2025,0.0331682214503686,1.4611000621002611e-4,0.008831445186014922,0.05446210885282774,0.045630663666812815
W02000216,2025,0.03278698943680304,1.0442146409667948e-4,0.01245691719438818,0.05339036973260487,0.04093345253821669
W02000217,2025,0.035405736227970865,9.819828308443682e-5,0.01384228484765106,0.05471908589179013,0.04087680104413907
W02000218,2025,0.04076612920844002,8.372868725909478e-5,0.023497051433643293,0.059074984743437794,0.0355779333097945
W02000219,2025,0.036461809895780135,1.1704849296731543e-4,0.014056968497822408,0.05773246988615578,0.04367550138833337
W02000220,2025,0.03896848452713114,7.897664158504683e-5,0.022474899553528174,0.05479657915165487,0.03232167959812669
W02000221,2025,0.03790861097054563,8.516705545201773e-5,0.01921706757929291,0.055667478326505926,0.036450410747213016
W02000222,2025,0.03542811747480906,7.784972830364847e-5,0.018207320568893376,0.05224724749728279,0.03403992692838941
W02000223,2025,0.035902525909004925,8.462828770684797e-5,0.018295880091881198,0.0523507966935669,0.034054916601685706
W02000224,2025,0.03795291359089102,9.27416128402446e-5,0.020271313715477766,0.058229286403454844,0.03795797268797708
W02000225,2025,0.04016075248716614,9.224904928791403e-5,0.01966381567598138,0.05764888417652729,0.03798506850054591
W02000226,2025,0.03621130730342635,8.899360577959384e-5,0.016074737226563638,0.05284476803394229,0.036770030807378645
W02000227,2025,0.04223057900130588,9.415777171302226e-5,0.024607735467113586,0.06204820822920987,0.03744047276209628
W02000228,2025,0.043156408849537746,9.598862958662118e-5,0.024990394093600127,0.06231600645810355,0.03732561236450342
W02000229,2025,0.040605414384066674,1.3200773882892164e-4,0.017719796142948396,0.06455872882542628,0.04683893268247788
W02000230,2025,0.038427841165581525,8.321958956363075e-5,0.02264795980727771,0.056293454696426215,0.0336454948891485
W02000231,2025,0.04628028960872515,1.1619465721304159e-4,0.026865921505640104,0.06924044753850918,0.04237452603286908
W02000232,2025,0.03754919413837647,8.124111072907011e-5,0.021109904285407516,0.05560726927128356,0.03449736498587604
W02000233,2025,0.03932837648374129,1.3917989032060317e-4,0.015972812377501533,0.06169110825770069,0.045718295880199156
W02000234,2025,0.03795257326950585,1.2082311631698472e-4,0.018070894644319074,0.05788271840139539,0.039811823757076314
W02000235,2025,0.031154631027477737,1.2645474054601147e-4,0.009488144531453982,0.05399390893960342,0.04450576440814944
W02000236,2025,0.03393513392953241,1.312587292131535e-4,0.011944461599244227,0.05608647177888368,0.04414201017963945
W02000237,2025,0.03963770948613043,7.21097127094476e-5,0.02270940257863029,0.05636428010633776,0.033654877527707475
W02000238,2025,0.03818703609086102,7.424754307871455e-5,0.023861707785951522,0.05556309809062508,0.03170139030467356
W02000239,2025,0.04085466458036628,7.132583510652599e-5,0.023119556479875188,0.0584615753590728,0.03534201887919761
W02000240,2025,0.05024103725990077,1.059732467763238e-4,0.02998435801837921,0.07207320907665432,0.04208885105827511
W02000241,2025,0.04531130224430158,1.3207563379641465e-4,0.01984623922876494,0.06683184878132381,0.04698560955255887
W02000242,2025,0.044836476286045535,1.0583254087148325e-4,0.0238361206583977,0.0648657076058675,0.041029586947469804
W02000243,2025,0.0513219843369913,9.113632832544831e-5,0.03316449128616711,0.07162841573707798,0.038463924450910875
W02000244,2025,0.04336853045513218,1.026272517651954e-4,0.023177727657643345,0.06183624085907127,0.03865851320142793
W02000245,2025,0.04910390388521131,8.37866644000241e-5,0.03269396695933455,0.06734648641665368,0.034652519457319134
W02000246,2025,0.04197375823661939,1.0909250378020227e-4,0.02109093787958921,0.061676089206488025,0.04058515132689881
W02000247,2025,0.039611893819633336,1.2638093789363918e-4,0.016403397574270916,0.06390936820767884,0.047505970633407925
W02000248,2025,0.05259496910377438,1.2529638608267676e-4,0.03232767958718618,0.07547988623315705,0.043152206645970866
W02000249,2025,0.056234493423124435,1.3119750419987632e-4,0.03312089973610699,0.07826210406642196,0.045141204330314974
W02000250,2025,0.04146862756139372,7.234515746871375e-5,0.024955696932061133,0.057249849554775675,0.03229415262271454
W02000251,2025,0.05352169062538851,9.953733588000738e-5,0.03485843335445958,0.07357953446493326,0.03872110111047368
W02000252,2025,0.04004039489090055,6.112591682219585e-5,0.02344573421205166,0.05490124034267374,0.03145550613062208
W02000253,2025,0.039871112072042594,9.47837667132963e-5,0.0212711611781155,0.05930100026895743,0.038029839090841934
W02000254,2025,0.039173099674077505,7.638790518394302e-5,0.021624984371190106,0.055047618291689665,0.03342263392049956
W02000255,2025,0.04010782047891389,7.529243302617977e-5,0.024202866560549006,0.05731598447293125,0.033113117912382244
W02000256,2025,0.041895600304817815,8.560317256969437e-5,0.02350116308657292,0.060687876220939005,0.037186713134366084
W02000257,2025,0.04055351891175031,7.195127876927522e-5,0.024305737781272235,0.058072910807225216,0.03376717302595298
W02000258,2025,0.04360026402332096,8.404293011799931e-5,0.02488383647478004,0.0624792574054709,0.03759542093069086
W02000259,2025,0.04263720032943067,9.75649446969914e-5,0.02272845740460185,0.061757027312670576,0.03902856990806873
W02000260,2025,0.04406428275011395,7.206801412395406e-5,0.027574618776951214,0.06317962642577915,0.03560500764882794
W02000261,2025,0.04033173786586169,8.56787246601533e-5,0.02230724161790274,0.05816974051135534,0.035862498893452596
W02000262,2025,0.03683215741897942,1.1650983089329653e-4,0.014007917654872398,0.055268961240005535,0.041261043585133134
W02000263,2025,0.04240065745777531,7.835419946360299e-5,0.023008505057912604,0.057740684518014534,0.03473217946010193
W02000264,2025,0.044633007180990496,7.842363824066548e-5,0.027098945436631616,0.061705247102878655,0.034606301666247036
W02000265,2025,0.040719495315835415,1.1147917565649394e-4,0.02030513754807308,0.06040234409416668,0.0400972065460936
W02000266,2025,0.04148246596322416,7.529162971199309e-5,0.023059121780664528,0.05860392931656923,0.0355448075359047
W02000267,2025,0.041251384252363285,9.608150136303754e-5,0.021147470115854085,0.05929596983863794,0.038148499722783856
W02000268,2025,0.04441280468046344,8.30976554928012e-5,0.02727780054092884,0.061533554095447286,0.034255753554518445
W02000269,2025,0.04069420595388081,8.445116414251621e-5,0.02260359067378549,0.06056061462917324,0.03795702395538775
W02000270,2025,0.04193289072715634,6.952782691203098e-5,0.024989516570479937,0.056369228849794076,0.03137971227931414
W02000271,2025,0.04560790460773799,8.330796092382282e-5,0.029277312615516898,0.06549289431671669,0.03621558170119979
W02000272,2025,0.04507258104510084,7.357844755548041e-5,0.029321421176276792,0.0631475288464477,0.033826107670170906
W02000273,2025,0.052952902389240664,8.801364424593336e-5,0.03382042442313617,0.07047988824348565,0.036659463820349486
W02000274,2025,0.0457861739487392,7.822000306811752e-5,0.02967586748117381,0.06444183627707592,0.03476596879590211
W02000275,2025,0.04390611235702906,7.083316725736283e-5,0.027329298001914838,0.06127553686456923,0.03394623886265439
W02000276,2025,0.045682116147576876,8.700851146885536e-5,0.028938474621895176,0.06667313486935117,0.03773466024745599
W02000277,2025,0.04497110805732981,8.366738241590389e-5,0.027019022972854127,0.06214090611178766,0.03512188313893353
W02000278,2025,0.046516016806111435,7.869776742293748e-5,0.03151790698548019,0.0662958637907593,0.03477795680527911
W02000279,2025,0.04319181237975353,7.526636061580658e-5,0.025582184990933614,0.05967600714921161,0.034093822158278
W02000280,2025,0.04264995288546893,6.25379735992361e-5,0.027138577066215273,0.05596492313954084,0.028826346073325564
W02000281,2025,0.043142589667797444,8.142125962944917e-5,0.026322334524118116,0.061782562168068184,0.03546022764395007
W02000282,2025,0.04426041293943606,7.492097938621543e-5,0.027157862721300875,0.06444553971158483,0.03728767699028396
W02000284,2025,0.04679318690402531,6.512269400533834e-5,0.03276125240411599,0.061944182483627985,0.029182930079511997
W02000285,2025,0.03930890109128428,6.750578847776042e-5,0.022689732110860034,0.05380492589757209,0.031115193786712056
W02000286,2025,0.04376527858800944,7.631483811623234e-5,0.024052804257733408,0.06002094577301645,0.03596814151528304
W02000287,2025,0.045687889865017185,7.467450517827941e-5,0.030871250515690143,0.06462512652924747,0.033753876013557324
W02000288,2025,0.04591803692962001,6.354730344014135e-5,0.03120524017039958,0.06319612116609873,0.03199088099569915
W02000289,2025,0.045243049750259307,7.005489302509103e-5,0.027815018684079346,0.0636489110170832,0.03583389233300385
W02000290,2025,0.045303093856852064,7.415576933302933e-5,0.027982570996274395,0.06474289080128938,0.036760319805014985
W02000291,2025,0.042688227605126305,6.309531504164683e-5,0.026072767272122162,0.05893898103552879,0.03286621376340663
W02000292,2025,0.04241546653615589,8.347927079084434e-5,0.023094074839581483,0.06225033799546496,0.03915626315588348
W02000293,2025,0.04233891062123947,9.4486358415915e-5,0.02173803364000931,0.0611985718382382,0.039460538198228895
W02000294,2025,0.03810047904958691,7.627570165171885e-5,0.022032950059564453,0.055829931705196977,0.03379698164563252
W02000295,2025,0.036237243659654125,7.668643700808596e-5,0.019718899509867813,0.052685454176733176,0.032966554666865364
W02000296,2025,0.04102908824950523,8.642028473835922e-5,0.024974983113266586,0.06148653199637168,0.036511548883105094
W02000297,2025,0.04244482546839022,6.366959678760505e-5,0.027476293476763204,0.057474297020691005,0.0299980035439278
W02000298,2025,0.036635755759906026,9.40406631993331e-5,0.01724891807502306,0.05395458337068934,0.03670566529566628
W02000299,2025,0.038765667968088245,1.07018739056377e-4,0.01748135394101268,0.05893454287803074,0.04145318893701806
W02000300,2025,0.038121016376258116,9.545009977470848e-5,0.018575224759636966,0.05648739593875606,0.037912171179119096
W02000301,2025,0.043179598377309475,8.018064816888928e-5,0.02833681913978576,0.0644177615733433,0.036080942433557535
W02000302,2025,0.04152755946074657,7.883823276000145e-5,0.024397923155091504,0.05993612721182816,0.035538204056736654
W02000303,2025,0.037678407621365026,8.779962522657138e-5,0.020186093966251033,0.0557474038659019,0.03556130989965087
W02000304,2025,0.03943912164073482,7.816408981763235e-5,0.023498315644104657,0.057207229588748174,0.033708913944643516
W02000305,2025,0.036826197500658304,1.3506574577596152e-4,0.013346802438448765,0.05793406989932667,0.044587267460877905
W02000306,2025,0.03692026964829563,7.930888918034546e-5,0.018975638485483087,0.05192573788978203,0.032950099404298945
W02000307,2025,0.04696171852106199,8.000073083659635e-5,0.030697043370340384,0.06402152401348861,0.033324480643148226
W02000308,2025,0.04160747605948363,8.205704733954112e-5,0.024130387203486856,0.05943671917246529,0.035306331968978436
W02000309,2025,0.03933543464976235,7.160273924951015e-5,0.022898354007676182,0.05613121224336583,0.033232858235689645
W02000310,2025,0.04038873657062412,7.038805717240187e-5,0.023346910917094826,0.05749349452783764,0.03414658361074281
W02000311,2025,0.04347423844537258,7.95262685020626e-5,0.025554461394129816,0.06120292297870297,0.03564846158457316
W02000312,2025,0.03996675236685143,8.939885688621793e-5,0.01937950460317356,0.05820402665126784,0.03882452204809428
W02000313,2025,0.04264946110973182,8.456557280618633e-5,0.0239132508784797,0.061111595142725836,0.03719834426424613
W02000314,2025,0.037518321569428324,7.949824235570062e-5,0.01881527220767807,0.05434037315842395,0.03552510095074588
W02000315,2025,0.040045379112009144,9.282795519388481e-5,0.023450359100447522,0.0606436244733235,0.037193265372875976
W02000316,2025,0.038971102506660756,8.075913433878543e-5,0.019772660580553,0.05752307584863286,0.03775041526807986
W02000317,2025,0.037904070567120834,7.885570876231849e-5,0.019210161344902894,0.054345878641053405,0.03513571729615051
W02000318,2025,0.03931610195820943,7.28312675363054e-5,0.022576093194406163,0.05450693074513343,0.031930837550727266
W02000319,2025,0.04042036212047507,6.654352494486823e-5,0.024216325088718807,0.05734178781876939,0.033125462730050584
W02000320,2025,0.040202158713515464,6.57898151610851e-5,0.02485744896892274,0.056984665516296065,0.03212721654737333
W02000321,2025,0.037271707665542955,7.418495767481752e-5,0.019104006563714117,0.05303129928059655,0.03392729271688243
W02000322,2025,0.03846290218591862,8.623697114581451e-5,0.02041787604155288,0.05373498459354637,0.03331710855199349
W02000323,2025,0.03878533815174442,8.166881390573307e-5,0.020286715918998898,0.05551465223141636,0.03522793631241747
W02000324,2025,0.035854317833364784,6.0034427273833436e-5,0.021147674126346768,0.0497955774825376,0.028647903356190833
W02000325,2025,0.03938215631576478,7.83811452399188e-5,0.021972108211513002,0.05693633540372427,0.03496422719221126
W02000326,2025,0.03541822799509396,7.890204483909904e-5,0.018470500477134007,0.05462095757483784,0.036150457097703835
W02000327,2025,0.03099501332039321,8.819201917506675e-5,0.013356478153860783,0.05122924414181422,0.03787276598795344
W02000328,2025,0.03185941873757821,8.677013590094211e-5,0.01314582772947042,0.04888007366006484,0.03573424593059442
W02000329,2025,0.03543659997523609,9.496105587741945e-5,0.014793323126879619,0.052645949674898884,0.03785262654801927
W02000330,2025,0.03232639893425974,8.268728579419888e-5,0.01559367687723018,0.04935723112866342,0.033763554251433243
W02000331,2025,0.04165937984195792,1.1841920254847791e-4,0.0210562715560461,0.06110627186660242,0.04005000031055632
W02000332,2025,0.036621176779424634,8.226099703454428e-5,0.01993971761095826,0.054617378402468025,0.034677660791509766
W02000333,2025,0.039383904445332095,8.288659301063698e-5,0.023170888385885866,0.058646566342209105,0.03547567795632324
W02000334,2025,0.03536925250852435,7.526370775209504e-5,0.017496949976897422,0.051470863076963705,0.03397391310006628
W02000335,2025,0.03276952486689735,7.865811674879115e-5,0.012994177068106547,0.051085205853437746,0.0380910287853312
W02000336,2025,0.034046720113333484,6.733816297716479e-5,0.017483406022032716,0.0503839905207022,0.032900584498669484
W02000337,2025,0.04173819973078272,1.62619558728336e-4,0.017232795372397518,0.06771938028834619,0.05048658491594867
W02000338,2025,0.03356136120753515,7.78977961987184e-5,0.01560606538413775,0.05317501002311083,0.037568944638973076
W02000339,2025,0.027408608215368342,1.3364424421864816e-4,0.004325272192725251,0.050196933755241056,0.045871661562515806
W02000340,2025,0.029235786759328062,6.808163137716567e-5,0.012927938094141384,0.04544479609211076,0.03251685799796938
W02000341,2025,0.029475158922091644,6.17037480278282e-5,0.01464435450340626,0.043168176941881686,0.028523822438475427
W02000342,2025,0.033947962916648373,7.720646747214753e-5,0.016581128737300797,0.05042628411441595,0.03384515537711515
W02000343,2025,0.03520855577594388,1.1690347322175513e-4,0.01178102485156408,0.05445901151283345,0.042677986661269374
W02000344,2025,0.035290177356435845,8.076128587017398e-5,0.01826010746882273,0.0536715737625256,0.03541146629370287
W02000345,2025,0.03613203801587324,1.0883007211326466e-4,0.013533169816684246,0.05711802703578199,0.043584857219097745
W02000346,2025,0.035710849912194864,1.1450630767277057e-4,0.012647390147678225,0.05727035515687905,0.04462296500920083
W02000347,2025,0.034450142792975,9.12874997370138e-5,0.015707984322294533,0.05109928948141551,0.03539130515912098
W02000348,2025,0.031276733163414554,1.3788882264533265e-4,0.005789393562136863,0.053158380508778386,0.047368986946641524
W02000349,2025,0.03813256323140231,1.0041266240500116e-4,0.019103671075316887,0.05898017097869643,0.03987649990337954
W02000350,2025,0.03493954516858716,7.552925270305983e-5,0.01814532531009317,0.05451626033065587,0.0363709350205627
W02000351,2025,0.028308059034662287,2.2416447975553123e-4,-0.0042312354307516885,0.055014159591317655,0.059245395022069346
W02000352,2025,0.038160469403217524,1.6117106640111626e-4,0.010923243928439842,0.058485674863635304,0.047562430935195465
W02000353,2025,0.03008985777439188,1.9953710989317012e-4,-8.659410729478762e-4,0.05438326599611194,0.05524920706905982
W02000354,2025,0.027304220714672256,1.4607573847898216e-4,-0.0020194073687381494,0.04870549212054608,0.050724899489284235
W02000355,2025,0.0346984453688259,8.1563065222492085e-05,0.01615361066391096,0.05095719602114615,0.03480358535723519
W02000356,2025,0.03721831091230717,1.1459126935603398e-4,0.01653970972567577,0.05676108576171246,0.04022137603603669
W02000357,2025,0.032756441945795946,1.7144224231338526e-4,0.0021565247206181666,0.055507708484545296,0.053351183763927126
W02000358,2025,0.0348340453137337,1.0172337237968789e-4,0.014006837321950013,0.054642944094833536,0.040636106772883526
W02000359,2025,0.035296181449207015,1.5389914225594271e-4,0.008331149796656084,0.05760631916735949,0.049275169370703406
W02000360,2025,0.04337367693812464,1.3927091111231844e-4,0.020811423755374397,0.06868387761846692,0.04787245386309252
W02000361,2025,0.032187546533676434,1.2073222167390157e-4,0.009731718643489748,0.05232816999537006,0.04259645135188031
W02000362,2025,0.03527384720279729,1.1945612168313846e-4,0.01305007519407355,0.05412493005306978,0.04107485485899623
W02000363,2025,0.03456789888009323,1.3840516835946003e-4,0.01249248785730343,0.05733215247172173,0.044839664614418295
W02000364,2025,0.04417649126369798,1.9755852920216117e-4,0.014010257830780942,0.07143445056273268,0.057424192731951734
W02000365,2025,0.042866849745685144,1.4727019968210531e-4,0.021173634607424552,0.06604984313155161,0.04487620852412706
W02000366,2025,0.0380429401724317,8.57128127090737e-5,0.020051330885811677,0.05548999467155994,0.03543866378574827
W02000367,2025,0.04154285144824704,9.933277105169319e-5,0.021973423064202875,0.06189872789035045,0.039925304826147576
W02000368,2025,0.05063825580210952,1.279651420891567e-4,0.028699042302168836,0.07498485120571666,0.04628580890354782
W02000369,2025,0.04519641400396438,7.76074307288407e-5,0.028079142817465805,0.06271206403308231,0.03463292121561651
W02000370,2025,0.04556440171966234,1.1324103918258736e-4,0.025616243169138082,0.06841041220213645,0.04279416903299837
W02000371,2025,0.04950466171906645,1.1236499265507063e-4,0.030792314268490422,0.07327239461320026,0.042480080344709834
W02000372,2025,0.05386302418795447,1.168819387361076e-4,0.03724626981191427,0.08043843545441964,0.04319216564250537
W02000373,2025,0.055362735870270706,1.1736860972273558e-4,0.03378803148562755,0.07770323807250136,0.04391520658687381
W02000374,2025,0.048967498923610346,1.0023554343370215e-4,0.0311171998749697,0.07030106762057867,0.03918386774560897
W02000375,2025,0.059925819571186534,1.363771304306606e-4,0.04228400707793771,0.0849827856610264,0.042698778583088695
W02000376,2025,0.04956423162353099,8.974070660377501e-5,0.0320401212049916,0.0691417689438847,0.0371016477388931
W02000377,2025,0.04842516118040295,1.209702627983693e-4,0.02756365000458228,0.068504023841432,0.040940373836849724
W02000378,2025,0.04844688385929884,1.1826868856925467e-4,0.029091184704745227,0.07102823301629499,0.04193704831154976
W02000379,2025,0.05853291516418263,1.6135356540859772e-4,0.03563619975287241,0.08548447017989458,0.04984827042702217
W02000380,2025,0.04490385449011685,8.016707657717611e-5,0.02677429980679018,0.06248969128838515,0.03571539148159497
W02000381,2025,0.05938733029719723,1.4831205965098684e-4,0.036947791017226825,0.08692633265993713,0.0499785416427103
W02000382,2025,0.05632191717959368,1.7003889470722596e-4,0.030103982624818545,0.08485344080609383,0.05474945818127529
W02000383,2025,0.05291705966701174,1.30096458241345e-4,0.030755869696090697,0.075587518812748,0.0448316491166573
W02000384,2025,0.04692052288109764,9.053894204152266e-5,0.026523501529617317,0.0672134098134694,0.04068990828385209
W02000385,2025,0.05011212573962423,8.064194871766884e-5,0.032151016189722555,0.06926078896844097,0.037109772778718415
W02000386,2025,0.04505549271197451,1.2890184406643817e-4,0.02376243359887574,0.07036847665333093,0.04660604305445519
W02000387,2025,0.04674156533447843,1.0784512191460011e-4,0.028622111174738295,0.0683277658043165,0.0397056546295782
W02000388,2025,0.049799869927829234,1.1456657648355797e-4,0.0305761650589797,0.07167633039090734,0.041100165331927646
W02000389,2025,0.05240653836041758,8.856903263065578e-5,0.035421655086736455,0.07163940611802538,0.03621775103128893
W02000390,2025,0.04626355266509426,1.060745260756885e-4,0.026689941242438245,0.06705299016886984,0.0403630489264316
W02000391,2025,0.06558756969907725,1.2077923568898972e-4,0.04381653149147183,0.08894500423672003,0.0451284727452482
W02000392,2025,0.05316958145697089,1.1394896147564929e-4,0.03515102005303598,0.0742327495963212,0.03908172954328522
W02000393,2025,0.05558885642079332,1.108735566857587e-4,0.03743152383986284,0.07894938688023273,0.04151786304036989
W02000394,2025,0.06681419565587196,9.090350217912101e-5,0.048693153145302565,0.08526637600379224,0.03657322285848967
W02000395,2025,0.05538747364766124,1.3377395662150107e-4,0.03443645283617065,0.07946580478544508,0.04502935194927443
W02000396,2025,0.06381666312620922,1.0538365520959082e-4,0.044178658210821356,0.08593120918481736,0.04175255097399601
W02000397,2025,0.05583947112496858,1.412293399235034e-4,0.03568762523242641,0.08018576417346396,0.044498138941037546
W02000398,2025,0.07626089731649328,1.1783136577816446e-4,0.05668577310288556,0.10050090885735208,0.043815135754466515
W02000399,2025,0.07254091415337785,1.2923780239319595e-4,0.052360389977861736,0.09475307520930254,0.0423926852314408
W02000400,2025,0.06000780693310334,1.0252996022581814e-4,0.041826416149194655,0.08111309710936113,0.03928668096016647
W02000401,2025,0.06387371229213665,1.92550144277086e-4,0.03960243534228575,0.09584678652527814,0.0562443511829924
W02000402,2025,0.0688442094609275,1.3098634465054398e-4,0.047984989175831654,0.09040986248889338,0.042424873313061724
W02000403,2025,0.05766421266479437,1.1060462396151768e-4,0.03683655599673673,0.07787683964918661,0.04104028365244988
W02000404,2025,0.06517413935492142,1.1996423881751963e-4,0.045489516998744595,0.08627582057456512,0.040786303575820526
W02000405,2025,0.0599579309164134,1.3468528706716437e-4,0.03953445868282365,0.08312474462908317,0.04359028594625952
W02000406,2025,0.06771019102515562,1.8039877181116719e-4,0.04325573004916004,0.09592226133241896,0.05266653128325892
W02000407,2025,0.0534909424439224,1.4654726675233966e-4,0.03227698819301505,0.0768314058905796,0.044554417697564554
W02000408,2025,0.06799427024351554,1.3489443924440583e-4,0.04626249383614847,0.09379205870685255,0.047529564870704075
W02000409,2025,0.05460279733815447,1.1763572173428514e-4,0.03565449575807618,0.07719234703645453,0.04153785127837835
W02000410,2025,0.076141105816912,1.9025461135973448e-4,0.05265364532786119,0.10397524314260892,0.05132159781474773
W02000411,2025,0.05501343721363937,1.50395871923392e-4,0.033741093884003176,0.08013609378916015,0.04639499990515697
W02000412,2025,0.06633722029736101,1.4263941000483378e-4,0.04442679065297726,0.0920754732263648,0.047648682573387544
W02000414,2025,0.03856426618264252,5.662793864239696e-5,0.0238996979438686,0.05463772090468218,0.030738022960813578
W02000415,2025,0.04865006742953605,7.597051776372236e-5,0.03211731077051037,0.06395299797800921,0.031835687207498846
W02000416,2025,0.03736018841024934,5.632181635399754e-5,0.02170796178720972,0.05205192541258894,0.030343963625379222
W02000417,2025,0.03661771624710191,1.096616711793163e-4,0.016863474180176502,0.0565393907379723,0.0396759165577958
W02000418,2025,0.04169026292558848,6.213722388471268e-5,0.02668013852498208,0.05589142904084893,0.029211290515866847
W02000419,2025,0.035934788886100286,1.1124121628920175e-4,0.014640778165581136,0.05801127149168403,0.04337049332610289
W02000421,2025,0.0439740307608272,5.5127935762744184e-5,0.02997350281890912,0.05866202366459246,0.028688520845683338
W02000422,2025,0.07326698854485383,1.2761046774959958e-4,0.05234203093609485,0.0976015573535814,0.045259526417486554
W02000423,2025,0.070669149341724,1.1983365950089888e-4,0.05150613798999025,0.09460133566677006,0.043095197676779814
W02000424,2025,0.038919178883432486,9.228807167267732e-5,0.021014512949702566,0.05754307991136652,0.036528566961663955
W02000425,2025,0.04698215756536485,8.372376288289325e-5,0.030881688909525813,0.0659422449330551,0.03506055602352929
W02000426,2025,0.03824397968410283,1.223283036384881e-4,0.01645000702617577,0.05910084166466638,0.042650834638490606
W02000427,2025,0.036269067414316375,5.578534599540352e-5,0.01915574953170978,0.050804886269857366,0.031649136738147586
W02000428,2025,0.03430769541944116,8.894567882102661e-5,0.01216162046955957,0.05105980082120899,0.03889818035164942
