area_id,time_id,fh_estimate,fh_variance,fh_lower,fh_upper,fh_ci_width
W02000001,2021,0.04784693704126661,9.434851230066016e-5,0.028579596658148475,0.06692119564160007,0.03834159898345159
W02000002,2021,0.04171871652132,1.1793817263831716e-4,0.02238612036603477,0.06211474407562978,0.03972862370959501
W02000003,2021,0.05695970711474019,1.2582936934288428e-4,0.03647970948268425,0.0785721728736539,0.04209246339096964
W02000004,2021,0.04538796884655273,8.972597974417991e-5,0.02743303775263124,0.06644806618469783,0.039015028432066584
W02000005,2021,0.040415469843990054,1.46414949657591e-4,0.01618025620140845,0.06570225150530204,0.04952199530389359
W02000006,2021,0.050195029098824596,8.274274678761755e-5,0.03209399727490419,0.06707196408102312,0.03497796680611893
W02000007,2021,0.05153064179880524,8.526702443525771e-5,0.035785623716095706,0.07210684277322094,0.03632121905712523
W02000008,2021,0.04519162286980107,1.1793029650838535e-4,0.023247899386813847,0.0668521930144924,0.04360429362767855
W02000009,2021,0.04667944917428961,1.014875964690855e-4,0.02783409662600505,0.0675899966706901,0.03975590004468505
W02000010,2021,0.0823145783426012,3.805983549103096e-4,0.04396805494679665,0.12220746454418141,0.07823940959738476
W02000011,2021,0.05760911233255319,1.245015349710014e-4,0.035416148360310956,0.07763056000629853,0.042214411645987576
W02000012,2021,0.05247486388283561,1.1084424812753699e-4,0.031877319791960984,0.07454272737861736,0.04266540758665638
W02000013,2021,0.05072399087728104,1.0921700526049829e-4,0.031200120463289707,0.06972708509170372,0.03852696462841401
W02000014,2021,0.051622727362943245,1.1053875221948645e-4,0.03138027515627794,0.07128820833715026,0.03990793318087232
W02000015,2021,0.051213421019578306,1.1072947266069784e-4,0.03313631610155076,0.06937833038905386,0.0362420142875031
W02000016,2021,0.047677496270382355,1.101583392332096e-4,0.026464470202132988,0.07051284996536833,0.04404837976323534
W02000017,2021,0.04821434305974405,1.3095686267444923e-4,0.02409405478479944,0.0696270735415313,0.045533018756731866
W02000018,2021,0.04394497928973164,1.0136265554535956e-4,0.020261336773442593,0.06262215320676973,0.042360816433327134
W02000019,2021,0.040772215400566414,1.0431226448259025e-4,0.02071198134186747,0.06176750063462889,0.04105551929276142
W02000020,2021,0.04202988541148701,1.519672224406133e-4,0.020219831866366902,0.06704399542536861,0.04682416355900171
W02000021,2021,0.04681678123347161,1.6712043160898796e-4,0.019350831352796492,0.07085749153915302,0.05150666018635653
W02000022,2021,0.039335083277791213,1.3029157884771335e-4,0.01821960671895289,0.06101924759998478,0.04279964088103189
W02000023,2021,0.0426731407805483,1.8280412421536662e-4,0.017098249138833635,0.06822066690935374,0.05112241777052011
W02000024,2021,0.04608494710090132,8.840306678304019e-5,0.027434039847600483,0.06343592323108038,0.0360018833834799
W02000025,2021,0.04342352876985679,1.0555513604693797e-4,0.022878596526674476,0.06385245214766838,0.040973855620993906
W02000026,2021,0.03728533834285524,1.2740962620661465e-4,0.016815211433306915,0.06287566176870599,0.04606045033539907
W02000027,2021,0.04205491552038608,1.5559890547292934e-4,0.01922367367579783,0.06723585479528846,0.04801218111949063
W02000028,2021,0.042694263777214976,1.2917615671741557e-4,0.018644442859680213,0.06319980069318072,0.04455535783350051
W02000029,2021,0.03695152456526058,1.295728337907117e-4,0.01313101863975633,0.05965519329193531,0.04652417465217898
W02000030,2021,0.034380690996831484,1.546248302747775e-4,0.009905819048585729,0.057854872859163436,0.04794905381057771
W02000031,2021,0.043236821484502266,1.1315661164309105e-4,0.022885833255043862,0.06288637157130018,0.04000053831625632
W02000032,2021,0.03999754518078953,1.279788667941787e-4,0.01782116160796926,0.060390921278881696,0.042569759670912435
W02000033,2021,0.04976273730129271,9.429791417229836e-5,0.03055337026597189,0.06711447341164126,0.03656110314566936
W02000034,2021,0.045619869479723886,1.0879516779832437e-4,0.026105548087943853,0.06639841299857235,0.0402928649106285
W02000035,2021,0.049182159840564094,1.0409895062391351e-4,0.029690446308624864,0.06803010874503174,0.03833966243640687
W02000036,2021,0.03850410799745071,1.1131808608770777e-4,0.01709807496680845,0.05748764001666874,0.04038956504986029
W02000037,2021,0.05062933468634129,1.0466251403897752e-4,0.030395959686875175,0.07149875223681607,0.04110279254994089
W02000038,2021,0.04412047217351725,1.1948188768113823e-4,0.023024766724268522,0.06549361519178926,0.042468848467520734
W02000039,2021,0.04606132636244651,1.2174452037440148e-4,0.025257458482664103,0.06739848903019258,0.04214103054752848
W02000040,2021,0.045011649493719635,9.524697314404266e-5,0.025840449936645422,0.0647138761312937,0.03887342619464828
W02000041,2021,0.045704675030611736,9.96134261744128e-5,0.02743973166652291,0.0651858968731672,0.03774616520664428
W02000042,2021,0.03870626764128053,1.1168472839425572e-4,0.015597027533053563,0.05886608158178584,0.04326905404873228
W02000043,2021,0.04509922380402555,1.2688972197721972e-4,0.023360345890342478,0.06780337486891344,0.04444302897857096
W02000044,2021,0.0415184024218261,1.3042656741716764e-4,0.01932356733930586,0.06597865466167105,0.04665508732236519
W02000045,2021,0.04699144326829071,1.2046488810976519e-4,0.026223822941675457,0.06573210707817569,0.03950828413650023
W02000047,2021,0.058408633814279465,1.395136257757742e-4,0.03496252307527476,0.08156113119075381,0.04659860811547905
W02000049,2021,0.04873862686943908,1.054236185649719e-4,0.02898318337900327,0.07005141319273775,0.04106822981373448
W02000050,2021,0.04663823255326755,1.0363002231522402e-4,0.025753896628634174,0.06530450974552053,0.03955061311688636
W02000051,2021,0.04173395272863626,9.347881442522077e-5,0.0218092519419528,0.058867241089573225,0.03705798914762043
W02000052,2021,0.05186138735700236,1.0439134157021779e-4,0.034169676725350984,0.07137131592150142,0.03720163919615044
W02000053,2021,0.04612375853563226,1.0619817897978068e-4,0.026050756751845906,0.06680661044008376,0.04075585368823786
W02000054,2021,0.044813981900116304,1.1173113096094384e-4,0.025357778481341534,0.06807370746552908,0.04271592898418755
W02000055,2021,0.04806553127771997,1.1415090367456044e-4,0.02820366859806887,0.06841868641185708,0.04021501781378821
W02000056,2021,0.04731739741106366,8.608939143586638e-5,0.02980502137564017,0.0636339868430211,0.03382896546738093
W02000057,2021,0.043068887735828065,1.0676422683601857e-4,0.02515106087627926,0.06564382266053974,0.04049276178426048
W02000058,2021,0.04525595453715987,1.2342526928235906e-4,0.02399169829424725,0.06976983495070582,0.04577813665645857
W02000059,2021,0.049521262671156446,1.0410318307605718e-4,0.02975992780834992,0.06726396573126481,0.03750403792291489
W02000060,2021,0.05255790419668128,1.1524913165650809e-4,0.031459952210535644,0.07230228938556771,0.040842337175032065
W02000061,2021,0.05613166527597129,1.2014777294364636e-4,0.03184151368134898,0.07722876847459356,0.04538725479324458
W02000062,2021,0.04880815289773206,9.835361985741674e-5,0.030002279543424132,0.06629127859622239,0.036288999052798254
W02000063,2021,0.04397233043123116,1.0344596184133506e-4,0.02488463284485255,0.06668099407253107,0.04179636122767852
W02000064,2021,0.05684407994661735,1.1835559101391814e-4,0.03532065858615563,0.07630852947964178,0.040987870893486156
W02000065,2021,0.05289236496597196,1.0720480145778544e-4,0.03164242045257565,0.07225799952629258,0.040615579073716934
W02000066,2021,0.05431335257306069,1.1845192003542779e-4,0.03075504603344024,0.07352791892228074,0.04277287288884049
W02000067,2021,0.049298879905157696,1.0661882628225894e-4,0.027070260919994586,0.06865604456170118,0.0415857836417066
W02000068,2021,0.05107820499627179,1.066821331623797e-4,0.030453458642813513,0.07035076670436871,0.0398973080615552
W02000069,2021,0.047857134230611276,1.0541784431200242e-4,0.027076387233628398,0.06855724125126288,0.041480854017634475
W02000070,2021,0.048347273322214425,1.0420186657650672e-4,0.02875788353686222,0.06758555934919724,0.038827675812335025
W02000071,2021,0.044594549974116965,9.330963451105818e-5,0.024940670507398996,0.06303247262782742,0.038091802120428425
W02000072,2021,0.05653735064404558,1.1878208433976418e-4,0.03681367258349626,0.07658316680003192,0.03976949421653567
W02000073,2021,0.047565342116860074,9.687122188848517e-5,0.028978353675036362,0.06882856085759201,0.03985020718255565
W02000074,2021,0.05208149588288349,1.049085863727973e-4,0.03292085222591934,0.07188370081147688,0.03896284858555754
W02000075,2021,0.051469587279359234,1.009933855191275e-4,0.031296028357027994,0.07010130412935531,0.03880527577232731
W02000076,2021,0.04616511348543267,9.715597368096765e-5,0.02865060934002605,0.06634609778124628,0.03769548844122023
W02000077,2021,0.046865626160325,9.182839992528267e-5,0.026770314065472825,0.06501178557895262,0.0382414715134798
W02000080,2021,0.05329068037504945,1.0146621784151835e-4,0.033400287706185736,0.07013701170047382,0.03673672399428808
W02000081,2021,0.052578737050532086,1.1371507293799537e-4,0.03128365886162589,0.07358534430829014,0.04230168544666425
W02000082,2021,0.054689854268618575,1.177746996159894e-4,0.030640702530232964,0.07326997172869011,0.04262926919845715
W02000083,2021,0.054470087030859975,1.0200642474068689e-4,0.0333963860602621,0.07331717434847942,0.039920788288217324
W02000085,2021,0.04765735885552774,1.0231221239490272e-4,0.029571890394706472,0.06812215777388919,0.03855026737918272
W02000087,2021,0.060781764329275845,1.4150591058408732e-4,0.037634166635670464,0.08489869522152994,0.04726452858585948
W02000088,2021,0.058416797257664126,1.321698309257217e-4,0.03492819626762681,0.08002386868050795,0.04509567241288114
W02000089,2021,0.058796441974846084,1.5821518747479167e-4,0.035210366878460665,0.08257615191856169,0.04736578504010102
W02000090,2021,0.05145204446583547,9.880770629229763e-5,0.0313114329490499,0.07061666585278818,0.03930523290373828
W02000091,2021,0.05067711230096252,9.814268230502912e-5,0.03142566323982891,0.07171140091829163,0.04028573767846272
W02000092,2021,0.053026175025119776,1.0505637520042359e-4,0.030843669518308258,0.07234944915516024,0.04150577963685198
W02000093,2021,0.051285288679858355,9.735886142337562e-5,0.03210911213437805,0.070367373761224,0.038258261626845945
W02000094,2021,0.052763888748461114,9.81322139947895e-5,0.032964111890604005,0.07029045110931773,0.03732633921871372
W02000095,2021,0.04390848738979101,1.0493071236234923e-4,0.02216066510872708,0.06444410388055463,0.04228343877182755
W02000096,2021,0.04726892416479265,9.36251286706134e-5,0.027332745004482996,0.06499599294616396,0.03766324794168096
W02000097,2021,0.04390968799373421,1.1058735545568232e-4,0.0247354719965602,0.06685290244789865,0.04211743045133845
W02000098,2021,0.04498178580258992,1.103488426934211e-4,0.0247365168169405,0.06669969404866594,0.041963177231725435
W02000099,2021,0.04988970105199981,1.1169458196613033e-4,0.03024892759919894,0.06990217807218549,0.039653250472986554
W02000100,2021,0.04596528885191482,1.0113738415632237e-4,0.027181380471184617,0.0659299325375137,0.03874855206632908
W02000101,2021,0.04471397161887168,9.675426053351867e-5,0.02674119305510548,0.06473034447618613,0.03798915142108065
W02000102,2021,0.045935467322538275,9.609591999750481e-5,0.02839341463629848,0.06590326108072014,0.037509846444421666
W02000103,2021,0.045353214084225824,1.1049114707366779e-4,0.025952293709094756,0.06754926047606569,0.04159696676697093
W02000104,2021,0.04942114267854194,1.0454031952614503e-4,0.029384749506838684,0.07360644056971058,0.044221691062871896
W02000105,2021,0.06004110810875667,1.0106742737811785e-4,0.040844831382899474,0.08086219382743044,0.04001736244453097
W02000106,2021,0.044035442322878995,9.041545937926532e-5,0.026212906706128854,0.06331633276078348,0.03710342605465462
W02000107,2021,0.04352994325304198,1.1124243746710814e-4,0.025403639571677707,0.06735734449800856,0.041953704926330854
W02000108,2021,0.042618778411324214,1.0874567437242249e-4,0.02176628927295829,0.06386952898272842,0.04210323970977013
W02000109,2021,0.04643107978516957,1.1281338626686826e-4,0.025401632519673725,0.06735231600380667,0.041950683484132945
W02000110,2021,0.045086797540254034,9.853287802590814e-5,0.024977476516024076,0.06523245930009172,0.040254982784067646
W02000111,2021,0.04439230124380773,1.04647838393036e-4,0.025292334367962917,0.06696043978429653,0.04166810541633361
W02000113,2021,0.051765250781284286,9.631317024584761e-5,0.034929836002361374,0.07162863734839983,0.03669880134603846
W02000114,2021,0.0413757774603898,1.0947489913837125e-4,0.023942323578545317,0.06622294052867606,0.04228061695013074
W02000116,2021,0.046612567562999245,9.572523976546881e-5,0.02610784610161981,0.06644872549475196,0.04034087939313215
W02000117,2021,0.08128320458768969,2.779598554584412e-4,0.04720672855432893,0.11195482016934569,0.06474809161501675
W02000118,2021,0.05882046186743241,1.022770077044657e-4,0.03768957559893792,0.07745804800887013,0.039768472409932205
W02000120,2021,0.044005960334219954,9.092162207866577e-5,0.02633667359674979,0.06510854072878042,0.038771867132030624
W02000122,2021,0.04299236897758758,1.1119423696377311e-4,0.024186483334328504,0.06203267927169881,0.037846195937370306
W02000123,2021,0.047120528880872446,9.749129367468378e-5,0.028572101633993985,0.06668708830458685,0.03811498667059286
W02000124,2021,0.044051216387044866,1.3063719313244736e-4,0.021499679010558975,0.06490020078308655,0.04340052177252757
W02000125,2021,0.040129869420471385,9.461259402511716e-5,0.020729750111007736,0.058531112525280524,0.03780136241427279
W02000126,2021,0.046267721399728776,9.304959848960789e-5,0.02690147043947415,0.06427288191406141,0.037371411474587266
W02000127,2021,0.04445038897979308,1.1064160603849914e-4,0.02390112019465348,0.0659247643874013,0.042023644192747824
W02000128,2021,0.04670831992046597,1.1900097726994988e-4,0.026850909425696783,0.07003245900390995,0.043181549578213164
W02000129,2021,0.046182177233148866,9.165202605826166e-5,0.027378790033577603,0.065184293416047,0.03780550338246941
W02000130,2021,0.05874375875499198,1.0873231629902517e-4,0.039511111696287474,0.07943175984035772,0.039920648144070245
W02000131,2021,0.05182489933242374,1.2136622581970482e-4,0.03269470418556845,0.07437271865580738,0.04167801447023894
W02000132,2021,0.046590486264439644,1.0711738011419287e-4,0.02643646968322272,0.06867512843581103,0.04223865875258831
W02000133,2021,0.04548345010071756,1.1782051169899857e-4,0.02530371303428401,0.06726079371802496,0.04195708068374095
W02000134,2021,0.048445954569182194,1.2567887387936327e-4,0.028020551956043215,0.07119249258096864,0.04317194062492543
W02000135,2021,0.052556447111186164,1.2513713489152755e-4,0.031106411690176368,0.07518308794604885,0.04407667625587248
W02000136,2021,0.04153934429480166,1.1721497919318966e-4,0.020861684297594028,0.06268396438503679,0.041822280087442765
W02000137,2021,0.05469566567232608,1.0902958965900714e-4,0.03436615385695539,0.07499194329456182,0.04062578943760643
W02000138,2021,0.054393564249123165,1.1521929796909254e-4,0.035312067249939474,0.07637332505646272,0.04106125780652324
W02000139,2021,0.044205288809961496,1.3163995896314649e-4,0.02278124651834986,0.06723651831553112,0.04445527179718126
W02000140,2021,0.052374828859791334,1.357748199500351e-4,0.03006185143231519,0.07900357221915649,0.0489417207868413
W02000141,2021,0.042256521770493355,1.2186117873249966e-4,0.02046245362528485,0.06673553601121468,0.04627308238592983
W02000142,2021,0.047165531512080645,8.919390061253542e-5,0.029432182355032623,0.06572964152631477,0.03629745917128215
W02000143,2021,0.044560001075717386,9.097923307595393e-5,0.027133680406801305,0.06421897090397957,0.037085290497178264
W02000144,2021,0.04487844989220132,1.2126945032862586e-4,0.02333241973595701,0.06805338108878425,0.04472096135282724
W02000145,2021,0.04470374608998729,1.017057345234641e-4,0.025849742473207885,0.06423011382430317,0.03838037135109529
W02000146,2021,0.045252005153101266,9.663891728521256e-5,0.027112323937421988,0.06442921127587663,0.03731688733845464
W02000147,2021,0.055895853841549555,9.79922892123975e-5,0.03600600831494771,0.07469359663307329,0.038687588318125576
W02000148,2021,0.0550216310513184,1.0692711185603991e-4,0.03652196136198408,0.07347571931467486,0.036953757952690784
W02000149,2021,0.04660145454280604,1.0713239388061195e-4,0.02996678493030234,0.06655037908852757,0.03658359415822523
W02000151,2021,0.05065410297129976,8.142113939445439e-5,0.03524700153722224,0.06825064645791024,0.033003644920688
W02000152,2021,0.04765312759225058,1.0767658187934719e-4,0.02759404495508963,0.06891014857052609,0.04131610361543646
W02000153,2021,0.04672654062188073,1.0524369277665685e-4,0.027081891549055395,0.0690845815180797,0.0420026899690243
W02000154,2021,0.050446648737387106,9.029013868339153e-5,0.032137615966274846,0.06950486453876983,0.03736724857249499
W02000156,2021,0.051754333031090415,1.0765571663264915e-4,0.03170302066510198,0.07285186958426869,0.04114884891916671
W02000157,2021,0.051051355726924194,9.085085802331726e-5,0.031736170797626875,0.07060669085073147,0.038870520053104596
W02000158,2021,0.05312197688306629,1.208675694626201e-4,0.033423246562234755,0.08230869896990005,0.04888545240766529
W02000159,2021,0.05022316731290737,9.6884988281876165e-05,0.03315429216799992,0.07210509755829259,0.038950805390292664
W02000160,2021,0.04756668606355024,9.603540572714044e-5,0.029245164770205716,0.06712369531527981,0.0378785305450741
W02000161,2021,0.052023597689830926,1.0080170186725068e-4,0.0342926387564904,0.07438921678683334,0.040096578030342944
W02000162,2021,0.04571859330102713,1.2368937734740993e-4,0.02611599635002264,0.06953338802993933,0.04341739167991669
W02000163,2021,0.05287727697588761,9.763647871408272e-5,0.03242628775485365,0.07180991233141903,0.039383624576565385
W02000164,2021,0.05035778066253115,7.850425584152321e-5,0.0341138611139555,0.06788040029087009,0.033766539176914585
W02000165,2021,0.05480901946217632,1.0154916210828346e-4,0.03728906705813745,0.07409749268720163,0.03680842562906418
W02000166,2021,0.05773087789733283,1.1427239503558347e-4,0.03852644594935631,0.08034567467173562,0.04181922872237931
W02000167,2021,0.05754225498292584,1.1071254135211569e-4,0.038751532578266405,0.0786444834999257,0.039892950921659294
W02000168,2021,0.05345544237156207,1.0347881564688966e-4,0.033281308550567504,0.07280378058916256,0.03952247203859506
W02000169,2021,0.05286685070194083,8.298205186414594e-5,0.036331424548084086,0.07192148530982417,0.03559006076174009
W02000170,2021,0.0515450686834336,9.183333487120528e-5,0.03197005461008101,0.06949097919989608,0.03752092458981507
W02000171,2021,0.05552369354871452,9.301177340850997e-5,0.03606585549044799,0.07537942415601193,0.03931356866556394
W02000172,2021,0.05476395461057193,1.1760727344017313e-4,0.034861947768858995,0.07583290676926577,0.04097095900040677
W02000173,2021,0.05951757729663232,9.694030049371858e-5,0.04034489424770499,0.07859896204157843,0.03825406779387344
W02000174,2021,0.051884915251884565,1.1106131802594138e-4,0.03515299903171172,0.07394302099784417,0.038790021966132446
W02000175,2021,0.05513156365662468,1.1118068876174108e-4,0.0363113268660601,0.0770124414623364,0.04070111459627631
W02000176,2021,0.05039267853604083,9.500702640082623e-5,0.03455641470170957,0.07106732970724924,0.03651091500553967
W02000177,2021,0.056141541888097786,1.1161735423167315e-4,0.03511188923241301,0.07688806886260614,0.04177617963019313
W02000178,2021,0.06378468228123992,1.3014786763350367e-4,0.04317698307959017,0.08497768901292854,0.04180070593333837
W02000179,2021,0.049599678563906166,1.0556695631530116e-4,0.031306113166383966,0.07169907295711259,0.04039295979072862
W02000180,2021,0.05883797714407575,1.0806683698985783e-4,0.040667872296486454,0.08034031244558426,0.03967244014909781
W02000181,2021,0.05669650988015824,1.136531217579761e-4,0.03570502903298982,0.07956312066417641,0.04385809163118659
W02000182,2021,0.05558744978004072,9.169037281887241e-5,0.03806929557212979,0.07395747219223162,0.035888176620101825
W02000183,2021,0.06398873641065415,1.2578695595862825e-4,0.042612465879676556,0.08547186012356689,0.042859394243890334
W02000184,2021,0.05257060849630817,1.0104891746938071e-4,0.03372246576381566,0.07249087173252272,0.038768405968707065
W02000185,2021,0.04667680275433571,1.0426468593339025e-4,0.029146963171015807,0.06605035084035253,0.03690338766933672
W02000186,2021,0.06381845347312262,1.4820605543371918e-4,0.04066685287184068,0.0863187457926955,0.045651892920854815
W02000188,2021,0.06310369766837118,1.3999783317239996e-4,0.03670775374585731,0.08634857979965768,0.04964082605380037
W02000189,2021,0.04866920461867498,1.191319925607868e-4,0.02764233795816704,0.06977441270355329,0.04213207474538625
W02000191,2021,0.06724540002227496,1.5005162289066177e-4,0.04523525895930673,0.08953157635086254,0.0442963173915558
W02000192,2021,0.0692477045714928,1.5368896891353756e-4,0.044838572548262304,0.09403194140373337,0.04919336885547107
W02000193,2021,0.07785671516849885,2.3113085884442835e-4,0.04919383020981623,0.10761289974208699,0.05841906953227076
W02000194,2021,0.05521080513643412,1.3414956973276977e-4,0.03394928021644883,0.07666673406096608,0.04271745384451725
W02000195,2021,0.03901800488971315,1.9146780107489583e-4,0.012578766259692674,0.0661249737073172,0.05354620744762452
W02000196,2021,0.04472621784654421,1.8511377289700008e-4,0.02167995582161493,0.07517208081943108,0.05349212499781615
W02000197,2021,0.03957344953918236,1.5609572775099358e-4,0.016687007572970022,0.06719021602124375,0.05050320844827373
W02000198,2021,0.04148350044458699,1.5720551171924613e-4,0.017402035237320958,0.06813972074076127,0.050737685503440315
W02000200,2021,0.05047551080157977,8.059733458009033e-5,0.03565130222621403,0.06909357801535496,0.03344227578914093
W02000201,2021,0.049848279578678004,8.344717912837038e-5,0.03391571993400713,0.07041229176399283,0.0364965718299857
W02000202,2021,0.05283166935207319,8.660820206765254e-5,0.035891864655061036,0.07355496795950096,0.03766310330443993
W02000204,2021,0.04706203532029159,8.753808804040416e-5,0.028452551184492997,0.06523601492116647,0.036783463736673475
W02000205,2021,0.04789042729316205,1.0644915676495052e-4,0.026276204797035005,0.06657150520461504,0.04029530040758003
W02000206,2021,0.05073006818767239,1.164962568076234e-4,0.028600589095476234,0.07236677686037446,0.043766187764898226
W02000207,2021,0.04827329081935151,1.1220592166272655e-4,0.028456905729062114,0.0702240781500853,0.04176717242102319
W02000208,2021,0.06677539699930993,1.3876434663366628e-4,0.04084909963749517,0.0873686432275398,0.046519543590044635
W02000210,2021,0.05684838285395879,1.12319240728646e-4,0.03914558163709417,0.07757261542649069,0.03842703378939652
W02000211,2021,0.055495182967269664,1.0245477908010592e-4,0.035047888683253633,0.075098935009694,0.04005104632644037
W02000212,2021,0.05449293099013223,8.617113997203342e-5,0.03841071056511922,0.0725380767028233,0.034127366137704084
W02000213,2021,0.050074196441999126,1.058515501092636e-4,0.02919141518258584,0.07184322994342054,0.042651814760834704
W02000214,2021,0.05220040965337287,1.1813887949252773e-4,0.02870906850666294,0.0747549274778235,0.046045858971160564
W02000215,2021,0.05558331158705306,1.3941783764285498e-4,0.03510900834024684,0.08017741978345039,0.045068411443203546
W02000216,2021,0.05367314166501104,1.0479749358976896e-4,0.03313703569191451,0.0748534218859564,0.04171638619404189
W02000217,2021,0.05527576661324863,9.124868034763152e-5,0.03959694113674782,0.07304767515823282,0.033450734021485004
W02000218,2021,0.05775530699819211,1.0177749137392547e-4,0.03962935097478888,0.08006300860245563,0.04043365762766675
W02000219,2021,0.05342220599618375,1.0502875964749524e-4,0.034545317487988156,0.07282587171786925,0.038280554229881095
W02000220,2021,0.056509153479066473,1.0681758973321164e-4,0.03659104730388743,0.07711368068822937,0.040522633384341936
W02000221,2021,0.0583955163061599,1.1257832070654143e-4,0.03965248392037542,0.07998110115710383,0.04032861723672841
W02000222,2021,0.05043038087282399,9.32675481280565e-5,0.03327437328207803,0.07183079261305217,0.03855641933097414
W02000223,2021,0.05489131402607071,1.1003160969557504e-4,0.03625803210982628,0.08017048956077633,0.04391245745095004
W02000224,2021,0.05748906554666336,9.638833411601437e-5,0.03771469260216999,0.07570137586314893,0.03798668326097894
W02000225,2021,0.05495788593263555,1.0339431644894652e-4,0.036638741800671934,0.07581520015945936,0.03917645835878743
W02000226,2021,0.05305844259268543,9.977860828007184e-5,0.03445068411853641,0.07473354271696797,0.04028285859843156
W02000227,2021,0.05708331941283102,1.278243741412201e-4,0.037068341960019055,0.0798987732808753,0.042830431320856246
W02000228,2021,0.06528559199118852,1.2981077831185407e-4,0.0436044467123775,0.08659613234897054,0.04299168563659304
W02000229,2021,0.0530837535711501,1.118616767163554e-4,0.03265098238090382,0.0760171688524893,0.04336618647158548
W02000230,2021,0.04959701951460289,1.0064211911868286e-4,0.029158700582205408,0.0698563504643282,0.040697649882122794
W02000231,2021,0.05472115849845468,8.32059631675485e-5,0.03812688889458468,0.07251048078933278,0.0343835918947481
W02000232,2021,0.05565154172086817,1.2099225619655549e-4,0.03730400966498765,0.08015637825129535,0.0428523685863077
W02000233,2021,0.057178866970065176,1.083131241507082e-4,0.03809275113074797,0.07931905572931422,0.04122630459856625
W02000234,2021,0.05597771847187203,1.083383777335727e-4,0.03773553013479185,0.07637359449724956,0.038638064362457716
W02000235,2021,0.03987310239689997,1.3970761874948978e-4,0.01800281144147338,0.06616313265758272,0.048160321216109345
W02000236,2021,0.04494743960239763,1.3696388379911886e-4,0.02365634289300203,0.06808499660923252,0.04442865371623049
W02000237,2021,0.04844648967847753,1.0579901530607433e-4,0.03160797517906997,0.07065892855268396,0.03905095337361399
W02000238,2021,0.042488091799764455,1.2123329079858601e-4,0.02363605002387803,0.06722482112818905,0.043588771104311017
W02000239,2021,0.050624908388016476,9.535684507129059e-5,0.03085259842709586,0.07134824048047897,0.04049564205338311
W02000240,2021,0.05526810425915453,1.0781468911351512e-4,0.03728469098425774,0.07712149457226113,0.039836803588003386
W02000241,2021,0.050556135315011526,1.0072934789811929e-4,0.03277231575069902,0.07154706640089203,0.038774750650193014
W02000242,2021,0.04840183398851015,1.2663882171125803e-4,0.03011354309432777,0.07729053069310882,0.04717698759878104
W02000243,2021,0.06094612889233094,1.1740067867394442e-4,0.04156942814048401,0.08245772386151008,0.04088829572102607
W02000244,2021,0.049477529402709296,1.1097434440226041e-4,0.031699956753683554,0.07411940363048902,0.04241944687680547
W02000245,2021,0.060098560234309276,1.1208992403285547e-4,0.041915954471989134,0.08389651053639541,0.041980556064406274
W02000246,2021,0.04526667128766864,1.2677637263409266e-4,0.024773875751014064,0.07067314561150334,0.04589926986048928
W02000247,2021,0.05106498502759068,1.1349069868936222e-4,0.03374209241107318,0.07528721420785106,0.041545121796777884
W02000248,2021,0.06399959117923076,1.2294540252277093e-4,0.044879877650192135,0.08791917791128018,0.04303930026108804
W02000249,2021,0.055803177741599215,1.2574606916212997e-4,0.03523743271568032,0.0786321463169759,0.043394713601295584
W02000250,2021,0.05721207232984247,1.0348359210457076e-4,0.03635643269584674,0.07697700780990636,0.04062057511405962
W02000251,2021,0.05909417654637166,1.066206216098995e-4,0.0416893558787301,0.08454167832330398,0.042852322444573876
W02000252,2021,0.05297878205030377,8.623362003755187e-5,0.035219917699597494,0.07101403065134546,0.03579411295174796
W02000253,2021,0.05514151537832148,9.287266274603522e-5,0.03713744728188831,0.07350420205738031,0.036366754775492005
W02000254,2021,0.05406578834205926,8.979871487793969e-5,0.037104252327814266,0.07294517951542961,0.03584092718761535
W02000255,2021,0.05296397238316427,1.0182222531330282e-4,0.03257072074372377,0.07039985794059991,0.037829137196876146
W02000256,2021,0.05693518652510614,1.0350921271695408e-4,0.038864300067619206,0.07753654053561655,0.038672240467997346
W02000257,2021,0.0544734807807271,8.956173324672701e-5,0.03572941306701251,0.07275141158931998,0.037021998522307475
W02000258,2021,0.053015249536553684,9.400886731043946e-5,0.034013724247315705,0.07126120804941694,0.03724748380210123
W02000259,2021,0.05682127053586542,9.999645374687349e-5,0.04046821390576089,0.07583514742222702,0.03536693351646613
W02000260,2021,0.05289292893392739,9.399867460964322e-5,0.035752934161623576,0.07205884873145921,0.03630591456983563
W02000261,2021,0.05357208087851296,8.928981964422766e-5,0.03689611669174954,0.0717302750758576,0.034834158384108055
W02000262,2021,0.05496709293864919,1.250484856564293e-4,0.03494384729982526,0.0768930137122087,0.04194916641238344
W02000263,2021,0.058514122177832424,9.824016638322432e-5,0.039389022447682775,0.07737995418123365,0.03799093173355088
W02000264,2021,0.05761745910778309,9.341113421670596e-5,0.03932086504043529,0.07736556769353725,0.03804470265310196
W02000265,2021,0.05596628977676019,1.063790422745648e-4,0.0335913962924282,0.07514280261059586,0.04155140631816766
W02000266,2021,0.05800193878193307,9.125450202495037e-5,0.04051333413114289,0.0763735203801103,0.03586018624896741
W02000267,2021,0.05800442273972124,1.0809988588493467e-4,0.037258263862043395,0.07751707835383763,0.040258814491794234
W02000268,2021,0.055394669881623664,1.0413931568201995e-4,0.03613233243924834,0.07513072962707672,0.038998397187828375
W02000269,2021,0.05624234681748125,9.463483104919478e-5,0.03766756100649207,0.07549319402555246,0.03782563301906039
W02000270,2021,0.055525832506863076,9.12248713228103e-5,0.037448968598993916,0.07594347958581693,0.038494510986823015
W02000271,2021,0.05570639383142502,1.0412212600419905e-4,0.03679344320306602,0.07647683815213813,0.03968339494907211
W02000272,2021,0.0554321038553002,8.481130330279297e-5,0.03724537642233795,0.07482925486494894,0.03758387844261099
W02000273,2021,0.07296681689270239,1.6497622066966285e-4,0.04898326386593636,0.09853800069811382,0.049554736832177454
W02000274,2021,0.057691854005491414,1.0320622916037807e-4,0.03818847648532703,0.0770463809270975,0.038857904441770466
W02000275,2021,0.05521606429954338,9.342736309151459e-5,0.0370940336160229,0.07447660372486886,0.037382570108845964
W02000276,2021,0.052549131385134076,8.718242103669575e-5,0.035231929884893695,0.0710434335125884,0.03581150362769471
W02000277,2021,0.05348784413590359,9.216414440996351e-5,0.035921352161115,0.07322817146717348,0.037306819306058475
W02000278,2021,0.056342156819918415,9.82337543271239e-5,0.035163710331908134,0.07587655533354826,0.04071284500164012
W02000279,2021,0.05773070227730981,1.0633658621273117e-4,0.03963776906662239,0.07735461477583089,0.037716845709208496
W02000280,2021,0.05976915338400024,9.973237733379604e-5,0.04086004603482209,0.07847803872341516,0.037617992688593074
W02000281,2021,0.0515171072521756,8.583955787824415e-5,0.03442171586770883,0.07107120302370912,0.03664948715600029
W02000282,2021,0.05512841468793867,9.888696922218187e-5,0.036451199937911516,0.07361377140045178,0.03716257146254026
W02000284,2021,0.058635186928235175,9.74740134131151e-5,0.04155570804501556,0.07911045982949452,0.037554751784478965
W02000285,2021,0.05262856506129448,9.05763327429659e-5,0.036182830048292855,0.0720210322651775,0.03583820221688465
W02000286,2021,0.05698089836542933,9.815247079745491e-5,0.03603945353949277,0.07684649965358437,0.0408070461140916
W02000287,2021,0.056071917336965045,9.181311579263074e-5,0.0380623680568464,0.07478363776865382,0.03672126971180742
W02000288,2021,0.05552878921973584,9.406800593215835e-5,0.037600845096944044,0.07736081040453557,0.03975996530759153
W02000289,2021,0.055683461093512604,1.0207912821465386e-4,0.03620288557140176,0.07619478481072181,0.03999189923932005
W02000290,2021,0.055038497358104226,1.0250771067502078e-4,0.03474900958157015,0.0760538657298346,0.04130485614826444
W02000291,2021,0.05568786724425236,9.91695833883234e-5,0.03406468819099587,0.07647470085365718,0.04241001266266131
W02000292,2021,0.056147045563434125,1.1157489827304294e-4,0.03657242896241226,0.07639274347841746,0.0398203145160052
W02000293,2021,0.05601886792110449,1.0885518599934661e-4,0.03684064389911491,0.07975632657039375,0.04291568267127884
W02000294,2021,0.05139117072742284,9.061821969808307e-5,0.03398956820580557,0.0713562462329331,0.03736667802712753
W02000295,2021,0.05491848263997445,1.0555638140729402e-4,0.03427461174375776,0.07617271443982926,0.0418981026960715
W02000296,2021,0.054133090333620335,9.443339572684829e-5,0.03783190794144911,0.07397308546478432,0.036141177523335205
W02000297,2021,0.054976137753453,9.381239671443618e-5,0.03625833898112754,0.074639254681695,0.03838091570056745
W02000298,2021,0.05514791906906548,1.0473642752223077e-4,0.03435605265994925,0.0730080657315507,0.03865201307160145
W02000299,2021,0.052127856291591335,8.970568535242073e-5,0.03534585400214933,0.07151801589314219,0.03617216189099286
W02000300,2021,0.05232188038867982,9.091651468720205e-5,0.032769365660592784,0.06969350011744416,0.036924134456851374
W02000301,2021,0.05903551691733971,9.143581081144771e-5,0.04142850384185316,0.07685433503029963,0.03542583118844647
W02000302,2021,0.053362469037745844,8.262467779311398e-5,0.036117351791153815,0.07098889784302623,0.03487154605187241
W02000303,2021,0.057087230431487813,7.952502035663024e-5,0.040488339824353875,0.07409291678180638,0.0336045769574525
W02000304,2021,0.05530444671041006,9.42479188359365e-5,0.03970208186479145,0.0737400470583513,0.03403796519355985
W02000305,2021,0.05438673018761428,1.0171309317413459e-4,0.033541144426542505,0.07345486154095027,0.03991371711440776
W02000306,2021,0.052368715344245344,8.831142139175683e-5,0.03558403436368065,0.07270398518099383,0.03711995081731318
W02000307,2021,0.06024836847003436,1.0777815126055455e-4,0.04100246091106553,0.08240083294294215,0.041398372031876615
W02000308,2021,0.05691487731757341,9.00142867194055e-5,0.04092615574774329,0.07592095936186702,0.03499480361412373
W02000309,2021,0.05296733502927852,9.223925028997493e-5,0.03475733280176302,0.07491641333067668,0.04015908052891366
W02000310,2021,0.05489533266616231,7.263103241398097e-5,0.03908429876342287,0.07299163110703366,0.03390733234361079
W02000311,2021,0.05637682158769924,1.067200631065501e-4,0.03816235745779122,0.07805994868049357,0.039897591222702346
W02000312,2021,0.053327652913693416,8.322250280906577e-5,0.036250565502124306,0.07105253976246102,0.03480197426033672
W02000313,2021,0.05509221795189683,9.253391398654738e-5,0.03546248127355407,0.07378180871749135,0.038319327443937276
W02000314,2021,0.05238534688528763,1.0228450435221762e-4,0.036349837677382896,0.07565762878257284,0.03930779110518995
W02000315,2021,0.05265630984365652,1.0486248808779722e-4,0.03318716424529096,0.07457259353443915,0.04138542928914819
W02000316,2021,0.053519048640210835,8.282249132491996e-5,0.037488579368515226,0.07101679155510196,0.033528212186586734
W02000317,2021,0.05445476600206064,9.849242527274999e-5,0.034883062750399485,0.07385674318880112,0.03897368043840163
W02000318,2021,0.054807988451308694,8.733665860429746e-5,0.037751495658843726,0.07348042748733849,0.035728931828494764
W02000319,2021,0.054774929931512756,8.46983480312464e-5,0.038727729562056265,0.07226845514104019,0.033540725578983924
W02000320,2021,0.05666636336929936,9.646489355164936e-5,0.038605515603371623,0.07713258751157429,0.03852707190820266
W02000321,2021,0.055239509279215275,1.000746328443911e-4,0.03809526743241193,0.07581100499955984,0.03771573756714791
W02000322,2021,0.05573714863855601,1.0689167774335813e-4,0.037295167742886284,0.07702233533824229,0.03972716759535601
W02000323,2021,0.05518607003025431,8.485427559282952e-5,0.037646442492610815,0.07296499353215244,0.035318551039541624
W02000324,2021,0.055164901891749246,8.804034864940686e-5,0.03811045020514472,0.07347979538833485,0.03536934518319013
W02000325,2021,0.05826692850679456,1.1096726641907967e-4,0.040309020364494574,0.08074061219682524,0.040431591832330666
W02000326,2021,0.052700372617596435,8.768555986492392e-5,0.0363154257667333,0.07011572189550466,0.03380029612877136
W02000327,2021,0.045124824784527916,1.1593493792604634e-4,0.026851735301522003,0.0674079550974993,0.0405562197959773
W02000328,2021,0.05308106674435079,9.414965865662167e-5,0.033272126792016896,0.07129148660148396,0.038019359809467065
W02000329,2021,0.05588754903776364,9.643581169916759e-5,0.0383931443306526,0.07515155074501434,0.03675840641436174
W02000330,2021,0.04394717946885358,9.14136685370609e-5,0.02463749983047439,0.06187956693309857,0.03724206710262418
W02000331,2021,0.06024916303264204,1.0081340077849173e-4,0.04195958856301962,0.0819108971257422,0.03995130856272258
W02000332,2021,0.0555917067862988,9.06132977389903e-5,0.0363582594834422,0.0731184705130365,0.03676021102959429
W02000333,2021,0.055183719472329223,9.627332564002073e-5,0.036428620268886214,0.07310175162508245,0.03667313135619624
W02000334,2021,0.05269803400582735,9.90420002004565e-5,0.03326435084223249,0.07187754957978108,0.03861319873754859
W02000335,2021,0.050743387928056854,8.037007781263236e-5,0.035695644221648656,0.06999584002704398,0.034300195805395325
W02000336,2021,0.04347172772130822,1.0186816370092155e-4,0.024992256321452577,0.0647214923324951,0.03972923601104253
W02000337,2021,0.05172030084448285,1.1331760822497687e-4,0.034115883963351634,0.07723138967096882,0.043115505707617185
W02000338,2021,0.04314702465323645,9.888571403786003e-5,0.023799400216271985,0.06196397731754956,0.038164577101277575
W02000339,2021,0.04580357487246312,1.3472611768427297e-4,0.02259100912005863,0.06936324727109107,0.046772238151032444
W02000340,2021,0.04302221871737434,1.0774030204525233e-4,0.023319580229239325,0.06274657018361693,0.0394269899543776
W02000341,2021,0.04475278029010506,0.00010017763106025866,0.027762644070393104,0.06390904342060812,0.03614639935021501
W02000342,2021,0.044422273092696925,1.1024718004226712e-4,0.02332868349826791,0.06422929916689368,0.040900615668625774
W02000343,2021,0.0532207440385824,1.0445157959925262e-4,0.03543443135323039,0.0773368055683682,0.0419023742151378
W02000344,2021,0.047525537008018495,9.706609979998206e-5,0.03001071952080999,0.06680120238680479,0.036790482865994796
W02000345,2021,0.04913726413555977,1.114571178763749e-4,0.026105091756664145,0.0688184011436202,0.042713309386956055
W02000346,2021,0.05050169451811998,1.182363572150307e-4,0.030247891233793553,0.06986481209301118,0.03961692085921763
W02000347,2021,0.047804880496221065,9.190281219251123e-5,0.02921999780112038,0.06546269494896588,0.036242697147845504
W02000348,2021,0.04994564812457879,1.0046117419494493e-4,0.032226019934047306,0.07079248609684473,0.03856646616279742
W02000349,2021,0.05934784545569909,1.1768756953443659e-4,0.03698174749870013,0.08067221917553663,0.0436904716768365
W02000350,2021,0.055232269944610904,1.0534569159592505e-4,0.035811910805607916,0.07668375987210585,0.040871849066497934
W02000351,2021,0.05347681524158316,1.2556009673580053e-4,0.03153423846707349,0.0751382771321541,0.043604038665080606
W02000352,2021,0.059780947534490335,1.1142911414193102e-4,0.04086768871979447,0.08284572429398351,0.04197803557418904
W02000353,2021,0.05916617909625406,1.496464003419686e-4,0.03377935691374286,0.0818022128587956,0.04802285594505274
W02000354,2021,0.04792387632692649,1.2362171937242906e-4,0.028148574287791522,0.07159365724381012,0.043445082956018594
W02000355,2021,0.05400988888535882,8.396107422814634e-5,0.03775398087065926,0.07208741384464795,0.03433343297398869
W02000356,2021,0.057959532699767405,1.2062831596463657e-4,0.03692844892268911,0.08190957244702712,0.044981123524338015
W02000357,2021,0.06154375969986568,1.4332210216486192e-4,0.03657043104083597,0.0817495094701712,0.04517907842933524
W02000358,2021,0.051008335168781484,1.0589597421778079e-4,0.029801747212668858,0.07117956399996808,0.041377816787299224
W02000359,2021,0.06786227431468439,1.7246765899137583e-4,0.04213245405415905,0.09320538025003819,0.05107292619587914
W02000360,2021,0.060472201173972444,1.2615452648498995e-4,0.04031717534206442,0.08511009263269624,0.04479291729063182
W02000361,2021,0.05935119323255392,1.0871684474030147e-4,0.03852892762168546,0.07815768131048131,0.039628753688795856
W02000362,2021,0.0552098534584085,9.460779585765853e-5,0.03607652195078708,0.076649335544063,0.04057281359327592
W02000363,2021,0.051577907464966266,1.1903200719480551e-4,0.03286697596676838,0.07166614541300487,0.03879916944623649
W02000364,2021,0.06864774946311676,1.676821375749582e-4,0.044515100731241826,0.09525234189206067,0.05073724116081884
W02000365,2021,0.06290907655483888,1.2354652991044816e-4,0.04375332098994368,0.08584409331547438,0.0420907723255307
W02000366,2021,0.05590256099587666,9.540093382101994e-5,0.03856297687706406,0.07595200876546418,0.03738903188840012
W02000367,2021,0.04753451134554263,1.1177538667275506e-4,0.027844483898499667,0.07273351688124899,0.04488903298274932
W02000368,2021,0.05750196379703834,1.02718942385026e-4,0.03890127635179941,0.0802538047280886,0.041352528376289194
W02000369,2021,0.06720275346471623,1.308141932049331e-4,0.04565154431067986,0.09021058464736265,0.04455904033668279
W02000370,2021,0.044061922578447696,1.2965204331832547e-4,0.02524752567256029,0.06994773176707167,0.04470020609451138
W02000371,2021,0.054407895360524386,1.0797978142994005e-4,0.03659450278282793,0.07607787064086664,0.039483367858038715
W02000372,2021,0.05492028892186681,1.0165075716723847e-4,0.03801731502866537,0.0799837118256282,0.04196639679696283
W02000373,2021,0.061575253342470763,1.1419618506321097e-4,0.04504175736043601,0.08556043859777218,0.04051868123733617
W02000374,2021,0.04997659635141799,9.763271007718026e-5,0.03279335949108942,0.06967357218827538,0.036880212697185964
W02000375,2021,0.06440713604550387,1.255778250794385e-4,0.04417863272276495,0.08788532136191388,0.04370668863914893
W02000376,2021,0.05458569803891043,9.516478519327672e-5,0.037802229884452525,0.0741232226094489,0.03632099272499637
W02000377,2021,0.06272663777439007,1.1947013190952865e-4,0.04310271551539001,0.0853416720350092,0.04223895651961919
W02000378,2021,0.05286203511441254,1.0759436157627746e-4,0.034694475185495205,0.07604978882036123,0.041355313634866026
W02000379,2021,0.0664332286795048,1.5549103355541694e-4,0.04502573663420488,0.09198613164380598,0.0469603950096011
W02000380,2021,0.05255329006424156,1.0539654888478763e-4,0.03161305504230694,0.07434543870635393,0.042732383664047
W02000381,2021,0.058575764734421436,1.0033586340422922e-4,0.041761823068505795,0.08028590957575382,0.03852408650724803
W02000382,2021,0.06051536418183672,1.2991361661427657e-4,0.0411839029625702,0.08371343391743567,0.042529530954865474
W02000383,2021,0.06048285735494289,1.312968731282363e-4,0.03967819199615734,0.08165161756851705,0.04197342557235971
W02000384,2021,0.0525667012695515,8.951217869291372e-5,0.03740504833558242,0.07193040562927065,0.03452535729368823
W02000385,2021,0.05672689237411576,1.1423314103687463e-4,0.03771809777545779,0.08460573986904626,0.04688764209358848
W02000386,2021,0.04730157534944314,1.306737737948712e-4,0.029352381856245842,0.07018902073317063,0.040836638876924784
W02000387,2021,0.0561485365008777,9.985847070002798e-5,0.036541666070377656,0.07722245999530944,0.040680793924931784
W02000388,2021,0.05364743172542937,9.784734306788654e-5,0.035961812139003624,0.07640899430998342,0.0404471821709798
W02000389,2021,0.060827635355194414,1.0600901094215358e-4,0.042127961033816275,0.08181088742179604,0.03968292638797977
W02000390,2021,0.0523526608258172,1.3475330282779828e-4,0.03271678165874899,0.07357830788317135,0.04086152622442236
W02000391,2021,0.08905729564113159,3.313772575678817e-4,0.054978921926236546,0.12446998815685648,0.06949106623061993
W02000392,2021,0.05379827457327646,1.1803499881403062e-4,0.036687570091042676,0.08051153163988507,0.0438239615488424
W02000393,2021,0.061796024570912884,1.3367174211335677e-4,0.04352542572585101,0.08584485697861455,0.04231943125276354
W02000394,2021,0.09543877982928259,4.040262348153063e-4,0.05482856171377253,0.13287855115759672,0.07804998944382419
W02000395,2021,0.061694261655715565,1.1685783611801283e-4,0.041693196432040655,0.08384440670409224,0.042151210272051584
W02000396,2021,0.08118589971259113,2.4688427674889404e-4,0.05107539278426492,0.11410685950229786,0.06303146671803295
W02000397,2021,0.0566011887786396,1.2113217848630282e-4,0.03763931729587583,0.07949459431774761,0.04185527702187178
W02000398,2021,0.1014007731188416,4.835381067140939e-4,0.05768030568873281,0.1449877477892561,0.0873074421005233
W02000399,2021,0.08279955191729928,2.519330952305965e-4,0.050606417497340045,0.11180526428106699,0.061198846783726946
W02000400,2021,0.06517388598488863,1.1976591348025977e-4,0.045228319698952156,0.08751040097353166,0.042282081274579504
W02000401,2021,0.05984431727616195,1.3302786128335833e-4,0.04052179164543586,0.08922603868797749,0.04870424704254163
W02000402,2021,0.08461837220652693,2.5270834666671354e-4,0.05308557353929157,0.11504231338044152,0.06195673984114995
W02000403,2021,0.06827867707227485,1.4379442057579764e-4,0.04655705228561245,0.0945994373394447,0.04804238505383225
W02000404,2021,0.06789128737149058,1.4454058927684417e-4,0.04393527808798558,0.09228311623047923,0.04834783814249365
W02000405,2021,0.06785519990052064,1.4531477461604574e-4,0.046036128207785534,0.09179579989627884,0.045759671688493306
W02000406,2021,0.06716147918209937,1.5253315180518685e-4,0.04545216935273641,0.09421540202625825,0.04876323267352184
W02000407,2021,0.06068635208135785,1.4439936571088798e-4,0.03969774810612367,0.08520024869819381,0.045502500592070144
W02000408,2021,0.0726919788482782,1.6254019993031904e-4,0.04848923871636411,0.09953610832963426,0.05104686961327015
W02000409,2021,0.05918945338725923,1.1298537686133534e-4,0.041708088753776296,0.08168719858184495,0.039979109828068654
W02000410,2021,0.07541543789881083,1.875564933564543e-4,0.04933852727903901,0.10348543858133458,0.05414691130229557
W02000411,2021,0.06236185331743943,1.3913179385669543e-4,0.04341511094069257,0.08711857065181106,0.043703459711118484
W02000412,2021,0.06734314748580168,1.4174122047441883e-4,0.045809276375580535,0.0922742527558976,0.04646497638031706
W02000414,2021,0.043569685937729585,9.930652564276545e-5,0.02445826961023116,0.06463874674507653,0.04018047713484536
W02000415,2021,0.06001248443426401,9.920344948418462e-5,0.040379970820150664,0.0795964654325958,0.039216494612445134
W02000416,2021,0.04381757853093251,8.117491035286281e-5,0.02584116242153267,0.06021008478440833,0.034368922362875656
W02000417,2021,0.05294013410240784,9.829593876076622e-5,0.03272687185706065,0.07166463038766244,0.03893775853060179
W02000418,2021,0.04519604561248336,9.066781329782494e-5,0.025753272901267076,0.06391137678886469,0.03815810388759761
W02000419,2021,0.048254563423963795,1.2548666970289344e-4,0.026618094407314868,0.07040208097648637,0.0437839865691715
W02000421,2021,0.04497116338587953,8.84992353302979e-5,0.028883184224060103,0.06500168445016445,0.03611850022610435
W02000422,2021,0.08119117047040199,2.4368536249046955e-4,0.0515151857000062,0.11417292073667248,0.06265773503666629
W02000423,2021,0.07658025361039342,1.9491335217670987e-4,0.05042236906615012,0.10452511071067687,0.05410274164452675
W02000424,2021,0.04246837056040498,1.0296918263276028e-4,0.022699139967418548,0.06552683146302693,0.04282769149560838
W02000425,2021,0.05482449818175881,1.1618072227669244e-4,0.03512662258377376,0.07784695027230004,0.04272032768852628
W02000426,2021,0.04713177644192937,1.2267394841424168e-4,0.024450058206394915,0.06661696544138135,0.04216690723498644
W02000427,2021,0.05292386378497029,8.15841360644348e-5,0.03565859597694275,0.07175181694575512,0.03609322096881237
W02000428,2021,0.051031913251303275,1.2817278462547616e-4,0.03011642109441607,0.07644053877377141,0.04632411767935534
W02000001,2023,0.049588230980680915,1.3840579127911824e-4,0.028770464179150274,0.07312227332341474,0.04435180914426447
W02000002,2023,0.043460010460734305,1.5808292392586822e-4,0.021950459910935194,0.06889268364858217,0.046942223737646976
W02000003,2023,0.058701001054154496,1.7823324481128854e-4,0.034948210183409226,0.0876421516073225,0.052693941423913274
W02000004,2023,0.04712926278596704,1.3730252162341943e-4,0.02480606817831489,0.07075416562786677,0.045948097449551875
W02000005,2023,0.04215676378340436,1.8371963214200275e-4,0.019380483292492853,0.06854101509726014,0.04916053180476729
W02000006,2023,0.051936323038238905,1.4426853593923176e-4,0.03173615379402618,0.0763579169376776,0.04462176314365142
W02000007,2023,0.05327193573821955,1.3137024386680572e-4,0.03287754165465656,0.07679472902203441,0.04391718736737785
W02000008,2023,0.04693291680921538,1.7558309616465427e-4,0.022541968893953594,0.07269546427708679,0.05015349538313319
W02000009,2023,0.04842074311370392,1.421842972014377e-4,0.02764020103178363,0.07461463015206457,0.046974429120280936
W02000010,2023,0.0840558722820155,4.6667446590153945e-4,0.041681202727552685,0.12523537096458265,0.08355416823702996
W02000011,2023,0.0593504062719675,1.820936359030555e-4,0.03485421161512674,0.08468690534229403,0.049832693727167296
W02000012,2023,0.054216157822249915,1.6772826734400104e-4,0.03149803501016272,0.08026733815208237,0.04876930314191965
W02000013,2023,0.05246528481669535,1.6447075401658653e-4,0.031088820900450315,0.07689029839875644,0.045801477498306126
W02000014,2023,0.05336402130235755,1.7271483514796535e-4,0.029662678338405836,0.08053651489042635,0.05087383655202051
W02000015,2023,0.052954714958992614,1.701372282539725e-4,0.03074785235536791,0.08089598323769714,0.05014813088232924
W02000016,2023,0.04941879020979666,0.00015845482297630915,0.026113223226358093,0.07514644684984986,0.04903322362349177
W02000017,2023,0.04995563699915836,1.653682348962576e-4,0.027520810204835797,0.0744070773307533,0.04688626712591751
W02000018,2023,0.045686273229145945,1.659851865571159e-4,0.021796245241046473,0.07112421822194925,0.04932797298090278
W02000019,2023,0.04251350933998072,1.5646838557051662e-4,0.019492227439069275,0.06832603609101964,0.04883380865195037
W02000020,2023,0.043771179350901315,2.0131859092751463e-4,0.018447353126743404,0.07424776787642415,0.05580041474968074
W02000021,2023,0.04855807517288592,2.0623482076800176e-4,0.022661250178279774,0.07597810318248638,0.053316853004206605
W02000022,2023,0.04107637721720552,1.7257804244339903e-4,0.018788269754012904,0.0682106114244399,0.049422341670427
W02000023,2023,0.044414434719962606,2.2101843272618547e-4,0.017722080328474207,0.07279874936283445,0.055076669034360246
W02000024,2023,0.04782624104031563,1.360984672604048e-4,0.027829828185126325,0.0739680415834072,0.04613821339828087
W02000025,2023,0.0451648227092711,1.4829873196476194e-4,0.023100969221325846,0.07138282535403437,0.04828185613270852
W02000026,2023,0.03902663228226955,1.7967039137679514e-4,0.015457687364139317,0.06825846825608978,0.05280078089195046
W02000027,2023,0.04379620945980039,2.1852829826055642e-4,0.016529457424374373,0.07337698456461184,0.05684752714023746
W02000028,2023,0.044435557716629284,1.7755938172118302e-4,0.01944844651604084,0.06980474563944393,0.05035629912340309
W02000029,2023,0.03869281850467489,1.7835622098137993e-4,0.013868838134312788,0.06483627956834427,0.05096744143403148
W02000030,2023,0.03612198493624579,2.018569849230514e-4,0.007935342333858324,0.06466296787259113,0.0567276255387328
W02000031,2023,0.044978115423916575,1.6107664841216596e-4,0.02168061461497959,0.0701778797769115,0.04849726516193192
W02000032,2023,0.04173883912020384,1.7012392640780233e-4,0.017008161638393197,0.06812590506863533,0.05111774343024214
W02000033,2023,0.051504031240707016,1.5042550566257863e-4,0.028008537180300788,0.07582513349514777,0.047816596314846985
W02000034,2023,0.047361163419138194,1.5076046920868794e-4,0.025409171372941096,0.07242433845087597,0.04701516707793487
W02000035,2023,0.0509234537799784,1.5075850512311228e-4,0.02849846146754772,0.07632598100890223,0.04782751954135451
W02000036,2023,0.040245401936865016,1.6362469542171754e-4,0.016071662796776905,0.06501382668079769,0.048942163884020784
W02000037,2023,0.052370628625755596,1.6558468137564734e-4,0.030521834773421054,0.07937572842027354,0.04885389364685249
W02000038,2023,0.04586176611293156,1.6866070716604168e-4,0.023885102677096093,0.07058612684282381,0.04670102416572772
W02000039,2023,0.04780262030186082,1.8146065101482298e-4,0.023586502013717946,0.07378162255562884,0.050195120541910894
W02000040,2023,0.046752943433133944,1.445955986976781e-4,0.026069039311857566,0.07094304446373037,0.0448740051518728
W02000041,2023,0.047445968970026044,1.5951561570940582e-4,0.02534368346006842,0.07265008431222669,0.04730640085215827
W02000042,2023,0.04044756158069484,1.7029385030294366e-4,0.016635205041851984,0.06935479581857303,0.052719590776721045
W02000043,2023,0.046840517743439856,1.826673344739299e-4,0.021884253368745252,0.07309947905116301,0.051215225682417764
W02000044,2023,0.043259696361240406,1.7579211884179215e-4,0.020473498108497305,0.06874339069400556,0.04826989258550826
W02000045,2023,0.04873273720770502,1.6604368700354064e-4,0.02411269229985434,0.073713599699680707,0.049600907399826366
W02000047,2023,0.06014992775369378,2.0388887350098253e-4,0.030959372025593394,0.08814686330105267,0.05718749127545928
W02000049,2023,0.05047992080885339,1.601245930561056e-4,0.029243360113099595,0.07696415433018056,0.04772079421708096
W02000050,2023,0.04837952649268186,1.645561151232242e-4,0.022812985624388937,0.07466797500636387,0.05185498938197493
W02000051,2023,0.04347524666805057,1.5377675043901887e-4,0.019433666921946223,0.06668103885127344,0.047247371929327216
W02000052,2023,0.05360268129641667,1.5210931868455573e-4,0.03319080040735292,0.07952467369484784,0.046333873287494914
W02000053,2023,0.04786505247504657,1.621147834675921e-4,0.024861708348897282,0.074020469862672,0.04915876151377471
W02000054,2023,0.04655527583953061,1.608122554488284e-4,0.021867498824449688,0.07198322431098392,0.05011572548653423
W02000055,2023,0.04980682521713428,1.532218045343326e-4,0.02866317631800709,0.07650409383487605,0.04784091751686896
W02000056,2023,0.04905869135047797,1.5164624960730481e-4,0.028585364891053025,0.07498882358412914,0.04640345869307612
W02000057,2023,0.044810181675242367,1.5623400836284793e-4,0.02465531923261277,0.07091335848809355,0.046258039255480776
W02000058,2023,0.04699724847657418,1.6177999971196276e-4,0.02679684369327318,0.0734051839247172,0.04660834023144403
W02000059,2023,0.051262556610570754,1.66273044372763e-4,0.0307491934260816,0.07773789728732952,0.04698870386124792
W02000060,2023,0.054299198136095586,1.8202543585707644e-4,0.025953981333211654,0.08037068298129779,0.05441670164808614
W02000061,2023,0.0578729592153856,1.7569012186668584e-4,0.033144812902171444,0.0839938523185387,0.05084903941636726
W02000062,2023,0.05054944683714637,1.5828696424693617e-4,0.02727888183512555,0.07669762990591569,0.04941874807079014
W02000063,2023,0.04571362437064547,1.6163659616093602e-4,0.022967111749482513,0.07402130714797633,0.05105419539849382
W02000064,2023,0.05858537388603166,1.7657287257149214e-4,0.031920563472898345,0.08409119706691151,0.052170633594013166
W02000065,2023,0.05463365890538627,1.7125077478126474e-4,0.028474428420680195,0.08107400040326446,0.05259957198258426
W02000066,2023,0.056054646512475,1.828128161481986e-4,0.02897028718490597,0.0823578253203893,0.053387538135483324
W02000067,2023,0.051040173844572004,1.585394469719494e-4,0.02979911348750881,0.07521676333971304,0.04541764985220423
W02000068,2023,0.0528194989356861,1.661285379196253e-4,0.028936636281095378,0.0781247095893346,0.04918807330823922
W02000069,2023,0.049598428170025584,1.646605249415699e-4,0.02582718028359761,0.07543919351968369,0.04961201323608608
W02000070,2023,0.05008856726162873,1.5083038203628327e-4,0.028128030931477324,0.07530952218977527,0.047181491258297945
W02000071,2023,0.04633584391353127,1.4959984690963592e-4,0.025041205603450807,0.07228785309970057,0.04724664749624976
W02000072,2023,0.05827864458345989,1.7362344270474824e-4,0.03366250563349446,0.0828655499681718,0.04920304433467734
W02000073,2023,0.04930663605627438,1.673081043909388e-4,0.029463074152743313,0.07647680091806708,0.04701372676532377
W02000074,2023,0.053822789822297795,1.640589056989561e-4,0.0329840777479294,0.07987832863640983,0.04689425088848043
W02000075,2023,0.05321088121877354,1.5513739452405805e-4,0.03007323444209821,0.07920514966589065,0.04913191522379244
W02000076,2023,0.047906407424846975,1.580995745216033e-4,0.026920714578950136,0.07390352029418226,0.046982805715232126
W02000077,2023,0.048606920099739305,1.4362288685515324e-4,0.027656784225857996,0.07264863496124782,0.044991850735389825
W02000080,2023,0.05503197431446376,1.6033791708173296e-4,0.028699311512837798,0.08092743033719701,0.05222811882435922
W02000081,2023,0.054320030989946394,1.7320450726378018e-4,0.028466478379599543,0.07969730464254059,0.051230826262941044
W02000082,2023,0.05643114820803288,1.7387237491111075e-4,0.03295459580126484,0.08253605877747111,0.04958146297620627
W02000083,2023,0.05621138097027428,1.5936358992939457e-4,0.03462129596179857,0.08341628325242098,0.04879498729062241
W02000085,2023,0.04939865279494205,1.5257614931286676e-4,0.028887447640781924,0.0751788617203047,0.04629141407952278
W02000087,2023,0.06252305826869015,2.0109730530748067e-4,0.03629570694699597,0.09080905578514345,0.05451334883814748
W02000088,2023,0.060158091197078434,1.845980313770531e-4,0.03172076710069031,0.08634493104093967,0.05462416394024936
W02000089,2023,0.06053773591426039,2.137672386666993e-4,0.035278214266089514,0.08946806026230689,0.05418984599621737
W02000090,2023,0.05319333840524978,1.6801426250068332e-4,0.028857955420808677,0.0777876266757739,0.04892967125496522
W02000091,2023,0.05241840624037683,1.4788843992583395e-4,0.030635776577341376,0.07680211008302558,0.04616633350568421
W02000092,2023,0.054767468964534084,1.5327425483168197e-4,0.031499864356108756,0.07783788115268685,0.04633801679657809
W02000093,2023,0.053026582619272664,1.5033676512787283e-4,0.030997751522829797,0.07779431774761926,0.04679656622478946
W02000094,2023,0.05450518268787542,1.5991300803896164e-4,0.03049511347839392,0.07882684889964747,0.048331735421253554
W02000095,2023,0.045649781329205316,1.7937831331174542e-4,0.021399713481252833,0.07366621215193181,0.05226649867067898
W02000096,2023,0.04901021810420696,1.3871985605796107e-4,0.028316462754733027,0.07246449006392439,0.04414802730919136
W02000097,2023,0.04565098193314852,1.5880376821144983e-4,0.024731243105767808,0.07288693370256508,0.048155690596797265
W02000098,2023,0.04672307974200423,1.7052232677643416e-4,0.024879690564228604,0.07308262660718369,0.048202936042955086
W02000099,2023,0.05163099499141412,1.732644649244939e-4,0.029446328815642367,0.07799555373519866,0.048549224919556294
W02000100,2023,0.04770658279132913,1.6546090148874984e-4,0.025688107545205143,0.07682042992611304,0.051132322380907896
W02000101,2023,0.04645526555828599,1.539185077626615e-4,0.02538790866478852,0.07232033231677734,0.046932423651988825
W02000102,2023,0.04767676126195258,1.425588244023767e-4,0.02659952798671013,0.0723181922786506,0.04571866429194048
W02000103,2023,0.04709450802364013,1.619335074794883e-4,0.023930750078038583,0.07592940885798875,0.05199865877995017
W02000104,2023,0.05116243661795625,1.5790053663282223e-4,0.02940235348087718,0.07596813420022105,0.04656578071934388
W02000105,2023,0.06178240204817098,1.538078048500003e-4,0.03988267323443197,0.086507312392551855,0.04662463915811989
W02000106,2023,0.04577673626229331,1.3477158194198668e-4,0.02666409610411049,0.0708852419874057,0.04422114588329521
W02000107,2023,0.045271237192456286,1.4936019681776415e-4,0.024449457606273012,0.0691899790383346,0.044740521432061586
W02000108,2023,0.04436007235073852,1.5744445558031465e-4,0.020329193178634804,0.07022880083122734,0.04989960765259254
W02000109,2023,0.048172373724583877,1.6036820580728648e-4,0.026045454600701283,0.07451198756943797,0.04846653296873669
W02000110,2023,0.04682809147966834,1.3883095666073625e-4,0.02633036802872498,0.07044923450187204,0.04411886647314706
W02000111,2023,0.04613359518322204,1.4431252705284674e-4,0.02498355538472953,0.0723914936703226,0.047407938285593074
W02000113,2023,0.0535065447206986,1.5098392669871946e-4,0.033517165330429234,0.07869147633436671,0.04517431100393748
W02000114,2023,0.043117071399804106,1.5826931226615106e-4,0.021592665875922845,0.07049244803986003,0.048899782163937186
W02000116,2023,0.04835386150241355,1.5613937520583162e-4,0.025620606559704363,0.07566982093876284,0.05004921437905848
W02000117,2023,0.083024498527104,3.5868593719607685e-4,0.04342131226703341,0.12012658084899455,0.07670526858196114
W02000118,2023,0.060561755806846716,1.646126906054156e-4,0.034863796353232945,0.08488486031936744,0.050021063966134496
W02000120,2023,0.04574725427363426,1.4634933620317795e-4,0.0265107113937881,0.07027679655726383,0.043766085163475736
W02000122,2023,0.04473366291700189,1.5877035327085346e-4,0.023907085850644105,0.070397698065321,0.04649061221467689
W02000123,2023,0.048861822820286754,1.6120258864680013e-4,0.027376935266765462,0.07615474769826537,0.04877781243149991
W02000124,2023,0.045792510326459174,1.72963099170432e-4,0.02267610486108554,0.07234085441464391,0.049664749553558374
W02000125,2023,0.041871163359885694,1.380446481371694e-4,0.02170634420438341,0.06596043704150675,0.044254092837123345
W02000126,2023,0.048009015339143084,1.3359988478545606e-4,0.027088949320621267,0.07291851322833698,0.04582956390771571
W02000127,2023,0.04619168291920739,1.608760960998721e-4,0.024857203660616847,0.07302358689570519,0.048166383235088345
W02000128,2023,0.04844961385988028,1.6801694398258483e-4,0.024948945566733837,0.07494875086956262,0.049999805302828784
W02000129,2023,0.047923471172563174,1.363329000123623e-4,0.026783570109245553,0.07181064053356563,0.04502707042432008
W02000130,2023,0.06048505269440629,1.6138147934375606e-4,0.038055164173593524,0.08676932947360291,0.04871416530000939
W02000131,2023,0.05356619327183805,1.801236311258442e-4,0.030314129056516936,0.08005121571817492,0.04973708666165798
W02000132,2023,0.04833178020385395,1.6355304930731643e-4,0.025600019466784123,0.07244215666642027,0.04684213719963615
W02000133,2023,0.04722474404013187,1.6123378328764277e-4,0.023714604748878772,0.07201629058356065,0.04830168583468188
W02000134,2023,0.0501872485085965,1.7405479862858138e-4,0.02742550799848945,0.0760537010579432,0.04862819305945375
W02000135,2023,0.05429774105060047,1.8721411026543293e-4,0.031912866849271845,0.08228318748249827,0.050370320633226426
W02000136,2023,0.04328063823421597,1.661974040452367e-4,0.0211685330726592,0.07043624315903818,0.04926771008637898
W02000137,2023,0.056436959611740396,1.6227784924808682e-4,0.03238082162485119,0.08135909961753758,0.04897827799268639
W02000138,2023,0.05613485818853747,1.7778043213339864e-4,0.03333869993426371,0.08364411093985213,0.05030541100558843
W02000139,2023,0.045946582749375804,1.8349723950723414e-4,0.022142228584837366,0.07651313877148308,0.054370910186645714
W02000140,2023,0.05411612279920564,2.0975502666132332e-4,0.028383872965448136,0.08859984799029233,0.060215975024844194
W02000141,2023,0.04399781570990766,1.697452774152201e-4,0.019910775182781486,0.07226165815896776,0.05235088297618627
W02000142,2023,0.048906825451494954,1.371667775499312e-4,0.029559200909864018,0.07166851859105243,0.04210931768118841
W02000143,2023,0.046301295015131694,1.4225693487751525e-4,0.02483557361665309,0.07082684990717514,0.04599127629052205
W02000144,2023,0.04661974383161563,1.5625492251668244e-4,0.02622263224555242,0.07096009638943213,0.044737464143879704
W02000145,2023,0.0464450400294016,1.4877619543345248e-4,0.02511137852549282,0.07263826761885345,0.04752688909336063
W02000146,2023,0.046993299092515574,1.388575908374489e-4,0.02713848831288563,0.07195109900899904,0.04481261069611341
W02000147,2023,0.05763714778096386,1.4191124606100902e-4,0.037140550180900095,0.08231947794411114,0.045178927763211044
W02000148,2023,0.05676292499073271,1.6064523913796554e-4,0.033299718487702384,0.08525202799549883,0.051952309507796446
W02000149,2023,0.048342748482220345,1.3605315224770754e-4,0.029676910796411715,0.07153225807460634,0.04185534727819462
W02000151,2023,0.05239539691071407,1.287692351448872e-4,0.031944565359308855,0.07721577441288877,0.04527120905357991
W02000152,2023,0.04939442153166489,1.6190902142250004e-4,0.028010053858674694,0.07790579346862067,0.04989573960994598
W02000153,2023,0.04846783456129504,1.5144345975960427e-4,0.027617712510234857,0.0746328921913203,0.04701517968108544
W02000154,2023,0.052187942676801415,1.472849922905838e-4,0.031617963620809535,0.07782092321337708,0.046202959592567545
W02000156,2023,0.05349562697050472,1.7058780239986648e-4,0.030066772596952875,0.07936279651213937,0.0492960239151865
W02000157,2023,0.0527926496663385,1.5773385329684496e-4,0.03190371241500972,0.07930012971059616,0.04739641729558644
W02000158,2023,0.054863270822480596,1.7493382157393226e-4,0.0330609728087005,0.08140834112327461,0.048347368314574105
W02000159,2023,0.05196446125232168,1.4925893325303953e-4,0.0318232490056214,0.07719992793829386,0.045376678932672464
W02000160,2023,0.049307980002964547,1.4676886485413362e-4,0.02738849091550407,0.07483461548446582,0.04744612456896175
W02000161,2023,0.053764891629245234,1.619538413433351e-4,0.031511358646203455,0.08024786904961828,0.048736510403414826
W02000162,2023,0.04745988724044144,1.7290921994646185e-4,0.024462653306035788,0.07393431267258038,0.049471659366544594
W02000163,2023,0.054618570915301916,1.6079202990379059e-4,0.031028433143466802,0.07897577338049577,0.04794734023702897
W02000164,2023,0.05209907460194546,1.3203054673225506e-4,0.03168815184259657,0.07516944304396084,0.04348129120136427
W02000165,2023,0.05655031340159063,1.7073376412422305e-4,0.0343665921396441,0.08096865916982676,0.04660206703018266
W02000166,2023,0.05947217183674714,1.7325902578300915e-4,0.03579502732392765,0.08561704046280541,0.04982201313887776
W02000167,2023,0.05928354892234015,1.7207776032999645e-4,0.036073414346733945,0.08516383703853468,0.049090422691800736
W02000168,2023,0.05519673631097638,1.558169951721439e-4,0.032275927584568764,0.07994069845803564,0.04766477087346688
W02000169,2023,0.05460814464135514,1.4628610018136538e-4,0.03285773905921047,0.07941748704635009,0.04655974798713962
W02000170,2023,0.05328636262284791,1.4735890223134028e-4,0.03268276076374793,0.07863474198809195,0.04595198122434402
W02000171,2023,0.057264987488128825,1.5422243907258127e-4,0.03572019263601858,0.0833215743992784,0.047601381763259815
W02000172,2023,0.05650524854998624,1.8064960967535066e-4,0.030894221279935883,0.08377262267188429,0.05287840139194841
W02000173,2023,0.06125887123604663,1.6350572551887294e-4,0.03642500538916773,0.08630966037456056,0.04988465498539283
W02000174,2023,0.053626209191298874,1.6082365332802302e-4,0.030887227443960982,0.07877802503016777,0.04789079758620679
W02000175,2023,0.05687285759603899,1.7449011049987392e-4,0.0325204520404106,0.0819639206765343,0.0494434686361237
W02000176,2023,0.05213397247545514,1.5056891377993219e-4,0.030213403458608713,0.07632850521185497,0.046115101753246256
W02000177,2023,0.057882835827512094,1.8222892601552323e-4,0.03258402465949814,0.08525479903497993,0.05267077437548179
W02000178,2023,0.06552597622065422,2.0119465101512234e-4,0.0403942037965699,0.09408530682400787,0.05369110302743797
W02000179,2023,0.051340972503320474,1.6483122228050514e-4,0.02891250517523431,0.07841286876311923,0.04950036358788492
W02000180,2023,0.06057927108349006,1.674755901547141e-4,0.03786200317633022,0.0859282425811124,0.04806623940478218
W02000181,2023,0.058437803819572545,1.7860728536529108e-4,0.03580592436974564,0.08510289974763327,0.04929697537788763
W02000182,2023,0.057328743719455025,1.6191126528815845e-4,0.03502397630443041,0.08173251515195154,0.04670853884752113
W02000183,2023,0.06573003035006847,2.020322691179353e-4,0.04075175132648651,0.0951575976213962,0.05440584629490969
W02000184,2023,0.05431190243572248,1.5140403314064152e-4,0.03212499384818736,0.07868857415022995,0.04656358030204259
W02000185,2023,0.048418096693750017,1.5635923310829025e-4,0.027345460891376808,0.07500077040954076,0.04765530951816395
W02000186,2023,0.06555974741253694,2.0604225877468005e-4,0.03938142100717866,0.09270456191605998,0.05332314090888132
W02000188,2023,0.06484499160778548,1.9082968564847446e-4,0.035276211955264036,0.09005805643851668,0.05478184448325264
W02000189,2023,0.05041049855808929,1.8615976714631544e-4,0.025250356305388168,0.07752122651748423,0.05227087021209607
W02000191,2023,0.06898669396168926,2.3190646435108404e-4,0.04325257528292646,0.0985074177901305,0.05525484250720404
W02000192,2023,0.07098899851090712,2.3339461254843685e-4,0.04349700048049249,0.09999776941784924,0.056500768937356755
W02000193,2023,0.07959800910791316,3.016341449881878e-4,0.04657944818039099,0.11359939604099999,0.067019947860609
W02000194,2023,0.05695209907584843,1.9537920779398406e-4,0.034200738736646155,0.08393188909929541,0.04973115036264926
W02000195,2023,0.04075929882912746,2.3793052060027176e-4,0.009155971223988448,0.07257776238024244,0.06342179115625399
W02000196,2023,0.04646751178595852,2.324644813641604e-4,0.021330626761067614,0.076294705837118,0.05496407907605039
W02000197,2023,0.04131474347859667,1.9995456036567602e-4,0.014468718026558865,0.06992428057594342,0.05545556254938456
W02000198,2023,0.0432247943840013,2.0662485620574257e-4,0.01746652012011348,0.07025383916369518,0.0527873190435817
W02000200,2023,0.05221680474099408,1.392452387849395e-4,0.031623105954563246,0.07676647964006565,0.045143373685502405
W02000201,2023,0.05158957351809232,1.2830441701264293e-4,0.032215288264575835,0.07786407962245269,0.045648791357876854
W02000202,2023,0.054572963291487496,1.3704883830530662e-4,0.03363163126396619,0.07980736446463754,0.04617573320067135
W02000204,2023,0.048803329259705895,1.550129856003262e-4,0.026590779649741048,0.07565472054933725,0.0490639408995962
W02000205,2023,0.04963172123257636,1.6443777030438497e-4,0.02547265678289464,0.07586174897321696,0.05038909219032232
W02000206,2023,0.052471362127086696,1.7345024845844025e-4,0.027592376167416437,0.0771532753700988,0.04956089920268237
W02000207,2023,0.050014584758765815,1.6455727027562926e-4,0.02711729399693201,0.0774208918361374,0.05030359783920539
W02000208,2023,0.06851669093872423,2.18963133412507e-4,0.04040914988489372,0.09911163492452214,0.058702485039628424
W02000210,2023,0.0585896767933731,1.738334337144789e-4,0.03427324954898858,0.08614181316627156,0.05186856361728298
W02000211,2023,0.05723647690668397,1.5215191289397854e-4,0.035053545716290435,0.08421259406587328,0.049159048349582846
W02000212,2023,0.056234224929546536,1.392893859884405e-4,0.035591012985872195,0.08166039740785036,0.046069384421978166
W02000213,2023,0.051815490381413434,1.6252128555164694e-4,0.030253137281038532,0.08178568041964727,0.05153254313860874
W02000214,2023,0.05394170359278718,1.811777300301511e-4,0.03085240296800082,0.0819089968050393,0.05105659383703848
W02000215,2023,0.05732460552646737,1.9549413761497887e-4,0.033553508641087415,0.08684037575145584,0.053286867110368424
W02000216,2023,0.05541443560442535,1.5727720257876091e-4,0.03246758053358978,0.08183674220016673,0.049369161666576955
W02000217,2023,0.05701706055266294,1.5364790030169303e-4,0.03778494212571773,0.08335543796775302,0.04557049584203529
W02000218,2023,0.05949660093760642,1.6550502437725776e-4,0.03637646954047963,0.08681630707275137,0.05043983753227174
W02000219,2023,0.055163499935598055,1.6128793396324477e-4,0.03309552079127385,0.08215524360555244,0.049059722814278596
W02000220,2023,0.05825044741848078,1.5698291526906557e-4,0.03573358817194826,0.08510759882982341,0.04937401065787515
W02000221,2023,0.060136810245574206,1.7426911180915038e-4,0.037378247203472714,0.0872997994901141,0.049921552286641385
W02000222,2023,0.0521716748122383,1.399867733130775e-4,0.03032109270497535,0.0792113961925327,0.04889030348755735
W02000223,2023,0.05663260796548502,1.603390117877279e-4,0.03572562223288617,0.08321823924129658,0.04749261700841041
W02000224,2023,0.05923035948607767,1.5676676253915212e-4,0.036194252633405456,0.08770256141899735,0.05150830878559189
W02000225,2023,0.056699179872049865,1.627614649768161e-4,0.03641122103993238,0.08555203641899903,0.04914081537906665
W02000226,2023,0.05479973653209974,1.6448116101421573e-4,0.03381567169960486,0.08380846502815034,0.04999279332854548
W02000227,2023,0.05882461335224533,1.955061785725451e-4,0.034230001800410484,0.08888480351416186,0.05465480171375138
W02000228,2023,0.06702688593060284,1.8568056370065007e-4,0.04224439230963535,0.09513819937722122,0.05289380706758587
W02000229,2023,0.054825047510564405,1.6251234211393182e-4,0.03184595962629441,0.08141319485043763,0.04956723522414322
W02000230,2023,0.051338313454017195,1.4786006787456823e-4,0.030531229112907045,0.07722971853891694,0.0466984894260099
W02000231,2023,0.05646245243786899,1.459435019866333e-4,0.03304812468224075,0.08077722445422782,0.04772909977198707
W02000232,2023,0.05739283566028248,1.6744874660318813e-4,0.036277857347669126,0.08696822326244691,0.05069036591477778
W02000233,2023,0.058920160909479484,1.6184028471209286e-4,0.035342223608167536,0.08347380985105374,0.0481315862428862
W02000234,2023,0.05771901241128634,1.5527231676556687e-4,0.037461409897941556,0.08308284341629639,0.045621433518354834
W02000235,2023,0.04161439633631428,1.9640534952345255e-4,0.01731788998972563,0.07126584687083926,0.053947956881113625
W02000236,2023,0.04668873354181194,1.8533480419707102e-4,0.021267910682192623,0.07361496414575071,0.052347053463558085
W02000237,2023,0.05018778361789184,0.00016247983203972047,0.02628454929081178,0.0765980683607232,0.050313519069911425
W02000238,2023,0.04422938573917876,1.6894006061908445e-4,0.020734929132107557,0.0732181931008094,0.05248326396870184
W02000239,2023,0.052366202327430784,1.4578098798663736e-4,0.02976376257665366,0.07605217473684596,0.0462884121601923
W02000240,2023,0.05700939819856884,1.5781579412406193e-4,0.03391585580905769,0.0815459255343495,0.04763006972529181
W02000241,2023,0.052297429254425834,1.4819056107837512e-4,0.030114226899832515,0.0737452982784648,0.04363107137863228
W02000242,2023,0.050143127927924455,1.6242690837085149e-4,0.028459266120251937,0.076460505891846,0.04800123977159406
W02000243,2023,0.06268742283174525,1.874822621204158e-4,0.03772102140723538,0.08872083975198256,0.05099981834474718
W02000244,2023,0.051218823342123604,1.6552019746415188e-4,0.028392552458733955,0.07981765742330281,0.051425104964568855
W02000245,2023,0.061839854173723584,1.8249844836140284e-4,0.03663249470921303,0.08890928245418644,0.052276787744973414
W02000246,2023,0.04700796522708295,1.8274578710620159e-4,0.02453867232094508,0.07818372730175004,0.053645054980804956
W02000247,2023,0.05280627896700499,1.788404542083355e-4,0.03162649155984679,0.08075296127662829,0.0491264697167815
W02000248,2023,0.06574088511864508,1.7477155506238803e-4,0.04045003686505062,0.09149641121343369,0.051046374348383064
W02000249,2023,0.05754447168101352,1.817557377344013e-4,0.03376221645845086,0.08657384018221712,0.05281162372376626
W02000250,2023,0.05895336626925678,1.5104587508260256e-4,0.03764485057071051,0.08329786798367397,0.045653017412963466
W02000251,2023,0.06083547048578597,1.6038405548827176e-4,0.03825774903799743,0.08604849529477963,0.0477907462567822
W02000252,2023,0.05472007598971808,1.5105108047045365e-4,0.033103508074324266,0.08141887677453073,0.04831536870020647
W02000253,2023,0.056882809317735795,1.4918953094982928e-4,0.03345523866679337,0.08245614050735123,0.04900090184055786
W02000254,2023,0.05580708228147357,1.3954567765743565e-4,0.03414596643911136,0.08080269893703801,0.04665673249792665
W02000255,2023,0.05470526632257858,1.5574981061217033e-4,0.03361355477014031,0.08065318494918598,0.04703963017904567
W02000256,2023,0.058676480464520446,1.5025148644034076e-4,0.0364528629575624,0.08493157336337169,0.04847871040580929
W02000257,2023,0.05621477472014141,1.521129952868676e-4,0.03345594395547001,0.0824911297181683,0.04903518576269829
W02000258,2023,0.05475654347596799,1.44218403806473e-4,0.031971240821975375,0.07874133639907505,0.04677009557709967
W02000259,2023,0.05856256447527973,1.4367420774683625e-4,0.03767533993975293,0.08296189231004462,0.045286552370291694
W02000260,2023,0.0546342228733417,1.499749786450467e-4,0.03323893341476478,0.0822617063812507,0.04902277296648592
W02000261,2023,0.055313374817927266,1.5037112162520115e-4,0.032939691340427985,0.0804499374167719,0.04751024607634391
W02000262,2023,0.056708386878063496,1.8594360920759902e-4,0.03334117377297439,0.08328887043871169,0.049947696665737305
W02000263,2023,0.06025541611724673,1.5772026496930399e-4,0.0367950719428332,0.08476272129609116,0.047967649353257966
W02000264,2023,0.0593587530471974,1.5282996122822876e-4,0.036469351749314996,0.08436970593751689,0.04790035418820189
W02000265,2023,0.0577075837161745,1.5796804772493642e-4,0.035335150729079515,0.08307355143346967,0.04773840070439016
W02000266,2023,0.05974323272134738,1.5320195449762466e-4,0.03587262772904714,0.0853085329401097,0.049435905211062565
W02000267,2023,0.05974571667913555,1.6392178631085245e-4,0.035789085619645056,0.08424891011806161,0.04845982449841656
W02000268,2023,0.05713596382103797,1.5128423334740296e-4,0.03488204370276216,0.08176535539182124,0.04688331168905908
W02000269,2023,0.057983640756895556,1.5179545862598903e-4,0.03517872245865339,0.08264838277126943,0.04746966031261604
W02000270,2023,0.057267126446277385,1.4295443589942288e-4,0.03578501717071956,0.08176326001868914,0.04597824284796958
W02000271,2023,0.05744768777083933,1.5946624635781523e-4,0.035752381691806674,0.08472871085947162,0.04897632916766494
W02000272,2023,0.05717339779471451,1.3039332228058782e-4,0.03646229144946539,0.08116503303202173,0.04470274158255634
W02000273,2023,0.07470811083211669,2.2111381525908658e-4,0.04560849211029837,0.10211951645975526,0.05651102434945689
W02000274,2023,0.05943314794490572,1.5191517173655854e-4,0.0368556391226838,0.08466480437456561,0.04780916525188181
W02000275,2023,0.056957358238957694,1.3836415739730182e-4,0.03496260252355649,0.08107576018235926,0.04611315765880277
W02000276,2023,0.054290425324548384,1.3309628994346247e-4,0.03385385427349126,0.0782981886829528,0.044444334409461536
W02000277,2023,0.055229138075317895,1.4063828895891293e-4,0.033661034712688526,0.07901615325858584,0.04535511854589731
W02000278,2023,0.05808345075933272,1.4824994950380166e-4,0.03498086289056325,0.08423366283230063,0.04925279994173738
W02000279,2023,0.05947199621672412,1.5021372410837242e-4,0.03756078234320287,0.08511241160565966,0.04755162926245679
W02000280,2023,0.06151044732341455,1.5447662057177058e-4,0.03739088941729157,0.08686976066444943,0.04947887124715786
W02000281,2023,0.05325840119158991,1.4630645126717984e-4,0.03264177304638491,0.07951301684060064,0.04687124379421573
W02000282,2023,0.05686970862735298,1.644147709276722e-4,0.033076621390067465,0.08129545462603226,0.04821883323596479
W02000284,2023,0.06037648086764948,1.631368055896684e-4,0.0379416592492203,0.08563274276400765,0.04769108351478735
W02000285,2023,0.05436985900070879,1.3920558632303883e-4,0.033700458002629524,0.0805753717744222,0.046874913771792676
W02000286,2023,0.058722192304843636,1.4841534766049641e-4,0.03578391359887643,0.0839572003637632,0.04817328676488677
W02000287,2023,0.05781321127637935,1.4354662504963579e-4,0.03567919199749024,0.08363218374148607,0.047952991743995824
W02000288,2023,0.05727008315915015,1.4621975287924105e-4,0.0363254382361677,0.082109182406751,0.0457837441705833
W02000289,2023,0.05742475503292691,1.6337533348665786e-4,0.03429135775652655,0.08435239759975316,0.05006103984322661
W02000290,2023,0.056779791297518534,1.6161305984333042e-4,0.03424918196366278,0.08197143400346812,0.047722252039805346
W02000291,2023,0.05742916118366667,1.5338410128079642e-4,0.03562388662109747,0.08148490814327511,0.045861021522177636
W02000292,2023,0.057888339502848433,1.6291674390360696e-4,0.034033887338910454,0.08284752450624278,0.04881363716733232
W02000293,2023,0.0577601618605188,1.5625324882653817e-4,0.0351805637956453,0.08370569597675823,0.04852513218111293
W02000294,2023,0.053132464666837145,1.354259573177176e-4,0.0327670426993143,0.07606038015994254,0.043293337460628245
W02000295,2023,0.05665977657938876,1.6041553605136873e-4,0.03427499459173307,0.08270215425990576,0.048427159668172695
W02000296,2023,0.05587438427303464,1.5038783438846824e-4,0.035003877947812866,0.08136799104189571,0.046364113094082844
W02000297,2023,0.05671743169286731,1.4245085277463695e-4,0.035361243214196966,0.08124319458461504,0.045881951370418075
W02000298,2023,0.05688921300847979,1.50391152278008e-4,0.03373447498112954,0.08014064995036324,0.0464061749692337
W02000299,2023,0.05386915023100564,1.3545773499466738e-4,0.033031700857276455,0.07790587286255451,0.04487417200527806
W02000300,2023,0.05406317432809413,1.42171333065043e-4,0.03186831939465326,0.07856549856924076,0.0466971791745875
W02000301,2023,0.060776810856754016,1.6110644421036543e-4,0.038434067133287744,0.08559091053672532,0.04715684340343758
W02000302,2023,0.05510376297716015,1.3803829098952365e-4,0.03460775791432004,0.0789696873620724,0.04436192944775236
W02000303,2023,0.05882852437090212,1.2590344632912813e-4,0.03792164625803045,0.08278834774395011,0.04486670148591966
W02000304,2023,0.057045740649824365,1.4427533167722038e-4,0.03599630907912006,0.08204838655684771,0.046052077477727646
W02000305,2023,0.05612802412702859,1.532256686507888e-4,0.033184349953890524,0.08198929869775881,0.04880494874386829
W02000306,2023,0.05411000928365965,1.260615846169075e-4,0.033369455319123005,0.07763819302976932,0.044268737710646315
W02000307,2023,0.06198966240944867,1.5503931118447653e-4,0.04062820321845742,0.08737379529100489,0.04674559207254747
W02000308,2023,0.058656171256987716,1.4353607041660225e-4,0.03722739315790294,0.08163698842786263,0.04440959526995969
W02000309,2023,0.05470862896869283,1.4636952187216772e-4,0.03248239167140694,0.0818575251649299,0.04937513349352296
W02000310,2023,0.05663662660557662,1.1726019821388321e-4,0.036007884504817775,0.08030263083724655,0.044294746332428775
W02000311,2023,0.058118115527113545,1.4755479145308532e-4,0.03762965786168418,0.08360325291555873,0.04597359505387455
W02000312,2023,0.055068946853107724,1.307802871759623e-4,0.033757164402380316,0.07942811961734786,0.04567095521496754
W02000313,2023,0.05683351189131114,1.5359491052918523e-4,0.03371971781716728,0.08471377759687869,0.05099405977971141
W02000314,2023,0.054126640824701935,1.5564436949422775e-4,0.03316635207867682,0.08050751567903522,0.0473411636003584
W02000315,2023,0.054397603783070826,1.581357139801266e-4,0.03151289229352816,0.0821067799722005,0.050593887678672345
W02000316,2023,0.055260342579625144,1.2400531048629667e-4,0.035477152499623736,0.0787807641296975,0.04330361163007377
W02000317,2023,0.056196059941474946,1.482464694957395e-4,0.0343424103035428,0.08220988880781352,0.04786747850427072
W02000318,2023,0.056549282390723,1.4162134687464015e-4,0.0362723404939025,0.08152980925366737,0.04525746875976487
W02000319,2023,0.056516223870927064,1.4295248186666827e-4,0.035849801600813996,0.08067011597739857,0.04482031437658457
W02000320,2023,0.05840765730871367,1.5622186620865313e-4,0.03645761749751163,0.08435423789208288,0.04789662039457125
W02000321,2023,0.05698080321862958,1.6279484081094725e-4,0.03487586841359222,0.08249618507425038,0.04762031666065816
W02000322,2023,0.057478442577970315,1.6083360243326783e-4,0.03410121189600475,0.0819151778328702,0.047813965936865446
W02000323,2023,0.05692736396966862,1.4088124269547606e-4,0.035445061495933974,0.08201091502744895,0.046565853531514975
W02000324,2023,0.056906195831163554,1.4352681160274475e-4,0.03589482152921986,0.0823779390110465,0.04648311748182663
W02000325,2023,0.06000822244620887,1.6565923285921842e-4,0.03884857098166867,0.08542847238803339,0.04657990140636472
W02000326,2023,0.05444166655701074,1.4969088785155303e-4,0.03366530430216043,0.07958934668291463,0.045924042380754204
W02000327,2023,0.046866118723942224,1.570099417511014e-4,0.026080347678923477,0.07499265962952939,0.04891231195060591
W02000328,2023,0.0548223606837651,1.4490122650671097e-4,0.033145044612959015,0.08105165433500205,0.04790660972204304
W02000329,2023,0.05762884297717795,1.5690148925626162e-4,0.03557343185614145,0.08432712813617471,0.04875369628003326
W02000330,2023,0.045688473408267885,1.3502000469628168e-4,0.025543398640221746,0.070434683422874,0.04489128478265225
W02000331,2023,0.06199045697205635,1.6434801147114297e-4,0.039735782508043736,0.08975956229906062,0.05002377979101689
W02000332,2023,0.05733300072571311,1.4421896936906822e-4,0.035619286529143715,0.08229127032695449,0.046671983797810776
W02000333,2023,0.05692501341174353,1.518829883790056e-4,0.03401956307985794,0.08253792265063725,0.04851835957077931
W02000334,2023,0.05443932794524166,1.5262285897431715e-4,0.03178341409235105,0.08070680959846735,0.048923395506116296
W02000335,2023,0.05248468186747116,1.2645474111108024e-4,0.03438678377717422,0.0774679640989562,0.04308118032178199
W02000336,2023,0.04521302166072253,1.4834553781196898e-4,0.022860826840405066,0.07204584134892507,0.04918501450852
W02000337,2023,0.05346159478389716,1.612118068829789e-4,0.0326552792815165,0.08086221702912177,0.048206937747605275
W02000338,2023,0.04488831859265076,1.5257557682104179e-4,0.023765300924178452,0.07120190192921198,0.04743660100503353
W02000339,2023,0.04754486881187744,1.7406825364625676e-4,0.02087824637659781,0.07577486089533392,0.054896614518736106
W02000340,2023,0.04476351265678865,1.4347215867465174e-4,0.023148035892900563,0.06934422904734189,0.046196193154441324
W02000341,2023,0.046494074229519365,1.4230356177253562e-4,0.025208556864243496,0.0717921500342102,0.04658359316996671
W02000342,2023,0.04616356703211123,1.6168727328261606e-4,0.02311924499438383,0.07231225322627327,0.04919300823188944
W02000343,2023,0.05496203797799671,1.5657045330619008e-4,0.0305484041419939,0.08026243933534855,0.04971403519335464
W02000344,2023,0.0492668309474328,1.4293156424009782e-4,0.02923751163637958,0.07395552739688313,0.04471801576050355
W02000345,2023,0.05087855807497408,1.5532449935778028e-4,0.028672945873903267,0.07632603727205448,0.04765309139815121
W02000346,2023,0.052242988457534285,1.6600188358573972e-4,0.02876962750766903,0.0778968408579992,0.049127213350330164
W02000347,2023,0.04954617443563537,1.4404551131899957e-4,0.028820460181212534,0.07598065975644419,0.047160199575231654
W02000348,2023,0.051686942063993095,1.534532799541172e-4,0.03078739800721754,0.07667454813534796,0.045887150128130424
W02000349,2023,0.0610891393951134,1.8223176155865773e-4,0.03626998175870659,0.0900074380580208,0.053737456299314215
W02000350,2023,0.05697356388402521,1.573039174664334e-4,0.03294300169566178,0.08200932485887624,0.049066323163214465
W02000351,2023,0.055218109180997475,1.8373192399527446e-4,0.02762767381695914,0.0815106261256944,0.05388295230873526
W02000352,2023,0.06152224147390464,1.6628991465730838e-4,0.0386844902132045,0.0885709100210836,0.0498864198078791
W02000353,2023,0.06090747303566837,2.136189766502558e-4,0.03432392185495915,0.08993980457302823,0.05561588271806908
W02000354,2023,0.0496651702663408,1.8792239818118142e-4,0.024441358681947387,0.07774388690796717,0.05330252822601979
W02000355,2023,0.05575118282477313,1.4083693730904844e-4,0.03473839510708951,0.08016425594092502,0.04542586083383551
W02000356,2023,0.05970082663918171,1.8950614844349397e-4,0.0336320509327097,0.08831819294219896,0.054686142009489264
W02000357,2023,0.06328505363928,2.0418455376823737e-4,0.034980074498410285,0.09450419563294976,0.059524121134539476
W02000358,2023,0.05274962910819579,1.6271427911531325e-4,0.029272003859146932,0.078660932455839,0.04938892859669206
W02000359,2023,0.0696035682540987,2.393681100161091e-4,0.04079833577544513,0.10159484537958745,0.06079650960414232
W02000360,2023,0.06221349511338675,1.8408840902441642e-4,0.038106951687039654,0.09104806372867452,0.05294111204163487
W02000361,2023,0.061092487171968225,1.8057815328299175e-4,0.03423908726196644,0.08729437391310668,0.05305528665114024
W02000362,2023,0.05695114739782281,1.4189499053298595e-4,0.03560948364869146,0.08215828527376692,0.046548801625075464
W02000363,2023,0.053319201404380574,1.7304885876898618e-4,0.028386394971782997,0.0804783755106476,0.0520919805388646
W02000364,2023,0.07038904340253106,2.215237475594377e-4,0.04265823091022217,0.10037141634772136,0.05771318543749919
W02000365,2023,0.06465037049425319,1.8261786807163057e-4,0.03825330184046153,0.094261477482175,0.056008175641713474
W02000366,2023,0.05764385493529097,1.5182561342159037e-4,0.036929222809274916,0.08450809308990218,0.04757887028062726
W02000367,2023,0.04927580528495694,1.5315716224337475e-4,0.02900582775151484,0.07456513968233122,0.04555931193081638
W02000368,2023,0.05924325773645265,1.5641620253306653e-4,0.03761202286012903,0.0830037155538903,0.04539169269376127
W02000369,2023,0.06894404740413054,1.9220765795648008e-4,0.044194188359142766,0.09727388421860547,0.053079695859462706
W02000370,2023,0.045803216517862004,1.6661597195979165e-4,0.023715116699579472,0.07342529553467031,0.04971017883509084
W02000371,2023,0.056149189299938694,1.51678847730387e-4,0.03594158614460478,0.08323241506599154,0.04729082892138676
W02000372,2023,0.05666158286128112,1.533835419736566e-4,0.03525993663477868,0.08258894796693296,0.04732901133215428
W02000373,2023,0.06331654728188507,1.6870468340323742e-4,0.04102891387803155,0.09142989646476854,0.05040098258673699
W02000374,2023,0.0517178902908323,1.487219591622222e-4,0.03025137743255555,0.0782799675773308,0.04802859014477525
W02000375,2023,0.06614842998491817,1.6860548651284556e-4,0.04177724729628336,0.09279060928099589,0.05101336198471253
W02000376,2023,0.05632699197832475,1.4394890784808192e-4,0.03520365007797825,0.08129091887888332,0.046087268800905065
W02000377,2023,0.06446793171380438,1.6932220384732565e-4,0.03974980736281444,0.08928436257210931,0.04953455520929487
W02000378,2023,0.054603329053826845,1.5456113984524004e-4,0.032622006546170604,0.0802616135885872,0.0476396070424166
W02000379,2023,0.06817452261891911,2.1091654261613948e-4,0.03964885164522798,0.09726605182798384,0.05761720018275586
W02000380,2023,0.05429458400365587,1.499622573956636e-4,0.03144066990995266,0.07976677568227503,0.04832610577232237
W02000381,2023,0.060317058673835744,1.4533362844603627e-4,0.040155977282199926,0.08531402414112245,0.045158046858922524
W02000382,2023,0.06225665812125103,1.7758666844968593e-4,0.03904216678664431,0.08827620938505407,0.04923404259840976
W02000383,2023,0.0622241512943572,1.8167645862453386e-4,0.03747141525104114,0.08817610999543365,0.050704694744392514
W02000384,2023,0.05430799520896581,1.4323328599268802e-4,0.03360224042948989,0.07873877609559382,0.045136535666103934
W02000385,2023,0.05846818631353007,1.637024441424927e-4,0.036078841390609004,0.08478440210665808,0.048705560716049076
W02000386,2023,0.049042869288857455,1.7003836044710417e-4,0.025868375169067967,0.07553970872888684,0.04967133355981887
W02000387,2023,0.05788983044029201,1.4616447311830986e-4,0.0361243044515587,0.08308933721300993,0.046965032761451225
W02000388,2023,0.05538872566484368,1.3410827535823068e-4,0.035739107426904185,0.0780017401396853,0.04226263271278112
W02000389,2023,0.06256892929460872,1.5988571233410687e-4,0.03897608147203685,0.08807384686410047,0.04909776539206362
W02000390,2023,0.05409395476523152,1.6553811396656227e-4,0.031595590170037095,0.07957854228928739,0.04798295211925029
W02000391,2023,0.09079858958054589,3.9255229865751273e-4,0.05182456378820925,0.13003938373157625,0.078214819943367
W02000392,2023,0.05553956851269077,1.6091559655420371e-4,0.034232564289464265,0.0842904497452028,0.05005788545573854
W02000393,2023,0.06353731851032719,1.8566552224053357e-4,0.040159715693130996,0.09129010794449591,0.05113039225136491
W02000394,2023,0.0971800737686969,4.7906190113045116e-4,0.05316576077240141,0.14008858931917637,0.08692282854677495
W02000395,2023,0.06343555559512988,1.6341191540135712e-4,0.03812159549484852,0.08756752606616254,0.04944593057131402
W02000396,2023,0.08292719365200543,2.9267822485772363e-4,0.04969830697497778,0.11750634666520465,0.06780803969022688
W02000397,2023,0.05834248271805391,1.6108909575189123e-4,0.035731427781054086,0.08623806897756045,0.050506641196506365
W02000398,2023,0.10314206705825592,5.558095297190816e-4,0.056922284998745284,0.14912068063372869,0.0921983956349834
W02000399,2023,0.08454084585671359,3.026679303121958e-4,0.04884780151685964,0.11849278892776255,0.06964498741090291
W02000400,2023,0.06691517992430294,1.7721405581200178e-4,0.04276615858344111,0.09490477812485122,0.05213861954141011
W02000401,2023,0.06158561121557626,1.8324307687160645e-4,0.037391660014212305,0.08841701422020995,0.051025354205997644
W02000402,2023,0.08635966614594125,3.1269168743579886e-4,0.04890755934865458,0.12195525214209174,0.07304769279343716
W02000403,2023,0.07001997101168916,1.8320842469049056e-4,0.045628962617900795,0.09849730127035239,0.052868338652451594
W02000404,2023,0.0696325813109049,2.008819346516704e-4,0.04245010429722039,0.09846153643905242,0.05601143214183203
W02000405,2023,0.06959649383993494,2.0055176609003653e-4,0.04311905709535273,0.09749134385464317,0.05437228675929044
W02000406,2023,0.06890277312151367,2.120844585939212e-4,0.042000774918887644,0.10103671866164776,0.05903594374276012
W02000407,2023,0.06242764602077216,1.9852708774458047e-4,0.03731758801454606,0.09065381868245609,0.05333623066791003
W02000408,2023,0.07443327278769252,2.207445610474337e-4,0.044577431641869406,0.10564992845977325,0.061072496817903846
W02000409,2023,0.060930747326673536,1.6808996959305402e-4,0.03731942872562631,0.08561638552459222,0.04829695679896591
W02000410,2023,0.07715673183822513,2.4464723384088813e-4,0.04763999476221266,0.10943809971069265,0.061798104948479995
W02000411,2023,0.06410314725685373,2.0286710034866665e-4,0.04046679544538068,0.09327133121915127,0.05280453577377059
W02000412,2023,0.06908444142521598,1.9562865973576585e-4,0.04339705239702147,0.09806419481744838,0.05466714242042691
W02000414,2023,0.045310979877143893,1.5159825494410456e-4,0.023293701164117456,0.07374671478405892,0.050453013619941464
W02000415,2023,0.06175377837367832,1.4569845197184736e-4,0.04021517909005075,0.08779761020328726,0.04758243111323651
W02000416,2023,0.04555887247034682,1.355353616833053e-4,0.02490230691032163,0.0718071046268666,0.04690479771654497
W02000417,2023,0.05468142804182215,1.6989796420680193e-4,0.03310770541438781,0.08087717098660539,0.04776946557221758
W02000418,2023,0.04693733955189767,1.3753358929152943e-4,0.027494654398532693,0.070411820689333,0.0429171662908003
W02000419,2023,0.0499958573633781,1.7071108048883832e-4,0.02519273815889246,0.07616907088629986,0.0509763327274074
W02000421,2023,0.04671245732529384,1.422307491914092e-4,0.027033879249239914,0.0727315965904739,0.045697717341233984
W02000422,2023,0.0829324644098163,3.080606799543496e-4,0.04994148420272994,0.11960741092425951,0.06966592672152958
W02000423,2023,0.07832154754980773,2.565082484577718e-4,0.044815727837790434,0.10937683003068609,0.06456110219289565
W02000424,2023,0.044209664499819286,1.558006301246373e-4,0.022800419553698152,0.07106895791551499,0.04826853836181683
W02000425,2023,0.05656579212117312,1.7297822461773837e-4,0.03373754957671059,0.08391980479869833,0.05018225522198774
W02000426,2023,0.048873070381343676,1.6518044550545768e-4,0.0262617964478718,0.07636369693583382,0.05010190048796202
W02000427,2023,0.0546651577243846,1.4512592799085047e-4,0.03255684936242091,0.08037825413840322,0.047821404775982304
W02000428,2023,0.05277320719071758,1.6704677083321837e-4,0.030212113274546246,0.07829845836603175,0.0480863450914855
W02000001,2025,0.03333154733302731,5.630819025978748e-5,0.0196050931733035,0.050206360066494295,0.030601266893190794
W02000002,2025,0.027203326813080703,7.121903303017724e-5,0.01090126345125779,0.04484034222248329,0.0339390787712255
W02000003,2025,0.04244431740650089,1.0718897683712667e-4,0.025197276522219002,0.06835467788907634,0.04315740136685734
W02000004,2025,0.030872579138313434,6.995594170287311e-5,0.016634141915102988,0.04989527717426975,0.03326113525916677
W02000005,2025,0.02590008013575076,9.235777014003708e-5,0.01035784923029933,0.048470797342635014,0.03811294811233568
W02000006,2025,0.0356796393905853,4.156942501424325e-5,0.023938619153091974,0.048449462838914305,0.02451084368582233
W02000007,2025,0.03701525209056594,5.316728609510167e-5,0.024924507028927855,0.05511321225215333,0.030188705223225473
W02000008,2025,0.030676233161561775,6.807353208053218e-5,0.014800693949281261,0.04653582134496099,0.03173512739567973
W02000009,2025,0.03216405946605031,5.738762315284846e-5,0.018442289394878058,0.047509839810636736,0.02906755041575868
W02000010,2025,0.06779918863436189,3.780689169351067e-4,0.030061652876294594,0.10779707821503959,0.077735425338745
W02000011,2025,0.04309372262431389,8.717353333180144e-5,0.0229198066662343,0.059699904597924125,0.03678009793168982
W02000012,2025,0.03795947417459631,6.70658117242921e-5,0.022332438182569726,0.05619224931379435,0.033859811131224625
W02000013,2025,0.036208601169041746,7.04101420482223e-5,0.020574086240698074,0.053636393551353245,0.03306230731065517
W02000014,2025,0.03710733765470395,6.796739152562143e-5,0.021789385866429027,0.05364867509380136,0.031859289227372335
W02000015,2025,0.036698031311339016,6.757891779458165e-5,0.019910971108816858,0.05457101304548895,0.03466004193667209
W02000016,2025,0.03316210656214306,6.421308851731485e-5,0.01704037533477008,0.04980237656058654,0.03276200122581646
W02000017,2025,0.03369895335150476,8.212474999359831e-5,0.01665408224455172,0.05151047528745549,0.03485639304290377
W02000018,2025,0.02942958958149234,4.8903924399261316e-5,0.010562047155630902,0.0406469790058938,0.030084931850262897
W02000019,2025,0.026256825692327117,6.555805812347347e-5,0.010784005751389941,0.04289036854526966,0.03210636279387972
W02000020,2025,0.027514495703247713,9.460200265104426e-5,0.009216193672984279,0.04852956246211115,0.039313368789126876
W02000021,2025,0.032301391525232315,1.1166782309463494e-4,0.008796981191848768,0.05585903691878812,0.047062055726939354
W02000022,2025,0.024819693569551916,8.489187036367426e-5,0.005794847793383448,0.041227113348642534,0.035432265555259086
W02000023,2025,0.028157751072309004,1.2279380740589784e-4,0.00884110369911175,0.04890230500113052,0.04006120130201877
W02000024,2025,0.03156955739266203,4.345477851710641e-5,0.018829967886559138,0.044865229629523204,0.026035261742964066
W02000025,2025,0.028908139061617495,5.5911558927574505e-5,0.014603438506987771,0.04508608445343648,0.03048264594644871
W02000026,2025,0.022769948634615945,6.98108839726954e-5,0.0077060788060843285,0.04013874440230121,0.03243266559621688
W02000027,2025,0.027539525812146783,9.887329359378588e-5,0.007963885553582503,0.049093842377991956,0.04112995682440945
W02000028,2025,0.02817887406897568,9.245916075113173e-5,0.0092609983285591,0.04615524361946764,0.03689424529090854
W02000029,2025,0.022436134857021287,7.850200410408163e-5,0.006752916652827877,0.03864159527896252,0.03188867862613464
W02000030,2025,0.01986530128859219,9.373580825011299e-5,5.708247241155701e-4,0.03809954284748192,0.03752871812336635
W02000031,2025,0.028721431776262966,6.330178951331818e-5,0.010394623377299052,0.044082910312834275,0.033688286935535224
W02000032,2025,0.025482155472550238,7.124228352364444e-5,0.009608983339056408,0.04231075295013982,0.03270176961108341
W02000033,2025,0.03524734759305341,5.6397153683585174e-5,0.01885961491985086,0.04988203266457422,0.031022417744723363
W02000034,2025,0.03110447977148459,6.335100798332033e-5,0.014635036885518924,0.04840851216723133,0.0337734752817124
W02000035,2025,0.034666770132324796,5.9096487813038164e-5,0.0201299544965415,0.05096720853523092,0.03083725403868942
W02000036,2025,0.02398871828921141,5.77454959540813e-5,0.009225788616703045,0.03819516177402968,0.028969373157326634
W02000037,2025,0.036113944978102,6.48874475427408e-5,0.02054071652219101,0.05159804240273065,0.03105732588053964
W02000038,2025,0.029605082465277953,8.057879021766883e-5,0.011036096232941356,0.046536347334660916,0.03550025110171956
W02000039,2025,0.03154593665420721,9.229277573494701e-5,0.01353294046835653,0.05263277754274147,0.03909983707438494
W02000040,2025,0.030496259785480342,4.15653265820236e-5,0.017093295173301052,0.04420649576676468,0.027113200593463626
W02000041,2025,0.031189285322372442,6.254324067104283e-5,0.016623199614245656,0.049738703193577066,0.03311550357933141
W02000042,2025,0.024190877933041234,4.4260514342070426e-5,0.011003826172047426,0.03535076779233998,0.02434694162029255
W02000043,2025,0.030583834095786255,7.281458214725844e-5,0.013431217952279646,0.04892708485121129,0.035495866898931645
W02000044,2025,0.027003012713586804,7.621583842333675e-5,0.010997790475664869,0.04505296354252998,0.03405517306686511
W02000045,2025,0.03247605356005141,6.742656247566048e-5,0.015250604850071717,0.04916432986822938,0.03391372501815766
W02000047,2025,0.043893244106040175,9.425722097444221e-5,0.022624462721435513,0.06220732979588536,0.03958286707444985
W02000049,2025,0.034223237161199786,6.199433215439129e-5,0.01986853545385597,0.0493449448381115,0.02947640938425553
W02000050,2025,0.03212284284502826,5.23245062038738e-5,0.015465130024192225,0.0454133324849067,0.029948202460714474
W02000051,2025,0.02721856302039696,4.889222213067797e-5,0.014106335879171948,0.03998972971645383,0.02588339383728188
W02000052,2025,0.03734599764876307,5.95495064106524e-5,0.021893580902880804,0.053815873426228344,0.03192229252334754
W02000053,2025,0.031608368827392964,5.770285229218784e-5,0.016574656939659104,0.048403267711191286,0.03182861077153218
W02000054,2025,0.03029859219187701,6.921325535756084e-5,0.014600843049099015,0.049560015205204075,0.034959172156105056
W02000055,2025,0.033550141569480676,6.19120585943405e-5,0.01899373413033606,0.05001787298902059,0.031024138858684533
W02000056,2025,0.03280200770282436,4.514399409378402e-5,0.021449721837776017,0.04764315755159435,0.026193435713818335
W02000057,2025,0.028553498027588765,6.454307989199343e-5,0.01517701366460777,0.046238180765252324,0.031061167100644556
W02000058,2025,0.030740564828920573,7.054882989496403e-5,0.014720624603093993,0.05107763114463001,0.036357006541536015
W02000059,2025,0.03500587296291715,7.060004466220695e-5,0.018181749827997615,0.05041070577894741,0.032228955950949795
W02000060,2025,0.03804251448844198,7.788078865176806e-5,0.01814291314909423,0.05372874963223748,0.03558583648314324
W02000061,2025,0.041616275567731995,9.236680589183526e-5,0.022487030501155164,0.05922425227566304,0.036737221774507875
W02000062,2025,0.034292763189492766,7.173774423992016e-5,0.015593474511051742,0.05010935331163866,0.034515878800586916
W02000063,2025,0.029456940722991865,6.347995427956824e-5,0.014733282370094108,0.04594256246613583,0.031209280096041722
W02000064,2025,0.042328690238378056,8.689062633354929e-5,0.02120451646881307,0.06032430505327012,0.03911978858445705
W02000065,2025,0.03837697525773266,8.132661701488691e-5,0.019114364996603954,0.05508464678089302,0.035970281784289064
W02000066,2025,0.039797962864821394,8.150335151010734e-5,0.019276112012630256,0.05927809376764541,0.040001981755015154
W02000067,2025,0.0347834901969184,7.502972811213459e-5,0.017846615997206418,0.05342536070418201,0.03557874470697559
W02000068,2025,0.03656281528803249,6.914702975214781e-5,0.018819724156005975,0.055240358237347686,0.03642063408134171
W02000069,2025,0.03334174452237198,6.646664746732071e-5,0.01641474964765795,0.05044581541226295,0.034031065764605004
W02000070,2025,0.033831883613975135,5.951170750177867e-5,0.01603633627421983,0.04956682311972313,0.033530486845503304
W02000071,2025,0.030079160265877668,4.790638330485095e-5,0.01884509142916986,0.043590453107215155,0.024745361678045294
W02000072,2025,0.042021960935806284,7.838495831827407e-5,0.02569176047744751,0.06127680026687406,0.03558503978942655
W02000073,2025,0.03304995240862078,5.909928476042323e-5,0.017668170598327072,0.049503112195287934,0.03183494159696086
W02000074,2025,0.03756610617464419,7.258040296726839e-5,0.023496526742298914,0.05512903486951885,0.03163250812721994
W02000075,2025,0.036954197571119944,6.214825658430619e-5,0.021580484198176188,0.05439199116782001,0.03281150696964382
W02000076,2025,0.03164972377719338,5.443804327926682e-5,0.01898527216515984,0.05047213605109112,0.03148686388593128
W02000077,2025,0.0323502364520857,5.193961531755358e-5,0.01758439415312965,0.04792714301193457,0.03034274885880492
W02000080,2025,0.03877529066681015,7.2676094532613e-5,0.02230507281791077,0.05562550514535791,0.03332043232744714
W02000081,2025,0.03806334734229279,7.00694378809568e-5,0.02146818783483316,0.05495344778861273,0.03348525995377957
W02000082,2025,0.04017446456037928,7.769861317285372e-5,0.021914155881689205,0.05681667783229305,0.034902521950603844
W02000083,2025,0.03995469732262068,6.385556172051754e-5,0.02642793953904011,0.056957998957442746,0.030530059418402637
W02000085,2025,0.033141969147288446,6.581957635960777e-5,0.01827452589586503,0.04958710444481296,0.03131257854894792
W02000087,2025,0.04626637462103655,1.1432079226194229e-4,0.025036060936331324,0.06790321916325928,0.04286715822692796
W02000088,2025,0.04390140754942483,8.37879084398254e-5,0.026430082079132756,0.063467789898349,0.037037707819216246
W02000089,2025,0.04428105226660679,1.4139704930752557e-4,0.021376215307386086,0.06783134162461535,0.04645512631722926
W02000090,2025,0.03693665475759617,6.120598672811462e-5,0.022271495661096888,0.053664125085307615,0.03139262942421073
W02000091,2025,0.036161722592723225,6.233524770791705e-5,0.021226401309116166,0.053737226493346876,0.03251082518423071
W02000092,2025,0.03851078531688048,5.8181814356344875e-5,0.024741194733027036,0.054281629500505475,0.02954043476747844
W02000093,2025,0.036769898971619065,6.028380263435527e-5,0.021772239946489788,0.05177649999632042,0.03000426004983063
W02000094,2025,0.03824849904022182,6.47253423555638e-5,0.022335193561111574,0.052624517529111306,0.030289323967999732
W02000095,2025,0.029393097681551714,7.020586181546941e-5,0.014597524508680269,0.04833623448557035,0.033738709976890074
W02000096,2025,0.03275353445655335,4.947281042441897e-5,0.02059150776651715,0.048231761784695085,0.027640254018177934
W02000097,2025,0.029394298285494915,6.232948648836879e-5,0.017697900356165988,0.047801761471865975,0.030103861115699987
W02000098,2025,0.030466396094350628,6.971713736964438e-5,0.017535534507942083,0.0529059424941159,0.035370407986173816
W02000099,2025,0.03537431134376051,7.823542879212277e-5,0.01952756916634526,0.05353973875894681,0.03401216959260155
W02000100,2025,0.031449899143675526,5.671034978030887e-5,0.01965123442144559,0.04909582080089722,0.02944458637945163
W02000101,2025,0.030198581910632388,5.6242574236898295e-5,0.01694428832440801,0.046229496947089305,0.029285208622681295
W02000102,2025,0.03142007761429898,4.8412093807001775e-5,0.01976601878395574,0.04813752012003293,0.02837150133607719
W02000103,2025,0.030837824375986523,6.777436646587877e-5,0.016687602246469348,0.050649646040998864,0.033962043794529516
W02000104,2025,0.03490575297030265,6.55935671148929e-5,0.01947127333013946,0.05550696579321297,0.03603569246307351
W02000105,2025,0.045525718400517376,6.786256213425201e-5,0.03076947354605096,0.06574965401110512,0.03498018046505416
W02000106,2025,0.029520052614639702,4.674591456122686e-5,0.017585962307075882,0.04513364051058436,0.02754767820350848
W02000107,2025,0.02901455354480268,6.6922094249757e-5,0.016487307296031907,0.04869893101911365,0.03221162372308174
W02000108,2025,0.028103388703084917,6.250622531189123e-5,0.015186908385086316,0.045245533034248324,0.030058624649162008
W02000109,2025,0.03191569007693027,5.874868137573924e-5,0.017688357262372348,0.05094672437155855,0.0332583671091862
W02000110,2025,0.030571407832014737,4.7215188659411004e-5,0.019252465375140117,0.045131920521516655,0.02587945514637654
W02000111,2025,0.029876911535568436,5.604708968670134e-5,0.016587015706748177,0.046128375074680636,0.02954135936793246
W02000113,2025,0.037249861073044996,6.549395033192442e-5,0.024816037486854334,0.05524149093783462,0.030425453450980286
W02000114,2025,0.0268603877521505,6.0799176794594134e-5,0.012586187680162918,0.04392806900464945,0.03134188132448653
W02000116,2025,0.03209717785475995,5.4360175603361904e-5,0.019124567163185287,0.04934843528929536,0.030223868126110075
W02000117,2025,0.0667678148794504,2.576812780384487e-4,0.03502131160155213,0.09775670200948372,0.0627353904079316
W02000118,2025,0.04430507215919312,6.94823359350368e-5,0.026533943646557097,0.059037542141154614,0.03250359849459752
W02000120,2025,0.02949057062598066,4.967799366840649e-5,0.016993602454120016,0.04460327259638168,0.027609670142261664
W02000122,2025,0.02847697926934829,6.035823643682699e-5,0.015747327263365352,0.04659904716138098,0.03085171989801563
W02000123,2025,0.03260513917263315,4.954093094735345e-5,0.020757845022728875,0.0474828530845404,0.026725008061811526
W02000124,2025,0.029535826678805572,6.782736787958016e-5,0.015930963848518553,0.04540575676861219,0.02947479292009364
W02000125,2025,0.02561447971223209,3.593606661680849e-5,0.013353458645950923,0.03795954515579204,0.02460608650984112
W02000126,2025,0.031752331691489485,5.1464963505187256e-5,0.01907618659869442,0.04879862100308886,0.029722434404394444
W02000127,2025,0.029934999271553783,7.345921798801391e-5,0.01367007512275709,0.04766184015384309,0.033991765031086
W02000128,2025,0.032192930212226675,7.667312772122338e-5,0.0172570681316388,0.05444325991528453,0.037186191783645725
W02000129,2025,0.031666787524909576,5.322772875816947e-5,0.017639113975801514,0.04724048630243616,0.029601372326634644
W02000130,2025,0.04422836904675268,7.824684356369754e-5,0.02711339460793895,0.06289810627110794,0.03578471166316899
W02000131,2025,0.037309509624184445,8.559971752872415e-5,0.021692688757518917,0.05731196583794826,0.03561927708042934
W02000132,2025,0.03207509655620035,6.823462446320525e-5,0.01860004732469081,0.05276310532749776,0.03416305800280695
W02000133,2025,0.03096806039247826,7.711462082756815e-5,0.01570399429021956,0.05287099781950014,0.03716700352928058
W02000134,2025,0.033930564860942904,7.475753281830832e-5,0.01968081080299646,0.05482237819023271,0.03514156738723625
W02000135,2025,0.038041057402946866,9.01472822028198e-5,0.020962729346753292,0.05938821686348002,0.038425487516726725
W02000136,2025,0.027023954586562367,7.476785025829942e-5,0.011786703505378034,0.04518229395410853,0.03339559044873049
W02000137,2025,0.04018027596408679,7.229199151200027e-5,0.02303011960228225,0.05899025911898334,0.03596013951670109
W02000138,2025,0.03987817454088387,8.443778411440953e-5,0.022928528363598984,0.06024606522177458,0.0373175368581756
W02000139,2025,0.0296898991017222,9.254375212562458e-5,0.013835288211133126,0.05131768770469164,0.03748239949355851
W02000140,2025,0.037859439151552036,1.1212780803492801e-4,0.018912658072185645,0.06218504457518638,0.043272386503000734
W02000141,2025,0.027741132062254058,8.380224206379087e-5,0.011519881542041806,0.04832781042415655,0.036807928882114746
W02000142,2025,0.03265014180384135,4.7219656564403976e-5,0.02058756308711469,0.04768306902234926,0.027095505935234573
W02000143,2025,0.030044611367478092,5.415595089000187e-5,0.01818459385560927,0.04601088189839256,0.02782628804278329
W02000144,2025,0.030363060183962023,6.503734123172504e-5,0.016934695404252957,0.049182928422490585,0.03224823301823763
W02000145,2025,0.030188356381747994,5.04955720724211e-5,0.017032486112614674,0.045146126287406385,0.02811364017479171
W02000146,2025,0.03073661544486197,5.598419191471847e-5,0.018393777369684033,0.0447934884258919,0.026399711056207864
W02000147,2025,0.04138046413331026,6.0327947951627256e-5,0.02756950257455159,0.05841494336160628,0.030845440787054687
W02000148,2025,0.040506241343079105,7.242993577160508e-5,0.022566226266993103,0.06023381224551883,0.03766758597852573
W02000149,2025,0.03208606483456674,6.056286810610966e-5,0.01907998449220714,0.05089426524633599,0.03181428075412884
W02000151,2025,0.036138713263060465,4.1123725709005834e-5,0.02409969442186552,0.0490165517386756,0.02491685731681008
W02000152,2025,0.03313773788401128,6.0337179682172815e-5,0.019435603414446258,0.05207130106594238,0.03263569765149612
W02000153,2025,0.032211150913641434,6.0066487875306185e-5,0.01888018309525026,0.049587211476566695,0.030707028381316434
W02000154,2025,0.03593125902914781,6.193618689393202e-5,0.022084660155268755,0.05402433515392363,0.031939674998654875
W02000156,2025,0.03723894332285112,7.040339836853314e-5,0.020475625892744424,0.05823228320957106,0.03775665731682663
W02000157,2025,0.0365359660186849,5.1157987673473936e-5,0.02530030283471215,0.05126054405018868,0.025960241215476527
W02000158,2025,0.03860658717482699,8.098319845296781e-5,0.019409225359349278,0.0658342441030029,0.04642501874365362
W02000159,2025,0.035707777604668076,6.0921398196818985e-5,0.02203401942390149,0.05345765959695481,0.031423640173053324
W02000160,2025,0.03305129635531094,5.366880414970309e-5,0.019763774114606555,0.05154726151602254,0.03178348740141598
W02000161,2025,0.037508207981591636,6.906647991323322e-5,0.022903405916487894,0.058761753736960895,0.035858347820473
W02000162,2025,0.031203203592787835,8.070793788816118e-5,0.0174617541769989,0.05319317819801017,0.035731424021011274
W02000163,2025,0.03836188726764831,6.213397143570532e-5,0.023549988166487876,0.056916164793067596,0.033366176626579716
W02000164,2025,0.03584239095429186,5.3193039650550215e-5,0.02197740356172553,0.051518656726069506,0.029541253164343976
W02000165,2025,0.04029362975393702,7.305723486592872e-5,0.025130424759719355,0.059279099849082015,0.03414867508936266
W02000166,2025,0.043215488189093536,8.250426605959387e-5,0.027695993596641665,0.0622608506938367,0.034564857097195034
W02000167,2025,0.04302686527468654,8.209937318027257e-5,0.0281718530777243,0.06210635803675465,0.033934504959030345
W02000168,2025,0.038940052663322774,5.5810122613254215e-5,0.02514190278512184,0.05506221421652545,0.02992031143140361
W02000169,2025,0.038351460993701535,5.485138803417658e-5,0.025761122952527915,0.056408411353377944,0.03064728840085003
W02000170,2025,0.037029678975194304,4.948481770167584e-5,0.02415826191002198,0.05400623783141023,0.02984797592138825
W02000171,2025,0.04100830384047522,5.8348724262554455e-5,0.026510055785445144,0.05643536695713061,0.029925311171685468
W02000172,2025,0.04024856490233263,7.73712048228838e-5,0.024261732528989232,0.05689986102100039,0.032638128492011156
W02000173,2025,0.04500218758839303,7.061688998082427e-5,0.03075179080152385,0.06300182763390785,0.032250036832384005
W02000174,2025,0.03736952554364527,7.112551884659182e-5,0.023802398494209998,0.05471789546413154,0.030915496969921543
W02000175,2025,0.04061617394838538,7.319146266924417e-5,0.024841486216873033,0.05911521852516362,0.03427373230829059
W02000176,2025,0.035877288827801536,5.382410054359424e-5,0.02288954206323457,0.053636866626903534,0.030747324563668965
W02000177,2025,0.041626152179858496,7.52284519409773e-5,0.02405741443596468,0.058791436981299544,0.034734022545334864
W02000178,2025,0.04926929257300062,1.0241705610878653e-4,0.032244360438258686,0.07036769029036724,0.038123329852108555
W02000179,2025,0.03508428885566687,6.316159264089242e-5,0.022850990548025432,0.0537211531142759,0.03087016256625047
W02000180,2025,0.044322587435836454,7.880262411859988e-5,0.029452747864859952,0.0638608800262156,0.034408132161355645
W02000181,2025,0.04218112017191894,7.844914268026296e-5,0.02761148633442196,0.0598726178118609,0.03226113147743894
W02000182,2025,0.04107206007180142,6.192129996545225e-5,0.02546207562193264,0.05819302599976725,0.032730950377834606
W02000183,2025,0.04947334670241486,1.0384646009020773e-4,0.029117863980379424,0.06975739459246402,0.0406395306120846
W02000184,2025,0.038055218788068876,6.920205782475892e-5,0.020381793971398603,0.05827808152837707,0.037896287556978464
W02000185,2025,0.03216141304609641,6.586276225409281e-5,0.01823593236201162,0.04978457387844625,0.03154864151643463
W02000186,2025,0.04930306376488333,1.1959922983966364e-4,0.028445974015658158,0.06999507985653983,0.04154910584088167
W02000188,2025,0.048588307960131874,1.0567194770190526e-4,0.028589572945722792,0.069209732649193,0.04062015970347021
W02000189,2025,0.03415381491043568,9.154872897339572e-5,0.017446493624694866,0.05657937078616751,0.039132877161472644
W02000191,2025,0.05273001031403565,1.3027154593555192e-4,0.029933652720601812,0.07300893876170256,0.043075286041100745
W02000192,2025,0.054732314863253514,1.355489968968791e-4,0.0348045256639038,0.0792445448889841,0.04444001922508029
W02000193,2025,0.06334132546025956,2.1752343557797076e-4,0.03643621962618831,0.09371228673755455,0.05727606711136624
W02000194,2025,0.040695415428194825,9.405513902238907e-5,0.022533501735490364,0.06117328694786802,0.03863978521237765
W02000195,2025,0.024502615181473855,1.3613394165886255e-4,0.002234804881764837,0.04759720234364889,0.04536239746188406
W02000196,2025,0.030210828138304908,1.2339995785480982e-4,0.010789562074418776,0.056929990935493446,0.04614042886107467
W02000197,2025,0.025058059830943065,1.0925646618361891e-4,0.006432588309164479,0.048939127373892416,0.042506539064727934
W02000198,2025,0.026968110736347698,1.1148959712198474e-4,0.00876062888492696,0.04968982960425393,0.04092920071932697
W02000200,2025,0.03596012109334047,4.3269828228067545e-5,0.023582058061888324,0.05106062386772181,0.027478565805833487
W02000201,2025,0.03533288987043871,4.565426747230815e-5,0.0244435705934445,0.05034016184533651,0.02589659125189201
W02000202,2025,0.0383162796438339,5.2822016567050544e-5,0.0256394835717755,0.05496541430439414,0.02932593073261864
W02000204,2025,0.03254664561205229,5.951862836495355e-5,0.019994328951150414,0.04740075948443133,0.027406430533280915
W02000205,2025,0.03337503758492275,6.054964053099931e-5,0.020625598393873085,0.05182530446239549,0.031199706068522407
W02000206,2025,0.03621467847943309,6.925494996235266e-5,0.020318754554279356,0.05627676747804895,0.0359580129237696
W02000207,2025,0.03375790111111221,6.767861566620039e-5,0.01899453873703557,0.05198642505388655,0.03299188631685098
W02000208,2025,0.05226000729107063,1.1683678205555529e-4,0.030339511212818027,0.07258927050320352,0.04224975929038549
W02000210,2025,0.04233299314571949,7.609632624988697e-5,0.025184581109103748,0.05928587576534983,0.034101294656246076
W02000211,2025,0.04097979325903037,6.794368668529009e-5,0.02624653792847399,0.0595972834687721,0.03335074554029811
W02000212,2025,0.03997754128189293,5.3487113912808295e-5,0.027806110016406312,0.058088233071547396,0.030282123055141084
W02000213,2025,0.035558806733759836,6.277367507607533e-5,0.021919455355741767,0.0530251555855306,0.031105700229788834
W02000214,2025,0.037685019945133576,8.30095182157015e-5,0.01831960127853003,0.05648237373399297,0.03816277245546294
W02000215,2025,0.041067921878813765,1.0275481934007483e-4,0.027352437661814978,0.061099291140108924,0.033746853478293946
W02000216,2025,0.03915775195677174,6.512980309417182e-5,0.02317197234072705,0.055457594037692834,0.032285621696965784
W02000217,2025,0.04076037690500934,5.708128224143977e-5,0.028739581588832407,0.05834580166009576,0.029606220071263352
W02000218,2025,0.043239917289952814,6.964406691157398e-5,0.029454573687509658,0.06626827336742233,0.03681369967991267
W02000219,2025,0.03890681628794445,6.782797948008486e-5,0.023359775562538106,0.05588733713177928,0.03252756156924117
W02000220,2025,0.04199376377082718,7.172518285572861e-5,0.02700135041030094,0.061664543488600815,0.034663193078299875
W02000221,2025,0.0438801265979206,7.174649816571814e-5,0.0291386763217304,0.06234745864185279,0.033208782320122386
W02000222,2025,0.03591499116458469,5.790978843154518e-5,0.021884191438084594,0.053689656832974414,0.03180546539488982
W02000223,2025,0.040375924317831415,6.925061588531692e-5,0.025670873457253218,0.05941122552920751,0.03374035207195429
W02000224,2025,0.04297367583842407,5.7540140386596263e-5,0.027341394650756842,0.05731045603512848,0.029969061384371637
W02000225,2025,0.04044249622439626,6.6284669683798e-5,0.02687642651098468,0.05906552486395402,0.03218909835296934
W02000226,2025,0.038543052884446136,5.907005102852823e-5,0.025965149957658508,0.05667695010157796,0.03071180014391945
W02000227,2025,0.04256792970459172,9.061935524931549e-5,0.02844509896931178,0.06613074584170406,0.03768564687239228
W02000228,2025,0.050770202282949234,9.389083642858095e-5,0.03338503009796284,0.07170752115435569,0.03832249105639285
W02000229,2025,0.03856836386291081,7.973543602433892e-5,0.020869195529211917,0.059287704123798135,0.03841850859458622
W02000230,2025,0.03508162980636359,5.693746430639432e-5,0.021970743351516147,0.05154827264432146,0.029577529292805316
W02000231,2025,0.04020576879021538,5.822390719518139e-5,0.025895908295391287,0.057189650820949234,0.031293742525557944
W02000232,2025,0.04113615201262888,7.97846948213104e-5,0.02622118375895334,0.06303308004976498,0.036811896290811635
W02000233,2025,0.04266347726182588,7.848682851657572e-5,0.027514054828468165,0.06350830510238746,0.035994250273919295
W02000234,2025,0.04146232876363273,6.7502978449845e-5,0.025944669463844643,0.05717287208053853,0.031228202616693884
W02000235,2025,0.025357712688660678,9.577604273705502e-5,0.008096258376558425,0.04663022331678948,0.03853396494023106
W02000236,2025,0.030432049894158333,8.938545136047066e-5,0.011246566136350424,0.05177435459159595,0.040527788455245524
W02000237,2025,0.033931099970238236,6.059912964134927e-5,0.021885881873625068,0.05271453403667582,0.030828652163050755
W02000238,2025,0.02797270209152516,8.810037019553039e-5,0.012731249276672522,0.04872329535830423,0.035992046081631715
W02000239,2025,0.03610951867977718,6.402242285028825e-5,0.022706430169567342,0.05484885009772576,0.03214241992815842
W02000240,2025,0.04075271455091523,7.495917161732541e-5,0.027285477170908616,0.06047201543404199,0.03318653826313337
W02000241,2025,0.03604074560677223,6.741490247984804e-5,0.023377741685539737,0.05453342391923764,0.031155682233697905
W02000242,2025,0.03388644428027086,8.995006001250246e-5,0.021084191644750745,0.06123123117273944,0.04014703952798869
W02000243,2025,0.04643073918409164,8.934621266506844e-5,0.030662736100515665,0.06735997218418323,0.03669723608366757
W02000244,2025,0.03496213969447,8.222857311691382e-5,0.021933431351890895,0.055995258573726184,0.03406182722183529
W02000245,2025,0.04558317052606998,8.522452078028157e-5,0.030198847372440538,0.06643333450608037,0.03623448713363983
W02000246,2025,0.030751281579429347,9.090447320898912e-5,0.01585980127209191,0.05457690840025045,0.03871710712815854
W02000247,2025,0.03654959531935139,8.730624033103599e-5,0.02301681748312081,0.06121547717432358,0.03819865969120277
W02000248,2025,0.049484201470991473,1.0243288309494522e-4,0.0330314594789247,0.07012198963365578,0.03709053015473108
W02000249,2025,0.04128778803335992,8.95508942857536e-5,0.02576683230649119,0.06140092204901178,0.03563408974252059
W02000250,2025,0.04269668262160318,7.487069258291655e-5,0.027082657342583152,0.062141339209893454,0.0350586818673103
W02000251,2025,0.044578786838132364,8.642207477029024e-5,0.02997558471128073,0.0612118241717476,0.031236239460466872
W02000252,2025,0.03846339234206447,5.446911564652462e-5,0.02498018095204007,0.05543504320050803,0.03045486224846796
W02000253,2025,0.04062612567008219,6.668629966795541e-5,0.027113513170448286,0.058175937263706,0.031062424093257712
W02000254,2025,0.03955039863381996,5.459295935763595e-5,0.025821220075460373,0.05464028568944988,0.02881906561398951
W02000255,2025,0.03844858267492497,5.610628708511958e-5,0.02540121173457516,0.05480354373467675,0.029402332000101592
W02000256,2025,0.04241979681686685,6.226267186426384e-5,0.029196478771382425,0.060615128006813596,0.03141864923543117
W02000257,2025,0.0399580910724878,5.722865737566871e-5,0.02459983142082619,0.05505102310137097,0.030451191680544783
W02000258,2025,0.03849985982831439,5.943229447888028e-5,0.02480273306423208,0.05591559841806343,0.03111286535383135
W02000259,2025,0.042305880827626124,6.32612226968962e-5,0.02716433547572225,0.05728934053894231,0.030125005063220057
W02000260,2025,0.038377539225688095,5.9653303857130605e-5,0.024234606400047345,0.05607160602851914,0.03183699962847179
W02000261,2025,0.03905669117027366,4.667184260407539e-5,0.02837851967973056,0.055206407982158784,0.026827888302428222
W02000262,2025,0.04045170323040989,7.456434285792165e-5,0.026891665539632868,0.05915510568572653,0.03226344014609366
W02000263,2025,0.04399873246959313,6.28208779109238e-5,0.030546035496410478,0.06263564447510095,0.03208960897869047
W02000264,2025,0.043102069399543794,6.037786018757215e-5,0.028902682177763876,0.06002546320686798,0.031122781029104107
W02000265,2025,0.041450900068520896,5.817926379298589e-5,0.027087361373836428,0.057128464322681136,0.030041102948844708
W02000266,2025,0.04348654907369377,6.270119046336594e-5,0.029367627424494218,0.05980045574894878,0.030432828324454562
W02000267,2025,0.043489033031481945,7.960385505167381e-5,0.02752795085152244,0.06482400244186629,0.03729605159034385
W02000268,2025,0.040879280173384366,5.8647001650973476e-5,0.027549849369744174,0.05716372198880548,0.02961387261906131
W02000269,2025,0.04172695710924195,6.270471979568553e-5,0.028054349522703685,0.058712240209186514,0.03065789068648283
W02000270,2025,0.041010442798623786,5.674001808070275e-5,0.026678347678366694,0.056296006897830125,0.02961765921946343
W02000271,2025,0.04119100412318573,6.809387656609141e-5,0.026479226895887123,0.05937307131261792,0.032893844416730794
W02000272,2025,0.040916714147060905,4.786111389843873e-5,0.02655444852755836,0.055137684575531976,0.028583236047973616
W02000273,2025,0.058451427184463084,1.4574542857481132e-4,0.03599477873216965,0.08200764620614356,0.046012867473973915
W02000274,2025,0.04317646429725212,7.277216736537618e-5,0.02611359370568426,0.061885121463643944,0.035771527757959685
W02000275,2025,0.04070067459130409,6.045499435514596e-5,0.027872782810092485,0.057658502964492674,0.02978572015440019
W02000276,2025,0.038033741676894786,5.28998931545565e-5,0.027154805245700266,0.05382085391563812,0.026666048669937856
W02000277,2025,0.03897245442766429,4.905340822553912e-5,0.02758515224078048,0.053466754365172814,0.025881602124392333
W02000278,2025,0.04182676711167912,5.891541967768274e-5,0.028486576516975753,0.0597111744126296,0.03122459789565385
W02000279,2025,0.04321531256907051,7.102918470298454e-5,0.027911839076832805,0.06107588418985007,0.033164045113017265
W02000280,2025,0.04525376367576094,7.107967703644462e-5,0.02985816566048434,0.06303654269726197,0.03317837703677763
W02000281,2025,0.0370017175439363,5.4958931331256206e-5,0.025276382605926316,0.053514416006015475,0.02823803340008916
W02000282,2025,0.040613024979699375,6.524535999037046e-5,0.026950773545532554,0.05718250162138545,0.030231728075852893
W02000284,2025,0.04411979721999588,7.890505285226253e-5,0.03035604025774071,0.06427569100810906,0.03391965075036835
W02000285,2025,0.03811317535305519,4.813778564413443e-5,0.02795863496147804,0.055057982402179406,0.027099347440701367
W02000286,2025,0.04246550865719004,6.08540702209723e-5,0.02840638858355905,0.05694293202563229,0.02853654344207324
W02000287,2025,0.04155652762872575,4.958508377898106e-5,0.029592377606985056,0.05798492615887767,0.02839254855189261
W02000288,2025,0.041013399511496546,5.1531348097045395e-5,0.028737493724339844,0.05738057993825231,0.028643086213912466
W02000289,2025,0.04116807138527331,6.248357282346744e-5,0.027712679491477966,0.05875640997918399,0.031043730487706027
W02000290,2025,0.04052310764986493,5.6046126926212154e-5,0.027897022017810108,0.0566656467007484,0.02876862468293829
W02000291,2025,0.041172477536013066,6.469084034946057e-5,0.025791997845865028,0.05698740426265409,0.031195406416789064
W02000292,2025,0.04163165585519483,7.79357697672913e-5,0.024499572604878297,0.059734606832936715,0.03523503422805842
W02000293,2025,0.0415034782128652,6.577448336732194e-5,0.028369933782498778,0.0599309211317909,0.03156098734929212
W02000294,2025,0.03687578101918354,5.201088472185089e-5,0.0237952900134363,0.0521125359182416,0.0283172459048053
W02000295,2025,0.040403092931735156,6.527784656364688e-5,0.025377693959782302,0.0565855221740353,0.031207828214252997
W02000296,2025,0.03961770062538104,5.517468389820939e-5,0.026741421931710405,0.057097542390777245,0.03035612045906684
W02000297,2025,0.040460748045213706,4.568669225056289e-5,0.028236749427691783,0.053386125826556885,0.025149376398865102
W02000298,2025,0.04063252936082618,7.248513125805729e-5,0.024364824329900676,0.058762901653575964,0.03439807732367529
W02000299,2025,0.03761246658335204,5.9883517313371226e-5,0.023931146188775003,0.05477268156887774,0.030841535380102737
W02000300,2025,0.03780649068044052,5.1104171437971516e-5,0.023440877074596196,0.0539433330490848,0.030502455974488606
W02000301,2025,0.04452012720910042,5.724160061266841e-5,0.03162881267500893,0.062279159035559896,0.030650346360550966
W02000302,2025,0.03884707932950655,5.21101159518223e-5,0.024929834673906703,0.05535609095990453,0.030426256285997825
W02000303,2025,0.042571840723248516,5.638574972888281e-5,0.0293044196358278,0.059956015620734826,0.030651595984907028
W02000304,2025,0.04078905700217076,6.515498986506518e-5,0.025702777888722113,0.05947776883919536,0.033774990950473247
W02000305,2025,0.03987134047937498,6.372796116437852e-5,0.024734128721080786,0.056623283539748104,0.03188915481866732
W02000306,2025,0.03785332563600605,4.847700830809105e-5,0.024763785239534594,0.0523845244654035,0.02762073922586891
W02000307,2025,0.045732978761795065,6.923247074349463e-5,0.03207798759758569,0.06379268494573666,0.031714697348150966
W02000308,2025,0.04239948760933412,6.883877660164694e-5,0.02692385504442077,0.05946843081740731,0.03254457577298654
W02000309,2025,0.03845194532103923,5.9204135935187054e-5,0.025631405920208176,0.05618920507561748,0.0305577991554093
W02000310,2025,0.040379942957923014,4.886176541325161e-5,0.029212956942801058,0.05709768759151122,0.027884730648710165
W02000311,2025,0.04186143187945994,6.490963287607843e-5,0.029683326311609567,0.06202776012518975,0.03234443381358018
W02000312,2025,0.03881226320545412,5.6263935832803665e-5,0.024166426282038224,0.05708732262553041,0.032920896343492184
W02000313,2025,0.040576828243657534,6.377248899079809e-5,0.02472568677593355,0.05836365651648806,0.03363796974055451
W02000314,2025,0.03786995717704833,5.938789812817056e-5,0.025414765760062585,0.05576355408201143,0.030348788321948848
W02000315,2025,0.03814092013541722,6.69500871103355e-5,0.024651173418555813,0.055102731191750645,0.03045155777319483
W02000316,2025,0.03900365893197154,4.756110720155748e-5,0.02640809127029096,0.05355630511657392,0.02714821384628296
W02000317,2025,0.03993937629382135,5.578036116835541e-5,0.025493852985850704,0.055185335818875095,0.02969148283302439
W02000318,2025,0.040292598743069404,5.749228930375825e-5,0.026841874245449274,0.05578182594365472,0.028939951698205443
W02000319,2025,0.04025954022327346,4.9320742026052286e-5,0.026677821257070487,0.0548703251210897,0.02819250386401921
W02000320,2025,0.04215097366106007,6.916408108093975e-5,0.0271962905759133,0.06126405122959593,0.03406776065368263
W02000321,2025,0.04072411957097598,5.8958793804561824e-5,0.027656366490450997,0.05951214179996385,0.03185577530951285
W02000322,2025,0.04122175893031671,7.186721633599921e-5,0.02610435030979448,0.05952065892293629,0.03341630861314181
W02000323,2025,0.04067068032201501,4.6299547459728895e-5,0.028938589563561167,0.05436122414281734,0.025422634579256174
W02000324,2025,0.04064951218350995,6.052534634103044e-5,0.02789220262744492,0.05788649549849211,0.02999429287104719
W02000325,2025,0.04375153879855526,7.947942507975228e-5,0.025875745053223008,0.0633146810037557,0.037438935950532694
W02000326,2025,0.038184982909357144,5.706222730970575e-5,0.025914732453451085,0.05424540475471455,0.028330672301263467
W02000327,2025,0.03060943507628862,6.749474881294111e-5,0.016915581145503733,0.04847990369764656,0.03156432255214283
W02000328,2025,0.038565677036111495,5.642774732341237e-5,0.02488837058785387,0.054758383586256995,0.029870012998403125
W02000329,2025,0.041372159329524344,6.29963964012432e-5,0.02639421551592149,0.05817411651824789,0.031779901002326395
W02000330,2025,0.02943178976061428,4.0836053228108404e-5,0.016212076326300458,0.04212461805287981,0.02591254172657935
W02000331,2025,0.045733773324402746,8.16036998564875e-5,0.029568310013771373,0.0658408906313907,0.03627258061761933
W02000332,2025,0.041076317078059504,5.419874485354684e-5,0.02801392525832177,0.05639964192833269,0.02838571667001092
W02000333,2025,0.040668329764089926,5.632975694703849e-5,0.028120316010510748,0.05748073442417853,0.029360418413667783
W02000334,2025,0.03818264429758806,6.292649476579851e-5,0.024173847936089107,0.053702283723054675,0.029528435786965568
W02000335,2025,0.03622799821981756,4.630493502343024e-5,0.024844297045562295,0.050585939497919744,0.02574164245235745
W02000336,2025,0.028956338013068926,4.780866072884112e-5,0.01839226827289312,0.045519198291737464,0.027126930018844343
W02000337,2025,0.03720491113624355,6.88068897576937e-5,0.024170821302267723,0.0590265807154169,0.03485575941314918
W02000338,2025,0.028631634944997153,4.787967161104458e-5,0.014385229966804275,0.0417475989311709,0.027362368964366626
W02000339,2025,0.03128818516422383,7.929244843071917e-5,0.016179629256775335,0.05246872299379365,0.036289093737018316
W02000340,2025,0.028506829009135044,6.210220749628569e-5,0.014282180294314946,0.046753832585213276,0.03247165229089833
W02000341,2025,0.030237390581865763,5.9240012988861636e-5,0.01727886178634419,0.047835541872253085,0.030556680085908894
W02000342,2025,0.029906883384457628,5.7223967449692586e-5,0.015288180778328522,0.045831754997912144,0.030543574219583623
W02000343,2025,0.038705354330343104,6.984958620791201e-5,0.02355517808411522,0.05742434656725313,0.03386916848313791
W02000344,2025,0.0330101472997792,5.157969210366721e-5,0.02050349237203107,0.04976794081519233,0.029264448443161256
W02000345,2025,0.034621874427320475,6.961143305707546e-5,0.017395314115097336,0.052312620810965764,0.03491730669586843
W02000346,2025,0.03598630480988068,5.9794862773619025e-5,0.018807327845795814,0.04986432301622204,0.031056995170426226
W02000347,2025,0.03328949078798177,5.3359495313783304e-5,0.02065330036154487,0.04843243599500906,0.027779135633464187
W02000348,2025,0.03543025841633949,5.628127954540973e-5,0.022519683926156525,0.0518432260280421,0.029323542101885577
W02000349,2025,0.044832455747459796,8.84363743838433e-5,0.02502142209949719,0.0647891901858014,0.03976776808630421
W02000350,2025,0.04071688023637161,6.157754475254205e-5,0.026044197148008486,0.056924189736380026,0.03087999258837154
W02000351,2025,0.03896142553334387,7.905137262538225e-5,0.01963646863601785,0.05572114661395648,0.03608467797793863
W02000352,2025,0.04526555782625104,8.173811270863357e-5,0.029541532180258352,0.06773786144535685,0.03819632926509849
W02000353,2025,0.04465078938801476,1.0811635510364384e-4,0.02585980592657089,0.06571068120032333,0.039850875273752445
W02000354,2025,0.03340848661868719,7.461542734276295e-5,0.013798954876538393,0.05331660277996378,0.039517647903425386
W02000355,2025,0.03949449917711952,5.618981921452489e-5,0.02647215784298282,0.055043612354699706,0.028571454511716887
W02000356,2025,0.043444142991528115,8.224926427393941e-5,0.026809998267469864,0.06267451565894072,0.035864517391470854
W02000357,2025,0.04702836999162639,9.94498164435976e-5,0.026946140256835362,0.06688036833898739,0.039934228082152023
W02000358,2025,0.03649294546054219,6.964679918853369e-5,0.01955370442753917,0.05413401055393823,0.03458030612639906
W02000359,2025,0.0533468846064451,1.3970712442937388e-4,0.03213487813936876,0.07558982199947141,0.04345494386010265
W02000360,2025,0.04595681146573315,9.176639124205766e-5,0.02667747430005747,0.06702473245651586,0.040347258156458385
W02000361,2025,0.04483580352431462,7.997393545810283e-5,0.025050495832623754,0.06173203088541804,0.036681535052794284
W02000362,2025,0.040694463750169205,5.6140979275162244e-5,0.02821124477649094,0.05721392667900235,0.029002681902511412
W02000363,2025,0.037062517756726976,8.662618438028051e-5,0.021052948792246395,0.05732747130958131,0.036274522517334915
W02000364,2025,0.05413235975487746,1.4612583832131174e-4,0.031149921963956263,0.0783720715850479,0.04722214962109164
W02000365,2025,0.04839368684659958,1.034949919684765e-4,0.03144216231559255,0.06922695000500953,0.03778478768941698
W02000366,2025,0.041387171287637366,6.548110269658864e-5,0.02810462026321711,0.05994861267108271,0.0318439924078656
W02000367,2025,0.03301912163730334,6.881683289096782e-5,0.02041296692280352,0.051099163693944995,0.030686196771141476
W02000368,2025,0.042986574088799044,7.409029223091902e-5,0.030351074334173805,0.06415766853253517,0.033806594198361364
W02000369,2025,0.05268736375647694,9.999642034243926e-5,0.03344942211852078,0.07252048243614023,0.03907106031761945
W02000370,2025,0.0295465328702084,9.233835646434145e-5,0.014629260019165221,0.054775851966678016,0.04014659194751279
W02000371,2025,0.039892505652285096,6.807999707715861e-5,0.027328953301189014,0.05931710944267155,0.03198815614148254
W02000372,2025,0.04040489921362751,7.610652770327461e-5,0.028096465944446716,0.06148450706932788,0.03338804112488116
W02000373,2025,0.047059863634231466,8.374405913433773e-5,0.031556839821312466,0.06666144904452287,0.0351046092232104
W02000374,2025,0.03546120664317869,6.463829190148681e-5,0.022840485112931005,0.055157059721347955,0.03231657460841695
W02000375,2025,0.049891746337264564,1.0176738733543233e-4,0.030857959739703834,0.06944107233239229,0.03858311259268846
W02000376,2025,0.04007030833067114,6.53183291717733e-5,0.02697222946677168,0.058283888793123975,0.0313116593263523
W02000377,2025,0.04821124806615078,8.367847332873783e-5,0.032392637078541356,0.06777249247618586,0.0353798553976445
W02000378,2025,0.03834664540617324,8.798375644039124e-5,0.02513436500268181,0.06010788129563698,0.03497351629295517
W02000379,2025,0.051917838971265506,1.240276384345907e-4,0.03208241593756477,0.07486221569601882,0.04277979975845405
W02000380,2025,0.03803790035600226,7.069484335771907e-5,0.023687554875804543,0.058859253037660424,0.03517169816185588
W02000381,2025,0.044060375026182146,7.092526734329316e-5,0.03025061612527205,0.0653705031658601,0.03511988704058805
W02000382,2025,0.045999974473597424,8.101826891580751e-5,0.02986596817471024,0.06486477065827552,0.03499880248356528
W02000383,2025,0.04596746764670359,1.0334914795713687e-4,0.02801767732697958,0.06841831183492328,0.0404006345079437
W02000384,2025,0.0380513115613122,6.183668069977872e-5,0.024802405537710813,0.05671598573672842,0.031913580199017605
W02000385,2025,0.04221150266587646,7.659635961222239e-5,0.027220417655563635,0.06294741243520774,0.035726994779644104
W02000386,2025,0.03278618564120385,9.675110083888134e-5,0.017497476432373628,0.05381010128953206,0.03631262485715843
W02000387,2025,0.0416331467926384,6.980079824165323e-5,0.026693076691781385,0.060172129473941516,0.03347905278216013
W02000388,2025,0.039132042017190075,7.549810250944686e-5,0.02500421074849286,0.05857492517271914,0.03357071442422628
W02000389,2025,0.046312245646955116,7.582733565606682e-5,0.03032215236631204,0.06646577395694035,0.03614362159062831
W02000390,2025,0.03783727111757791,9.400739921792954e-5,0.02211860169320031,0.060124921433627576,0.038006319740427265
W02000391,2025,0.07454190593289228,3.1075461598023644e-4,0.0425764033760771,0.10878783535006552,0.06621143197398842
W02000392,2025,0.039282884865037164,7.740416379911854e-5,0.026645086385914656,0.0627832301370391,0.03613814375112444
W02000393,2025,0.04728063486267359,9.94277824741074e-5,0.03222744408642886,0.07050285201005682,0.03827540792362796
W02000394,2025,0.0809233901210433,3.9352982972814957e-4,0.04375037195507871,0.12037038084953314,0.07662000889445443
W02000395,2025,0.04717887194747627,7.788474173139485e-5,0.029489176949108742,0.06710090134751193,0.037611724398403185
W02000396,2025,0.06667051000435183,2.326754735881742e-4,0.0391253707770553,0.09831897071046747,0.059193599933412167
W02000397,2025,0.042085799070400304,7.825168938031272e-5,0.028285278766561513,0.06395993950206101,0.0356746607354995
W02000398,2025,0.08688538341060231,4.7905120217158067e-4,0.04756981323741187,0.13227097238977215,0.08470115915236028
W02000399,2025,0.06828416220905999,2.472158379090131e-4,0.039846666094451796,0.10172534455059774,0.06187867845614595
W02000400,2025,0.05065849627664934,9.859828572668644e-5,0.03190769810536016,0.07071973974882649,0.03881204164346633
W02000401,2025,0.04532892756792265,1.0742548782103671e-4,0.028645246979230737,0.07044979118140811,0.04180454420217737
W02000402,2025,0.07010298249828764,2.459251509336145e-4,0.03987161687974104,0.10162929075877578,0.06175767387903473
W02000403,2025,0.05376328736403556,1.2033882022810649e-4,0.03576351407066106,0.07550037336060447,0.039736859289943416
W02000404,2025,0.053375897663251286,1.2483431548605085e-4,0.031745962736510994,0.07721086579838873,0.04546490306187774
W02000405,2025,0.05333981019228134,1.1850295956830025e-4,0.033670390865470926,0.07682467334696166,0.04315428248149074
W02000406,2025,0.052646089473860076,1.2436422632229588e-4,0.03419218689736274,0.0798943579084582,0.04570217101109546
W02000407,2025,0.04617096237311855,1.2161552756731532e-4,0.028677984294312474,0.06873549898190318,0.0400575146875907
W02000408,2025,0.05817658914003891,1.3570317309764002e-4,0.03436130925286583,0.08015087293320335,0.045789563680337514
W02000409,2025,0.04467406367901993,8.214893928613433e-5,0.028607583670280178,0.06492271837260193,0.03631513470232175
W02000410,2025,0.060900048190571536,1.6614236327222538e-4,0.03756724439380292,0.08800616316126779,0.05043891876746487
W02000411,2025,0.047846463609200134,1.272805026084803e-4,0.030763720519688474,0.07222828387310089,0.04146456335341241
W02000412,2025,0.052827757777562385,1.1567486419589902e-4,0.033695725796579395,0.07473439496293488,0.041038669166355485
W02000414,2025,0.02905429622949029,5.50677937033249e-5,0.01638309357978522,0.045381231694786854,0.028998138115001633
W02000415,2025,0.045497094726024714,7.337986794561022e-5,0.030388000970656776,0.06767878584043482,0.03729078486977805
W02000416,2025,0.029302188822693215,3.027849558566459e-5,0.01789131645326627,0.03976633858679188,0.021875022133525608
W02000417,2025,0.03842474439416854,6.842319308554578e-5,0.022733164706928356,0.05802876432584202,0.03529559961891366
W02000418,2025,0.030680655904244063,5.0329989768462934e-5,0.018148890217474362,0.045233608849085255,0.027084718631610893
W02000419,2025,0.0337391737157245,6.705998314300049e-5,0.016447706319443176,0.05264176432418176,0.036194058004738586
W02000421,2025,0.030455773677640238,4.764187754670534e-5,0.018242623192228566,0.04548444278380265,0.027241819591574082
W02000422,2025,0.0666757807621627,2.3645536306255352e-4,0.03868517233267742,0.09696731848729087,0.058282146154613454
W02000423,2025,0.06206486390215413,1.7254795690012755e-4,0.03744222762234016,0.08566918780176025,0.04822696017942009
W02000424,2025,0.027952980852165684,5.8466133005086415e-5,0.014132539036790648,0.04413398691147331,0.03000144787468266
W02000425,2025,0.04030910847351951,7.25670556872923e-5,0.02463897258987184,0.058412218370747365,0.033773245780875524
W02000426,2025,0.03261638673369008,6.906262151769434e-5,0.01888746261789659,0.04960644078990903,0.03071897817201244
W02000427,2025,0.038408474076730995,4.9075113429870884e-5,0.025552756095943895,0.054047911248560385,0.02849515515261649
W02000428,2025,0.03651652354306398,8.409475264187428e-5,0.02055630206464415,0.05678737144736858,0.03623106938272443
