area_id,msoa_name,time_id,n,direct_estimate,variance,direct_ci_width,bhf_estimate,bhf_variance,bhf_ci_width,fh_estimate,fh_variance,fh_ci_width,mrp_estimate,mrp_variance,mrp_lower,mrp_upper,mrp_ci_width,mrp_minus_bhf
W02000001,Isle of Anglesey 001,2021,6,0,0,0,0.11863148242813776,0.00104574115908739,0.12784795601738477,0.01828476812922415,1.460748865693287e-4,0.04740036512440247,0.12034320230462059,9.031647013477051e-4,0.07161271524958127,0.18634459564422667,0.11473188039464541,0.0017117198764828312
W02000001,Isle of Anglesey 001,2023,9,0.18565260641894785,0.0160569283101873,0.4967173397030637,0.15053473222339137,0.00107166712071827,0.12933957168561735,0.07502108052261498,1.9737777375178605e-4,0.05507152988200899,0.1468626908709015,0.001211388095995699,0.0871052799745454,0.21917687941277147,0.13207159943822608,-0.0036720413524898576
W02000001,Isle of Anglesey 001,2025,22,0.00939999614413936,9.325536415956076e-5,0.037854280668256655,0.1505335215136828,0.0020406736855499,0.1799304360949539,0.01320636928234907,8.887673914271381e-5,0.03697273477129931,0.14918057648353686,0.0018504164225085105,0.07779912186433827,0.24205475787528205,0.16425563601094378,-0.0013529450301459356
W02000002,Isle of Anglesey 002,2021,9,0.4319653664782163,0.04066522486314988,0.79047779664215,0.14958903680762778,0.00109687175783645,0.12998236339831917,0.08755011120901235,8.2905235816813e-4,0.11297185618030171,0.1590760719081959,0.0016031560352842795,0.09646087026433642,0.24806992898355135,0.15160905871921493,0.009487035100568114
W02000002,Isle of Anglesey 002,2023,8,0.48853585090916113,0.03329906285454524,0.7153096636378984,0.18149274896608067,0.00112313443145577,0.13168432119292672,0.144286028618842,8.757198182575039e-4,0.11610282949200527,0.19156552401527946,0.002010667859211742,0.11427906745376733,0.2950813884723491,0.1808023210185818,0.01007277504919879
W02000002,Isle of Anglesey 002,2025,26,0.05118071695859134,0.00135952060307236,0.14453431997401464,0.18149159313055135,0.00209480598775777,0.1823107773460697,0.08247204147178003,7.879289182881515e-4,0.11013521042594224,0.1930439605376811,0.0025623315565130446,0.10608676973685818,0.30414990191931957,0.19806313218246138,0.011552367407129754
W02000003,Isle of Anglesey 003,2021,11,0.1612312830188462,0.01159843217579599,0.4221606309827293,0.17055570838723808,0.00258587523785837,0.20030824706170303,0.10997326533164906,0.00110764697352816,0.1306326493306579,0.16171515227521957,0.003499703993238525,0.07841650151132656,0.3058354305032123,0.22741892899188576,-0.008840556112018505
W02000003,Isle of Anglesey 003,2023,3,0.5456427510644392,0.09405494524933898,1.2021783545846698,0.20245900848009132,0.00262663374425004,0.20195192293908865,0.16670907115925795,0.00116440575348265,0.13393069606839456,0.19644026236370146,0.004630185510655131,0.0961640621798519,0.361366016699203,0.2652019545193511,-0.0060187461163898615
W02000003,Isle of Anglesey 003,2025,24,0.08442708534476404,0.00223073561758146,0.18514080063340824,0.20246137346984863,0.00360558072014844,0.237781495984753,0.10489525631355884,0.00108030915492883,0.1290128313894064,0.19865031180965936,0.005435489398406491,0.09181478812685168,0.36100953982749173,0.26919475170064006,-0.003811061660189269
W02000004,Isle of Anglesey 004,2021,14,0.13881811744044975,0.01557077848474238,0.4891400795489484,0.09450124527579117,0.00120762603891181,0.13665870434672864,0.0894649562300664,0.00190498334150531,0.17154599873587717,0.10294931438435227,9.74540524092103e-4,0.053765200956811365,0.16620625615903672,0.11244105520222536,0.008448069108561107
W02000004,Isle of Anglesey 004,2023,11,0,0,0,0.1264046742699214,0.00123923258953604,0.13833792080879503,0.14620044024667248,0.00195862566564125,0.17393304592299114,0.12724251305102868,0.0014069867843415278,0.06704453206186026,0.2005894804145418,0.13354494835268155,8.378387811072696e-4
W02000004,Isle of Anglesey 004,2025,24,0,0,0,0.12640844577109184,0.00221117351395138,0.18655864232433916,0.08438748027186835,0.00189328915384719,0.1710255467824645,0.12844890653398097,0.0017269322797167739,0.060629425216820104,0.21204299055526052,0.15141356533844041,0.0020404607628891347
W02000005,Isle of Anglesey 005,2021,17,0.2357800735403681,0.01570308073073289,0.4912137538186233,0.15701639092615305,0.00121204607258219,0.13647594443531463,0.11044526870295296,0.00125655309815313,0.13914364479441538,0.1712767229813492,0.001685999033818604,0.10734042462696734,0.2637700296317849,0.15642960500481756,0.01426033205519614
W02000005,Isle of Anglesey 005,2023,10,0.4171105013713594,0.02600708736442021,0.6321555351544893,0.18891999585935695,0.0012374055037921,0.13802735478785125,0.16718096435269,0.00129808508447354,0.1414203866029042,0.20608338070869375,0.002276117926392976,0.12792646853785516,0.31678882602150105,0.18886235748364588,0.0171633848493368
W02000005,Isle of Anglesey 005,2025,20,0.06347735831144721,0.00379139987131602,0.2413669942510408,0.1889152934368944,0.00220959233540967,0.1866146198756257,0.1053674357185674,0.00123201664368842,0.13777932348010508,0.20716997044388968,0.0034822880004045354,0.11366599944734959,0.345178418532502,0.23151241908515238,0.01825467700699529
W02000006,Isle of Anglesey 006,2021,19,0.10088047765018358,0.00553827251265835,0.2917193568836955,0.12061837276800635,9.732410824750284e-4,0.12309797914133427,0.09407278126542828,9.67408480932427e-4,0.1220568119588471,0.12004481352101563,0.0010374214212070555,0.06949943042893195,0.19729871859510606,0.1277992881661741,-5.735592469907208e-4
W02000006,Isle of Anglesey 006,2023,5,0,0,0,0.15252160040683255,0.00101168022067833,0.1254202450558829,0.15080861178794652,0.00102812582585665,0.12582412311199506,0.1482121500527258,0.0015381748778242569,0.08474482352382634,0.2335224174226479,0.14877759389882156,-0.004309450354106736
W02000006,Isle of Anglesey 006,2025,28,0.0929604922927978,0.00253699130319121,0.19744110635496503,0.15252083775391426,0.00197970979079216,0.17703669631400223,0.08899481214461516,9.472024458595744e-4,0.12077701204467747,0.15096576910186404,0.0023251635133679197,0.08166719662826115,0.26213989826157824,0.18047270163331708,-0.0015550686520502122
W02000007,Isle of Anglesey 007,2021,13,0.07130340702194102,0.00493823604628872,0.2754634670418963,0.11222895986327525,0.00100541673007517,0.12511945735781457,0.08752968386166239,0.00102822048168912,0.12584692442055462,0.11493258530860304,9.021586380427481e-4,0.06641058234467848,0.18030561461450004,0.11389503226982156,0.0027036254453277897
W02000007,Isle of Anglesey 007,2023,6,0.09184314433287606,0.00845292408699315,0.3603973351435199,0.14413211655625666,0.00104097165606457,0.1272158403435679,0.1442654818183188,0.00107264422234554,0.12853069088574104,0.14151105418370696,0.0012583327627242276,0.08271735666739825,0.21477995930420057,0.1320626026368023,-0.002621062372549693
W02000007,Isle of Anglesey 007,2025,25,0.12266923897140668,0.00520240434255808,0.28273536779495523,0.14413156443465738,0.00200964135348189,0.17838182126405533,0.08245176014383615,0.00101629948457935,0.12511820072805965,0.14248632335002306,0.0016993496967934963,0.0806108105652764,0.2342499664942555,0.1536391559289791,-0.001645241084634319
W02000008,Isle of Anglesey 008,2021,12,0.19842023274990855,0.01220788361272883,0.4331100653927332,0.14521716506879156,0.00152633421266627,0.15404166602636332,0.07982768875399321,9.403702847107752e-4,0.120320365850919,0.15409817220874955,0.0019139077011180031,0.08817542249498003,0.25888843153181834,0.1707130090368383,0.008881007139957986
W02000008,Isle of Anglesey 008,2023,9,0.06211923226941231,0.00386535618315295,0.24370971753212856,0.1771204668298852,0.00154977950136871,0.15526696168275758,0.13656358557795625,9.52903291830374e-4,0.12111345970856592,0.1866219382902398,0.002727381027660286,0.10804061724108194,0.3173916918316657,0.20935107459058377,0.009501471460354599
W02000008,Isle of Anglesey 008,2025,18,0.07621454543800806,0.00290213188652788,0.21117215852777754,0.17711993828133749,0.002524078995195,0.1994646788016703,0.07474963169151459,9.118041605192658e-4,0.11848127653765042,0.18788326454908927,0.0035969990137581687,0.10273954551300948,0.327895258378087,0.2251557128650775,0.010763326267751783
W02000009,Isle of Anglesey 009,2021,13,0,0,0,0.10406393585855928,9.209489490229708e-4,0.11945990185246316,0.11008648214915016,0.00164483760461446,0.15933650385992987,0.10933002078407963,7.706084166621245e-4,0.06303892333776098,0.1781704545508906,0.1151315312131296,0.005266084925520359
W02000009,Isle of Anglesey 009,2023,10,0,0,0,0.1359669683333344,9.477850121361772e-4,0.12107458464372844,0.1668219846141431,0.00168798081257337,0.16140604527191338,0.13397067460039996,0.0010883914375462867,0.07926376321342338,0.21620110707464574,0.13693734386122236,-0.0019962937329344455
W02000009,Isle of Anglesey 009,2025,26,0.1991126105754353,0.00777268370258454,0.3455919233417288,0.1359664452089221,0.00191560510315568,0.17430879553927714,0.10500891620588004,0.00162193632543205,0.15822377514282104,0.13535052345382181,0.0016010338779112489,0.07002171887567236,0.23213954568532127,0.16211782680964892,-6.159217551002794e-4
W02000010,Gwynedd 001,2021,12,0.09295304405275805,0.00810245734821603,0.35284702775906945,0.1849969404924789,0.00204256731736135,0.17814371682119295,0.18510079726075132,0.00187450608797278,0.1698594752677931,0.1861731605135245,0.004555965993883263,0.0818699973056074,0.3333209768899543,0.2514509795843469,0.0011762200210456153
W02000010,Gwynedd 001,2023,3,0.8613292132743351,0.02163078010589764,0.576519734393526,0.21690024905817484,0.00208481836826127,0.1800302892666961,0.2418366570915236,0.0019272016249545,0.1722287140174955,0.220178893986713,0.005417686815472171,0.10738989016204653,0.37774463657180923,0.2703547464097627,0.0032786449285381603
W02000010,Gwynedd 001,2025,14,0.11246581789895128,0.0085270076871056,0.36197319731581457,0.2169023112932174,0.00306223038002655,0.2194217282759921,0.1800227086514399,0.001863095022524,0.16934160508979051,0.22000189835140435,0.005907062887410753,0.11108438283806948,0.39641113161748776,0.28532674877941827,0.0030995870581869422
W02000011,Gwynedd 002,2021,18,0.12433733047748036,0.0053721902964639,0.287312010196571,0.1369489373333505,0.00109660249775854,0.13059575555398542,0.06163183106252006,5.22656801523329e-4,0.0896711472880746,0.12943027101232818,0.001279889122666794,0.0691074799650221,0.20456918419828468,0.1354617042332626,-0.007518666321022327
W02000011,Gwynedd 002,2023,7,0,0,0,0.1688523757365216,0.00113619621426547,0.13293385408943792,0.11836789762711888,5.811065511237694e-4,0.0945455220060189,0.15800221330278513,0.0017135811907007313,0.09122135790301214,0.24202687928692268,0.15080552138391054,-0.01085016243373646
W02000011,Gwynedd 002,2025,17,0.03567060536421822,6.96335312213858e-4,0.10343971050355316,0.16885024895813155,0.00210587970630602,0.18238637782410136,0.05655354939881964,4.804347439798942e-4,0.08597349752919897,0.15932992884595143,0.002094219688262956,0.08667652740390118,0.25776713954429153,0.17109061214039034,-0.009520320112180125
W02000012,Gwynedd 003,2021,13,0,0,0,0.11736766979447198,9.37408711430658e-4,0.12082392769961436,0.10015850858747036,0.00168294334446989,0.16115466012345936,0.1146345299170125,7.325125776951101e-4,0.06863560753591177,0.17540250368212534,0.10676689614621357,-0.0027331398774594756
W02000012,Gwynedd 003,2023,5,0.4428703168015301,0.05179742526544381,0.8921382766705703,0.14927119385692905,9.7584685103368e-4,0.12322532205002074,0.1568940013070213,0.00172672868227416,0.16322911204225313,0.1413873746355994,0.0010461832752074465,0.08665958310482569,0.21049359290722797,0.12383400980240228,-0.007883819221329663
W02000012,Gwynedd 003,2025,15,0.09898799288222276,0.00867530018479925,0.36510715367993785,0.14926866958508725,0.0019429080946591,0.1754192316419696,0.0950809680824417,0.00165460723638681,0.15979520145940845,0.1428710993448436,0.0015333647655864596,0.08131577159627723,0.2333767263908994,0.15206095479462217,-0.00639757024024365
W02000013,Gwynedd 004,2021,15,0.06754144696914653,0.00432395742111153,0.2577619395925993,0.11475768272719963,0.00110776187981123,0.1313236718194264,0.09113246877473524,0.00131739037984764,0.14248396704583957,0.11399851581793226,9.27234304243705e-4,0.06513661069836768,0.19450965474262627,0.1293730440442586,-7.591669092673753e-4
W02000013,Gwynedd 004,2023,7,0.15253095293977811,0.01980468659471703,0.5516480327540683,0.1466611224702565,0.00114664519105463,0.13357978205652335,0.14786813163016158,0.00137718620677632,0.14567735923962682,0.14052472243014386,0.0013006870281921982,0.08141099050766017,0.23277170216277732,0.15136071165511716,-0.0061364000401126495
W02000013,Gwynedd 004,2025,8,0.28371651469427717,0.02858407204711903,0.6627353489795507,0.14666021603254112,0.00211651722819592,0.1828707853925109,0.0860546766267713,0.00131533597661846,0.1423774339749317,0.14263921524708273,0.0018808429682312753,0.07177395787089483,0.25048871752474405,0.17871475965384923,-0.00402100078545839
W02000014,Gwynedd 005,2021,5,0,0,0,0.12957692391636755,8.842930976740888e-4,0.117330636451439,0.12935268656639914,0.00163806762044281,0.15893832001335811,0.1320255334361463,0.0010000504115645135,0.07805505097225512,0.20590355026923995,0.12784849929698483,0.0024486095197787383
W02000014,Gwynedd 005,2023,6,0.7807750363518592,0.02749290513071423,0.6499626540683362,0.16148079988690242,9.214441097724278e-4,0.11979752937965796,0.18608809676463625,0.00167502378836571,0.160720426066492,0.1613285061411677,0.001432209476305882,0.09768005828559052,0.2577329931465807,0.1600529348609902,-1.5229374573472176e-4
W02000014,Gwynedd 005,2025,17,0.13140501904633856,0.00816703881342107,0.35425043846842386,0.16147526423336975,0.00188773358542226,0.17319912619164765,0.12427509714257656,0.00161668116268883,0.15789052780878615,0.16334567957761104,0.0018726104538187398,0.09076385337398639,0.2620157946047735,0.17125194123078707,0.0018704153442412885
W02000015,Gwynedd 006,2021,15,0.07864534144766384,0.00572050590698416,0.29647993439838144,0.12801803904177528,0.00136565175560569,0.14586979047273096,0.10064203460718411,0.00158152169089183,0.1561893649123143,0.11945234242298346,0.001212657755574596,0.06787203451293525,0.20402375029931186,0.1361517157863766,-0.008565696618791821
W02000015,Gwynedd 006,2023,3,0.4101724213071303,0.09035637635772605,1.1783043731826588,0.159921377784492,0.00140946775916906,0.14817461046686858,0.15737762810710376,0.00164944234362696,0.1594991914191047,0.1472849514533625,0.0017117678289861598,0.08158160697564279,0.236932594286526,0.1553509873108832,-0.012636426331129491
W02000015,Gwynedd 006,2025,8,0,0,0,0.15992231813183114,0.00238248137342668,0.1938974729139568,0.09556434750199062,0.00158167949886229,0.1562029087486832,0.15027186290368552,0.00238542022891343,0.07017868763577037,0.26099895749065,0.19082026985487963,-0.009650455228145616
W02000016,Gwynedd 007,2021,4,0,0,0,0.11137011051613104,0.00102562644098322,0.12642249399171476,0.1079865022468343,0.00178028114306827,0.16581953966180105,0.11138627975552455,0.0010120581269221641,0.056640446786827225,0.18116640363095066,0.12452595684412343,1.6169239393515333e-5
W02000016,Gwynedd 007,2023,4,0,0,0,0.14327362729381082,0.00106192006762684,0.12858106105904804,0.16472190199875691,0.00182860871647545,0.16804483674734486,0.13750263167724533,0.0014795985989681975,0.07615118708329632,0.22562315516895226,0.14947196808565594,-0.005770995616565494
W02000016,Gwynedd 007,2025,15,0.20830430827077637,0.01267070058304612,0.44124358134307945,0.14327257891347242,0.00203068400566637,0.17936742517788168,0.10290899013817802,0.00175965006061548,0.16485727080868362,0.13916045662714177,0.001754193180719431,0.06796666970844657,0.2283612518375502,0.16039458212910362,-0.0041121222863306495
W02000017,Gwynedd 008,2021,7,0.29622405171495725,0.05123598044056675,0.8872900517876366,0.11594373888132256,0.00116381996980604,0.1347670567776313,0.10071789663179496,0.00151617640193217,0.15292763883925753,0.12132813806455936,0.001254349760936949,0.06827912150351742,0.2004184866252547,0.13213936512173727,0.005384399183236799
W02000017,Gwynedd 008,2023,3,0.1677875833576799,0.03069489913364147,0.6867698043077999,0.1478472331432256,0.00120318070082838,0.13700495713749067,0.15745340808273145,0.0015609065687427,0.15515940356448082,0.14966747024906069,0.0016957854177668875,0.08537327423909542,0.24234338226121177,0.15697010802211636,0.001820237105835093
W02000017,Gwynedd 008,2025,18,0.1119440814703882,0.00666077787564505,0.31991938936601483,0.14784681797500626,0.00217402565399816,0.1855545889212564,0.09564023637228064,0.00149299146491632,0.1517544809657023,0.15097988459673942,0.002102024088797778,0.0789064366363258,0.252164333126458,0.17325789649013218,0.003133066621733155
W02000018,Gwynedd 009,2021,9,0.16517724306715606,0.02220608790766266,0.5841361905103974,0.12087437951242976,8.45899939908237e-4,0.1149150723942612,0.10571220139128364,0.00155639370414087,0.15497517349166678,0.1162962262049617,8.044540131293546e-4,0.06671311338351962,0.17441227717963204,0.10769916379611241,-0.0045781533074680525
W02000018,Gwynedd 009,2023,3,0.3894890347740432,0.09116285542589674,1.1835511904357565,0.15277789870433017,8.8500650568656e-4,0.11748813516879586,0.16244767136480637,0.00160626879978314,0.1574317978825984,0.14407236591161787,0.001182528056482143,0.08638887231860164,0.21762900620377496,0.1312401338851733,-0.0087055327927123
W02000018,Gwynedd 009,2025,25,0.16004840997875117,0.00864622769984785,0.3644948705444859,0.15277336206276154,0.00185021197019399,0.17146592224373677,0.1006345948076667,0.00153993591316675,0.1541525491100158,0.14640627177484353,0.0016572272176275018,0.07926994192350423,0.23283591955476324,0.153565977631259,-0.006367090287918015
W02000019,Gwynedd 010,2021,9,0.14870638382979637,0.01897832148608475,0.5400164459521175,0.10879890529950607,8.046741017806619e-4,0.11198640918822028,0.10424146592775758,0.00151842690398032,0.15305526161445215,0.11165760534817441,6.686475938294182e-4,0.07061827443487861,0.1687537064470898,0.0981354320122112,0.002858700048668339
W02000019,Gwynedd 010,2023,5,0.186320668723806,0.02948498924564126,0.6730984237561102,0.14070258515905493,8.427839218792048e-4,0.11455273778910074,0.1609769549965949,0.00156173875813311,0.1552167720208717,0.13722224716080011,9.791769562752966e-4,0.08860310739342073,0.203763326107613,0.11516021871419227,-0.003480337998254812
W02000019,Gwynedd 010,2025,21,0.19330514598470397,0.00937429785394132,0.37953118016224635,0.14069792891475755,0.00180692274371701,0.16939935852523408,0.09916383144703056,0.00150241404471106,0.15224549832806614,0.1395733057819735,0.0015637361881884926,0.0787145026193205,0.2367311114681399,0.1580166088488194,-0.0011246231327840528
W02000020,Gwynedd 011,2021,10,0.09952226276588916,0.00931368695508842,0.37830223317769723,0.0985364050126793,0.00113403877862298,0.13279826860008298,0.09359520654374034,0.00113179844734737,0.1320397556544108,0.10267972058594378,6.479674901801361e-4,0.058604493283893805,0.16271407988565184,0.10410958660175804,0.004143315573264486
W02000020,Gwynedd 011,2023,9,0.1307567077994757,0.01491441663403652,0.4787196145316243,0.13043990235521127,0.00117125007419597,0.13490450430676998,0.15033092567796516,0.00118047907998569,0.13484385064719634,0.12601850853153623,8.850324178516968e-4,0.07400123947958667,0.18362827740081183,0.10962703792122516,-0.0044213938236750405
W02000020,Gwynedd 011,2025,19,0.0970039934039527,0.00373142301720894,0.2394502692685758,0.13044042892960725,0.00214159169043846,0.1838663867418991,0.08851729975738427,0.00111203316631479,0.13088298946978102,0.1281327009212555,0.0012637312982829402,0.07357080260708361,0.2066854148191832,0.13311461221209958,-0.002307728008351745
W02000021,Gwynedd 012,2021,15,0.04884539924695608,0.00236761286709421,0.19073633458036207,0.09941274829623226,0.00164045357036501,0.1595120649305594,0.0852968420678744,0.00112910366605629,0.13188667493395145,0.105938149025214,0.001148682909471656,0.053186475619651064,0.18058771174435642,0.12740123612470536,0.006525400728981751
W02000021,Gwynedd 012,2023,3,0.4465195232973333,0.09508480775803044,1.2087421122408055,0.13131616591144096,0.0016903751354379,0.1618772664348517,0.1420326146093481,0.00121413298174494,0.13675759758302647,0.13116805660519054,0.0017038329906722233,0.06930997507762938,0.22685162023235478,0.1575416451547254,-1.481093062504213e-4
W02000021,Gwynedd 012,2025,16,0.3973343698625338,0.02559915894294447,0.6271781722085835,0.13132020223492674,0.0026657077490859,0.20454006664988708,0.08021890501094503,0.00114472828716226,0.13280002553999637,0.13305113300876617,0.002137662403221386,0.067268162719331,0.24499675058566547,0.17772858786633447,0.0017309307738394286
W02000022,Gwynedd 013,2021,15,0.0212344945063327,4.957953341325928e-4,0.08728292753024817,0.09927483067684265,0.0010080298240196,0.1252523161729396,0.04043144863192553,3.5798762585758124e-4,0.07420864259530335,0.1014960022572195,7.241273018792035e-4,0.05803431150771425,0.1558179221912136,0.09778361068349935,0.0022211715803768517
W02000022,Gwynedd 013,2023,3,0,0,0,0.13117808256090657,0.00105076024751041,0.12780395850078208,0.09716755531488563,4.641210561774721e-4,0.08448844546367155,0.12600831309794475,0.001089160854947493,0.07279880477218272,0.1936491445228733,0.12085033975069058,-0.005169769462961826
W02000022,Gwynedd 013,2025,21,0.08936955803134836,0.00312838394597555,0.21924924723962602,0.1311776121674762,0.00201950524090042,0.17877605411942804,0.03535307431022193,3.86843986458369e-4,0.07714404925881391,0.12743541846773168,0.001399503016372748,0.06570153835857127,0.206523121962008,0.14082158360343672,-0.003742193699744517
W02000023,Gwynedd 014,2021,13,0,0,0,0.06959591511891365,0.00227132611398044,0.16134892255280286,0.08696634133647384,0.00248677062629379,0.1963237856210164,0.0858063237101442,0.0012590450793125189,0.03655188962429294,0.1676946754870874,0.1311427858627945,0.016210408591230546
W02000023,Gwynedd 014,2023,5,0,0,0,0.10149943318824992,0.00232134814784666,0.18926049848904877,0.14370172867201175,0.00254107821298248,0.19843780517875495,0.10752048844399499,0.0019692410109856473,0.04813399166504918,0.20375741926047472,0.15562342759542552,0.006021055255745075
W02000023,Gwynedd 014,2025,10,0,0,0,0.10150640337248729,0.00329972633575757,0.21419293136725415,0.08188887243731793,0.00247116887589831,0.19572548253018512,0.10897889150662714,0.0023226738387896262,0.04669219081947858,0.2211069484733488,0.1744147576538702,0.007472488134139851
W02000024,Gwynedd 015,2021,6,0,0,0,0.11016295585489436,6.669987917727326e-4,0.10198668516734992,0.09858253312055355,0.00189925253711207,0.17140400263542294,0.10989841852608832,5.503209884037359e-4,0.06623650968194483,0.15446373114182932,0.08822722145988449,-2.645373288060332e-4
W02000024,Gwynedd 015,2023,5,0,0,0,0.14206637446549084,6.975099859081423e-4,0.10420530734460212,0.15531794066129773,0.00194617808171405,0.1734947413627985,0.13540714056454117,8.693856572298425e-4,0.08233324695507194,0.19702517023695698,0.11469192328188504,-0.006659233900949663
W02000024,Gwynedd 015,2025,10,0.24696837873901048,0.03909264874130525,0.7750427093562885,0.14205957762166974,0.00165800038808746,0.162713286883308,0.0935051328590482,0.00187977180847674,0.17052809795614626,0.13754755132385973,0.0016050791577174109,0.07484268037259176,0.23047117160866415,0.1556284912360724,-0.004512026297810001
W02000025,Gwynedd 016,2021,12,0,0,0,0.1088948157618246,9.30338101630108e-4,0.12034630350215118,0.09782681211693804,0.00155954234676516,0.15514086490401618,0.10481990136835513,7.845982655063052e-4,0.05653715832744427,0.16384380009202237,0.1073066417645781,-0.004074914393469464
W02000025,Gwynedd 016,2023,1,0,0,0,0.14079792326421636,9.707451674265296e-4,0.12284667756637474,0.1545623487880439,0.00160710583524009,0.15747838905969647,0.12914918268520478,0.001090040275883009,0.06935862017440891,0.1986016661034598,0.1292430459290509,-0.01164874057901158
W02000025,Gwynedd 016,2025,13,0.1295171940947774,0.00643094104387587,0.31435136518463436,0.1407959638984178,0.00193826995897537,0.17534911873398867,0.09274918670400638,0.00153500581871225,0.15391695681584522,0.13134424933752392,0.0015949379619139066,0.0641570651517698,0.21166841147804685,0.14751134632627705,-0.009451714560893887
W02000026,Gwynedd 017,2021,11,0,0,0,0.11200459148036523,9.34269383888471e-4,0.12084989682205476,0.09894605631909334,0.00177175676557904,0.1654057572957318,0.11122544419628834,9.119398443019719e-4,0.06128709147513324,0.18275757871728127,0.12147048724214803,-7.791472840768948e-4
W02000026,Gwynedd 017,2023,5,0.41717904425518626,0.05333459473588196,0.905279292586106,0.14390796560545058,9.684825131465596e-4,0.12299895782776692,0.15568154886921082,0.00181288368977427,0.16730458465216835,0.13730082792240675,0.0012788129958440295,0.07484070684949999,0.21641314418914737,0.14157243733964736,-0.006607137683043829
W02000026,Gwynedd 017,2025,14,0.12023827388684268,0.01243963655426867,0.4372017912480434,0.14390460555323775,0.00193546606295386,0.17534253023896218,0.09386852494360684,0.00175096872298329,0.164434915758517,0.13970924349929412,0.001825557101038462,0.06304763278957805,0.23690177128696105,0.17385413849738302,-0.004195362053943635
W02000027,Conwy 001,2021,6,0,0,0,0.10960950330456871,0.00231792151843856,0.18985209522175697,0.09149931974841471,0.00156769524577084,0.15543979283205667,0.10259575267623114,0.0015419426665000432,0.04199641747992723,0.1917894568780652,0.14979303939813798,-0.0070137506283375756
W02000027,Conwy 001,2023,6,0.07201612177035013,0.00542375678925592,0.28868763991128404,0.1415127730086228,0.00235598792606535,0.1913369985336673,0.14823512167543748,0.00157375052946243,0.155726889631,0.12737794137688105,0.0021295014322100124,0.052905554107609616,0.22660275481575654,0.17369720070814693,-0.014134831631741757
W02000027,Conwy 001,2025,14,0.16868629532345147,0.01002640738727874,0.3925100309430812,0.1415179360147968,0.00333425317339221,0.22873725350103785,0.08642142937329522,0.00154398644026949,0.15426305196385842,0.12875601202107012,0.0024380974051530476,0.05127448448503326,0.23518010375166465,0.1839056192666314,-0.012761923993726693
W02000028,Conwy 002,2021,11,0.08536254482339001,0.00687076517368526,0.32492313848891236,0.10778421644065558,0.0014746245094323,0.15144547343119444,0.09901898246885578,0.00130347094298625,0.14171555090873134,0.10102107444612131,9.019856139024353e-4,0.05432580594128275,0.16950003156477628,0.11517422562349353,-0.006763141994534275
W02000028,Conwy 002,2023,0,NA,NA,NA,0.13968759113771587,0.00152167363703306,0.15378642021315436,0.15575473743380147,0.00136289521607969,0.1449046684447376,0.12468721719409029,0.0013170637144585533,0.06694723927713489,0.20836153236727328,0.1414142930901384,-0.015000373943625578
W02000028,Conwy 002,2025,20,0.12411815960295478,0.00498526882402063,0.2767721438119484,0.13969067845135635,0.00249584284376724,0.1982689216749075,0.0939411425634564,0.0012871503722458,0.14082836409422295,0.1273940645378389,0.002023481979685778,0.057624180588643534,0.23722066595170221,0.17959648536305867,-0.01229661391351744
W02000029,Conwy 003,2021,13,0.04888062877624214,0.00236765824355765,0.19073816234937035,0.0957277815747237,0.00109948021196348,0.13077360314986025,0.06232603304485788,8.323418640668436e-4,0.11318841194438849,0.10185537091395212,7.821141308222244e-4,0.05699011264555752,0.176286601370871,0.11929648872531347,0.006127589339228426
W02000029,Conwy 003,2023,4,0.11725684052952652,0.01497783895008014,0.47973639240616867,0.1276312521527962,0.00114251199080124,0.13325414907563576,0.11906194759949064,8.964627045220646e-4,0.1174644356775828,0.12444636056248251,0.0011452904298683475,0.0668649554620753,0.2006552935969439,0.1337903381348686,-0.003184891590313682
W02000029,Conwy 003,2025,16,0.05964954227518533,0.00348514269847698,0.23141332857415206,0.12763141233229114,0.00211242766112557,0.18264310716942309,0.05724794448661929,8.241594677157369e-4,0.11263452385448731,0.12579469087900957,0.0015464851421217699,0.06554602238669571,0.21851852223803647,0.15297249985134076,-0.0018367214532815646
W02000030,Conwy 004,2021,9,0.29301465708004104,0.0284234309485235,0.6608704548747687,0.10999475299329713,0.00137709981290704,0.14656886385252943,0.06195823647011435,6.469362685221592e-4,0.09976640618091606,0.10582329881714242,9.14580381475279e-4,0.05242093562205884,0.17755165804542805,0.1251307224233692,-0.004171454176154707
W02000030,Conwy 004,2023,5,0,0,0,0.14189811641854436,0.00141512565530597,0.1485538153603851,0.11869428836014644,6.974523149314986e-4,0.10358240195070874,0.13043399316867652,0.0013741968551120283,0.06311142062260072,0.21411326669565783,0.1510018460730571,-0.011464123249867841
W02000030,Conwy 004,2025,16,0.03798562579064527,8.19809841266815e-4,0.11223663833216417,0.141899246703841,0.00238827753385506,0.19424590579514295,0.05687998004318333,5.971861310964292e-4,0.09585424621433113,0.13169123604024305,0.0016178085183946574,0.06273267212129623,0.22424385898180954,0.1615111868605133,-0.010208010663597944
W02000031,Conwy 005,2021,10,0.16280358842584405,0.02119865250217118,0.5707319883843731,0.12105776565786776,0.00133160725817603,0.14423255600500404,0.10541839861277102,0.00186748139284077,0.16979612966574822,0.12130053790726504,0.0011875670639527865,0.06532410860577759,0.19704734654588807,0.13172323794011048,2.427722493972828e-4
W02000031,Conwy 005,2023,2,0,0,0,0.15296102494123742,0.001367260139116,0.14613452506650082,0.16215381621882569,0.0019163560384884,0.1719992082358523,0.1492840497165914,0.0016909777567320774,0.08082367341225942,0.24754438429654874,0.1667207108842893,-0.003676975224646023
W02000031,Conwy 005,2025,14,0.40249462598369,0.02517454297577843,0.6219548863743972,0.15296114859253707,0.00233999789190216,0.19244887968991636,0.100340932823514,0.00185195370221239,0.16908912172027513,0.15073031372252313,0.0023907340550478376,0.07733600348047051,0.2615112539543474,0.18417525047387687,-0.002230834870013937
W02000032,Conwy 006,2021,9,0,0,0,0.09118649725405809,0.00126629277614479,0.14019557110219538,0.08660481473320991,0.00174023190860376,0.1638821354054736,0.09227732628110365,8.354589981867148e-4,0.04784326217955349,0.1630091347331683,0.11516587255361482,0.0010908290270455617
W02000032,Conwy 006,2023,4,0,0,0,0.12308982555593732,0.00130794885546856,0.14240216482311763,0.14334037991143983,0.00178400895175393,0.16592136950578662,0.11393266088493771,0.0012164373447978497,0.05716521665287114,0.19680362890526404,0.1396384122523929,-0.009157164670999612
W02000032,Conwy 006,2025,13,0.09547909697907148,0.00833355371475396,0.3578435603739147,0.12309243848543563,0.00228042318379432,0.1896043193394118,0.08152722302842136,0.00170693450247397,0.16231369070211524,0.11605793755423724,0.0016418382383001093,0.05672477654681282,0.20892451651141752,0.1521997399646047,-0.007034500931198395
W02000033,Conwy 007,2021,12,0,0,0,0.1267258672402916,0.00110040052663278,0.1308924585410468,0.11665794650105216,0.0015941311450142,0.15678978050795628,0.11634343062761143,0.0010107648382025071,0.06400153473197964,0.18592372554031583,0.12192219080833619,-0.01038243661268018
W02000033,Conwy 007,2023,8,0.25094443439548175,0.02836874533429019,0.6602344038186266,0.15862930733241984,0.00113465263904835,0.1328600536768989,0.1733935250289041,0.00162783997439773,0.15843334642075574,0.14452068965846437,0.0015055940035758428,0.08213518834190252,0.23054591478359046,0.14841072644168796,-0.014108617673955465
W02000033,Conwy 007,2025,23,0.1623525862615769,0.00642371518522936,0.31417471164895566,0.15862905640588265,0.00210445169832001,0.18237587478968903,0.11158029661422084,0.00156373553915013,0.15528980356292613,0.14543818203620176,0.001892992524914585,0.07595970399399876,0.24250399270920664,0.16654428871520788,-0.013190874369680888
W02000034,Conwy 008,2021,9,0,0,0,0.10609545991402008,9.466358180507272e-4,0.12131374338742584,0.09394577593984002,0.00187784171275387,0.17037174805500693,0.10805649548085895,7.484365213833387e-4,0.06222160998169956,0.1668570269306433,0.10463541694894374,0.0019610355668388674
W02000034,Conwy 008,2023,7,0.1634414873861036,0.02349806121853055,0.6008887901671479,0.1379988475250717,9.800387559605434e-4,0.12334963785449218,0.150681229620638,0.00191062721000888,0.17183856326008237,0.13256933346853753,0.0010937776320887333,0.07616803696992823,0.20306773817565993,0.12689970120573169,-0.005429514056534163
W02000034,Conwy 008,2025,17,0,0,0,0.13799780980927306,0.00194760421707089,0.1756407668742357,0.08886836185198117,0.00185231002902564,0.16921900984236504,0.133918593444238,0.0015427041907788354,0.07309459045825942,0.2141811079517953,0.14108651749353587,-0.004079216365035054
W02000035,Conwy 009,2021,8,0.17850345132662307,0.0264125301482222,0.6370640373298045,0.11492149711295772,9.812474004230257e-4,0.12367896076442442,0.0990689667519235,0.00146684374802738,0.1504211951565494,0.11282710927002847,7.758873811432417e-4,0.06774836566537346,0.1735842586814354,0.10583589301606194,-0.0020943878429292573
W02000035,Conwy 009,2023,3,0,0,0,0.14682485570590603,0.00101663739088779,0.12581953927935777,0.15580455080551542,0.00151624667848526,0.15292608082844855,0.13927247017357786,0.001095882959064402,0.08364059023506205,0.21432097999203792,0.13068038975697588,-0.007552385532328176
W02000035,Conwy 009,2025,20,0.10107880247212209,0.00587767062242192,0.3005250715506938,0.14682290620641003,0.00198471253899701,0.17739795283997528,0.09399132403421928,0.00143883095962765,0.14898224955707973,0.14158566145945306,0.0015469535404617968,0.07918859829633718,0.22977762165288612,0.15058902335654895,-0.0052372447469569705
W02000036,Conwy 010,2021,9,0,0,0,0.11010664687193798,9.605557307961874e-4,0.12237760695514076,0.08193593446160194,0.00105464515941424,0.12745200934122136,0.10277206034615297,8.004079221955159e-4,0.05310340832766517,0.16364168941874174,0.11053828109107658,-0.007334586525785017
W02000036,Conwy 010,2023,5,0,0,0,0.14200997589566336,9.930605151119672e-4,0.12436318032211505,0.13867173849736114,0.00110148325370277,0.1302463282543027,0.12745030787416242,0.001187612903906808,0.06496826779723433,0.19160665262846693,0.1266383848312326,-0.014559668021500938
W02000036,Conwy 010,2025,25,0.07747668402013014,0.00201190517711896,0.17582549177003662,0.1420077587334796,0.00196073633154071,0.17637460104765923,0.07685798994063796,0.00101351863022814,0.12494466238357614,0.12980212399279045,0.0017382980764445082,0.05927360836537045,0.22385053332255028,0.16457692495717985,-0.012205634740689142
W02000037,Conwy 011,2021,9,0.18730064894195425,0.02642139122380393,0.6371708919016684,0.11113391744680932,8.933704460815458e-4,0.11792535607743652,0.09079631804916811,0.00159041632107164,0.1566725283210141,0.10770062996589157,8.010267265962603e-4,0.0643050495394134,0.1668128322903389,0.10250778275092551,-0.003433287480917757
W02000037,Conwy 011,2023,2,0,0,0,0.14303734969640025,9.33232694903932e-4,0.12045202875686054,0.1475318371669475,0.00164090008939773,0.15913129292052097,0.13236574098347414,0.0011797975113204354,0.07492598146395936,0.20640495758525157,0.13147897612129222,-0.010671608712926106
W02000037,Conwy 011,2025,13,0.09847861214509396,0.00879739152334915,0.367667334782242,0.14303478137766934,0.00189969087272938,0.17356309743384457,0.08571874473557027,0.00156593472629377,0.1554663755008527,0.1340600155344597,0.001619861946202878,0.07039098282354828,0.2249717891513276,0.15458080632777932,-0.008974765843209637
W02000038,Conwy 012,2021,4,0,0,0,0.09864443494487676,0.00125053818936267,0.13945192282027857,0.09617476875417463,0.00158254692108107,0.1562555465178235,0.10323420278575368,8.409889825949137e-4,0.06280910140385275,0.17009958382458873,0.10729048242073598,0.004589767840876918
W02000038,Conwy 012,2023,4,0,0,0,0.13054740694421557,0.00128533732048749,0.1412831594904331,0.1529103453912144,0.0016309523538001,0.15861651932002502,0.12653672520957862,0.001146043127632282,0.07480419735439313,0.2055307008162724,0.13072650346187925,-0.0040106817346369505
W02000038,Conwy 012,2025,20,0.1126751448509084,0.00618471116617769,0.3082746390007373,0.13054810757864574,0.00225797388873665,0.1889415338646124,0.09109718578091658,0.00155223689008997,0.15475566347836045,0.1276918341852674,0.0016131172400876486,0.06494193961777792,0.22431165968236605,0.15936972006458813,-0.00285627339337835
W02000039,Conwy 013,2021,4,0,0,0,0.10184836560093335,0.00157379663115699,0.15648079178984964,0.02650224530018608,2.466734368504905e-4,0.06159656250513175,0.1033669686489551,0.0010018913073133646,0.05404744478571227,0.17192627092786505,0.11787882614215278,0.0015186030480217466
W02000039,Conwy 013,2023,3,0,0,0,0.13375120681518843,0.00160984881659805,0.15816728295620514,0.08323847623230657,2.995673453088533e-4,0.06786314987608535,0.1272717364486274,0.0013875054163686677,0.06468371045758324,0.20553847908497758,0.14085476862739432,-0.006479470366561019
W02000039,Conwy 013,2025,16,0.01403107703491803,2.081932514098613e-4,0.056560261740462296,0.13375319367308747,0.0025856040151948,0.20198880986751244,0.02142386831665775,1.903771515675487e-4,0.05411285605355855,0.12920897910951312,0.0019733926460985436,0.0624346435861937,0.2285561685262274,0.16612152494003368,-0.004544214563574345
W02000040,Conwy 014,2021,9,0,0,0,0.09860847031798622,6.76574556495847e-4,0.10249585822316556,0.09254442081015184,0.00190946225053346,0.17184325409583745,0.10108355453872911,4.924161588471009e-4,0.06190198527205504,0.1460006107507217,0.08409862547866667,0.0024750842207428847
W02000040,Conwy 014,2023,9,0,0,0,0.13051196808997073,7.066245540733941e-4,0.10465776465588528,0.14927983139339046,0.001953322508181,0.17379479205180554,0.12477382921445965,7.355390562179797e-4,0.07637743257285835,0.18058347032315084,0.10420603775029248,-0.005738138875511084
W02000040,Conwy 014,2025,10,0.23214204496569932,0.03563525250453521,0.7399766349316961,0.13050735917010758,0.00166768704731077,0.16303355412771264,0.08746704292734293,0.0018830732378877,0.17066091889052526,0.12674946762145084,0.0012042594567624563,0.0719684177115863,0.2111947491157321,0.1392263314041458,-0.0037578915486567444
W02000041,Conwy 015,2021,5,0,0,0,0.1045600426671342,7.407648038814333e-4,0.10735832734179676,0.0386807288231938,4.3154276875696416e-4,0.081479812802282,0.10496019543868376,6.220404835589479e-4,0.05670240221773459,0.15874530615095722,0.10204290393322263,4.001527715495612e-4
W02000041,Conwy 015,2023,5,0,0,0,0.1364634823848145,7.746679785386802e-4,0.10969781222137248,0.09541685126642384,4.8437979017741493e-4,0.08631470026731886,0.13023237567153995,9.453841056545448e-4,0.07471381120302059,0.1897759684701424,0.1150621572671218,-0.0062311067132745646
W02000041,Conwy 015,2025,14,0.0209092839803282,4.7007548886108543e-4,0.08498883769242921,0.13645884685436072,0.0017375209308163,0.16630346211061825,0.03360243491983113,3.783838244188936e-4,0.07629681259352288,0.13162454554704972,0.0014720195451942539,0.07041782764320259,0.2134434455422179,0.1430256178990153,-0.004834301307310995
W02000042,Denbighshire 001,2021,6,0.08310723454801548,0.00776025183408073,0.3453154375861998,0.14729497447729853,0.00162738401918361,0.1588476371847876,0.10151011748547092,0.0013522800711966,0.1443495481027225,0.1426851319353934,0.0017232469375864643,0.07372768227439341,0.23260389095618417,0.15887620868179075,-0.004609842541905135
W02000042,Denbighshire 001,2023,3,0.3313023329144385,0.08001068469126606,1.1087970967801823,0.1791983526807626,0.00165211786534808,0.16014714333936675,0.15824580572372185,0.00140878129952818,0.14733075857634664,0.17288879037817825,0.0022809507136162294,0.09161175468400107,0.2739020322584603,0.18229027757445926,-0.006309562302584337
W02000042,Denbighshire 001,2025,21,0.1260252307061565,0.00551742540331326,0.29116979570745005,0.17919975419404807,0.00262806694453827,0.20364633712606564,0.09643230770749212,0.00133333481208338,0.1433374238248612,0.1753572094521633,0.0032906960761626964,0.08262352074502036,0.2979896173128949,0.21536609656787456,-0.003842544741884779
W02000043,Denbighshire 002,2021,6,0.09760301676463667,0.00939359001374457,0.3799215140856506,0.1337138128466787,0.00130403637313667,0.14263514142818112,0.09730370970680098,0.00175788478430488,0.16472765784442767,0.1284608260117546,0.0015606382268828582,0.06718503040713339,0.23042207859011077,0.16323704818297738,-0.005252986834924089
W02000043,Denbighshire 002,2023,7,0,0,0,0.16561717928858946,0.00132539074518574,0.14379089259108757,0.1540392706859392,0.00181579696040039,0.16740886050420883,0.15642138103907155,0.002009295814849721,0.08164889226280778,0.2568156928990889,0.17516680063628112,-0.009195798249517911
W02000043,Denbighshire 002,2025,16,0,0,0,0.16561654358553168,0.00229761045324307,0.19065027767832368,0.09222615695811665,0.00174773222436767,0.164258665658627,0.15816426687585566,0.00290965167656173,0.07398217063461361,0.29187318460456746,0.21789101396995386,-0.00745227670967602
W02000044,Denbighshire 003,2021,5,0,0,0,0.12534263611957475,0.00127539511521242,0.14111748859690149,0.0382626187570628,4.259280512547368e-4,0.08094388724577437,0.12851878863645183,0.0013182491849798375,0.06716483832296986,0.21249524517423332,0.14533040685126347,0.0031761525168770843
W02000044,Denbighshire 003,2023,3,0.3625484086399611,0.08063175449769942,1.113092205602448,0.15724601898911292,0.00130107338685522,0.14253813108846386,0.09499874915974416,4.768618457432656e-4,0.0856383144171784,0.1569422263495216,0.0018426389403017965,0.08436272448616425,0.2640449020228621,0.17968217753669788,-3.037926395913215e-4
W02000044,Denbighshire 003,2025,15,0.02013667279109238,4.4661742640228816e-4,0.08284111182568178,0.1572451674236548,0.00227316831017194,0.18978332157787192,0.03318427918098331,3.7087019138860655e-4,0.07553152593721002,0.157821434105004,0.0026694727873030977,0.07214879666404286,0.2873807387452949,0.21523194208125204,5.762666813491912e-4
W02000045,Denbighshire 004,2021,2,0.5055304661328172,0.1252931707786196,1.3875280985410903,0.1732168381861534,0.00147290540247538,0.15068703861639832,0.11207641158767502,0.00182074035688862,0.16760344026413804,0.15974981857087198,0.0021830017078841414,0.08364492549161884,0.263087903356467,0.17944297786484814,-0.013467019615281434
W02000045,Denbighshire 004,2023,3,0.25041531385433663,0.05323223089066296,0.9044101346185002,0.20512043683269185,0.00149726208185092,0.15206609153999093,0.1688119487706076,0.00185769724848776,0.16928973301627342,0.19543350387409628,0.0029263561840306876,0.10625137525029857,0.313866494039667,0.20761511878936842,-0.009686932958595573
W02000045,Denbighshire 004,2025,15,0.1348182443700502,0.00934615869473055,0.3789611260141586,0.20512417977847888,0.00247337568793055,0.19769637981036609,0.10699879636395083,0.00179399755072082,0.16637047759916523,0.1983796016427706,0.0037540028021382614,0.09847762474109313,0.34984402782107615,0.25136640307998304,-0.006744578135708279
W02000047,Denbighshire 006,2021,7,0.7664673715912351,0.01979925801996805,0.5515724226754095,0.1883520961481984,0.00159337877095881,0.15645211543826243,0.05843816572279328,4.550438648690562e-4,0.08366555058584307,0.1854469005280543,0.003490488685848092,0.09843332829391847,0.3233326788852273,0.22489935059130883,-0.002905195620144102
W02000047,Denbighshire 006,2023,6,0,0,0,0.22025566715635672,0.0016171630176207,0.1577574241170598,0.115174283321497,5.089099445011234e-4,0.08847011101869569,0.2238148742064439,0.004663691906721772,0.11640439632545817,0.37774629179541197,0.2613418954699538,0.0035592070500871653
W02000047,Denbighshire 006,2025,17,0.02206805432667437,5.004318845318209e-4,0.08769010153925805,0.2202573248929316,0.00259397056204844,0.20207500511474064,0.05335985011586655,4.0352705925435954e-4,0.07878747723654074,0.22674013875932666,0.005990818554735778,0.10706062799346244,0.4028522268165835,0.29579159882312106,0.006482813866395071
W02000049,Denbighshire 008,2021,6,0.39874769738438265,0.04553724994701191,0.8364914117409739,0.13105629252538692,8.617120524440358e-4,0.11584916176788174,0.09555542413253083,0.00195823453049099,0.174011754525233,0.13130728128921829,0.0010575958325041066,0.07942972348163352,0.20372608815070098,0.12429636466906746,2.509887638313668e-4
W02000049,Denbighshire 008,2023,4,0,0,0,0.16296007107222682,8.89885308469604e-4,0.11776352123522354,0.15229082912119285,0.00200109570040054,0.17589740700661416,0.16086336484678043,0.001623615149183201,0.09774756482363475,0.24769958683664756,0.1499520220130128,-0.0020967062254463875
W02000049,Denbighshire 008,2025,14,0,0,0,0.16295366470210232,0.00185531733582136,0.17179465597098104,0.09047807622159972,0.0019348216825639,0.17297763169128497,0.1644861949854359,0.0025595303879360873,0.08520439551269235,0.2898488712573189,0.20464447574462655,0.001532530283333583
W02000050,Denbighshire 009,2021,6,0.11995833006885533,0.01374006697519294,0.45948624126858445,0.13644919941709507,9.485032956500598e-4,0.12138696493149892,0.08621566720248128,0.00150619718700508,0.1524232303783845,0.1339565460174742,0.0011896094746076929,0.07960210635463974,0.21936773954879527,0.13976563319415553,-0.0024926533996208755
W02000050,Denbighshire 009,2023,1,0,0,0,0.16835300823123253,9.786297794746703e-4,0.1233745843239498,0.14295127138383684,0.00155719312518558,0.15497653509764117,0.16362515215494222,0.0015984679824211183,0.09602115779495232,0.2509855806526192,0.1549644228576669,-0.00472785607629031
W02000050,Denbighshire 009,2025,16,0.09183443829277764,0.00772539650009909,0.3445390690686045,0.16834819410190072,0.00194615205816022,0.17582310595757733,0.08113800714172775,0.00148124141870677,0.15116211572343408,0.16549537664488542,0.0024053728924943083,0.08682197575650642,0.27670372668428844,0.18988175092778203,-0.002852817457015294
W02000051,Denbighshire 010,2021,10,0.2317161438545716,0.02065744504654773,0.5633994124493383,0.12219518720089402,8.475494428046709e-4,0.11499804138799968,0.10186514360914892,0.0018486914752601,0.16903565166831397,0.12100579131843991,0.0010393163573802556,0.07114054037608653,0.19917779000693128,0.12803724963084476,-0.0011893958824541057
W02000051,Denbighshire 010,2023,3,0,0,0,0.15409885339329374,8.814386126335082e-4,0.11728285054772938,0.15860058185797535,0.00189659876434641,0.17120316187901116,0.14885955638041024,0.001462376745642565,0.08619369757868472,0.2334509264821074,0.1472572289034227,-0.005239297012883504
W02000051,Denbighshire 010,2025,23,0,0,0,0.15409267302281784,0.00184655866532928,0.17137966298316565,0.09678774467789196,0.00183122120957683,0.16824322442938888,0.15007281271416428,0.001970044440253597,0.07818826580015402,0.25471872442308985,0.17653045862293582,-0.004019860308653561
W02000052,Denbighshire 011,2021,6,0.12311978967183251,0.01410254943464735,0.4655077353600088,0.13055923548505832,0.00107416282463333,0.1295595080010237,0.09842072160575129,0.00153221879251881,0.1537428510398044,0.12416816799227734,0.0011492899378386285,0.06600456895249335,0.19863625553912334,0.13263168658663,-0.006391067492780983
W02000052,Denbighshire 011,2023,2,0,0,0,0.16246247644631198,0.00110800663928005,0.13153230514365116,0.1551563058691222,0.00158532748448312,0.15637669297569343,0.1510535385612157,0.001663016470585738,0.08014232253134414,0.23840897148029028,0.15826664894894615,-0.011408937885096282
W02000052,Denbighshire 011,2025,13,0.11530383595304,0.00871340734479714,0.3659081606248865,0.16246068738407646,0.00207768100856267,0.1815978826892571,0.09334307767249678,0.00151435493066198,0.1528472813251226,0.15333426672255412,0.002317114516961299,0.07487659883638534,0.25763877591490963,0.1827621770785243,-0.009126420661522333
W02000053,Denbighshire 012,2021,5,0,0,0,0.10734876016708184,8.633892975884183e-4,0.11604314695790366,0.07317283895824286,0.00123853883346559,0.1381798820903141,0.10582547288889028,6.674621672780267e-4,0.06109964826150523,0.15804516829738627,0.09694552003588104,-0.0015232872781915513
W02000053,Denbighshire 012,2023,3,0,0,0,0.13925191778993742,8.943372269886729e-4,0.11802128748902298,0.12990856332437767,0.00128543849390026,0.14076420786586172,0.13096262851066323,9.668910956478388e-4,0.07465950211953176,0.19611839855617214,0.12145889643664037,-0.008289289279274192
W02000053,Denbighshire 012,2025,16,0.05645606527526956,0.00309761419837439,0.21816835137528687,0.1392477401994813,0.00186028039921274,0.17204412785493417,0.06809504293218716,0.00119881902541991,0.13595186585492303,0.13312322919966185,0.0014733730553219907,0.06837651863569741,0.2154523803663101,0.14707586173061268,-0.006124510999819449
W02000054,Denbighshire 013,2021,7,0.2460556360699084,0.03068042426516305,0.6866078543566149,0.12010910697802574,6.912219199887419e-4,0.10384025339941712,0.11182672758295616,0.00179246140580492,0.16640662402828382,0.12935980977440853,9.748490739913672e-4,0.07503081998331088,0.20775387537497697,0.1327230553916661,0.009250702796382793
W02000054,Denbighshire 013,2023,3,0.436270444748604,0.09673885970565106,1.2192101474646027,0.15201309557937406,7.224404776857915e-4,0.10615684385261671,0.16856218343798002,0.0018341417278483,0.1683285548355551,0.15835180765209667,0.0014048132053563888,0.09182086742246769,0.2437372242533608,0.1519163568308931,0.006338712072722602
W02000054,Denbighshire 013,2025,17,0.2025524872712724,0.02343274007254511,0.6000530178066303,0.15200304102216317,0.0016833848583673,0.16390987043286454,0.1067493219963744,0.00177224538856369,0.1654688176177409,0.16062964785684633,0.002154785214002498,0.08892196975488934,0.2644778160209409,0.17555584626605156,0.008626606834683165
W02000055,Denbighshire 014,2021,8,0,0,0,0.10605777073843548,0.00119898445026146,0.13658086700875266,0.09499701051907916,0.00191606951000458,0.1720645455681986,0.10640141316064208,9.384530668077669e-4,0.05419509031278499,0.17644388852444332,0.12224879821165832,3.436424222066081e-4
W02000055,Denbighshire 014,2023,5,0,0,0,0.1379606871963747,0.00122886093832506,0.13817170849502497,0.1517324649021726,0.00195545740182584,0.173815169472043,0.12958191555459928,0.0013422994427789278,0.06809771116439228,0.20671574304403728,0.138618031879645,-0.008378771641775418
W02000055,Denbighshire 014,2025,20,0.2464053865813099,0.02102537517773563,0.5683946267688174,0.1379608721226352,0.00220089114466506,0.186627239089538,0.08991960006154255,0.00188924604024016,0.17086222341144136,0.1314272161694956,0.001756819358258776,0.06495447757931867,0.22728420257223114,0.16232972499291248,-0.006533655953139594
W02000056,Denbighshire 015,2021,5,0,0,0,0.10803819572924024,7.890461488209554e-4,0.11094913113676363,0.04287415543205159,5.028383813770139e-4,0.087956909698029,0.10502331445304677,6.344351726879671e-4,0.05778907172940402,0.16032061474169154,0.10253154301228752,-0.003014881276193468
W02000056,Denbighshire 015,2023,2,0,0,0,0.13994140852191328,8.204290850152181e-4,0.11304712292369933,0.09961024128020156,5.546225384907047e-4,0.09236727048381096,0.12948585330313864,0.00090946497371913865,0.0749359847197317,0.1962605957404666,0.12132461102073488,-0.010455555218774643
W02000056,Denbighshire 015,2025,14,0.02344968017913032,5.847714276023549e-4,0.09479188485630953,0.13993586401500482,0.00178454513420158,0.16862125579747844,0.03779588793427389,4.500600213611054e-4,0.0832137900755506,0.13059607071940219,0.0013421762574070812,0.06900696610764662,0.2134771871376789,0.1444702210300323,-0.009339793295602639
W02000057,Denbighshire 016,2021,8,0,0,0,0.11866849960689271,7.154516888692539e-4,0.10574262498551812,0.09614625350856416,0.0016769898363433,0.16095274452145808,0.11790449959290411,7.991681542964817e-4,0.07210147268158401,0.1833566145127618,0.1112551418311778,-7.640000139886027e-4
W02000057,Denbighshire 016,2023,5,0.3749929773727695,0.05028788630254579,0.8790423070841988,0.15057223696057662,7.444388082367033e-4,0.10782405144504267,0.15288175540546545,0.00171429306460189,0.16272553852246474,0.1445488322063864,0.0010989027789612854,0.08983191922830283,0.21183046485261034,0.12199854562430751,-0.00602340475419022
W02000057,Denbighshire 016,2025,11,0.11212993199199618,0.01159967606002411,0.4221832678729657,0.15056440639546623,0.00170594098678495,0.16495737440735042,0.09106874762307332,0.00165204353601084,0.15975642320119884,0.14680711090172713,0.0017856442722865558,0.07880593074396713,0.24928034334362315,0.170474412599656,-0.003757295493739099
W02000058,Flintshire 001,2021,4,0,0,0,0.1238094120365598,0.00112923151712503,0.13277761725490334,0.10132183533613302,0.00175108968614017,0.16442376278362783,0.12308642221811032,0.0011773200436209323,0.07260899547091182,0.19241440202981774,0.11980540655890592,-7.229898184494821e-4
W02000058,Flintshire 001,2023,4,0.4212547180351624,0.08495410261225096,1.1425369785420254,0.15571286620573396,0.0011537744800921,0.1342113003404012,0.1580572857278251,0.00179340380389832,0.16639285874421994,0.15030192819262356,0.0016427488712524776,0.08602577537977407,0.24166962183099122,0.15564384645121715,-0.005410938013110406
W02000058,Flintshire 001,2025,20,0.18594490178766837,0.0109308582520543,0.4098313889887456,0.15571065197436235,0.00212392446797564,0.18354698234564587,0.0962443681476231,0.00172522892390043,0.16320752452588722,0.15201395479741256,0.0022288228310349263,0.07321622541381875,0.25459366897058094,0.1813774435567622,-0.003696697176949787
W02000059,Flintshire 002,2021,4,0,0,0,0.12510414211878265,0.00102059856806748,0.12626669505274055,0.08969956429134777,0.00158693753732035,0.1564930417280311,0.12360200600615064,0.001078146819764918,0.07433176415538015,0.19055344964667081,0.11622168549129067,-0.001502136112632016
W02000059,Flintshire 002,2023,3,0,0,0,0.1570075446565925,0.00104626031417568,0.1278190415680572,0.14643510460320322,0.00163121641339075,0.1586545807262218,0.15231171835465057,0.0015607619469997552,0.09018899193108684,0.23329052508154813,0.14310153315046129,-0.00469582630194193
W02000059,Flintshire 002,2025,16,0.12305279430198109,0.00672632284403445,0.321489609288092,0.15700440385539882,0.00201480883261339,0.17891316494548432,0.08462197830953806,0.00155618487756518,0.1549735891372938,0.15459336972156687,0.0022954138967203348,0.0842783551293628,0.269198939799157,0.1849205846697942,-0.002411034133831952
W02000060,Flintshire 003,2021,9,0,0,0,0.13890003514658694,0.0010948130130876,0.1306829698088212,0.09951343369725392,0.00175648860797213,0.16468063419834156,0.1348176509048883,0.0014958473010904126,0.07220722393506969,0.22017778368570284,0.14797055975063317,-0.0040823842416986555
W02000060,Flintshire 003,2023,4,0.24360117708221335,0.04966091954703872,0.8735453678836677,0.17080347436493953,0.001122928596262,0.13235017362978568,0.15624891463928664,0.00180014263701551,0.16670496962187467,0.1643915591328404,0.0021214764795417546,0.08486568814555417,0.2681651639746298,0.18329947582907563,-0.006411915232099136
W02000060,Flintshire 003,2025,15,0.1342621961266177,0.01199929913592249,0.4293940544899839,0.17080101536323847,0.00209256100615242,0.1821267973585528,0.09443590589411276,0.00173399059889677,0.16362480421521666,0.16721891648735923,0.0029466912053703856,0.08092146299767825,0.287276228755292,0.20635476575761377,-0.003582098875879236
W02000061,Flintshire 004,2021,8,0.07092279883856752,0.00507441700753664,0.27923584278155916,0.16203076790771043,0.00137115649523964,0.14586810512107362,0.09077357756667292,0.00102343458762732,0.125534676266797,0.15195109713090238,0.001785853715043055,0.07794539931352502,0.2377347239702824,0.15978932465675738,-0.010079670776808047
W02000061,Flintshire 004,2023,3,0.21396930860502059,0.04282754655655748,0.8112219338464067,0.19393428002522345,0.0014019838547657,0.1475749736742208,0.14750941454981076,0.00108641865408015,0.1293343340983249,0.1859348846887032,0.0023841545078173844,0.09852346281004336,0.2879095071138148,0.18938604430377143,-0.007999395336520249
W02000061,Flintshire 004,2025,18,0.07263082378115174,0.00298333589089916,0.2141061603334938,0.1939332847605864,0.00237536602786991,0.19368159272187307,0.08569558153528684,0.00100615376771858,0.124471599817492,0.18876664885094016,0.0033685356846243496,0.09287812225728127,0.3275417221674386,0.23466359991015734,-0.00516663590964625
W02000062,Flintshire 005,2021,15,0.3169497019631973,0.03389740936116187,0.7217077031295005,0.13933023943816292,9.587962216652188e-4,0.1219226127666848,0.11544548275311352,0.00183705092693298,0.16840317303133373,0.14049303429124096,0.0012896374576172758,0.08060144410762163,0.22719090636557393,0.1465894622579523,0.0011627948530780474
W02000062,Flintshire 005,2023,5,0.21277184831160817,0.03628608881694567,0.7467034644471561,0.17123390072438008,9.901408128681136e-4,0.12397267430195302,0.17218091973033414,0.00187814231784382,0.17027304881888605,0.1705706318729651,0.001774010883762345,0.09863722104829895,0.2635587765152153,0.16492155546691636,-6.632688514149887e-4
W02000062,Flintshire 005,2025,14,0.2949412858986682,0.02551070918236802,0.6260937272031089,0.17122763727525334,0.00195771348373918,0.17612246308194762,0.11036802413530328,0.00182005757824796,0.167621916547061,0.17193507086331405,0.00241399765916374,0.09292218738705732,0.28511363046536514,0.19219144307830782,7.074335880607185e-4
W02000063,Flintshire 006,2021,5,0.5807428473912614,0.05782561005534034,0.9426233602221111,0.12996821509197437,8.111271020870905e-4,0.1121696861504736,0.07405010748285769,0.00108113735963516,0.12906328441978226,0.13676155891225017,9.468087987292184e-4,0.08784098588501452,0.208339953645786,0.12049896776077149,0.006793343820275799
W02000063,Flintshire 006,2023,9,0.06328614773287769,0.00412545229775711,0.2517757344826692,0.16187214988492107,8.363671801552598e-4,0.1139680257369,0.13078590028115858,0.00108533165062872,0.12930576484533635,0.16649041390741437,0.0013272346733377242,0.1125333378698643,0.24646301702100734,0.13392967915114304,0.004618264022493296
W02000063,Flintshire 006,2025,13,0.07066968464508129,0.00476758102713259,0.27066190119817335,0.1618636315397566,0.00180082552274081,0.16927368780653584,0.06897221755673617,0.0010482927870274,0.1270929058996233,0.1680301686973783,0.001970245838010248,0.1030909045263379,0.27528535010254823,0.17219444557621033,0.006166537157621693
W02000064,Flintshire 007,2021,4,0.3400236493834109,0.05794456959511587,0.9435924501234256,0.1655632798113469,0.00179716744250632,0.16694793570162472,0.1101605995473516,0.00202606195865058,0.17689154322047387,0.1649506694479273,0.0030341661314767033,0.08630733063913809,0.29847844543638413,0.21217111479724604,-6.126103634195856e-4
W02000064,Flintshire 007,2023,2,0,0,0,0.19746669453524796,0.00182747372732865,0.1684488978911483,0.1668960191530329,0.00207690693627298,0.17908708269202184,0.20040933142960177,0.0040617985810664885,0.10904022065925659,0.35147347311319127,0.24243325245393468,0.0029426368943538117
W02000064,Flintshire 007,2025,17,0.2181327185933091,0.02128755641893934,0.571927517703278,0.19746946416898575,0.00280458974826834,0.21030195820603237,0.10508311382643294,0.00201078511181909,0.17622251243678316,0.20288131024940392,0.005299998697685122,0.10744790009797506,0.38817725940876036,0.2807293593107853,0.00541184608041817
W02000065,Flintshire 008,2021,7,0,0,0,0.13570317995645834,0.00126077511838439,0.1401444443780842,0.091363706525959,0.00165240173583019,0.1596523306133386,0.13420954066285737,0.0014445533419597,0.06894515299397766,0.21137468773826887,0.1424295347442912,-0.001493639293600968
W02000065,Flintshire 008,2023,3,0,0,0,0.16760664207624637,0.00128977652128819,0.14176331175832485,0.14809927719999416,0.00170216694020622,0.16203145380730216,0.16351020547034076,0.0018989578578758974,0.08703656186119235,0.26309163888217174,0.1760550770209794,-0.004096436605905612
W02000065,Flintshire 008,2025,11,0.11041972876857678,0.00640802294407663,0.31379073448228834,0.1676054917872468,0.00226158854412186,0.18912486517815283,0.08628606041043185,0.00162215355330278,0.15818700472832675,0.16449669060805602,0.0024211652353548388,0.08103917203239457,0.2642052691369583,0.18316609710456372,-0.0031088011791907677
W02000066,Flintshire 009,2021,8,0.05669483832587613,0.00358898375455876,0.2348355450205753,0.1484287984803759,0.00126662145689537,0.1404444953703945,0.08429859484282416,0.00113701996774851,0.13233593743137767,0.14172578606072267,0.0016802110944641408,0.07643933674870876,0.2270741187748371,0.15063478202612834,-0.006703012419653237
W02000066,Flintshire 009,2023,4,0,0,0,0.18033225797412733,0.00129521569986444,0.1420423630947683,0.1410343929844453,0.00121103606258241,0.1365703103488084,0.1721080691272838,0.0022930176231242575,0.09452604558799604,0.27529367298034046,0.18076762739234442,-0.008224188846843533
W02000066,Flintshire 009,2025,16,0.10579691596247456,0.00627515497053205,0.3105205269399942,0.18033101857140169,0.00226710396385393,0.18933511082800908,0.07922067542975277,0.00113390032776167,0.13215686948067992,0.1755391550978671,0.0029839700357172485,0.08556267621726436,0.29107644219969586,0.20551376598243148,-0.00479186347353458
W02000067,Flintshire 010,2021,8,0.2165076563383515,0.023910887603942,0.6061441745881545,0.14100442026510832,0.00111576092009628,0.13145813401351086,0.11176427006602067,0.00142319470387818,0.14811616994381738,0.14912459315134685,0.0016323067818724774,0.08889259656653184,0.24050630885130458,0.15161371228477274,0.008120172886238536
W02000067,Flintshire 010,2023,2,0.30356176462050305,0.0895616581890234,1.1731111146796216,0.1729081710767874,0.00114754274563351,0.13341202571826477,0.16849991088570945,0.0014696989577028,0.15051422162786476,0.180937081820962,0.002262299039427856,0.11076857500047355,0.28826039069714426,0.17749181569667072,0.008028910744174583
W02000067,Flintshire 010,2025,16,0.13087590271871072,0.00480392595278555,0.27169161728172236,0.1729049358272943,0.00211819238508041,0.1831494485324462,0.10668659323862165,0.00139411044492096,0.14659602644357675,0.18237239790895543,0.0029939874941898375,0.09688137158291557,0.3161281899010401,0.2192468183181245,0.009467462081661132
W02000068,Flintshire 011,2021,7,0.388625349074746,0.04441879481131547,0.8261548792630354,0.14822213279595878,0.00123807404510107,0.13863271589282802,0.05392107926399066,6.963410303925826e-4,0.10351688899672698,0.14498515550701446,0.0017297682443290652,0.0816123169321219,0.24585129968242855,0.16423898275030666,-0.003236977288944315
W02000068,Flintshire 011,2023,4,0,0,0,0.18012570843714998,0.00126629340539517,0.1402780474495862,0.11065708392769869,7.487275398776054e-4,0.10733448442296586,0.17625432716503373,0.002320858632393098,0.0991937477340997,0.30042390784989703,0.20123016011579734,-0.0038713812721162533
W02000068,Flintshire 011,2025,11,0.02971756513680312,9.520705907764246e-4,0.12095189074771111,0.1801239076323555,0.00223831917674319,0.1881827605821843,0.04884290556908768,6.493597080379968e-4,0.09996428441068198,0.17838654987668798,0.0031027144758190434,0.09550518371545605,0.3133491500752855,0.21784396635982947,-0.0017373577556675235
W02000069,Flintshire 012,2021,9,0,0,0,0.12636016460535004,8.493758338361559e-4,0.11499161590216592,0.09540500850682876,0.00130666994819306,0.1419344204428907,0.1288087328680444,9.634545460427904e-4,0.07532149259692059,0.19899236656089467,0.12367087396397408,0.0024485682626943506
W02000069,Flintshire 012,2023,3,0.33381175047048606,0.07460936595515419,1.0707171558442927,0.1582639316030289,8.780003464403177e-4,0.11693808513083064,0.15214069877943823,0.00134995735232251,0.14426185975127442,0.15714901789625974,0.001382611619915493,0.09079215455445505,0.23954911852162183,0.14875696396716678,-0.0011149137067691661
W02000069,Flintshire 012,2025,19,0.08479231754676822,0.00355351907765837,0.23367239636187745,0.15825753130930226,0.00184296130839931,0.17114061320234306,0.09032727191120904,0.00126896775516073,0.13987638911868305,0.15943275233717638,0.0019807359511784853,0.09157565715379744,0.2590640832384201,0.16748842608462267,0.0011752210278741237
W02000070,Flintshire 013,2021,8,0.10612560517590662,0.01087587462463244,0.408799337130371,0.12892164684734203,8.948602441589333e-4,0.11798914475020288,0.04732582480873876,4.903868546297678e-4,0.08685834477731194,0.13154401878105365,0.0011766935055266083,0.07696993771620123,0.20240668779908427,0.12543675008288305,0.0026223719337116203
W02000070,Flintshire 013,2023,7,0.09678404742283277,0.00902433342768153,0.37237940462196373,0.16082536690093652,9.203500959224092e-4,0.11968289756261576,0.10406191369218336,5.35617562491892e-4,0.09076919896916574,0.16006199688304068,0.0016138086303274706,0.09462167706857333,0.24871618566836878,0.15409450859979545,-7.633700178958369e-4
W02000070,Flintshire 013,2025,11,0.02389856921768838,6.303028717571055e-4,0.09841305861358379,0.16081949002008972,0.00188626303068818,0.17303259436153803,0.04224753475425184,4.420729977667195e-4,0.08246972507132333,0.16161611413924815,0.0020153595063424658,0.08584561011653521,0.26931154833257065,0.18346593821603543,7.966241191584289e-4
W02000071,Flintshire 014,2021,6,0,0,0,0.11995701213969684,0.00103329876465534,0.12701422049209,0.08543746449163508,0.00185366229499639,0.16922711434547058,0.11951858211360179,0.001130337516533555,0.06363987172618997,0.1948854945414005,0.13124562281521052,-4.3843002609504633e-4
W02000071,Flintshire 014,2023,2,0,0,0,0.15186047638322764,0.00106146492776284,0.12871932207561118,0.1421729593145062,0.00189268896604348,0.17099256702204,0.1465183887283184,0.001619938019987124,0.07921677446291693,0.2327956525511546,0.15357887808823767,-0.005342087654909233
W02000071,Flintshire 014,2025,20,0.15522493936879786,0.01634768264634133,0.5011943722736565,0.15185764157718212,0.00203020494635467,0.1795339139378244,0.08036002048526279,0.00182225054312423,0.16779594347612464,0.14715785484646743,0.0021640895274036695,0.073632557009895655,0.25355754684774057,0.1799249898378449,-0.0046997867307146945
W02000072,Flintshire 015,2021,9,0.07883294023049847,0.00604652123950761,0.3048111700710515,0.13391859065596493,0.00112434127230043,0.13239472425615234,0.08577480960559972,0.0010515431032416,0.1272577968555068,0.12995298397642727,0.0011708146013322677,0.07100650577047779,0.2030008932592881,0.13199438748881032,-0.003965606679537659
W02000072,Flintshire 015,2023,6,0,0,0,0.16582204599892908,0.0011496893982048,0.1338650531718786,0.14251065467206897,0.00111261849899613,0.1308965389674448,0.158978067005759,0.0016317730766890826,0.0841909478097678,0.24635091186306451,0.16215996405329672,-0.0068439789931700745
W02000072,Flintshire 015,2025,18,0.07437716956948956,0.00294386640003957,0.212685133936315,0.1658202725758351,0.00211967484504422,0.18320168383795632,0.08069687970744296,0.00102773699055853,0.1258120841051011,0.16063712016992082,0.0020857490161022858,0.08620302441872399,0.2597586858814402,0.1735556614627162,-0.005183152405914271
W02000073,Flintshire 016,2021,4,0.3926370913326062,0.0789895722137904,1.101699031357513,0.13546207623706052,0.00103566684248491,0.12708642269027492,0.10449169894042416,0.00199303168743188,0.1755644683839771,0.1319844764276865,0.0011649338979222031,0.0790884520661585,0.21631931244517247,0.13723086037901397,-0.003477599809374038
W02000073,Flintshire 016,2023,2,0,0,0,0.16736568357880427,0.00106325334153468,0.12879316455406004,0.1612271483447643,0.00203388381211874,0.17734418910601452,0.1614101868334446,0.0016455699183988773,0.09867176500037406,0.2484895950500781,0.14981783004970403,-0.0059554967453596674
W02000073,Flintshire 016,2025,16,0,0,0,0.1673627026679942,0.00203216718216425,0.17965953880685737,0.09941435845689128,0.00196953853566667,0.17453554088137446,0.16323928816641062,0.0021002183639694453,0.0897771399925959,0.26033565796970354,0.17055851797710764,-0.004123414501583572
W02000074,Flintshire 017,2021,5,0.22049183312206763,0.03890169151227537,0.7731474529473713,0.14064061560750937,9.623252525210874e-4,0.1223583435886192,0.11400405383401588,0.00172234054580829,0.16307457194480515,0.13825209907673217,0.001326325474916347,0.08326329206194336,0.2208358075567824,0.13757251549483904,-0.002388516530777207
W02000074,Flintshire 017,2023,2,0.2839129094184388,0.08282562937094819,1.1281334043925322,0.17254440252291986,9.90931699783957e-4,0.12421544012154088,0.17073955759465698,0.00176578113204557,0.165114082687714,0.1685493309208413,0.0018136186210282801,0.09768821952493409,0.2559186496395208,0.15823043011458673,-0.00399507160207857
W02000074,Flintshire 017,2025,21,0.1793842227367029,0.01327019320116586,0.45156129473166223,0.17254004151820004,0.00195868963287637,0.1764131431286278,0.10892659292953936,0.00169968589971955,0.1620010885517727,0.17063363634975617,0.0024926531718213792,0.08750234485264877,0.28633404534618256,0.1988317004935338,-0.0019064051684438699
W02000075,Flintshire 018,2021,7,0.13035296866652085,0.01549209059202033,0.4879025642716338,0.12402203312818556,8.262450763160713e-4,0.11347354552036988,0.0832851154497455,0.00123675587693577,0.1380602443662166,0.12590466102720257,8.767217345708571e-4,0.07365472320204779,0.18873076620999601,0.11507604300794823,0.0018826278990170114
W02000075,Flintshire 018,2023,7,0.06828490396943032,0.0047483396458024,0.2701151696296914,0.15592578777577684,8.513744343540824e-4,0.11518316117650164,0.14002088357233752,0.00124610551014373,0.13857347259187175,0.1538454260729025,0.00128433325719617,0.09253363612530521,0.23080545984684825,0.13827182372154304,-0.002080361702874345
W02000075,Flintshire 018,2025,13,0.13478196469561102,0.01208564961595197,0.43093630768835084,0.15591936477240764,0.00181570596532514,0.16991374557343958,0.07820730702014962,0.00121174439952352,0.13666334639676703,0.15597032245847928,0.0019265639479871522,0.08657680087435393,0.24832116535119203,0.1617443644768381,5.095768607163431e-5
W02000076,Flintshire 019,2021,4,0,0,0,0.120243324038881,8.01631917196257e-4,0.1118346479425224,0.09300135809765246,0.00179417214407792,0.16651517888470227,0.12100058509670243,8.872319857334863e-4,0.06784233196484388,0.1858460560331378,0.11800372406829393,7.572610578214373e-4
W02000076,Flintshire 019,2023,6,0.20040966133149013,0.03147842745341744,0.6954799286895647,0.1521470770395714,8.260925099341682e-4,0.11351216607688158,0.1497368406180891,0.00182596633310068,0.1679781066734886,0.14772971133447527,0.0012608997960895701,0.08347268638837449,0.23274480450911778,0.14927211812074329,-0.004417365705096127
W02000076,Flintshire 019,2025,10,0.18289258645694312,0.0256925229053077,0.6283208375996456,0.15214081369590485,0.00178982465940307,0.1688093963212821,0.08792393885701383,0.00176703052109233,0.16525917616215258,0.14926310851863267,0.0017895625201466375,0.0755814574508748,0.24655749834944804,0.17097604089857324,-0.0028777051772721773
W02000077,Flintshire 020,2021,3,0,0,0,0.1142864881329265,7.653562445649655e-4,0.10927158033274911,0.0655892938984832,0.00147297002813629,0.15076711062914816,0.1151291328988553,8.592242596382718e-4,0.06357345985982445,0.17078567345295265,0.1072122135931282,8.4264476592881e-4
W02000077,Flintshire 020,2023,6,0.07033545480116019,0.00519663084268556,0.28257843787894066,0.14619022730944242,7.903891704205758e-4,0.11097827663339854,0.1223249985181202,0.00147082096452513,0.1506442376853303,0.1412233982827552,0.0012317781869568079,0.07872821514010825,0.21585366149144747,0.13712544635133922,-0.004966829026687214
W02000077,Flintshire 020,2025,9,0,0,0,0.14618444530099675,0.00175326167692501,0.16708491585305693,0.06051160590904077,0.00144403191159512,0.1492896238502394,0.14310896436301604,0.0016766652454096637,0.07844239015548543,0.2361628272753382,0.15772043711985276,-0.0030754809379807124
W02000080,Wrexham 003,2021,10,0,0,0,0.10740375437702436,0.00127373092772312,0.14055513562801425,0.09671596931278716,0.00201034018519714,0.1762533952816254,0.10447111129042345,9.219059144250872e-4,0.054158304168946556,0.168894507984217,0.11473620381527046,-0.0029326430866009057
W02000080,Wrexham 003,2023,3,0,0,0,0.1393070135531051,0.00130561797580586,0.14221018375995087,0.15345146957615172,0.00205068173783838,0.17800387274056295,0.12905368193829075,0.0013065938307014597,0.07191064555344441,0.20147674213718036,0.12956609658373597,-0.010253331614814343
W02000080,Wrexham 003,2025,12,0.31374109725913635,0.02992811395107196,0.6781375002876164,0.13930940994583335,0.00227836058549723,0.1895599848284419,0.0916385715082104,0.00198701771506427,0.17523245693908612,0.1313588552418378,0.0017086882934564797,0.060622097996001455,0.21914299381571273,0.15852089581971127,-0.007950554703995555
W02000081,Wrexham 004,2021,3,0.17424834112776175,0.03161566763902536,0.6969943624565917,0.11972301057859731,0.00116637171474863,0.13487071897834269,0.07608892207958691,0.00106579916963666,0.12812703940958897,0.11948257376220825,0.001592165057779598,0.06247259583862806,0.22216213467045487,0.1596895388318268,-2.404368163890641e-4
W02000081,Wrexham 004,2023,2,0,0,0,0.1516263761795522,0.00119734881051277,0.13658160987102247,0.13282476159072762,0.00111481293458547,0.131034097425305,0.14716933423376513,0.0021523697858540254,0.07959989082969335,0.27051759501901373,0.1909177041893204,-0.0044570419457870825
W02000081,Wrexham 004,2025,17,0.04703659368579207,0.00218164610978419,0.1830923667667606,0.1516262217197678,0.00216830787005104,0.18530210271879496,0.07101098617378572,0.00102616456811252,0.12572522323645635,0.1485380366729366,0.002542377022853337,0.07446995482945182,0.2801500245136892,0.20568006968423738,-0.003088185046831199
W02000082,Wrexham 005,2021,10,0.12777937306999088,0.01477241987858861,0.476435274284352,0.1194261301214065,0.00135472784023628,0.1453167643915947,0.11748720851073058,0.00180936368725345,0.16710978288645506,0.11405442822917658,0.0011931649172931915,0.05184126243345931,0.18092270833711732,0.129081445903658,-0.0053717018922299214
W02000082,Wrexham 005,2023,2,0,0,0,0.15132936298221453,0.00138940865256494,0.14709835061240534,0.17422273021415124,0.00185864827956663,0.1693653230684341,0.1410354305864509,0.0017922318956481202,0.06284888345350124,0.22602552742148746,0.1631766439679862,-0.010293932395763622
W02000082,Wrexham 005,2025,16,0.40578796755389185,0.02520377774978397,0.6223159144734189,0.15133109093711966,0.00236257199629678,0.1931958270728424,0.11240970471852814,0.00179563799833533,0.16647603227786387,0.14373686829160473,0.002494828023165379,0.06351468423959974,0.2530495725592822,0.18953488831968243,-0.007594222645514931
W02000083,Wrexham 006,2021,5,0.2202932512168121,0.03776561057965603,0.7617743442256872,0.1201489279399836,9.303351435381716e-4,0.12042915816976016,0.10064599448175152,0.00191344360642039,0.17197107688659957,0.11737853134727592,0.0010564887815253886,0.06506756139291064,0.18541272743171433,0.12034516603880369,-0.002770396592707669
W02000083,Wrexham 006,2023,2,0,0,0,0.15205241793979227,9.605787963791364e-4,0.12229673553491444,0.1573814335015668,0.00195672056962848,0.17389877351694555,0.14383914502341563,0.0013984150240577981,0.08457948826909964,0.22125479514790108,0.13667530687880144,-0.008213272916376635
W02000083,Wrexham 006,2025,8,0.3246154780467624,0.05188864619804715,0.8929235076564281,0.15204964774340787,0.00192757831993241,0.17491362649589884,0.09556859781677196,0.00189352636452065,0.17107924566419744,0.14575959284640125,0.001920865044892836,0.07540472218687508,0.23601072565034012,0.16060600346346504,-0.006290054897006625
W02000085,Wrexham 008,2021,7,0,0,0,0.10353886735368488,0.00133280665238568,0.14375687271654114,0.08030768565032165,0.00218493700578313,0.18378717941221265,0.10383104516892631,0.001023685447267724,0.05475897870973406,0.16920588447760143,0.11444690576786737,2.921778152414345e-4
W02000085,Wrexham 008,2023,5,0,0,0,0.13544208452686668,0.00136276781644348,0.1452653678675549,0.13704319047085764,0.00221839173756173,0.18517732566086872,0.12750073949181867,0.001398153556342291,0.06949004652302776,0.20428386094747508,0.13479381442444732,-0.007941345035048009
W02000085,Wrexham 008,2025,9,0,0,0,0.13544474567838796,0.00233624655721246,0.19191724174111305,0.07523027866250497,0.00215256721745524,0.1824328529045653,0.13017571860118546,0.001741754999915989,0.06847887495688038,0.21290818887722834,0.14442931392034797,-0.005269027077202504
W02000087,Wrexham 010,2021,9,0,0,0,0.13978565815092894,0.00166601922884916,0.16100792088513877,0.12020744232459069,0.00211053855936916,0.18052954028485,0.12057836539752606,0.0013934284946665323,0.052756591632478894,0.19294982545482736,0.14019323382234847,-0.019207292753402883
W02000087,Wrexham 010,2023,5,0,0,0,0.17168900330853437,0.00169223407495279,0.1622037147019732,0.1769430856224991,0.00215565322425608,0.18243291158149844,0.14921367553317533,0.0020169963630412915,0.0702150219560955,0.23312279765702976,0.16290777570093426,-0.022475327775359044
W02000087,Wrexham 010,2025,14,0.17563427342700577,0.01686484279010632,0.5090603072158488,0.1716924237796057,0.00266775366426978,0.20495194450514853,0.1151299524781796,0.00208613291798829,0.179486896958714,0.1519636215509467,0.0025374840987408952,0.06244907914653351,0.2537881693211373,0.19133909017460377,-0.019728802228658998
W02000088,Wrexham 011,2021,8,0,0,0,0.13289099446394684,0.0011499796085712,0.13393116870400262,0.10028068494224288,0.00169443224768131,0.16170994438995503,0.12716490298497632,0.0013506819376569378,0.06921710511639098,0.2193058307639545,0.1500887256475635,-0.005726091478970519
W02000088,Wrexham 011,2023,3,0.5412010756132453,0.09273974889601344,1.1937435678160513,0.16479435320121025,0.00118127615005752,0.13568208827110803,0.15701624545960433,0.00173410621261832,0.16358479561709244,0.1553441430161665,0.0018471805277007027,0.08792725514994522,0.2572947223324178,0.1693674671824726,-0.009450210185043745
W02000088,Wrexham 011,2025,10,0.09237473893916798,0.00813683011542647,0.35359467088401997,0.1647941075872597,0.00215189762180613,0.1845747221306238,0.09520310117914176,0.00166446462191874,0.160277680415589,0.15845369704850198,0.0024864630720212257,0.08083634434117627,0.2658263938694577,0.18499004952828146,-0.006340410538757724
W02000089,Wrexham 012,2021,6,0.2936482507535497,0.03862842705470457,0.7704271849794356,0.16224244301298538,0.0025776841541626,0.2003138000510638,0.06918830680683809,9.090500248050292e-4,0.11829444299519348,0.15540553671251556,0.0034802572188075078,0.06955730881665288,0.29341379855422384,0.22385648973757094,-0.006836906300469819
W02000089,Wrexham 012,2023,4,0.3165511728360981,0.07106914553963639,1.045005638286092,0.19414568618773304,0.00260307331728751,0.20134834667736065,0.1259243417132272,9.595829151727716e-4,0.1215275873551033,0.18812001193905242,0.0045625676684737685,0.08704197742322933,0.3431442597691293,0.2561022823459,-0.0060256742486806125
W02000089,Wrexham 012,2025,8,0.03400246441283333,0.00134706178077425,0.14387053012726653,0.1941485096612213,0.00358209439158332,0.23732879449964575,0.06411015281205817,8.631272490274575e-4,0.11526999753833364,0.19062106440054097,0.005405849311613604,0.08237149749570627,0.36274010423319436,0.2803686067374881,-0.0035274452606803286
W02000090,Wrexham 013,2021,3,0,0,0,0.11608066341393015,8.150735752842364e-4,0.11273539385775248,0.07955185417744208,0.0019751706556204,0.17481926807550202,0.11291315434035105,7.656829987835609e-4,0.06119358748890105,0.1738472953722096,0.11265370788330856,-0.0031675090735791
W02000090,Wrexham 013,2023,3,0,0,0,0.1479841190100666,8.418938977732549e-4,0.114490966074963,0.13628730518958224,0.0020178488537025,0.17668487344793138,0.13922543040314098,0.0011785945976763301,0.0787446885918463,0.21262151676356955,0.13387682817172325,-0.008758688606925635
W02000090,Wrexham 013,2025,14,0,0,0,0.14797962642498777,0.00180642883846833,0.1695730347878057,0.07447446739768619,0.00194998391125814,0.173712744551411,0.14130492582874066,0.001779543083674264,0.0705920647624014,0.24080226280550537,0.17021019804310397,-0.006674700596247113
W02000091,Wrexham 014,2021,9,0,0,0,0.10339793627426404,0.0010541952806001,0.12783136294282693,0.08067631462600171,0.00135343521329652,0.14444819239461165,0.10490110624117162,9.117671687019843e-4,0.05778161918881275,0.16918177569442613,0.11140015650561338,0.0015031699669075804
W02000091,Wrexham 014,2023,5,0,0,0,0.135301165342244,0.00108281507898102,0.12945368377753963,0.1374119920763845,0.00139777508947219,0.14678961834581666,0.12964586698040434,0.0011713764289170941,0.07390597585495053,0.20612236940880796,0.13221639355385745,-0.005655298361839672
W02000091,Wrexham 014,2025,13,0.08077406106431079,0.00369374314475149,0.2382382184686921,0.1353017863235104,0.00205277268310322,0.18019157061087832,0.07559855709887883,0.00131665370672636,0.14247572406109105,0.13160857333115017,0.0016528350934701575,0.06771974190214385,0.22136201310528025,0.1536422712031364,-0.003693212992360223
W02000092,Wrexham 015,2021,4,0,0,0,0.1167108936155206,0.00104189169452154,0.12720726503099544,0.10180827182472311,0.00194529731662419,0.17339815110314905,0.11192476412290366,0.00081533179898132975,0.059242348129943764,0.16296391147579364,0.10372156334584988,-0.004786129492616947
W02000092,Wrexham 015,2023,6,0,0,0,0.1486140896336504,0.00106710487112158,0.12863483163338424,0.1585437264653305,0.00198793176190519,0.1752774479181869,0.1378651925036834,0.0012063953591443292,0.07224178634993174,0.2041362571840658,0.13189447083413408,-0.010748897129966989
W02000092,Wrexham 015,2025,8,0.2525827500622753,0.02908380067451654,0.6685034708673734,0.1486135241909513,0.00203672121674592,0.17961424452663344,0.0967308528212555,0.00192461992378991,0.17247900486337864,0.1402549030247848,0.0016881633713932284,0.0660380335205707,0.2193295042044837,0.153291470683913,-0.008358621166166508
W02000093,Wrexham 016,2021,5,0,0,0,0.11274880162260058,8.359304611793902e-4,0.1140630569296816,0.08439822997730238,0.00198357532053765,0.17518204094890916,0.11060335323638662,7.857027311393043e-4,0.06536211523704027,0.17315213683384875,0.10779002159680848,-0.002145448386213958
W02000093,Wrexham 016,2023,4,0,0,0,0.14465228555932283,8.627573547680678e-4,0.11578810820646264,0.1411336838271627,0.00202421575570456,0.1769558236242571,0.13622893159431318,0.0010877914951223676,0.0799571394478033,0.20570707430410134,0.12574993485629804,-0.00842335396500965
W02000093,Wrexham 016,2025,13,0,0,0,0.1446490011994555,0.00182786572778215,0.1704478491741757,0.07932084980547328,0.00195755976023999,0.17404103069411708,0.13864376976959336,0.0016481379584619674,0.0766763986832426,0.2191692645392419,0.1424928658559993,-0.006005231429862146
W02000094,Wrexham 017,2021,4,0.21678352818019048,0.04002218830936517,0.7842030051064381,0.1314527985150478,9.752191660118806e-4,0.12347716829580982,0.10425428217523212,0.00187967930460877,0.17044549397999373,0.12590781215538438,0.0013158758968191497,0.0713513581521512,0.20974286185686764,0.13839150370471642,-0.005544986359663412
W02000094,Wrexham 017,2023,2,0,0,0,0.16335625321715866,0.00100319881813851,0.12519111645934303,0.16098970169902402,0.00192618411909159,0.17253148446284447,0.15457950966283712,0.0018070901964604394,0.08937531324793246,0.24796889520399726,0.1585935819560648,-0.008776743554321537
W02000094,Wrexham 017,2025,10,0.2827583878420045,0.03913621691880618,0.7754744758954909,0.16335353268627834,0.00197104770465245,0.1770284690866189,0.09917685603811129,0.00186491200534938,0.16977740637681638,0.15640501248399347,0.0021838885508038597,0.08936245765287276,0.25270058708569654,0.16333812943282378,-0.006948520202284869
W02000095,Wrexham 018,2021,4,0,0,0,0.09864920443791708,0.00135173495315643,0.14515447698042322,0.10296206292977753,0.00197158102560994,0.17454467223406095,0.10467954463595357,9.584815410779996e-4,0.04955645923721473,0.17319390247718036,0.12363744323996563,0.006030340198036485
W02000095,Wrexham 018,2023,3,0,0,0,0.13055215931158526,0.00137906259744252,0.14652174407412133,0.1596975390762504,0.0020098932964619,0.1762238739807626,0.1282284492281901,0.0013314186022380166,0.06643195578613205,0.2016623152386967,0.13523035945256467,-0.0023237100833951585
W02000095,Wrexham 018,2025,15,0.26184911986455184,0.02559458278174375,0.6271221118376085,0.1305525850444113,0.00235271255398046,0.1929444348152687,0.09788466991362064,0.00194574060717139,0.1734025246656519,0.12931508935550962,0.0017362937532419526,0.05882373378860091,0.22035731584902798,0.16153358206042706,-0.0012374956889016908
W02000096,Wrexham 019,2021,4,0.2284921390218744,0.04719399962669436,0.8515722075075025,0.1283262857624805,9.269758414522134e-4,0.12029185528075773,0.10877909238366856,0.00182613580860553,0.16797046931772802,0.12988796598705168,0.0012968469158938067,0.07754415273158963,0.20464787628860936,0.12710372355701974,0.001561680224571177
W02000096,Wrexham 019,2023,5,0.33015053109435116,0.04254151640683186,0.808508462408967,0.160229981168975,9.53234178436485e-4,0.12200923447178032,0.1655145123635974,0.00186579254221008,0.169778346455205,0.15811215880293658,0.0017216173707876592,0.09440965944002472,0.24031496239447553,0.1459053029544508,-0.0021178223660384132
W02000096,Wrexham 019,2025,13,0.23951481233022204,0.03354645253066218,0.7179618819322066,0.16022644262078553,0.00192037761432957,0.1748595309871644,0.1037016665697704,0.00180996854184055,0.16722657991494091,0.16015272797409968,0.0022357837107159478,0.08762833794286118,0.27154522562236505,0.18391688767950387,-7.371464668584626e-5
W02000097,Powys 001,2021,14,0.09544433940052938,0.00456611416643002,0.26488140395980236,0.11781923275600976,6.771051450420643e-4,0.1028097349730806,0.0735077062047105,8.06347887442437e-4,0.11141952128502634,0.11967855231496509,6.531488267879986e-4,0.07634768761860065,0.1727130058769925,0.09636531825839185,0.0018593195589553246
W02000097,Powys 001,2023,10,0.04638055190476762,0.00221674760902548,0.18455941759708214,0.14972296530803414,7.023529542101621e-4,0.1046993978523108,0.13024362154801064,8.084229283911102e-4,0.11155605937341552,0.14682182803015328,9.576391571159616e-4,0.09587395534136262,0.21731064931786176,0.12143669397649914,-0.0029011372778808553
W02000097,Powys 001,2025,25,0.23536852854024376,0.00741630092391679,0.3375761520078226,0.14971345890896554,0.00166247502657274,0.16286483876955296,0.0684296406651294,7.934808764631937e-4,0.11052983874442722,0.14889352351301374,0.0015347142054910623,0.08806241527401552,0.23842618563137039,0.15036377035735488,-8.19935395951793e-4
W02000098,Powys 002,2021,13,0.1396089447123203,0.01577833622180705,0.4923893940983631,0.13204088791946042,8.569983700339942e-4,0.11534959479534618,0.10292853488062435,0.00117359930751692,0.13447883128273674,0.13567713250701602,9.532149518652572e-4,0.08436855317157932,0.20405793041366765,0.11968937724208834,0.003636244587555598
W02000098,Powys 002,2023,13,0.20212535148751437,0.0152212614087156,0.4836190604209127,0.16394449392744126,8.756963829216827e-4,0.1166581831885504,0.15966422311678283,0.00121311790549343,0.13671954566729094,0.16541125274445792,0.0012770261268055811,0.10686082466371324,0.2471167959140459,0.14025597125033265,0.0014667588170166612
W02000098,Powys 002,2025,23,0.10074700259259677,0.00382297344824648,0.2423699244877208,0.16393657363186817,0.00184073140032514,0.17095659546371694,0.09785070601295194,0.00114957604396965,0.1330958815963776,0.16775701245071403,0.0019446701257946728,0.09713602177919006,0.2707527255695188,0.17361670379032873,0.0038204388188458616
W02000099,Powys 003,2021,15,0.18947225976330812,0.01591104740415212,0.494455795383824,0.17440505177444107,0.0012602916684367,0.1389764407427931,0.14109399028640415,0.00163194322780403,0.15863544879834282,0.17407312336713832,0.0020608621588712735,0.10125539837947839,0.2786877215698562,0.17743232319037783,-3.319284073027562e-4
W02000099,Powys 003,2023,10,0.4261644260286347,0.02555182843389532,0.6265981063560601,0.2063087781879218,0.0012809176500043,0.1402467923195682,0.197829456831879,0.00167527159652484,0.16072425123181625,0.2089821457505282,0.0026238634253389465,0.12912886273100357,0.3308384624253484,0.20170959969434485,0.0026733675626064157
W02000099,Powys 003,2025,31,0.2415704623958348,0.01222904999260018,0.43348537213051774,0.2063050370672588,0.00225418882512885,0.1884704461774757,0.13601630975858003,0.00162899849217201,0.158485679570664,0.21084314566910606,0.00359827880607927,0.11842216714427845,0.36306454413811823,0.24464237699383978,0.004538108601847252
W02000100,Powys 004,2021,32,0.30084786128152663,0.00830158794306465,0.35715659439329234,0.13498699792988314,5.947369518351613e-4,0.0959964148510545,0.03818306501017717,2.716273639122413e-4,0.06463799607315107,0.13825812807205948,9.604725981898382e-4,0.09884767645407733,0.2149623002211251,0.11611462376704779,0.0032711301421763372
W02000100,Powys 004,2023,11,0.06929813512837374,0.00468211842381154,0.2682250183609673,0.16689075956690516,6.287383550434533e-4,0.0987700305482998,0.0949192729743038,3.1825984374148937e-4,0.06995396447920954,0.16898766342203037,0.0013701130647852432,0.1132725546548434,0.2575281065750119,0.1442555519201685,0.002096903855125204
W02000100,Powys 004,2025,26,0.01611119770867258,2.6793425793688344e-4,0.06416411515848326,0.1668736697653243,0.00158669536142267,0.15910835827735073,0.03310470398675736,2.211627274742185e-4,0.05832510179249884,0.1708212610546952,0.0019910631730039254,0.1052352777508685,0.27606448156654356,0.17082920381567507,0.003947591289370889
W02000101,Powys 005,2021,19,0,0,0,0.11708757804002012,8.603980341697156e-4,0.11583047205992916,0.09944087987549222,0.0014193582802966,0.14795071315042255,0.12078119822738458,8.346415346893023e-4,0.06868101724240465,0.1813946062587632,0.11271358901635854,0.003693620187364452
W02000101,Powys 005,2023,7,0.10023252527488909,0.00970907444774877,0.3862486747062335,0.14899104972795074,8.833637680477519e-4,0.11733474207629772,0.15617646635051968,0.00144126541560717,0.14908070210870047,0.14790191398614605,0.0012409543149432512,0.0877139684466186,0.2279411650827332,0.1402271966361146,-0.001089135741804692
W02000101,Powys 005,2025,26,0.18784810285125508,0.0076061073091056,0.3418686766213585,0.1489867942725041,0.00184847681470936,0.17134279424564272,0.0943631936321689,0.00139495003899022,0.14667420808400788,0.14968230534353924,0.0018394949493069155,0.07746638868085823,0.24268270602327965,0.16521631734242143,6.95511071035132e-4
W02000102,Powys 006,2021,16,0.02711225174705767,7.801651154317132e-4,0.10948921708137296,0.1172198403476602,6.559559766142042e-4,0.10113061290935184,0.0522042277231634,5.172326707074681e-4,0.08920965593518473,0.11753214946745028,6.80404527682818e-4,0.07367396152878,0.1776654577415447,0.10399149621276471,3.1230911979007736e-4
W02000102,Powys 006,2023,16,0.09584713998961757,0.00807558046940742,0.35226132246632086,0.14912353560724992,6.733354985227723e-4,0.10242584866836212,0.10894026159708042,6.082232216370834e-4,0.09673390410294136,0.14466633844825183,9.637594855193878e-4,0.09145447739280223,0.21153511940283126,0.12008064201002903,-0.0044571971589980885
W02000102,Powys 006,2025,22,0.21548079651584187,0.01666844446359484,0.5060875142183475,0.1491160536777363,0.00163257993902798,0.16140238035761653,0.04712593893332859,5.442852274041447e-4,0.0915165475766522,0.1459992726603792,0.0014838351779004868,0.08447729679444549,0.23443547173877638,0.1499581749443309,-0.003116781017357101
W02000103,Powys 007,2021,14,0.187231220486261,0.01082193626267944,0.4077843671023181,0.1256576732043505,7.35915542664483e-4,0.10701609192276106,0.11555607508339828,0.00117679299703011,0.1346645997437183,0.1290194980256174,8.717675604825306e-4,0.07323939818350009,0.1897791429272713,0.11653974474377121,0.003361824821266901
W02000103,Powys 007,2023,15,0.09196391158694066,0.00754458058033506,0.3404831603399246,0.15756134206131733,7.533850903412333e-4,0.10830700978474578,0.17229172792907935,0.00120608151853717,0.13632522281373255,0.15789252709035648,0.001225172751735785,0.09431734697825414,0.22387442431918775,0.1295570773409336,3.311850290391438e-4
W02000103,Powys 007,2025,36,0.20283838884303385,0.00625333479066918,0.3099801805946281,0.15755189773203174,0.00171510162043559,0.16525509036824493,0.11047825589682138,0.00116194022788358,0.13381134034885211,0.1594525421203707,0.0016570010964784764,0.09172541186419775,0.23934794757362138,0.14762253570942363,0.0019006443883389512
W02000104,Powys 008,2021,13,0.23218260438122432,0.01430912483758249,0.46890474010717625,0.16266017986097456,9.887322254069353e-4,0.12336513670307436,0.11896188034802174,0.00125942109099727,0.13930376827457397,0.15970271728079274,0.0014984800796600116,0.09649722218408047,0.24942580895651073,0.15292858677243026,-0.0029574625801818133
W02000104,Powys 008,2023,13,0.18448697986513407,0.00904059352884088,0.3727147314270044,0.19456386995739428,0.00100700156907599,0.1246237201970413,0.1756975184971402,0.00128731457193832,0.14083416599863083,0.19429805517727444,0.0019755696793559963,0.11812189786446428,0.2960661890759201,0.1779442912114558,-2.6581478011983295e-4
W02000104,Powys 008,2025,33,0.1577280893058326,0.00581677093966316,0.29896411847662446,0.19455698978607672,0.00197582546394994,0.1769132113433515,0.11388405029056618,0.00124508518295088,0.13850625272481323,0.1962158874716297,0.002717279606414758,0.11654876510642978,0.3223393988965506,0.20579063379012083,0.0016588976855529958
W02000105,Powys 009,2021,15,0.06604678770346228,0.00420809146373214,0.25428495882880275,0.14673033235355384,0.00112095301773224,0.13223389542835529,0.11239892193508157,0.00110993457815046,0.13074703918300762,0.13421276312313782,0.0014095919781378764,0.07096847567640771,0.21840117468229311,0.1474326990058854,-0.012517569230416026
W02000105,Powys 009,2023,8,0.1698036387350112,0.02298932264404276,0.5943485046763093,0.17863369247377836,0.00114230566951577,0.1334694101483352,0.1691346920239295,0.0011752874795008,0.134535597506362,0.16407918061875945,0.002055786573168513,0.0942781071929844,0.26302641989361103,0.16874831270062662,-0.014554511855018909
W02000105,Powys 009,2025,34,0.1687515200449198,0.00535647932851,0.28689158066677717,0.17863193979095116,0.00211212949985034,0.18285857364212613,0.10732097916618144,0.0011079026334195,0.13062772265676345,0.16586219114054548,0.0029039521519873966,0.08155807266890744,0.2787954689105308,0.19723739624162337,-0.012769748650405671
W02000106,Powys 010,2021,13,0.04418643323889526,0.00196485453236236,0.17375739149428107,0.1241072458834762,6.481543488483128e-4,0.10056009178329324,0.09321123308635824,8.45387473526889e-4,0.11409771199624952,0.1241175025685443,6.413696036868757e-4,0.0869583281826421,0.1805172608299154,0.0935589326472733,1.0256685068099625e-5
W02000106,Powys 010,2023,14,0.25703262905601043,0.01587758226803101,0.49393553609686486,0.1560110328770701,6.680938518532597e-4,0.10209299604264031,0.14994709399504216,9.191692419342306e-4,0.1189684862091468,0.15215526393135634,0.0010083211379690077,0.10113305994218819,0.2246001313632254,0.12346707142103722,-0.0038557689457137667
W02000106,Powys 010,2025,37,0.21741064544931868,0.00822193741950979,0.35543907507965955,0.1560003703583402,0.00162705336487464,0.16118590736174032,0.08813322335888717,8.556420103400822e-4,0.11479046857860156,0.153979982749744,0.0016486492151921357,0.09356873584491598,0.25492771620143995,0.16135898035652396,-0.002020387608596186
W02000107,Powys 011,2021,20,0.09419578553554664,0.00457976452741175,0.26527703888974574,0.12871754842748143,6.943970067554324e-4,0.10393460714516368,0.11981405295902949,0.00103568766473528,0.12630973082461322,0.13432215242770684,8.048256726861083e-4,0.09107270855056877,0.20603836208154352,0.11496565353097475,0.005604604000225416
W02000107,Powys 011,2023,10,0.31250291681787146,0.0237474106636558,0.6040685396957741,0.16062125868432262,7.197227233969039e-4,0.10586367505618594,0.176549792611173,0.00109251938443793,0.12972597319577256,0.16469727184204422,0.0011876537789474785,0.11026257957070945,0.24255622358758422,0.13229364401687477,0.004076013157721603
W02000107,Powys 011,2025,34,0.1701473497420348,0.0042401118490936,0.25525058325833677,0.16061008368195942,0.00168057494166119,0.16368172878547643,0.11473615171966207,0.00102829067438946,0.12585724397653933,0.16568629142406321,0.0018863860094879093,0.10072108753155418,0.2600595565861221,0.15933846905456794,0.005076207742103794
W02000108,Powys 012,2021,17,0.13071439914755056,0.00880585338095505,0.36784411450509275,0.12202675179362434,7.07060478768933e-4,0.1050135715593809,0.10417088258803696,0.00112180516933951,0.13146951080376845,0.12530678372305284,7.048714549730944e-4,0.0800249456784872,0.18039058283509046,0.10036563715660327,0.003280031929428509
W02000108,Powys 012,2023,12,0.1708727044563507,0.01245678065628967,0.43750295966795877,0.15393040893193655,7.301456575428237e-4,0.10671980893820884,0.16090663053541532,0.00116730973674387,0.13410260401153512,0.15321692229350778,0.0010447167276153196,0.09857414685094057,0.22176613535051404,0.12319198849957347,-7.134866384287675e-4
W02000108,Powys 012,2025,31,0.09335051787031395,0.00413542545216157,0.25207988083565136,0.1539210537062769,0.00169113153304835,0.16416807536685754,0.09909298283934384,0.0011058214542225,0.13052964496939684,0.15421354596050257,0.001592195387530807,0.09274742654598786,0.24369981004942948,0.15095238350344162,2.924922542256736e-4
W02000109,Powys 013,2021,19,0.04606357820323005,0.00115671687406302,0.1333188694658805,0.14209325839717127,9.640382250440116e-4,0.1223975888578637,0.09600355171866629,6.785813978543303e-4,0.10219028034516198,0.1352066779015794,0.0011406777732358517,0.08423235909287109,0.21865926223711393,0.13442690314424283,-0.006886580495591876
W02000109,Powys 013,2023,16,0.3046914644681177,0.01570422104154662,0.4912315887325632,0.17399663695549575,9.842614726011565e-4,0.1237182283186328,0.15273952277014374,7.663116057749428e-4,0.10859227991609403,0.16581777301889056,0.001756508342811245,0.101290336788327,0.27052328640207557,0.16923294961374857,-0.00817886393660519
W02000109,Powys 013,2025,35,0.4129090231611433,0.01052331809282885,0.40211885362746896,0.17399078660403353,0.00195154502656422,0.17581502963441514,0.090925394088976,7.031160251754643e-4,0.1040233037967703,0.16837839159616794,0.0024120985211934136,0.09737330058232593,0.2839827111096939,0.18660941052736799,-0.005612395007865589
W02000110,Powys 014,2021,25,0.07649586349486223,0.0031622018401281,0.2204311062583979,0.12010415416610348,5.928043613810037e-4,0.09619707572466092,0.11352988287944184,0.0010154935234507,0.12507739403458645,0.11986402254945555,5.00104937115014e-4,0.08142428473489574,0.16842501687052774,0.087000732135632,-2.401316166479317e-4
W02000110,Powys 014,2023,13,0.17417748717299184,0.01324202948512799,0.45108185939820983,0.1520078651843599,6.190247750479176e-4,0.098268535802538165,0.1702656549323686,0.00107711560828521,0.12881110828636258,0.14698705935395773,7.577285298385842e-4,0.0967871590701855,0.20756487482344232,0.11077771575325683,-0.005020805830402181
W02000110,Powys 014,2025,30,0.22783181426432603,0.00872403845257044,0.36613131232224005,0.1519973684576096,0.00157620487897821,0.1586743968872563,0.10845196134281763,0.00101929063121049,0.12531256410837366,0.1480766030670792,0.0013462433237579955,0.08878258851154885,0.22977040375628616,0.1409878152447373,-0.003920765390530406
W02000111,Powys 015,2021,13,0.34563781929446286,0.02651960369840405,0.6383540257523148,0.1294949235316531,6.886482426806083e-4,0.1035793147056735,0.13371792368679142,0.00133218751144619,0.14332213112566317,0.13351828247228623,7.585741007603751e-4,0.0893728642550957,0.19343623777372973,0.10406337351863403,0.004023358940633132
W02000111,Powys 015,2023,14,0.16199556113550218,0.01101646306323544,0.411433052668921,0.16139866986994597,7.114654458878038e-4,0.10532155046881522,0.19045350456801988,0.00136406711437944,0.14502018146872878,0.1634261434344797,0.0011366275395235292,0.10808568610248444,0.23792936287263083,0.1298436767701464,0.002027473564533727
W02000111,Powys 015,2025,40,0.16438287185584582,0.00649688067225321,0.31595885533040063,0.16138820650892136,0.00167221053718642,0.16338101407419434,0.12864018216953305,0.00131467144446462,0.14237547589443036,0.16456365465159487,0.002034434555199119,0.09869074586118393,0.267042917560804,0.16835217169962008,0.0031754481426735093
W02000113,Powys 017,2021,13,0.0333264045456834,0.00114665466007505,0.13273773628076263,0.13351495237549132,0.00141860255439251,0.1488089591853137,0.07708945832050738,6.648179310313525e-4,0.1011490374823622,0.1353601293651526,0.0015580676543030132,0.06424411640019609,0.22386275081772283,0.15961863441752674,0.0018451769896612735
W02000113,Powys 017,2023,10,0.17795160171170055,0.01395529767229613,0.46307105864501674,0.16541818993739574,0.00144369728276993,0.1500951945583089,0.13382545965419823,7.52070439504808e-4,0.10757661987498664,0.16554537001813713,0.0020573619639622275,0.08049675729171515,0.2639685124433505,0.18347175515163536,1.271800807413903e-4
W02000113,Powys 017,2025,36,0.2618622228010663,0.00853863865885935,0.3622199817392469,0.16541900412483743,0.0024170211937619,0.19538202185041295,0.07201127414025932,6.859607765614194e-4,0.10274821590346823,0.16650356124482887,0.0029450617375710794,0.07581912511553801,0.29587312835252677,0.22005400323698876,0.0010845571199914472
W02000114,Powys 018,2021,18,0.1058660636516851,0.0039952661471837,0.24777126856937592,0.11911544932365908,6.414933991477009e-4,0.10013705377218224,0.11989111733582494,0.00111303385536943,0.1309624768692651,0.1269265761183273,7.821668291185321e-4,0.08135901831795062,0.18784925189188736,0.10649023357393675,0.007811126794668222
W02000114,Powys 018,2023,5,0.2886249915018037,0.05301340957434953,0.9025493445224041,0.15101925001518954,6.728340167486134e-4,0.10254106275606845,0.176626853401757,0.00117685899731823,0.1346617011443392,0.1547425138505515,0.0010887250734432873,0.09705841782622268,0.22257835063158754,0.12551993280536486,0.0037232638353619507
W02000114,Powys 018,2025,34,0.17283430302697408,0.00657371939807889,0.31782178884726087,0.15100889027934833,0.0016320601154714,0.1614578442207501,0.11481329099847452,0.00110890050871401,0.13072225392683257,0.15604127879406582,0.0018361620379931294,0.08410947319230809,0.2581807857436226,0.17407131255131447,0.00503238851471749
W02000116,Ceredigion 001,2021,6,0,0,0,0.10357745594673774,0.0010036469557377,0.12497496133616974,0.04215085944043442,4.392806758190537e-4,0.08220445817751107,0.10581762135814336,8.048115653952512e-4,0.05402560272502414,0.16099733898019625,0.10697173625517212,0.00224016541140562
W02000116,Ceredigion 001,2023,8,0,0,0,0.13548051998067423,0.00102631579608169,0.1262653666940743,0.09888702468531016,4.920045485771116e-4,0.0869874436308869,0.13073102641238624,0.001174266503147048,0.06528941606332817,0.20078000820794561,0.13549059214461745,-0.0047494935682879935
W02000116,Ceredigion 001,2025,28,0.0216680769408185,4.7499939522030026e-4,0.08543279502845255,0.13547928434747886,0.00199523521788707,0.17792174579734105,0.03707256048762134,3.858888731893264e-4,0.07704742312761553,0.13197893930862134,0.001629120367853075,0.05705103575972365,0.21668983323745608,0.15963879747773244,-0.0035003450388575164
W02000117,Ceredigion 002,2021,8,0,0,0,0.15540489261644297,0.00117496556871252,0.13505146589236056,0.15261512809860983,0.00180531864305559,0.1667043970485962,0.1521477310675927,0.0019913526567122693,0.07994682123323982,0.25261478555112105,0.17266796431788123,-0.003257161548850279
W02000117,Ceredigion 002,2023,5,0,0,0,0.18730809157116465,0.00120075168319723,0.1364251633455139,0.20935104726195752,0.00185573421031224,0.1690111018338699,0.1832436280190739,0.002642893984472395,0.09650786378185712,0.3019100494726704,0.2054021856908133,-0.004064463552090752
W02000117,Ceredigion 002,2025,33,0.1254145715107483,0.0038100824099077,0.24196094462628845,0.1873090828442388,0.00217235684115542,0.1853010680810268,0.14753705973599454,0.00177359989765882,0.16523310010394054,0.1871008540156175,0.003731705220575212,0.09167899205749439,0.32299465424301155,0.23131566218551716,-2.082288286213152e-4
W02000118,Ceredigion 003,2021,11,0,0,0,0.12533185200908126,0.0012470799918105,0.13934702787328537,0.13396899504110152,0.00172034902114703,0.16294291748480694,0.12586057734762077,0.0012478755011957933,0.07234235025615066,0.2112093820815904,0.13886703182543975,5.287253385395096e-4
W02000118,Ceredigion 003,2023,5,0.11730413417446586,0.01363808105992421,0.4577777923184449,0.15723502997538183,0.00127607168574464,0.14086445649337498,0.19070452495301152,0.00174889342431885,0.16427742975488896,0.15335171183452712,0.0017437699895668495,0.0874390105301985,0.24643702450076682,0.15899801397056834,-0.0038833181408547135
W02000118,Ceredigion 003,2025,24,0.3297731413729008,0.01723814473321186,0.514663475050634,0.15723648127253892,0.00224820291885722,0.18849582201946377,0.12889140832075455,0.00170120201275947,0.16203555340060866,0.15451440719262172,0.002220007118250337,0.08663628694888309,0.26115658359693567,0.17452029664805258,-0.0027220740799172027
W02000120,Ceredigion 005,2021,6,0,0,0,0.10904754234047578,0.00102983329858503,0.12692434605540792,0.11711123468178526,0.00164755073465304,0.1594804350650664,0.11379044845476921,0.0010833444455196335,0.058354299547943,0.1847804300830278,0.1264261305350848,0.004742906114293427
W02000120,Ceredigion 005,2023,3,0.47234863851125647,0.09633140248014103,1.2166398247093073,0.1409507977288541,0.00105997538290147,0.12869580150841403,0.17384673110846632,0.00168960483466089,0.16149524414494826,0.13994238216657642,0.0015604266468592113,0.07350098019568074,0.22345259056315284,0.1499516103674721,-0.0010084155622776814
W02000120,Ceredigion 005,2025,30,0.16717430422124294,0.00832342584968711,0.35762604854050567,0.14094913112666893,0.00202888302541142,0.17953041224568372,0.11203367990440216,0.00162479489573939,0.15837638424491918,0.1419328759653622,0.0022269837466358687,0.07149756954811157,0.25065087620507054,0.17915330665695897,9.837448386932623e-4
W02000122,Ceredigion 007,2021,11,0,0,0,0.09892373910618868,9.276157428162596e-4,0.1202364671602408,0.11120449485940248,0.00121454219162579,0.13680685835205186,0.09959379184009516,6.329033793214712e-4,0.052978229143107014,0.14880643575444374,0.09582820661133673,6.700527339064816e-4
W02000122,Ceredigion 007,2023,5,0.13471114352661953,0.01780572436534221,0.5230677085123573,0.13082710106778092,9.598586331584362e-4,0.12221897652440264,0.1679402183387159,0.00125407565124391,0.1390082302434588,0.12328039065003711,9.261157277676477e-4,0.06571143157274495,0.18869668602931042,0.12298525445656547,-0.00754671041774381
W02000122,Ceredigion 007,2025,36,0.11525596053876372,0.0032147792665267,0.22225608806044955,0.13082555882928906,0.0019268995350288,0.1748212564486012,0.10612664101219726,0.0011844702381962,0.13510311225119542,0.12505081688822225,0.001556031994292419,0.05973781503970611,0.21856973765947796,0.15883192261977186,-0.005774741941066808
W02000123,Ceredigion 008,2021,5,0.13408260985062156,0.01713986999890884,0.5131943288574375,0.12091969884598563,7.877294519930221e-4,0.11101553353667684,0.13148064744516286,0.00161653887787134,0.15798396697329434,0.12647382126009207,0.0010075774527860356,0.07303113388163168,0.20040409401347462,0.12737296013184293,0.005554122414106438
W02000123,Ceredigion 008,2023,4,0.6075384631657605,0.06333543674061774,0.9865099535833599,0.15282348137187737,8.190728584551304e-4,0.11317961423337686,0.18821611306484767,0.00166696358041257,0.16042156545616618,0.15245797184080637,0.0013657218907775922,0.08924422122385094,0.23817790422150814,0.1489336829976572,-3.655095310710066e-4
W02000123,Ceredigion 008,2025,21,0.2147557505929441,0.01519637482965234,0.4832235430189309,0.15281745842941774,0.00178286920064867,0.16861596882140534,0.12640308649162882,0.00160763897834768,0.15754773431042446,0.1542561733183323,0.0019748694852210393,0.08728716129471878,0.2637129819473619,0.17642582065264314,0.0014387148889145607
W02000124,Ceredigion 009,2021,10,0,0,0,0.1034008097312331,0.00100342160453809,0.12494259950479036,0.09568367947580748,0.00113498896340602,0.1322383837386222,0.10125997122101092,8.099574960424547e-4,0.056312158968811366,0.16166445132047824,0.10535229235166688,-0.002140838510222176
W02000124,Ceredigion 009,2023,9,0.07888291900823918,0.00609448443439128,0.3060177183633354,0.13530419118165887,0.00103387032538971,0.1267311135658667,0.15241946924836175,0.00115496777820068,0.13338727184375793,0.12525300807792447,0.0011845888258355307,0.06911583446186531,0.19732942508776352,0.1282135906258982,-0.010051183103734401
W02000124,Ceredigion 009,2025,27,0.12015517339067466,0.00384743179103896,0.24314399676492615,0.13530421019137864,0.00200234790561577,0.17801775209437334,0.0906057921077627,0.00110685569575403,0.1305906778729779,0.12690960120942374,0.0016025810650076664,0.062467553462487085,0.22172723261025373,0.15925967914776665,-0.008394608981954904
W02000125,Ceredigion 010,2021,12,0.21917961940435535,0.02239875888291658,0.5866648442965737,0.10078299843447223,7.742513981373148e-4,0.10987134521627838,0.1208318300767586,0.00138804388315542,0.14631112452025125,0.10501873466819048,6.348666317254929e-4,0.06255644287090109,0.16237334186566516,0.09981689899476406,0.004235736233718243
W02000125,Ceredigion 010,2023,7,0,0,0,0.13268658106025705,8.073833454317751e-4,0.11211767978858006,0.17756742506190237,0.00143954451711501,0.1489943467355282,0.12945770504921128,9.342509728090764e-4,0.07793829949092838,0.19259869929340603,0.11466039980247765,-0.003228876011045767
W02000125,Ceredigion 010,2025,36,0.14617540956978628,0.00500511048352681,0.27732238146599486,0.1326822521508106,0.00177071750058567,0.16775534011742682,0.11575411475923689,0.00136778586258196,0.14523949298738834,0.13157191262357484,0.0014121370469022598,0.07344507524905641,0.22935922863844233,0.1559141533893859,-0.001110339527235743
W02000126,Pembrokeshire 001,2021,6,0,0,0,0.09996990937128232,8.239632390339962e-4,0.11331071340189088,0.1228784448302679,0.00183906622541062,0.16857591087030763,0.10684458398721154,7.27961827653559e-4,0.057430507226173065,0.17088570990772167,0.1134552026815486,0.006874674615929222
W02000126,Pembrokeshire 001,2023,5,0.3780849951838567,0.07246385043349798,1.0552097373114417,0.13187349796989745,8.594045407494394e-4,0.11563953225141888,0.1796138260881366,0.00188341188129442,0.1705869154734306,0.13164569905572607,0.001102829851574179,0.07311411304515075,0.20094703525779445,0.1278329222126437,-2.2779891417137876e-4
W02000126,Pembrokeshire 001,2025,18,0.3032450311456092,0.01956750943253327,0.5483348674254461,0.13187020335002442,0.00182413407204308,0.170211199077536,0.11780099427112184,0.00182321953275613,0.16784736847981285,0.13257281015526415,0.0015280769750509154,0.06983320151446001,0.21159885298059983,0.1417656514661398,7.026068052397305e-4
W02000127,Pembrokeshire 002,2021,15,0,0,0,0.0950818576286893,0.00104161094238856,0.1271757662280279,0.10775725324028372,0.00193374416603664,0.17288856055529653,0.09613411686446736,7.176845937003632e-4,0.051230392505402934,0.1516843427794864,0.10045395027408346,0.0010522592357780636
W02000127,Pembrokeshire 002,2023,5,0,0,0,0.12698528387694263,0.00108245444099515,0.12956857875463856,0.16449265774839106,0.00198262942570508,0.17504500700628528,0.11838810955038688,0.001050745958554483,0.0619639385342277,0.1868609077829359,0.1248969692487082,-0.008597174326555754
W02000127,Pembrokeshire 002,2025,13,0.2690954163279087,0.02812020741323871,0.65733589224181,0.12698636946907732,0.00205174481126342,0.18001737105730872,0.10267982723884927,0.00191815997296117,0.17219297102833309,0.11995977670328532,0.0014256520727529297,0.05675531741981866,0.21103842121597274,0.1542831037961541,-0.007026592765791997
W02000128,Pembrokeshire 003,2021,9,0.05785220874888427,0.0024423752881622,0.19372438250417562,0.1291024500842481,0.0011854084644432,0.13554982118874082,0.05073442836883882,4.073983271682944e-4,0.07916480463607053,0.14285467833072504,0.0017224516430008091,0.07545577579538937,0.22710581890342174,0.15165004310803237,0.013752228246476955
W02000128,Pembrokeshire 003,2023,6,0.6905345654021999,0.03648845967121849,0.7487827862806251,0.16100641138871225,0.00122778672387954,0.1380591668043515,0.10747056821582072,4.699944858411413e-4,0.08502118686746724,0.1744589502456432,0.002398200938008302,0.095475969304281455,0.27939006929660853,0.18391409999232708,0.013452538856930957
W02000128,Pembrokeshire 003,2025,13,0.02246704895695863,5.547631760222455e-4,0.09232767506932991,0.1610072029801663,0.00220059710396426,0.18687612355794436,0.04565609714659339,3.723452021833153e-4,0.07568270764599717,0.17540931335700605,0.003022555797927513,0.09702699473491408,0.30524680685921646,0.20821981212430238,0.01440211037683975
W02000129,Pembrokeshire 004,2021,6,0,0,0,0.09416993652187014,8.46528890708043e-4,0.1147203531657269,0.08891449787274436,0.00128221779228718,0.14060099011155797,0.09691770097248324,6.980090073580346e-4,0.05375557489022217,0.15789405591057426,0.10413848102035209,0.002747764450613102
W02000129,Pembrokeshire 004,2023,4,0,0,0,0.12607364478832575,8.864078901426943e-4,0.11731821855120768,0.14565020165205392,0.00133231736859116,0.14331158278400383,0.12031685347917766,0.0010510026563983422,0.06572043080984105,0.20278658346976958,0.13706615265992853,-0.005756791309148093
W02000129,Pembrokeshire 004,2025,16,0.07734105470699854,0.00336047291040065,0.22723660183484728,0.12607150770659606,0.00185176533034723,0.17133367517163187,0.08383671407767612,0.00124838700382473,0.13873657859052438,0.12257528992510408,0.001531012423327318,0.06321697789817013,0.21578634676732228,0.15256936886915215,-0.003496217781491978
W02000130,Pembrokeshire 005,2021,10,0.0218462097672741,5.505489771829779e-4,0.09197632792460629,0.12193776250465917,0.00119270685906585,0.13617387793544675,0.04741579646130495,4.2504737313382675e-4,0.08086107433429793,0.11246933355771628,0.0011117153114534237,0.059900406949412094,0.19468306828656315,0.13478266133715106,-0.009468428946942886
W02000130,Pembrokeshire 005,2023,3,0,0,0,0.15384121053992636,0.0012383741757729,0.13869770238347423,0.10415189678127988,5.357164078681823e-4,0.0907714782119408,0.1381847343338778,0.001563757393050545,0.0747110308463341,0.22304311428150084,0.14833208343516674,-0.01565647620604857
W02000130,Pembrokeshire 005,2025,16,0.18611119234914236,0.00947440478178165,0.3815522811872664,0.1538425871892285,0.00220970213910579,0.18673332149262303,0.04233740282731185,4.5974971214758777e-4,0.08410030242407182,0.1407342666620402,0.0022903854247966317,0.06749053416172004,0.2553815293593252,0.18789099519760513,-0.0131083205271883
W02000131,Pembrokeshire 006,2021,14,0,0,0,0.10134101017457992,0.00105119119312313,0.1276616957073382,0.11116772373819152,0.00184263785662455,0.1686742219462911,0.0980404945089621,8.098685436844099e-4,0.05249817360277577,0.16318819336412899,0.11069001976135322,-0.0033005156656178147
W02000131,Pembrokeshire 006,2023,7,0.21823227825356092,0.03483912681480942,0.7316640513460554,0.1332445757493167,0.00109507969154597,0.13023351674936823,0.167903146160785,0.00188761822600474,0.1707086899470685,0.12180553432820054,0.0011698064995870664,0.0622685925257511,0.19363403306073546,0.13136544053498436,-0.011439041421116153
W02000131,Pembrokeshire 006,2025,14,0.2059601230258639,0.01598238057573869,0.49556293985067856,0.13324583970578632,0.00206447935332036,0.18042651261375608,0.10609017759255723,0.00182639059886258,0.167929796909347,0.12355687624288614,0.001626851360471946,0.058894924179451594,0.21375732578770557,0.15486240160825399,-0.009688963462900185
W02000132,Pembrokeshire 007,2021,6,0,0,0,0.0888895027395071,0.00108373137540237,0.1296328559520972,0.0954237963692811,0.00202073391408993,0.17679195057694477,0.09396027571043335,7.558514781755598e-4,0.05112045680438921,0.15199679580582107,0.10087633900143186,0.005070772970926243
W02000132,Pembrokeshire 007,2023,6,0,0,0,0.12079279304179676,0.00112046917920615,0.13171701349982803,0.15215922960689968,0.00206913208992992,0.17887775705712355,0.11556046146810905,0.0010519605994828909,0.06140253987709527,0.17895875346255372,0.11755621358545845,-0.005232331573687701
W02000132,Pembrokeshire 007,2025,11,0,0,0,0.12079407601973136,0.00209072685972848,0.181732410887478,0.09034641647509274,0.00200118535762414,0.17594231279721856,0.11785516514189508,0.001496930670212359,0.05972896189890677,0.19717331504872224,0.13744435314981546,-0.002938910877836279
W02000133,Pembrokeshire 008,2021,10,0.41283899813086133,0.04757877286985046,0.8550365997281971,0.10037246074293692,0.00100516851854457,0.12508192657711809,0.12502745508657528,0.00192561622143401,0.17247079385033465,0.10518639733740498,8.672054237355471e-4,0.057341583376751784,0.1632291434849788,0.10588756010822702,0.004813936594468063
W02000133,Pembrokeshire 008,2023,0,NA,NA,NA,0.1322761217660837,0.00105492672112317,0.1281110373632201,0.1817627630172295,0.00197879232575642,0.17482874288309877,0.1297272910640536,0.0013651410661823164,0.07012362969863764,0.20709742428140546,0.13697379458276782,-0.0025488307020301026
W02000133,Pembrokeshire 008,2025,13,0.32160362306924334,0.02258368403794515,0.5890816318689065,0.13227420352118385,0.00202335196552091,0.1788977255029117,0.1199499951717856,0.00191564184294914,0.17201935419606312,0.13171627312977977,0.0019194173341553797,0.0667469762544177,0.23143206235751007,0.16468508610309238,-5.579303914040878e-4
W02000134,Pembrokeshire 009,2021,10,0.35622973532524743,0.0621289595695766,0.9770687586021746,0.09761342204412918,0.00129032467518096,0.14167053573353555,0.11477158713598802,0.00182709406648763,0.1679192836813247,0.10218266481695255,0.0010594235559378828,0.05044814793933683,0.17459974523537772,0.12415159729604089,0.004569242772823376
W02000134,Pembrokeshire 009,2023,2,0,0,0,0.1295168531733625,0.00133965151821765,0.14430306693461958,0.1715070107625265,0.00187451953858707,0.17008017053818986,0.12663783209615379,0.0015951039009715476,0.06278649897128845,0.20785744971897824,0.14507095074768978,-0.002879021077208721
W02000134,Pembrokeshire 009,2025,19,0.248498848196269,0.01041969119615377,0.4001340508098445,0.1295187010285169,0.00231207836106166,0.1909475272448229,0.10969403473237044,0.00180978483079607,0.16711984465088098,0.1286641161441477,0.0020463750371588134,0.05832377427232972,0.22881685084048703,0.17049307656815732,-8.545848843692083e-4
W02000135,Pembrokeshire 010,2021,10,0,0,0,0.10905993564290964,0.00132008660212256,0.14320577629251197,0.10844605852988688,0.00167000570404878,0.16052769738185707,0.10567768098343171,0.0010265042257727854,0.05717864738349234,0.17918033515526538,0.12200168777177303,-0.003382254659477932
W02000135,Pembrokeshire 010,2023,5,0.2160171140620766,0.0363151875920126,0.7470028050830829,0.14096338601151903,0.0013675899490248,0.14570521858374852,0.16518154894021003,0.00171497817366664,0.16266544816170858,0.13065341802165353,0.001520501849868523,0.0684558366419283,0.2169212278780056,0.14846539123607733,-0.010309967989865498
W02000135,Pembrokeshire 010,2025,16,0.1625268146406409,0.00810831111326606,0.3529744650650417,0.1409658316009299,0.00234033248351745,0.19198902415149824,0.10336843877470682,0.00165131762358767,0.15962681124544442,0.1328282146602762,0.0020146103480494573,0.06134255094556962,0.23992993431906068,0.17858738337349106,-0.008137616940653708
W02000136,Pembrokeshire 011,2021,15,0,0,0,0.0759333667100998,0.00104782847583554,0.12710412919554737,0.0833741619710732,0.00117192655867187,0.13436962938191233,0.08501701768611201,5.828025071772301e-4,0.0452167732714011,0.14224158009468174,0.09702480682328064,0.009083650976012214
W02000136,Pembrokeshire 011,2023,5,0,0,0,0.10783697650565204,0.00108993409223793,0.12955092321467138,0.140109939304815,0.00121985674134473,0.13708334071227762,0.10508717932427043,9.057686007044428e-4,0.05428309055569157,0.17277410409896143,0.11849101354326987,-0.0027497971813816025
W02000136,Pembrokeshire 011,2025,23,0.07868015536839972,0.0025009162658183,0.1960323121237427,0.10784037256919692,0.00205993540843982,0.18007670488363636,0.07829627953394976,0.00113492704099556,0.13223337472316374,0.10685691843487141,0.0012795633420459524,0.049900730808399726,0.18935931733773628,0.13945858652933657,-9.834541343255038e-4
W02000137,Pembrokeshire 012,2021,15,0.05001729164591482,0.002476362984288,0.19506764395187184,0.11018108332435878,0.00144981192967154,0.15008868891018445,0.07689063294506224,9.279593086420952e-4,0.11952796150453732,0.10772915676192152,0.0011506524847892479,0.055361570425935466,0.17584377202347065,0.12048220159753519,-0.0024519265624372566
W02000137,Pembrokeshire 012,2023,2,0,0,0,0.14208443432097623,0.00150286469109932,0.1527614921968254,0.13362652653121082,0.00100861475331938,0.12460882911860235,0.13363890876218046,0.0017722839678427416,0.06650573086157495,0.21755903120283113,0.1510533003412562,-0.008445525558795769
W02000137,Pembrokeshire 012,2025,13,0.08579073209676916,0.004191187142175,0.25377370089501355,0.14208765943924517,0.00247684895766709,0.19741623084449209,0.0718125928204392,9.28721068355642e-4,0.1195795062084223,0.13549563303167597,0.0023304381623621365,0.0616323071371615,0.24873774482898686,0.18710543769182536,-0.0065920264075692014
W02000138,Pembrokeshire 013,2021,12,0,0,0,0.0981913846908921,0.00182379799221778,0.16809164513971853,0.0924451423332976,0.0019347770386339,0.1728753840240927,0.09782160765515917,0.0011922768661929606,0.04458378610713501,0.1775789687126519,0.1329951826055169,-3.697770357329322e-4
W02000138,Pembrokeshire 013,2023,1,0,0,0,0.13009487276611234,0.00187018606378008,0.17015349029289342,0.1491806500363415,0.00198118513392036,0.17492191689921144,0.12092321682862524,0.0017389556298188214,0.05758480387385378,0.21385516558120993,0.15627036170735614,-0.009171655937487103
W02000138,Pembrokeshire 013,2025,12,0.10601607823830984,0.010219966055312,0.3962806013439104,0.13010015467244068,0.00284672627848499,0.21124104735354016,0.0873675685787825,0.00190860700890353,0.17170566058683612,0.12256005324953709,0.0022533523018195287,0.0521666396834514,0.21845414392711968,0.16628750424366828,-0.0075401014229035945
W02000139,Pembrokeshire 014,2021,11,0,0,0,0.07614201451975465,0.00134486070919033,0.14416574972797097,0.1059599860185496,0.00203703576028045,0.17740178620924382,0.08728310284646738,8.263059824510996e-4,0.04269151141090989,0.1592322866021984,0.11654077519128851,0.011141088326712734
W02000139,Pembrokeshire 014,2023,4,0,0,0,0.10804570346329616,0.00138764330756005,0.14636917566074958,0.16269541057018289,0.00207703862784855,0.1791267106824579,0.10807892292923896,0.0012051061945461562,0.050700310815675706,0.18238935190723993,0.1316890410915642,3.321946594279923e-5
W02000139,Pembrokeshire 014,2025,20,0.35209858714901615,0.02171961600463605,0.5777023817956731,0.108050164069873,0.00236094792584611,0.19251298553632396,0.1008825715759199,0.00201421986103538,0.17640835125135018,0.10941360472434253,0.001606530885196469,0.047016094816580256,0.20431542141518516,0.1572993265986049,0.0013634406544695277
W02000140,Pembrokeshire 015,2021,9,0.14526186177297862,0.01480410744747963,0.476945989129269,0.11358600060069245,0.00169117680197185,0.162078200244467,0.10990876038380226,0.00169266153282231,0.1616296511365815,0.11477767173485524,0.0014091121044940253,0.05217610977199531,0.19751795431437846,0.14534184454238314,0.0011916711341627972
W02000140,Pembrokeshire 015,2023,10,0.1566169536105545,0.01387544715000621,0.4617443398482173,0.14548938114989352,0.00172785552951074,0.1638189692826501,0.16664430075567685,0.00173034954626472,0.1634073084623932,0.14155672737612873,0.0020052229157617287,0.06860036707135406,0.238676828502424,0.17007646143106994,-0.003932653773764783
W02000140,Pembrokeshire 015,2025,14,0.1726677409248139,0.0226457379422177,0.589890395816917,0.14549140293680748,0.0027033784538353,0.20613941331493071,0.10483110491744822,0.00168159804754266,0.1611005649012902,0.1420506669142674,0.002538007137237357,0.06410266904349898,0.2588178764979364,0.19471520745443743,-0.0034407360225400807
W02000141,Pembrokeshire 016,2021,10,0,0,0,0.0871697593497815,0.00150431464335905,0.152591578081976,0.06247784449707525,8.131991618834859e-4,0.11186951111795396,0.08868954114205789,8.420978120656169e-4,0.038530423160887936,0.14799441935112426,0.10946399619023632,0.001519781792276395
W02000141,Pembrokeshire 016,2023,5,0.09379934334303676,0.009157432454165,0.37511544716773676,0.11907321683512306,0.00154731525214986,0.15468005191657025,0.11921388581559016,8.508256817335373e-4,0.1144205892642294,0.10987735122135854,0.0012836738266926238,0.04891907526721302,0.18414806754350527,0.13522899227629226,-0.009195865613764523
W02000141,Pembrokeshire 016,2025,17,0.03546912066416068,0.00129967702376809,0.141317454930485,0.11907795360732162,0.00252201595231043,0.19897645377779136,0.05739969279188035,7.696990020834225e-4,0.1088373076430049,0.11128436491109937,0.0018013404680725482,0.04539726939896782,0.20920451675185733,0.1638072473528895,-0.007793588696222251
W02000142,Carmarthenshire 001,2021,9,0.13704682389226022,0.01606175013541019,0.49679191512526255,0.1096356541618152,7.613506640160826e-4,0.10905543843673164,0.0975458931109712,0.00144842642604702,0.14950738204852126,0.11157362030459356,7.503927471451022e-4,0.06499063860015458,0.1772785420385789,0.11228790343842432,0.0019379661427783579
W02000142,Carmarthenshire 001,2023,2,0,0,0,0.1415391319477444,7.960186699139186e-4,0.11142797581284042,0.1542814938383197,0.00150197385213671,0.15223549591523952,0.13728485066190751,0.0010802787162319907,0.08326235395776795,0.21528780632276168,0.13202545236499375,-0.004254281285836881
W02000142,Carmarthenshire 001,2025,9,0.1085597992753008,0.00740187778089984,0.33724773500284644,0.14153388282581944,0.00175915116631578,0.16738176529216958,0.09246823891084982,0.00143071103123409,0.14859342378144663,0.13896942328260187,0.0017241354029784567,0.07450953782349284,0.23569391154647834,0.1611843737229855,-0.002564459543217573
W02000143,Carmarthenshire 002,2021,6,0,0,0,0.10570632181058322,6.765499314066292e-4,0.10271778890674524,0.10078431146475036,0.00201500023249314,0.17658267901022706,0.1107471794299539,5.685159746898959e-4,0.06875105639092705,0.163839802399657,0.09508874600872996,0.0050408576193706756
W02000143,Carmarthenshire 002,2023,7,0,0,0,0.13760962436106777,7.028357720512586e-4,0.1045893658688263,0.15751979516637554,0.00206470496373059,0.17872607003617752,0.13660093999783143,8.319184524174897e-4,0.0847710399733429,0.19911951020676621,0.11434847023342332,-0.0010086843632363396
W02000143,Carmarthenshire 002,2025,7,0,0,0,0.13760361144528369,0.00166364584910825,0.16301261163743536,0.09570688228161112,0.0020002171579785,0.1759392216783087,0.13689508162446154,0.0012965874556790636,0.07927576381958258,0.22082656883753957,0.14155080501795697,-7.085298208221458e-4
W02000144,Carmarthenshire 003,2021,9,0.09097016580598384,0.00862237090412444,0.3639916634481905,0.1017577611613202,8.302241549335549e-4,0.11378818163603736,0.08781812139223477,8.723216360428336e-4,0.11589349168634126,0.10654589649551123,7.59634833542816e-4,0.06202042388168023,0.16483185801036426,0.10281143412868404,0.004788135334191035
W02000144,Carmarthenshire 003,2023,4,0,0,0,0.1336612464168878,8.658249931007278e-4,0.1161207724139354,0.14455403808086176,9.310531114456873e-4,0.11972470035591908,0.1311080552391517,0.0010983462580062813,0.07625106875701029,0.21091557319664517,0.13466450443963487,-0.002553191177736114
W02000144,Carmarthenshire 003,2025,20,0.06599265594319388,0.00172428113716553,0.16277290909387862,0.13365786068654717,0.00183072227794711,0.1705493864743145,0.08274007698291458,8.41499702708066e-4,0.11382898318255164,0.13279677146229327,0.0016650291218182206,0.07066214388775006,0.24051869785208418,0.16985655396433413,-8.610892242539026e-4
W02000145,Carmarthenshire 004,2021,7,0.23456238084119208,0.03797704043668866,0.7639037556377768,0.11212387834784152,7.130534855511461e-4,0.1056037389387282,0.1321480573879689,0.0017291122653735,0.1634455302928814,0.11821332879311307,7.407611691482316e-4,0.07130507767194216,0.17451156416917551,0.10320648649723335,0.006089450445271552
W02000145,Carmarthenshire 004,2023,4,0,0,0,0.14402726916561873,7.450623834357427e-4,0.1078574688578551,0.18888350076266203,0.00177714776007575,0.16569074729554428,0.14578816811383957,0.0010381969723141492,0.08692650532683936,0.21590631296102886,0.12897980763418948,0.001760898948220846
W02000145,Carmarthenshire 004,2025,15,0.25999806831673655,0.01536098621601223,0.4858336999182376,0.14402056980722647,0.00170681693224269,0.16503773674850764,0.12707053821933978,0.00171809764085133,0.16292248139936594,0.14789811121147953,0.001633842157749907,0.08406426154320104,0.23327601858052843,0.1492117570373274,0.00387754140425306
W02000146,Carmarthenshire 005,2021,2,0,0,0,0.10575629417232056,7.304743140798836e-4,0.10683985391935036,0.10040728067630596,0.00169751414601577,0.16195674001806742,0.11174030313039243,7.313519989723365e-4,0.0652618326047634,0.17430259029724898,0.10904075769248558,0.005984008958071871
W02000146,Carmarthenshire 005,2023,5,0,0,0,0.13765963280419433,7.60237377326986e-4,0.10889998107518434,0.15714281854205506,0.00174301694133593,0.1640985388494665,0.13660385181444448,0.0010081211856495763,0.08337262598124,0.21514573475124432,0.1317731087700043,-0.0010557809897498438
W02000146,Carmarthenshire 005,2025,11,0.11287773362534176,0.0113282397831304,0.41721441316351643,0.1376535280036828,0.0017225835284881,0.16580036012299446,0.09532975353430843,0.0016737800882323,0.1608257986575076,0.13763669267153292,0.0013474101523915484,0.08224687418757468,0.22504986967996765,0.14280299549239298,-1.6835332149883753e-5
W02000147,Carmarthenshire 006,2021,7,0,0,0,0.11345667255234416,8.318687433741568e-4,0.11384087800822072,0.11274341817630457,0.00190214529865419,0.1714653069033057,0.11174614335258838,7.780643457436377e-4,0.0592200916080439,0.17533580308943136,0.11611571148138747,-0.0017105291997557837
W02000147,Carmarthenshire 006,2023,3,0,0,0,0.14536003032308498,8.654454592561532e-4,0.1160236705187188,0.16947885914446906,0.00194699358183293,0.17346206927082586,0.13708451943462238,0.0010815620319677866,0.07180400237849165,0.21458051491488522,0.14277651253639356,-0.008275510888462595
W02000147,Carmarthenshire 006,2025,12,0.2704269807429745,0.02339864101703794,0.5996162637125705,0.14535699692270146,0.00183058135766019,0.17058004970688925,0.10766596731135249,0.00188272621667084,0.17059184237772457,0.13854334998542897,0.0015918873051378995,0.0717301995068384,0.23505444368149686,0.16332424417465846,-0.006813646937272488
W02000148,Carmarthenshire 007,2021,6,0,0,0,0.1267987040722567,0.00135260601685509,0.14546089569843434,0.12303818025923063,0.00204510517653468,0.17778231954818108,0.11913875358339894,0.0014954839453946035,0.06078614517609483,0.21411825828760062,0.1533321131115058,-0.007659950488857772
W02000148,Carmarthenshire 007,2023,3,0.4215787752705564,0.0940528994760698,1.2021652803241425,0.15870193376469732,0.00138629801764655,0.1472112604908799,0.17977357467251473,0.00208791603542945,0.17962178130827805,0.14641330457613974,0.0021507878256330107,0.0761487822376089,0.261025402310782,0.18487662007317307,-0.012288629188557582
W02000148,Carmarthenshire 007,2025,10,0.332246539269178,0.03636461716012154,0.7475110149045666,0.15870316361064146,0.00235942509163353,0.1933301177908698,0.1179607564329499,0.00203062114508286,0.17715296605610964,0.1481769488504823,0.002717354354338628,0.07075830434641404,0.2923446712212866,0.22158636687487254,-0.010526214760159164
W02000149,Carmarthenshire 008,2021,6,0.19823795880340647,0.03118803907968298,0.6922645963005799,0.12260192557576896,9.44684755908306e-4,0.12147695906582076,0.10783015202262142,0.00157015401540015,0.1556232412274709,0.11664385459401433,8.19099061409374e-4,0.06553534200545279,0.18189264700302427,0.11635730499757148,-0.005958070981754632
W02000149,Carmarthenshire 008,2023,8,0.09239522812757683,0.0080848671593361,0.3524638095655888,0.15450541568710532,9.75583981593333e-4,0.1233911881153217,0.16456577574031458,0.00158721620974741,0.15645498774970076,0.1426323964615867,0.0010898189110554292,0.08043199236183096,0.21623394604879398,0.13580195368696302,-0.011873019225518616
W02000149,Carmarthenshire 008,2025,15,0.2968642002048154,0.02407259230352023,0.6081903387635527,0.15450282021802264,0.00194271635649758,0.17561969836211314,0.10275245341096362,0.00155559723955277,0.1549023888333931,0.144712022359598,0.0016709866569165274,0.08259946686377238,0.23922103542008594,0.15662156855631354,-0.009790797858424627
W02000151,Carmarthenshire 010,2021,4,0,0,0,0.11954503700577708,7.797161902048344e-4,0.1103255141149108,0.11692457154740955,0.00186134047096898,0.16966403820531134,0.11908892311133697,8.190716423023554e-4,0.06989105884633112,0.17650415083627236,0.10661309198994123,-4.561138944401133e-4
W02000151,Carmarthenshire 010,2023,5,0,0,0,0.1514482708037139,8.106859744076156e-4,0.11239548848363563,0.1736599547117707,0.00190698999216962,0.17171879866371886,0.1464920544029997,0.001187775682203584,0.08721594176935521,0.22057097954799,0.13335503777863478,-0.004956216400714197
W02000151,Carmarthenshire 010,2025,12,0.4865729101774327,0.02966075361199007,0.6751016622441818,0.1514435209843267,0.0017745069756646,0.16815028670033533,0.1118471546678606,0.00185185508658035,0.16922866574869003,0.14881032969791613,0.0018832691151869883,0.08112624742616256,0.24633318326396264,0.16520693583780008,-0.002633191286410569
W02000152,Carmarthenshire 011,2021,8,0.06020085014244122,0.0037736298794235,0.2408006958988807,0.11747772538114516,7.668776746380372e-4,0.1095414096827644,0.08982022872826133,0.00121959116557469,0.1371265896669102,0.12119676396039296,9.195574836322016e-4,0.07703477958999205,0.18653813706679528,0.10950335747680323,0.0037190385792477965
W02000152,Carmarthenshire 011,2023,1,0,0,0,0.1493811948550697,8.037298319190368e-4,0.11207638944793873,0.1465559688665747,0.00129169939052878,0.14111387651165044,0.1477940766867674,0.001217197502555799,0.09222888627967964,0.21986334359484247,0.12763445731516282,-0.001587118168302315
W02000152,Carmarthenshire 011,2025,11,0.19980982291969268,0.01761378862418134,0.5202408814239927,0.14937528766148278,0.0017670185545052,0.167826008495089,0.08474244566426585,0.00122374936996383,0.13736460854212554,0.14914074386069032,0.0016465341206435742,0.0838659540832419,0.2267050467977892,0.14283909271454728,-2.3454380079246384e-4
W02000153,Carmarthenshire 012,2021,7,0,0,0,0.10858210886430392,9.349568973644872e-4,0.12085544764872735,0.0988443969262479,0.00189030222613412,0.17095582609755594,0.11163425423314678,9.72462021548512e-4,0.05940279035048304,0.18784575193443726,0.1284429615839542,0.003052145368842865
W02000153,Carmarthenshire 012,2023,3,0,0,0,0.14048536969819445,9.681415491758286e-4,0.12290908344465018,0.15557986019230527,0.00193612309477984,0.17299970998327208,0.13787128303483295,0.0013691877659422079,0.07138809023396356,0.21966391760438475,0.1482758273704212,-0.0026140866633614923
W02000153,Carmarthenshire 012,2025,12,0.20039526802664004,0.02833171621297215,0.6598033681384919,0.14048252435557051,0.00193535832996545,0.17537549650684156,0.09376697845993733,0.00187194922830684,0.17012835549846056,0.1388897377919809,0.0019159322341589617,0.0689849008722174,0.24475406920428833,0.17576916833207093,-0.0015927865635896044
W02000154,Carmarthenshire 013,2021,8,0.2285910182098281,0.01805950830733252,0.5267821465638384,0.14045397117809283,9.845614520183031e-4,0.12393839126991048,0.11980883886368096,0.00148526102623027,0.1513850805589946,0.14398928848877948,0.0012258557936290736,0.09215951658318326,0.22888632323511704,0.13672680665193376,0.003535317310686653
W02000154,Carmarthenshire 013,2023,4,0.20106968044923307,0.03648779588946124,0.7487759754886841,0.17235770278267729,0.00102034189327894,0.12622877288916745,0.17654438098542216,0.00153241068781949,0.1537605433582302,0.17642282852680477,0.0016672053057966776,0.11014601270156801,0.2789542366549025,0.16880822395333447,0.004065125744127485
W02000154,Carmarthenshire 013,2025,13,0.13504243620429662,0.00882794505116138,0.3683052396335785,0.17235594689920644,0.00198915374285542,0.17794404717454554,0.11473120000006869,0.0014750431243948,0.1508618216464241,0.17932108434743022,0.002302138308618882,0.09937168656165812,0.28396531921081125,0.18459363264915313,0.006965137448223774
W02000156,Carmarthenshire 015,2021,12,0,0,0,0.11125427445022812,9.055214099764012e-4,0.11876580927891946,0.08034876677170724,0.00133124826972106,0.14327205038708385,0.11450850599440857,8.698708670388805e-4,0.0619011816206706,0.17814191946150038,0.11624073784082978,0.003254231544180447
W02000156,Carmarthenshire 015,2023,3,0,0,0,0.14315741460530537,9.424606925609764e-4,0.12107730566227884,0.13708451534472738,0.00138258713576451,0.14599685115935196,0.14088526224073616,0.001249780823475161,0.07583818755482154,0.21846304315926768,0.14262485560444615,-0.0022721523645692077
W02000156,Carmarthenshire 015,2025,7,0.05883994883762803,0.00369367440371187,0.2382360016362856,0.14315527691349217,0.00190940099247105,0.17410441527627032,0.07527101279088842,0.00130056666427248,0.14161367024826516,0.142952022000301,0.0018366047067831562,0.07736459129912793,0.24115217090763136,0.16378757960850343,-2.032549131911754e-4
W02000157,Carmarthenshire 016,2021,4,0,0,0,0.13126828070811877,8.461390012365657e-4,0.11485295137245696,0.09959503206151071,0.00145672857602322,0.14992231038082232,0.13520545562987724,0.0011003191316961574,0.08699598614857329,0.21769121446303769,0.1306952283144644,0.003937174921758463
W02000157,Carmarthenshire 016,2023,6,0.47034066890210224,0.04892456193418357,0.8670448431094333,0.1631721161429632,8.789415638416237e-4,0.11709234494590208,0.1563306545350122,0.00150301806742153,0.15227399912756157,0.16485066578941812,0.0013548115060449484,0.10871324381823855,0.2538458569917898,0.14513261317355125,0.0016785496464549188
W02000157,Carmarthenshire 016,2025,10,0.07381366487938326,0.00547721610347597,0.2901068776402632,0.16316584043332744,0.0018442440396512,0.17134421659579635,0.0945173758074477,0.00143185740193241,0.14863810649793072,0.1667097022085706,0.0017994378269425959,0.10275889162919835,0.2634568773155177,0.16069798568631935,0.0035438617752431567
W02000158,Carmarthenshire 017,2021,15,0.04756372055979965,0.00224029093699532,0.1855369007054044,0.12351233825420448,7.876444042724512e-4,0.11092294843750956,0.05643492469090751,5.319106115048971e-4,0.09046539003714632,0.13361306666186096,0.0010365621422051764,0.08086493321571425,0.2082653648534467,0.12740043163773246,0.010100728407656481
W02000158,Carmarthenshire 017,2023,4,0.3978256498449094,0.06156795372300046,0.97264743643585,0.15541591630482646,8.276012791210569e-4,0.1136786399490282,0.11317100945438172,6.003679898255921e-4,0.09610384879716112,0.16312678078305598,0.001364709806040222,0.10007297799427714,0.25649467949704635,0.1564217015027692,0.007710864478229523
W02000158,Carmarthenshire 017,2025,10,0.02982852985554847,9.620377518338888e-4,0.12158336082907129,0.15540919259569755,0.00179132036802731,0.16879352590981883,0.05135667304093853,5.082561702387826e-4,0.0884320195431614,0.1647098128318426,0.0018278755406964291,0.09076978214507495,0.26369299981134275,0.1729232176662678,0.009300620236145057
W02000159,Carmarthenshire 018,2021,9,0.08954296808812531,0.00772963009383915,0.3446334615482435,0.13148711896055795,0.00100150620364365,0.12498335463087833,0.10430763612152225,0.00139316353509014,0.1465847583036921,0.13112645381361088,0.0012969269261817412,0.07302489987143981,0.2060245703662999,0.13299967049486008,-3.6066514694707563e-4
W02000159,Carmarthenshire 018,2023,6,0.1952223080601683,0.03052578617792752,0.6848753187896975,0.1633906464502028,0.00103493321304509,0.12706283015986897,0.16104328587459052,0.00145195014862346,0.1496347279688013,0.15935231486241205,0.0017900587861659559,0.0905949464909559,0.24270272142154514,0.15210777493058925,-0.004038331587790739
W02000159,Carmarthenshire 018,2025,9,0.11541527583403556,0.01226480196722176,0.4341185630725812,0.16338694748675522,0.00200306706779804,0.1782455906574516,0.09922994397571326,0.00138968569529628,0.14640282953308592,0.16126381472994308,0.002429395125604234,0.08414387310001278,0.2723606164602028,0.18821674336019004,-0.0021231327568121405
W02000160,Carmarthenshire 019,2021,5,0,0,0,0.118156698159557,9.375470333157584e-4,0.12105110081321692,0.10276875164849192,0.00193605270141528,0.1730145282479552,0.11918309589600427,8.952206910397938e-4,0.06393017480407903,0.1905419496561589,0.12661177485207986,0.0010263977364472765
W02000160,Carmarthenshire 019,2023,3,0,0,0,0.1500601321380512,9.717493009610036e-4,0.12319774167290382,0.1595042072975589,0.00198223677195052,0.17505054573110948,0.1470999378692388,0.0012907271967147209,0.08277312612752219,0.22969739459820465,0.14692426847068246,-0.0029601942688123883
W02000160,Carmarthenshire 019,2025,6,0.304816817216375,0.03421625630710492,0.7250940341833164,0.15005665012506655,0.00193882599395805,0.17554160915729763,0.09769134979855744,0.0019206460966923,0.172327770740761,0.1491016176929798,0.0017461766659188256,0.07989599096936559,0.2378286684333204,0.1579326774639548,-9.550324320867498e-4
W02000161,Carmarthenshire 020,2021,11,0.09864675077769616,0.00928749944213018,0.3777700181547643,0.14513107419030535,0.00106288177786197,0.12852218494927786,0.11370218945478584,0.0016858902040797,0.16131627072041815,0.14454574313640714,0.0014054591524451212,0.08049987651499477,0.22861209936104993,0.14811222284605516,-5.853310538982137e-4
W02000161,Carmarthenshire 020,2023,5,0.4820884187887595,0.05492001714950025,0.9186359111456949,0.1770346532337768,0.00109803601731656,0.1306903659196038,0.1704377430536345,0.00174764002965772,0.16423247486934023,0.17503236962872198,0.0018126024171176522,0.1016567202035053,0.26714686447959335,0.16549014427608805,-0.0020022836050548054
W02000161,Carmarthenshire 020,2025,8,0,0,0,0.1770305707876225,0.00206739293986438,0.1809371604278008,0.10862463080257671,0.00168869298752339,0.16145066285017662,0.177849764652734,0.002439550255666372,0.09235266351222293,0.289245542746148,0.19689287923392507,8.19193865111506e-4
W02000162,Carmarthenshire 021,2021,11,0.03230184194529271,0.00120239049805652,0.1359254734724587,0.12618041383307887,0.00136122470986165,0.14578614845622484,0.05783078342493549,7.730512401742948e-4,0.10907956712338188,0.12338669825368695,0.0011230605289211134,0.07190582369285034,0.19795772012849466,0.12605189643564432,-0.0027937155793919255
W02000162,Carmarthenshire 021,2023,2,0,0,0,0.15808370592637172,0.00139992084951915,0.1478409504908242,0.11456677391225782,8.737569077557559e-4,0.1159601839979162,0.15060321416004227,0.0015949882006145652,0.08755857172774617,0.23137467894609798,0.1438161072183518,-0.00748049176632945
W02000162,Carmarthenshire 021,2025,5,0,0,0,0.15808391062407504,0.00237290599567971,0.19372573124934853,0.0527526302004046,8.005216481479344e-4,0.11100553320340607,0.1528154466636528,0.002161639789043359,0.08234497899924886,0.25759883519651317,0.1752538561972643,-0.005268463960422243
W02000163,Carmarthenshire 022,2021,12,0.23659184026031504,0.02579313541890911,0.6295498949831583,0.1452250276274884,0.00112266563838028,0.13210401747997297,0.12702325688287602,0.00181692620643662,0.16747840043374854,0.13911290809282545,0.0012558672829640074,0.07611018596138355,0.225095740283579,0.14898555432219546,-0.006112119534662952
W02000163,Carmarthenshire 022,2023,5,0,0,0,0.17712853703725892,0.00115706462099856,0.13415865418262474,0.18375876171865616,0.00186802737951474,0.16980890956620937,0.17088733589347255,0.0018236783809421036,0.09753098801870003,0.2764185130999519,0.17888752508125189,-0.0062412011437863735
W02000163,Carmarthenshire 022,2025,12,0.2033415802781794,0.01639879804613141,0.5019773198187067,0.17712535445662397,0.00212716216631707,0.18341163156854076,0.12194574293978544,0.00180487109101154,0.16692219680719642,0.1747104012829493,0.002625115267013902,0.09177055332833164,0.2867693881189135,0.19499883479058186,-0.002414953173674683
W02000164,Carmarthenshire 023,2021,7,0.26102730416474546,0.02976521032347925,0.6762893751847509,0.15240019596774315,0.0010189081753707,0.1254080405905979,0.13187432339134847,0.00150780181831776,0.1525135818010624,0.15470217419412297,0.0017881183037338226,0.09298560788493311,0.24610240863921407,0.15311680075428097,0.002301978226379814
W02000164,Carmarthenshire 023,2023,2,1,0,0,0.18430431161615377,0.00105687847793795,0.12785159991637324,0.18860984853922488,0.00155806151486118,0.15502785521681334,0.187486950470014,0.0023778118310815556,0.1164873319821419,0.29496108407397503,0.17847375209183314,0.003182638853860248
W02000164,Carmarthenshire 023,2025,21,0.15145645877934877,0.00638587258219278,0.313247930934544,0.18430051096099467,0.00202683418731162,0.17933525634752856,0.1267966845488792,0.00149369273746018,0.15179440731230148,0.18938636921311122,0.003074093391729579,0.11138214202346108,0.32330694916734914,0.21192480714388806,0.0050858582521165485
W02000165,Carmarthenshire 024,2021,7,0.7492109322523505,0.04213698707853686,0.804655207378464,0.15244678322183067,0.00118350709549884,0.13559671826300806,0.10439426864502338,0.00116078518914115,0.1337254546035035,0.14437652777326312,0.0014245720242672367,0.08352506729907475,0.22954838226953242,0.14602331497045767,-0.008070255448567543
W02000165,Carmarthenshire 024,2023,5,0.3111153116848293,0.05804979447757004,0.9444488234633838,0.1843503565786831,0.00121613267493622,0.13751735410290827,0.161130080179629,0.00121177959154501,0.13662380185654535,0.17646226881770358,0.001971654051205273,0.10854680775802716,0.2823997552487715,0.17385294749074431,-0.007888087760979517
W02000165,Carmarthenshire 024,2025,5,0.04460589483460792,0.00258885781315688,0.19944914822454768,0.1843477959571349,0.00218726118543912,0.18601535888802345,0.09931641096176932,0.00113025750819355,0.13195551833785013,0.17862094780116602,0.0025752975996867406,0.09716402596921585,0.2957594155782126,0.19859538960899675,-0.005726848155968883
W02000166,Carmarthenshire 025,2021,4,0.15612989955161513,0.02693023445625694,0.6432771928036902,0.1415766833785865,0.0012608734464969,0.1402679934958657,0.1263564926730202,0.00190743626298973,0.1716436757253459,0.14163313471298664,0.001625439382735447,0.07301219607361926,0.22991713343209608,0.15690493735847683,5.6451334400131614e-5
W02000166,Carmarthenshire 025,2023,3,0,0,0,0.17348014044326046,0.00129385328388252,0.14211473124865248,0.18309190107405993,0.00196087357649931,0.17402250866688562,0.17321630171320856,0.002300130810783656,0.09410751416733121,0.27658630084472063,0.18247878667738943,-2.638387300518963e-4
W02000166,Carmarthenshire 025,2025,11,0.479665552414865,0.03436522188755858,0.7266707225286364,0.1734793875421813,0.00226589668163901,0.1894735033925667,0.12127903938747717,0.00190159017445061,0.17137821916746093,0.17586015719346323,0.002909940187431876,0.09322097817116898,0.2996838911878668,0.20646291301669784,0.002380769651281922
W02000167,Carmarthenshire 026,2021,9,0.33604421260374767,0.04204022748596404,0.803730807422346,0.16708960952395008,0.00132113868606778,0.1430437983273931,0.15509855232603947,0.00198997840617705,0.1752845352239664,0.16092983736380898,0.0018996186211532788,0.0929008051213429,0.2560779235517716,0.1631771184304287,-0.006159772160141103
W02000167,Carmarthenshire 026,2023,3,0.6329721270766093,0.08110008501195173,1.1163200919596588,0.19899320069004636,0.00135702275698442,0.14507372611771296,0.2118339016727807,0.00203790154283181,0.177378616272041,0.1953310843371317,0.002503053854428013,0.11776905370397273,0.30680740979720134,0.1890383560932286,-0.0036621163529146628
W02000167,Carmarthenshire 026,2025,10,0.4589448374458594,0.02701811366841075,0.6443259146426844,0.1989919345101035,0.00233025238640091,0.19186284233449405,0.150021051101136,0.00199013227436757,0.17528193904598333,0.1959495879851743,0.0030469400898528276,0.11550996406163264,0.32093089506877,0.20542093100713735,-0.0030423465249291848
W02000168,Swansea 001,2021,13,0,0,0,0.10841480294235864,9.713125707970645e-4,0.1227060952673852,0.1082801791698344,0.00185713740452751,0.16941536577314967,0.11005196833191831,7.493754188805659e-4,0.06309125502364123,0.16806095571741442,0.10496970069377319,0.0016371653895596722
W02000168,Swansea 001,2023,5,0,0,0,0.140317940457166,0.00100842999011076,0.12492953518957982,0.16501563203864192,0.00190416251162181,0.17153251805216602,0.13708175172015055,0.001135238676140866,0.08031634156756531,0.20279581033482086,0.12247946876725554,-0.0032361887370154496
W02000168,Swansea 001,2025,17,0.18361995535619988,0.0200861932354291,0.5555548008195258,0.14031830937842563,0.00197699916344046,0.17687240787469863,0.10320269959508832,0.0018436022320012,0.16879790514276244,0.13907127509170056,0.0016348826024020515,0.07545550378361356,0.2196130722041536,0.14415756842054006,-0.0012470342867250683
W02000169,Swansea 002,2021,6,0.32726129190546793,0.06176508163109479,0.9742033004309966,0.12138000481131346,7.36627000382465e-4,0.10729132046328715,0.123095442667384,0.00163565422114158,0.15892930671465877,0.12422454667952872,8.649439647754033e-4,0.07648653638179309,0.19270514121675517,0.11621860483496207,0.0028445418682152557
W02000169,Swansea 002,2023,1,0,0,0,0.15328366320120757,7.730083948887211e-4,0.10983128955738604,0.17983090507692318,0.00168075499340817,0.16109780737985402,0.1526738839625956,0.0010989539023875694,0.09256228915913794,0.2266062546988391,0.13404396553970116,-6.097792386119683e-4
W02000169,Swansea 002,2025,17,0.21235991071668048,0.00936872533001717,0.3794183577933726,0.15327783356960223,0.00173544345462303,0.16629643818249987,0.11801785482758484,0.0016228163180798,0.15829997180438798,0.15559401041027016,0.0016804336615648357,0.0860994013295402,0.24150067481121462,0.15540127348167443,0.0023161768406679273
W02000170,Swansea 003,2021,5,0,0,0,0.12168724033099064,0.00103847715767493,0.12737152930422832,0.11433971314389171,0.00180325568740208,0.16688608844807146,0.12459658988209124,0.0012688363522436687,0.07260579696400243,0.20411441961246246,0.13150862264846003,0.0029093495511006012
W02000170,Swansea 003,2023,5,0.5444928596855071,0.07251248986734608,1.0555638186512644,0.15359069792383342,0.00107133237014651,0.12931628459955927,0.1710751946622955,0.00184316274561525,0.16871287038320193,0.15306210446006718,0.0016639901041813584,0.09055173614735265,0.22945501803962876,0.1389032818922761,-5.285934637662415e-4
W02000170,Swansea 003,2025,13,0.12613782013815375,0.01385209999298553,0.46135570529989667,0.15358956221699294,0.00204030998144494,0.17992698667340723,0.10926215731187804,0.00178761137117887,0.16616155090855084,0.15548228815402376,0.002202730115949466,0.08072396554078293,0.26201065653347977,0.18128669099269684,0.0018927259370308258
W02000171,Swansea 004,2021,9,0.23017958058915464,0.02603927313980572,0.6325465848057998,0.11165193927755836,7.905603591064989e-4,0.11089837066644176,0.12963204666217168,0.00197599441833278,0.17469035850204812,0.11922291192723877,6.6211694781349e-4,0.07254458385979176,0.16984919954357017,0.0973046156837784,0.007570972649680416
W02000171,Swansea 004,2023,7,0,0,0,0.1435555868408558,8.247866067770566e-4,0.11319010004023591,0.1863674750505243,0.00202078383379365,0.17665589368887008,0.1469062382662055,9.712893292395982e-4,0.09155069153618128,0.20843914553125617,0.11688845399507489,0.00335065142534971
W02000171,Swansea 004,2025,4,0.6968712317346386,0.05184205493777315,0.892522535790818,0.1435520445965721,0.00178866323904989,0.1684940245977556,0.12455448181848812,0.00197078269095245,0.17445645141285232,0.1501047464647861,0.0016187499823724413,0.08564855009270014,0.23997088515467122,0.15432233506197107,0.0065527018682140226
W02000172,Swansea 005,2021,8,0.09428135406700092,0.00865036864405945,0.36458214399489197,0.11194352052517836,0.00127513561156129,0.1408110619038676,0.09966217449586072,0.00169395755410352,0.16171359698769988,0.11532242505356315,0.0010880394665173962,0.06156096790955787,0.18033538659603648,0.11877441868647862,0.0033789045283847824
W02000172,Swansea 005,2023,7,0,0,0,0.143846804140741,0.00130854230197975,0.14255799820664286,0.15639774197686998,0.00175566947193347,0.16462012528725373,0.14189504218309568,0.0014296141250432553,0.07493743338127086,0.21603590290702585,0.141098469525755,-0.0019517619576453205
W02000172,Swansea 005,2025,7,0,0,0,0.14384894562554207,0.00228096036824923,0.18972773084579292,0.0945845597414799,0.0016973684888778,0.16188069920404377,0.14534330132327072,0.0020579781533689072,0.07218329470681975,0.25214315839996926,0.1799598636931495,0.0014943556977286554
W02000173,Swansea 006,2021,12,0.31339800305349097,0.04472444693261124,0.8289924515215942,0.11603241752380064,9.928734499107855e-4,0.12432229193058318,0.11563232539669728,0.00187676275085406,0.17022948675636934,0.1222129416232558,9.742191874007241e-4,0.07337944382284287,0.19313445334472273,0.11975500952187987,0.006180524099455159
W02000173,Swansea 006,2023,3,0,0,0,0.14793585776228738,0.00102917953851505,0.1264952347460607,0.17236780328005138,0.00192581488052753,0.17242995364834648,0.1506566246385572,0.001379064183978439,0.09067392351352678,0.23125942342384243,0.14058549991031566,0.00272076687626982
W02000173,Swansea 006,2025,7,0.13584555172983476,0.01643109043321021,0.5024713216822555,0.14793524305998298,0.00199743378382433,0.17780950300671788,0.11055470716454416,0.00186400750475807,0.16965087914994087,0.15272015172263909,0.0019182881658615432,0.08867813861870756,0.26725375893518194,0.1785756203164744,0.004784908662656101
W02000174,Swansea 007,2021,13,0.06210812928663949,0.0037572545052504,0.24027765989194155,0.10613645031014822,9.77793263432128e-4,0.12324058084110733,0.08943742216494678,0.00131480257910567,0.1423692513219319,0.11222397025872925,7.803801345017516e-4,0.059858872690306486,0.173485260830608,0.11362638814030152,0.006087519948581033
W02000174,Swansea 007,2023,2,0,0,0,0.13803987420430808,0.00101769850555687,0.12565318214827303,0.14617314392015388,0.00138634066974109,0.14618494036304552,0.1381439759832438,0.0010687595733834467,0.07944856873090111,0.20983631110592055,0.13038774237501943,1.0410177893571682e-4
W02000174,Swansea 007,2025,10,0.3050241900452019,0.05192578673240396,0.8932430161264628,0.13803950279354776,0.00198591926833143,0.17724154386031665,0.08435961487474321,0.0013240763035812,0.14287461217270483,0.14025765534989817,0.001499832984484058,0.07404445690367009,0.22529539903393347,0.15125094213026338,0.002218152556350411
W02000175,Swansea 008,2021,3,0,0,0,0.1202093018156008,0.00142195802944383,0.1488021561383437,0.1172358912038138,0.00208154740799997,0.17938803346886262,0.1181175655933857,0.001397197177332868,0.05982277876516366,0.20172852655142431,0.14190574778626064,-0.0020917362222151042
W02000175,Swansea 008,2023,3,0,0,0,0.1521123420682992,0.00145488416720667,0.15042505728209782,0.17397137335958524,0.00212507725431351,0.18123670624613752,0.1452557997298097,0.001865224376468471,0.07670791802954274,0.23419304169818228,0.15748512366863954,-0.0068565423384895074
W02000175,Swansea 008,2025,6,0.2842427254159557,0.05146719348627623,0.8892898389034409,0.15211398290925868,0.00242914842061502,0.19590713312399016,0.11215836156603444,0.00207377051104692,0.17905669057087537,0.14668261059725454,0.0019929922572748445,0.07264707026031506,0.24204863582259326,0.1694015655622782,-0.005431372312004135
W02000176,Swansea 009,2021,7,0.3415309764087192,0.06091412099118625,0.9674690431976033,0.11999697373295556,8.753650825616636e-4,0.11676376919833342,0.116910994937516,0.00185700590058448,0.16938425571306687,0.12094675078939443,9.191567756357979e-4,0.0714958569338301,0.18896010230543883,0.11746424537160874,9.497770564388663e-4
W02000176,Swansea 009,2023,6,0.21688537879473965,0.03586825439230302,0.7423918701554137,0.15190061629705212,9.093715886631626e-4,0.11894247664061015,0.17364645023677558,0.00189346975108211,0.17102917773899817,0.14865690418678368,0.0013428229750838759,0.0893206026840456,0.23027189693155725,0.14095129424751165,-0.003243712110268443
W02000176,Swansea 009,2025,7,0.2143825830882824,0.03422371683773016,0.7251730798181535,0.15189765949173772,0.00187514650670702,0.17245097704973292,0.11183342482026588,0.00184980940155656,0.1690540870794179,0.15114946416326785,0.0017570825467605113,0.08310476743297454,0.24189136897913038,0.15878660154615584,-7.481953284698695e-4
W02000177,Swansea 010,2021,8,0,0,0,0.10122219574650448,0.00121763088148056,0.13716940850468948,0.09445945641198186,0.00209193576396763,0.17985856733890007,0.10164168824816958,8.866975586130863e-4,0.04996916215940986,0.17043473948786114,0.12046557732845128,4.194925016650919e-4
W02000177,Swansea 010,2023,6,0,0,0,0.13312550439906848,0.00124849734150495,0.1387924152530294,0.1511949017949853,0.00214287059190587,0.18201517739597164,0.12589763013096242,0.0012774702314308104,0.06315901348108904,0.20823934861078583,0.14508033512969679,-0.00722787426810606
W02000177,Swansea 010,2025,6,0,0,0,0.13312869335754923,0.00222088604780393,0.18704568684095985,0.08938195274275507,0.00208254457192189,0.17945911745095172,0.12784315997504692,0.0015540744823224536,0.062293417759513,0.21127027118625497,0.14897685342674197,-0.0052855333825023165
W02000178,Swansea 011,2021,13,0.10557749277367684,0.00973051594575015,0.38667493484686455,0.13070216666508752,0.00103341152841172,0.1265785620609864,0.12178658212660089,0.00180787629523584,0.16704158724964904,0.12347849315834879,9.933148697895582e-4,0.07347678831134918,0.19293114973218534,0.11945436142083615,-0.007223673506738734
W02000178,Swansea 011,2023,6,0,0,0,0.16260560727778678,0.0010693327181445,0.12867626990298153,0.17852219931504154,0.00187176647672064,0.16995406343234018,0.15218950356660593,0.0013168685625697333,0.09293246012972725,0.22324978865689526,0.130317328527168,-0.010416103711180846
W02000178,Swansea 011,2025,10,0,0,0,0.16260672967552076,0.00203859602787417,0.17942740870506796,0.11670889737206394,0.00181460574805029,0.16735360058404175,0.15585152269395994,0.0020368452639445097,0.07812758630184871,0.2595595368365532,0.18143195053470448,-0.0067552069815608184
W02000179,Swansea 012,2021,10,0.08944517479268621,0.00754761580464424,0.34055164253288217,0.1107973011790179,9.164170268117794e-4,0.11939247832913284,0.05573401058592778,9.35763221895477e-4,0.12003409951234548,0.12016004136714141,9.573835028436743e-4,0.07215914591363243,0.19677674243164134,0.12461759651800891,0.009362740188123511
W02000179,Swansea 012,2023,6,0.0417253249187784,0.00206720842182614,0.1782256550133813,0.14270094786719942,9.51869842624256e-4,0.12162933555003988,0.11246999460657964,9.212973153297536e-4,0.11909203492440255,0.14877018427498864,0.0013549767566591775,0.09112534859472635,0.23759718116117645,0.1464718325664501,0.006069236407789225
W02000179,Swansea 012,2025,14,0.24764267951482924,0.02928269718646051,0.670785436337563,0.14269850853743837,0.00191850674976547,0.17431301719412778,0.05065599282029099,9.241789486708496e-4,0.11929206348585972,0.15165578184209516,0.0019406208908297447,0.083022717040125385,0.25285421679441433,0.16983149975428896,0.008957273304656788
W02000180,Swansea 013,2021,5,0,0,0,0.1219326541411786,9.697970927079018e-4,0.12277396338648083,0.10084444147108554,0.00158432433258017,0.15636156081691463,0.11944772054048745,9.278307973387447e-4,0.06505185749828239,0.18256750588365733,0.11751564838537494,-0.0024849336006911443
W02000180,Swansea 013,2023,2,0,0,0,0.15383608934652204,0.00100606510717278,0.12496994995553616,0.15758007443866112,0.00163410300104904,0.15878649814346302,0.14747419176710602,0.001324484353854179,0.08787547803018989,0.2215501338108309,0.13367465578064103,-0.00636189757941602
W02000180,Swansea 013,2025,9,0.08040879968974707,0.00654770495938855,0.3171923011142976,0.1538350233647695,0.00197417480191957,0.17684529278634292,0.0957667250326955,0.00156687881838099,0.1554977787177455,0.15043604181534023,0.0020529276656646154,0.07858066741159081,0.24850248753555534,0.16992182012396453,-0.0033989815494292752
W02000181,Swansea 014,2021,5,0,0,0,0.1148583386728376,0.00119114431328226,0.13598290015632666,0.097348809524153,0.00153883174137697,0.1540518672004968,0.1116928413883498,0.0011386275320806078,0.057201865958418,0.1833660257727217,0.1261641598143037,-0.0031654972844877977
W02000181,Swansea 014,2023,7,0.07662829889642137,0.00626676249543404,0.31031281034001934,0.14676173852189317,0.00122006385569723,0.1375273733715876,0.1540844842793635,0.00155630929742401,0.15490652607076094,0.13755065821341855,0.0016379451025769955,0.07042726541062155,0.22299262127567923,0.15256535586505768,-0.009211080308474617
W02000181,Swansea 014,2025,8,0.2063450402167813,0.02192115016840678,0.5803764146627142,0.1467636687564459,0.00219152865875192,0.18598167963330087,0.09227096382872928,0.00152937250237106,0.15357953537209973,0.14021643295753264,0.001999506655160588,0.06585643920704101,0.2383799271856005,0.1725234879785595,-0.0065472357989132535
W02000182,Swansea 015,2021,11,0.03075304023895119,0.00112422444029347,0.1314330535688076,0.12571879773745848,0.00105549472167589,0.12822438158763155,0.0423659781454138,5.583550492948526e-4,0.09268025661543422,0.12497952055843128,0.0011768849452007716,0.06769772165869431,0.20653369776713093,0.13883597610843662,-7.392771790271924e-4
W02000182,Swansea 015,2023,4,0.03386443230632921,0.00195425644360269,0.17328814908326398,0.1576222639505844,0.001093055446058,0.1304321026515097,0.09910211219816306,5.997747777867646e-4,0.09605047239094122,0.15353566117069112,0.0016494204256549073,0.08707349882556731,0.24197878863289504,0.15490528980732773,-0.004086602779893284
W02000182,Swansea 015,2025,11,0.2120499599980602,0.03210861699624001,0.7024070898859021,0.1576215555468228,0.00206227810198876,0.18064480194315613,0.03728762600248009,5.721145809985605e-4,0.09381879443380985,0.15570473335167967,0.00206343788149044,0.08311385654823708,0.25861194832566226,0.17549809177742517,-0.0019168221951431363
W02000183,Swansea 016,2021,11,0,0,0,0.13743202249477524,8.890205841980691e-4,0.11750183042569136,0.10931840160718027,0.00173852873997061,0.16382814473721408,0.12733148884452297,0.0011243502176585451,0.07048362052071008,0.19998977313386865,0.12950615261315856,-0.010100533650252264
W02000183,Swansea 016,2023,5,0.10312664013304068,0.01188731312806185,0.42738565193579553,0.1693356911343522,9.238234428275564e-4,0.11970881422729066,0.16605399557884148,0.0017622493810039,0.16492698268165207,0.15751234857896695,0.001620173563849916,0.08829436534995422,0.24969348911270664,0.16139912376275242,-0.011823342555385252
W02000183,Swansea 016,2025,9,0.20765156239873592,0.03208418772704308,0.7021398320814901,0.16933422242447277,0.00189006208668302,0.1729907105600436,0.10424074249164274,0.00172722538179654,0.1632938361148542,0.16041814369512755,0.001926899670584274,0.08567636115225327,0.2552273537404531,0.1695509925881998,-0.008916078729345217
W02000184,Swansea 017,2021,5,0.1945492170053909,0.03330182419997291,0.7153393217716777,0.12867641505884822,9.618491918866948e-4,0.12240847382221094,0.11753289821604702,0.00172425833129818,0.16317055164074662,0.12696518817385716,9.762605176254756e-4,0.07555306501435555,0.20241132732413236,0.12685826230977681,-0.0017112268849910628
W02000184,Swansea 017,2023,4,0.3614948223729675,0.08133307219283634,1.1179224438024724,0.1605801490596795,9.969361681476e-4,0.1246019880442912,0.17426840004448096,0.00176904315895193,0.16526710752331766,0.1567900199048187,0.0014242222305628743,0.09293907373668076,0.24755814484778627,0.1546190711111055,-0.003790129154860794
W02000184,Swansea 017,2025,16,0.13032373465975444,0.01408706498058976,0.4652521038206182,0.1605770257521167,0.00196444903663458,0.17649508924299556,0.11245528574328947,0.00171738783382821,0.16284355114494925,0.15882541264271044,0.002017781559572207,0.08303196677766084,0.267912498055478,0.18488053127781717,-0.001751613109406247
W02000185,Swansea 018,2021,12,0,0,0,0.11407649011705506,0.00110867111629567,0.13133533000963502,0.1126086769967376,0.00206026534781682,0.1784478461392206,0.1261058600065243,0.0011868626008917048,0.0702655299596309,0.19832078835117767,0.12805525839154677,0.012029369889469232
W02000185,Swansea 018,2023,7,0.5111342947018428,0.04027874639370389,0.7867125157784016,0.14598000772320402,0.0011441359793042,0.13340322477102942,0.16934408832183026,0.00209302238468508,0.17985094331274948,0.15412794726818654,0.001748109584087276,0.08615559795117422,0.2445847218930548,0.15842912394188058,0.008147939544982524
W02000185,Swansea 018,2025,6,0,0,0,0.14597848521551476,0.00211399516791811,0.18277774420059775,0.1075312080814952,0.00205345304453876,0.1781545883908755,0.15637107112912266,0.0024694208726004237,0.07462420379569208,0.2691597150859528,0.19453551129026075,0.010392585913607894
W02000186,Swansea 019,2021,11,0.1650752298991866,0.02123591473622745,0.5712333743015695,0.15001426372574073,0.00101146765701296,0.1254473400206324,0.1413907624779004,0.00174556229318566,0.16409586363276124,0.13630980421293937,0.00124809637085029,0.07881680721439256,0.2126391263402789,0.13382231912588632,-0.013704459512801359
W02000186,Swansea 019,2023,6,0.1264890353690798,0.01483064807299354,0.47737332919471465,0.18191787169655527,0.00104668285197843,0.12758281138081784,0.1981263621794509,0.00177888188254745,0.1656442728683883,0.16867425228455732,0.001841586071879197,0.09729135088917662,0.2564752962693638,0.15918394538018715,-0.013243619411997948
W02000186,Swansea 019,2025,11,0.3346087921705049,0.02620285173450932,0.6345303016338026,0.18191605044491327,0.0020150346153263,0.17854788310856468,0.1363130002329608,0.00174253878998102,0.16395397263309652,0.1716300585229829,0.0025601440212799516,0.09714626686353636,0.3023439940773084,0.20519772721377202,-0.01028599192193036
W02000188,Swansea 021,2021,10,0.02512028909033901,6.998130632569989e-4,0.10369769649679925,0.12799799241958265,0.00137995708931214,0.14639155917145805,0.05348929345400795,5.195529495782745e-4,0.08940133909731651,0.123577797154015,0.0014070417524879811,0.06595589549426159,0.2176076296959424,0.15165173420168082,-0.004420195265567653
W02000188,Swansea 021,2023,7,0.1849270406530563,0.02749729943167805,0.6500145950579483,0.15990138497868417,0.00141042952381038,0.14791421474309885,0.11022540623533172,6.25167446499401e-4,0.09805957194975068,0.1528551893199726,0.0019461457709600203,0.08497997946811048,0.25253727932810366,0.16755729985999318,-0.007046195658711563
W02000188,Swansea 021,2025,5,0.13897817046277686,0.01844925430414842,0.5324361020137532,0.1599046358529523,0.00238380613632126,0.19375013775009736,0.04841092168851714,5.545805318083854e-4,0.09236954888184228,0.1560516736878656,0.0023631759207698357,0.07760800325717229,0.2674202548543627,0.18981225159719042,-0.0038529621650867096
W02000189,Swansea 022,2021,10,0,0,0,0.12675476702253752,0.00109554497846523,0.13057261516196908,0.12678284502516396,0.00209657335518687,0.17999213167396944,0.12534231542416452,0.001080462419686655,0.06917993277829913,0.20423955585029913,0.13505962307199998,-0.001412451598372999
W02000189,Swansea 022,2023,8,0.3562960079821394,0.03499415269039485,0.7332901104617034,0.15865830866889463,0.00112874975902727,0.13252984384310243,0.18351832096095055,0.00212616976536948,0.18124658389709244,0.1534239845260556,0.0015139456997288008,0.08960299968592297,0.23944710520287754,0.14984410551695457,-0.005234324142839031
W02000189,Swansea 022,2025,15,0,0,0,0.15865634117891356,0.00209842291424909,0.18217026631188565,0.12170531819865578,0.00208683989472699,0.17957777516551196,0.15667448366610665,0.002004890648978647,0.08536021926811141,0.24938608442231697,0.16402586515420556,-0.0019818575128069116
W02000191,Swansea 024,2021,8,0.3988146059280348,0.04014108920948344,0.7853670255773153,0.15235618769512357,0.00117575591947922,0.13527657652598268,0.1697025751175768,0.00211788240882441,0.1807828203416719,0.16483328071520975,0.0018988057004393733,0.09206771878358586,0.2748139092286959,0.18274619044511006,0.012477093020086177
W02000191,Swansea 024,2023,1,1,0,0,0.18425985736093528,0.00121558913638815,0.13758171580495066,0.2264381017909212,0.0021557084929009,0.18238788728808475,0.1997606270374987,0.0025732860224636908,0.11672961234071026,0.31527604609922566,0.19854643375851538,0.015500769676563414
W02000191,Swansea 024,2025,10,0.23300905004342748,0.02196400610444944,0.5809434567588032,0.18425877525231915,0.00218683741093132,0.18608415947866971,0.16462493845138984,0.00210770616762977,0.18034646325454173,0.2014431852026426,0.0032100198270532776,0.10402776647196835,0.32769404924289475,0.2236662827709264,0.017184409950323443
W02000192,Swansea 025,2021,10,0.08772431892535032,0.00746695727101445,0.33872708112865485,0.1658669519795545,0.00110546408314424,0.1311562851530105,0.109350269092856,0.00182776523584057,0.1677343443188547,0.15165869209346103,0.0013246865643271697,0.09173029624811417,0.23184033636785017,0.140110040119736,-0.014208259886093477
W02000192,Swansea 025,2023,4,0.14784933055527222,0.02243205228205621,0.5871006901892606,0.1977705462929896,0.00114254180731033,0.13331903392023703,0.16608615358337228,0.0018694270553434,0.16963287992034143,0.18686569149665205,0.0018777992791038783,0.11606489643786394,0.2834785912305886,0.16741369479272467,-0.010904854796337543
W02000192,Swansea 025,2025,18,0.1078801290794299,0.01012995719370896,0.39453168904424996,0.1977694002675815,0.00211242698047251,0.18275134560391385,0.10427218544360556,0.00182055134522319,0.1674035553404219,0.18835574230933924,0.002388869940184102,0.10244272156168546,0.2928596032390473,0.19041688167736184,-0.009413657958242255
W02000193,Swansea 026,2021,10,0.3583113814135157,0.03493154188568444,0.7326338231264203,0.16157242316408468,0.0012428918020956,0.13908040232998553,0.15281948669780765,0.00238596196983307,0.1917164120290332,0.1702831562357972,0.002194218414557509,0.08981309361685332,0.2715990308376636,0.18178593722081032,0.008710733071712523
W02000193,Swansea 026,2023,5,0,0,0,0.1934759177483703,0.0012787624863785,0.14105273245121352,0.2095552461737192,0.00242721946892666,0.19336382148386183,0.2026402493803728,0.002740778220182558,0.11196515654583833,0.3190427202613437,0.2070775637155054,0.009164331632002504
W02000193,Swansea 026,2025,14,0.10782255669977564,0.01026360563372489,0.39712576543859945,0.1934760409858987,0.00225044046153688,0.18850854476271717,0.1477415912709932,0.00236419268238412,0.19084073796556789,0.20368500026626912,0.0033555151242417977,0.11413994973051517,0.34403802714738163,0.22989807741686646,0.010208959280370411
W02000194,Swansea 027,2021,7,0,0,0,0.11439359787644009,0.00110315573464237,0.13098682527077035,0.13492246170818575,0.00230960661099719,0.18890625214763093,0.12816227860232163,0.0010490702311166417,0.07351319030018494,0.19435240620341138,0.12083921590322644,0.01376868072588154
W02000194,Swansea 027,2023,4,0,0,0,0.1462971048226732,0.00113728642810667,0.13293871946043218,0.19165796933940665,0.00235382406210772,0.190693046284336,0.15696432852540082,0.001472973722031068,0.09489694548093686,0.22859289402773608,0.13369594854679923,0.01066722370272763
W02000194,Swansea 027,2025,14,0,0,0,0.14629730996821963,0.00210733878798199,0.18254531939674112,0.12984495179507058,0.00230004646358293,0.1885184025314093,0.15789950634829378,0.0018766295471148327,0.0869488374610842,0.26014388433948443,0.17319504687840023,0.011602196380074148
W02000195,Swansea 028,2021,13,0.10947433149693314,0.0065984111173372,0.3184181187637484,0.12099103585751891,0.00120719641684061,0.1368235498135656,0.1304871861276672,0.00119113661618613,0.13543098002630005,0.13224565633461094,0.0013729048597399265,0.08083353011995781,0.22277409881945603,0.14194056869949823,0.011254620477092026
W02000195,Swansea 028,2023,5,0.819499722246084,0.02401445851746337,0.6074555242850386,0.15289463074705983,0.00124444360616476,0.1389612564065397,0.18722298608980775,0.00123668095538972,0.13799475391995708,0.16153868557750825,0.0018319941064814248,0.10262732083672105,0.2630178077713394,0.16039048693461833,0.008644054830448417
W02000195,Swansea 028,2025,11,0.08341744529806772,0.00382003552158274,0.24227677684622512,0.15289203579116953,0.00221578447728741,0.1869718443166988,0.12540919500729614,0.00118022704894053,0.1348101559817884,0.1634231260871837,0.0022145528317921584,0.09219025660434468,0.27284987647870723,0.18065961987436255,0.010531090296014178
W02000196,Swansea 029,2021,7,0,0,0,0.11422315380790532,0.00176534066533937,0.16573871746233165,0.11659428089719057,0.00236157292127521,0.19112071452412435,0.117370597242709,0.0012921018359781057,0.062272718945197814,0.20013106542437625,0.13785834647917844,0.003147443434803679
W02000196,Swansea 029,2023,5,0,0,0,0.14612653880944693,0.00179719854865957,0.1671873654114791,0.1733297013440331,0.00240183993216424,0.19272827502079432,0.14365073476119822,0.0017739187571800669,0.07836423332998149,0.23439470686883618,0.15603047353885469,-0.0024758040482487087
W02000196,Swansea 029,2025,10,0,0,0,0.1461296803852937,0.00277321847247773,0.20891638971701745,0.11151686944151896,0.0023518461992862,0.19073617414996977,0.14590116845921214,0.002244399243516607,0.07612648946655928,0.25238709977987916,0.17626061031331988,-2.2851192608155935e-4
W02000197,Swansea 030,2021,7,0,0,0,0.09663519554442272,0.00123896699243005,0.1388009702415604,0.10531630428586722,0.00221863233647853,0.18519756232988369,0.1056905507229441,9.553967879864504e-4,0.05661941915919172,0.17751865349115478,0.12089923433196306,0.00905535517852138
W02000197,Swansea 030,2023,5,0,0,0,0.1285386509728275,0.00127252611902637,0.14060990589861336,0.1620517467818246,0.00225935200045695,0.1868756556052865,0.13074743691634091,0.0013608936598428177,0.07471493934930513,0.21569938472490954,0.1409844453756044,0.002208785943513425
W02000197,Swansea 030,2025,8,0,0,0,0.12853983007023662,0.00224439552518713,0.1882515506753468,0.10023887327277065,0.00221005525727958,0.18484376195202823,0.1332134662892997,0.0018764892278091128,0.06940259884959024,0.22821005862153862,0.15880745977194838,0.004673636219063082
W02000198,Swansea 031,2021,11,0.17904818711813564,0.01186535148014989,0.42699067485863373,0.13741003669552984,0.00173546540905894,0.16383944731274658,0.14324001190168906,0.00194301240480355,0.17317287401991976,0.14815736892636125,0.001885646459273369,0.08473189145115557,0.2526678337945009,0.16793594234334536,0.010747332230831408
W02000198,Swansea 031,2023,5,0.47088110995614874,0.06580273754059142,1.005541658114919,0.16931355029248493,0.00177127877555341,0.16560399505943602,0.19997552922995265,0.00198785188136962,0.17515483465867351,0.1815601815567845,0.002655536394659412,0.10424596181183032,0.30327718480707777,0.19903122299524745,0.012246631264299562
W02000198,Swansea 031,2025,10,0.2579443622255798,0.0337731711557654,0.7203839149762502,0.16931384765191224,0.00274757606244633,0.20781765035669425,0.13816238090948982,0.0019438304371669,0.1732129582869203,0.18365643581369376,0.003194609505408891,0.10222912154654586,0.3202361102112349,0.21800698866468904,0.014342588161781522
W02000200,Neath Port Talbot 002,2021,8,0.1350110123263027,0.01593009202442366,0.49475162464287625,0.12959431656337206,8.196700801297759e-4,0.11321100345562152,0.03591344938969661,8.151329659364384e-4,0.1120138099338004,0.13178182655447668,9.326928359110214e-4,0.07622848432317114,0.18936151727761918,0.11313303295444804,0.002187509991104619
W02000200,Neath Port Talbot 002,2023,7,0.0338356149082533,0.00137014441317602,0.14509794404635507,0.16149765958416806,8.502592616161687e-4,0.11522869128343684,0.0926496084070582,7.753911175496682e-4,0.10923760510884704,0.1611815817401343,0.0012596805948163511,0.0966959088388321,0.23049844319616897,0.13380253435733686,-3.160778440337575e-4
W02000200,Neath Port Talbot 002,2025,11,0.15122342062928207,0.01878555743192171,0.5372669552411043,0.16149261602297985,0.00181474634608292,0.16996007814209657,0.03083535835036805,7.950529715481153e-4,0.11063022208643998,0.16423864091305307,0.0019384207582116195,0.09570516418608091,0.267161158301202,0.1714559941151211,0.002746024890073223
W02000201,Neath Port Talbot 003,2021,12,0,0,0,0.12618091003649876,7.555354269353255e-4,0.10849418202896446,0.09860205192511186,0.00191169920559382,0.17197465186875155,0.12595918747344456,9.108972690928391e-4,0.07302566435319137,0.19080748070081516,0.11778181634762379,-2.2172256305419413e-4
W02000201,Neath Port Talbot 003,2023,5,0.2632683166386646,0.04930119722220372,0.8703758244345142,0.15808403877747845,7.880900613873691e-4,0.11070485964994158,0.1553375156963452,0.00195452731644166,0.17387138034794622,0.15402727895034202,0.0012052260085248805,0.09003801203793474,0.23642908296503015,0.1463910709270954,-0.004056759827136436
W02000201,Neath Port Talbot 003,2025,16,0,0,0,0.15807910236163775,0.0017514251997694,0.16700911286848777,0.09352463620920136,0.00190089535866493,0.17149202956657833,0.15654217786689476,0.001711275007606716,0.08332087970221624,0.2596364641467442,0.17631558444452794,-0.0015369244947429916
W02000202,Neath Port Talbot 004,2021,9,0.2437751959290285,0.02544080132501822,0.6252352858101277,0.12650554219815963,7.4399106544034e-4,0.1078613805585226,0.12849535056247868,0.00179170386641921,0.16641805908336113,0.1277249875603667,8.160141392646214e-4,0.07775286045618876,0.18360606302975735,0.10585320257356859,0.0012194453622070833
W02000202,Neath Port Talbot 004,2023,4,0,0,0,0.15840905784873002,7.780687861386089e-4,0.11022881251460344,0.1852307513708417,0.00183901436961051,0.168592751463247,0.15692479387637565,0.0011716567695164918,0.09757644848851846,0.22595639027028855,0.1283799417817701,-0.0014842639723543771
W02000202,Neath Port Talbot 004,2025,9,0.5023359976108932,0.04245466863922829,0.807682762782046,0.15840274861893996,0.00174060347555626,0.16653933074646987,0.12341789839810438,0.0017863513280241,0.1661665763968216,0.15833688283481043,0.0017424930815024436,0.08885281566055991,0.24383832014539633,0.15498550448483642,-6.586578412953736e-5
W02000204,Neath Port Talbot 006,2021,6,0.1782666596818152,0.02778396467983425,0.6533940807604649,0.12407218053912612,9.445289846779538e-4,0.12157743971305676,0.10625544828460488,0.00182533060522305,0.16793983561461195,0.12813918998693413,0.001102743121509379,0.07189539644708073,0.20010148971289682,0.12820609326581608,0.004067009447808009
W02000204,Neath Port Talbot 006,2023,7,0.1850280117589225,0.029056219691545,0.6681864153965174,0.1559755460429566,9.73200322869263e-4,0.12335423477558752,0.1629909405822378,0.00186188356866789,0.16960125844538948,0.15558087015199526,0.0015361116360377652,0.09131403128594015,0.24442339328343232,0.15310936199749217,-3.946758909613435e-4
W02000204,Neath Port Talbot 006,2025,4,0,0,0,0.15597241053224745,0.00194035853887255,0.1756435942260315,0.10117797681808788,0.00181271578189548,0.16736365575678083,0.15782187715146956,0.0022907764423512173,0.07869730920866354,0.26693923335288516,0.18824192414422164,0.001849466619222112
W02000205,Neath Port Talbot 007,2021,6,0.35840498484678074,0.04385432942156078,0.8208887880391119,0.121375377367955,9.59127654829547e-4,0.1224148496848426,0.12078470059013588,0.0018238159441497,0.1678725776836886,0.12378868061338719,8.789523147311476e-4,0.07420945603369582,0.18454676549246363,0.11033730945876781,0.00241330324543218
W02000205,Neath Port Talbot 007,2023,5,0,0,0,0.1532788634471024,9.912727978715482e-4,0.12438559448291128,0.17752012526883337,0.0018710933138603,0.17002308369018315,0.15178658961322708,0.0013236976146265543,0.09074608649031068,0.22818717633722374,0.13744108984691306,-0.0014922738338753183
W02000205,Neath Port Talbot 007,2025,12,0.21896696023517323,0.02251379567339341,0.5881694278925497,0.15327670279150063,0.00195876455851862,0.17634780526800145,0.11570718919456328,0.00181763046657432,0.16758545422180587,0.15310876212371208,0.0017824703735958994,0.08063476353146382,0.24565473923433095,0.16501997570286714,-1.67940667788552e-4
W02000206,Neath Port Talbot 008,2021,14,0.07142232075243102,0.0027191382455396,0.20440604294408557,0.1937708696518738,0.00119763045662837,0.13592357920121978,0.2926874207560418,8.455687714905013e-4,0.11396621588304429,0.19258999566828153,0.002357197423471812,0.11734506644617251,0.2914360396962974,0.17409097325012488,-0.0011808739835922621
W02000206,Neath Port Talbot 008,2023,4,0.9521251167783326,0.00280801819620681,0.20771987163955452,0.22567446385064913,0.00123175218424039,0.1379660019108933,0.3494235552669115,8.59784734231553e-4,0.1149281528300306,0.23214949359734513,0.0033538398356030416,0.13827975032472023,0.35480698007273204,0.2165272297480118,0.006475029746696004
W02000206,Neath Port Talbot 008,2025,18,0.08980904995079791,0.00412179320150282,0.2516640526653744,0.22567011437344228,0.00220332008599513,0.18642265418212503,0.2876090714960838,8.553289648058072e-4,0.114602108719149,0.23681022488967066,0.00466588855837425,0.13058017761614732,0.4067413460858313,0.27616116846968397,0.011140110516228374
W02000207,Neath Port Talbot 009,2021,10,0.25905486006221407,0.02018704851764841,0.5569478093749923,0.16391616575938547,9.790757878332702e-4,0.12307162694069786,0.12240449682580336,0.00144255272438777,0.14914204181812007,0.17633813675501323,0.0019248888645632461,0.11162490961536989,0.2841495362636484,0.17252462664827853,0.012421970995627751
W02000207,Neath Port Talbot 009,2023,4,0,0,0,0.1958198682603736,0.00101106670785212,0.12517894229011717,0.17914012621716796,0.00149124268764572,0.15163087006804374,0.21241688617938642,0.002561408006553514,0.13775895910546815,0.3409147207781359,0.20315576167266775,0.01659701791901283
W02000207,Neath Port Talbot 009,2025,15,0.1069953436546872,0.00560321629928274,0.2934247752125697,0.19581322847913524,0.00197918862689401,0.17710215206715252,0.11732679149456816,0.00142299066187391,0.1481279382733004,0.21543113171999242,0.004180686230125759,0.12058262226388632,0.3722782399105976,0.2516956176467113,0.019617903240857187
W02000208,Neath Port Talbot 010,2021,8,0.06567448442388035,0.00435618132141005,0.2587206305007285,0.1203672160672792,0.00109806311291823,0.13048616563376397,0.09721007560931588,0.00147629755658717,0.15083256864132907,0.1278965455267214,0.0011633594011791338,0.07286666687406776,0.19626873700662023,0.12340207013255247,0.007529329459442194
W02000208,Neath Port Talbot 010,2023,6,0,0,0,0.1522706700638623,0.00112911626863604,0.1322213954776698,0.15394582374471888,0.00154911521633253,0.15450148937815017,0.15805091900216373,0.0017041267343654905,0.089523815073608,0.2476178328074135,0.1580940177338055,0.005780248938301424
W02000208,Neath Port Talbot 010,2025,9,0.26027978042766364,0.03545495700960153,0.7381023163271193,0.15227240473571138,0.00209936190498025,0.18205062864167243,0.09213222235285408,0.00148324445197382,0.15118997240233784,0.16144202388371162,0.002156081190990017,0.08442567657210998,0.2537695386072779,0.16934386203516794,0.009169619148000241
W02000210,Neath Port Talbot 012,2021,6,0.16203712282595134,0.02539782339713333,0.6247069479855316,0.18852693657996344,0.00126162925702691,0.139542943627426,0.13429241805567116,0.00172397043763859,0.1630929834870516,0.19838710447384636,0.0025407424638372836,0.12162893391358771,0.3275039771117022,0.2058750431981145,0.009860167893882915
W02000210,Neath Port Talbot 012,2023,6,0.15341508785553387,0.01418756005607991,0.46690867510276907,0.2204305355280816,0.00129001361654619,0.1412267525946406,0.1910279876068029,0.00175359286332277,0.16448023453380167,0.23860640947203685,0.0033063491216985506,0.14619473530588065,0.3837960862959814,0.23760135099010074,0.018175873943955256
W02000210,Neath Port Talbot 012,2025,8,0.282859436264422,0.03308632355891663,0.7130210360984872,0.2204275607469879,0.00226248835079614,0.18896836776780251,0.12921482223459846,0.00171268162158106,0.16255724318617742,0.2409651884949147,0.004843046552676481,0.13800986702037527,0.4008301161893034,0.26282024916892816,0.02053762774792678
W02000211,Neath Port Talbot 013,2021,12,0.23553312616071945,0.01659358717647248,0.5049498265214757,0.1903647993487984,0.00106384334926559,0.12808857894013334,0.12812222733867912,0.00153948236651112,0.15407869738565338,0.19635468609682177,0.002104632701077166,0.1237339144375748,0.29841734005436615,0.17468342561679134,0.005989886748023365
W02000211,Neath Port Talbot 013,2023,2,0,0,0,0.22226854698513823,0.00109795464623296,0.13025305020988892,0.1848578614585579,0.00158990100598137,0.15657302742211684,0.23702028472415756,0.0028942500847824798,0.15254838539100468,0.35839690946495006,0.20584852407394538,0.014751737739019333
W02000211,Neath Port Talbot 013,2025,10,0.11457597231886088,0.00745009134234743,0.3383443163526614,0.2222625793565682,0.00206766569654645,0.18078783011237823,0.12304452897362708,0.0015270900817338,0.15345650824716583,0.239478542237689,0.004580568909138892,0.14002976531282285,0.40132213485759083,0.261292369544768,0.01721596288112079
W02000212,Neath Port Talbot 014,2021,10,0.2677788171470654,0.02614717165176611,0.6338557664891289,0.17795607125828355,7.648277295552175e-4,0.10852718790105265,0.13076176255019617,0.00121135929123826,0.13665031771621822,0.18306895100408757,0.0012283468136866443,0.12589415316061886,0.2597262143018778,0.13383206114125895,0.0051128797458040165
W02000212,Neath Port Talbot 014,2023,6,0.7652619908734066,0.03156076432224193,0.6963889042583165,0.2098601767298804,7.952998757646684e-4,0.11079919161679488,0.187497457038646,0.00125541605262838,0.1391065406620235,0.22179512479516497,0.0016329058116584263,0.15821752184592425,0.3160930649913217,0.15787554314539748,0.011934948065284584
W02000212,Neath Port Talbot 014,2025,11,0.07787970940284689,0.00353760576034458,0.23314859512520358,0.2098475898203004,0.00175877384713627,0.16719851182773277,0.1256839532771731,0.00118936745258413,0.13540374305043,0.2241068427199143,0.0027159598055778193,0.14406560965896054,0.33653764214437265,0.19247203248541211,0.014259252899613883
W02000213,Neath Port Talbot 015,2021,8,0.05389160108305756,0.00299139629101427,0.21439520207605817,0.16110283295453268,0.00102677437547379,0.1263920529595769,0.08170003173273435,9.319177492785792e-4,0.11978425567104888,0.16378558480263353,0.0015820338481914607,0.09584329605993905,0.2449084518859529,0.14906515582601385,0.0026827518481008505
W02000213,Neath Port Talbot 015,2023,7,0,0,0,0.19300630535881352,0.00105309681609131,0.1280438784620788,0.13843595770560993,0.00100375943345204,0.12430795598318524,0.19960635770180643,0.002218415416837477,0.11673021642529166,0.2918828686082668,0.17515265218297513,0.006600052342992907
W02000213,Neath Port Talbot 015,2025,11,0.05826025533035244,0.00354543578986813,0.2334064745305371,0.19300125032824497,0.002021521704522,0.17899245748027276,0.07662198078893652,9.233598369124312e-4,0.11923736671902972,0.20182221657297114,0.0029750164798270757,0.11255451333690436,0.32031061654677134,0.20775610320986698,0.00882096624472617
W02000214,Neath Port Talbot 016,2021,6,0.06823242992753273,0.00496713397966649,0.2762682800450268,0.1813529275218733,0.00157848986814555,0.1565897365261517,0.09564056772243716,9.698927662707482e-4,0.12219217440859496,0.1830926136854064,0.002794691914559804,0.09121745952975888,0.3075659168012892,0.21634845727153032,0.0017396861635331218
W02000214,Neath Port Talbot 016,2023,5,0.13965012833234064,0.01823768869350546,0.529374461419287,0.21325627664842783,0.00160470038269048,0.15795730572949734,0.15237651597723145,0.00102828156812865,0.12580906752412385,0.22111343463015523,0.0034719614737213026,0.11466961941152877,0.33482926505359933,0.22015964564207058,0.007857157981727397
W02000214,Neath Port Talbot 016,2025,16,0.0697043651606858,0.002636683280789,0.20128298732246225,0.21325589093781724,0.00257956903264536,0.2016991023401145,0.090562506938651,9.516747316212146e-4,0.12104129406791744,0.22386961090740948,0.004604949783535328,0.10768787798427652,0.3607486603806538,0.25306078239637725,0.010613719969592234
W02000215,Neath Port Talbot 017,2021,6,0.29535108093288087,0.03444030204686686,0.727464094193814,0.1923169144895792,0.00160692551571296,0.15780992433921875,0.13224716679973042,0.0020700196190083,0.17887019604333848,0.18926601284366518,0.002528539933081529,0.10759765838471047,0.2906964487260492,0.18309879034133875,-0.0030509016459140115
W02000215,Neath Port Talbot 017,2023,4,0,0,0,0.22422030063577705,0.00163411307161814,0.1592351531350345,0.1889826162854271,0.00211963381933533,0.18098627888845276,0.22788159316140424,0.0034075623264165095,0.1327325362097566,0.3545729374425083,0.22184040123275167,0.003661292525627191
W02000215,Neath Port Talbot 017,2025,18,0,0,0,0.2242200717399328,0.00260940303743161,0.2027787547069686,0.12716973668139847,0.00206135191338714,0.1784987122520979,0.2315010589973992,0.0047939125841534895,0.12781382888513376,0.39395427952941353,0.26614045064427977,0.007280987257466398
W02000216,Neath Port Talbot 018,2021,10,0.1939132220476324,0.0146557278124347,0.4745497861289981,0.1924939386914629,0.00108385979473746,0.12894213700412138,0.1230120944723433,0.00152405516202385,0.15334352809892135,0.19741302063843863,0.002102512201808148,0.12063955996231682,0.29775078010265843,0.1771112201403416,0.00491908194697574
W02000216,Neath Port Talbot 018,2023,2,0.582131891392225,0.11858886891004962,1.3498951907620818,0.22439789768503157,0.00111683245533567,0.13104368387522983,0.17974769911191457,0.00157573994187757,0.15591333568785995,0.23659904880994498,0.0026739767381591963,0.14822046913961545,0.3490110229416489,0.20079055380203342,0.012201151124913406
W02000216,Neath Port Talbot 018,2025,13,0.09887157885488725,0.00887472537360822,0.36927979672700884,0.2243925258960813,0.00208754099532735,0.18160634258399388,0.11793444986766131,0.00151220804363695,0.15274785051602785,0.23909846831139372,0.0038374753647973004,0.13883975966290024,0.3741200566670265,0.23528029700412628,0.014705942415312423
W02000217,Neath Port Talbot 019,2021,6,0.09387957998462136,0.00896470657534745,0.37114714682348326,0.1782967791273488,9.00151179584946e-4,0.11799632872563463,0.11428883928443222,0.00166470168988452,0.16032284280398806,0.18126450728571877,0.001878301894543021,0.10331237889111611,0.2783275161719875,0.17501513728087137,0.0029677281583699866
W02000217,Neath Port Talbot 019,2023,5,0,0,0,0.21020049238957267,9.274289074549176e-4,0.11988363213225783,0.1710244510289461,0.00172757353263721,0.16330732291294153,0.21834629335332284,0.0024726555648681703,0.1287032189777975,0.32620875282654144,0.19750553384874395,0.008145800963750172
W02000217,Neath Port Talbot 019,2025,16,0,0,0,0.21019209897213884,0.0018937266600677,0.1733398393487569,0.10921123832663852,0.00166354504162238,0.16027264040210687,0.22160056317276333,0.0034660414072016283,0.13021775994750087,0.35517936484925294,0.22496160490175207,0.011408464200624496
W02000218,Bridgend 001,2021,10,0.15800958585742095,0.01255934277332099,0.4393003440867986,0.1800699843988978,8.880101199274862e-4,0.117340335776273,0.11184586268704644,0.00136912079413552,0.14529985827243763,0.1825012861857839,0.0017659854500312662,0.11276471846868538,0.27602039483410995,0.16325567636542457,0.0024313017868861087
W02000218,Bridgend 001,2023,5,0.10001880722181827,0.01052162524184737,0.4020865085691511,0.2119736764154595,9.183754291916672e-4,0.11942737204128462,0.1685815381707936,0.00140501106665179,0.14718096406175318,0.22073384333709675,0.0023643307434067897,0.13581599565927233,0.32172332471812715,0.18590732905885482,0.008760166921637252
W02000218,Bridgend 001,2025,11,0.15229566803392136,0.0109034672504786,0.40931758059238316,0.21196584467496857,0.00188456073679436,0.1730117625902249,0.10676810422041712,0.00136055823384848,0.14484606652629067,0.22253530548660763,0.003183986707322774,0.12734951845195022,0.3538011467068344,0.22645162825488416,0.010569460811639064
W02000219,Bridgend 002,2021,7,0.3443152298894676,0.0426693919353435,0.809722698270661,0.18642919787364187,0.00109650950065976,0.12996095565450827,0.10653752421492237,0.00140835731727015,0.14737786254227622,0.19236158605410908,0.0023137166920393568,0.11740853916065697,0.3082154350211207,0.19080689586046373,0.005932388180467207
W02000219,Bridgend 002,2023,4,0.07512376829491951,0.00657604399375621,0.3178779778788547,0.2183329433940516,0.0011268276599096,0.1318951108588677,0.16327320703574225,0.00142348993109509,0.14815387820740486,0.2306762426884162,0.0029436378220398063,0.1474218791500866,0.361199093146641,0.21377721399655442,0.01234329929436459
W02000219,Bridgend 002,2025,12,0.1682122113814376,0.0139961429419419,0.46374823669753623,0.2183294576775289,0.0020976965958287,0.18223516123912792,0.10145980071878365,0.00139162335609749,0.14650264108458594,0.2334070362409302,0.004166806153155026,0.1447093298629013,0.37626643675375837,0.23155710689085707,0.015077578563401306
W02000220,Bridgend 003,2021,5,0.3163729247039421,0.04674368472405334,0.84749971090251075,0.16656106984663213,8.646084283755948e-4,0.11610521796826612,0.124704981677322,0.00188702646716846,0.17078464210858782,0.16886683176572673,0.0015903774707873041,0.10326625013321267,0.25720885562546847,0.1539426054922558,0.0023057619190945955
W02000220,Bridgend 003,2023,2,0,0,0,0.1984647686344341,8.964633019941383e-4,0.11827908457826258,0.18144041562694163,0.00193796385526327,0.1730607336376664,0.20401784115053856,0.002138258078556569,0.12311980768001282,0.3197731701867269,0.19665336250671409,0.005553072516104457
W02000220,Bridgend 003,2025,15,0.35532433610683933,0.03163293726336011,0.6971846982681089,0.19845790040028052,0.00186213910649386,0.1722141435156077,0.11962751988369684,0.00188075064900344,0.17049990659948971,0.2065606534833637,0.0033614552625833433,0.12352884091357635,0.3450620176885293,0.22153317677495293,0.00810275308308317
W02000221,Bridgend 004,2021,6,0.1706260169161869,0.02459766896340362,0.6147875483709179,0.17658721583008002,7.785108632533817e-4,0.1098869909961198,0.12408642110813713,0.00168635720404585,0.16138748410767778,0.1770145448674874,0.001332182805438211,0.10762179046274209,0.24903871402592354,0.14141692356318145,4.273290374073868e-4
W02000221,Bridgend 004,2023,2,0,0,0,0.20849109453671508,8.085932019247857e-4,0.11209582206546048,0.18082193821040884,0.00173856598590332,0.16385471564570242,0.21427858829776963,0.001782807080655689,0.127363869036358,0.3041917749047518,0.1768279058683938,0.005787493761054557
W02000221,Bridgend 004,2025,12,0.22464690922113356,0.0140983287141928,0.46543806976301877,0.20848120385730495,0.00177214206000941,0.16802049326247004,0.1190088507835598,0.00167809354217179,0.16099212992202336,0.21676254560431468,0.002867037331431299,0.12107368755769773,0.3355529834192855,0.2144792958615878,0.00828134174700973
W02000222,Bridgend 005,2021,8,0.19854904870901657,0.01952349031918925,0.5477177524871213,0.17266067786081518,8.65630519327802e-4,0.1156943819073414,0.11430331592943065,0.00157914184543381,0.15611934547857842,0.18201175994094335,0.0019464587673507438,0.10811661671166217,0.28296035320819124,0.17484373649652907,0.009351082080128165
W02000222,Bridgend 005,2023,4,0,0,0,0.20456446385597077,8.954969032234153e-4,0.11779390740463658,0.17103889965404376,0.0016280170824123,0.15850777369305277,0.21877413413049476,0.0025537340970684494,0.12710915846833248,0.3253159473135278,0.19820678884519533,0.014209670274523994
W02000222,Bridgend 005,2025,15,0.15158375295854637,0.00961452561119984,0.3843633916799735,0.2045554923031381,0.00186121304969957,0.17192073276698383,0.10922569652048038,0.00156535540493976,0.15543893282309024,0.22028674824096117,0.0034962118634067874,0.12379450539977756,0.342844806386168,0.21905030098639044,0.01573125593782307
W02000223,Bridgend 006,2021,12,0.08401065019598318,0.00655594113393967,0.3173917320720499,0.17848164580290857,8.347567747762213e-4,0.11354819316187809,0.10739437356951131,0.00125993948989779,0.13937385901791566,0.18396162346744585,0.0014717545905545617,0.11260520130537591,0.2576948472925097,0.14508964598713378,0.005479977664537283
W02000223,Bridgend 006,2023,4,0.15463081215945146,0.02317247323842648,0.5967113262509836,0.2103854021104921,8.650041482283697e-4,0.1157113163658346,0.16413012197250446,0.00131408271168261,0.14232710709861,0.2216728642340244,0.002041827305374204,0.13699047892575833,0.31174089586700793,0.1747504169412496,0.011287462123532321
W02000223,Bridgend 006,2025,17,0.09757512051333785,0.00841453973360498,0.3595781299341662,0.2103753927103192,0.00182991659721203,0.1704291892204684,0.10231657148940296,0.00125026842505319,0.13884309963888725,0.2224803823512812,0.003050730924067895,0.1255073108999081,0.34667154203876116,0.22116423113885306,0.012104989640962016
W02000224,Bridgend 007,2021,8,0.7152273905640969,0.02567485584309066,0.6281047729431473,0.2041858265659408,0.00104106502053714,0.12571627041109154,0.15916792913472905,0.00194334260531584,0.1732772736850856,0.2142423256015231,0.0024791015038281836,0.13293208136157653,0.3253907647888502,0.19245868342727368,0.010056499035582284
W02000224,Bridgend 007,2023,3,0.476449030286195,0.0982846295077342,1.2289122946103834,0.2360905093135879,0.00107218592265213,0.12776450538621642,0.2159032749924602,0.00199000863456837,0.1753428280435629,0.2561490328821943,0.0030489158666723755,0.16304421732956673,0.3768765383166367,0.21383232098706997,0.020058523568606407
W02000224,Bridgend 007,2025,13,0,0,0,0.2360896557229106,0.00204458728889215,0.1799730398900271,0.15409050576876226,0.00194303707934561,0.1732563329339483,0.2585026767056123,0.004419575857662051,0.14449168566635318,0.3942127272383663,0.24972104157201314,0.022413020982701676
W02000225,Bridgend 008,2021,15,0.17185562126867276,0.01169144608310289,0.4238500144277707,0.1847345187969953,0.00101503383987278,0.1251772225805032,0.12649038813966473,0.00173965148286058,0.16388779286174152,0.186931381467351,0.0018227923213855997,0.11681656014103878,0.288230641971976,0.17141408183093723,0.0021968626703557093
W02000225,Bridgend 008,2023,5,0,0,0,0.2166381039954211,0.00104710000977788,0.12725528195823593,0.18322590357161417,0.00179834188801675,0.16661885890657785,0.22433604930584977,0.0024832837196878963,0.14412059185676787,0.342317299771467,0.19819670791469915,0.007697945310428667
W02000225,Bridgend 008,2025,10,0.28250679011949603,0.046100102267075,0.8416451615467326,0.21663095216510572,0.0020156724142353,0.17849817597319076,0.12141283008623352,0.00173836829623341,0.16382891772865835,0.22776603117718813,0.0036999838344562047,0.1276124844321907,0.3557952587457719,0.2281827743135812,0.01113507901208241
W02000226,Bridgend 009,2021,13,0.1877215164823944,0.0112726673227187,0.41618979958479596,0.18704336749062145,8.744518486873756e-4,0.1154915150394316,0.07899728785198654,7.685621993167312e-4,0.10876654575431528,0.20378781934185825,0.002018048626761149,0.13667173687724035,0.30439361515881924,0.1677218782815789,0.016744451851236797
W02000226,Bridgend 009,2023,6,0.33242400929295135,0.03714580498362501,0.7554973996146646,0.21894774041250628,9.045558642281626e-4,0.1176314001538086,0.13573330467762637,8.217151267920739e-4,0.112457241155899,0.24380205142298492,0.0026045924007244083,0.16237874454418677,0.3522823419498895,0.18990359740570273,0.024854311010478636
W02000226,Bridgend 009,2025,12,0.03520363460281459,0.00130610230687431,0.14166634360314748,0.21893872739268733,0.00187212791674432,0.17231437144634038,0.07391916554690747,7.308812824016915e-4,0.10606869143627189,0.24567010651326224,0.0040327117365199115,0.1523509082614492,0.38763159960323146,0.23528069134178226,0.02673137912057491
W02000227,Bridgend 010,2021,11,0.39761037884404415,0.03566960811240275,0.7403332512162134,0.2117574632564588,0.00110062007208641,0.129182249710723,0.1183174421089854,0.00132022410737451,0.14266415220003795,0.230457323555951,0.0029697162700729383,0.13900748372660593,0.36450832515959464,0.2255008414329887,0.018699860299492194
W02000227,Bridgend 010,2023,3,0.3667259490850701,0.0849495858447122,1.1425066054206992,0.24366205582239425,0.0011321444959868,0.13118517797389928,0.1750531447127523,0.00136948572230636,0.14529289102226678,0.2737560262732803,0.003792525714654556,0.17681677673952534,0.4234113297232047,0.24659455298367938,0.03009397045088602
W02000227,Bridgend 010,2025,19,0.08362598579906975,0.00386682045615299,0.2437558741801262,0.2436573973063176,0.00210447771420075,0.1821300812803044,0.11323966175418355,0.00129506001952894,0.1412994406905665,0.275592655791092,0.004884519345952441,0.1620886319403985,0.44372094798563977,0.2816323160452413,0.03193525848477438
W02000228,Bridgend 011,2021,6,0.4101397733803831,0.07212175581950968,1.0527160206946662,0.19621803555649528,9.841597451317116e-4,0.12279879741173558,0.09942945226096278,0.00201115065777103,0.1760283567909111,0.2077722827805992,0.0027734080590171434,0.1307421757417158,0.3349834797575699,0.20424130401585414,0.01155424722410392
W02000228,Bridgend 011,2023,4,0.13500546782867492,0.01926314327430547,0.5440535695880523,0.22812200882648176,0.00101040337212453,0.12458825074437796,0.15616520774525883,0.00203919887636737,0.17724831760066626,0.24877324060183237,0.0034749811524413233,0.1564755962462973,0.38074885472795006,0.22427325848165275,0.02065123177535061
W02000228,Bridgend 011,2025,12,0.13750561923203072,0.00914558896790724,0.3748727966188538,0.2281150944748821,0.00197926373104473,0.1769520969334198,0.09435158266695325,0.0019810121204626,0.17470663749470877,0.24985749831293902,0.004765928233491069,0.1382871070484153,0.4012114641998825,0.2629243571514672,0.021742403838056923
W02000229,Bridgend 012,2021,10,0.372596028853177,0.05143712390680408,0.8890300182624411,0.1992683247607556,0.0013692602020422401,0.14482756358456975,0.05034734845009879,5.082484724375051e-4,0.08842321392799396,0.21710982024043637,0.00300549528235859,0.12421423899296555,0.34004055437471636,0.21582631538175082,0.01784149547968078
W02000229,Bridgend 012,2023,4,0.14036913945894475,0.01997354636929015,0.5539947865489447,0.23117198067794187,0.00139815037725063,0.14650069494130635,0.10708351676688664,5.575488033832537e-4,0.09260358173755412,0.2595093989667637,0.003890165309883731,0.15367380090725927,0.4121186684923227,0.25844486758506346,0.02833741828882186
W02000229,Bridgend 012,2025,15,0.02366703171999162,5.939299805793825e-4,0.0955313050841735,0.23116909518551076,0.00237213187478472,0.1930623763476515,0.04526905160368585,4.568215703221416e-4,0.08383097528987309,0.26281386839895665,0.005703343466183522,0.1426180834332203,0.43160720593865404,0.28898912250543374,0.03164477321344589
W02000230,Bridgend 013,2021,6,0.2016441058332007,0.03198579527481923,0.701062380663435,0.1902408871937804,9.09774263910923e-4,0.1175025577957488,0.07398607631341246,8.005815088814707e-4,0.1110067594648747,0.20330479537821863,0.0021845766286314344,0.12395775377133117,0.3012416715580344,0.17728391778670322,0.013063908184438228
W02000230,Bridgend 013,2023,2,1,6.162476901133555e-33,3.0772001071872643e-16,0.22214569164888684,9.390053245074622e-4,0.11955510237076158,0.13072209907556342,8.506573763859618e-4,0.11441871540514764,0.2430685300857799,0.0027986413982276762,0.1513164767145922,0.36569102886627863,0.21437455215168644,0.02092283843689305
W02000230,Bridgend 013,2025,14,0.03432351547577085,0.00123157673493007,0.13756527631286591,0.2221377667678342,0.00190777017572572,0.17382345236968322,0.06890792604013746,7.550348575762669e-4,0.1078054431740602,0.24502677456424388,0.0037949676864110693,0.1376406631080611,0.36853170942403146,0.23089104631597035,0.022889007796409677
W02000231,Bridgend 014,2021,13,0.2472861559093759,0.02086188485061717,0.5661804361710441,0.2131699217661761,0.00108850582242762,0.12879601943387936,0.11971199926946476,0.00135589206760246,0.1445813178670506,0.21825072262002027,0.0022550223066541988,0.13982018429699933,0.31852215101260084,0.1787019667156015,0.0050808008538441585
W02000231,Bridgend 014,2023,4,0.1470825502256866,0.02254107778186926,0.5885256904268972,0.24507402996108915,0.00111829189884202,0.13070753070857902,0.17644772930465114,0.00139848766666023,0.1468246542526042,0.26123728847283056,0.0029209589868700574,0.16625989849480644,0.3668028364325536,0.2005429379377472,0.016163258511741413
W02000231,Bridgend 014,2025,8,0.07183417284544649,0.0052387770914089,0.2837220221797598,0.24506725430475565,0.00208923908315764,0.18138397071218024,0.11463421016619244,0.00133174897913117,0.14329247461620115,0.2636740321007047,0.004658843185875298,0.15248854560670638,0.4174851658934653,0.2649966202867589,0.018606777795949075
W02000232,Bridgend 015,2021,7,0.2089893262583731,0.03245549152384563,0.7061910058737371,0.1883981845589388,9.142131177183946e-4,0.11819612879554622,0.12846795246710316,0.00141201486568215,0.14757655080030962,0.2004647136356213,0.002155073123255852,0.12732451441607906,0.31107109655352805,0.183746582137449,0.012066529076682486
W02000232,Bridgend 015,2023,10,0.5720643907672591,0.03045709201199172,0.6841042749819888,0.2203022772459288,9.369600515495638e-4,0.11981678010840588,0.18520357958644615,0.00145512113154894,0.1498044738834518,0.24071137390778982,0.0028013133109630614,0.15683642854449897,0.3590482759150755,0.20221184737057651,0.020409096661861026
W02000232,Bridgend 015,2025,9,0.07382530913478066,0.00564646116036695,0.2945549051039442,0.2202929387437783,0.00190458701655507,0.17362858083041174,0.12339025357177456,0.00138860529125786,0.14635112940156275,0.242014539266552,0.0038799873140091487,0.14697199972157357,0.39033079092517986,0.2433587912036063,0.021721600522773693
W02000233,Bridgend 016,2021,11,0.1889879167546872,0.01679458206755793,0.5079988008776861,0.18560823392569856,0.00129248098472169,0.1414947444988206,0.1049450990137706,0.00114147219658657,0.13259311118616612,0.18147580275021183,0.0022314338946873894,0.1091323088607844,0.2835363250137368,0.17440401615295242,-0.004132431175486728
W02000233,Bridgend 016,2023,4,0,0,0,0.21751162876014055,0.00132043036137195,0.14311365483605332,0.16168095574980934,0.00119447065555201,0.13562918848707345,0.2189652489614388,0.0027686985870661353,0.12711609498804047,0.33434657396932876,0.2072304789812883,0.0014536202012982447
W02000233,Bridgend 016,2025,14,0.06802796645371637,0.00256054360588346,0.19835546698382633,0.21750866100340868,0.00229280975417085,0.19024305938024608,0.09986714297673412,0.0011066640708588,0.13055900612009927,0.22139295540513018,0.0036608148844878155,0.12390085224105254,0.3563258770152454,0.23242502477419283,0.0038842944017214998
W02000234,Bridgend 017,2021,7,0.23793242127900188,0.02837439863724711,0.6603001860576574,0.20121337875287856,0.00142825036223147,0.147671910264501,0.152462007549348,0.0018710969145026,0.16994236729352252,0.22126097824661428,0.003280608131591345,0.12290541427915276,0.358378483218522,0.23547306893936926,0.020047599493735718
W02000234,Bridgend 017,2023,5,0.3319684097213635,0.06177737630349128,0.9743002558151911,0.2331171088033912,0.00145363645248919,0.14914114707409795,0.20919751179083285,0.00191431095394695,0.1718882420066338,0.26392457827550136,0.004171563422317986,0.15513569067778998,0.41142079574169566,0.25628510506390567,0.03080746947211016
W02000234,Bridgend 017,2025,15,0.24809512359347852,0.01759214410250996,0.5199211368563851,0.23311546138303113,0.00242869465757186,0.19525876791608088,0.14738449653283345,0.00185167946277681,0.16906095381518027,0.26717852440051393,0.005584736776506848,0.14481926006108514,0.4380992794163097,0.2932800193552246,0.0340630630174828
W02000235,Bridgend 018,2021,7,0.5408530781595624,0.05900934608218884,0.9522226063496215,0.2057969474765543,0.00160339272993104,0.15589353828646174,0.12144073831878892,0.0020248968487999,0.17683103680973,0.2156083046803878,0.0028086867036729805,0.12988470218281029,0.33436435237151885,0.20447965018870856,0.009811357203833498
W02000235,Bridgend 018,2023,6,0.14075988961524832,0.01855516492437538,0.5339621783166895,0.2377009919334052,0.00162815458283431,0.1572516958697852,0.17817623673657754,0.00204873561328053,0.17786002053190497,0.2562872816326847,0.003406784207352467,0.16637524516781016,0.3773149887664664,0.21093974359865625,0.01858628969927953
W02000235,Bridgend 018,2025,13,0,0,0,0.23770109276603013,0.00260553104507488,0.20179896535821823,0.11636320750582764,0.00200728335980107,0.17606402468830215,0.25794277862023207,0.0043581581579725795,0.15285135980076844,0.3864255737488881,0.23357421394811964,0.02024168585420194
W02000236,Bridgend 019,2021,12,0.7427696585151857,0.02582544992658348,0.6299441321859218,0.2124853574957044,0.00152619006821484,0.15204501055373482,0.15264127465705904,0.00166849354803109,0.16042243502570935,0.23040587419877617,0.00343294096407549,0.13182218270489543,0.36048704639778184,0.2286648636928864,0.017920516703071765
W02000236,Bridgend 019,2023,3,0,0,0,0.24438959295505136,0.00155617472833683,0.15368596991826744,0.20937678535259763,0.00171166616955743,0.1624831993391297,0.2717784870121533,0.004219554639965137,0.16089746843765373,0.4138244451894817,0.25292697675182796,0.02738889405710193
W02000236,Bridgend 019,2025,16,0.13370182663871005,0.00806865787511177,0.3521103063842989,0.24438909654528193,0.00253306668701065,0.19903087324995755,0.1475636507800723,0.00165430087712059,0.15973447764090848,0.2732856719314392,0.005078572421690682,0.15640422608836962,0.4240709295974912,0.2676667035091216,0.02889657538615728
W02000237,Vale of Glamorgan 001,2021,6,0,0,0,0.15050546182826322,8.156201300401378e-4,0.11278955662404042,0.13215098680930734,0.00152500577882429,0.1533924870268744,0.15641175417661593,0.0012539116343534063,0.09336582891312924,0.22272541296686776,0.12935958405373854,0.005906292348352715
W02000237,Vale of Glamorgan 001,2023,6,0,0,0,0.182408957065086,8.377656987797674e-4,0.11433218136237291,0.18888661268432105,0.00156892398791531,0.1555774465804476,0.19044956392138118,0.001702953120070879,0.11563864673651782,0.2745687610132008,0.15893011427668302,0.00804060685629518
W02000237,Vale of Glamorgan 001,2025,20,0.1627169233043331,0.00557483099244682,0.29268060195246154,0.18240102875877956,0.00180184349520059,0.1694327815169357,0.1270733110065247,0.00149758060910573,0.15201096408952447,0.19299829678183586,0.0026089534109236287,0.10521299949966119,0.2934398788204664,0.18822687932080523,0.0105972680230563
W02000238,Vale of Glamorgan 002,2021,10,0.0697226178451028,0.00512124616335283,0.28052134497864983,0.13961011792105477,8.952128254020968e-4,0.11826170592652065,0.11192167633001,0.00115520318530164,0.1333920021476872,0.1443779689612277,0.0010036183249919417,0.08801017221112602,0.2089624703610174,0.12095229814989138,0.004767851040172938
W02000238,Vale of Glamorgan 002,2023,5,0.14118483278569652,0.02022357229056553,0.5574514155028695,0.17151351234427023,9.23631058148078e-4,0.120107023698236,0.1686575438021823,0.00121136516594073,0.13658867550513804,0.1754996361417305,0.0014458861748784405,0.10742637918152942,0.2590940972613943,0.1516677180798649,0.0039861237974602726
W02000238,Vale of Glamorgan 002,2025,12,0.09491294921351873,0.00529947441630956,0.2853609135223337,0.17150772677693532,0.0018896384760322,0.17335006611999088,0.10684370599625088,0.00114302478552267,0.13269133477540146,0.177952715608256,0.002439096473905624,0.09656317969172742,0.2875920642891582,0.19102888459743075,0.0064449888313206916
W02000239,Vale of Glamorgan 003,2021,13,0.0878882555274812,0.00447735435358631,0.2622942803414315,0.1434256125115271,7.185585077922642e-4,0.10587743036381844,0.11894525529635576,0.00116992314425218,0.1342662667383289,0.1434200141046231,9.091406040024998e-4,0.08418242299073131,0.20501210983388532,0.12082968684315401,-5.598406904006037e-6
W02000239,Vale of Glamorgan 003,2023,6,0.09814815869375534,0.00992993493438209,0.39061713297089673,0.17532930030324845,7.501849518356599e-4,0.108159444119603,0.17568107104122702,0.0012186810400914,0.13702741340478625,0.17586029709061152,0.001288466429529331,0.10893748194278907,0.24724368513372866,0.1383062031909396,5.309967873630694e-4
W02000239,Vale of Glamorgan 003,2025,15,0.2267787281000853,0.01445762414180057,0.47133159361876054,0.1753200295482312,0.00171167229680134,0.16510565026068713,0.11386736205491556,0.00116587091543184,0.13403874298997376,0.1778544412368882,0.002066211992259102,0.10144217810305292,0.27236753480523274,0.17092535670217981,0.0025344116886570067
W02000240,Vale of Glamorgan 004,2021,11,0.3842605519584914,0.02654797717361021,0.6386954237667628,0.1782528247542462,0.00107839341942394,0.12901183095794055,0.16478498203828612,0.00180516935189131,0.16695391065853943,0.17875497352463335,0.00219702452789398,0.10918119083789521,0.29719728647560906,0.18801609563771385,5.021487703871508e-4
W02000240,Vale of Glamorgan 004,2023,4,0.3821218455135906,0.07541976152873689,1.0765164340207978,0.2101566071784551,0.00111164892893988,0.13111142962378566,0.22152042958229637,0.00185102769232483,0.16905517120869187,0.21593802677755047,0.002905066252739556,0.1367286792727994,0.35447892840359163,0.21775024913079222,0.0057814195990953665
W02000240,Vale of Glamorgan 004,2025,9,0.23257132757896865,0.02165848856048714,0.5768888694491725,0.2101522391060311,0.00208205539349504,0.18155230951984977,0.15970749384053917,0.00179444916114774,0.16645654763598414,0.21883038356386858,0.0038748599837015174,0.12956259276435939,0.3565980651922736,0.22703547242791422,0.008678144457837489
W02000241,Vale of Glamorgan 005,2021,10,0.3254299456153663,0.02399623667622223,0.607225016096464,0.17704027136707845,0.00142338431145025,0.1483864034947618,0.15265386043294776,0.00160417214461664,0.15726144003027842,0.17287304319745905,0.0021668249721420152,0.10235875905249052,0.2721053899283591,0.16974663087586855,-0.004167228169619397
W02000241,Vale of Glamorgan 005,2023,4,0.19491158055598495,0.03509183804939568,0.7343128782997632,0.20894377696208008,0.00145682867561134,0.1502341578987183,0.2093895418251216,0.00164754705049087,0.15936631595290146,0.20886836439852735,0.0028788026623571606,0.11808066120965832,0.3114724105328678,0.19339174932320946,-7.541256355272918e-5
W02000241,Vale of Glamorgan 005,2025,14,0.08571980997754938,0.00684297326408523,0.3242653234935507,0.20894322955703148,0.00243119336042246,0.1958752591942367,0.14757610555396325,0.00158033038218586,0.15609162898050108,0.21172254541847868,0.004094216661058676,0.11080772869635136,0.3535942081885355,0.24278647949218413,0.0027793158614471958
W02000242,Vale of Glamorgan 006,2021,7,0.23229378979409,0.02616522429055024,0.6340745433980909,0.15358794392137556,0.00111341285726282,0.13174423802063523,0.14409822005566048,0.00190237712509822,0.1714193443811451,0.14869948671570837,0.001419143884615426,0.08261631092299018,0.2282584036800416,0.14564209275705142,-0.0048884572056671904
W02000242,Vale of Glamorgan 006,2023,4,0,0,0,0.18549143637519636,0.00114468783022526,0.13361733930973163,0.20083369246603583,0.00194972722368737,0.1735305650874197,0.181606478993838,0.0018196968553069403,0.1067204933556807,0.27560044203296163,0.16887994867728093,-0.003884957381358356
W02000242,Vale of Glamorgan 006,2025,11,0.3303578552998071,0.03512637468853634,0.7346741369785239,0.1854885278646909,0.00211470569030308,0.18310135812912817,0.13902074408461165,0.00189243524170054,0.17097276805752534,0.1826427919737259,0.0022669941346770994,0.10270144432571277,0.29099786052454724,0.18829641619883447,-0.0028457358909649844
W02000243,Vale of Glamorgan 007,2021,17,0.09583720050472132,0.00445311557213456,0.26158333352220026,0.1510098310224267,0.00107157722319221,0.1290476819345307,0.11427701032446352,0.00108317593446514,0.12915682759911917,0.1408289242285349,0.0013490291391117504,0.08622290931452747,0.23404898230593008,0.1478260729914026,-0.010180906793891803
W02000243,Vale of Glamorgan 007,2023,5,0,0,0,0.18291326732225285,0.00110750480666774,0.13112656616118845,0.17101289857167004,0.00115187701267108,0.1331821743521047,0.17120725582552648,0.0018537464311382667,0.10364931583065334,0.2757484338420205,0.17209911801136718,-0.01170601149672637
W02000243,Vale of Glamorgan 007,2025,11,0.08317159924169112,0.00387401401355907,0.24398250186338472,0.18291348766956625,0.00207709681783446,0.1811498080561764,0.10919903793587604,0.00107035979179637,0.128394015280118,0.17335850953953977,0.002243682808724281,0.09539389108287324,0.2743528292345355,0.17895893815166228,-0.009554978130026481
W02000244,Vale of Glamorgan 008,2021,11,0.0930599756826962,0.00814188401424482,0.35370446513206044,0.14437443845584327,9.710658201838028e-4,0.12306095492833174,0.13036645952768583,0.0014290754625904,0.1484463577539124,0.1409604384854102,0.001106019496638749,0.08033998807797985,0.21204574316038838,0.13170575508240853,-0.003413999970433068
W02000244,Vale of Glamorgan 008,2023,4,0,0,0,0.17627794005880504,0.00100385799755927,0.1250995871639058,0.1871021554785675,0.00148880185111224,0.15150815629600412,0.17292864717050616,0.001614716044801185,0.09985487044512961,0.2619800851363835,0.16212521469125388,-0.0033492928882988826
W02000244,Vale of Glamorgan 008,2025,18,0.1570993129235458,0.0089089090669488,0.36999030970009106,0.17627446273333533,0.00197138759446032,0.17681415952504628,0.12528872283224288,0.0014183192956391,0.14789065424341732,0.17567790276224357,0.002359316370096054,0.09789869233536885,0.2759791480893271,0.17808045575395826,-5.965599710917591e-4
W02000245,Vale of Glamorgan 009,2021,6,0,0,0,0.14616420885873532,0.00100555810201406,0.12507696988714198,0.1257045740269774,0.00165279136149627,0.15972496260022695,0.1400889272629962,0.001117342864254478,0.07934008669303023,0.21499573010315887,0.13565564341012865,-0.006075281595739113
W02000245,Vale of Glamorgan 009,2023,5,0,0,0,0.1780674873071671,0.00103607204708589,0.12687724233660597,0.1824402009975042,0.00170318456546887,0.16212811443991582,0.17166216277411686,0.0015422219753953243,0.09874400005953612,0.25749522372652023,0.1587512236669841,-0.006405324533050233
W02000245,Vale of Glamorgan 009,2025,16,0.12334052629428711,0.00786840781573228,0.3477134717468585,0.17806599895478242,0.0020048797639663,0.1782854631811105,0.1206269869125478,0.0016288005800063,0.15856521817902525,0.1725020749496666,0.002119099396147885,0.09922429289851833,0.27921753638169755,0.17999324348317922,-0.005563924005115822
W02000246,Vale of Glamorgan 010,2021,7,0.40298903120194407,0.04840920788628492,0.8624661816850206,0.13738741735398266,0.00120427368886761,0.1371373731917464,0.14349922580335123,0.00196889316211291,0.17437227389621943,0.13793745048689363,0.0016641243379360298,0.07116420822773636,0.2307239732443045,0.15955976501656813,5.500331329109653e-4
W02000246,Vale of Glamorgan 010,2023,3,0,0,0,0.16929077077696322,0.00123885855599934,0.1390670829825111,0.20023466509533247,0.00201305493076017,0.176312680501522,0.16724439207259698,0.0022272960698180248,0.0911238349789914,0.27075730953399335,0.17963347455500195,-0.0020463787043662474
W02000246,Vale of Glamorgan 010,2025,13,0.38345641557840093,0.0228186109348791,0.5921376672760439,0.1692898061699007,0.00221009079906061,0.18708678343245977,0.13842178218104942,0.00195671908694367,0.17383033534723735,0.16900394541285443,0.003003092067296795,0.07735379693898226,0.29428808148174207,0.21693428454275981,-2.858607570462579e-4
W02000247,Vale of Glamorgan 011,2021,6,0.5089711206498703,0.04487040727336258,0.8303440776169755,0.1690434015514161,0.0012937117048678,0.14174236938703227,0.1547229475689836,0.00162332129519493,0.15823750070476006,0.177239651105817,0.002251065901411407,0.09374303610626772,0.27229184143906726,0.17854880533279954,0.008196249554400903
W02000247,Vale of Glamorgan 011,2023,8,0,0,0,0.20094677859094243,0.0013130425547333,0.14287564914355472,0.21145848628186384,0.00167068822775668,0.16052426413924384,0.21275028818193847,0.002993063024301301,0.11990709985768558,0.32509131953941806,0.20518421968173248,0.011803509590996047
W02000247,Vale of Glamorgan 011,2025,19,0.1916693699386835,0.0067366554064259504,0.32173644078961106,0.20094462172220284,0.00228547219645438,0.19010995638670217,0.14964529949762478,0.00160573994472299,0.15737623389167518,0.21610116789215644,0.004052678955009418,0.11477091297117284,0.3515745764569427,0.23680366348576984,0.0151565461699536
W02000248,Vale of Glamorgan 012,2021,8,0.09452546823005964,0.00857139382610514,0.3629140747831902,0.16412916228785468,0.00118152355658516,0.13571555949713576,0.14597526791057436,0.00151079948741295,0.15260282249033444,0.15161613510048993,0.0014102671008384784,0.08868021475637626,0.2426921517924785,0.15401193703610222,-0.012513027187364745
W02000248,Vale of Glamorgan 012,2023,7,0.17496181338717995,0.02076146570673613,0.5648161313903138,0.19603256772974528,0.00121323399378966,0.137486581487696,0.2027109707063265,0.00156092828700776,0.1551069686899086,0.18474716238931732,0.0018158076171741705,0.11076306969638916,0.27813942263246705,0.1673763529360779,-0.011285405340427962
W02000248,Vale of Glamorgan 012,2025,20,0.22411832339759163,0.01266490482991558,0.44114265435176775,0.1960318800431536,0.0021840739837615,0.18583780484248652,0.14089749532220044,0.00149877474841866,0.15199810711255882,0.18673941913186656,0.0023930162178737624,0.10171564389223285,0.2920950733710297,0.19037942947879682,-0.009292460911287048
W02000249,Vale of Glamorgan 013,2021,1,0,0,0,0.14738959766798748,0.00135715687193584,0.14548690780553775,0.15861836982802613,0.00201467578321462,0.1763851216220006,0.13875364563689266,0.0017842114686011747,0.07478243751146797,0.24000147264144212,0.16521903512997416,-0.008635952031094823
W02000249,Vale of Glamorgan 013,2023,3,0,0,0,0.17929260281247686,0.0013883706947602,0.14707259917621177,0.2153538676630817,0.00205901716430149,0.17830638892925998,0.16851629836389131,0.0023214773171960947,0.09246502009539778,0.2776680751475461,0.18520305505214832,-0.010776304448585544
W02000249,Vale of Glamorgan 013,2025,13,0.30956485591124094,0.01817167953600328,0.528415588870755,0.1792926378356516,0.00236197094081772,0.1933451249223544,0.15354087099210992,0.00199505143552308,0.1755273048356944,0.17119186047822704,0.003058324986655055,0.08407919618385251,0.29466075074024256,0.21058155455639005,-0.008100777357424566
W02000250,Vale of Glamorgan 014,2021,4,0.25625338871703796,0.05443056319780204,0.9145332516897252,0.17190032835695834,9.88898015621978e-4,0.12381765118880347,0.13868562950720242,0.0017003818203495,0.16201057939280664,0.1838477695469102,0.0017692468600526527,0.11233842942493732,0.2721532567061655,0.1598148272812282,0.011947441189951863
W02000250,Vale of Glamorgan 014,2023,8,0.41237789295661,0.03423242187615998,0.7252653003415983,0.20380400160301584,0.00101139570456106,0.1253099106315805,0.19542114185772064,0.00174159135937002,0.16395366016136148,0.22139946275801353,0.0024558895338097015,0.13967234319188215,0.3233241931932853,0.18365185000140316,0.017595461154997688
W02000250,Vale of Glamorgan 014,2025,13,0.15434933297738462,0.01205902844864081,0.43046143243283763,0.20379830460024465,0.00197965703445579,0.17724736372483807,0.1336080655716964,0.00168379497586192,0.16121867511101087,0.22275123764215105,0.0036024353532086713,0.1217837843285551,0.3424275158261536,0.2206437314975985,0.0189529330419064
W02000251,Vale of Glamorgan 015,2021,12,0,0,0,0.14132885721486757,9.792971078262486e-4,0.12325036697667176,0.15737756285744006,0.00184697632933842,0.16889565456839606,0.1311484964634127,0.0011082400235470872,0.07511140737448553,0.20210366716131223,0.1269922597868267,-0.01018036075145487
W02000251,Vale of Glamorgan 015,2023,5,0,0,0,0.17323211599569344,0.00101138259784517,0.12516263441469505,0.2141130434110422,0.00189309150049574,0.1709805038735299,0.1607742741652976,0.0016129907320599356,0.09113650099665772,0.23629672391626827,0.14516022291961056,-0.012457841830395833
W02000251,Vale of Glamorgan 015,2025,18,0.2951833288197265,0.01407341563645197,0.46502665142524047,0.17323181696871248,0.00198011001550711,0.17711865840915092,0.15230004945962222,0.00183129952084592,0.1681782109412973,0.16279165092478684,0.002228796031529306,0.08438204572384803,0.27121267306799945,0.18683062734415143,-0.010440166043925642
W02000252,Rhondda Cynon Taf 001,2021,12,0,0,0,0.126739876720236,6.25999463665948e-4,0.09858104473201218,0.09787136716744112,0.00191830353375077,0.17233135908990527,0.12195283266690585,6.532577531406688e-4,0.0718525806444116,0.1715066880968999,0.09965410745248829,-0.004787044053330164
W02000252,Rhondda Cynon Taf 001,2023,7,0,0,0,0.15864305366556838,6.544313862269571e-4,0.10069553028193529,0.1546068708412408,0.00196499271510053,0.1743922033368724,0.1496825263149611,9.406175277030861e-4,0.0902472368202798,0.207429378069893,0.11718214124961321,-0.008960527350607289
W02000252,Rhondda Cynon Taf 001,2025,5,0,0,0,0.1586374265719071,0.00161409477051385,0.16062812710705948,0.09279395362148588,0.00190489702461447,0.17173541421904098,0.1539813883075051,0.0018477245769984954,0.07712567000664183,0.24943551778732975,0.17230984778068792,-0.0046560382644020015
W02000253,Rhondda Cynon Taf 002,2021,8,0,0,0,0.12426505915885924,0.00102879659063887,0.12637971947929066,0.10306851770323797,0.00198202978220985,0.17510624116792348,0.11870385460491951,9.087825396683959e-4,0.0671217592540082,0.18137776086500465,0.11425600161099644,-0.005561204553939728
W02000253,Rhondda Cynon Taf 002,2023,3,0,0,0,0.15616771046164804,0.00106081337968907,0.1282161643323339,0.15980398960097633,0.00202738089873075,0.17707791377241083,0.14566824577845675,0.0012378827536220526,0.08200769222357716,0.22667819651782628,0.1446705042942491,-0.010499464683191295
W02000253,Rhondda Cynon Taf 002,2025,7,0,0,0,0.15616603955121244,0.00203079616719228,0.17943349048743573,0.09799112348544611,0.00196611486636784,0.17440925021434517,0.14732156129574717,0.0016796775653298342,0.08052395275959191,0.2423477852773599,0.161823832517768,-0.008844478255465277
W02000254,Rhondda Cynon Taf 003,2021,6,0.45613524911080167,0.07806328820345773,1.095220355986064,0.13099831891633376,8.444545089326231e-4,0.11473959346218689,0.1125403289366647,0.00195038726098657,0.17370727236750233,0.12646569410979278,9.082865244395023e-4,0.07141327698414635,0.19052746111122454,0.1191141841270782,-0.004532624806540986
W02000254,Rhondda Cynon Taf 003,2023,5,0,0,0,0.16290144778099505,8.740417615810299e-4,0.11662681887889129,0.16927577226331234,0.00199362752171913,0.1756057041702329,0.15507524585277196,0.0011981122445805295,0.09147859066895847,0.23179183445502732,0.14031324378606885,-0.007826201928223087
W02000254,Rhondda Cynon Taf 003,2025,6,0,0,0,0.16289763594940393,0.00183954556899087,0.17105834152888977,0.10746293324499068,0.0019360783069066001,0.1730753360086319,0.15653436825191686,0.0018156991928324321,0.08898491957485505,0.2661113347583167,0.17712641518346167,-0.006363267697487074
W02000255,Rhondda Cynon Taf 004,2021,9,0.21476578694195855,0.03247331881536928,0.7063849290592566,0.12543683614389448,8.164801642524706e-4,0.1126766705970356,0.113568924591216,0.00169509472942662,0.1618405430152011,0.12261366207247572,8.810147722139294e-4,0.07522997778283408,0.18951106432356546,0.11428108654073138,-0.0028231740714187575
W02000255,Rhondda Cynon Taf 004,2023,7,0,0,0,0.15734001853117335,8.44864718587815e-4,0.11450804097865155,0.1703044288114624,0.00174230774318997,0.1640660066996091,0.15117858255907232,0.0012655965368575945,0.09160162340716627,0.22544590832470907,0.1338442849175428,-0.0061614359721010314
W02000255,Rhondda Cynon Taf 004,2025,6,0.1304459405317504,0.0163323027759761,0.5009585554155972,0.15733702129815244,0.00180981951219015,0.1696199393414805,0.10849141793412796,0.0016794330616822,0.16109594470276456,0.1533926642013721,0.00189733819602396,0.08678540802564215,0.25106190022154135,0.16427649219589918,-0.003944357096780343
W02000256,Rhondda Cynon Taf 005,2021,5,0.11179896075730704,0.01287202005263511,0.44473513452996616,0.14181803962897077,8.51738916842492e-4,0.11539169828725648,0.11782839218223488,0.00166380150258813,0.1603137290056073,0.13650547695957213,0.001135153721094589,0.0839257841546299,0.21864925826108222,0.13472347410645233,-0.0053125626693986405
W02000256,Rhondda Cynon Taf 005,2023,2,0,0,0,0.17372130107482803,8.824367325048836e-4,0.11736688265658574,0.1745639222447919,0.00171961936595565,0.1629677665984272,0.16671920857298475,0.0015224449316406496,0.09986215762165898,0.26180443988814783,0.16194228226648885,-0.007002092501843277
W02000256,Rhondda Cynon Taf 005,2025,8,0.2727221010340992,0.0325324572589449,0.7070278492286663,0.1737168715075144,0.00184790362196266,0.17153028810829724,0.11275084255822122,0.00165909476680558,0.16009027865693906,0.16903114619510504,0.0022872861863826865,0.09031989819951404,0.2681416889650787,0.17782179076556465,-0.00468572531240935
W02000257,Rhondda Cynon Taf 006,2021,4,0,0,0,0.1363918154143441,7.702421145894707e-4,0.10960475028459551,0.10220808532669136,0.00155847034159846,0.1551258100069124,0.130194417828981,8.353526100750362e-4,0.0796624020426068,0.1915108849178913,0.11184848287528451,-0.006197397585363085
W02000257,Rhondda Cynon Taf 006,2023,4,0,0,0,0.16829505146317508,7.97097306025247e-4,0.1113949382801728,0.1589437220678903,0.00160482172702134,0.1574010641100197,0.16010590784453066,0.0011478543389568413,0.10077779502874146,0.2303771947297305,0.12959939970098905,-0.008189143618644423
W02000257,Rhondda Cynon Taf 006,2025,7,0.08332934345818582,0.00707666406425715,0.3297557495524817,0.16829006893472567,0.00176068965766457,0.1675301608034334,0.09713045640520268,0.00153401162643975,0.15390936575234251,0.16230236756594163,0.0017642274127599466,0.09012418198188302,0.25523802265578543,0.16511384067390242,-0.005987701368784043
W02000258,Rhondda Cynon Taf 007,2021,8,0,0,0,0.14210820571836524,7.761024589590279e-4,0.11006041892671084,0.10385132462767312,0.00193368383998204,0.1729134542975101,0.13784844550870032,0.0012181018875383684,0.08092081540615359,0.22175001553363943,0.14082920012748584,-0.004259760209664926
W02000258,Rhondda Cynon Taf 007,2023,7,0.2496770476051043,0.03119143931930032,0.6923023319425459,0.17401149269967425,8.062200565241151e-4,0.1120814636753193,0.16058682821533324,0.00196947738556859,0.17448854021570726,0.16751697311248986,0.001619499939256975,0.10153694638738411,0.2621841249762227,0.16064717858883856,-0.006494519587184389
W02000258,Rhondda Cynon Taf 007,2025,8,0,0,0,0.17400611041488134,0.00176976807735453,0.16786523241023116,0.09877385270905882,0.00192281687965426,0.172430883338557,0.1703321287397279,0.002656495165507128,0.08763148647925093,0.28710464003914427,0.19947315355989334,-0.0036739816751534538
W02000259,Rhondda Cynon Taf 008,2021,8,0,0,0,0.13927395489595354,0.00101060022910163,0.12544520215464938,0.08193593222604637,0.00145240959847018,0.1496673272042434,0.13271228523176262,0.0010322983957547582,0.07713132243102884,0.20579936643563473,0.1286680440046059,-0.006561669664190917
W02000259,Rhondda Cynon Taf 008,2023,7,0.06396191490916571,0.00459812913163889,0.2658083799388185,0.17117708679510824,0.00103725703103528,0.1269860717159581,0.13867176206392018,0.00145183843118871,0.1496176553397652,0.1629426449596564,0.001437254110045472,0.09707647339661707,0.24888303273405846,0.1518065593374414,-0.008234441835451828
W02000259,Rhondda Cynon Taf 008,2025,5,0,0,0,0.17117620951164528,0.0020061239908673,0.17835035856225523,0.07685817227315542,0.00143038377227782,0.14853607329713253,0.1657790573297605,0.002053525264073329,0.08792549153447107,0.2654822750402192,0.17755678350574813,-0.005397152181884773
W02000260,Rhondda Cynon Taf 009,2021,9,0.2524366414500395,0.01998260887720358,0.5541204530851189,0.14970942109344482,7.970481602732234e-4,0.1116887747811412,0.12435576570340044,0.00181769568976559,0.16760187255458237,0.14891147724804665,0.001344592192231812,0.08591456580066464,0.2402884935397422,0.15437392773907754,-7.979438453981635e-4
W02000260,Rhondda Cynon Taf 009,2023,2,0,0,0,0.18161300447920947,8.31163416716539e-4,0.1140190401201425,0.18109124183122297,0.00186843503524287,0.16991225532055076,0.18096239082760907,0.0017587123603753614,0.11148119852421902,0.2786284576123143,0.1671472590880953,-6.506136516004069e-4
W02000260,Rhondda Cynon Taf 009,2025,4,0.2583865506994965,0.05113041848495398,0.8863755346235778,0.18160675546415303,0.0017951225431945,0.1691294556578955,0.11927825973319373,0.00181516214066991,0.16748604448694937,0.1830980785894809,0.0023914541977191847,0.10174692455850608,0.29606887626032163,0.19432195170181554,0.0014913231253278758
W02000261,Rhondda Cynon Taf 010,2021,12,0,0,0,0.12303406294081436,0.00102564114282681,0.12594810782536311,0.09108017371274156,0.00132916748091835,0.14315637007078744,0.1216486197595836,0.001074675537013303,0.0662375658972705,0.1863439485135018,0.1201063826162313,-0.0013854431812307527
W02000261,Rhondda Cynon Taf 010,2023,4,0,0,0,0.15493668100704225,0.00105956942559163,0.1279019557311975,0.14781594218691807,0.00137721867616521,0.14570889833721562,0.1497471835689684,0.0015816845875415073,0.08280101015535325,0.23405136816554237,0.1512503580101891,-0.005189497438073842
W02000261,Rhondda Cynon Taf 010,2025,14,0.06159992601556031,0.00367901562196499,0.23776279786769744,0.15493607766279452,0.00202988381017774,0.17927616192587914,0.08600240066890716,0.00129818705868592,0.14148204575892964,0.15179988392315222,0.002199851106053607,0.07769854325025427,0.2502457863179025,0.17254724306764824,-0.003136193739642301
W02000262,Rhondda Cynon Taf 011,2021,7,0,0,0,0.1202830265764498,0.00131846389451725,0.14270954463148644,0.10437535668777548,0.00183366334456012,0.16831167698291052,0.11708375764457114,0.0012653317020612515,0.058365225047633223,0.19124632673576014,0.13288110168812692,-0.0031992689318786627
W02000262,Rhondda Cynon Taf 011,2023,8,0,0,0,0.15218577757481477,0.0013473008951801,0.14414408301923565,0.16111087939249022,0.00188002579236836,0.17041041305142435,0.1440769989593137,0.0017414289104209387,0.0750405521007902,0.24252731887895668,0.16748676677816648,-0.008108778615501078
W02000262,Rhondda Cynon Taf 011,2025,12,0.130551361953057,0.01481034237209046,0.477046414273357,0.1521877682874917,0.00232155999777172,0.1913066708465172,0.0992978678010396,0.00181481518112476,0.16744930613815967,0.14742265176150804,0.0026431306760052067,0.06501406868779241,0.2702156153376467,0.2052015466498543,-0.004765116525983659
W02000263,Rhondda Cynon Taf 012,2021,10,0.14227615304313618,0.0098252087922224,0.38855184971915496,0.14445508378593758,8.249472316958739e-4,0.1135638366722854,0.10410478668819234,0.001283124328425,0.14066139029412278,0.1455528790570364,0.0010495832435536143,0.0882438671312198,0.21083167444276293,0.12258780731154313,0.0010977952710988226
W02000263,Rhondda Cynon Taf 012,2023,3,0,0,0,0.17635851342652975,8.557190468940108e-4,0.11559512666315916,0.16084049690870986,0.00134066305209988,0.1437713566290921,0.17676995531370082,0.0014188671267591961,0.11493833981581549,0.25206445993146154,0.13712612011564607,4.114418871710712e-4
W02000263,Rhondda Cynon Taf 012,2025,8,0.07301305027132968,0.0052858860771012,0.28499483290799965,0.1763537215857884,0.00182030877873282,0.17020789820960036,0.09902701296140248,0.00126646635591928,0.13974900456426312,0.1783475922673877,0.0019836298971202663,0.10459071002510652,0.2770257868744937,0.1724350768493872,0.0019938706815992857
W02000264,Rhondda Cynon Taf 013,2021,11,0.08858266354524647,0.00730549835997708,0.3350448991672633,0.15857254670476634,8.332369713685943e-4,0.11411307739066068,0.11038793336212532,0.00155942601394527,0.1551394594888773,0.15627777876852939,0.0013546181606197444,0.09518575813507821,0.24426794987193734,0.14908219173685913,-0.002294767936236952
W02000264,Rhondda Cynon Taf 013,2023,8,0.4463187324576003,0.04251886103566664,0.8082931492257727,0.19047607774766345,8.632752427381666e-4,0.11613144152571504,0.16712354178097183,0.00161547012223692,0.1578918466983537,0.18923350030662717,0.0017425326913111192,0.11897533213858746,0.29314292693839306,0.1741675947998056,-0.0012425774410362855
W02000264,Rhondda Cynon Taf 013,2025,9,0,0,0,0.1904701094455429,0.00182791313079034,0.17051789445923543,0.10531030012381716,0.00156006013506329,0.15517554169863346,0.19220387752209417,0.002521127366921071,0.11002896348096597,0.303305775158106,0.19327681167714,0.001733768076551262
W02000265,Rhondda Cynon Taf 014,2021,8,0.05132387244528289,0.0028207968927463,0.20819197972089942,0.14391964842094157,9.836521422232729e-4,0.12388143250012608,0.08998484655307411,0.00110806303605011,0.13066274300200892,0.13902265460600785,0.001248737821198161,0.08261571878874154,0.21846178804769828,0.13584606925895676,-0.00489699381493372
W02000265,Rhondda Cynon Taf 014,2023,2,0,0,0,0.1758227012419605,0.00101737212788506,0.1258977097801286,0.14672068562006016,0.00118674746087182,0.13521416745779266,0.16930978496153376,0.0016449262985275344,0.09856965350880545,0.25700232420724833,0.15843267069844288,-0.006512916280426745
W02000265,Rhondda Cynon Taf 014,2025,9,0.18504699755418308,0.0159764538766468,0.49547104725849594,0.17582007221284007,0.00198574464708087,0.1775512856994363,0.08490694754618992,0.00111661029959365,0.1311709695142854,0.1715734470408052,0.0024446798391637185,0.09238163094605567,0.2820298260067959,0.1896481950607402,-0.0042466251720348624
W02000266,Rhondda Cynon Taf 015,2021,5,0,0,0,0.14823737156637182,7.551055872419971e-4,0.108720807532269,0.12560541320352775,0.00178733172404987,0.1662245950708262,0.1457815665981225,0.0010295919608524942,0.09316396492397569,0.22578819064617006,0.13262422572219437,-0.00245580496824932
W02000266,Rhondda Cynon Taf 015,2023,3,0.46814725674600344,0.09813279954298192,1.2279627167040474,0.1801409947797115,7.85481122305233e-4,0.11083251531402875,0.1823408725815762,0.00183295773228978,0.16831914124831604,0.17823482693344564,0.001456740698676385,0.11930934159795878,0.2595894677830922,0.14028012618513344,-0.0019061678462658493
W02000266,Rhondda Cynon Taf 015,2025,9,0.19101749344806623,0.01805137985346083,0.5266635828070032,0.18013393825111845,0.00174821944686292,0.16699143041930622,0.12052793582628736,0.00177309804198237,0.1655638140458464,0.1808012554818085,0.0023765112252388436,0.10522593394741742,0.29472630306457415,0.18950036911715673,6.67317230690051e-4
W02000267,Rhondda Cynon Taf 016,2021,6,0,0,0,0.1461549597521191,0.00110827458983017,0.13153992822801996,0.1084868141825443,0.00200862141178773,0.1762487916588632,0.1422138925067349,0.0014069145607116971,0.0779897151010848,0.21856493498137697,0.14057521988029217,-0.003941067245384178
W02000267,Rhondda Cynon Taf 016,2023,3,0,0,0,0.1780577751150027,0.00113967466843067,0.133301189407404,0.16522227707289336,0.00205694548021058,0.17833726408869108,0.17428056077178863,0.0020068812287876198,0.09938641551830563,0.26771906590883543,0.1683326503905298,-0.0037772143432140692
W02000267,Rhondda Cynon Taf 016,2025,4,0.3876848127336204,0.07569560365471198,1.0784832763602032,0.17805556977924186,0.002110356020488,0.1830268789470144,0.10340941966354968,0.00199709566976582,0.17574653043093674,0.17793716562481365,0.0029648226540239108,0.09142580595189369,0.3156539816114613,0.2242281756595676,-1.1840415442820884e-4
W02000268,Rhondda Cynon Taf 017,2021,3,0,0,0,0.14766434142344767,8.070219434321812e-4,0.11234229523443535,0.07289757436621265,8.624730206614177e-4,0.11523195777528808,0.14405430195865712,0.001113068292836231,0.09014916579902364,0.22357870039852085,0.1334295345994972,-0.0036100394647905487
W02000268,Rhondda Cynon Taf 017,2023,5,0.15751108875263864,0.02232284622425626,0.5856698542051408,0.17956765982456635,8.351165458899898e-4,0.1142019295916852,0.12963360313395947,9.089027046730732e-4,0.1182825327059551,0.17629050471711102,0.001547159571080132,0.10783802746621506,0.26701242205213427,0.1591743945859192,-0.0032771551074553262
W02000268,Rhondda Cynon Taf 017,2025,11,0.03728687811082731,0.00147635974183728,0.15061706613526263,0.1795618305297972,0.00179935563904069,0.16934493839824727,0.06781951890207688,8.213343095859896e-4,0.11245238335294358,0.17969872732171743,0.0025680634669038188,0.10355001566292207,0.2944294706370667,0.19087945497414463,1.368967919202213e-4
W02000269,Rhondda Cynon Taf 018,2021,9,0.08489608206896909,0.00688138809569497,0.32517422406351326,0.14451731867067638,8.158118821579436e-4,0.112776993286838,0.10365651959224448,0.00154632325159065,0.15450454567096764,0.14270000129920907,9.694285177311507e-4,0.0877246516389847,0.20401663231099534,0.11629198067201064,-0.001817317371467314
W02000269,Rhondda Cynon Taf 018,2023,7,0,0,0,0.1764205220625628,8.449820754779826e-4,0.11468384859387389,0.16039217925192684,0.00161319846330055,0.15779486149050476,0.1738172405348633,0.0013819721160932526,0.1067224357075931,0.254724757736812,0.14800232202921892,-0.002603281527699508
W02000269,Rhondda Cynon Taf 018,2025,7,0,0,0,0.17641609710430745,0.00180971021609111,0.1697029523353194,0.0985788917528518,0.0015477700829208,0.1545829056840566,0.17632971129667407,0.0024136786369415167,0.09589962959199913,0.29364518403381146,0.19774555444181233,-8.638580763337123e-5
W02000270,Rhondda Cynon Taf 019,2021,5,0,0,0,0.13428955651136126,9.045184048903748e-4,0.1188370187017163,0.10990125101904176,0.00194788483652964,0.17360964068821377,0.1321063273078986,0.0010434135707753963,0.07916751034762778,0.20069702761340139,0.1215295172657736,-0.002183229203462672
W02000270,Rhondda Cynon Taf 019,2023,3,0,0,0,0.16619246136007898,9.330741890940866e-4,0.12060053935305191,0.1666367171905296,0.00199456006063447,0.17565683108376015,0.16163253563484095,0.0014819961217291465,0.09770113059363507,0.24194054034621204,0.14423940975257699,-0.004559925725238029
W02000270,Rhondda Cynon Taf 019,2025,4,0,0,0,0.16618820070472962,0.00190008272500866,0.1739114199627823,0.10482385308280884,0.00193003850271407,0.17282173860023264,0.163585641725458,0.002042014974252377,0.09002976336339384,0.2619657162105877,0.17193595284719382,-0.002602558979271613
W02000271,Rhondda Cynon Taf 020,2021,5,0,0,0,0.1486775475417928,0.00106196839355821,0.12881478641139196,0.10115442138019574,0.00184646315545282,0.1689125100526115,0.14351867247833394,0.0012858087842015026,0.08489168786794882,0.22232087253371202,0.1374291846657632,-0.0051588750634588565
W02000271,Rhondda Cynon Taf 020,2023,4,0.12268950939478776,0.0171393386633907,0.5131863742904562,0.18058052324700705,0.00109173030155038,0.13052391396220137,0.1578899861494115,0.00187803702236523,0.17033061308888311,0.17473993120132855,0.0017804748683162728,0.1061505728916056,0.270766806196132,0.16461623330452643,-0.005840592045678494
W02000271,Rhondda Cynon Taf 020,2025,7,0,0,0,0.1805781447241785,0.00206143755503717,0.18093499794482187,0.09607691910248992,0.00183118538850919,0.16821832924946845,0.17754214569093843,0.002750006141156042,0.10047115894696565,0.29905052960506306,0.19857937065809741,-0.003035999033240061
W02000272,Rhondda Cynon Taf 021,2021,7,0.23744356703814623,0.03912458022743475,0.7753591782409855,0.14528414740454731,7.498112508381275e-4,0.10829238769230512,0.13368979011610232,0.00172079716258344,0.1630812793646248,0.1434590038996606,9.702502695626452e-4,0.09218564509415386,0.20936728080751588,0.11718163571336201,-0.001825143504886717
W02000272,Rhondda Cynon Taf 021,2023,2,0,0,0,0.17718746651012054,7.812243037251046e-4,0.11046151525745015,0.19042528038693765,0.00176944584988744,0.1653562850984395,0.174555443002809,0.0012900721133178262,0.11149221623857727,0.2464622739864646,0.1349700577478873,-0.0026320235073115372
W02000272,Rhondda Cynon Taf 021,2025,8,0.1855565686140649,0.01727400927802911,0.5151985842753727,0.17718032301252065,0.0017440090188449,0.16679786621867204,0.1286122845220336,0.00170776771202155,0.16246622246395834,0.17679859736928732,0.001918818901081918,0.10658800543733488,0.2738980559961224,0.1673100505587875,-3.8172564323332714e-4
W02000273,Rhondda Cynon Taf 022,2021,4,0.4992046024265114,0.08652624919370804,1.1530603161790758,0.17167310003318195,9.511501751158536e-4,0.12198884064977,0.15434985301217027,0.00214003512968358,0.18182624782531956,0.1710105677982133,0.0018385614172036183,0.10208002204086086,0.26336824208997023,0.16128822004910937,-6.625322349686491e-4
W02000273,Rhondda Cynon Taf 022,2023,3,0,0,0,0.20357636351214403,9.784439903464464e-4,0.12367795594182784,0.21108534267595497,0.00218528322433387,0.18372619994228645,0.20485437860848407,0.002378334032288511,0.12492752911357685,0.30950253962145063,0.18457501050787378,0.0012780150963400405
W02000273,Rhondda Cynon Taf 022,2025,7,0.3226183991408277,0.04147132676107223,0.7982741233240851,0.20357229013202055,0.00194587906941753,0.17597321001210203,0.14927232240494376,0.00212733509811374,0.18128877670726123,0.20482202431493945,0.0030342907188968867,0.11779339569841417,0.3363943952419767,0.2186009995435625,0.0012497341829189046
W02000274,Rhondda Cynon Taf 023,2021,13,0.07445337174504847,0.00523924836027016,0.28373478339722136,0.15032506080497202,8.491840307636929e-4,0.11519350948457088,0.10496407363003168,0.00135096536728322,0.14434569858291824,0.15314093876953608,0.001367715962870416,0.09013245718365881,0.22593052269030173,0.13579806550664292,0.002815877964564062
W02000274,Rhondda Cynon Taf 023,2023,5,0.1881054911567012,0.03033909528162065,0.6827778121218091,0.1822283615742083,8.814972583472551e-4,0.11731264181904866,0.16169977392866602,0.00141286674212315,0.1476053621908011,0.1865280993558209,0.0018878987349204106,0.1123342625077066,0.2772302540202819,0.16489599151257528,0.004299737781612606
W02000274,Rhondda Cynon Taf 023,2025,7,0.1887888568142841,0.02836594638437752,0.6602018326106149,0.18222312031504936,0.0018466743392378,0.17138728709629017,0.09988634677233456,0.00135125779286516,0.1443665370549947,0.18876898309560794,0.002910938724789294,0.10897004876291869,0.33109438021993054,0.22212433145701185,0.006545862780558576
W02000275,Rhondda Cynon Taf 024,2021,6,0,0,0,0.14860873359958454,8.134866956387468e-4,0.11282641838704628,0.12101274553799692,0.0017789947399369,0.1658245786046082,0.14593150175276337,0.001165217239724312,0.08534858485024086,0.22520948098620944,0.13986089613596858,-0.002677231846821171
W02000275,Rhondda Cynon Taf 024,2023,1,1,0,0,0.1805120263346162,8.466085589125261e-4,0.11503920471947184,0.1777482202868137,0.0018246096032287,0.16792271441160986,0.17899146827387064,0.0015712312865301151,0.10442712150418745,0.27254767338707586,0.1681205518828884,-0.0015205580607455527
W02000275,Rhondda Cynon Taf 024,2025,8,0.13233078446833696,0.01609793561785056,0.49735121101353774,0.18050543372467995,0.00181105203185892,0.1698970956054407,0.1159352717329617,0.00176348243454853,0.16510299453175584,0.1805782235004342,0.002531579631863449,0.09759471485922805,0.29729682417807457,0.19970210931884652,7.278977575425616e-5
W02000276,Rhondda Cynon Taf 025,2021,3,0,0,0,0.1420413318869045,9.41967812909058e-4,0.1214647668530058,0.11343271996960104,0.00180543533028757,0.16704073566828917,0.13942987921242098,0.001283218695906399,0.07522889719926798,0.2139814816730216,0.13875258447375363,-0.002611452674483511
W02000276,Rhondda Cynon Taf 025,2023,2,0,0,0,0.17394440696546082,9.686076828996672e-4,0.12311767838749985,0.17016823645647544,0.00184850890289257,0.16900672973210396,0.16980274523620875,0.0016962090651901451,0.09275740965784182,0.2594554293531401,0.16669801969529827,-0.004141661729252066
W02000276,Rhondda Cynon Taf 025,2025,10,0.14269715022150847,0.01692906107665517,0.5100285913514518,0.17393938491934144,0.00193603493818668,0.17564774948283124,0.10835523679694932,0.00178284995077793,0.16600025710923627,0.17135451431179802,0.0023302115179436207,0.09025333508776409,0.28418813261632864,0.19393479752856455,-0.0025848706075434214
W02000277,Rhondda Cynon Taf 026,2021,5,0.20879429506292893,0.0361116556916902,0.7449065398738622,0.15081115584863702,8.476413730768086e-4,0.11516461055013104,0.12399742860750416,0.00163084289178121,0.15869384741790443,0.14640477290660792,0.0012919527431605685,0.08472855900050649,0.23069209095814175,0.14596353195763526,-0.004406382942029108
W02000277,Rhondda Cynon Taf 026,2023,4,0,0,0,0.18271464913318397,8.720369294974648e-4,0.1167994608413356,0.18073299099474943,0.00168126153032876,0.16111427311760873,0.17906989055362052,0.0018301339347383905,0.10561187705046622,0.27786218779787636,0.17225031074741015,-0.0036447585795634507
W02000277,Rhondda Cynon Taf 026,2025,6,0.10088609002340776,0.01018566563734435,0.39561504070102027,0.1827088177569248,0.00183702567098496,0.17112588638829265,0.11891983625565716,0.00161351487575538,0.15785232805063826,0.17956852521853428,0.002418424222396042,0.10628308012491695,0.29636742372422786,0.19008434359931092,-0.0031402925383905156
W02000278,Rhondda Cynon Taf 027,2021,8,0.18255421188670268,0.01776429243785815,0.5224587940835147,0.14053508567141246,8.073376970487745e-4,0.11237233643912836,0.11255886565643176,0.00150824626605514,0.15253338988179982,0.14789695768905206,0.0012285784285382304,0.09273664484554398,0.22779103092435277,0.1350543860788088,0.0073618720176396035
W02000278,Rhondda Cynon Taf 027,2023,5,0,0,0,0.17243847314935082,8.374879143827618e-4,0.11440279336711384,0.16929453506131456,0.0015583049075202,0.1550355761406202,0.18061578224201377,0.0017575713442500268,0.10970230858351483,0.2706839419109346,0.16098163332741977,0.008177309092662954
W02000278,Rhondda Cynon Taf 027,2025,7,0.08316256222900299,0.00703547690226713,0.3287947372085133,0.1724319099654608,0.00180158459109162,0.16941004334041831,0.1074811701746868,0.00148410285143017,0.15131362830443146,0.18220950668631014,0.002562008397601806,0.10613437321764913,0.309686536919473,0.20355216370182388,0.009777596720849352
W02000279,Rhondda Cynon Taf 028,2021,8,0.1231693676092707,0.01379060584948184,0.4603305094525367,0.14222531427225166,9.015863112490083e-4,0.1186913564670968,0.1281747741751578,0.00163104154454952,0.15868421784446907,0.14287559781853357,0.0011380274540792696,0.08442457117871893,0.2131308641489153,0.12870629297019637,6.502835462819101e-4
W02000279,Rhondda Cynon Taf 028,2023,4,0,0,0,0.17412842488266717,9.32724525843906e-4,0.1206470280810285,0.1849103131153189,0.00168570706089112,0.16131190110678084,0.17459822240917117,0.0016093843161005563,0.10375657971103819,0.25731020127917886,0.15355362156814067,4.697975265040011e-4
W02000279,Rhondda Cynon Taf 028,2025,11,0.25312851242312073,0.01675411550252992,0.507386419921234,0.1741241569001253,0.00189932784056215,0.17381627301737623,0.12309721078736872,0.00162034452128811,0.15816648626875257,0.17685305328423764,0.002438009084464678,0.09557583064685156,0.29431258150281214,0.1987367508559606,0.0027288963841123337
W02000280,Rhondda Cynon Taf 029,2021,7,0.24440039640518788,0.04037675502059418,0.7876690719454897,0.16177684094456182,8.080517657468763e-4,0.1122840503941926,0.13435723892153129,0.00187723839646241,0.17032181059841547,0.1677032967300789,0.0013543406463885138,0.10229100691428314,0.245622725042334,0.14333171812805087,0.005926455785517065
W02000280,Rhondda Cynon Taf 029,2023,4,0.31322778610688284,0.06393153441522402,0.9911414768838448,0.19368046644129008,8.375110635128399e-4,0.11434393341069964,0.1910927067309199,0.00192398585314983,0.1724175980086701,0.20422752458662016,0.001811599117871611,0.12578475770359393,0.29556095341052313,0.1697761957069292,0.01054705814533008
W02000280,Rhondda Cynon Taf 029,2025,6,0.21060406256842443,0.03449264812068904,0.7280167233582469,0.19367195451480637,0.00180155090906858,0.16941719840886613,0.12927976563141275,0.00186375404517565,0.16971254959167706,0.2060012048861897,0.002677593463641066,0.11485542487556534,0.31934331073437705,0.20448788585881172,0.012329250371383327
W02000281,Rhondda Cynon Taf 030,2021,11,0.06235284232741819,0.00384542022198588,0.24308042645201372,0.14038176120930573,7.533250433296967e-4,0.10848629354378156,0.1000341548010442,0.00119835700281589,0.13591614511055,0.14228373350895204,9.813248344038728e-4,0.08336380849246475,0.21022902051220166,0.1268652120197369,0.0019019722996463095
W02000281,Rhondda Cynon Taf 030,2023,4,0,0,0,0.17228500263806554,7.850909791464501e-4,0.11067901749643516,0.15676995806357824,0.00126856510319221,0.1398314238679043,0.174169664043427,0.0014253413492401079,0.10523876222108412,0.25963080847515396,0.15439204625406983,0.0018846614053614763
W02000281,Rhondda Cynon Taf 030,2025,10,0.12026842955867198,0.01262069315154442,0.4403719928890766,0.17227808336085584,0.00174803754379172,0.1669473436578923,0.0949563100628234,0.00119700549849481,0.13584680776469685,0.17562386299814106,0.0018878357809619353,0.10580622652795443,0.2636914605420452,0.15788523401409074,0.0033457796372852178
W02000282,Rhondda Cynon Taf 031,2021,8,0,0,0,0.13928009207204603,8.141596674435329e-4,0.11272050468278907,0.11786212869571357,0.00168916958781932,0.16152123067249985,0.14259542402587966,0.0010835703730705326,0.07992592971014534,0.2077742308231262,0.12784830111298087,0.003315331953833628
W02000282,Rhondda Cynon Taf 031,2023,5,0,0,0,0.17118307095425864,8.426425617889531e-4,0.11459389394293312,0.1745977466083237,0.00173779452313824,0.16381368223269904,0.175136167168676,0.00151745503277013,0.09531660966910244,0.2516115966118688,0.1562949869427664,0.003953096214417362
W02000282,Rhondda Cynon Taf 031,2025,5,0.0898198462406467,0.00982488383950507,0.3885454243074387,0.1711771935915475,0.00180753017545803,0.16975177688117785,0.11278455353425064,0.00166450685821918,0.16034451926967133,0.1766528031017803,0.0022110105454883552,0.09357464079054045,0.2792345844485741,0.18565994365803362,0.005475609510232793
W02000284,Merthyr Tydfil 002,2021,8,0,0,0,0.13783865878326734,7.725091184744537e-4,0.10986946645528407,0.0938512950011296,0.00106115019337526,0.1278681270354776,0.1335657110985127,0.0010127269108021171,0.07973767450544349,0.19927116467560374,0.11953349017016025,-0.004272947684754641
W02000284,Merthyr Tydfil 002,2023,7,0.13005856501978796,0.01566378197715605,0.49059870950329965,0.16974214754189068,7.971986637188289e-4,0.1115373037167633,0.15058711598969762,0.00110201400611084,0.13029721551653342,0.16329916677986664,0.0013509688503488017,0.09964033026815042,0.24271211841766122,0.1430717881495108,-0.006442980762024042
W02000284,Merthyr Tydfil 002,2025,31,0.08036287104106436,0.00248401447213526,0.19536877237384537,0.1697377060168614,0.00176038604899721,0.16748389395214314,0.08877338849219958,0.00102796752836188,0.1258547401192207,0.16530251644298277,0.0020027076051429395,0.08916355104668283,0.27728807912405184,0.188124528077369,-0.004435189573878617
W02000285,Merthyr Tydfil 003,2021,14,0.04783204821367207,0.0022579170183266,0.18626535100706296,0.13263803853116377,7.388817514585553e-4,0.10748775279855124,0.08584953579314138,9.186697317012826e-4,0.11894224986458972,0.13656764403170768,7.9757399256972e-4,0.08801048238766965,0.18870297088683097,0.10069248849916132,0.0039296055005439146
W02000285,Merthyr Tydfil 003,2023,6,0.541986534139711,0.05413486319098594,0.9120457175209641,0.16454161943273765,7.689008624195345e-4,0.10960268779163558,0.14258541751512,9.943939578814477e-4,0.1237426902357098,0.16696239872130494,0.0011320913786117498,0.11101541164222842,0.2314692481214884,0.12045383647925997,0.002420779288567293
W02000285,Merthyr Tydfil 003,2025,23,0.08607233660619168,0.00655397376923579,0.31734410564199067,0.16453493752703036,0.00173106998957611,0.16607937613507745,0.08077152060099238,9.213030663690136e-4,0.11911805948422488,0.16885049198413354,0.0016086088506177619,0.10209347824250609,0.24950853285594443,0.14741505461343835,0.004315554457103188
W02000286,Merthyr Tydfil 004,2021,13,0,0,0,0.15234615076688507,9.13570653157378e-4,0.11943659531847343,0.1370697556145523,0.00161229595500294,0.157718938889769,0.14199367210104882,0.0013485703632891092,0.08351677137288505,0.23253729029418696,0.14902051892130191,-0.010352478665836246
W02000286,Merthyr Tydfil 004,2023,10,0.1685173827141214,0.01008814072661191,0.39371653345343244,0.18424960173137483,9.3947669365399e-4,0.12107329465006857,0.19380530732267096,0.00163127159016312,0.15863442303864334,0.1737985613162993,0.001841339878303932,0.10799930240450498,0.27225533540403923,0.16425603299953426,-0.010451040415075524
W02000286,Merthyr Tydfil 004,2025,18,0.31781479424180314,0.01510502554650004,0.4817689638090551,0.18424640949411003,0.00190579662128446,0.17392705639482647,0.13199209858853497,0.00159721754458359,0.15697979626063616,0.17583339168220533,0.002347412596569708,0.0987304086453823,0.2831310343407277,0.18440062569534543,-0.008413017811904705
W02000287,Merthyr Tydfil 005,2021,15,0.28424014016189636,0.01580350178666467,0.49278190444146114,0.1495681413422837,8.196835862879366e-4,0.1130389527197757,0.1243006200476518,0.00136321998571157,0.14499231810597668,0.15474368344047013,0.0012668985397534483,0.09893577530030798,0.23425235976685424,0.13531658446654626,0.005175542098186436
W02000287,Merthyr Tydfil 005,2023,7,0.08143689220832523,0.00719258543337596,0.3324456091250907,0.18147178338185416,8.497669526218374e-4,0.11513709730206843,0.18103619116506944,0.00138290774778877,0.14602855168020146,0.18804946712529957,0.0017320348507333706,0.12634631401232538,0.27783542288682683,0.15148910887450145,0.006577683743445417
W02000287,Merthyr Tydfil 005,2025,19,0.3733724764228139,0.01681172985111207,0.5082580758932657,0.18146478862479296,0.00181438216787763,0.16994628097661307,0.11922292810280602,0.00135081547584328,0.14433212094294434,0.19064949728854172,0.002640884222551781,0.10701316318158283,0.3106579895852709,0.20364482640368808,0.009184708663748764
W02000288,Merthyr Tydfil 006,2021,15,0,0,0,0.13704294149108903,6.481065130404182e-4,0.10054805380052675,0.13587755135897953,0.00148881028452459,0.15156383358296863,0.13233805931609502,7.913516338455524e-4,0.07983282952480655,0.19185714451210079,0.11202431498729423,-0.004704882174994013
W02000288,Merthyr Tydfil 006,2023,8,0.4107890450004816,0.04425884425201754,0.8246660600404024,0.16894659969913842,6.760084798509147e-4,0.10260877184642148,0.19261307081790893,0.00152822273103479,0.15355225352476298,0.16243369547687989,0.0011294645221689768,0.10073421554119512,0.22784016597124118,0.12710595043004608,-0.006512904222258531
W02000288,Merthyr Tydfil 006,2025,32,0.22002796937911617,0.00584310726496935,0.2996401571437208,0.16894020475729352,0.00163549489010458,0.16153241464096518,0.13079988694510178,0.00147070572835191,0.1506360352730941,0.16409362530477886,0.0017108303544988413,0.0919445867280545,0.2523116946984504,0.16036710797039588,-0.004846579452514654
W02000289,Merthyr Tydfil 007,2021,10,0.502546487410291,0.02752522054250398,0.650344527906718,0.14852766854386187,7.370093251797341e-4,0.107230073877984,0.13132411011592712,0.00144184969709999,0.14914113826591777,0.1528320431046691,0.0011795347580134015,0.09032957973610287,0.23259447083731638,0.14226489110121351,0.004304374560807234
W02000289,Merthyr Tydfil 007,2023,13,0.13349329772120822,0.0090454268199364,0.3728143486744462,0.1804313584740901,7.620569532171134e-4,0.10905434588942214,0.1880596446609177,0.00146289624757418,0.15021966613627274,0.18552927492479346,0.0014747016377362136,0.11677048626839004,0.2731749169341575,0.15640443066576748,0.005097916450703371
W02000289,Merthyr Tydfil 007,2025,32,0.21904547495787316,0.01359111880808216,0.45698894178484895,0.180422426767174,0.00172427211787799,0.16579844441390942,0.12624647666996777,0.00142632987501442,0.14833679561511137,0.18674372889755278,0.002258038749208931,0.1123102273515107,0.28448379258389417,0.17217356523238347,0.006321302130378792
W02000290,Caerphilly 001,2021,8,0.1505846982555116,0.01136164469830365,0.4178291049885883,0.14595837129761133,7.860452621532705e-4,0.1108851757788708,0.12518681524967887,0.00160749401471056,0.1575387703353878,0.14404685236302875,0.0010128081784707452,0.08678785459165039,0.22137118196611008,0.1345833273744597,-0.001911518934582579
W02000290,Caerphilly 001,2023,5,0.18260721374531855,0.02808857171382208,0.6569660313007403,0.1778620799178992,8.133527975863267e-4,0.11277677430103716,0.18192230658661407,0.00165752526382325,0.1599614009657895,0.17570303162018072,0.0013694511090425535,0.11090738522188348,0.2568802410363257,0.1459728558144422,-0.0021590482977184855
W02000290,Caerphilly 001,2025,7,0.4940004281368866,0.04800114891573124,0.8588234670892219,0.1778563233168544,0.00177692782348087,0.1683233600300229,0.12010922904095692,0.00160653536505065,0.15749244165752405,0.17775517661648887,0.0021852859515240582,0.10096995156236938,0.27544306149017256,0.17447310992780318,-1.0114670036551199e-4
W02000291,Caerphilly 002,2021,6,0.29516036906540793,0.03690597982520536,0.7530545843055323,0.1454407965570125,7.412154038916803e-4,0.10771403466758106,0.1142041224838063,0.00188070895202568,0.1705474711632552,0.1400599479041929,9.374310098081694e-4,0.08645794106722718,0.21082746558522075,0.12436952451799357,-0.0053808486528195976
W02000291,Caerphilly 002,2023,3,0,0,0,0.1773445632503683,7.697624947531901e-4,0.10973253388492868,0.17093954347761767,0.00192855311158161,0.17268879560216657,0.17127844677864967,0.001301069632784638,0.11190980621815334,0.2440794564871283,0.13216965026897498,-0.006066116471718619
W02000291,Caerphilly 002,2025,5,0.38510048043962464,0.07552190854049042,1.0772451934792222,0.17733805303177208,0.00173212049673103,0.16627627808347809,0.1091266858059217,0.00187114047712942,0.17011730112788775,0.1740982256446697,0.001740155693721438,0.10690546671628748,0.2672190401668566,0.16031357345056912,-0.0032398273871023786
W02000292,Caerphilly 003,2021,6,0,0,0,0.1334004509981572,8.618767050311524e-4,0.11594232969388972,0.11164136914527052,0.00165052897446933,0.1596754634964413,0.1274770056577413,9.188688773417469e-4,0.07606796870187456,0.19168100385338932,0.11561303515151476,-0.005923445340415889
W02000292,Caerphilly 003,2023,3,0,0,0,0.16530366011156178,8.895060091555841e-4,0.11768893663757718,0.16837690903609362,0.00169885829540883,0.16198158533243587,0.1566854705287032,0.0012123186588686016,0.0920704558223521,0.2283013663385392,0.1362309105161871,-0.008618189582858565
W02000292,Caerphilly 003,2025,9,0.1328072485359273,0.00969458237186979,0.38596030347881616,0.1653005032427401,0.00185536877170804,0.17181175179071806,0.10656382232230266,0.00162864536447602,0.15861851140013877,0.15935607391923515,0.0019720804724720244,0.08851661249996214,0.27646390805348486,0.18794729555352274,-0.005944429323504946
W02000293,Caerphilly 004,2021,4,0,0,0,0.13495544527844072,0.00107328646783286,0.12949323012973624,0.11152129226881322,0.0019924620708736,0.17556248596422774,0.12884697030409578,0.0010343623245552252,0.07213204879728369,0.2037649104978672,0.13163286170058353,-0.006108474974344941
W02000293,Caerphilly 004,2023,2,0,0,0,0.16685842282399674,0.0011013606875203,0.13108348528154462,0.16825675969705622,0.00204092094550903,0.1776638365134033,0.15662434892548605,0.0013658376234374856,0.09340031738061647,0.23381721411585787,0.1404168967352414,-0.010234073898510693
W02000293,Caerphilly 004,2025,6,0,0,0,0.16685667723227504,0.00207138931387076,0.18139801894787097,0.10644389624452238,0.00197545503262513,0.17481944893716284,0.1583250585994201,0.002025137009917167,0.087144758633463,0.27309994787251457,0.18595518923905158,-0.008531618632854954
W02000294,Caerphilly 005,2021,8,0.1119222634503804,0.01155757883382839,0.4214164835745169,0.12507680123589623,7.554977621333087e-4,0.10866263904139405,0.12283580392512264,0.00148189463701149,0.15122902988751613,0.12800011907161968,8.377325522716831e-4,0.08187468138016687,0.19323466078542734,0.11135997940526046,0.0029233178357234435
W02000294,Caerphilly 005,2023,6,0.21544720375870355,0.03488404546037146,0.7321355725143773,0.15698041549000344,7.824672177003146e-4,0.110510935783895,0.1795713385609509,0.00153329079356838,0.1538210140186445,0.15747427772933825,0.0011871851019634447,0.10190063624170545,0.23196095465087271,0.13006031840916726,4.938622393348135e-4
W02000294,Caerphilly 005,2025,14,0.22972725402244865,0.01346904739298823,0.4549320428993404,0.15697523446091388,0.00174515150636172,0.16674271979554384,0.1177581962579226,0.00147238458836361,0.15074560218896066,0.15911989634013404,0.0018300964245721448,0.09255201610732405,0.2581202407665816,0.16556822465925752,0.002144661879220161
W02000295,Caerphilly 006,2021,5,0,0,0,0.1240027817445062,8.516604803774988e-4,0.11533516298860123,0.10939476335070004,0.00186782246994599,0.16990848420838522,0.12283779834602271,8.989722211562149e-4,0.0712370653523694,0.18693926152947138,0.11570219617710198,-0.0011649833984834906
W02000295,Caerphilly 006,2023,4,0.37325681043477665,0.07359730969832547,1.0634303635311333,0.15590627256936948,8.77918489492053e-4,0.11701533853341434,0.16613017558450197,0.00191394234446207,0.17198154125157805,0.1511146437648251,0.0013063164375275336,0.09014239853674771,0.22514798199340494,0.13500558345665722,-0.004791628804544368
W02000295,Caerphilly 006,2025,7,0.23708748617540648,0.02423079665279696,0.6101855702467325,0.1559031787005539,0.00184319077161473,0.17124702840672212,0.10431733520824438,0.00184857521305994,0.1690350713265164,0.15411690339803225,0.002209692481129729,0.08272972002174664,0.2505011183911523,0.16777139836940566,-0.0017862753025216505
W02000296,Caerphilly 007,2021,7,0.18886448092645217,0.020736039521925,0.5644701654747069,0.14066243021819114,8.237126489338935e-4,0.11354056537928908,0.12008906510654034,0.00161651836171475,0.15799284559401833,0.14126344029608426,0.0011255607693660592,0.08633666675122689,0.20953279680427117,0.12319613005304428,6.010100778931216e-4
W02000296,Caerphilly 007,2023,3,0.486175963503618,0.0985411267376636,1.2305148199148768,0.17256606627882387,8.541408539088497e-4,0.11558750994879805,0.1768245782162626,0.00166675086307235,0.1604190282263879,0.17168234576500296,0.0014985736955810752,0.10714817830097635,0.2500875837113389,0.14293940541036254,-8.83720513820907e-4
W02000296,Caerphilly 007,2025,8,0.11814081890186584,0.01281790231980255,0.44379925159558875,0.17256103402004078,0.0018187696928589,0.1702411888512123,0.11501152249255069,0.00159999606023871,0.15718797541871826,0.1736016573135425,0.0022388817269519087,0.09466573147818219,0.2842832115431306,0.18961748006494838,0.0010406232935017135
W02000297,Caerphilly 008,2021,4,0,0,0,0.1362561416269256,7.229556052065384e-4,0.10638562634380884,0.04400157039363189,4.414116768598116e-4,0.08240369242529771,0.1366411453271327,0.00101121567974015,0.08407843822612937,0.21434713059749883,0.13026869237136945,3.850037002071094e-4
W02000297,Caerphilly 008,2023,2,0.3574645379987234,0.10575003934330138,1.2747304364830638,0.16815975455314525,7.514373073972889e-4,0.10838784915465366,0.1007377373974185,4.943944878922323e-4,0.0871977063064156,0.1661359886681963,0.0013481790932346302,0.10314448096681703,0.24645404424261186,0.14330956327579483,-0.002023765884948958
W02000297,Caerphilly 008,2025,8,0.02050999532070842,4.820683277050661e-4,0.08606615199112579,0.1681530701829205,0.00171330465780517,0.16540031315098602,0.03892327278826645,3.884954426145555e-4,0.07730754473539624,0.16776650378569338,0.001805386833638122,0.0968608846723286,0.24932922687405829,0.15246834220172967,-3.8656639722711716e-4
W02000298,Caerphilly 009,2021,8,0,0,0,0.11668262495586726,9.083618827734428e-4,0.11874317467273716,0.1118064972763468,0.00198211336527947,0.17511104945713324,0.11644787449495428,6.800211794842058e-4,0.06834267195796473,0.16844775892863953,0.1001050869706748,-2.3475046091298024e-4
W02000298,Caerphilly 009,2023,5,0,0,0,0.14858569483602652,9.355360571186924e-4,0.12039422493216852,0.16854195114872483,0.0020321282757195,0.17728742668388958,0.14255714436705702,9.596387134049575e-4,0.08840599059500664,0.20222386272198156,0.11381787212697492,-0.006028550468969496
W02000298,Caerphilly 009,2025,9,0,0,0,0.14858426026593996,0.00190285184728543,0.17378376719747654,0.10672911002305747,0.00196172851143438,0.1742178601361453,0.1448022835558151,0.0016503971140883623,0.07878019418397775,0.23829392080212095,0.1595137266181432,-0.003781976710124868
W02000299,Caerphilly 010,2021,6,0,0,0,0.13631983556304403,0.00119134981729372,0.13653069133173543,0.11734373859229662,0.00184134866658805,0.16864090712366692,0.13614463055959405,0.0013922315548774663,0.08018655848884668,0.22130201632125668,0.14111545783241,-1.7520500344997414e-4
W02000299,Caerphilly 010,2023,7,0.2764754807732366,0.03109158066888201,0.6911932488379778,0.16822319395890545,0.00121538490736844,0.1378828028944843,0.17407918276697945,0.00188360609607466,0.17055227179527557,0.16627177763089035,0.001962842076674463,0.09492079185218615,0.26153482065295847,0.1666140288007723,-0.0019514163280150987
W02000299,Caerphilly 010,2025,7,0.1968710323092155,0.02070306108664358,0.5640211223940332,0.16822320396757903,0.0021865643678452,0.18627544105027033,0.11226624309103522,0.00182527200828769,0.16790407493973453,0.16859146304072994,0.002631639174451391,0.09107779084805243,0.2925194419894102,0.20144165114135779,3.6825907315091166e-4
W02000300,Caerphilly 011,2021,5,0,0,0,0.1201148723004912,9.395667473832588e-4,0.12086459072246702,0.1031605012957718,0.00186973223002756,0.17001155357827313,0.12067239092704674,8.686474114047025e-4,0.0675735947396804,0.18006900578850543,0.11249541104882503,5.575186265555365e-4
W02000300,Caerphilly 011,2023,1,0,0,0,0.1520175864142786,9.701278835969954e-4,0.12270145828972068,0.1598959780644511,0.00191844728110516,0.17219572598311278,0.14765180549649679,0.0011785351564339082,0.08616390961554984,0.22017968647586372,0.13401577686031388,-0.0043657809177818085
W02000300,Caerphilly 011,2025,5,0.15140732293935924,0.02369638116854418,0.6034191659482956,0.1520142054297645,0.00193834648043598,0.1754915600247885,0.098083046875919,0.00184887311506222,0.16906775877693703,0.14958029917860288,0.0018115396253542038,0.07824994814483072,0.24808450930249382,0.1698345611576631,-0.002433906251161605
W02000301,Caerphilly 012,2021,8,0,0,0,0.12791720604356127,7.443066370077487e-4,0.10758367781276472,0.10483153186171083,0.00195444927113582,0.17391350197137,0.1274253295930564,8.563020542265217e-4,0.0762063715678119,0.18574216731020704,0.10953579574239514,-4.918764505048578e-4
W02000301,Caerphilly 012,2023,4,0,0,0,0.15982036338403516,7.721773865519456e-4,0.10947277051250465,0.16156699569222455,0.00200265583411226,0.17602542754019546,0.15608453136760292,0.001203908919545807,0.09594409495962969,0.22616261239395818,0.1302185174343285,-0.003735832016432239
W02000301,Caerphilly 012,2025,9,0,0,0,0.15981579972362986,0.00173536204521919,0.1662971576718651,0.0997541278536518,0.00193417171330942,0.1730198841544353,0.1585308378851959,0.001725155963854142,0.09226632557439458,0.2581976801116142,0.16593135453721963,-0.0012849618384339623
W02000302,Caerphilly 013,2021,8,0,0,0,0.12815217250598782,7.621476816661969e-4,0.109051774287612,0.1174961704987342,0.00185102183708695,0.16920245440323903,0.12867596159315003,8.900580938695741e-4,0.07644850512824604,0.18895999284948906,0.11251148772124302,5.237890871622186e-4
W02000302,Caerphilly 013,2023,3,0,0,0,0.16005540108183755,7.900721273525929e-4,0.11093762646083134,0.17423161658582254,0.00189491547744369,0.17118241500451808,0.1573495148144074,0.0012465516406444143,0.0945016217304232,0.2337737289271024,0.1392721071966792,-0.002705886267430152
W02000302,Caerphilly 013,2025,12,0.26456358564365673,0.02997053978219121,0.678617990941185,0.16005034915485786,0.00175342522585181,0.16720037414458688,0.11241875208069256,0.00183134311314476,0.16830873084342474,0.15856055148268014,0.0016213838757876751,0.09458283924744229,0.24987357248041342,0.15529073323297113,-0.0014897976721777173
W02000303,Caerphilly 014,2021,7,0,0,0,0.12201630014456093,8.134270911420872e-4,0.1124374982980358,0.10148770928010242,0.001432765549298,0.14866276225889247,0.11706761413639326,7.492137902587192e-4,0.06955955871306928,0.1755298008208626,0.10597024210779334,-0.004948686008167669
W02000303,Caerphilly 014,2023,2,0,0,0,0.15391950269016225,8.425757405272626e-4,0.11432642544460958,0.15822337348729093,0.0014859895186707,0.151387173397046,0.14364981572487262,0.001093416036613987,0.08680321016140319,0.21206533588981424,0.12526212572841106,-0.010269686965289626
W02000303,Caerphilly 014,2025,11,0.0903635329897166,0.0045819523425108,0.26534039452852415,0.1539162603444612,0.00180755977649064,0.1695411105142302,0.0964099850174414,0.00140421202557965,0.1471771209533214,0.14610184094171497,0.001799837037387202,0.07709583783130686,0.24121886825364813,0.16412303042234128,-0.007814419402746242
W02000304,Caerphilly 015,2021,7,0,0,0,0.12492976751436852,7.960370575899184e-4,0.11121200272131936,0.08002376283100227,0.00109502088507955,0.1298944339536719,0.12021441015991409,8.394517533612702e-4,0.06738168622690524,0.17998900809733326,0.11260732187042802,-0.0047153573544544275
W02000304,Caerphilly 015,2023,4,0,0,0,0.1568328136017732,8.23523525707661e-4,0.1130055462262749,0.13675964609369903,0.00114862446621378,0.13302388395591522,0.14717575211787987,0.0012257948050414258,0.07903601001246341,0.22176564150022748,0.14272963148776407,-0.009657061483893337
W02000304,Caerphilly 015,2025,7,0.04511958651772993,0.00230500804706211,0.18819769917996,0.1568288821249839,0.00178824565394824,0.16871780030251582,0.07494584604456915,0.00105746430009541,0.1276511254598444,0.1497110576835401,0.002018855036501476,0.07590258535343129,0.2633468732758224,0.1874442879223911,-0.007117824441443793
W02000305,Caerphilly 016,2021,5,0.573935559463205,0.05833176520419561,0.9467398248099966,0.1412662595348445,0.00127762669108967,0.14141442206361315,0.1220825588922348,0.0020593279723034,0.17842814424310094,0.1431292033920726,0.0016629206093483867,0.08183791309061546,0.24774288689066054,0.1659049738000451,0.0018629438572280999
W02000305,Caerphilly 016,2023,4,0,0,0,0.17316957416509127,0.00130189702542609,0.142732192718026,0.17881794321127203,0.00211128407770808,0.18065025358898104,0.17491950110299506,0.002251086924179356,0.10362576914390935,0.28128265269793357,0.1776568835540242,0.0017499269379037952
W02000305,Caerphilly 016,2025,6,0,0,0,0.1731702791841288,0.0022742110800427,0.18996675499099488,0.11700516739969148,0.00204650994755814,0.17787475655312113,0.17811707591867906,0.0030939710319452503,0.09145697539595612,0.3022829779441628,0.2108260025482067,0.004946796734550257
W02000306,Caerphilly 017,2021,8,0,0,0,0.1350193843618676,8.204569132665601e-4,0.11322194269811028,0.12273942084466526,0.00179871558308163,0.16671864340414666,0.1323199062746638,9.534859112123968e-4,0.0796592464261534,0.1920600333014017,0.11240078687524831,-0.002699478087203805
W02000306,Caerphilly 017,2023,5,0.4530414639157232,0.06060539935958151,0.9650142920217386,0.16692289215621378,8.472904748672501e-4,0.11499091674367085,0.17947484830319343,0.00184505897359475,0.16883939969218514,0.16202707243205727,0.0014484991594770232,0.10007610136637166,0.23923920631758172,0.13916310495121006,-0.004895819724156508
W02000306,Caerphilly 017,2025,11,0.1914716093221539,0.01820986060833416,0.5289704326613945,0.1669183368225502,0.00181168243912295,0.16979930807887478,0.11766194591624712,0.0017836884341589,0.16602246122218067,0.16523359278111874,0.002397148586974926,0.09452073754263679,0.27224423445900026,0.17772349691636347,-0.0016847440414314574
W02000307,Caerphilly 018,2021,7,0.4320452407582359,0.03625548987556307,0.746388562026692,0.16908970254831326,9.623258607226738e-4,0.12232630179362378,0.14902745652172797,0.00180049414295344,0.16674087727251782,0.1728950623862216,0.002181405805864914,0.10280310684413338,0.2837325359290296,0.1809294290848962,0.003805359837908334
W02000307,Caerphilly 018,2023,1,1,0,0,0.20099354499683644,9.929085174980729e-4,0.1243514847430934,0.20576285588946677,0.00185095249596613,0.16905379731666764,0.20889200254981807,0.0027071049410463746,0.13050337669339,0.32894344474336124,0.19844006804997125,0.00789845755298163
W02000307,Caerphilly 018,2025,10,0.17240741216894648,0.01604838936723919,0.4965852470330337,0.2009920981730564,0.00196171281481021,0.17678799447690025,0.1439499172204445,0.00179390434021538,0.16643115855431792,0.21185041975079777,0.003442720977513829,0.12164733783371276,0.3332201749489926,0.21157283711527983,0.010858321577741359
W02000308,Caerphilly 019,2021,7,0,0,0,0.13556535398409883,8.072403030185553e-4,0.11226174040000944,0.10664746723729426,0.00148253045182724,0.15126744694825447,0.13573894872275558,0.0011111919900083024,0.07853950575060664,0.2069664556590437,0.12842694990843706,1.7359473865674602e-4
W02000308,Caerphilly 019,2023,6,0.08565602134734411,0.00948467705884187,0.38175906720927166,0.16746870989533055,8.321407606120651e-4,0.11389346425620098,0.16338313082784012,0.00150860133858652,0.1525747231722298,0.16542200616246333,0.001487191170964301,0.0980045244897497,0.24654699782205808,0.14854247333230838,-0.002046703732867222
W02000308,Caerphilly 019,2025,10,0.12023790671158982,0.01278096943276208,0.44315941946214277,0.1674644143496817,0.00179640041874569,0.16913641866952484,0.10156979925901408,0.00145942135400906,0.15009036024997108,0.16841320588971156,0.002271935712327951,0.08911720704238349,0.28408966692650917,0.19497245988412568,9.487915400298585e-4
W02000309,Caerphilly 020,2021,7,0,0,0,0.1329914031040558,8.557550709585442e-4,0.11565252279951713,0.13834473672391595,0.00170456653075266,0.16225167602018148,0.13233559508433562,0.001147469156599331,0.0794232407882787,0.19937023646021335,0.11994699567193465,-6.558080197201777e-4
W02000309,Caerphilly 020,2023,1,1,0,0,0.16489465375799653,8.856867322581154e-4,0.1175775357180082,0.19508020255734249,0.00175315306290421,0.16453748862539486,0.1611577611726627,0.001531619573371098,0.09775831324728194,0.2455326607524525,0.14777434750517054,-0.0037368925853338286
W02000309,Caerphilly 020,2025,9,0.16949886344541443,0.01031795675701423,0.39817587066909443,0.1648900727172557,0.0018512275131802,0.1716777557337369,0.13326720365529343,0.00168808963348397,0.1614659980136126,0.16394914970003738,0.0022054549765464448,0.09274661769274972,0.2776471933740523,0.18490057568130258,-9.409230172183203e-4
W02000310,Caerphilly 021,2021,7,0,0,0,0.13406665302360599,7.219821413611723e-4,0.10614443554205924,0.13069674987331412,0.00188647861622241,0.17080552303480495,0.132121808546942,7.210682441296482e-4,0.08369650538133974,0.1884483594516017,0.10475185407026197,-0.0019448444766639872
W02000310,Caerphilly 021,2023,4,0,0,0,0.16597005409548282,7.460771105747727e-4,0.10781834201179229,0.18743219914079923,0.00193377994445903,0.17291788094321697,0.16103864551612515,9.90704983697579e-4,0.10267988537870747,0.23021559560762728,0.1275357102289198,-0.004931408579357671
W02000310,Caerphilly 021,2025,11,0.26962821900533507,0.02996641869850812,0.6785713328280154,0.16596422634484542,0.00170810051929181,0.16511884887413375,0.12561930328486515,0.00187047483944265,0.17008477841148997,0.16191116165655342,0.0016254023805447244,0.10029924781572111,0.24808398057722106,0.14778473276149995,-0.004053064688292002
W02000311,Caerphilly 022,2021,2,0,0,0,0.14158435531012015,9.888149729790285e-4,0.12437454592908204,0.1052530011699028,0.00133387432634101,0.14341557572506025,0.1382591357316585,0.0015275806390089284,0.075687013237976,0.22988844850571824,0.15420143526774224,-0.003325219578461658
W02000311,Caerphilly 022,2023,2,0,0,0,0.1734874493685604,0.00101402130498914,0.1258719366371414,0.16198878607214243,0.00138426480746359,0.14608592834380585,0.16821900205309545,0.0020075341022319643,0.09704523224609474,0.2775870366465496,0.18054180440045486,-0.005268447315464941
W02000311,Caerphilly 022,2025,8,0.05899856156677649,0.00375202688166048,0.24011044758640654,0.1734840824448529,0.00198242471393611,0.17762293740869844,0.10017521198037384,0.00129916871987523,0.1415432390793716,0.17144166451099857,0.0029166757793853255,0.08875803696275077,0.3067216853644172,0.21796364840166643,-0.002042417933854318
W02000312,Caerphilly 023,2021,5,0.3425450280076635,0.04832520891100893,0.8617175872246812,0.1464756696393924,9.416920430619748e-4,0.12136497290624015,0.1292487521174489,0.00194633743630592,0.17348972706845384,0.1461615844240231,0.0012915761325530553,0.08626104396377868,0.23249825126296403,0.14623720729918535,-3.1408521536929745e-4
W02000312,Caerphilly 023,2023,7,0,0,0,0.1783791575566133,9.642108125759372e-4,0.12279837607514987,0.1859841799180106,0.00199338980214954,0.17555952811706133,0.17772770635265056,0.0017723593026205506,0.11001309997486788,0.2812703030091219,0.17125720303425404,-6.514512039627329e-4
W02000312,Caerphilly 023,2025,9,0,0,0,0.17837531488206276,0.00193119605088028,0.1752907139168039,0.12417134875918492,0.00192990127368866,0.17276287520408817,0.1804862092213619,0.002811708119749685,0.10275267936226216,0.31518982581229105,0.21243714645002887,0.0021108943392991464
W02000313,Caerphilly 024,2021,3,0,0,0,0.15043960893489047,9.402822888055496e-4,0.12125766926066785,0.13283769348324487,0.00199122825001271,0.17549027999918415,0.15184065775575536,0.0013800145014419335,0.08977951796188476,0.2408072619987905,0.15102774403690572,0.001401048820864892
W02000313,Caerphilly 024,2023,3,0.3236375146979967,0.07507203563544239,1.0740319054464513,0.18234312227652796,9.624286979602532e-4,0.12269287040982622,0.1895731286537456,0.00203477395198588,0.17738290759006622,0.1842148824417885,0.0018384287448774805,0.11078479248924758,0.28417116867095016,0.17338637618170258,0.0018717601652605276
W02000313,Caerphilly 024,2025,6,0,0,0,0.18233915933428663,0.00192957897508284,0.17532878159514698,0.12776028042710708,0.00197375509336477,0.17472548999252455,0.1869142164240043,0.0026871836327972388,0.10654605275785947,0.3054504528069577,0.19890440004909823,0.004575057089717671
W02000314,Blaenau Gwent 001,2021,11,0,0,0,0.1097220801673256,9.280247504404125e-4,0.11979515757035428,0.09500613954186976,0.00161253277908974,0.15777794210679508,0.10686384985376492,7.191241515856324e-4,0.05863561947898965,0.16531170206026335,0.1066760825812737,-0.0028582303135606807
W02000314,Blaenau Gwent 001,2023,9,0,0,0,0.14162546587743943,9.52839046922168e-4,0.12127644459808334,0.15174169720040664,0.00166318151220813,0.160223379453675,0.13141494698745873,9.688235474198919e-4,0.0732989561333837,0.1965756783916502,0.12327672225826648,-0.010210518889980702
W02000314,Blaenau Gwent 001,2025,27,0.1154649264108974,0.00758341358664255,0.3413582927856283,0.1416265649964351,0.00192053650982408,0.1743473129364843,0.08992855971641679,0.00158743679561995,0.15655009060871333,0.13322442628194237,0.0014415771027128544,0.06834218191857441,0.21175999311596794,0.14341781119739352,-0.008402138714492746
W02000315,Blaenau Gwent 002,2021,5,0,0,0,0.12689488498213553,0.001013999970412,0.1258025958709333,0.04899924119579958,5.61932005605118e-4,0.09298292227810907,0.12246703883976968,0.001003449918865492,0.0658056918235297,0.18507850285540722,0.11927281103187752,-0.0044278461423658405
W02000315,Blaenau Gwent 002,2023,10,0.2072958791544463,0.01899374673819776,0.5402358594002439,0.15879831184624588,0.00103551751357504,0.12705005695633803,0.10573534717947884,6.110117125410781e-4,0.09695070181567414,0.15021244847015103,0.0013408972228611201,0.0790099239334883,0.22049718668666302,0.14148726275317472,-0.008585863376094849
W02000315,Blaenau Gwent 002,2025,12,0.02585755314227178,7.061671069476614e-4,0.10416740107861278,0.15879740251783175,0.00200387127457275,0.17826170314585116,0.0439210054341653,5.12872777653297e-4,0.08883180527507648,0.15272949494507052,0.0017813773535414786,0.07604793290961323,0.23751031845914555,0.16146238554953232,-0.006067907572761239
W02000316,Blaenau Gwent 003,2021,8,0,0,0,0.1194873625286636,8.161892904209218e-4,0.11258352585562474,0.11051559264710652,0.00159364093820041,0.15686631221807132,0.11695975745306038,7.368190630349106e-4,0.0700184483196348,0.17049424872143104,0.10047580040179624,-0.0025276050756032203
W02000316,Blaenau Gwent 003,2023,8,0,0,0,0.15139072484770072,8.397129102677252e-4,0.11408607365756906,0.1672511117153344,0.00164384387183821,0.15930532962903193,0.1445111404108103,0.0010456441111439691,0.0859175047689749,0.21416400624882992,0.128246501479855,-0.006879584436890407
W02000316,Blaenau Gwent 003,2025,22,0.16102771019666345,0.0077174621768716,0.34436209520048333,0.15138904719089694,0.00180460692657619,0.16935361345094374,0.1054380139779649,0.00157267474150967,0.15583338039771633,0.14698109754161234,0.0017787131789160965,0.07734908530584896,0.2402579526521717,0.16290886734632276,-0.004407949649284593
W02000317,Blaenau Gwent 004,2021,13,0.07684608211718354,0.0055712179983515,0.29258574484603467,0.1251575722754754,8.988459770593072e-4,0.11837205186673774,0.11026551766470766,0.0013940025466657,0.1466251252245815,0.12549820805116108,9.157871042489554e-4,0.0737229967638543,0.19693347460269184,0.12321047783883754,3.4063577568568815e-4
W02000317,Blaenau Gwent 004,2023,3,0.5944450301563333,0.08864529794196965,1.1670942750133564,0.15706101639431305,9.30843735170335e-4,0.12038061926205978,0.1670011213156764,0.00145994435557753,0.15004631159573947,0.15297035985922106,0.0012658005479385325,0.08992808522188372,0.24213776230436704,0.1522096770824833,-0.0040906565350919966
W02000317,Blaenau Gwent 004,2025,23,0.2686285661167653,0.01890156563112764,0.5389233192899492,0.15705894290788527,0.00189719432063815,0.17349343935195913,0.10518784786968996,0.00139226830764767,0.14653760294007018,0.15437929673211834,0.0018974543750542414,0.07517439713962851,0.2500549739554133,0.1748805768157848,-0.0026796461757669365
W02000318,Blaenau Gwent 005,2021,13,0.09591177864401844,0.00500803683223185,0.2774034409558619,0.1295331806195257,7.879619123284803e-4,0.11089724434991388,0.07220551928893659,7.690687632528754e-4,0.10880617289005744,0.12866906378656642,8.697779700278886e-4,0.08132256799318813,0.19634464178096356,0.11502207378777543,-8.64116832959283e-4
W02000318,Blaenau Gwent 005,2023,4,0.38249591074927686,0.07652870564300704,1.0844019021168,0.16143680510456515,8.193652378224656e-4,0.11302079176953836,0.12894148145388126,8.317373668399637e-4,0.11314610964930644,0.1573673040896344,0.001126086348712327,0.10377055905551705,0.23618716761516534,0.1324166085596483,-0.004069501014930754
W02000318,Blaenau Gwent 005,2025,19,0.03934170008503007,0.00154309265889181,0.15398346541948318,0.16143202325130507,0.00178294934452784,0.16836037502781842,0.06712741924495602,7.410399750756772e-4,0.1068072413464641,0.1608849990465602,0.001890942536942125,0.09003434218182121,0.26434614001466994,0.17431179783284872,-5.47024204744867e-4
W02000319,Blaenau Gwent 006,2021,7,0.3324055890215195,0.03546240437466064,0.7381798319869272,0.14315578520708142,7.735849314837555e-4,0.10996067329752354,0.11487786694580548,0.00145745922620321,0.14996619403669598,0.13975737537607094,0.001027522931093027,0.0851922977763386,0.20464892628279385,0.11945662850645525,-0.0033984098310104738
W02000319,Blaenau Gwent 006,2023,10,0.2243304327354886,0.02093511355040131,0.5671732596320886,0.17505950046092325,7.97433571077897e-4,0.11162705935160289,0.17161343277144717,0.00149697962028923,0.1519756858370787,0.1703634348126641,0.0013612368358492345,0.10654540607631402,0.25784756563793787,0.15130215956162385,-0.00469606564825914
W02000319,Blaenau Gwent 006,2025,23,0.09374711394837162,0.0076936383203531,0.34383016033472535,0.17505321580553018,0.0017605865903001,0.16752598401657567,0.10980021853022004,0.00143792944001173,0.14896056969290344,0.1723878014410038,0.001874662386596359,0.10124753942899792,0.26903878702513323,0.1677912475961353,-0.002665414364526386
W02000320,Blaenau Gwent 007,2021,10,0,0,0,0.1321767527737846,7.559494448968544e-4,0.10860781003589418,0.10538361293340172,0.00173517214844762,0.16372095711018475,0.12952643336003355,8.208606749960639e-4,0.08045313288146419,0.19548321302115598,0.11503008013969179,-0.0026503194137510455
W02000320,Blaenau Gwent 007,2023,6,0.1928059865560531,0.01844980018984125,0.5324439789473059,0.16408040368726676,7.837764183483212e-4,0.11051083727976904,0.16211906829970224,0.0017702158447718,0.16535248597755764,0.15806770750885038,0.001092233929655366,0.09680237425595192,0.23410284353273053,0.1373004692767786,-0.006012696178416377
W02000320,Blaenau Gwent 007,2025,17,0.2671863695725407,0.02462330119504111,0.6151077875309297,0.16407592174378396,0.00174650407971531,0.16671821460910446,0.1003060982746623,0.0017183410967568,0.16292828459552552,0.1591139532070781,0.0017046507307385053,0.08410917164300759,0.25164210487168487,0.1675329332286773,-0.0049619685367058575
W02000321,Blaenau Gwent 008,2021,13,0.1427824828460426,0.01653797436940841,0.5041029558246104,0.12446944897882284,8.189975804289446e-4,0.11283904249903792,0.09870653796100512,0.00179590796868113,0.16660203179390023,0.12057730747143187,0.0010254005373459259,0.06883083456797001,0.18935898001980062,0.1205281454518306,-0.0038921415073909643
W02000321,Blaenau Gwent 008,2023,3,0,0,0,0.15637290807744036,8.49835675946483e-4,0.11484977834633082,0.1554420287843623,0.00185498621743985,0.16930333655482993,0.14838821788308734,0.001387962892874378,0.08334801740550964,0.2316487123100085,0.14830069490449888,-0.007984690194353022
W02000321,Blaenau Gwent 008,2025,23,0,0,0,0.15637092602446562,0.00181463871884558,0.1697419391152388,0.0936290649227311,0.00178748306984701,0.16621715170243068,0.15018163111964036,0.001933074402493486,0.07630960376968171,0.2518465069981167,0.17553690322843502,-0.006189294904825254
W02000322,Blaenau Gwent 009,2021,12,0.27964622072196255,0.02017118479351907,0.5567289313442045,0.13422246730286075,7.676265186855463e-4,0.10945506113775932,0.11627986765245786,0.00154002860876837,0.15412207528328611,0.13037054604299597,9.25331544242807e-4,0.081216446108578,0.20002792562548782,0.11881147951690982,-0.0038519212598647767
W02000322,Blaenau Gwent 009,2023,11,0.10489895066300456,0.00990851580828027,0.3901956199226506,0.16612610546936635,7.936788477290699e-4,0.11124173938918872,0.17301539918938474,0.00157374688181319,0.15579057248837508,0.15952017071433972,0.0011923406400514691,0.10166934987718929,0.2309513463370242,0.1292819964598349,-0.006605934755026632
W02000322,Blaenau Gwent 009,2025,17,0.2890004976589016,0.01930707733208523,0.5446736362966813,0.1661207984678477,0.00175657701642962,0.16714394602338872,0.11120218582053289,0.00153099184656739,0.15366889813777002,0.16274279588020843,0.0018618237416854972,0.08465026000305435,0.25491655626594123,0.17026629626288686,-0.0033780025876392616
W02000323,Torfaen 001,2021,3,0,0,0,0.12282855644748927,8.646362841903747e-4,0.11606846461729764,0.06044820905409569,8.074731413825914e-4,0.1114928046959314,0.12302968694714417,0.0010337727444503597,0.06911411023558144,0.19412905656412216,0.1250149463285407,2.011304996548946e-4
W02000323,Torfaen 001,2023,3,0,0,0,0.15473185952742852,8.912853296811455e-4,0.11774154131267452,0.11718420867110492,8.60566464055119e-4,0.1150909144403528,0.1510953640774118,0.001298987602358582,0.09026245787899985,0.23649859736885231,0.14623613948985248,-0.003636495450016708
W02000323,Torfaen 001,2025,17,0.03503674928122015,0.00124592339117171,0.13836420636748076,0.15472915462693554,0.00185721955063742,0.1718607100535839,0.05537012491329208,7.618248006406252e-4,0.1082978810624867,0.153809508413139,0.0018391803089265932,0.0843146365741107,0.26109896558492063,0.17678432901080993,-9.196462137965322e-4
W02000324,Torfaen 002,2021,8,0.14659302990796735,0.01220798597388092,0.4331118811682496,0.1263322280395329,7.384386511985231e-4,0.1073607498009583,0.09343938105881198,0.00131696483829556,0.1425147523048558,0.12699287736803533,9.068789150442448e-4,0.07374246954418101,0.19338065374320026,0.11963818419901925,6.606493285024329e-4
W02000324,Torfaen 002,2023,5,0,0,0,0.15823594152846093,7.669727205848534e-4,0.10933504523881638,0.15017503769944734,0.00137612287241884,0.1456705261968591,0.15569105234309724,0.001246276400029625,0.09058471658350328,0.2278489426414439,0.1372642260579406,-0.0025448891853636912
W02000324,Torfaen 002,2025,14,0.0748106038887924,0.00528491507234404,0.28496865526773524,0.15823074552086602,0.00172922575026971,0.16593517693223847,0.08836166615177633,0.00129630153009483,0.1413968235363695,0.1583208410387866,0.0018590861129392133,0.09107035953619884,0.2525870388890303,0.16151667935283143,9.009551792057979e-5
W02000325,Torfaen 003,2021,7,0.14780344870627912,0.01885439370001807,0.5382504137955646,0.12496762595108238,0.0010370115075484,0.12701492266666203,0.1145305048556386,0.0016015333348563,0.15721141419268234,0.12141146307234765,9.147621694572538e-4,0.06380384865004024,0.185559078894576,0.12175523024453577,-0.0035561628787347255
W02000325,Torfaen 003,2023,6,0,0,0,0.156870952076658,0.00106321597676819,0.12851065209475682,0.17126607252911843,0.00165984621043738,0.16003535619110598,0.14916025027680133,0.001271259687192312,0.07906789938958375,0.22503851148640092,0.14597061209681716,-0.007710701799856667
W02000325,Torfaen 003,2025,14,0.13605163464876163,0.00996095532295979,0.3912267868534769,0.15687116591027642,0.00203237650783468,0.17939251431886002,0.1094529303117834,0.00158525366928938,0.15641325687264834,0.15112206693653685,0.0018489772318041951,0.07582403086523216,0.24147069699169774,0.16564666612646556,-0.005749098973739569
W02000326,Torfaen 004,2021,8,0,0,0,0.12007064176801448,8.572195156385833e-4,0.11550783405596148,0.07308777756879119,9.32092101327246e-4,0.11980955156827988,0.11869708678316783,8.056750780671742e-4,0.07246274973090243,0.1767693472920075,0.10430659756110507,-0.0013735549848466477
W02000326,Torfaen 004,2023,4,0.14576240938113172,0.02169376310134523,0.5773584592597958,0.1519740938898446,8.853277600159963e-4,0.1172879657486848,0.12982371593864492,9.800526355321047e-4,0.12284329654590276,0.1465242935490808,0.0011649970464616718,0.08405142442791333,0.21462797228479336,0.13057654785688003,-0.005449800340763783
W02000326,Torfaen 004,2025,12,0.04080259603411167,0.00174493086229559,0.16374467994370745,0.15197216421412715,0.00185093340223999,0.17143755032811345,0.06800977892490191,8.915928192946929e-4,0.11718059674898564,0.14748737914215826,0.0016503766105389593,0.07872427961517908,0.24281011559594134,0.16408583598076226,-0.004484785071968894
W02000327,Torfaen 005,2021,7,0,0,0,0.10158192073571531,9.38897773291196e-4,0.12072522833902238,0.05174836876150422,6.511548865679948e-4,0.10010013553681674,0.10854924856446865,8.023591645383318e-4,0.06364185701320328,0.17440682072249616,0.11076496370929288,0.006967327828753339
W02000327,Torfaen 005,2023,6,0.08999153556139101,0.00824077208525349,0.35584595889922327,0.13348527757864645,9.662315561352192e-4,0.12236303470718482,0.10848443192913738,6.907589258226265e-4,0.10309204212768688,0.13268060993585876,0.001132691944365426,0.07603636524450431,0.2093872608344301,0.1333508955899258,-8.046676427876931e-4
W02000327,Torfaen 005,2025,20,0.03058069694009597,9.513699824588816e-4,0.1209073796070411,0.13348490432638258,0.00193378249678495,0.17502537544926633,0.0466701804604315,6.031515738707744e-4,0.09634156424007947,0.13375647071406394,0.001475843484617336,0.07083129074691782,0.21708830079344915,0.14625701004653133,2.715663876813601e-4
W02000328,Torfaen 006,2021,6,0.13336829110225745,0.01636135473065036,0.5014039108286347,0.1111147941482716,0.00108699465141749,0.13002855082739834,0.08491484623153686,0.00119843639554088,0.13588962037649296,0.11315256446633773,9.442298212661432e-4,0.06013816444064841,0.1843766597855922,0.1242384953449438,0.0020377703180661233
W02000328,Torfaen 006,2023,3,0,0,0,0.1430179949148744,0.00111676241263253,0.13169500868563602,0.14165063479112242,0.00125356608191503,0.13897157687390774,0.1385157230272065,0.0012529604073414006,0.07674499869879312,0.2204706181811919,0.1437256194823988,-0.0045022718876679135
W02000328,Torfaen 006,2025,17,0.0569182626120659,0.00313932203665786,0.21963220463965458,0.14301835164697022,0.00208693140385878,0.1817626614833518,0.0798369993552114,0.00116486140731345,0.13397732392766598,0.13975367198401176,0.0016439287653081292,0.07561968771575721,0.23699961941005682,0.1613799316942996,-0.0032646796629584585
W02000329,Torfaen 007,2021,9,0.07459865787870286,0.00544087502413176,0.28914285295504233,0.12087967514119216,0.00100776326936505,0.1251403965331092,0.11421968838662663,0.00131012029606177,0.14212300085521293,0.12159787866837021,0.0011536436746696253,0.06795738804355475,0.1926985560726075,0.12474116802905275,7.182035271780518e-4
W02000329,Torfaen 007,2023,4,0.1305471075409996,0.01772483941796278,0.5218783027776496,0.15278306014549434,0.0010397033355938,0.12701288862059085,0.17095536485950302,0.00136755020401332,0.14519513879727405,0.1499641077220135,0.0016490293692198992,0.08542040968781212,0.2510033705661868,0.1655829608783747,-0.002818952423480847
W02000329,Torfaen 007,2025,20,0.304692529644205,0.0197642585335252,0.551084695044562,0.15278318041281055,0.00200836790801838,0.17824431380464684,0.10914197285872348,0.00130663068470739,0.14193791899266112,0.1526048342334,0.0024063235019187237,0.07696457957128368,0.28169792192043885,0.2047333423491552,-1.7834617941056563e-4
W02000330,Torfaen 008,2021,6,0,0,0,0.1045321669042261,9.641698608960602e-4,0.12211119276924252,0.11073342314894552,0.00189615781968826,0.17119245428602117,0.10635845182402257,7.980053396560254e-4,0.055397938877062305,0.1689855296626412,0.11358759078557888,0.0018262849197964587
W02000330,Torfaen 008,2023,3,0,0,0,0.13643521467491856,9.929795119364706e-4,0.12380902778585186,0.16746884764458372,0.0019415764898485,0.17321765221727708,0.1310191756031129,0.0011413933501557593,0.06807050017712947,0.2003393653078855,0.13226886513075603,-0.005416039071805656
W02000330,Torfaen 008,2025,16,0.32735145550316547,0.02380815135631992,0.6048405840621343,0.13643475761086707,0.001961734849104,0.17625343095766646,0.10565605953306964,0.00187383820756008,0.17018782946915065,0.1328858945215605,0.0014282267605644054,0.06658483027558115,0.21290910787955727,0.14632427760397612,-0.0035488630893065753
W02000331,Torfaen 009,2021,5,0,0,0,0.11484219357382557,0.00118796015390798,0.13532778461112394,0.1406255919033406,0.00207722493719849,0.17910131743938323,0.1153671690021042,0.0010902165182697726,0.05984905029082842,0.18754625286871615,0.12769720257788775,5.249754282786318e-4
W02000331,Torfaen 009,2023,7,0,0,0,0.14674530820958978,0.00121422944978813,0.1367021977709631,0.19736104990387243,0.00213194693681351,0.18143318575181844,0.1420064554795142,0.0015284796108029708,0.07547555490350613,0.2199970888205789,0.14452153391707276,-0.004738852730075571
W02000331,Torfaen 009,2025,18,0.35083136233578727,0.02120655596166082,0.5708383710139517,0.14674774810018287,0.0021866938804259,0.1856412524268355,0.13554810105589757,0.00206115895654044,0.17840784580012345,0.14436918838242982,0.00204287634022536,0.06917634821404761,0.24313460635924145,0.17395825814519383,-0.0023785597177530537
W02000332,Torfaen 010,2021,10,0,0,0,0.11695732804123236,9.243105913626092e-4,0.11936205328020644,0.08363832771922318,9.513110499943002e-4,0.12103185918638976,0.11124392753111954,9.121367456670126e-4,0.0614009998491654,0.1795004106540345,0.11809941080486909,-0.0057134005101128205
W02000332,Torfaen 010,2023,4,0,0,0,0.14886060943748625,9.53828474694423e-4,0.12114675609918484,0.14037428511713768,0.00100607360688878,0.1244564948014892,0.13671190894295865,0.0012524301698295045,0.07910533204069117,0.21583137713799905,0.13672604509730787,-0.012148700494527598
W02000332,Torfaen 010,2025,24,0.05349338083449262,0.00164771696165409,0.15911802985649898,0.14886152656181403,0.00192191365139941,0.17434646862449066,0.07856031637201204,9.101224990271088e-4,0.11838480810438978,0.13852171976117292,0.0015292609561728288,0.07713657855532863,0.22279193162149774,0.1456553530661691,-0.010339806800641116
W02000333,Torfaen 011,2021,14,0,0,0,0.11080839596006002,9.49390313423566e-4,0.121198746563219,0.10464824154658448,0.00193089844853782,0.17278692957746034,0.10971253189493796,8.995031323081698e-4,0.06147650305632096,0.18118423601022887,0.11970773295390791,-0.0010958640651220625
W02000333,Torfaen 011,2023,3,0.1801664973338166,0.03668874945540509,0.7508350556965293,0.14271172081232864,9.826050165297716e-4,0.12319809007660958,0.16138368955096885,0.00197581342292575,0.1747668540169783,0.1347810316239892,0.001225292021990894,0.07451500667679978,0.21320300731142028,0.1386880006346205,-0.007930689188339446
W02000333,Torfaen 011,2025,21,0,0,0,0.14271247304249465,0.00195067445566917,0.17561651842907638,0.09957084084238955,0.00191014150691257,0.1718639086074078,0.13610653322753355,0.0016352899031705811,0.06969069842017234,0.22701301833798943,0.1573223199178171,-0.006605939814961104
W02000334,Torfaen 012,2021,3,0.43663510383048343,0.09292600955045602,1.1949417375914286,0.11696470864078236,8.29022303266657e-4,0.11364283468935071,0.12243880572452838,0.00166753518972031,0.16046644912137703,0.12207964074223533,8.743359942006512e-4,0.07002600033874423,0.18855994553254482,0.11853394519380059,0.005114932101452974
W02000334,Torfaen 012,2023,5,0,0,0,0.14886822122145335,8.546337975374672e-4,0.11528272337208456,0.17917427225742455,0.00171809409169665,0.16287073579018133,0.14921899685101034,0.0011843674127610321,0.08562556517886158,0.21934229902718258,0.133716733848321,3.507756295569875e-4
W02000334,Torfaen 012,2025,15,0.17030412564008704,0.00943615712554789,0.3807813494560449,0.1488652351188678,0.00181947965502685,0.1700717173005095,0.1173612937612558,0.00164592434882244,0.15942527755867963,0.14993233426817038,0.0014817017359351065,0.08043334004730912,0.2325525230547894,0.15211918300748029,0.001067099149302586
W02000335,Torfaen 013,2021,7,0.06905700055019381,0.00495079082797615,0.27581340863373954,0.11565111542794916,8.015596576884594e-4,0.11175142311240222,0.09853237853647584,0.00141861899545426,0.14794794625213903,0.12158077487437514,9.02291364504664e-4,0.07253680465626265,0.18492937078477706,0.1123925661285144,0.005929659446425983
W02000335,Torfaen 013,2023,1,0,0,0,0.14755470765297413,8.310486926227898e-4,0.11369317368962442,0.15526805485040313,0.00149079309051513,0.15165280726971703,0.14921197577236123,0.0012413164095669699,0.09075533940871978,0.21723686846338292,0.12648152905466314,0.0016572681193871008
W02000335,Torfaen 013,2025,16,0,0,0,0.14755122772708668,0.00179520843410517,0.16893934099684912,0.0934547186601996,0.00141638251048204,0.14784078829230515,0.15239009546423787,0.0018197742767931276,0.08389514905210627,0.23431822554265458,0.1504230764905483,0.004838867737151198
W02000336,Monmouthshire 001,2021,5,0,0,0,0.12051648420966254,8.37770763206725e-4,0.11452195479432582,0.0407917587338077,3.9919001711233656e-4,0.07836171903299047,0.1221274581961556,9.36630302959889e-4,0.07299063952534099,0.19131582849874162,0.11832518897340064,0.0016109739864930556
W02000336,Monmouthshire 001,2023,3,0.30515894032408536,0.06774669916944898,1.0202865383751587,0.1524200720467308,8.63313242913076e-4,0.1162074630298104,0.09752793410737824,4.5112944657027017e-4,0.08329257438585495,0.14903350622666434,0.0012905012291100732,0.09275463722682095,0.23080154043188983,0.13804690320506888,-0.0033865658200664672
W02000336,Monmouthshire 001,2025,34,0.02030209219874314,4.143617534151925e-4,0.0797935739922727,0.1524158772937271,0.00182813397350629,0.17069588613117312,0.03571343835719437,3.452126801329711e-4,0.07287181549575514,0.15125050967636944,0.0018177722468632595,0.086334935640922,0.24405942573411304,0.15772449009319106,-0.0011653676173576655
W02000337,Monmouthshire 002,2021,12,0.0664034393909624,0.00464130879896362,0.2670535274086006,0.1318918135074637,0.00153910643208343,0.15493652237114314,0.101978532539653,9.546924637185532e-4,0.12124045774097776,0.12954135645244477,0.0016559935638595133,0.06810006951041164,0.22401088552474374,0.1559108160143321,-0.002350457055018934
W02000337,Monmouthshire 002,2023,11,0.2266073737872185,0.02415428091441315,0.6092213898943343,0.16379506439853245,0.00155874275861563,0.1558954432039699,0.15871446397018588,0.00101481043957423,0.12499134886323528,0.15937276010953208,0.0023313246384959827,0.08766730143064962,0.27820590723014127,0.19053860579949167,-0.004422304289000367
W02000337,Monmouthshire 002,2025,26,0.09581761749089136,0.00256189176311349,0.1984076783904891,0.16379650079590968,0.00253303638349242,0.1998893727473068,0.0969004801506002,9.344169731461456e-4,0.11994925452637956,0.16139714734592853,0.003083390852972475,0.0796469995111077,0.30377737953258643,0.22413038002147873,-0.0023993534499811564
W02000338,Monmouthshire 003,2021,7,0.08117764504973123,0.00683891887556973,0.3241692473913519,0.1108795986612928,8.07121332917082e-4,0.1122830539543782,0.10719450057462528,0.00142872617244183,0.1484549397103851,0.11647854942511623,6.898995223542098e-4,0.0692094655834268,0.1780141854831354,0.10880471989970861,0.00559895076382344
W02000338,Monmouthshire 003,2023,5,0,0,0,0.14278310124401586,8.331570328923252e-4,0.11399653820321308,0.16393009485052978,0.00148767173359334,0.15148074862233268,0.14229846866849316,9.387452311076026e-4,0.0881695221034367,0.2118605529996801,0.12369103089624339,-4.8463257552269767e-4
W02000338,Monmouthshire 003,2025,25,0.2967555285685354,0.01428241642633621,0.4684669233223446,0.14277930605409514,0.00179730609668768,0.16915493627593534,0.1021168989544474,0.00141967955298981,0.14798918432861913,0.14393651031228907,0.0013947674749975637,0.08328306986097794,0.23458185886822203,0.15129878900724408,0.0011572042581939335
W02000339,Monmouthshire 004,2021,22,0.0805840494703497,0.00235258584608737,0.19013007810330773,0.1223733695790452,0.00138710223403864,0.1469888427311924,0.10397316961773163,0.00105075212377841,0.12721724530972145,0.12860754413403944,0.001298146016876435,0.07424126905814513,0.2131480293143051,0.13890676025615997,0.00623417455499424
W02000339,Monmouthshire 004,2023,6,0.4413825104832975,0.07740276334741407,1.0905769629091264,0.15427659804208022,0.00142574140963375,0.14901264526488966,0.16070900425626994,0.00113258559654076,0.13207189274656184,0.15751272047493448,0.0018680424202845523,0.09083774597325653,0.25892166392941096,0.16808391795615443,0.0032361224328542604
W02000339,Monmouthshire 004,2025,26,0.19756310464376825,0.01285497952951069,0.44444065747175393,0.15427744108587843,0.00239886973503496,0.1944839166788115,0.09889524527385014,0.00106125595855982,0.1278551618834486,0.15945394293985268,0.002565045898734712,0.08376847112218161,0.27041707236186224,0.18664860123968063,0.0051765018539742524
W02000340,Monmouthshire 005,2021,5,0.2493855064044002,0.04461862826729217,0.8280111668924801,0.10833855396019489,7.306091200437095e-4,0.10683806544362952,0.09490950048821988,9.40153338124146e-4,0.12031495905107228,0.12039361477312466,9.124513860075705e-4,0.07345735375802556,0.1869333197908949,0.11347596603286933,0.012055060812929771
W02000340,Monmouthshire 005,2023,8,0.43008795952272394,0.06899429682118333,1.0296382861982614,0.1402422965443334,7.573924419079919e-4,0.10870673326391368,0.15164540546935334,9.92990776377347e-4,0.12364270413565198,0.14821969271513277,0.0013113111599259617,0.09303174359138394,0.23540551226945727,0.14237376867807333,0.007977396170799372
W02000340,Monmouthshire 005,2025,16,0.06206963035056901,0.0016345103988168,0.15847907608326176,0.14023651741675022,0.00171932922402284,0.16552360609958894,0.08983146987621025,9.002301137794306e-4,0.11773413939671774,0.14943375305691473,0.0018836486536957563,0.0802579314708067,0.26510048074986053,0.18484254927905383,0.009197235640164503
W02000341,Monmouthshire 006,2021,8,0.05331547271456603,0.0029665693676985,0.21350366802232126,0.10117719186456836,6.930274258349547e-4,0.10371370327500892,0.04648224152241895,3.7062070292880967e-4,0.07550588842184727,0.11072784538529155,6.855570961031154e-4,0.07187764802616509,0.16418919212567556,0.09231154409951048,0.009550653520723193
W02000341,Monmouthshire 006,2023,10,0,0,0,0.1330809684119449,7.184195374398129e-4,0.10549520066537996,0.1032183865085637,4.310284731436284e-4,0.08141754294710365,0.13568515493090505,9.172372522344432e-4,0.08665396785434001,0.1995396413528835,0.11288567349854348,0.002604186518960161
W02000341,Monmouthshire 006,2025,29,0.02914626227780904,4.4694577924210094e-4,0.08287155859621749,0.13307779911077405,0.00167963002316847,0.16347398997877777,0.04140388742088167,3.286508278460062e-4,0.07110268542591733,0.13744648335114482,0.0013629248838549694,0.07882891203114648,0.22255890609226814,0.14372999406112166,0.004368684240370763
W02000342,Monmouthshire 007,2021,9,0,0,0,0.0951810740099142,9.643330236227108e-4,0.12232245388110324,0.11494178566437868,0.0018633730169438,0.1696426093242154,0.10526925825445069,8.010336185325815e-4,0.059024453881795315,0.1639885318911914,0.10496407800939608,0.010088184244536488
W02000342,Monmouthshire 007,2023,3,0,0,0,0.12708435532357745,9.981221130520477e-4,0.12434980826073196,0.17167727570449756,0.00191186835050524,0.17182420859205255,0.12970929344705678,0.0011585817358259257,0.07446691369343018,0.1997250595054753,0.12525814581204514,0.002624938123479331
W02000342,Monmouthshire 007,2025,16,0.1730340931630624,0.01400440739537029,0.46388513370246826,0.1270842245859718,0.00196634872116994,0.176446891814227,0.10986433287797392,0.0018378552506391,0.16848232723785858,0.13070227197175163,0.0015663548446436554,0.06932593962936145,0.22201553544972646,0.152689595820365,0.003618047385779838
W02000343,Monmouthshire 008,2021,16,0,0,0,0.10610063354431087,0.00129700322285426,0.1416718366398535,0.10063993002084212,0.00136866060279125,0.14525499072631326,0.10517736152429626,9.531227328687006e-4,0.060152093604515795,0.17491699563952234,0.11476490203500656,-9.232720200146177e-4
W02000343,Monmouthshire 008,2023,1,0,0,0,0.13800380596947845,0.00133942302226426,0.14387953590640107,0.15737565181609445,0.00142242476791749,0.1480683577688957,0.1293613202118442,0.0013607225810515842,0.06992289360533432,0.2115780480942328,0.14165515448889848,-0.008642485757634238
W02000343,Monmouthshire 008,2025,16,0.08429630309605435,0.00364955938271199,0.23680905457660165,0.13800752078122655,0.00231262994825839,0.19079635351154167,0.09556216615110212,0.00133416073289399,0.1434160470355508,0.13172475714979906,0.0019083990207558361,0.06523494907910712,0.23465457021292824,0.1694196211338211,-0.00628276363142749
W02000344,Monmouthshire 009,2021,9,0.15467507421381077,0.0150305474461935,0.48057977097269317,0.10949452000994908,8.893324368544359e-4,0.11771405886992342,0.11765422332419152,0.00166384148238843,0.16025019545277058,0.11735363672689018,9.214666870028144e-4,0.0703729887230272,0.19077191885267314,0.12039893012964593,0.007859116716941103
W02000344,Monmouthshire 009,2023,6,0,0,0,0.14139815178315157,9.214558654486242e-4,0.1197624608571986,0.1743897327136208,0.00172046728467834,0.1629457256998745,0.1439949103045195,0.0012049257957883505,0.08568840920044696,0.2256234708772345,0.13993506167678754,0.0025967585213679256
W02000344,Monmouthshire 009,2025,21,0.1722797710711219,0.01487524893279657,0.4780906032245864,0.14139551102747738,0.00188743774390226,0.17300244786247437,0.1125767095751116,0.00164727583669923,0.1594544619369595,0.1449378587256289,0.0015647583579049891,0.08198890467169613,0.22946533126647767,0.14747642659478155,0.00354234769815151
W02000345,Monmouthshire 010,2021,12,0.2752911092516351,0.01877852125088854,0.5371663284265604,0.13753552079796183,0.00137628455471068,0.14643433062459468,0.13564393392503818,0.00166290109126199,0.1601391402658444,0.14219622008522345,0.0017741551536780843,0.08279617328990674,0.23590441884253355,0.1531082455526268,0.0046606992872616215
W02000345,Monmouthshire 010,2023,4,0.272672014980336,0.05294750313592281,0.9019881439469599,0.16943891464019736,0.00141181451397883,0.14836092330161424,0.19237946021396135,0.00171582561667608,0.162661428413015,0.1731700049425185,0.002393977106499449,0.10076187182477868,0.2849270093063747,0.18416513748159602,0.003731090302321133
W02000345,Monmouthshire 010,2025,19,0.18609584214749028,0.00897440093666466,0.37134777036409444,0.16943921635085366,0.0023853226155219,0.19425163543391505,0.13056629331422048,0.00164835818748786,0.159435223893982,0.17486390586285713,0.00292202181824983,0.09680806187132932,0.2947713546755732,0.19796329280424388,0.005424689512003478
W02000346,Monmouthshire 011,2021,9,0,0,0,0.11110419148539648,0.00120821089502382,0.13716893445347497,0.1212918202094036,0.00169784613522807,0.16185365837352678,0.11205747168811707,0.0012150724295680734,0.05530169817920662,0.19449320688605684,0.1391915087068502,9.532802027205911e-4
W02000346,Monmouthshire 011,2023,2,0,0,0,0.14300754017973977,0.00124099687381367,0.138945151434483,0.17802736258646276,0.00175014291094337,0.16431707638581117,0.138109719930738,0.0017466273112980032,0.06710795711368137,0.23566824028470942,0.16856028317102806,-0.004897820249001761
W02000346,Monmouthshire 011,2025,24,0.15232416813976363,0.00736750770497059,0.3364638313982125,0.14300884587894966,0.00221253257105109,0.18702311406970296,0.11621423525171058,0.00167056681567305,0.1605505977540611,0.13905014858438836,0.0021254767141359204,0.06454064975189991,0.24532478614397485,0.18078413639207494,-0.003958697294561303
W02000347,Newport 001,2021,11,0.17701533329397057,0.01331387707291669,0.4523039266660995,0.11905104518778828,9.573468038971238e-4,0.1222395569677786,0.10279156573285717,0.00105342820366896,0.12737475196291448,0.12689165487186777,0.0010346962344690755,0.07344951691293598,0.19947969270011645,0.12603017578718045,0.007840609684079486
W02000347,Newport 001,2023,7,0.20714229944335608,0.03219332550515778,0.7033330199251716,0.1509545576320526,9.850340190097823e-4,0.12395129654027162,0.15952741566146103,0.00110517555296484,0.13045745775653267,0.1553752113711704,0.0014747502914920216,0.09532713155529897,0.2476840136068289,0.15235688205152992,0.004420653739117819
W02000347,Newport 001,2025,18,0.06461458946959135,0.00245960683457328,0.19440656748279958,0.15095233341633857,0.00195234659297621,0.1759907287778768,0.097713637639176,0.00102104487066347,0.12540476896056094,0.1564769018008115,0.001956353523688408,0.08477078758117312,0.253109171913826,0.16833838433265286,0.005524568384472933
W02000348,Newport 002,2021,4,0,0,0,0.11089850436109912,0.00144373785601144,0.14984141727649986,0.10809741133547177,0.00216272419375946,0.1828717447754155,0.11534496179170221,0.0012656873844282168,0.060564762438476805,0.1969672620358948,0.136402499597418,0.004446457430603096
W02000348,Newport 002,2023,7,0,0,0,0.14280166874083847,0.00146227028528895,0.15069030722664595,0.1648328997811191,0.00221166188072898,0.18490919967650843,0.14120791642926842,0.0017291783795277803,0.0711407750469814,0.2362745674056925,0.16513379235871112,-0.0015937523115700514
W02000348,Newport 002,2025,9,0,0,0,0.14280413252305987,0.00243660110172604,0.19609639184874889,0.1030200171598854,0.00213847969523402,0.18185387246249712,0.14315865467751468,0.002281859446203358,0.06542878422189263,0.25399033742386495,0.18856155320197232,3.5452215445480606e-4
W02000349,Newport 003,2021,5,0.11657089572760564,0.01464963988680642,0.4744512129320147,0.1467720653695227,9.579458512782924e-4,0.12231638510284112,0.12838646018794736,0.00144343273661874,0.1491899822468685,0.14105368277230249,0.0013443066355941639,0.08419098865583396,0.22622546271362728,0.14203447405779332,-0.005718382597220212
W02000349,Newport 003,2023,6,0.2031642634113361,0.03577025330460753,0.7413769758373878,0.17867562773259418,9.808563805385265e-4,0.12371360211520172,0.18512209918833925,0.00149809333268915,0.15197812515922782,0.17203457998812793,0.0017816278153685301,0.10577177776195353,0.2677115986776991,0.1619398209157456,-0.00664104774446625
W02000349,Newport 003,2025,20,0.1448486715851302,0.00687144531082198,0.32493922016385995,0.17867371832999773,0.00194818019831246,0.17590011746289122,0.12330872807735324,0.00142972359676549,0.14848068902379613,0.17504991625431893,0.002518124421959346,0.09552015959786404,0.2964072701243179,0.20088711052645386,-0.003623802075678806
W02000350,Newport 004,2021,4,0.222557700948331,0.04184543372881259,0.8018665986392463,0.12082681500626734,9.125679301552128e-4,0.11931133065091636,0.07387600422521513,8.684188614040732e-4,0.1156222244284282,0.12695906051917719,0.0011038812766455013,0.07371077859805383,0.19987719402944165,0.12616641543138782,0.006132245512909848
W02000350,Newport 004,2023,5,0.09754941208026335,0.01080617943620027,0.40748739029911085,0.15273054419430862,9.387701253081894e-4,0.12096719839539156,0.13061196195253094,9.115368094314708e-4,0.11844937610877056,0.15626966407726856,0.0015588701226342111,0.09203822130252312,0.24235279735637627,0.15031457605385315,0.0035391198829599346
W02000350,Newport 004,2025,12,0.03890340997158043,0.00158593964109854,0.15610665358512377,0.1527277102949572,0.0019051452652816,0.1739231231756626,0.06879792674438664,8.260617247167808e-4,0.11276964797838732,0.15829483451682322,0.0019556964819737875,0.08773620099792329,0.2569756277582837,0.1692394267603604,0.005567124221866032
W02000351,Newport 005,2021,2,0.22744423718807197,0.06188759010254333,0.975168967699275,0.14172344012962937,0.00196337510895811,0.17495615533217557,0.07310468962474215,8.697113911363051e-4,0.11569323973442514,0.14534936599774542,0.002707739677257292,0.0672688405804758,0.26533419279844855,0.19806535221797275,0.0036259258681160533
W02000351,Newport 005,2023,5,0.17128147249146472,0.02552863854132759,0.6263137032027795,0.17362681299590985,0.0019795232277496,0.17568118176996497,0.12984072475611147,9.198581725707102e-4,0.11897133054613054,0.17610211389969377,0.00361618439069284,0.08386346804277901,0.3184366980244174,0.23457322998163838,0.0024753009037839224
W02000351,Newport 005,2025,11,0.0349899336508939,0.00132188995380489,0.14251997506357827,0.17362924969872315,0.00295656977442665,0.21590831530615984,0.06802651649837826,8.227806733317848e-4,0.11253152877639971,0.17889293885892185,0.004392124395905486,0.08096959530070283,0.3506526248331306,0.26968302953242773,0.0052636891601987035
W02000352,Newport 006,2021,2,0.519228760498974,0.124907484922061,1.385390861417195,0.1517642782864094,0.001615086130256,0.15897755589591894,0.13045845514743065,0.0016311925002581,0.15863572719169977,0.14575437896841303,0.0018366783412285229,0.0747816334784176,0.23494532642215954,0.16016369294374194,-0.0060098993179963645
W02000352,Newport 006,2023,3,0.12145417576364093,0.01773366595147175,0.522008227875861,0.18366757680792756,0.00163521075353577,0.1599675763371256,0.1871940626875172,0.00166930217899722,0.16046471961762931,0.17978328796453255,0.0026150988265924817,0.0931864609758436,0.2865729719711302,0.1933865109952866,-0.0038842888433950062
W02000352,Newport 006,2025,15,0.1385748196838811,0.0085590026491063,0.3626516577805967,0.18367129531285703,0.00261094151190666,0.2034463054419396,0.1253807998889847,0.0016077037953438,0.15749179053484288,0.18147706163467636,0.00355956345344143,0.07786928438509098,0.32024564937419,0.24237636498909898,-0.002194233678180668
W02000353,Newport 007,2021,4,0.26820930542550536,0.05444648310025773,0.9146669836858846,0.1435887971124828,0.00183871288101641,0.16925964024874657,0.12605546198852982,0.00198403695985449,0.17500384355289927,0.147813324636353,0.0022201253304123406,0.07217606243396835,0.2513898408593968,0.17921377842542846,0.004224527523870203
W02000353,Newport 007,2023,2,0.3618756581717707,0.10688663101796322,1.2815624706400122,0.17549223736268368,0.00185928553858944,0.17021980998418218,0.18279100061543452,0.00203644940258659,0.1772859632649362,0.18047052308281006,0.0030167883018419436,0.08855833183197553,0.3078397726027885,0.21928144077081296,0.004978285720126374
W02000353,Newport 007,2025,6,0.1169784876836714,0.01337218701077527,0.45329330789021827,0.175494369003913,0.00283577346468239,0.21147640462184616,0.12097789216059522,0.00195772152529452,0.17384596077467424,0.18224586677626167,0.003770043768663127,0.08215725368272786,0.31611849180428797,0.2339612381215601,0.00675149777234868
W02000354,Newport 008,2021,6,0,0,0,0.11732035427860169,0.00152598291842135,0.15408772609149296,0.10594098349079371,0.00224271564000491,0.1861930153134417,0.11625110408055288,0.001115687597129251,0.05746073743557421,0.18348586711731635,0.12602512968174212,-0.0010692501980488073
W02000354,Newport 008,2023,5,0,0,0,0.14922382909184342,0.0015456351330001,0.15501366994605795,0.16267645303408845,0.00229553142811149,0.18835246274902293,0.1421237646935393,0.0015647877363701677,0.069679854884128,0.2264807819998044,0.1568009271156764,-0.007100064398304129
W02000354,Newport 008,2025,8,0,0,0,0.14922657306034065,0.00252003213991173,0.1992734783846239,0.10086357649178757,0.00221885980290282,0.18520992906033631,0.14435336320258282,0.002089200257222332,0.06677250313280808,0.23799658438206966,0.17122408124926158,-0.0048732098577578264
W02000355,Newport 009,2021,4,0.11442809147415396,0.01383337750064948,0.46104381579134784,0.12582940413103522,8.667676467146098e-4,0.11638364708639828,0.12110420755048561,0.00180619976344318,0.1670362795084901,0.13010200637684963,0.001240567935012062,0.07291585356744365,0.210745565642817,0.13782971207537334,0.004272602245814411
W02000355,Newport 009,2023,4,0,0,0,0.1577330098846243,8.901901468091264e-4,0.1178817178648901,0.17783973506208942,0.00186309971964207,0.16963444511239764,0.15964500995274583,0.001646975283355799,0.09087969162980261,0.24762767735136565,0.15674798572156304,0.0019120000681215332
W02000355,Newport 009,2025,11,0,0,0,0.1577296278257466,0.00185561645565108,0.17182936965523898,0.11602670606774722,0.00179165180865867,0.1663709487005205,0.16162505412262193,0.0023300690693924056,0.08885540809168403,0.27561320250451493,0.1867577944128309,0.0038954262968753373
W02000356,Newport 010,2021,3,0.8335123279112889,0.02909343926723593,0.6686142352581262,0.150083127038199,0.00140631951505548,0.14809712794565574,0.15227410382673723,0.00187714104023221,0.170169143449868,0.1455905372666734,0.0018534206933275702,0.07518255703452935,0.24899405533887004,0.17381149830434067,-0.0044925897715256125
W02000356,Newport 010,2023,4,0,0,0,0.1819866384950053,0.00142871122071131,0.14926555022895965,0.20900954185649917,0.00193214318663857,0.17263774318296457,0.17893563266943321,0.0025321296882859497,0.10201763343986756,0.29914526100673333,0.19712762756686578,-0.0030510058255720784
W02000356,Newport 010,2025,11,0.14106642875320174,0.01202188137219196,0.4297979164144246,0.18198767859820103,0.00240217542470342,0.1949097748424428,0.14719650807173096,0.00186865807957433,0.16977853481392235,0.18212615027205317,0.0033843366069535147,0.09535237583232728,0.322299729810435,0.2269473539781077,1.3847167385214187e-4
W02000357,Newport 011,2021,3,0,0,0,0.13233101518804594,0.00168373636813806,0.16182873368299622,0.10733025424502672,0.00259846394542537,0.20032613325021265,0.12488124379374703,0.0015470954382406602,0.058163120360982215,0.2076855338735909,0.1495224135126087,-0.007449771394298907
W02000357,Newport 011,2023,7,0,0,0,0.16423448922823847,0.0016999466707201,0.16254026674805436,0.1640657442387015,0.00264829718281989,0.20222436312408193,0.15338523185300706,0.002225542325061708,0.07638391688962594,0.2520531680988718,0.17566925120924587,-0.010849257375231403
W02000357,Newport 011,2025,15,0,0,0,0.1642377470534865,0.00267545364827411,0.2052160782763172,0.10225273160766744,0.00256649516310184,0.19909929661315431,0.15542635137674082,0.0028711627888485633,0.07218344173114796,0.2725273585439055,0.2003439168127575,-0.008811395676745687
W02000358,Newport 012,2021,8,0.40342087507914787,0.03613973204470329,0.745196061290309,0.13147684278662072,0.00103597526230883,0.1271961370910736,0.14153999399834566,0.00203591632811546,0.17737665941843117,0.1397883925983909,0.0012909297551064534,0.07811937344343292,0.21874452367309097,0.14062515022965805,0.00831154981177018
W02000358,Newport 012,2023,6,0,0,0,0.16338038349185666,0.00105924159304004,0.12860467754276556,0.1982754430113701,0.00208324202063624,0.17941515218816434,0.17131397513976027,0.0017153843481662958,0.0973279040519669,0.2590476952971278,0.1617197912451609,0.00793359164790361
W02000358,Newport 012,2025,7,0,0,0,0.16337844957075315,0.00202796516220379,0.1794044328794228,0.13646260570530971,0.00201825626870484,0.17661122699688647,0.1738703957972651,0.0024088365714867426,0.09402532116452457,0.28688360161906434,0.1928582804545398,0.01049194622651195
W02000359,Newport 013,2021,5,0.1697570567083315,0.02611475602287101,0.6334627372603154,0.14739035131149988,0.00172775290178858,0.16408177564263282,0.12811858549069832,0.00198769422215933,0.1750676321978346,0.14252648338938528,0.0020477326331603384,0.06527326151782165,0.23782865359778319,0.17255539207996154,-0.004863867922114601
W02000359,Newport 013,2023,2,0,0,0,0.17929380677532095,0.00174974549224643,0.16509926338526068,0.18485418775849552,0.00204192678465132,0.17743157068151283,0.17506420163769615,0.002857069977450977,0.08394548998009452,0.2853942680108441,0.2014487780307496,-0.004229605137624798
W02000359,Newport 013,2025,16,0.17195682146256686,0.01016322462469572,0.3951789917555492,0.17929616274870208,0.00272543262165673,0.20727186112276216,0.12304086297427416,0.0019600980907947,0.1738527146591924,0.17713629498338995,0.0034528726579458532,0.07983426343913827,0.29588356644211816,0.2160493030029799,-0.002159867765312129
W02000360,Newport 014,2021,8,0.22926892251601105,0.036586042294795,0.74978336841418,0.15305329363080683,0.00151149317434971,0.15357219061185834,0.12337169862048045,0.00191758681973069,0.17192963849700388,0.14524261772094793,0.0016980772173370272,0.08373211848897472,0.24717053791602936,0.16343841942705464,-0.0078106759098589
W02000360,Newport 014,2023,4,0.22917463003060484,0.04437829266759606,0.8257781392487505,0.1849566292536599,0.00153833414457852,0.15488421139672698,0.1801073706523436,0.00195551219988721,0.17361516972188012,0.17697749994070255,0.0023856432442244937,0.09969782513336767,0.2910508854513695,0.1913530603180018,-0.007979129312957356
W02000360,Newport 014,2025,18,0.11607631589507758,0.00857051176979691,0.36289540110587865,0.1849587656438136,0.00251261330935216,0.1991813644727413,0.1182939287980802,0.00189105341362241,0.17073797702388496,0.1807650123429919,0.003079441907315704,0.09251263945045662,0.304202755573347,0.21169011612289035,-0.004193753300821723
W02000361,Newport 015,2021,9,0.04798596142166566,0.0024393235280123,0.19360331488081045,0.13135798080713484,0.00125473104406807,0.13972896956395373,0.07813183765563778,0.00115244865213282,0.1332357414536235,0.12983135773378526,0.0013283653845335098,0.07227706898689112,0.20564056640750478,0.13336349742061365,-0.0015266230733495811
W02000361,Newport 015,2023,2,0,0,0,0.16326157833963567,0.00127978601212984,0.14107388795520276,0.1348676833660296,0.0012431341703956,0.13836961910001416,0.15856348062340392,0.001801375671585172,0.08479482675566508,0.25117246402646604,0.16637763727080096,-0.004698097716231753
W02000361,Newport 015,2025,9,0,0,0,0.16326244669483017,0.00225146072226512,0.18852051558261265,0.07305392332019464,0.00116462140925425,0.13394356624794557,0.16159286537239084,0.0025568942756062176,0.08524881021516544,0.2711526976544594,0.18590388743929392,-0.0016695813224393286
W02000362,Newport 016,2021,3,0,0,0,0.1231234840891671,0.0013252443766266,0.1438477632237829,0.1257150306292506,0.00191544297577939,0.17201796400525646,0.12528303474389405,0.0012796090031644831,0.06071002049221835,0.196517601231025,0.13580758073880664,0.0021595506547269494
W02000362,Newport 016,2023,4,0,0,0,0.15502647843830997,0.00134720385205987,0.1449415652357126,0.18245053386683768,0.00196387767386278,0.17416461990102317,0.15334362819785907,0.0017481596874732372,0.07751192699615779,0.24070750359968968,0.1631955766035319,-0.001682850240450895
W02000362,Newport 016,2025,9,0.14387404477650712,0.01770099762354224,0.521527193753277,0.15502664711679545,0.00232045248910877,0.19173595043873315,0.12063754552483598,0.00189091854008231,0.17091971796341482,0.15596033361649417,0.002391278684901455,0.07419936794383876,0.27693414603687005,0.2027347780930313,9.33686499698716e-4
W02000363,Newport 017,2021,9,0,0,0,0.1191119851887768,0.00157389855535785,0.1562891206006699,0.09854828654892876,0.00146798027537918,0.1504529690144308,0.11765444618170476,0.0014027225402799559,0.055164853718006585,0.18964278177943109,0.1344779280614245,-0.001457539007072045
W02000363,Newport 017,2023,6,0,0,0,0.15101529348455117,0.00159996097982541,0.15748258993767716,0.1552840240910391,0.00151755664380367,0.1529591421541044,0.14524167635888857,0.0020183039996900572,0.06884250316007834,0.23767619770235,0.16883369454227165,-0.0057736171256626
W02000363,Newport 017,2025,18,0.06635440745682769,0.00415797891576541,0.2527663330606133,0.15101942537718893,0.00257521930674951,0.20129414096792875,0.09347051617252115,0.00143395828980161,0.14870416533683378,0.14738483943665937,0.0025782995710074345,0.06597548060831551,0.256976358138488,0.1910008775301725,-0.0036345859405295666
W02000364,Newport 018,2021,6,0.04379930036359009,0.00243647775245415,0.1934903507009069,0.15776336310767622,0.00187521216540873,0.17122362480005113,0.08975467263940741,0.0011399425418936,0.13247320724978995,0.1479641738725789,0.0024673109912818083,0.06871486950099763,0.25551321093342516,0.18679834143242752,-0.009799189235097316
W02000364,Newport 018,2023,3,0,0,0,0.18966641662128353,0.00190177666287985,0.17237230344378895,0.1464906089283992,0.00122131380855986,0.1371130861854934,0.18017698755274708,0.003441992036090562,0.08246269709480941,0.306378146309337,0.2239154492145276,-0.009489429068536448
W02000364,Newport 018,2025,17,0.14274502605112585,0.01071694158660544,0.40580137894654394,0.1896692484743401,0.00287864576414154,0.2132332732560888,0.08467656746443887,0.00114532791960514,0.13279082609657217,0.1827649426713916,0.0042541175415646525,0.08282054582120751,0.3259128666013883,0.24309232078018078,-0.006904305802948513
W02000365,Newport 019,2021,9,0.48010813542985065,0.0356181991786642,0.7397995550475001,0.15129025771054885,0.00137988484373337,0.14680264001846183,0.15586058131311423,0.0021745154353614,0.18329250323815036,0.1478442323388439,0.0017214326718447128,0.08162906132514362,0.23572097348158358,0.15409191215643997,-0.003446025371704964
W02000365,Newport 019,2023,4,0,0,0,0.1831935982982736,0.00140820732658548,0.14828467489921332,0.21259602938645197,0.00222968053547861,0.1855889055228399,0.18133390322445558,0.002464779078247217,0.10277734389636635,0.28854416488045637,0.18576682098409003,-0.0018596950738180296
W02000365,Newport 019,2025,8,0,0,0,0.18319443309400124,0.00238133602574918,0.1940782911629653,0.15078312545123504,0.00216424810479704,0.18286136955227772,0.1845367709422552,0.0033972833160123917,0.09484840126053365,0.32764431072919975,0.2327959094686661,0.001342337848253966
W02000366,Newport 020,2021,4,0,0,0,0.1295027291835872,7.804062183540787e-4,0.11042927945113568,0.07409646639280078,8.732218982449995e-4,0.11594543003103427,0.13429410224315202,9.219435751175112e-4,0.08031492817957225,0.19375134353802642,0.11343641535845417,0.004791373059564813
W02000366,Newport 020,2023,5,0.13075058285162028,0.01805426947704809,0.5267057346708693,0.16140638701841126,8.039786269172719e-4,0.11202536297208077,0.13083246573959237,9.192037029539144e-4,0.11895015846849095,0.1641762808699285,0.0012953296158222673,0.10287913489495523,0.2372504770100845,0.13437134211512927,0.002769893851517241
W02000366,Newport 020,2025,13,0.03770907390667587,0.00149023333982446,0.15132309814646452,0.1614010363658132,0.00176722222515831,0.16780867689172924,0.06901837541917805,8.287304230523394e-4,0.11295552093862445,0.16685297881742142,0.0020706406891221906,0.09247624794387524,0.2639284657597026,0.17145221781582734,0.0054519424516082104
W02000367,Cardiff 001,2021,6,0.14631232104499473,0.02102053179256693,0.5683291555788336,0.150753497267624,9.393151315072354e-4,0.12070796240782514,0.1468301745116236,0.00184434771413177,0.16877729374670442,0.1616699236308963,0.0015663009290977162,0.10732693291901835,0.2502955124547255,0.14296857953570713,0.010916426363272308
W02000367,Cardiff 001,2023,5,0.4647650196373027,0.06022726542689862,0.9619990852811575,0.18265724573538084,9.626665100785912e-4,0.12229319159932102,0.2035656353602996,0.00188812844703121,0.17076191393230533,0.1963403087171624,0.002172442470944941,0.13280439537066424,0.3131962509467332,0.18039185557606896,0.013683062981781569
W02000367,Cardiff 001,2025,6,0.3743079987346414,0.04600185325896609,0.8407478218108734,0.18265196183773905,0.00193024318399185,0.17517397405430582,0.14175269124423318,0.00183226926515724,0.16822679480816205,0.1997834580443131,0.003097275900835838,0.11796829857657196,0.33093843747696494,0.21297013890039299,0.01713149620657406
W02000368,Cardiff 002,2021,5,0.30445436137243015,0.05767380762701814,0.9413852708255528,0.1490524818431141,0.00138292035577147,0.14703609645739446,0.15074141255362689,0.00195808702245643,0.17384935333301993,0.14813449110166074,0.0019148532355947351,0.0772151743493,0.24136926647606494,0.16415409212676493,-9.179907414533506e-4
W02000368,Cardiff 002,2023,6,0,0,0,0.18095572122243747,0.00140125831561785,0.14799990869820925,0.20747693299423903,0.00200321184243924,0.1758337730687769,0.18149181194607505,0.002664383797345713,0.09866839795560324,0.29819742279786254,0.19952902484225932,5.360907236375834e-4
W02000368,Cardiff 002,2025,12,0.16644062989317782,0.01454450770980091,0.47274571361131723,0.1809554492133549,0.00237440282991215,0.19392907299223788,0.1456638570011435,0.00193308867882746,0.17274103593738543,0.18352502701819245,0.00331197634963238,0.09412255271014477,0.3174564336677128,0.22333388095756804,0.0025695778048375473
W02000369,Cardiff 003,2021,8,0.5141819474538545,0.07225310715612424,1.05367421114394,0.15420369531782113,9.156483415610102e-4,0.11952740159020284,0.14436175388973702,0.00185148846740728,0.16896167953559177,0.15541315675927617,0.0014475852325827674,0.09288477488295212,0.23920776081097742,0.14632298592802528,0.0012094614414550342
W02000369,Cardiff 003,2023,6,0.3702882547519212,0.05089767880210381,0.8843558948459562,0.1861072875770334,9.382239564616686e-4,0.12100948182065192,0.20109736824995453,0.00189659226715303,0.17100166535067018,0.1901419003148704,0.00198358297929265,0.11900927161095902,0.2883940333552574,0.16938476174429834,0.004034612737837007
W02000369,Cardiff 003,2025,10,0.09228696752456968,0.0082712712898028,0.3565038460076807,0.1861022363952092,0.00190464086966223,0.17401752936273251,0.1392840251470795,0.0018252527167339,0.1677620862142064,0.19322654545756507,0.0029648213631821583,0.10874389791704553,0.31631055504257705,0.20756665712553152,0.007124309062355866
W02000370,Cardiff 004,2021,5,0.28522044059785767,0.05542380009511634,0.9228396301671759,0.16258409944387753,0.00110755594638504,0.13063139195795925,0.1689863346011924,0.00204965853373621,0.17791623655618555,0.16740544346951097,0.0017282795277289759,0.1017932174619398,0.2644225920765893,0.1626293746146495,0.004821344025633445
W02000370,Cardiff 004,2023,7,0.7707927468783831,0.03112639897473354,0.6915801613636259,0.19448770729919673,0.00112597127278068,0.13185436385446136,0.22572173420344557,0.00207842661715738,0.1791581310484604,0.20239143434490978,0.0023244078978328594,0.12548549350115726,0.3102308573218783,0.18474536382072101,0.007903727045713044
W02000370,Cardiff 004,2025,4,0,0,0,0.19448581065682644,0.00209727314585362,0.18232990897188575,0.16390889845034615,0.00203934817058111,0.17746592349317536,0.20449849370049542,0.002749666231441153,0.11367413600561863,0.3171173349195542,0.20344319891393556,0.01001268304366898
W02000371,Cardiff 005,2021,8,0.06381581887068648,0.00428990251898288,0.2567448840500213,0.16305859485844265,0.00102427940641772,0.1263246105346636,0.12726483237370706,0.00129268787322699,0.14115582529309073,0.15894788071841587,0.0014622005390594,0.09097846990041011,0.2267420826933734,0.13576361279296328,-0.004110714140026783
W02000371,Cardiff 005,2023,4,0.18426894733000623,0.03017596428734195,0.6809397159354433,0.1949621110697679,0.00104666896666127,0.12774183038396375,0.1840005783681412,0.0013550691236132,0.144513820095082,0.1934550854552832,0.0020509819214596155,0.1152931346304693,0.28217078771446724,0.16687765308399793,-0.0015070256144847083
W02000371,Cardiff 005,2025,10,0.2834663408827189,0.02132167361584807,0.5723856433683876,0.1949577717694666,0.00201513769598478,0.17883891296359303,0.12218700776518068,0.00129121062325747,0.14108112939809775,0.1979170044842141,0.0032000052255938597,0.10526441135648786,0.3288311674256287,0.22356675606914084,0.0029592327147474895
W02000372,Cardiff 006,2021,7,0,0,0,0.15301166483332282,8.206697842708735e-4,0.11311491821755298,0.16021426607161818,0.00199779189953954,0.17571537740379867,0.15789774996586542,0.0013633513824019268,0.0944371631649013,0.24038315387768228,0.14594599071278097,0.0048860851325426
W02000372,Cardiff 006,2023,5,0.5222030906214987,0.06614923199643358,1.0081855994505013,0.1849153087781653,8.455086996705732e-4,0.11485572940852053,0.21694969220292432,0.00203625537030176,0.17739113199499965,0.19198380775886725,0.0017823984822498147,0.12380716967282934,0.28314397373963945,0.1593368040668101,0.007068498980701943
W02000372,Cardiff 006,2025,11,0.3899580034663602,0.03954553849103894,0.7795192304375832,0.18490755115830437,0.00180980660428618,0.16978792610393517,0.15513682746752172,0.00198093325662192,0.1749754404721018,0.19470521664126827,0.002735300580492019,0.10989553392860843,0.31174261424880967,0.20184708032020124,0.009797665482963902
W02000373,Cardiff 007,2021,8,0,0,0,0.16172765218004556,0.00130116020314658,0.14255580727142347,0.16468610631082117,0.00199138035938226,0.17538373401059057,0.15175990872111653,0.0018153116513709847,0.08326306437663047,0.24384742454749625,0.16058436017086578,-0.009967743458929035
W02000373,Cardiff 007,2023,8,0.42244032684830635,0.04881353143118073,0.8660604387351706,0.1936309525478166,0.00131988747592273,0.14355638365044576,0.22142150896112472,0.00203273828370564,0.17718605449484448,0.18706195698875808,0.002611470742271296,0.10518750658935738,0.29772772111913487,0.1925402145297775,-0.006568995559058516
W02000373,Cardiff 007,2025,14,0.35447867896554264,0.02686278747332256,0.6424711414151659,0.19363063144300172,0.00229206440658952,0.1904622225460581,0.1596086343604292,0.00197747332209808,0.17477026716205432,0.19106940937001213,0.00388265967555334,0.09235224755596147,0.3517713904571247,0.2594191429011632,-0.0025612220729895885
W02000374,Cardiff 008,2021,8,0.16352208568012455,0.01383165457348628,0.4610151037270388,0.15757577519100494,0.00103455926129087,0.1266277167160203,0.14739363786827164,0.00164978297101032,0.15955293025651476,0.16092986224148212,0.0017329992136095478,0.09127241481749146,0.25907395322224097,0.1678015384047495,0.0033540870504771836
W02000374,Cardiff 008,2023,2,0.602367861552656,0.11485473062352332,1.3284723829303808,0.1894794418522441,0.0010599152804545,0.128273799101229,0.20412921004412543,0.00170118982339254,0.16201277878245873,0.19429011428664175,0.0022227367833650646,0.11356264848256806,0.30084709758629735,0.1872844491037293,0.004810672434397645
W02000374,Cardiff 008,2025,9,0.12483984995641914,0.01360781905158248,0.45726962079766925,0.1894752708744008,0.00202920696938319,0.1794346816964364,0.1423160257794503,0.00163427689431052,0.15880569168138858,0.19606442413977762,0.0031641492008681244,0.10606531707779342,0.3250641854367722,0.21899886835897875,0.006589153265376818
W02000375,Cardiff 009,2021,4,0,0,0,0.1713565545764657,0.00123016423490049,0.1385209307715497,0.15536097189711265,0.00201760661859541,0.17657120629035558,0.1634501968836916,0.0016826778234248295,0.10007726838301144,0.26140303494291467,0.16132576655990322,-0.00790635769277409
W02000375,Cardiff 009,2023,3,0.45016842819208247,0.09330004741602832,1.1973442113569215,0.20325994869850736,0.00125082540898196,0.1397184931794404,0.21209635100512367,0.00206187725726912,0.17848860322574162,0.19906011161670534,0.0022148202894853343,0.11520436780254752,0.31304628712657623,0.19784191932402873,-0.004199837081802021
W02000375,Cardiff 009,2025,9,0.4786412438280221,0.03650228213922832,0.7489245988728216,0.20325831522872076,0.00222246427288769,0.1877300007149732,0.15028356982773614,0.00200296390333047,0.1759293939955459,0.201623277701307,0.0032235667412830672,0.11031875976652018,0.33599284278228236,0.2256740830157622,-0.0016350375274137574
W02000376,Cardiff 010,2021,11,0,0,0,0.16907692916983497,8.428407522257029e-4,0.114313149518749,0.1667992011530521,0.0019613540080666,0.1740823913952958,0.16743923450975823,0.0014388464893416255,0.10608320394988352,0.2595178190257644,0.15343461507588085,-0.0016376946600767384
W02000376,Cardiff 010,2023,7,0.41781742694391755,0.03755448247644911,0.7596420155988169,0.20098061893180016,8.655641031767788e-4,0.11593585132079536,0.22353460374077205,0.00199717225003974,0.17565629309052827,0.20343233171798855,0.0019204910915170941,0.13250677498518015,0.3033708492026465,0.17086407421746636,0.002451712786188387
W02000376,Cardiff 010,2025,10,0.4900738685735866,0.04140697303203829,0.7976545161714241,0.20097238414870056,0.00183058072618528,0.17058714890116838,0.1617217217064097,0.00195119878102826,0.17363026644834834,0.20664372099194867,0.0028685050259444275,0.11627740421830138,0.3237888814221891,0.2075114772038877,0.005671336843248109
W02000377,Cardiff 011,2021,6,0.5182159042391264,0.0582144569815675,0.9457873741254131,0.1724296447827766,0.00122429408689671,0.1376569941041514,0.14031513386626135,0.00176463252428198,0.16500313479566392,0.18141941947709522,0.001997510095289602,0.10891504781940019,0.2835772343944123,0.1746621865750121,0.008989774694318636
W02000377,Cardiff 011,2023,3,0.264800086218664,0.05776414557143902,0.9421222564513881,0.20433336070354163,0.00125603487811942,0.13955439330996222,0.19705065482596792,0.00181491254343597,0.1673276290198163,0.22242312189138888,0.002669276539069351,0.13581842168063957,0.3311761786190295,0.19535775693838991,0.018089761187847248
W02000377,Cardiff 011,2025,11,0.10278574992280767,0.00956167453808583,0.3833055125872114,0.204333526293735,0.00222898895269307,0.18796480546766056,0.13523746999549738,0.00174581122273126,0.16412194478003994,0.2249139458532731,0.003712633700967973,0.12361149531676954,0.3505731577917143,0.22696166247494473,0.0205804195595381
W02000378,Cardiff 012,2021,5,0.13365947411566514,0.018358200350305,0.531120591458283,0.17202489785661548,0.00113894106408337,0.13254550348909094,0.15469250420140984,0.0018526797266185,0.1691214840672629,0.17657450708587774,0.002053504076013719,0.09991971532074082,0.27458236183704615,0.17466264651630534,0.004549609229262258
W02000378,Cardiff 012,2023,6,0.2532905120751764,0.03258189564346581,0.7075648674560578,0.20392845363740805,0.0011562326361307,0.13367813474683066,0.21142801688028295,0.00189186238018002,0.17089331981184916,0.2151397731320348,0.002816206649931357,0.12970694352380296,0.3385287812656061,0.20882183774180313,0.011211319494626754
W02000378,Cardiff 012,2025,6,0.4226705532265014,0.07315114090492444,1.0602020476740472,0.20392577500077536,0.00212752065286393,0.1835316934330427,0.14961496916183323,0.00183715766505538,0.16841700211761532,0.21826540296913366,0.003620840004587521,0.11901681212034727,0.3464286587711661,0.22741184665081882,0.014339627968358304
W02000379,Cardiff 013,2021,9,0,0,0,0.160572051964651,0.00166206349927146,0.1611399903992166,0.16161573116019834,0.00224372874174853,0.18619555054021408,0.15005596016475878,0.0020045426778343926,0.08211210703112778,0.24808231927595545,0.16597021224482766,-0.010516091799892213
W02000379,Cardiff 013,2023,1,0,0,0,0.1924752031991691,0.0016960296882566,0.16273861628278458,0.21835114628604524,0.00229435750302572,0.1882716133198267,0.18512635891750073,0.002604346942452805,0.10213059370646747,0.3048040872154131,0.2026734935089456,-0.007348844281668376
W02000379,Cardiff 013,2025,9,0.5307039623181139,0.04219997437590358,0.8052563909696856,0.19247737400711432,0.00267157050658833,0.20543347851202387,0.15653822157240938,0.00222911182471656,0.1855926685750289,0.18812414767247476,0.003267825566865464,0.0895921493143639,0.3170935886974213,0.22750143938305742,-0.004353226334639554
W02000380,Cardiff 014,2021,7,0,0,0,0.14454699540843477,7.200471851126558e-4,0.10607957932712624,0.13828214255158,0.00189253357869167,0.1710301655710051,0.1497940221351214,0.001082024250443343,0.09437981420959685,0.22303035994783427,0.12865054573823742,0.005247026726686643
W02000380,Cardiff 014,2023,4,0.3721170925603895,0.0646441406014491,0.9966499969791356,0.17645068447355008,7.507540720503095e-4,0.10830277440913844,0.19501764318130885,0.0019339816905035,0.1728800471340737,0.1830689575256785,0.0014495484184669386,0.11751806545428296,0.25999247558027255,0.1424744101259896,0.0066182730521284205
W02000380,Cardiff 014,2025,8,0.1703568835836895,0.02449801361732903,0.613540904911069,0.17644105885869624,0.00171233579140322,0.16528077146483153,0.13320465865174458,0.0018730666594376,0.1701543319373614,0.18509513227794896,0.0020511656003450174,0.11171275490238136,0.2875411345010278,0.17582837959864644,0.008654073419252728
W02000381,Cardiff 015,2021,1,0,0,0,0.16550649482646534,0.00126931545049194,0.14082545622834564,0.15754835589355506,0.00194400363993884,0.1732995117752426,0.15898822777413596,0.0015844859360443454,0.09003394095872919,0.24176354117140375,0.15172960021267456,-0.006518267052329385
W02000381,Cardiff 015,2023,4,0.25941958194310355,0.0522477044901706,0.8960076010275488,0.19740985994694044,0.00128918183041089,0.14193961371371056,0.21428372787097663,0.00198566739883616,0.1751375350293236,0.19530695310037852,0.002216280656799078,0.11342772507291937,0.30052037807420673,0.18709265300128736,-0.0021029068465619194
W02000381,Cardiff 015,2025,14,0.5257138832190421,0.02758597298479044,0.6510618380763935,0.1974089383421909,0.00226130635831734,0.1894074168180646,0.15247090845315686,0.00193318066614651,0.17281452663679786,0.1993325500451052,0.0032621143458605784,0.1036201934430579,0.32577599294868,0.2221557995056221,0.0019236117029143018
W02000382,Cardiff 016,2021,6,0.07653429651474196,0.00624813426685928,0.30985125781450557,0.16370908231878653,0.00141638451452943,0.14875262091007907,0.1324760265702223,0.00152930332840737,0.15356163121761465,0.15809811368604054,0.002014415974366548,0.08876945053141402,0.2569467612869061,0.16817731075549205,-0.0056109686327459884
W02000382,Cardiff 016,2023,3,0,0,0,0.1956123959000278,0.00144649157154042,0.15032138964812575,0.18921171674009613,0.00159930633023272,0.15702594531999514,0.19394857495952156,0.00278940165894904,0.11424142496810603,0.3115094787692445,0.1972680538011385,-0.0016638209405062387
W02000382,Cardiff 016,2025,14,0.22240470963156955,0.0190902187129934,0.5416060895669786,0.19561281290223628,0.00241997798843446,0.19568173003659492,0.12739826927755282,0.00152726051296304,0.15346394763403776,0.19729334757587774,0.0037850327641958978,0.10326888363256202,0.32752630683742234,0.2242574232048603,0.0016805346736414595
W02000383,Cardiff 017,2021,5,0.16868443322707682,0.02885570713132928,0.6658768975929745,0.1800726370210053,0.00122426237467741,0.13797958613817626,0.1497663184935419,0.00187034421059349,0.16992987878793286,0.17036248000966633,0.0020797241265759193,0.09245291300567637,0.27614341329103376,0.18369050028535738,-0.009710157011338955
W02000383,Cardiff 017,2023,5,0.3056848391145617,0.05698457957208019,0.9357433747362865,0.21197608542184876,0.00124429529770089,0.13917106063925233,0.2065018329279302,0.00191711072865689,0.17203111531268225,0.2066540592010219,0.0026351420301020017,0.12362493242867817,0.3216793771719815,0.1980544447433033,-0.005322026220826864
W02000383,Cardiff 017,2025,8,0.16695039187655963,0.02234482601391983,0.5859581179164526,0.2119738214961774,0.00221588755512693,0.18732576997609496,0.14468878018538506,0.00185454641706323,0.16921393109306687,0.21154105727020656,0.0036766971506658956,0.10939482429301489,0.351702891134756,0.2423080668417411,-4.327642259708553e-4
W02000384,Cardiff 018,2021,6,0,0,0,0.1551802154048781,8.727579831478255e-4,0.11660817051342467,0.13691186316266693,0.00188431198497682,0.17062801164392422,0.1500320234875598,0.001340156580777122,0.08431526817883386,0.22483295847097912,0.14051769029214525,-0.005148191917318301
W02000384,Cardiff 018,2023,3,0,0,0,0.18708381490920817,8.930173054108799e-4,0.11799660688273642,0.19364738156241423,0.00192324650229321,0.1723712230289874,0.1841717235732133,0.0019818613048931157,0.10436098269887313,0.282469804153508,0.17810882145463486,-0.0029120913359948764
W02000384,Cardiff 018,2025,10,0.2046289437144066,0.01771383392246868,0.5217162584002077,0.18707701775333552,0.00185841463741938,0.1719675202571726,0.13183436400947934,0.00185833694617791,0.16945554523208417,0.18660686372646085,0.002872646074436814,0.0978475103380203,0.3035387178013569,0.20569120746333658,-4.7015402687466956e-4
W02000385,Cardiff 019,2021,4,0,0,0,0.15824451388530486,9.3328021174887e-4,0.12061393484735988,0.14036836580477632,0.00182727484611708,0.1679811964256012,0.1616041423096619,0.0014621543800092337,0.09497329981911307,0.24142068752348955,0.14644738770437649,0.003359628424357053
W02000385,Cardiff 019,2023,2,0,0,0,0.1901480972558468,9.54367389712614e-4,0.12200823075746375,0.197103937944712,0.00186925921365407,0.16988908395427174,0.188212245005553,0.001830401249810439,0.10943544608995158,0.27983250442391294,0.17039705833396135,-0.0019358522502938014
W02000385,Cardiff 019,2025,12,0.16290038484607827,0.01240023836400937,0.4365089004459518,0.19014227762728408,0.0019211066234671,0.17479441828413356,0.13529080614303154,0.00179911375287417,0.16668920607833093,0.19460058703577968,0.0028561946818776367,0.10755303030704036,0.3227792028110098,0.21522617250396944,0.004458309408495592
W02000386,Cardiff 020,2021,8,0.5833751796469482,0.03986579755713218,0.782669329078,0.17762240277502891,0.00140929800517333,0.14718873419271378,0.17213695427256917,0.00206400137020021,0.17852338148748895,0.18468287940221542,0.0024041450171574286,0.10617107706132077,0.29434665268637344,0.18817557562505266,0.007060476627186507
W02000386,Cardiff 020,2023,1,0,0,0,0.20952591671769505,0.00143549567647108,0.14871111202407597,0.22887238380911248,0.00210306317801489,0.180201114418718,0.22267597761689098,0.0031266037194681686,0.1299819336021094,0.3439058593556123,0.21392392575350289,0.013150060899195931
W02000386,Cardiff 020,2025,13,0.29112509940266035,0.03143101625458684,0.6949559831660217,0.2095282526884462,0.00241097850054831,0.1950985319008256,0.16705948508717922,0.00204907653680545,0.1778769213218165,0.22527485411357095,0.004088211716665309,0.11765764864329223,0.36805636643266726,0.25039871778937506,0.015746601425124768
W02000387,Cardiff 021,2021,8,0.41316164609251266,0.04486244811532508,0.8302704307165178,0.1834778240481743,0.00102902034821727,0.125556691442572,0.1881119296646263,0.00193672920095138,0.17289858963188448,0.19171160889889433,0.001721045141388464,0.12638849409548764,0.2823317818676776,0.15594328777218996,0.008233784850720016
W02000387,Cardiff 021,2023,7,0.3488570154499443,0.03501122100685774,0.7334689189326703,0.2153816889672832,0.00104949668104914,0.1269566885081817,0.24484739124617036,0.00196987544754864,0.1743703148614833,0.2280980454560869,0.0023345221161900406,0.15158918105517993,0.33386518357427786,0.18227600251909792,0.012716356488803676
W02000387,Cardiff 021,2025,11,0.4545101788241111,0.02629343793842477,0.6356261766004775,0.2153770688120759,0.00201976047612593,0.1788481237911584,0.1830344366488741,0.0019203444365561,0.17216417958694522,0.23302593853437656,0.003394185338661563,0.1398263466897296,0.3698037092929719,0.2299773626032423,0.017648869722300647
W02000388,Cardiff 022,2021,8,0.03079413991411704,0.00116276356308988,0.13366687466703706,0.15050737250137425,0.00111060185501923,0.13168988404511484,0.07320734108301827,7.289031263800726e-4,0.10591428105908392,0.15288836112570067,0.0014663186024505637,0.09199203150799759,0.23585910329914003,0.14386707179114244,0.0023809886243264244
W02000388,Cardiff 022,2023,2,0,0,0,0.18241080101032325,0.00113940576574487,0.13339369561076325,0.12994335473605417,8.283281510732786e-4,0.1128994193812704,0.18649798050761413,0.0019276292325915503,0.11764224220095944,0.2823776628756689,0.16473542067470948,0.0040871794972908715
W02000388,Cardiff 022,2025,12,0.2558509811794808,0.02042176886851218,0.5601763442135799,0.18240831865461068,0.00210927129669945,0.18290613646897397,0.06812912799910127,7.511919600032193e-4,0.10752725048504903,0.19002231158272456,0.0029538163941809463,0.1075144360940854,0.2999825423222493,0.1924681062281639,0.007613992928113877
W02000389,Cardiff 023,2021,5,0.11713845390239466,0.0136158054645015,0.45740378661512865,0.17913892428133496,8.695792996986779e-4,0.11612651212471582,0.0731584095274379,6.446884477527932e-4,0.09958793591223514,0.1700826469128796,0.0015699674067688402,0.10903388108532519,0.2589082199778731,0.14987433889254792,-0.009056277368455351
W02000389,Cardiff 023,2023,2,0,0,0,0.21104272101868585,8.926397262876695e-4,0.1177570764501304,0.12989456869341298,7.014685944861793e-4,0.10386760490924174,0.2082275742949723,0.0021752839606332098,0.12995116269950846,0.32187246010402687,0.1919212974045184,-0.002815146723713552
W02000389,Cardiff 023,2025,14,0.02866268919409662,8.613061685194141e-4,0.11504211712893957,0.21103581996585763,0.00185845853795793,0.17195998691601122,0.06808016622624453,5.979784075462267e-4,0.0959149367535349,0.21173584730733447,0.0029968341508271336,0.12283208518719321,0.3277955869539313,0.20496350176673808,7.000273414768388e-4
W02000390,Cardiff 024,2021,6,0.20692314337625012,0.03299166017010988,0.7120002920499726,0.16688047626330657,0.00124492744221915,0.13895524816709093,0.16563678403357485,0.00198663175157718,0.17515261380992686,0.178816469369598,0.0023699564378198987,0.09914512666101376,0.28779490355303944,0.18864977689202567,0.011935993106291426
W02000390,Cardiff 024,2023,2,0.5887097278005532,0.11737122689426338,1.3429471096787982,0.19878398032272496,0.00126909418009491,0.14039743132699614,0.22237224278074105,0.00202899060376599,0.17700467461608924,0.2076355386701695,0.002818871805669519,0.12184797258749017,0.331009910558056,0.20916193797056584,0.008851558347444555
W02000390,Cardiff 024,2025,15,0.3711698198875468,0.03087849530775885,0.6888206389757854,0.19878230806561645,0.00224133987551707,0.1883664751111568,0.16055931435333834,0.00197072102959291,0.1744523433961762,0.21022923436376084,0.0037611984919763935,0.11677361231010988,0.3520272022148617,0.23525358990475184,0.011446926298144394
W02000391,Cardiff 025,2021,4,0.17284998566812504,0.02790491275449387,0.6548147012444068,0.2059181797648183,0.00105597622905849,0.12799067134580372,0.2118162246326742,0.00275274644221498,0.2060084296981075,0.22178612112247487,0.0030494701662398317,0.12407264096049261,0.33924135560848434,0.21516871464799173,0.015867941357656568
W02000391,Cardiff 025,2023,1,0,0,0,0.2378218460177544,0.00107867532631826,0.1294496247619838,0.26855190766599557,0.00280787871350672,0.2080558770155157,0.257791284565631,0.0038961539157703648,0.15199719857195287,0.3978997477995116,0.24590254922755872,0.019969438547876583
W02000391,Cardiff 025,2025,8,0.30740845692023927,0.05275273998707581,0.9003276699938438,0.2378182902489988,0.00204819734001927,0.1802863929727319,0.2067384453698205,0.00273426433484789,0.20531973694479105,0.26463666733140484,0.00515333706360173,0.14958993267521947,0.4235491747871977,0.27395924211197825,0.02681837708240603
W02000392,Cardiff 026,2021,8,0.16956164171937987,0.0234886960036483,0.6007690353199558,0.1668373302995375,8.535653034905145e-4,0.1149844613727978,0.1711901100157176,0.0018503419381102,0.169055854157936,0.17093942518738178,0.0014065772862320624,0.10940287325029865,0.2554537424905817,0.14605086924028307,0.004102094887844271
W02000392,Cardiff 026,2023,5,0.3079183300702689,0.04159946918620508,0.7995064673698166,0.19874114201027704,8.783484949793084e-4,0.116742514099842,0.22792558874189703,0.0018897174524096,0.1708387945805407,0.2045691686204007,0.0018558308273922438,0.1341947400475705,0.29839857952452686,0.16420383947695635,0.00582802661012366
W02000392,Cardiff 026,2025,7,0.556312319786682,0.05186395766494042,0.89271105660923,0.19873278450284249,0.00184377813313656,0.17120712685085737,0.16611260949348955,0.00183741695480806,0.16846840689420772,0.20710418278897608,0.0027693098049857185,0.12106012643947117,0.3259529009486617,0.20489277450919052,0.008371398286133591
W02000393,Cardiff 027,2021,5,0,0,0,0.16491763922537608,0.00108514241848427,0.1302753049335702,0.16869425716838152,0.00197647003950842,0.17474459360728758,0.15593423102657852,0.0016028674395137973,0.08815656075900317,0.24420635067808344,0.15604978991908025,-0.00898340819879756
W02000393,Cardiff 027,2023,4,0,0,0,0.1968207932291021,0.00110966592127973,0.1317031725805528,0.22542969153906373,0.00202165662890995,0.1767203920585717,0.19103726187063527,0.0022508311117748524,0.10866807163562,0.2937321288683278,0.18506405723270777,-0.00578353135846682
W02000393,Cardiff 027,2025,15,0.4022961260797456,0.02342310086882338,0.59992958733688,0.19681762524729385,0.00207941621672628,0.1817734172047864,0.16361678106644478,0.00196210465601166,0.1741096775561265,0.19487981067131505,0.003229913452996379,0.10828931055464888,0.3232513181227783,0.21496200756812942,-0.0019378145759788024
W02000394,Cardiff 028,2021,5,0,0,0,0.20921018786349233,9.69699685102597e-4,0.1227853364525206,0.2432128931574538,0.00356199365563541,0.23429323548440645,0.2210761306945808,0.0024920580022486597,0.1345985038315756,0.3274499414986273,0.19285143766705168,0.011865942831088466
W02000394,Cardiff 028,2023,3,0.4976859850854756,0.09640807456576318,1.2171239023645666,0.24111386525189105,9.901591322357265e-4,0.12412322015594872,0.29994860213539326,0.00361035512488458,0.23587538475697645,0.26783463657018763,0.003198287296168029,0.1714584883711104,0.3859912969482698,0.21453280857715937,0.026720771318296588
W02000394,Cardiff 028,2025,10,0.5047138276525701,0.04402893107287459,0.8225213082604673,0.2411083407000538,0.00195761792089702,0.17628562239401846,0.2381350498030603,0.0035401070133606,0.2335746940452024,0.2691157142564691,0.0044711438251124795,0.15776681228321632,0.41759796895542256,0.25983115667220624,0.028007373556415277
W02000395,Cardiff 029,2021,6,0.3244584508651281,0.04226143374591339,0.8058425589118988,0.18242393778623184,0.00122873019764901,0.13807443359044297,0.1536460013414878,0.00169222562672455,0.16154209384179102,0.17527929286087238,0.002115185228660389,0.09995773180005935,0.29422147448533564,0.1942637426852763,-0.007144644925359461
W02000395,Cardiff 029,2023,3,0,0,0,0.2143274405487753,0.00125221153951506,0.13947933573951854,0.21038169000234075,0.00174127777806578,0.16385683383409289,0.21329119870406152,0.0027221511229633985,0.1278896250302938,0.3407818432713803,0.21289221824108648,-0.0010362418447137922
W02000395,Cardiff 029,2025,7,0.08246422989637363,0.00686155437429759,0.3247052729773129,0.21432534522997884,0.0022241173240763,0.18763001001214535,0.14856826067782686,0.00166593818931528,0.16028617547552726,0.21572987921149434,0.003707213725164017,0.11454997930101933,0.35651917917613263,0.24196919987511328,0.0014045339815154934
W02000396,Cardiff 030,2021,4,0,0,0,0.1969227797821163,0.0010359742683654,0.1269807741770213,0.18579388983439393,0.00220038319311013,0.1842317758224325,0.19121363618969806,0.0022217138259808897,0.1087711093771583,0.2938563279956824,0.18508521861852412,-0.005709143592418253
W02000396,Cardiff 030,2023,6,0.17154133574073277,0.02465092343158432,0.6154527025028489,0.22882632407404155,0.00105307272669916,0.12806485599416878,0.24252953023939405,0.0022333038014684,0.18559663701178333,0.22994179709976584,0.0028816418905942102,0.1348667626162685,0.34528142373140946,0.21041466111514096,0.0011154730257242895
W02000396,Cardiff 030,2025,7,0.21053658235672584,0.02507284485106603,0.620697353024879,0.22882185563047724,0.00202165725028809,0.17909509037033788,0.18071619163555247,0.00216914654588293,0.1829251746244487,0.23383701417726432,0.003932747939018392,0.12907652932993713,0.37074138588370315,0.24166485655376602,0.00501515854678708
W02000397,Cardiff 031,2021,10,0.13461226956242411,0.01630492688944871,0.500538530865489,0.17611377386814642,0.00111901109165282,0.1319101456868049,0.13925597558101496,0.00149276285620407,0.151726992284976,0.17061419323032317,0.0017676890638086073,0.10904312420550746,0.2642578485894415,0.15521472438393405,-0.005499580637823243
W02000397,Cardiff 031,2023,7,0.1246061028444968,0.00877025134046161,0.36709976503136427,0.20801722941505243,0.00114393954794205,0.13342788492032265,0.19599163864195,0.00151821574208797,0.15300375841527447,0.20723988736913515,0.0022694988703258535,0.13262262748112558,0.3130724071728654,0.1804497796917398,-7.773420459172842e-4
W02000397,Cardiff 031,2025,11,0.23207340116475697,0.02085811008193523,0.5661292112486659,0.2080133797673261,0.00211390473276125,0.1829327853857408,0.13417825161263777,0.00147759920673121,0.15095876342827905,0.21090501285664634,0.00321649360001796,0.12196918894839465,0.33046803489445464,0.20849884594606,0.00289163308932025
W02000398,Cardiff 032,2021,7,0,0,0,0.23189243366317255,0.00102199246563444,0.12589703182788964,0.2343830121330512,0.00265677232252308,0.20219726587461756,0.25027013647712293,0.003850228725073239,0.1426096783583409,0.3786687749425962,0.2360590965842553,0.018377702813950375
W02000398,Cardiff 032,2023,3,0.8422381412483302,0.02677104679277708,0.6413731327123974,0.2637961929263882,0.00104506032575138,0.12737383187009418,0.2911189534550065,0.00270087999224492,0.2038661658726244,0.2963381063408193,0.004489501250054928,0.17004428584305153,0.43276902946109186,0.2627247436180403,0.032541913414431134
W02000398,Cardiff 032,2025,12,0.08403365903910262,0.00683727694912481,0.3241303308593264,0.2637909439498014,0.00201357486993494,0.17860828077686106,0.22930480847728135,0.00263426360380799,0.20133825598325183,0.2972476920081603,0.005661038958738085,0.16697501929189135,0.46226705247649746,0.2952920331846061,0.03345674805835891
W02000399,Cardiff 033,2021,7,0.2355382443273811,0.02513088401112957,0.6214153395480179,0.23444659874002408,0.00125189237341077,0.13868852854963487,0.1682845193675481,0.00163753023927031,0.15878529705313096,0.23918033746616166,0.003845009263015744,0.1459554638224108,0.3694620928362321,0.2235066290138213,0.004733738726137582
W02000399,Cardiff 033,2023,6,0.5579520449133508,0.04881885396032232,0.8661076541909982,0.2663503598623147,0.00127235550470621,0.13995065663047948,0.22502041901952605,0.00168217912085752,0.16092983745298078,0.2900767535764454,0.004743152148924233,0.18295302210017098,0.43785949867860374,0.2549064765784328,0.02372639371413071
W02000399,Cardiff 033,2025,9,0.06388966893256559,0.00429808593693086,0.2569896506439465,0.2663484362785481,0.00224558789072364,0.1882991342878886,0.16320647269514307,0.00160090193420946,0.15700177796144393,0.29198951280614815,0.005651925344187045,0.1764455006364654,0.4647153909275169,0.2882698902910515,0.02564107652760006
W02000400,Cardiff 034,2021,5,0.13383546070830082,0.01711177691599993,0.5127735811124361,0.19832939212204337,9.668739888728932e-4,0.12187302951350935,0.1960326060509602,0.00206538399543598,0.17847906861185173,0.19791738960036803,0.00207104278594758,0.12203006795972786,0.3104560653119129,0.18842599735218502,-4.1200252167533646e-4
W02000400,Cardiff 034,2023,7,0.6402190307054487,0.04311052641822286,0.8138975659726456,0.2302333689673279,9.889648155941423e-4,0.1234012011734863,0.2527681805319664,0.00210484091436727,0.18017423092080104,0.23999187887430026,0.0026839450117013253,0.1532253097156998,0.35540242920818266,0.20217711949248285,0.009758509906972357
W02000400,Cardiff 034,2025,10,0.5653953957252704,0.04022768465745965,0.7862136963027292,0.23022805254266884,0.00195796169344947,0.17626227148660611,0.19095495576561608,0.00205731739253763,0.17812990301899434,0.24326128015543336,0.0038090268994190562,0.14616566903903477,0.3777422633495068,0.231576594310472,0.013033227612764514
W02000401,Cardiff 035,2021,9,0.4940242110912581,0.04708333986320062,0.8505732448771975,0.18807854188779968,0.00154639360436312,0.15467031007377524,0.189958958314309,0.00201527290530828,0.1763202447405714,0.1885896250582271,0.0027103652198113685,0.11099867850306577,0.3077021227674829,0.1967034442644171,5.110831704274177e-4
W02000401,Cardiff 035,2023,4,0.22040819235405973,0.04093696539318296,0.793114535996139,0.21998197575211215,0.00157550869608549,0.1562318467254236,0.246694492393066,0.0020495256150787,0.17780869668022892,0.22944036608123106,0.0035942325182742882,0.13829060189888365,0.364212149974861,0.22592154807597736,0.00945839032911891
W02000401,Cardiff 035,2025,16,0.27424028104590087,0.01579222912273057,0.4926061220161031,0.21998171202586053,0.00255069010280152,0.20049783825049505,0.18488135475356637,0.00199459240424054,0.17541395267029858,0.23273984158520872,0.004581781984932361,0.13186529087358503,0.3908564782514229,0.2589911873778379,0.012758129559348186
W02000402,Cardiff 036,2021,6,0,0,0,0.21405100241664,0.00114690387900872,0.13357599655117325,0.1812727007292084,0.00257600995698928,0.1993971508580274,0.19629617646542022,0.002430792474190924,0.11108323593696835,0.30387009288322026,0.19278685694625192,-0.01775482595121977
W02000402,Cardiff 036,2023,8,0.525760269019592,0.05114663362583142,0.8865160729298951,0.2459545010619885,0.00116503123510488,0.13465923951821698,0.23800828738610477,0.00260852113802758,0.20064318839505743,0.2435771682233056,0.0032780121180344623,0.1422764753856789,0.36463985923901665,0.22236338385333776,-0.002377332838682883
W02000402,Cardiff 036,2025,8,0,0,0,0.24595138338780723,0.00213528215535629,0.18384761150073997,0.1761950809033785,0.00254904275373857,0.19835629966138285,0.24522023179294286,0.004006894984457595,0.139923179273668,0.3890755165630243,0.2491523372893563,-7.311515948643654e-4
W02000403,Cardiff 037,2021,7,0,0,0,0.17996567236014813,0.00115454721431582,0.13424180548813108,0.15453082652834502,0.00204213456850718,0.1776254179011108,0.17270047857080656,0.0019040282528809947,0.1009667048144346,0.2601236527751945,0.1591569479607599,-0.0072651937893415675
W02000403,Cardiff 037,2023,3,0.20121196781533016,0.04029677931993272,0.7868886029524639,0.21186905032915865,0.00118105479901536,0.13578766406841214,0.2112662771090532,0.00208681469167461,0.17954302374131675,0.21168116257063813,0.0025918183769232384,0.1216169841592934,0.31882337552678,0.19720639136748658,-1.8788775852052186e-4
W02000403,Cardiff 037,2025,9,0.3884071760766388,0.05166504358565265,0.8909975025860661,0.2118665262493872,0.0021515763360141,0.1847080130281673,0.14945332928201688,0.00203133449229045,0.17715609404329663,0.21548661291971902,0.003565882050241904,0.10950625434678476,0.345998583846706,0.23649232949992124,0.0036200866703318124
W02000404,Cardiff 038,2021,7,0,0,0,0.17958242375584324,0.00104158224118117,0.12751988957427146,0.1797843587468785,0.00226872313052223,0.18716946896016737,0.15717979553010025,0.0015876903712815922,0.0910400083644704,0.2428744542071482,0.1518344458426778,-0.022402628225742988
W02000404,Cardiff 038,2023,4,0,0,0,0.2114857047707983,0.00106557610963833,0.1289437972816675,0.2365198834669499,0.00231802171331346,0.18917985218693084,0.1930381774763156,0.0021185581850495603,0.11132058139179613,0.28494290685363916,0.17362232546184303,-0.018447527294482707
W02000404,Cardiff 038,2025,11,0.3044993808990656,0.03084581377540834,0.6884560215700947,0.2114825354804021,0.00203456890870562,0.1797424355485508,0.1747067876025828,0.00225895970414334,0.1867664922026743,0.19611333955190302,0.0029405666776284416,0.11306546033138916,0.3273737695422828,0.21430830921089367,-0.015369195928499085
W02000405,Cardiff 039,2021,11,0.12852043024098997,0.01414476040138025,0.46620388076671826,0.17714077645194812,0.00124344921425656,0.13927476785492365,0.16812588334356643,0.0018629311126314,0.1695196906869874,0.16429652780141557,0.002189386285348785,0.09056636635848014,0.2742808513788078,0.18371448502032767,-0.012844248650532547
W02000405,Cardiff 039,2023,3,0.49225564432170416,0.09429754806456342,1.2037277894647862,0.2090441384915542,0.00127824347022013,0.14118128384012346,0.2248614823927986,0.00191846903505776,0.1720191339573328,0.20172793583460114,0.002991523057243525,0.11000026812326441,0.32701329360493125,0.21701302548166684,-0.007316202656953069
W02000405,Cardiff 039,2025,12,0.17633801530263452,0.01849512225202716,0.5330975539800042,0.20904393506493665,0.00224988984409183,0.18862194150113895,0.16304821454712215,0.00185397981252975,0.1691143394861574,0.20640533493653845,0.0038525822117480455,0.11020694679914061,0.34434292859690596,0.23413598179776535,-0.0026386001283981997
W02000406,Cardiff 040,2021,7,0,0,0,0.18066123859375657,0.00158015897665939,0.15704215501041008,0.174377336637526,0.00200709481488045,0.17596851147153547,0.1680273024592633,0.0024075350134384332,0.09106525434146046,0.2818651997526342,0.19079994541117373,-0.012633936134493262
W02000406,Cardiff 040,2023,2,0.5671503834768972,0.1206515425854046,1.3615842720816882,0.21256449524516752,0.00161018973712685,0.1585525693036871,0.23111293030551588,0.00205364477112383,0.17798769510272858,0.20522549293144052,0.0030779906708666253,0.11478634439710356,0.3194954357836307,0.20470909138652715,-0.007339002313727
W02000406,Cardiff 040,2025,12,0.13115748284013626,0.0104657264495303,0.40101699307894656,0.21256507557383203,0.00258504915670124,0.2021419957693485,0.16929967849240246,0.00198388577068618,0.1749505072893155,0.20851327827940241,0.0040640979607419105,0.10537352585642598,0.3566078856484818,0.2512343597920558,-0.0040517972944296154
W02000407,Cardiff 041,2021,7,0,0,0,0.15006991963395253,0.00171064292332722,0.16311671101278302,0.1441615551865368,0.00230909492882006,0.18896408895974348,0.14356793558771835,0.0019660612713085575,0.06538510753970495,0.23452967494949423,0.16914456740978928,-0.006501984046234172
W02000407,Cardiff 041,2023,6,0,0,0,0.18197311937926405,0.00174136248210482,0.16449004282753665,0.200897009489702,0.00235869859062607,0.19096541908288575,0.1751890420646486,0.0026786047972110322,0.0823893034906506,0.2736389190091605,0.19124961551850989,-0.006784077314615444
W02000407,Cardiff 041,2025,4,0,0,0,0.1819769547021726,0.0027175181841826,0.2068650776271701,0.1390841357086516,0.00229647770900182,0.18845117726180485,0.1783183200499592,0.003280713894424314,0.08220657086114234,0.3049219862593431,0.22271541539820072,-0.0036586346522133883
W02000408,Cardiff 042,2021,5,0,0,0,0.19797856881381648,0.00118135624666708,0.13580270978998804,0.1313584589444591,0.00183226212001203,0.16799362349298266,0.17437720565653153,0.0023579719108965105,0.09152501000869637,0.2733786443018522,0.18185363429315585,-0.02360136315728495
W02000408,Cardiff 042,2023,3,0,0,0,0.2298818882484997,0.00120419053895534,0.13710919883505718,0.18809431516250325,0.00187140911721579,0.16977204590885747,0.21330853815233186,0.0031874643512903424,0.11833231514601364,0.32599564749925913,0.2076633323532455,-0.016573350096167838
W02000408,Cardiff 042,2025,11,0.07104526300740088,0.00488787411992192,0.2740552291230115,0.22987949216938508,0.00217514701071962,0.1857369397446914,0.12628048934357358,0.00178925916490033,0.16601433377436556,0.21785860957623804,0.004023762514796277,0.11487836373109203,0.35356306604577514,0.2386847023146831,-0.012020882593147042
W02000409,Cardiff 043,2021,8,0,0,0,0.17045669180009915,0.0012736250125448,0.1409365470968654,0.16512744448426597,0.00187546529586591,0.17016108513134526,0.1653133144438187,0.0016014356379385154,0.0979124155120644,0.25708476703384414,0.15917235152177975,-0.005143377356280454
W02000409,Cardiff 043,2023,3,1,4.36794170409636e-33,2.590696291538526e-16,0.2023601257910005,0.00130799539286599,0.1428590214176661,0.22186291788803808,0.00192229834337775,0.17226367220664712,0.20211388526080556,0.002187742330056258,0.1257449622512761,0.3095899779766552,0.18384501572537912,-2.462405301949244e-4
W02000409,Cardiff 043,2025,12,0.19153745556896415,0.01236439744549229,0.43587761415128556,0.202359121210311,0.00228012947814255,0.1899885757913842,0.16004991336214433,0.00185987569818941,0.1694519682047668,0.205393967852748,0.003027808448405349,0.11562599047141331,0.3231883012458918,0.2075623107744785,0.003034846642437
W02000410,Cardiff 044,2021,4,0,0,0,0.1989691283585281,0.00153024433733041,0.15444531397013753,0.14250309270102757,0.00178924338329763,0.1660223950979462,0.18823004103458182,0.0027545543805370582,0.10294296476409509,0.30872082435893816,0.20577785959484307,-0.010739087323946267
W02000410,Cardiff 044,2023,4,0.45561540617658025,0.06306380517691158,0.9843922199273676,0.23087244674420523,0.00155548894692691,0.15576009066545654,0.199238901899529,0.00183059389783907,0.1679235917274055,0.2289669864207827,0.003637535119073183,0.12416961272995702,0.3709953844305394,0.2468257717005824,-0.0019054603234225365
W02000410,Cardiff 044,2025,13,0.07258993377153926,0.00504197862583933,0.27834189958381567,0.23087278517103427,0.0025300986115543,0.20001460560968765,0.13742517379416977,0.00174747102900257,0.16407672691250247,0.23270581835942583,0.004728178981366356,0.12121400978668068,0.39263386389711685,0.2714198541104362,0.001833033188391564
W02000411,Cardiff 045,2021,6,0.12390080101473344,0.01519457361976722,0.4831949041881175,0.16919136982710642,0.00177974653649213,0.16673510751533696,0.16601992742497285,0.00182835831224815,0.16798051598862423,0.1681468560246985,0.002469192385735947,0.08534857244143118,0.27983398309568086,0.19448541065424968,-0.0010445138024079148
W02000411,Cardiff 045,2023,2,0.714266673441121,0.08338826032321775,1.1319586002340591,0.20109464700788884,0.00181460008796567,0.16836207738674386,0.22275539306964176,0.0018786074940251,0.17026941428954795,0.20546235494356935,0.003362011469197464,0.10633674336475421,0.32750304914507533,0.22116630578032112,0.004367707935680504
W02000411,Cardiff 045,2025,13,0.33818330501675087,0.01760608880566301,0.5201271580697868,0.20109699158824715,0.002790706563557,0.20992961347093,0.16094235829646977,0.00182093468189915,0.1676367894689026,0.20858703056358352,0.0040475694143867645,0.09276997418663553,0.3566020145762595,0.263832040389624,0.007490038975336372
W02000412,Cardiff 046,2021,7,0,0,0,0.17898939907553366,0.0011772170736137,0.1355831530996217,0.1418940462641256,0.00174266878912212,0.16398928234520138,0.16450847956882567,0.002005970849438075,0.09351678138941442,0.2664722740157319,0.1729554926263175,-0.01448091950670799
W02000412,Cardiff 046,2023,2,0,0,0,0.210892707314852,0.00120519093504611,0.1371723763433627,0.1986296685634591,0.00178907666564546,0.16614628305828208,0.20079221976028683,0.0026258167691139275,0.11717593612702316,0.33161842126568797,0.21444248513866482,-0.010100487554565163
W02000412,Cardiff 046,2025,14,0.12874926305241097,0.00829752134970795,0.35706910579737033,0.21089062711258624,0.00217609203447988,0.1857409221172906,0.13681639655609756,0.00171796342150546,0.16282607863314758,0.20397943779753946,0.0035051876386074225,0.10692681901343218,0.345483958805966,0.23855713979253382,-0.0069111893150467785
W02000414,Powys 020,2021,17,0.13931155955565344,0.00650849234472328,0.3162410809939621,0.1149654822535328,5.757820582065944e-4,0.09491915682642568,0.13006826843188674,0.00140854892368547,0.14739364785431736,0.12020971128997279,6.812385302478478e-4,0.07280767350351608,0.1786842759027749,0.1058766023992588,0.005244229036439993
W02000414,Powys 020,2023,8,0,0,0,0.14686927490872975,6.058122345159385e-4,0.09730463220902126,0.1868038769454302,0.0014703132787369,0.1505857227592956,0.1477137166890022,9.788628615784256e-4,0.09485932059870442,0.20878918992498724,0.11392986932628282,8.444417802724591e-4
W02000414,Powys 020,2025,25,0.2288125222915825,0.01231107645818973,0.4349367459875181,0.14685823665556175,0.00156250431037517,0.1581066570537112,0.12499055545120392,0.00140587651275685,0.14725441296934683,0.1491804406391734,0.0013680147478107641,0.08360071216314399,0.22874816830425804,0.14514745614111405,0.0023222039836116593
W02000415,Merthyr Tydfil 008,2021,14,0.19585793791323836,0.01237457231515581,0.43605692276294655,0.16314587348389295,7.760996971824392e-4,0.10997168447253156,0.12124290570518984,9.723350324759676e-4,0.1223592644897391,0.16088663941612252,0.0013677689464831376,0.09969288523689088,0.24031319092518555,0.14062030568829467,-0.002259234067770427
W02000415,Merthyr Tydfil 008,2023,10,0.21482493393678545,0.01873793826518991,0.5365855690584148,0.1950495385603186,8.043565248195411e-4,0.11199516090437368,0.17797877902477202,0.00102167185718837,0.12541909857780886,0.1965029703095473,0.0018517298253198705,0.12711742614403612,0.28586307550466816,0.15874564936063204,0.0014534317492287119
W02000415,Merthyr Tydfil 008,2025,32,0.0968178672010492,0.00212990939563256,0.18090836614299502,0.19504127604489088,0.00176780766629853,0.16779959574113124,0.11616486970372698,9.47782647894045e-4,0.1208037524997378,0.19975374992027642,0.002697373913277982,0.1153151274377747,0.32248595936561186,0.20717083192783717,0.004712473875385537
W02000416,Powys 021,2021,23,0.07227103201458769,0.0027983293569637,0.20736120168937602,0.1157589666630289,6.081276100198436e-4,0.0972704936760469,0.08509331291415276,8.395488163942481e-4,0.11370386386430612,0.11543355559569808,5.856515990379888e-4,0.06712566726585906,0.16141370152593312,0.09428803426007407,-3.2541106733081915e-4
W02000416,Powys 021,2023,8,0,0,0,0.14766249977081666,6.428579543451761e-4,0.09991356719990065,0.1418292145576552,9.103970858382674e-4,0.11839929265892568,0.14253693710010737,8.914219786974351e-4,0.08464295975606714,0.20263474213268068,0.11799178237661354,-0.005125562670709294
W02000416,Powys 021,2025,25,0.08284698841206274,0.00294160090819805,0.21260328083789531,0.14765603238646752,0.00160140085558813,0.15981133499750835,0.08001529490351049,8.330026950440806e-4,0.11326222436752773,0.144654706415015,0.0014035490552537701,0.08102907263680595,0.23285066918779043,0.15182159655098448,-0.0030013259714525287
W02000417,Neath Port Talbot 020,2021,17,0.17453315070401065,0.0163979100923879,0.5019637292289262,0.11963309169227147,8.959617019823497e-4,0.118097097245815,0.10636365718909165,0.0018019621357161,0.16687029438620615,0.12231804156606868,9.669519891719213e-4,0.06881398898248929,0.1908701796882316,0.12205619070574232,0.002684949873797207
W02000417,Neath Port Talbot 020,2023,7,0,0,0,0.15153638353790916,9.314670140970864e-4,0.1203244178850819,0.1630991279151098,0.0018582500925594,0.16944223933535782,0.14972229934487927,0.0013205706800093235,0.08845371666917401,0.22965709620746338,0.14120337953828938,-0.0018140841930298912
W02000417,Neath Port Talbot 020,2025,13,0,0,0,0.15153484523570457,0.00189796275012285,0.17344720026265026,0.1012861888957571,0.00179842156812057,0.16670806304913977,0.1513718724637813,0.0016410023826964439,0.08427032983787158,0.23884467052841474,0.15457434069054315,-1.6297277192325876e-4
W02000418,Carmarthenshire 027,2021,13,0.25890622374747385,0.02011824679180617,0.5559979014179283,0.10942794781773715,7.443926894167979e-4,0.10774172554222712,0.1196312403251392,0.00157559125054916,0.15595129013256726,0.11587476878556223,8.465334010286795e-4,0.07066750019306345,0.17808249306316998,0.10741499287010653,0.006446820967825076
W02000418,Carmarthenshire 027,2023,6,0.29332153653988474,0.05246298223141205,0.8978516266127202,0.14133167859707896,7.840249602527709e-4,0.11053852829054978,0.17636673343782525,0.0016252823100844,0.15838283138662546,0.14252522125287817,0.0011684624378804933,0.08573773814210997,0.2242030995687266,0.13846536142661664,0.0011935426557992124
W02000418,Carmarthenshire 027,2025,11,0.1118247856859071,0.011072156926720811,0.41247174395471603,0.14132425113934588,0.00174665667248535,0.1666466164387118,0.1145536533779024,0.00156207574340115,0.15528139087330334,0.14332129148914455,0.0014750347287933788,0.08170961089507808,0.2272752587115735,0.14556564781649542,0.0019970403497986677
W02000419,Denbighshire 017,2021,6,0.6927867060761899,0.03437899344324663,0.7268163113446071,0.16289271615615925,0.00145325455134767,0.1494243979459751,0.13661831054807044,0.00209264583670084,0.17972740924474995,0.15990284950457065,0.002216097732886453,0.09009907066183889,0.27792107787342196,0.18782200721158307,-0.0029898666515885963
W02000419,Denbighshire 017,2023,3,0,0,0,0.19479637784986897,0.00147949049648477,0.15091975340959696,0.1933537085704405,0.0021349799180064,0.18153670140672845,0.1945162622464631,0.0029736706596574535,0.11066927250250527,0.3226549416762635,0.21198566917375825,-2.8011560340587827e-4
W02000419,Denbighshire 017,2025,13,0.374484824340738,0.0359603202694305,0.7433440374254427,0.19479902267424423,0.00245558716387358,0.19686024970293017,0.13154093961687605,0.0020735125132848,0.17890066359284695,0.19722163041548457,0.0037775827927578145,0.10251182703344638,0.3416378855493376,0.23912605851589122,0.00242260774124034
W02000421,Ceredigion 011,2021,5,0,0,0,0.10444523651426656,6.521620469258309e-4,0.10079656188009328,0.1166687293942552,0.00159831503797727,0.15711636887915237,0.10689682546928381,6.752778514865364e-4,0.060218406066122915,0.15587084490526765,0.09565243883914473,0.0024515889550172504
W02000421,Ceredigion 011,2023,11,0,0,0,0.1363487579388094,6.729686278656617e-4,0.1022900758124748,0.1734042144593366,0.0016435498618449,0.15931545104487366,0.13183306186276295,9.384036696070438e-4,0.07579682819050376,0.1840582787222024,0.10826145053169864,-0.00451569607604646
W02000421,Ceredigion 011,2025,25,0.19558762019629897,0.00817094807213975,0.354335211601415,0.13634311832723947,0.00163280037395128,0.16153700696976267,0.11159118334085764,0.0015756764922985,0.15600117081260212,0.13345641833866417,0.001443106415761477,0.06916038696987205,0.20835566030955754,0.1391952733396855,-0.0028866999885752975
W02000422,Cardiff 048,2021,4,0.6527917608833991,0.06382526590078362,0.9903173848372311,0.20435782350434917,0.00110673397907987,0.13092592007656384,0.17143579780077797,0.00259010029612043,0.19978390985982725,0.19523101475065116,0.002412626938977107,0.11457008171949937,0.29573186532689805,0.18116178360739868,-0.009126808753698007
W02000422,Cardiff 048,2023,3,0.383280859516237,0.08459565952097206,1.1401241028226268,0.23626155976256932,0.00113481420243855,0.13267939355568187,0.2281714639193748,0.00263072201337569,0.2013421251317835,0.23347731857925258,0.0031452323054041663,0.13640549184614453,0.35478587864065714,0.2183803867945126,-0.0027842411833167435
W02000422,Cardiff 048,2025,9,0.16442719866020877,0.01382455279276886,0.4608967358006933,0.23625839514515368,0.00210536809898857,0.182668044476668,0.16635796958808977,0.00257143596451838,0.1990621572431524,0.23599871542077877,0.004044615263302042,0.12675281898027968,0.3578165277315495,0.2310637087512698,-2.5967972437490605e-4
W02000423,Cardiff 049,2021,6,0.28636207675085457,0.05171990262301033,0.8914704170898867,0.19576204966368707,9.899490463514751e-4,0.12421290936091096,0.18452189168414387,0.00215644007442239,0.18249791726997883,0.17692234303170118,0.002042288397333551,0.1027882576906447,0.2718419798030913,0.16905372211244662,-0.018839706631985892
W02000423,Cardiff 049,2023,3,0,0,0,0.2276656185049292,0.00101547340519403,0.12582063370952626,0.24125740238095772,0.00219997365408682,0.1843211731954538,0.2183069243490426,0.002773140185776685,0.12505299167771325,0.3299062458132344,0.20485325413552116,-0.009358694155886582
W02000423,Cardiff 049,2025,11,0.386029609120118,0.0407181831721557,0.7909923486591169,0.22766079411305115,0.00198326258996307,0.1774244115234738,0.17944433897691306,0.00214099179048909,0.18184643194283345,0.22214351062750584,0.003717560808450013,0.11764547113124516,0.345646620794513,0.22800114966326787,-0.00551728348554531
W02000424,Wrexham 021,2021,3,0,0,0,0.10051111372882904,0.00111314131202897,0.13163984454491018,0.03607099648816578,9.488717227025974e-4,0.12086971840908912,0.10501204671628057,9.272277781596451e-4,0.05408687312037704,0.171505334997686,0.11741846187730895,0.004500932987451536
W02000424,Wrexham 021,2023,9,0.03824105622606566,0.00157982677432748,0.1558055133480076,0.13241446790842226,0.00113512386498922,0.1328435783982967,0.09280703205625848,9.005408395662308e-4,0.1177405939057944,0.12901537374247593,0.001307224522282272,0.06307967087888997,0.2060242105219962,0.14294453964310624,-0.0033990941659463314
W02000424,Wrexham 021,2025,11,0.38668272783617713,0.03714843679057483,0.755524162907188,0.132414511487219,0.0021053442104462,0.1825498916467881,0.03099294530909173,9.199155233236608e-4,0.11901729931015782,0.13084151555140222,0.0018374979610958544,0.05993680372094186,0.2240649252531516,0.16412812153220974,-0.0015729959358167789
W02000425,Wrexham 022,2021,3,0.3765990236350886,0.08291873523211025,1.1287673043779938,0.12178091026357028,8.928528922453015e-4,0.11803172650186924,0.07593537088337644,0.00268381257858804,0.20340455845364663,0.12108166017339438,8.109782518012608e-4,0.07495137783691258,0.18741396347449174,0.11246258563757916,-6.992500901759069e-4
W02000425,Wrexham 022,2023,1,0,0,0,0.153684550013301,9.220392481642144e-4,0.11988795790666965,0.1326710173673634,0.00271818489556781,0.2047031230779947,0.14925522006691186,0.0011790720709469794,0.09138057112842413,0.2241358863390509,0.13275531521062678,-0.004429329946389143
W02000425,Wrexham 022,2025,10,0.21485879600477464,0.01742904966086088,0.5175054649219849,0.15368055054375826,0.0018881233223447,0.17321924483209983,0.07085762773333615,0.00265583001265522,0.2023425541565032,0.15100818864825066,0.0017873052663285852,0.08348907137391418,0.25206861015999016,0.16857953878607598,-0.0026723618955075967
W02000426,Wrexham 023,2021,5,0.1457022301622879,0.01998616893545668,0.5541698113358141,0.11265232123399324,0.00149019071678837,0.15256078781713883,0.09747770965853422,0.00164540745423634,0.15930169180816783,0.11269270586471765,0.001284958840715716,0.05253500343582192,0.1991208852144692,0.1465858817786473,4.038463072440768e-5
W02000426,Wrexham 023,2023,1,0,0,0,0.14455548775979482,0.00152264682353914,0.15415279384824232,0.15421336128229066,0.00168900301742965,0.1613929322607896,0.13798999375256002,0.0018247721747421612,0.06530957701682308,0.25011755693958015,0.18480797992275708,-0.006565494007234801
W02000426,Wrexham 023,2025,11,0.1233595580884146,0.00785897326892542,0.347504947795066,0.1445573151760116,0.00249714235361177,0.1987369306272496,0.0924000639685021,0.00161753545494404,0.15795141571758023,0.14020080595585693,0.002499022524820008,0.06109732943349532,0.26131733467909835,0.20022000524560302,-0.004356509220154681
W02000427,Neath Port Talbot 021,2021,9,0.17594921208937675,0.02407479984200419,0.6082182246842411,0.14327300640229068,6.162663913022483e-4,0.09816034632864398,0.05714510077535889,7.799719357829186e-4,0.10957032173735053,0.1410243725721746,7.739798634743384e-4,0.08473448123698271,0.19844057154934877,0.11370609031236606,-0.002248633830116087
W02000427,Neath Port Talbot 021,2023,10,0.04543851708913563,0.00214566299872215,0.18157616641705163,0.1751765867500202,6.433353416648857e-4,0.1002312900197498,0.11388123066926356,7.757599496987911e-4,0.10926252841469208,0.17219730221729962,0.0010822403610670167,0.10982408214077194,0.23938829760386524,0.1295642154630933,-0.0029792845327205886
W02000427,Neath Port Talbot 021,2025,18,0.05303561036563484,0.00273429171052016,0.20497481806044848,0.17516682711799136,0.00160160852095002,0.1600731138111896,0.05206700212825789,7.517842022296224e-4,0.10757533336500308,0.17506800698887068,0.0020149692308125016,0.1024977244566937,0.2743452146106295,0.1718474901539358,-9.882012912068583e-5
W02000428,Swansea 032,2021,12,0.16492194552070902,0.01449449700169193,0.4719322551327637,0.1179121619367122,8.88974167787245e-4,0.1175627477384773,0.11497227411670996,0.00183652067410328,0.1684244619822997,0.12545990157941872,9.762078338506351e-4,0.06927975634487069,0.19740394906006653,0.12812419271519584,0.007547739642706525
W02000428,Swansea 032,2023,4,0,0,0,0.14981592552680928,9.260181748970072e-4,0.11996983355133668,0.17170776488485626,0.0018873845334709,0.17073194564539584,0.1519898003785138,0.0013309041217978604,0.08587261745103184,0.23101390782878833,0.1451412903777565,0.0021738748517045325
W02000428,Swansea 032,2025,4,0,0,0,0.14981157752044605,0.00189197074273118,0.1731166570300841,0.10989474201001556,0.00183535881799933,0.1683725556353357,0.15258073482254023,0.0018778434194746587,0.07591859859993316,0.24943871136147897,0.1735201127615458,0.0027691573020941773
