area_id,time_id,mrp_estimate,mrp_variance,mrp_lower,mrp_upper,mrp_ci_width
W02000001,2021,0.0228849321681555,4.577405958062496e-5,0.011545180558903186,0.037144542818733306,0.02559936225983012
W02000002,2021,0.018629052711998374,3.3521124011724155e-5,0.008799513473287841,0.03347186760302861,0.024672354129740767
W02000003,2021,0.04319721183640299,4.6943225936710444e-4,0.015909527136741673,0.10625475078140659,0.09034522364466491
W02000004,2021,0.028556089446435323,8.665451197424955e-5,0.013911465150325196,0.050860046646952484,0.03694858149662729
W02000005,2021,0.017912438760642184,3.8628890799218064e-5,0.007519499068217276,0.030304984786653236,0.022785485718435958
W02000006,2021,0.025140579684822053,6.149991291815142e-5,0.011458530345131153,0.04141091855702976,0.029952388211898606
W02000007,2021,0.028121484790316613,8.425787776401869e-5,0.014639476072376933,0.05144985397366167,0.03681037790128473
W02000008,2021,0.019280381416223527,5.67646554793455e-5,0.007097564488473457,0.036352459390054694,0.029254894901581237
W02000009,2021,0.021867082778667717,4.317902586135845e-5,0.011284273895422706,0.034620055478907244,0.02333578158348454
W02000010,2021,0.033897043453226854,2.4849785257389004e-4,0.010741165511645088,0.0724924804889812,0.061751314977336116
W02000011,2021,0.02660386950495583,9.554545649153707e-5,0.011919816310028069,0.048830950810262314,0.03691113450023424
W02000012,2021,0.023538907312305166,5.556645370824568e-5,0.011113455494990033,0.03952802032660902,0.02841456483161899
W02000013,2021,0.023464398295495736,6.738643191227188e-5,0.011190233994090013,0.04261309643521142,0.031422862441121406
W02000014,2021,0.024230393490753614,5.524640280304463e-5,0.013360540426845018,0.04047369855550314,0.02711315812865812
W02000015,2021,0.02403410050901692,9.994358622650824e-5,0.009857408351004113,0.047158601906651845,0.03730119355564773
W02000016,2021,0.021988649892199924,4.978565598422333e-5,0.010699604358553633,0.03619200468602759,0.025492400327473956
W02000017,2021,0.02345152428629595,6.605650836931681e-5,0.011344003482580653,0.043282532363869156,0.0319385288812885
W02000018,2021,0.023739265210516152,4.3016668976536455e-5,0.012935464954807765,0.037555076723600506,0.02461961176879274
W02000019,2021,0.021273651058861986,4.0737843844844505e-5,0.011896161230989896,0.03764636987295529,0.025750208641965394
W02000020,2021,0.02300995486939274,6.976781235486649e-5,0.011183150588769399,0.04329817797623237,0.032115027387462976
W02000021,2021,0.02357523629557915,1.0141365415767578e-4,0.009394323281385456,0.04622740902234912,0.03683308574096367
W02000022,2021,0.01970501776300531,3.5450837920955814e-5,0.010497468814506427,0.03416109828847198,0.023663629473965556
W02000023,2021,0.019983250110960162,1.1395796559060985e-4,0.0074630389235372414,0.045254372183398506,0.03779133325986127
W02000024,2021,0.026155631716884023,5.191225584521521e-5,0.01414606733269539,0.04196091695440443,0.02781484962170904
W02000025,2021,0.024097025138179514,5.78506642608714e-5,0.012497826545937256,0.042262321334445185,0.029764494788507928
W02000026,2021,0.024383929364531688,6.690926565074686e-5,0.012461161519646696,0.045208983799877325,0.032747822280230626
W02000027,2021,0.02044742060962485,9.651415373492924e-5,0.006133410070534414,0.04482623348799003,0.03869282341745561
W02000028,2021,0.01975218726919427,7.1644805582579e-5,0.007616984864366011,0.040495001489351576,0.032878016624985566
W02000029,2021,0.017158023723133565,3.904338666347382e-5,0.00745859812704165,0.03140540024592121,0.023946802118879555
W02000030,2021,0.018323363466724883,5.0575349496941204e-5,0.0075936689823204095,0.0352252486863451,0.02763157970402469
W02000031,2021,0.021184704435184804,6.217847511111381e-5,0.009242751259810576,0.03827461361386808,0.029031862354057504
W02000032,2021,0.01775958227267599,5.0227287393760684e-5,0.007349403674572025,0.031925026454900474,0.02457562278032845
W02000033,2021,0.02567922629934117,7.354934586595177e-5,0.01260670433101565,0.045289013819485704,0.032682309488470056
W02000034,2021,0.023570099841933118,5.8503738368578646e-5,0.011994028687408162,0.03976173684871043,0.027767708161302265
W02000035,2021,0.022637979919037602,5.1823066089348595e-5,0.011076054225954495,0.03767289657030934,0.026596842344354846
W02000036,2021,0.020906957010215912,3.778959273945054e-5,0.011123656037353623,0.03425765335155155,0.023133997314197928
W02000037,2021,0.021608033745469216,4.718109192391494e-5,0.010749197811941188,0.03569952948771076,0.02495033167576957
W02000038,2021,0.020309749775260323,4.705521597904528e-5,0.008778335362017057,0.03320580880308023,0.024427473441063174
W02000039,2021,0.021425468448858453,7.834874815634943e-5,0.009226253674589159,0.04081674929895099,0.03159049562436183
W02000040,2021,0.021202858914519226,4.0129217905196574e-5,0.010312177699830984,0.03666567823821243,0.026353500538381446
W02000041,2021,0.022328447223610777,3.958439922713523e-5,0.011571281601659354,0.036459358964699415,0.02488807736304006
W02000042,2021,0.02437810340977948,8.019428774170827e-5,0.011471139804240128,0.043511308937025026,0.0320401691327849
W02000043,2021,0.030401981007994138,1.2386555978131068e-4,0.014225372790264692,0.05766519267658639,0.043439819886321694
W02000044,2021,0.026440693534350964,8.42573712827053e-5,0.01286985787359036,0.04734536837865851,0.034475510505068155
W02000045,2021,0.027915313036396043,1.1752301631163907e-4,0.013070903100699274,0.053547448462037114,0.04047654536133784
W02000047,2021,0.026517233897694528,9.833247458040158e-5,0.011463623660918448,0.050294999073608654,0.0388313754126902
W02000049,2021,0.02672482751827926,6.380834184369633e-5,0.013859089141992598,0.044725423973118794,0.030866334831126198
W02000050,2021,0.021831313307068008,4.268688310186971e-5,0.011055259218226397,0.03602124293625753,0.024965983718031135
W02000051,2021,0.023403664608303225,4.722318874225015e-5,0.012485551868861935,0.03900840241584698,0.026522850546985045
W02000052,2021,0.02783893026996006,7.730469462540081e-5,0.012753761229259513,0.044643101291098775,0.03188934006183926
W02000053,2021,0.02439611023862162,4.8930626842386483e-05,0.0128065028596639,0.0402771131408812,0.0274706102812173
W02000054,2021,0.02467846348716474,4.569342468687734e-5,0.01374909443432413,0.03915477269218241,0.025405678257858284
W02000055,2021,0.03143238499091691,1.0942883158044126e-4,0.01594842025594423,0.056831785007413566,0.04088336475146934
W02000056,2021,0.025321901909147775,5.4609494074888077e-5,0.01338118973387685,0.04158696006357222,0.028205770329695373
W02000057,2021,0.024395967892161016,4.6083800542629365e-5,0.013178694056108277,0.040287492493169166,0.02710879843706089
W02000058,2021,0.026490981022834193,8.102385646704147e-5,0.013253707620133217,0.05020158564926721,0.03694787802913399
W02000059,2021,0.026384692217926674,7.05329460549786e-5,0.012639825848228776,0.04461592776978671,0.031976101921557934
W02000060,2021,0.026156191131509795,6.953828358949142e-5,0.012644060944358401,0.04327487953149329,0.030630818587134886
W02000061,2021,0.031076365895938023,1.231935000820715e-4,0.016065958827992072,0.057871428449861415,0.041805469621869346
W02000062,2021,0.024619903417771195,6.685146915290479e-5,0.012029908636467242,0.043420371370015164,0.031390462733547925
W02000063,2021,0.02220577906075182,4.112341277643569e-5,0.01263414786575669,0.036699311163919335,0.024065163298162644
W02000064,2021,0.027153864886560932,1.2334268369697065e-4,0.012313596190597915,0.055323212141877895,0.04300961595127998
W02000065,2021,0.026780977124919187,7.851068287489604e-5,0.012480048932802305,0.049654551514600576,0.037174502581798274
W02000066,2021,0.02714365974075736,9.11623055401618e-5,0.01234251710678121,0.04960633793118588,0.03726382082440467
W02000067,2021,0.02415494702168154,6.619515028481553e-5,0.012504254181214054,0.04398165368935084,0.031477399508136786
W02000068,2021,0.029050310724578705,1.0188674761075459e-4,0.014389738189723781,0.05311833324539989,0.03872859505567611
W02000069,2021,0.02297776642542725,5.453328635070762e-5,0.011281514982124886,0.039165371792783635,0.027883856810658747
W02000070,2021,0.025351455076076838,6.302081477198395e-5,0.013330961016947331,0.04456077416781809,0.03122981315087076
W02000071,2021,0.024790199747416804,6.869177976631548e-5,0.012201971217732501,0.043537064144535495,0.03133509292680299
W02000072,2021,0.027310074847303495,7.825546294672507e-5,0.013600410690433964,0.050318178103192696,0.03671776741275873
W02000073,2021,0.02527233145233849,6.870681867710017e-5,0.013364355418037589,0.044853109180482686,0.0314887537624451
W02000074,2021,0.02624047129683992,6.332845893623454e-5,0.013006655507242136,0.04591259330968944,0.032905937802447306
W02000075,2021,0.024050276193085036,5.29849649835955e-5,0.012813444244396994,0.039895891979089826,0.02708244773469283
W02000076,2021,0.023678815378818052,5.1901390102911484e-5,0.011725139989568957,0.03874873072143021,0.027023590731861252
W02000077,2021,0.0239312788965102,4.503257067703103e-5,0.012751248799756115,0.03794442183277892,0.025193173033022806
W02000080,2021,0.024924974894717275,6.987401728170561e-5,0.01254010554575066,0.04562538815026035,0.033085282604509686
W02000081,2021,0.027599760612096555,9.035446170521256e-5,0.012814460337749717,0.04926242226140434,0.036447961923654626
W02000082,2021,0.027684395831377273,9.953604250189083e-5,0.013060259552671222,0.047635867579496914,0.03457560802682569
W02000083,2021,0.026231159092748698,6.037761759759331e-5,0.014420822869916763,0.04531993543283171,0.030899112562914943
W02000085,2021,0.0260729168908832,9.964797674719966e-5,0.01197605166148629,0.05120695554627273,0.039230903884786436
W02000087,2021,0.04486451388477261,3.846543550611809e-4,0.019792512285963133,0.0918619112705516,0.07206939898458847
W02000088,2021,0.030213308172597902,9.317533463432855e-5,0.013918757422895747,0.04982111367550904,0.03590235625261329
W02000089,2021,0.038120294510091336,3.9677764282260066e-4,0.01376625757941424,0.0970830922035922,0.08331683462417795
W02000090,2021,0.025044112852653396,4.9981676970514715e-5,0.011768262530160752,0.040428390842117135,0.028660128311956384
W02000091,2021,0.025769550889665725,7.993849147174747e-5,0.013734752224546086,0.04682770113588361,0.03309294891133752
W02000092,2021,0.02670650130765067,7.516466444841027e-5,0.01303490368082951,0.04715426598163047,0.03411936230080096
W02000093,2021,0.026281143332282063,4.596589176897339e-5,0.0151520646403096,0.0405625165486046,0.025410451908295
W02000094,2021,0.02804913296212702,7.297541406760113e-5,0.013878278144166714,0.04794786348539529,0.03406958534122857
W02000095,2021,0.02344782739996954,7.034566536158472e-5,0.010819288622308378,0.04401431050044554,0.033195021878137165
W02000096,2021,0.026260750200020905,5.124056491825039e-5,0.014273059962019425,0.04015590291274042,0.02588284295072099
W02000097,2021,0.026454709776597335,6.0953297031438424e-5,0.015702025781540653,0.042305237555350206,0.026603211773809553
W02000098,2021,0.023082529741586113,4.5155580189818156e-5,0.012178603516927844,0.03913021673514355,0.02695161321821571
W02000099,2021,0.02489315591911286,7.400371061723068e-5,0.011622837549550817,0.0445653146670244,0.032942477117473584
W02000100,2021,0.028946322676563687,5.3248224456409604e-5,0.018208638810386136,0.04517032580128302,0.026961686990896887
W02000101,2021,0.024616356257627342,5.326704349659994e-5,0.012391613906463709,0.039880335156980945,0.027488721250517236
W02000102,2021,0.027621519196672495,5.9153634011862536e-5,0.015544190627209442,0.04466665400192377,0.029122463374714323
W02000103,2021,0.02839543374954977,6.661894569543906e-5,0.015051015679122572,0.046868925590583144,0.03181790991146057
W02000104,2021,0.03422967533541991,1.2974272455168825e-4,0.01930023944449344,0.0638095874850477,0.04450934804055426
W02000105,2021,0.03610092320037525,1.4927763064345018e-4,0.01844473496819481,0.06704482239499973,0.048600087426804925
W02000106,2021,0.026802927200865433,4.746567194703513e-5,0.016129665162961812,0.04207704501551063,0.025947379852548816
W02000107,2021,0.029533784898895757,5.894651865671292e-5,0.017517585002952838,0.04513546740417522,0.02761788240122238
W02000108,2021,0.028232041071234705,6.0591484682431624e-5,0.016279008102882978,0.044747237987472585,0.028468229884589608
W02000109,2021,0.03895994534322719,1.56988852951431e-4,0.0206301995108931,0.06927328168506384,0.048643082174170744
W02000110,2021,0.026195785555366644,4.200469442536213e-5,0.016017630898394697,0.041199158396095656,0.02518152749770096
W02000111,2021,0.023217164313271695,3.236695010945795e-5,0.012666548489291765,0.0354164119661777,0.022749863476885936
W02000113,2021,0.031930142296125126,1.3343556948559098e-4,0.013768527787942273,0.059216467318251184,0.045447939530308915
W02000114,2021,0.021574368050660587,3.340063748531943e-5,0.011691300388441205,0.034406626877166224,0.02271532648872502
W02000116,2021,0.02930013531808366,8.356916220414893e-5,0.015419382921872154,0.051684057079656426,0.03626467415778427
W02000117,2021,0.048927154618560086,2.472591303672023e-4,0.024342563146969032,0.08479849730537803,0.060455934158409
W02000118,2021,0.03927056170098458,1.7667317348182577e-4,0.02066182100547677,0.06893668543817053,0.048274864432693756
W02000120,2021,0.02706513895512694,6.310071791757648e-5,0.014599151442340565,0.04404749135100048,0.029448339908659915
W02000122,2021,0.026299554364039204,4.557573152623725e-5,0.015492132936486316,0.04034658190964105,0.02485444897315473
W02000123,2021,0.03047473306374565,8.179702535909215e-5,0.016805757671643003,0.053074255974055656,0.036268498302412654
W02000124,2021,0.026122294146872626,6.467489544777563e-5,0.012509226362514229,0.04402950167177523,0.031520275309261006
W02000125,2021,0.025675003046503792,4.6099740680458366e-5,0.015222051148772179,0.04044077235214015,0.02521872120336797
W02000126,2021,0.025891262158786874,5.022088154615367e-5,0.014970456421969938,0.04140690651054161,0.02643645008857167
W02000127,2021,0.0255323686299424,7.636508740379833e-5,0.012339636611148817,0.046271709804272226,0.03393207319312341
W02000128,2021,0.02575485383837339,7.465915954741307e-5,0.012601979946674313,0.04764582641063557,0.035043846463961255
W02000129,2021,0.028348822541747847,6.62527299615455e-5,0.014756232208838592,0.047251282428940646,0.03249505022010205
W02000130,2021,0.03815530823234076,1.4074983353453395e-4,0.0197145804923198,0.06297453551557616,0.043259955023256365
W02000131,2021,0.03239199625843646,1.0826157180372064e-4,0.016899927682884126,0.0551587822108898,0.038258854528005676
W02000132,2021,0.025561259161130306,6.933437610711066e-5,0.012096572524438416,0.04414231651253934,0.03204574398810092
W02000133,2021,0.03197542824239246,9.21109625461509e-5,0.017133112768695214,0.051280761681032974,0.034147648912337764
W02000134,2021,0.030402841683676636,1.2263573603800432e-4,0.014334317256374764,0.06017264793575572,0.04583833067938095
W02000135,2021,0.03511926521589687,1.5315206264164481e-4,0.017166001161421335,0.06648937975062655,0.04932337858920521
W02000136,2021,0.023888997820062336,6.0198933903730264e-5,0.01215322029284064,0.040568474157997,0.028415253865156358
W02000137,2021,0.03766906290212854,2.218924839266267e-4,0.016634977769048515,0.07231048183880932,0.05567550406976081
W02000138,2021,0.02405439476967051,1.181382722635026e-4,0.008416664996033343,0.050443227857705844,0.0420265628616725
W02000139,2021,0.021815410180345857,8.456959163156273e-5,0.009434598753899515,0.039932827529699254,0.03049822877579974
W02000140,2021,0.023167077642354306,9.684371176051514e-5,0.0089770162177376309,0.04515436979732916,0.03617735357959153
W02000141,2021,0.023020176681754358,8.442272158537464e-5,0.009147363934112666,0.04566492768606162,0.03651756375194895
W02000142,2021,0.026569010793578995,5.723732739319897e-5,0.013734680144147778,0.04253940378389052,0.028804723639742742
W02000143,2021,0.024215876693463177,3.5481394802523486e-5,0.01473346765318767,0.03683602905779818,0.02210256140461051
W02000144,2021,0.024269460666741283,5.365400152410593e-5,0.011496070663395596,0.0415869352360544,0.0300908645726588
W02000145,2021,0.022726343002344038,4.022601244360161e-5,0.012778441728095322,0.03707501246764107,0.024296570739545748
W02000146,2021,0.02369412827197428,4.209696463706546e-5,0.013434188805042815,0.037602076167225815,0.024167887362182998
W02000147,2021,0.028691057611727567,7.248580201848012e-5,0.015034387616538606,0.049559080833447955,0.03452469321690935
W02000148,2021,0.03146183617777639,1.4759864796390015e-4,0.013282818992874604,0.06061827860494813,0.04733545961207353
W02000149,2021,0.027625427534565823,7.178305367127593e-5,0.01428401767427247,0.04751292320729064,0.033228905533018174
W02000151,2021,0.02393528295568101,4.704550576275995e-5,0.013070378284202374,0.03852321492771167,0.025452836643509297
W02000152,2021,0.024981843402821377,6.150413243644885e-5,0.013424353782978607,0.044174050406181865,0.03074969662320326
W02000153,2021,0.02373190648883671,5.683805316201688e-5,0.012649748697561618,0.041321558508347095,0.028671809810785476
W02000154,2021,0.02552488192439978,6.709336867453589e-5,0.011989369707243064,0.04452739963917128,0.03253802993192822
W02000156,2021,0.024805253959203903,6.633536922771739e-5,0.013010380968040532,0.04477810610420192,0.03176772513616139
W02000157,2021,0.024411874790907256,6.511036261363709e-5,0.012206767438916338,0.041700393997339796,0.02949362655842346
W02000158,2021,0.024509896236345332,5.1857730833412216e-5,0.013579510711621239,0.042156309646756,0.028576798935134762
W02000159,2021,0.029780445279971673,9.362022306298753e-5,0.01527178478621868,0.05255570245102795,0.03728391766480926
W02000160,2021,0.0239538021008094,5.663964153291073e-5,0.012443380757787269,0.04044720973792003,0.02800382898013276
W02000161,2021,0.026132870965434707,7.795182525584788e-5,0.013260239972291851,0.04391285143566165,0.030652611463369797
W02000162,2021,0.02477228912306188,1.065078548299676e-4,0.011011240214036506,0.048479692297826685,0.03746845208379018
W02000163,2021,0.02875381411771414,8.352036377736794e-5,0.013887866997610299,0.05246487243114366,0.03857700543353336
W02000164,2021,0.025510817308726137,6.948177856917737e-5,0.01292234366199493,0.04546443425642454,0.03254209059442961
W02000165,2021,0.030151729880197858,1.3582260860771472e-4,0.014474060456077523,0.060302402177947925,0.045828341721870405
W02000166,2021,0.02884279047851512,1.0746999981894646e-4,0.013102599350973361,0.053788390905934055,0.040685791554960694
W02000167,2021,0.030968741651275583,1.1816814171558017e-4,0.015853109373075262,0.05633930546556594,0.04048619609249068
W02000168,2021,0.02694737885465251,6.494498214530248e-5,0.01415409937072083,0.04402139177382313,0.029867292403102298
W02000169,2021,0.02547316516906784,5.3011032703646795e-5,0.014292368065848948,0.04318821570042024,0.02889584763457129
W02000170,2021,0.02386370712809757,7.210025477240397e-5,0.0113773440136686,0.041013085927628146,0.029635741913959547
W02000171,2021,0.022060674891295963,5.5189758660152166e-5,0.010895478587462743,0.03823479039548274,0.027339311808019996
W02000172,2021,0.022508259438937483,6.38943501393374e-5,0.009909295756097593,0.04034216797549074,0.03043287221939315
W02000173,2021,0.02381105170135599,5.198675791013253e-5,0.012241462676538483,0.04038988606076063,0.02814842338422215
W02000174,2021,0.0199484377686368,4.021195007958208e-5,0.009441899061207229,0.03353871479331487,0.02409681573210764
W02000175,2021,0.023199062650441825,7.779533771966499e-5,0.008852491727471382,0.04432233076472868,0.0354698390372573
W02000176,2021,0.021312806227032115,4.8445439157481127e-5,0.010167626669636005,0.03504372862907925,0.024876101959443245
W02000177,2021,0.02183303661903828,6.452632386950635e-5,0.010476014099243938,0.03944330202105501,0.028967287921811073
W02000178,2021,0.025621940494942437,7.492018821539453e-5,0.01153717365807187,0.04616743871918129,0.034630265061109416
W02000179,2021,0.020386124835707904,3.9272618263861e-5,0.01090287121468739,0.034222526960974456,0.02331965574628707
W02000180,2021,0.022196421192246883,5.556974465530178e-5,0.011094543311874665,0.037432351537309894,0.02633780822543523
W02000181,2021,0.023029123840791813,5.8526463769041e-5,0.010071697939721479,0.03973445682381364,0.029662758884092158
W02000182,2021,0.024160733473651556,7.258567993513917e-5,0.012073855102129716,0.0470012686086799,0.03492741350655018
W02000183,2021,0.025750536576587955,6.40494888187806e-5,0.012066442050152427,0.0449862726346205,0.032919830584468075
W02000184,2021,0.022993317914442153,5.421810225619828e-5,0.011184516532615808,0.039444021928698864,0.028259505396083056
W02000185,2021,0.02078577524061357,5.037085303831862e-5,0.010580629944648416,0.0354415094426076,0.024860879497959183
W02000186,2021,0.026357404110162037,8.760740945986912e-5,0.012321367110651554,0.048022342102573355,0.035700974991921805
W02000188,2021,0.028187376273826243,1.109730291568092e-4,0.01321038114502364,0.052472133928485334,0.039261752783461695
W02000189,2021,0.023782120868860578,6.169031573211728e-5,0.010947216137875361,0.041275056455995995,0.030327840318120636
W02000191,2021,0.03263995821479744,1.373618668854379e-4,0.013264883126519402,0.05942306368970908,0.046158180563189675
W02000192,2021,0.03055392962225939,1.1947395971561556e-4,0.013646123971659313,0.055488299435634936,0.041842175463975624
W02000193,2021,0.035390987983794094,2.0563172187275565e-4,0.013519567311826373,0.06632635634295969,0.05280678903113332
W02000194,2021,0.021658405490594685,5.403885792244576e-5,0.010209293656389024,0.03715097599705965,0.02694168234067063
W02000195,2021,0.021283587748994335,6.326261126820227e-5,0.008745332178658725,0.03902170486581419,0.030276372687155464
W02000196,2021,0.02807171574881828,1.5091854692043051e-4,0.011841851432769598,0.057656449840239724,0.045814598407470125
W02000197,2021,0.01913489965739319,4.792733935389574e-5,0.008463403416864284,0.03500076822339764,0.026537364806533358
W02000198,2021,0.025578932535981796,9.541154155890425e-5,0.010794889880369914,0.049452531910561384,0.038657642030191466
W02000200,2021,0.023854322865908467,4.9391738810760544e-5,0.011803840634940756,0.03864623693754287,0.026842396302602115
W02000201,2021,0.02326467622121731,3.791486063225655e-5,0.012423687939209501,0.03563543571416582,0.023211747774956316
W02000202,2021,0.024876718579083284,4.9621779784279335e-5,0.013728488854585066,0.04034530180553687,0.026616812950951807
W02000204,2021,0.021115209481796807,4.6609944067315426e-5,0.010976544923180565,0.03722582021902123,0.026249275295840667
W02000205,2021,0.021236148041180708,4.564917792557883e-5,0.00970892599426143,0.037006753803227085,0.027297827808965655
W02000206,2021,0.021900515664668666,6.493386862613258e-5,0.009321941311926304,0.04110693810096616,0.03178499678903986
W02000207,2021,0.019252841235464002,4.928554073666028e-5,0.008180791006904463,0.03611360413756122,0.027932813130656757
W02000208,2021,0.022868733007486063,5.642199655169141e-5,0.010859400161467265,0.040167056566432935,0.02930765640496567
W02000210,2021,0.02159370207662885,6.7604986910743e-5,0.008705945599815437,0.04176664944629076,0.03306070384647532
W02000211,2021,0.02309714620691098,6.153659656775524e-5,0.01066620071765796,0.0408623183954864,0.03019611767782844
W02000212,2021,0.02198668085204417,3.724203429738346e-5,0.011414473294927951,0.03595649647297186,0.02454202317804391
W02000213,2021,0.019615628119498078,4.258258864640526e-5,0.009569224722463788,0.03384380642366479,0.024274581701201
W02000214,2021,0.020309610121807698,6.659756030009353e-5,0.0068154254303312385,0.040924918711177635,0.0341094932808464
W02000215,2021,0.022161195219022364,8.414436218666441e-5,0.008431282460492222,0.0458160926891938,0.037384810228701576
W02000216,2021,0.022128159267115286,6.533014772996716e-5,0.010138289633795466,0.03751448479757698,0.02737619516378151
W02000217,2021,0.02269875009710988,5.3658505681294446e-5,0.011916436200773024,0.041032011419005344,0.02911557521823232
W02000218,2021,0.025077245122988027,6.0672285149946574e-5,0.012192701741235459,0.042989758618184895,0.030797056876949436
W02000219,2021,0.023482566492867084,5.944813767580312e-5,0.01156878148591826,0.040789571113292955,0.029220789627374694
W02000220,2021,0.024234180627671433,4.951694737456575e-5,0.012730257175784111,0.03961098475338831,0.0268807275776042
W02000221,2021,0.023587104399774975,4.893584904548853e-5,0.012266661667534423,0.03914929727198252,0.026882635604448098
W02000222,2021,0.022522290064664642,4.623507363904504e-5,0.011559969323515162,0.037010001632728405,0.025450032309213243
W02000223,2021,0.022524787436414995,5.187061489347656e-5,0.011679264447808257,0.03971177833692896,0.028032513889120703
W02000224,2021,0.0238123225428742,4.8786343460328195e-5,0.012888317024832705,0.03922926733581859,0.026340950310985888
W02000225,2021,0.025358543607265048,7.45807304456473e-5,0.01307088604427044,0.04640274956486769,0.03333186352059725
W02000226,2021,0.022945002874310696,4.1669593438280786e-5,0.010884435696455176,0.036420484344932225,0.02553604864847705
W02000227,2021,0.02669089113566279,8.58403424427318e-5,0.012876213652360885,0.04856677981252487,0.035690566160163986
W02000228,2021,0.02465554618084921,5.0355522530872156e-5,0.013313334821246754,0.040811323685116585,0.02749798886386983
W02000229,2021,0.025770751567321486,8.040114923222646e-5,0.011487705027966845,0.045757916474026196,0.03427021144605935
W02000230,2021,0.023603129627926864,5.242669458295261e-5,0.012158936541538325,0.03828950825964897,0.026130571718110646
W02000231,2021,0.029788142313020138,8.219587030269868e-5,0.015396953444082529,0.05083415304829343,0.035437199604210906
W02000232,2021,0.02288595578991421,4.246862622259828e-5,0.011734531148625701,0.03717917835801461,0.02544464720938891
W02000233,2021,0.024601218421979397,6.637299493311244e-5,0.011020700501231481,0.042568571600686944,0.03154787109945546
W02000234,2021,0.024837120922837592,6.735810770199373e-5,0.011884766571423393,0.04231756722350316,0.030432800652079768
W02000235,2021,0.020386889704050882,5.818151405104978e-5,0.008703207803458202,0.0381010388535188,0.0293978310500606
W02000236,2021,0.021465929512825544,6.183747912603618e-5,0.009000325282943403,0.03827303056151171,0.02927270527856831
W02000237,2021,0.024622050637998,5.253833474412883e-5,0.013526802697853793,0.043385506491051745,0.029858703793197952
W02000238,2021,0.02352920964998518,5.2383972458233544e-5,0.01247860294818489,0.03958018805468552,0.027101585106500632
W02000239,2021,0.025725467177692276,5.144642099393925e-5,0.014445013474912626,0.040587518559118255,0.02614250508420563
W02000240,2021,0.032061921415623564,9.429620882900572e-5,0.01567347882787613,0.053017700723047734,0.0373442218951716
W02000241,2021,0.02924313748901485,1.0837779531391722e-4,0.012254995896655891,0.05597743821509758,0.04372244231844169
W02000242,2021,0.028971704983263742,8.703248697752837e-5,0.013598451366784267,0.04942707806547897,0.0358286266986947
W02000243,2021,0.03404467810572253,1.381496706612069e-4,0.01616523485827309,0.06605445349665767,0.04988921863838458
W02000244,2021,0.027526475942888925,7.781450103379195e-5,0.013948606958579949,0.04821391470623783,0.03426530774765788
W02000245,2021,0.03284410493457155,1.083958956958962e-4,0.01752676170708872,0.05671949814090349,0.03919273643381477
W02000246,2021,0.025500205356605434,7.733345939158743e-5,0.011910455091011574,0.045589160501470855,0.03367870541045928
W02000247,2021,0.02434222923466163,6.823754415492226e-5,0.011947497386034095,0.04395227729554821,0.032004779909514114
W02000248,2021,0.03554202212316426,1.3578797646515576e-4,0.01731386487101702,0.06316614146629546,0.045852276595278435
W02000249,2021,0.03927708184465857,2.2556593253744825e-4,0.017827951502847123,0.07368392998718139,0.05585597848433427
W02000250,2021,0.025378702483235798,5.7935141973900776e-5,0.013731516699267431,0.041090025573390886,0.027358508874123454
W02000251,2021,0.035472232108410454,1.401400109464864e-4,0.01813639505773082,0.06655150405565233,0.04841510899792151
W02000252,2021,0.025024934689286522,4.265752701640856e-5,0.014186382838201679,0.03945540113901466,0.025269018300812983
W02000253,2021,0.02626699046264428,6.3780529141908e-5,0.013637497227230257,0.04443557227642291,0.030798075049192655
W02000254,2021,0.025734896899196193,6.174830171382853e-5,0.012806088863323111,0.042534442329523886,0.029728353466200775
W02000255,2021,0.02557220097463187,5.6001378298799155e-5,0.013679828841527212,0.041443206201881924,0.02776337736035471
W02000256,2021,0.026339339722214174,5.141618229601806e-5,0.014488316559325774,0.0419655367253149,0.02747722016598913
W02000257,2021,0.025842834005749275,4.979749844733086e-5,0.013999291865445136,0.040889359028907515,0.02689006716346238
W02000258,2021,0.027693304286887713,6.0004839987574496e-5,0.01598414140170733,0.04476422670710616,0.02878008530539883
W02000259,2021,0.028948560610121316,7.955173537742967e-5,0.013893511570661137,0.050627344825993126,0.036733833255331985
W02000260,2021,0.02832807559055348,6.105917359565264e-5,0.014889140556590769,0.04591611554741236,0.03102697499082159
W02000261,2021,0.02440876225045448,4.965376706022955e-5,0.011908200424852095,0.04038447483831159,0.028476274413459495
W02000262,2021,0.023427067459877497,7.415636867237399e-5,0.010716966080933822,0.04315205078903827,0.032435084708104446
W02000263,2021,0.026526678833447233,5.384779773878449e-5,0.014537387862103034,0.041632702006033154,0.02709531414393012
W02000264,2021,0.028340928703695936,7.08023570055436e-5,0.014494406158967434,0.047313765399424515,0.03281935924045708
W02000265,2021,0.02527384674959021,6.488121616130746e-5,0.01272051845524601,0.04161128596822717,0.028890767512981162
W02000266,2021,0.026069208312076486,5.472808593313957e-5,0.014871831421957707,0.04431823200782265,0.029446400585864944
W02000267,2021,0.025870620498944886,7.327798643808947e-5,0.012408241332269022,0.04615929446625627,0.033751053133987255
W02000268,2021,0.02806373214558593,6.517848514322264e-5,0.015115024346524009,0.04692764027615551,0.0318126159296315
W02000269,2021,0.025876796040156146,5.812265923219877e-5,0.014967767314265926,0.0436640431589223,0.028696275844656373
W02000270,2021,0.02645737391935762,7.035729951724865e-5,0.01436621638924948,0.04618571062669614,0.031819494237446656
W02000271,2021,0.028475960396543282,9.33288122942891e-5,0.013973283192237547,0.050525212023132954,0.036551928830895405
W02000272,2021,0.029257572685737723,6.297664180041506e-5,0.01775452412855518,0.048755355180308185,0.031000831051753004
W02000273,2021,0.03603294934763146,1.2282809256293652e-4,0.02007079034850167,0.061020786845327774,0.040949996496826103
W02000274,2021,0.028946997475138955,9.243039167654658e-5,0.014611307112570653,0.04761589398475659,0.03300458687218594
W02000275,2021,0.026800042405627587,5.772310210857582e-5,0.013534391715271687,0.043192735598735474,0.029658343883463785
W02000276,2021,0.029216068647825305,8.91591529506026e-5,0.015278274240601464,0.05036154263844812,0.03508326839784666
W02000277,2021,0.02854948307369565,7.96396821514795e-5,0.015359434596324866,0.04936188397303316,0.034002449376708294
W02000278,2021,0.03027284534567768,7.22363555898972e-5,0.016220714476433994,0.049108993506638624,0.03288827903020463
W02000279,2021,0.02641330246324165,6.901612668018383e-5,0.012298535404394857,0.044553106886157615,0.03225457148176276
W02000280,2021,0.02610735865764191,5.668283699867421e-5,0.014584337445537455,0.04222936261221025,0.02764502516667279
W02000281,2021,0.028193408836343685,8.186468775706953e-5,0.014038027539173025,0.04640582314776955,0.032367795608596525
W02000282,2021,0.028019198803338464,6.37228387091775e-5,0.015102579143580897,0.04443054064516223,0.02932796150158133
W02000284,2021,0.029858484353583726,7.2610616623744955e-05,0.015847005447083916,0.04689132820517526,0.031044322758091346
W02000285,2021,0.025670911796968614,4.863507344931013e-5,0.012649849539895137,0.04129579951409919,0.02864594997420405
W02000286,2021,0.028352115604526558,7.699658714355772e-5,0.014210365373091421,0.04742844457124677,0.03321807919815535
W02000287,2021,0.02893798747349984,7.331535617737371e-5,0.01601865602531166,0.04853653534044859,0.03251787931513693
W02000288,2021,0.028821715163588096,5.4820760742454966e-5,0.016692552325611575,0.045873527743433645,0.02918097541782207
W02000289,2021,0.029501733440603594,6.514437492892952e-5,0.017004074856154426,0.04888098088788766,0.03187690603173323
W02000290,2021,0.029438948995833474,7.643330640732007e-5,0.016043725503349544,0.049245600534851844,0.0332018750315023
W02000291,2021,0.027299007339968685,5.900354459186766e-5,0.015158514396429288,0.046388272939311054,0.031229758542881764
W02000292,2021,0.026209906231518743,6.04255678908377e-5,0.01395665808834173,0.0449100030197153,0.030953344931373573
W02000293,2021,0.027206383128344377,8.574256521372831e-5,0.01236409747342787,0.047114781477825246,0.034750684004397375
W02000294,2021,0.02358860547655302,4.2860884509497065e-5,0.012414600948166928,0.036807090072309964,0.024392489124143036
W02000295,2021,0.02223649691836359,4.5351448772462876e-5,0.010464600132445098,0.03643686900781605,0.025972268875370953
W02000296,2021,0.025518946708924017,5.087548811288691e-5,0.014714024351778331,0.04091253998151492,0.02619851562973659
W02000297,2021,0.026602766587151043,4.938498943878678e-5,0.015802367755911238,0.04125093345962035,0.025448565703709115
W02000298,2021,0.023065438738718736,5.4261259292575544e-5,0.011136510092750004,0.04031159828009275,0.029175088187342747
W02000299,2021,0.023957443335673796,6.643230438909707e-5,0.01075202582827501,0.04177704995768247,0.031025024129407462
W02000300,2021,0.023899824579371058,5.871755161510994e-5,0.011884467158614971,0.04070287402424193,0.028818406865626957
W02000301,2021,0.0267730329332306,6.388669154799617e-5,0.01474516163195499,0.04689992944970464,0.032154767817749653
W02000302,2021,0.026075096939584038,5.6829319828369105e-5,0.013596890183499181,0.04414496408529778,0.030548073901798596
W02000303,2021,0.023792784431887905,5.014602315660908e-5,0.013059075500336168,0.03909161183180141,0.026032536331465243
W02000304,2021,0.02446470069124961,5.603448408112574e-5,0.012274144715527775,0.040801367371446864,0.028527222655919088
W02000305,2021,0.02348175551880775,8.531575536954382e-5,0.008799108150895359,0.0456400251171314,0.036840916966236044
W02000306,2021,0.023774316320014238,5.856338720640978e-5,0.011929010216518657,0.04190019148818484,0.029971181271666186
W02000307,2021,0.030296123337912016,8.541081281270218e-5,0.016886211287111687,0.052961801149382357,0.03607558986227067
W02000308,2021,0.025556311356625592,5.6954733351254665e-5,0.014322239233489072,0.04284109685500212,0.028518857621513048
W02000309,2021,0.023949966237470355,5.208884869423697e-5,0.01156121603587644,0.04191400275933623,0.030352786723459792
W02000310,2021,0.02516821641020489,4.640543751271309e-5,0.013682337749532928,0.03966056916562266,0.025978231416089733
W02000311,2021,0.028396848784869824,8.090768989175585e-5,0.014291499085874177,0.049107732104176516,0.03481623301830234
W02000312,2021,0.026131281415489205,6.910947088801543e-5,0.012421668057249261,0.045003424177759335,0.03258175612051008
W02000313,2021,0.026527198556247623,6.975302618062814e-5,0.013418028583384659,0.04409323157146046,0.0306752029880758
W02000314,2021,0.023682687051852457,5.731800273872287e-5,0.011530097493438071,0.040097762943587925,0.028567665450149854
W02000315,2021,0.024905473224961994,5.1819419604529724e-5,0.01254232259872044,0.039724365248497304,0.027182042649776864
W02000316,2021,0.024134821733435986,4.753886356117019e-5,0.012009409032363468,0.037721884630412726,0.025712475598049258
W02000317,2021,0.02379842464052403,4.7203251119751304e-5,0.012039631553372544,0.03922952684106147,0.027189895287688927
W02000318,2021,0.02457273736870984,4.5127928300514335e-5,0.014601470034974667,0.04118714135357422,0.026585671318599555
W02000319,2021,0.025244879846655445,5.4745510308346786e-5,0.014072469263016328,0.0432126757135166,0.02914020645050027
W02000320,2021,0.02543224540180793,4.743789718284448e-5,0.014196821499659177,0.03865686739691869,0.024460045897259513
W02000321,2021,0.02333989788758954,5.261811556764475e-5,0.011258971518707911,0.03920834922584408,0.027949377707136173
W02000322,2021,0.023339321571020887,5.016747020000233e-5,0.012245540859902714,0.03820560122081121,0.025960060360908494
W02000323,2021,0.024199090954418988,4.720031348916829e-5,0.011703697408743389,0.0395987381405039,0.027895040731760513
W02000324,2021,0.02156935712915555,3.774315672062471e-5,0.010378507571308504,0.03598028747496381,0.02560177990365531
W02000325,2021,0.024764133534082508,7.467129031629496e-5,0.011599331757931139,0.042700686589798205,0.031101354831867066
W02000326,2021,0.021699067156715768,3.8465063807919226e-5,0.01136995956743329,0.03492906166907247,0.023559102101639178
W02000327,2021,0.019645007323953016,3.312119787748753e-5,0.009553338249224682,0.03123585414933647,0.02168251590011179
W02000328,2021,0.02079386912438708,4.11309144417904e-5,0.008891432368539556,0.03496263059206475,0.026071198223525195
W02000329,2021,0.022745145335652688,4.319759893051892e-5,0.011650839353067276,0.03522075611082536,0.023569916757758085
W02000330,2021,0.021056704903926714,3.938108164861425e-5,0.01037957084355936,0.03505140126456708,0.02467183042100772
W02000331,2021,0.026532675432591545,6.962768226730895e-5,0.012353947763908371,0.04364506629126049,0.03129111852735212
W02000332,2021,0.023347765005942205,5.098898626410995e-5,0.011069184397764727,0.038698279299311904,0.027629094901547177
W02000333,2021,0.02459762773898628,6.010081974377746e-5,0.013768793087994741,0.04160221679867647,0.027833423710681728
W02000334,2021,0.02193674269826352,5.089186787439544e-5,0.010978679395926137,0.03744056570114768,0.02646188630522154
W02000335,2021,0.020017137136772205,3.4190567396377735e-5,0.010014437744850831,0.03266986575891447,0.02265542801406364
W02000336,2021,0.021670480266385864,4.359270794869264e-5,0.010861173629856736,0.03839207936419101,0.027530905734334275
W02000337,2021,0.027037644222962936,1.1798410829702861e-4,0.01166086222517337,0.05651161450054173,0.04485075227536836
W02000338,2021,0.021793801696435976,4.9229916235066766e-5,0.010900707707403996,0.0379542970138277,0.027053589306423705
W02000339,2021,0.0182810401334539,5.1413914501370644e-5,0.007426645140175055,0.034128348753958204,0.02670170361378315
W02000340,2021,0.01889227335231219,3.7180542858990704e-5,0.00893061941086265,0.03356535124572546,0.02463473183486281
W02000341,2021,0.017548074089229097,2.2422483066403176e-5,0.009964923727744022,0.027564935942790803,0.01760001221504678
W02000342,2021,0.021191483347189805,5.2788544226723105e-5,0.01093551558386775,0.0377183713280824,0.02678285574421465
W02000343,2021,0.022978024795531894,6.957278498277074e-5,0.010069299190927413,0.04067593089308953,0.03060663170216212
W02000344,2021,0.02165776824372801,4.447055167686606e-5,0.011252712001542868,0.03706249372343098,0.02580978172188811
W02000345,2021,0.02248333996136495,6.403114345797297e-5,0.01035494724875265,0.04271158859148981,0.032356641342737164
W02000346,2021,0.021728103888091235,4.829511081014843e-5,0.00938015208252449,0.03660380986638602,0.02722365778386153
W02000347,2021,0.021586056976421727,4.34033556384e-5,0.010682021806716702,0.03643507469710419,0.02575305289038749
W02000348,2021,0.02060153585295129,6.236879131368788e-5,0.00792487518648737,0.03949872195247224,0.03157384676598487
W02000349,2021,0.023223220031397814,5.460422066288722e-5,0.011501223577764818,0.038591649213781457,0.027090425636016637
W02000350,2021,0.021034714741811556,4.5293258861586126e-5,0.010463698440617538,0.03641467456564497,0.025950976125027433
W02000351,2021,0.018660080286736644,7.735768020933985e-5,0.005947034576561063,0.03981292404189128,0.033865889465330215
W02000352,2021,0.023729494921202052,8.592070921657746e-5,0.009450668297382264,0.043718550060384276,0.03426788176300201
W02000353,2021,0.019453115829323565,7.080730714004208e-5,0.006893818583847008,0.037460324452964815,0.030566505869117806
W02000354,2021,0.018127436421213197,5.621987239969708e-5,0.006510236426923424,0.03631664874243619,0.029806412315512766
W02000355,2021,0.02125331590107315,5.169278698729882e-5,0.010122179622321587,0.03848690340074563,0.028364723778424042
W02000356,2021,0.023930854902510228,8.48694987868917e-5,0.00952156868872687,0.04319375313742478,0.03367218444869791
W02000357,2021,0.02060258699521082,7.649498090044556e-5,0.007602891121377095,0.04130589914455074,0.03370300802317364
W02000358,2021,0.02169301697509113,5.592350439127639e-5,0.01105394522713095,0.038489894437872374,0.027435949210741425
W02000359,2021,0.02154530699651527,9.075701319013677e-5,0.007783461337066671,0.04322484394874326,0.03544138261167659
W02000360,2021,0.028521393684086085,1.3416040702174414e-4,0.011315122426288654,0.05790528326200557,0.04659016083571692
W02000361,2021,0.02019170151342502,5.6391667666854024e-5,0.008823259017788226,0.036013205127174014,0.027189946109385788
W02000362,2021,0.022339966821130437,6.0672782859961865e-5,0.009104252002806155,0.039445966424538126,0.03034171442173197
W02000363,2021,0.021642330821537055,8.554871103880443e-5,0.008958438578714171,0.043273286696872124,0.03431484811815795
W02000364,2021,0.028353417104698034,1.242919199544545e-4,0.01192622748348907,0.05159412061994974,0.03966789313646067
W02000365,2021,0.026836003678444954,9.754928133968737e-5,0.012195189125622799,0.048664650044753344,0.036469460919130545
W02000366,2021,0.023871014869087603,5.089118284164449e-5,0.011760226869134138,0.04059535909268852,0.028835132223554383
W02000367,2021,0.02662969736663908,5.977728011457673e-5,0.014802960228816501,0.046578428480145054,0.031775468251328556
W02000368,2021,0.033731294530256827,1.5304100059858284e-4,0.017098410346987197,0.06207443752245363,0.044976027175466435
W02000369,2021,0.028560115113621623,7.831631112968564e-5,0.013949945269909052,0.04666849301580503,0.03271854774589598
W02000370,2021,0.029793028801206614,1.0806476984471451e-4,0.014675141925852744,0.05893166669697331,0.04425652477112057
W02000371,2021,0.032866722326554014,9.47216367989265e-5,0.01790915439410854,0.05561055251324379,0.03770139811913525
W02000372,2021,0.03689462148663901,1.3908828225074672e-4,0.020379027151594856,0.06367375191756122,0.043294724765966366
W02000373,2021,0.03728120039310887,1.9020151040474836e-4,0.017498870044794224,0.06838339667600252,0.05088452663120829
W02000374,2021,0.03183378776790716,1.0381048334393323e-4,0.016056454478184948,0.05643998433069318,0.04038352985250823
W02000375,2021,0.041940250183938765,2.13778342261416e-4,0.019296552014105045,0.07478102836073719,0.055484476346632144
W02000376,2021,0.03198769512232223,1.075227703614297e-4,0.017588149518478913,0.05818585002616284,0.04059770050768392
W02000377,2021,0.03058332288460907,8.801421512612299e-5,0.01582203023141153,0.05257624078572991,0.03675421055431838
W02000378,2021,0.030439959225988068,1.0215848717326993e-4,0.015564263290954103,0.055719414974963535,0.04015515168400943
W02000379,2021,0.04184198312409956,2.824722893961175e-4,0.01796370831585646,0.07734445632995118,0.05938074801409472
W02000380,2021,0.028168758539101488,7.494952215243139e-5,0.015607937956779241,0.04993559322711484,0.0343276552703356
W02000381,2021,0.04185570483740192,3.0815576518708997e-4,0.021698817482087903,0.08592938772692099,0.06423057024483309
W02000382,2021,0.039450218764956274,2.1226510129774938e-4,0.019564727011818113,0.075425026138663,0.05586029912684489
W02000383,2021,0.03460526979115246,1.3244092217095296e-4,0.017604347809547574,0.06183275582578404,0.04422840801623647
W02000384,2021,0.029234021069758972,7.15388067815133e-5,0.015791509123851702,0.0482577323652633,0.0324662232414116
W02000385,2021,0.03116987496837508,9.468583552502874e-5,0.016571852084253283,0.056755380970114525,0.04018352888586124
W02000386,2021,0.028468246168971412,9.060028927758421e-5,0.013973128924391086,0.05069094010919937,0.03671781118480828
W02000387,2021,0.029078725173639502,8.175574403423787e-5,0.014399941682652805,0.05256283573239523,0.03816289404974242
W02000388,2021,0.031701914331556134,1.0376839249797856e-4,0.01707598588558306,0.05566119972748747,0.03858521384190441
W02000389,2021,0.033881452627179516,9.661932268682575e-5,0.01894930058749255,0.0533957694538921,0.03444646886639955
W02000390,2021,0.029047923731089328,1.0272672020342956e-4,0.013930727600778299,0.05502551075368854,0.04109478315291024
W02000391,2021,0.0424905453521431,1.6690063390888878e-4,0.02122856564908371,0.07111567250436744,0.04988710685528373
W02000392,2021,0.03332419374121895,9.399740002319563e-5,0.018624533004847718,0.05474968024501643,0.036125147240168715
W02000393,2021,0.037760205942715064,1.7060523313802968e-4,0.019308512953559863,0.07173130370761582,0.05242279075405596
W02000394,2021,0.05147881110108054,2.4254177874323565e-4,0.02495059502060746,0.08185784965219448,0.056907254631587016
W02000395,2021,0.038182832686085515,1.727219873737316e-4,0.01768043182385763,0.0682421702069751,0.05056173838311746
W02000396,2021,0.04626772847308178,2.3358724936225757e-4,0.023498141127847115,0.08323082051838829,0.05973267939054117
W02000397,2021,0.03809823902883756,1.782732374468394e-4,0.017607994031342656,0.06867326625590914,0.051065272224566485
W02000398,2021,0.06254070458701151,3.6802472352802623e-4,0.03255183342244204,0.10998647236803835,0.07743463894559631
W02000399,2021,0.055630420370679466,3.165385420764281e-4,0.028280746001676065,0.09238759576323212,0.06410684976155606
W02000400,2021,0.04083979079477718,1.5449211959535795e-4,0.022307426772914182,0.06991903134868313,0.04761160457576895
W02000401,2021,0.04705135945856424,3.3107197040404976e-4,0.022981128260218343,0.09422571685455092,0.07124458859433258
W02000402,2021,0.04684868905711408,2.0762443768403794e-4,0.023229434546303353,0.0817927632689282,0.05856332872262485
W02000403,2021,0.039302230130473195,1.6733378027874912e-4,0.01992575147273916,0.07190795408575057,0.05198220261301141
W02000404,2021,0.04553498167014372,1.8268966201118975e-4,0.024942288310518153,0.07874531761292164,0.053803029302403486
W02000405,2021,0.04297094294358391,2.3047580074040603e-4,0.02146180967246987,0.0824567673570028,0.06099495768453293
W02000406,2021,0.050262448364803716,3.848660633316209e-4,0.022309105762354786,0.09823522324115443,0.07592611747879964
W02000407,2021,0.036771043442213526,2.185161845667864e-4,0.015595678797155623,0.07093009896553046,0.05533442016837484
W02000408,2021,0.04960976449131989,2.1986726570481912e-4,0.027550272607709418,0.08032291955559337,0.05277264694788395
W02000409,2021,0.03755855082367115,1.7042372124951015e-4,0.02002007041032338,0.07044627703401372,0.050426206623690344
W02000410,2021,0.058382635198747784,4.8779107696165336e-4,0.028646870968295032,0.12121894227184701,0.09257207130355198
W02000411,2021,0.03942826538649266,2.7004468152747133e-4,0.0182171108034,0.08176076735742761,0.0635436565540276
W02000412,2021,0.047642130232566894,2.3055552414491727e-4,0.024473181258244818,0.08510764437800786,0.06063446311976304
W02000414,2021,0.024022661760275326,3.981280034888557e-5,0.01400212378253175,0.038158505318697244,0.024156381536165495
W02000415,2021,0.031225756031239508,7.532104621085652e-5,0.017326022474785204,0.051953897248793277,0.03462787477400807
W02000416,2021,0.023579501790922202,4.418287161831451e-5,0.012356059886714841,0.039853518669333954,0.02749745878261911
W02000417,2021,0.02355195961345822,5.252047209350717e-5,0.011858861156813026,0.03916514661833386,0.027306285461520835
W02000418,2021,0.026122783066133755,5.328762268620259e-5,0.01382811683195961,0.045044663275579655,0.031216546443620045
W02000419,2021,0.02225581903615348,6.776418259933756e-5,0.009980653454483835,0.04089953554501664,0.0309188820905328
W02000421,2021,0.028641828743439363,6.28635240906992e-5,0.01768312079774431,0.05184253157512786,0.03415941077738355
W02000422,2021,0.053391610369251476,3.748717764804339e-4,0.02803736934867635,0.10383859553164485,0.0758012261829685
W02000423,2021,0.049221853522297555,2.2795278559038432e-4,0.026342301905691617,0.08205827544766794,0.05571597354197633
W02000424,2021,0.024346700421088607,6.70990912496927e-5,0.011359605463786181,0.04137107665981111,0.030011471196024927
W02000425,2021,0.028960881785468424,8.515993905851891e-5,0.015503816462497865,0.048851442325406,0.03334762586290814
W02000426,2021,0.0253754264797141,9.113652865666803e-5,0.011796694690772325,0.04666997367573693,0.034873278984964604
W02000427,2021,0.02229892814253685,3.666314543644137e-5,0.011769771190654001,0.03513247953753859,0.02336270834688459
W02000428,2021,0.020571446901407258,4.2262617375736325e-5,0.009746177265290396,0.0337386124879248,0.023992435222634403
W02000001,2023,0.03168323621469382,7.675779391003444e-5,0.016332246913477767,0.05098073052288557,0.0346484836094078
W02000002,2023,0.025792862053430864,5.4269676791769015e-5,0.012881448387046147,0.040660880890975235,0.027779432503929086
W02000003,2023,0.05903231042166224,8.104508099165784e-4,0.023549706303526118,0.13307318230420348,0.10952347600067736
W02000004,2023,0.039476844470421615,1.646073961162601e-4,0.01990098877237178,0.06653007002195613,0.04662908124958435
W02000005,2023,0.02493801190206239,7.556042125198982e-5,0.01119552489321023,0.04128674916279096,0.03009122426958073
W02000006,2023,0.034747423759695605,1.031566172343931e-4,0.017370448964390682,0.05575907235672274,0.03838862339233206
W02000007,2023,0.039107791478485115,1.8066396138920302e-4,0.021092672665485465,0.07179605888592708,0.05070338622044161
W02000008,2023,0.026803184676937382,1.1400889317733149e-4,0.009991454128287142,0.05125231727695076,0.04126086314866362
W02000009,2023,0.0303679196048468,7.980368198783698e-5,0.017207044192395715,0.05134475642984285,0.03413771223744713
W02000010,2023,0.04677540887989219,4.582667968130057e-4,0.014577387001860478,0.09523922632190314,0.08066183932004266
W02000011,2023,0.036624224772333444,1.600425220825442e-4,0.016186856454102838,0.06590163519966179,0.04971477874555895
W02000012,2023,0.03262562812977958,1.0086352253690525e-4,0.017134066138140662,0.052830633673488434,0.03569656753534777
W02000013,2023,0.03246847395958375,1.1897559929188943e-4,0.015991099507704064,0.05956304516148066,0.04357194565377659
W02000014,2023,0.03355808369861725,9.74741752266649e-5,0.0185985877137349,0.05783210029880219,0.039233512585067284
W02000015,2023,0.033171760853328736,1.6908908259383897e-4,0.01367421879932446,0.06343458684647824,0.04976036804715378
W02000016,2023,0.03056210308222085,9.283614943393615e-5,0.013571561128853969,0.054727021048690976,0.041155459919837004
W02000017,2023,0.03252944607044491,1.2185651532207073e-4,0.017466969142127618,0.06001421268446569,0.042547243542338076
W02000018,2023,0.032924563779461916,7.824840661884888e-5,0.018809904417997722,0.0521688258187034,0.03335892140070568
W02000019,2023,0.029616618307802614,7.730984608893152e-5,0.015188612421483422,0.04880112624872597,0.03361251382724255
W02000020,2023,0.0318926315193671,1.2682224202180907e-4,0.015614841307449393,0.06042080449575574,0.04480596318830635
W02000021,2023,0.032617856042720814,1.7506411916050048e-4,0.012604475547009535,0.06035445897904503,0.0477499834320355
W02000022,2023,0.02739005763464784,6.279215845052049e-5,0.014933301167371522,0.04411129514809746,0.029177993980725937
W02000023,2023,0.02774017164060265,2.0476000844965212e-4,0.009253469124976616,0.06061659020200581,0.0513631210770292
W02000024,2023,0.03612499132359132,8.442356646928034e-5,0.021224576709706067,0.05850051573433317,0.0372759390246271
W02000025,2023,0.03340860941566782,1.0707062625816963e-4,0.01748312879038196,0.05679922916236131,0.03931610037197936
W02000026,2023,0.03367777416693765,1.1114086060196385e-4,0.017544605247465934,0.06186648143949246,0.04432187619202652
W02000027,2023,0.028344379323457795,1.832885094593338e-4,0.00892361176040896,0.06008255445246815,0.05115894269205919
W02000028,2023,0.027354975010122528,1.2588529776173997e-4,0.01001172715743467,0.05163359865922728,0.04162187150179261
W02000029,2023,0.023881567146753664,7.299444421595582e-5,0.010411307610517201,0.04380462231589759,0.033393314705380386
W02000030,2023,0.02550527072282381,9.463858449464094e-5,0.01033927729986791,0.04763596921811994,0.03729669191825203
W02000031,2023,0.02952947994756557,1.2555694600693712e-4,0.012898729716963608,0.05396444291456218,0.041065713197598566
W02000032,2023,0.02478845005120445,1.0341053227427288e-4,0.010260090802402644,0.050058979652651915,0.03979888885024927
W02000033,2023,0.03563422237304665,1.3655224959332492e-4,0.01612025566578448,0.061153692380779265,0.04503343671499478
W02000034,2023,0.03263279229351165,1.0430737773713574e-4,0.017170720209709004,0.05716296547786792,0.03999224526815892
W02000035,2023,0.03142319654665285,9.26657535582914e-5,0.016213029642954003,0.05337904015450868,0.03716601051155467
W02000036,2023,0.02910727375952431,7.508253753156842e-5,0.015122550813126023,0.05081236723546851,0.03568981642234249
W02000037,2023,0.03000905316932159,8.867180018759044e-5,0.014831234933014538,0.05072097118865243,0.03588973625563789
W02000038,2023,0.028233064787493444,9.079323728249184e-5,0.01190768890553191,0.047397298090378084,0.03548960918484617
W02000039,2023,0.02964809492680158,1.33301333863326e-4,0.012358822398423685,0.05404514310059559,0.0416863207021719
W02000040,2023,0.02946828969347599,7.603135406626347e-5,0.01595655667934242,0.04881551389061904,0.03285895721127662
W02000041,2023,0.030947262113334807,6.724614206400992e-5,0.01833937851863192,0.05011034173633347,0.03177096321770155
W02000042,2023,0.033796045587394075,1.4208813597963213e-4,0.016615083074388318,0.0599253677544762,0.04331028468008788
W02000043,2023,0.04194026188584734,2.22225811565727e-4,0.019723885139941034,0.08090640893528703,0.06118252379534599
W02000044,2023,0.036576685871142295,1.5059417478180507e-4,0.01821379202027918,0.06499642711805334,0.04678263509777416
W02000045,2023,0.03849307043699052,2.0775683723386638e-4,0.0170189176422055,0.07614542095581922,0.05912650331361372
W02000047,2023,0.036597711602269725,1.6873814056902865e-4,0.0154699926249974,0.06353432554663653,0.04806433292163913
W02000049,2023,0.03690087982170063,1.0460021274687515e-4,0.020444032335847406,0.05914780215270632,0.03870376981685891
W02000050,2023,0.03025676355025763,7.459436771518023e-5,0.015803585756166173,0.049073365846776774,0.0332697800906106
W02000051,2023,0.032493873413622885,8.878086770613355e-5,0.017948719976793696,0.054302851826074056,0.03635413184928036
W02000052,2023,0.038435039007132764,1.4089295368350846e-4,0.018966510259302183,0.0659589657790707,0.04699245551976852
W02000053,2023,0.03383836854969518,8.97946967396997e-5,0.0192604519477153,0.054431154830187053,0.035170702882471754
W02000054,2023,0.03422623560699981,8.489103184662223e-5,0.0203009791120217,0.05481188217063001,0.03451090305860831
W02000055,2023,0.043460480999960686,2.0211542880889223e-4,0.022539354563590172,0.08044712716077963,0.05790777259718946
W02000056,2023,0.035096716756634096,1.0402703001477142e-4,0.018923907584488725,0.05790604297994942,0.03898213539546069
W02000057,2023,0.03389379997760407,8.70417611433172e-5,0.018374366960380424,0.05751383022720433,0.0391394632668239
W02000058,2023,0.0366358650993089,1.4143292340490724e-4,0.019695066273994248,0.06533260445304401,0.04563753817904976
W02000059,2023,0.036392068657448255,1.1733954831877299e-4,0.017960379815269528,0.06082789117392177,0.042867511358652244
W02000060,2023,0.03616583550245657,1.1895564041830427e-4,0.016715170215047946,0.056688060787652886,0.03997289057260494
W02000061,2023,0.042844568520781647,2.1361306009804598e-4,0.021793561193440808,0.08227991160757742,0.06048635041413661
W02000062,2023,0.034028564677520294,1.0975971769962658e-4,0.01696781076189287,0.05482426506058012,0.03785645429868725
W02000063,2023,0.03077480091548348,6.850303281611632e-5,0.01708669930202405,0.04885397716334508,0.03176727786132103
W02000064,2023,0.037376495439816644,2.0056629141739743e-4,0.01633943320402899,0.07127361138204294,0.05493417817801395
W02000065,2023,0.03705814818222713,1.3221443789692759e-4,0.01831485259189452,0.06262119140655303,0.044306338814658515
W02000066,2023,0.03739098945419475,1.4726674494584336e-4,0.017415348079104685,0.06260953060693053,0.045194182527825845
W02000067,2023,0.03345976392433941,1.1625193791932834e-4,0.017257610674169782,0.06125694124803895,0.04399933057386917
W02000068,2023,0.040240553808034304,2.0473398530834183e-4,0.021185415721070695,0.07542728045101002,0.054241864729939325
W02000069,2023,0.031891403825967474,1.0202544873042273e-4,0.016521047836870067,0.05668611745675671,0.04016506961988664
W02000070,2023,0.035041532082776924,1.0846394897737309e-4,0.020124596689589283,0.05709387564972141,0.03696927896013213
W02000071,2023,0.03450567612631426,1.4359631748366657e-4,0.017077272273423483,0.06381971481027296,0.04674244253684948
W02000072,2023,0.0378822630129646,1.4779124402847747e-4,0.019660571511032933,0.06690774357216928,0.04724717206113634
W02000073,2023,0.0350528747249316,1.3201290956663654e-4,0.018494007943336718,0.06109122433292134,0.04259721638958462
W02000074,2023,0.03626002911824822,1.0699509472308701e-4,0.0187006289640307,0.06208906413657158,0.04338843517254088
W02000075,2023,0.033366493862175266,1.0025987085887276e-4,0.018557604917036633,0.0580088514175372,0.03945124650050057
W02000076,2023,0.0328978766166186,9.694067553597281e-5,0.015937639548252985,0.05658354532806498,0.04064590577981199
W02000077,2023,0.0331573199328457,7.711577697917005e-5,0.01910285685413154,0.05383718852330183,0.03473433166917028
W02000080,2023,0.03443281925974708,1.1596158173110862e-4,0.018244029127119116,0.06005132011717374,0.041807290990054626
W02000081,2023,0.03796978403515879,1.418240593115397e-4,0.018147697855056058,0.07004245031065441,0.05189475245559835
W02000082,2023,0.03814364298429157,1.5729467915768922e-4,0.019500290696057847,0.06640576921109696,0.046905478515039116
W02000083,2023,0.036186167917075004,9.512005725778536e-5,0.020848797896684243,0.05714668139931177,0.036297883502627526
W02000085,2023,0.036009954641078964,1.724879407988608e-4,0.01647988651929836,0.06627929999645386,0.0497994134771555
W02000087,2023,0.06137186530949106,6.734410076380524e-4,0.026435207175629697,0.12215799785229253,0.09572279067666284
W02000088,2023,0.041696591976461854,1.6970477032052608e-4,0.0205421608307429,0.07267000457772166,0.052127843746978764
W02000089,2023,0.05200598367443692,6.408427318148646e-4,0.019483346947455224,0.1170470416015002,0.09756369465404498
W02000090,2023,0.034673127212733267,9.083074563904809e-5,0.017839261074916766,0.05699326359526259,0.03915400252034583
W02000091,2023,0.03558855848994536,1.3760596860543705e-4,0.018749638176089087,0.06558807468761518,0.046838436511526096
W02000092,2023,0.03689113642929691,1.2367137963616607e-4,0.0189929519662733,0.06141184873495274,0.042418896768679444
W02000093,2023,0.036306794820930834,7.123817048775871e-5,0.021157907384938196,0.05301970043949246,0.03186179305455426
W02000094,2023,0.038768792022416204,1.3120959101898578e-4,0.01954048537177591,0.06809505879842817,0.04855457342665226
W02000095,2023,0.03244853087843695,1.2484960447596693e-4,0.014899785560067668,0.05824629006149688,0.04334650450142921
W02000096,2023,0.036501498845792214,1.0522004792396608e-4,0.01985238441969845,0.06041940373920404,0.04056701931950559
W02000097,2023,0.03666366781681388,1.089323093996292e-4,0.021313904308927954,0.06121425082855142,0.039900346519623466
W02000098,2023,0.031936319338875974,7.440230188826284e-5,0.016895547068954547,0.050396049274666496,0.03350050220571195
W02000099,2023,0.034328502528299276,1.2152101826273866e-4,0.015656403766446073,0.057135115152702906,0.041478711386256834
W02000100,2023,0.04008313821422441,1.0094829831576153e-4,0.025188666285885813,0.06811650194049187,0.04292783565460606
W02000101,2023,0.034141323298651154,9.59910778654682e-5,0.01818021040420163,0.05516620941480253,0.0369859990106009
W02000102,2023,0.038210970670093686,1.0375446850941315e-4,0.022551029668427997,0.062298714626697685,0.03974768495826969
W02000103,2023,0.039223060165828674,1.1025964935592926e-4,0.02217183772953602,0.06480726565056986,0.04263542792103384
W02000104,2023,0.04705119105671108,2.0774815818081144e-4,0.02615213711232907,0.08511143317806952,0.05895929606574045
W02000105,2023,0.049680234752520716,2.658837320255643e-4,0.027060466361416194,0.0911181965902026,0.0640577302287864
W02000106,2023,0.037145550169728384,8.737573918395459e-5,0.022811295848378044,0.057175011880045354,0.03436371603166731
W02000107,2023,0.04087422663591033,1.1237736967221855e-4,0.025174120096365583,0.06834231505449247,0.04316819495812688
W02000108,2023,0.038982779483081126,9.737204923136554e-5,0.02306051853846113,0.060094056331243546,0.037033537792782414
W02000109,2023,0.05330612747000488,2.469192340476878e-4,0.03024574518610249,0.09125452420280608,0.061008779016703596
W02000110,2023,0.036195827156885234,6.715787059868468e-5,0.02275874964544298,0.05326459171686085,0.03050584207141787
W02000111,2023,0.032223196116820604,5.800234475227392e-5,0.017829479399247256,0.04793892372363358,0.030109444324386322
W02000113,2023,0.04406026814054734,2.4729677315364054e-4,0.019825828607142347,0.07944599739048769,0.05962016878334534
W02000114,2023,0.029881211826123195,5.4686909855983413e-5,0.016848840486775055,0.04593609251312074,0.029087252026345684
W02000116,2023,0.04069281408583135,1.7214175424714082e-4,0.022332084609721668,0.07159212261816397,0.04926003800844231
W02000117,2023,0.06694891231708201,4.4549793682035317e-4,0.03404177956313871,0.11692118897074678,0.08287940940760807
W02000118,2023,0.053886681046962974,2.8421749152465986e-4,0.03137798522743823,0.09225820940926355,0.060880224181825315
W02000120,2023,0.037456847960945894,1.15152499280177e-4,0.020395476416287018,0.06512433365080535,0.04472885723451833
W02000122,2023,0.03638957196121501,7.775959175196667e-5,0.02108108701379733,0.05446760955654478,0.03338652254274745
W02000123,2023,0.04193917746229122,1.2840728644732618e-4,0.025160250619934706,0.0707941459574532,0.04563389533751849
W02000124,2023,0.036128347571046396,1.1318855775418659e-4,0.019083851792029666,0.060406618777613996,0.04132276698558433
W02000125,2023,0.035595868288809764,8.486334573145826e-5,0.02082457666311525,0.05591517251454728,0.035090595851432024
W02000126,2023,0.03593704924480484,9.60967514892561e-5,0.02021800646284946,0.05800396589543559,0.03778595943258613
W02000127,2023,0.03540891563739541,1.4424896475439595e-4,0.016611776727641685,0.06550319586079964,0.048891419133157955
W02000128,2023,0.035758657900293145,1.4735464784622796e-4,0.01711502511953971,0.06345719593685968,0.04634217081731997
W02000129,2023,0.0392987328817682,1.2630550906084806e-4,0.02178889481445649,0.06801198250333437,0.04622308768887788
W02000130,2023,0.052573722406274746,2.6944287833688434e-4,0.028113248016160844,0.0953618027821114,0.06724855476595056
W02000131,2023,0.044700217123421405,1.955496590537041e-4,0.02379678497645525,0.07541269596731703,0.05161591099086178
W02000132,2023,0.03549639618023745,1.3924748433725458e-4,0.015976375981181474,0.059836001867980146,0.043859625886798675
W02000133,2023,0.044303506198940364,1.9200529903579166e-4,0.02513221364989357,0.0806261444480531,0.055493930798159535
W02000134,2023,0.0420210297596124,2.351538165932824e-4,0.020638606699942323,0.08347530849612667,0.06283670179618434
W02000135,2023,0.04829825119469218,2.674337783882235e-4,0.023063404018619706,0.09289057651166986,0.06982717249305015
W02000136,2023,0.03321372618940122,1.1494564835195156e-4,0.016270488327904505,0.055437643584182635,0.03916715525627813
W02000137,2023,0.05165343063732667,3.775172894159073e-4,0.02540274257837399,0.09854393969095179,0.0731411971125778
W02000138,2023,0.03337038029884467,2.1698238608776457e-4,0.011908323913176394,0.06687642559177154,0.054968101678595144
W02000139,2023,0.030343172824771548,1.5618539985632745e-4,0.01303289969732458,0.058005962115199365,0.044973062417874785
W02000140,2023,0.03209978625013773,1.7088244580080423e-4,0.011564564990382466,0.06394577854703108,0.05238121355664861
W02000141,2023,0.03179832767826676,1.397512600463542e-4,0.012876839933467533,0.05840438835116935,0.04552754841770182
W02000142,2023,0.03682463305414251,1.1154741083084608e-4,0.020945717388985242,0.06121029730624448,0.040264579917259236
W02000143,2023,0.03349684915527335,5.575786552144268e-5,0.02057108074738677,0.04974862464571567,0.029177543898328898
W02000144,2023,0.03370582054894324,1.0622251246007153e-4,0.017461285860006472,0.05693004323768571,0.03946875737767924
W02000145,2023,0.031518706493651356,7.048442986012625e-5,0.017827911589781198,0.04837710937938844,0.03054919778960724
W02000146,2023,0.03289593123634356,7.641144348903498e-5,0.018349888607710897,0.05099520317865733,0.03264531457094643
W02000147,2023,0.03963577297643417,1.247905062707854e-4,0.022539496023764986,0.06423065972552469,0.04169116370175971
W02000148,2023,0.04316188159493633,2.3170790451058015e-4,0.020627434851281483,0.07720260448861965,0.05657516963733817
W02000149,2023,0.03818344511351935,1.238811250688791e-4,0.020426532356858106,0.06334571260006983,0.042919180243211716
W02000151,2023,0.03325592073993473,8.938606078408985e-5,0.017971513379752245,0.053223426752639136,0.03525191337288689
W02000152,2023,0.03459464278818331,1.0642134271472497e-4,0.018928202780019117,0.058812778681044814,0.0398845759010257
W02000153,2023,0.032996666401410996,1.1921945580137822e-4,0.01745786175437979,0.053239810048740226,0.03578194829436043
W02000154,2023,0.03526456553067436,1.1519055622930123e-4,0.017880775097325195,0.061463736970418584,0.04358296187309339
W02000156,2023,0.034271815952473014,1.1109760780644226e-4,0.018881492442129028,0.05748919279252222,0.038607700350393195
W02000157,2023,0.03364813117458741,1.0129576072138421e-4,0.017367572026546055,0.05421859749933777,0.03685102547279172
W02000158,2023,0.033918417957494465,9.070778961199261e-5,0.019387910787247255,0.05698575297779867,0.037597842190551414
W02000159,2023,0.041147072851131644,1.662016808074753e-4,0.022037376850386828,0.07244949787322977,0.05041212102284294
W02000160,2023,0.033076091643097355,8.931670689667506e-5,0.017793068571171706,0.05624653085362295,0.03845346228245125
W02000161,2023,0.036303068223538806,1.4247575336256006e-4,0.01910367912680498,0.0655033213213718,0.04639964219456681
W02000162,2023,0.034303961249689346,1.7815575240783085e-4,0.015516427813728178,0.06719854341017223,0.05168211559644405
W02000163,2023,0.03974607211973282,1.527905600583875e-4,0.019849437378035607,0.06876354195742951,0.0489141045793939
W02000164,2023,0.03524761344289469,1.1973007583744487e-4,0.01873587495466393,0.05775783108776576,0.03902195613310183
W02000165,2023,0.04155844423182712,2.2749788267969272e-4,0.020415377611521002,0.07879424860521421,0.05837887099369321
W02000166,2023,0.03982140474486646,1.8404944437551692e-4,0.018568890676973142,0.071260214883517,0.052691324206543856
W02000167,2023,0.04278261808230318,2.1583823157262998e-4,0.021569356683895265,0.07800044206645529,0.056431085382560024
W02000168,2023,0.03717944641874426,1.0642669983713802e-4,0.02002397420345768,0.05826576477009725,0.038241790566639566
W02000169,2023,0.035316423472796205,1.01085293384007e-4,0.021349476455769248,0.06218431722565089,0.04083484076988164
W02000170,2023,0.03295532285056416,1.2341639239916893e-4,0.0156856887862923,0.05798358762172533,0.04229789883543303
W02000171,2023,0.030538437085897915,9.806604450767888e-5,0.015633399903168147,0.053023547939875536,0.037390148036707385
W02000172,2023,0.031226763693665685,1.204439401109211e-4,0.015446454589800488,0.054931902747449884,0.0394854481576494
W02000173,2023,0.03318278669122355,1.0675367951187225e-4,0.016585107154318494,0.05630819394626735,0.03972308679194886
W02000174,2023,0.027699397954884908,7.119682942063812e-5,0.014175795954025867,0.04310159098996289,0.028925795035937025
W02000175,2023,0.03211193537739713,1.4034717196163423e-4,0.013749882595295991,0.059821064000239295,0.046071181404943304
W02000176,2023,0.02947332163119631,8.502858285826767e-5,0.013912143952939177,0.047049520662270666,0.03313737670933149
W02000177,2023,0.030220104705970807,1.0565646014310085e-4,0.015246974801854912,0.052869429359679684,0.03762245455782477
W02000178,2023,0.0353997587052316,1.2770879597164288e-4,0.016662687082358366,0.06085067016600047,0.04418798308364211
W02000179,2023,0.028293282573407224,7.024276273577968e-5,0.015508535352613107,0.045321112764717134,0.029812577412104024
W02000180,2023,0.030647210550326924,8.875001419497128e-5,0.015601123849103265,0.05115760207439603,0.03555647822529276
W02000181,2023,0.031927204372354294,1.0516622530478869e-4,0.014171585398337797,0.05712252919526237,0.04295094379692457
W02000182,2023,0.0333233346812245,1.1837600916321529e-4,0.017152492207718816,0.0617279273033714,0.04457543509565258
W02000183,2023,0.03552477084099982,1.0671992103483189e-4,0.018501693591890345,0.058323199123482605,0.03982150553159226
W02000184,2023,0.03173690973255079,8.635685699170842e-5,0.016770322926977357,0.052134549194496525,0.03536422626751917
W02000185,2023,0.02886102814521985,9.180781902470665e-5,0.014393248477242191,0.0498175343780897,0.03542428590084751
W02000186,2023,0.036257185681107584,1.320114097391778e-4,0.01709521639140272,0.06016527591353061,0.04307005952212789
W02000188,2023,0.03887496696736982,1.936124076818336e-4,0.017755540677639046,0.07427021655476783,0.05651467587712879
W02000189,2023,0.032866346736143075,1.0660584973462392e-4,0.015475734930458906,0.054906750565227494,0.039431015634768585
W02000191,2023,0.04496083829512131,2.3965452514909945e-4,0.020269557260193315,0.08056366849468183,0.06029411123448851
W02000192,2023,0.04200819740803066,1.9616594847738278e-4,0.01910584213800135,0.07349363613938983,0.05438779400138848
W02000193,2023,0.04875540428332905,3.633470023617211e-4,0.020032972330067754,0.09056920255459763,0.07053623022452987
W02000194,2023,0.030022112416675573,1.0201605844824637e-4,0.013759979184347296,0.05389459295771737,0.040134613773370076
W02000195,2023,0.029467583084001683,1.1156834070916884e-4,0.013002842906794078,0.05708900800315231,0.04408616509635823
W02000196,2023,0.038722456428890585,2.822616360865461e-4,0.01625732249339493,0.07786800926376247,0.061610686770367545
W02000197,2023,0.026521727318951284,8.671578265907363e-5,0.012163030283536196,0.045003179892122484,0.03284014960858629
W02000198,2023,0.0354288198600738,1.8073371868280484e-4,0.015695502625289744,0.0670614493653428,0.05136594674005306
W02000200,2023,0.032986728322580545,8.522879553772405e-5,0.017530593864399736,0.05538012372740174,0.037849529863002
W02000201,2023,0.03222147035183194,6.411723870885308e-5,0.017676756065969405,0.04853764739655869,0.030860891330589287
W02000202,2023,0.03445527070678248,9.235650084253077e-5,0.019210108643445294,0.05756524751049894,0.03835513886705365
W02000204,2023,0.02927789726129973,8.042275190214154e-5,0.015858185327974096,0.04977127714182146,0.033913091813847364
W02000205,2023,0.02953359315727162,8.87317743397257e-5,0.01340221679423371,0.0503932368449959,0.03699102005076219
W02000206,2023,0.030312897051012182,1.162856486058997e-4,0.013307668251458038,0.053618122619867675,0.04031045436840964
W02000207,2023,0.026687218517665947,8.414448605196354e-5,0.01060669184761399,0.046787645556043714,0.03618095370842972
W02000208,2023,0.0317632801423856,1.0672013408946645e-4,0.015098701498214722,0.05644259920003694,0.041343897701822216
W02000210,2023,0.0300041992947006,1.2175871806205077e-4,0.012561642168194574,0.057049553081051016,0.04448791091285644
W02000211,2023,0.03200961701736677,1.1069192970954657e-4,0.015193094112214225,0.05719696896337008,0.04200387485115585
W02000212,2023,0.030489518820344896,6.494280381156732e-5,0.016860146312338616,0.049210687920318436,0.032350541607979816
W02000213,2023,0.027247544025466863,7.813296169734337e-5,0.01349588068414461,0.04678500621682234,0.03328912553267773
W02000214,2023,0.028242253106167507,1.292841605782244e-4,0.010580326919448935,0.05606275285940908,0.045482425939960144
W02000215,2023,0.030641599397682857,1.4483750302590086e-4,0.01193590293301834,0.05440317465487566,0.04246727172185732
W02000216,2023,0.030528748193312406,1.0340733253269305e-4,0.014432882780006744,0.05027350908867802,0.03584062630867127
W02000217,2023,0.03139028420422651,9.014689754776307e-5,0.016158796129201146,0.05365296679121932,0.03749417066201818
W02000218,2023,0.03469395261467454,1.0743685966537256e-4,0.01855807055108312,0.059824608438213946,0.041266537887130826
W02000219,2023,0.032596400043865686,1.1384982402020246e-4,0.015667995781258753,0.05381280499163017,0.038144809210371416
W02000220,2023,0.03361270607937539,9.37469447991933e-5,0.018914129892955676,0.0526894642599456,0.03377533436698992
W02000221,2023,0.032627472768006455,7.920767720202794e-5,0.018353995717064295,0.05278911950251685,0.034435123785452555
W02000222,2023,0.03122577910282665,7.99518082969814e-5,0.0172355557644908,0.052408489475293196,0.03517293371080239
W02000223,2023,0.03125776348037402,9.442612802889659e-5,0.016659742583479065,0.05118161643955063,0.03452187385607157
W02000224,2023,0.03304191347340437,8.895764602796937e-5,0.017164120631662894,0.05458105619960654,0.03741693556794365
W02000225,2023,0.03524211772148869,1.42594536266465e-4,0.017304418646249695,0.06582456998825309,0.048520151342003395
W02000226,2023,0.03184437505215165,7.547249097413159e-5,0.015890371099603843,0.049591735049002925,0.033701363949399085
W02000227,2023,0.03686399298668243,1.5072432425254135e-4,0.01825042885737633,0.06636154996420753,0.048111121106831196
W02000228,2023,0.03424118581776085,9.509044203593746e-5,0.019251371914453398,0.05630516143818365,0.03705378952373025
W02000229,2023,0.03564309257396511,1.4039265255492173e-4,0.01717772186396939,0.06362193399915947,0.04644421213519008
W02000230,2023,0.0327753774068785,1.045265516594468e-4,0.01707888857041729,0.06086167128133507,0.04378278271091778
W02000231,2023,0.041278284073038185,1.6635218029078397e-4,0.02265167701702639,0.0685174933811342,0.04586581636410782
W02000232,2023,0.03179163661777025,7.93830609186095e-5,0.01600953638921762,0.05146658530885549,0.03545704891963787
W02000233,2023,0.0342995617335709,1.434985268730418e-4,0.015142949011743175,0.06266616298630445,0.047523213974561274
W02000234,2023,0.03442336345973402,1.2953725099644446e-4,0.017501500221827893,0.06150619123845171,0.04400469101662382
W02000235,2023,0.028277036966973243,1.087930611785972e-4,0.012237013323377337,0.05166979812658825,0.03943278480321091
W02000236,2023,0.0299001844217809,1.293966920790641e-4,0.01336927405458984,0.0543705647403715,0.04100129068578166
W02000237,2023,0.03415331598116795,9.981661119269194e-5,0.019130716720985368,0.0628752052976337,0.04374448857664833
W02000238,2023,0.03260537309030519,9.209625166174809e-5,0.018089374496143958,0.055105665141931326,0.03701629064578737
W02000239,2023,0.03550269582913284,7.898294489943891e-5,0.020425678586826,0.05473179176050344,0.03430611317367744
W02000240,2023,0.04423068087872795,1.6142165887671764e-4,0.023267423507647097,0.07228268433304197,0.04901526082539487
W02000241,2023,0.04038280747094068,1.879778333223746e-4,0.017908259205979264,0.07033524351052234,0.052426984304543074
W02000242,2023,0.04001614131092623,1.6022414897878234e-4,0.02044835666137422,0.06856485217353572,0.0481164955121615
W02000243,2023,0.046693304365928744,2.1869908160642237e-4,0.024027556130093625,0.08265966252694981,0.05863210639685619
W02000244,2023,0.037991516201217476,1.3464197082012423e-4,0.01990773274634426,0.06463846796238293,0.04473073521603867
W02000245,2023,0.04523927198028615,1.8059441199631154e-4,0.024335195904081085,0.07705265619261688,0.05271746028853579
W02000246,2023,0.035239626968534624,1.357507519556271e-4,0.01816045466969292,0.06086521599128722,0.0427047613215943
W02000247,2023,0.03373769697354966,1.2618025052385808e-4,0.016736133167500635,0.06096324061726448,0.04422710744976384
W02000248,2023,0.04893836410927529,2.4447698915073266e-4,0.027505687114659942,0.08523214467002067,0.05772645755536073
W02000249,2023,0.05373226361867212,3.5704393381586895e-4,0.02811821594559514,0.09607872885797439,0.06796051291237926
W02000250,2023,0.03519858134562926,1.0922597526403873e-4,0.019652256709931648,0.058595246355851456,0.03894298964591981
W02000251,2023,0.04869870447342494,2.34262308480142e-4,0.02809714197450696,0.08864951607965574,0.06055237410514878
W02000252,2023,0.034662607046385,7.110309176378785e-5,0.019683216755177035,0.05145741184341514,0.0317741950882381
W02000253,2023,0.03636398220538238,1.1777577523589244e-4,0.019621247656592452,0.06408618374135203,0.04446493608475957
W02000254,2023,0.03555340301452924,1.0305488977934987e-4,0.01814751584537198,0.06002729377207297,0.04187977792670099
W02000255,2023,0.03549702426227692,1.0729274218173067e-4,0.01744403399501059,0.05773411608210424,0.04029008208709366
W02000256,2023,0.03642783758655887,8.862647557753536e-5,0.01969957298038926,0.05889431777184172,0.039194744791452456
W02000257,2023,0.03574911501213543,8.744320225511214e-5,0.019544556502976797,0.05695381111673537,0.037409254613758575
W02000258,2023,0.0383829379254945,1.1671067905340498e-4,0.021953440926430888,0.0626445748078754,0.04069113388144451
W02000259,2023,0.04011482199624016,1.5133047091014104e-4,0.019624471875628796,0.06868299282106963,0.04905852094544083
W02000260,2023,0.039140730339165125,1.1006769874278096e-4,0.022965745485754793,0.0654557767311784,0.04249003124542361
W02000261,2023,0.03385096820047933,9.35864898881888e-5,0.016851570905256772,0.05352978699385216,0.036678216088595395
W02000262,2023,0.03242955250898412,1.3816592878524575e-4,0.01627499295702808,0.06013636299798657,0.04386137004095848
W02000263,2023,0.03673190883931014,8.908697019352741e-5,0.019869245648403942,0.056922620117624195,0.03705337446922025
W02000264,2023,0.03918668129517564,1.3218469818171481e-4,0.022129118776390233,0.06962210813793718,0.047492989361546945
W02000265,2023,0.0349392333871447,1.1305394672804023e-4,0.018170753463539767,0.05902531806272146,0.04085456459918169
W02000266,2023,0.03601842642190291,9.102523944334889e-5,0.0205956878185382,0.060440148167627904,0.0398444603490897
W02000267,2023,0.03575084608572967,1.2907547081819504e-4,0.019096763371700076,0.0634679111440416,0.044371147772341524
W02000268,2023,0.03883117147708193,1.1924225104425604e-4,0.02075694950813073,0.06422269833868094,0.04346574883055021
W02000269,2023,0.0358785724370737,1.0606692864370972e-4,0.021133349313163862,0.06131781777877182,0.040184468465607956
W02000270,2023,0.03653109926610913,1.1275177247296903e-4,0.02076304233000994,0.06092745215073028,0.040164409820720344
W02000271,2023,0.03956177926479954,1.8878054822006526e-4,0.019228056787520615,0.07240610467825219,0.05317804789073158
W02000272,2023,0.04041536639001307,1.087304535414735e-4,0.02410420474729018,0.06227686943837978,0.0381726646910896
W02000273,2023,0.04952531181221921,2.098405344699662e-4,0.029241298754281927,0.08272503569552986,0.05348373694124793
W02000274,2023,0.04005484198521928,1.6945702561807846e-4,0.022040377326285908,0.06937312459013371,0.047332747263847806
W02000275,2023,0.037208816579552904,1.1503964013151761e-4,0.019381105520579978,0.060545629678080616,0.04116452415750064
W02000276,2023,0.040368614823592226,1.5468726986454573e-4,0.02133482235809326,0.06766810953082417,0.04633328717273091
W02000277,2023,0.039312157434380456,1.2829061702556864e-4,0.021710791215484276,0.06402056948512024,0.04230977826963596
W02000278,2023,0.04197864721369276,1.4792395701204996e-4,0.02524957905737016,0.0733637020349362,0.04811412297756604
W02000279,2023,0.0365110124322184,1.1961969532330411e-4,0.019308412020907193,0.06576627849015393,0.04645786646924674
W02000280,2023,0.03608739674852773,9.282447291049271e-5,0.01985779774268668,0.05882126952614884,0.03896347178346216
W02000281,2023,0.03891536348987061,1.382036583933026e-4,0.02153593881996574,0.06942438457801117,0.047888445758045434
W02000282,2023,0.03876580933393193,1.1128305185991709e-4,0.023069884012451608,0.06380040301988779,0.04073051900743618
W02000284,2023,0.04118394509227059,1.2070162474711515e-4,0.02296866567437432,0.06906460983763868,0.04609594416326436
W02000285,2023,0.03558450124564406,9.467868460994892e-5,0.01965475284400201,0.060377018212270345,0.04072226536826833
W02000286,2023,0.039064740211063355,1.292407490253017e-4,0.022124237514093203,0.06390087559295407,0.04177663807886087
W02000287,2023,0.039912896257890046,1.2175180781813325e-4,0.023340503185164087,0.06491525562809122,0.04157475244292713
W02000288,2023,0.03983866069214575,9.536067340381219e-5,0.02370634619784944,0.06366462586764424,0.039958279669794795
W02000289,2023,0.04083309299859269,1.2026605224455202e-4,0.023505766058703137,0.06344127283611659,0.03993550677741345
W02000290,2023,0.04051526904150602,1.202565741096951e-4,0.024278470473699125,0.06426889138221656,0.039990420908517434
W02000291,2023,0.037723077082555734,9.781046554083532e-5,0.022459647168493285,0.05974455129347076,0.03728490412497748
W02000292,2023,0.03624505953504099,1.0182866813702761e-4,0.018810931625873144,0.060055660029475974,0.041244728403602826
W02000293,2023,0.037563154018203385,1.5092613026783673e-4,0.01722699029296574,0.06374095200591134,0.046513961712945605
W02000294,2023,0.03263427110024275,7.316058787972458e-5,0.01783091247000845,0.05143314412252025,0.033602231652511805
W02000295,2023,0.030797968081079284,7.857494566419304e-5,0.016760743723610028,0.05002989830950183,0.0332691545858918
W02000296,2023,0.0353729514099369,8.843048086093234e-5,0.019889961363274686,0.057135067600117065,0.03724510623684238
W02000297,2023,0.03681799078455311,8.360584561889021e-5,0.02241806858654099,0.05805193445452874,0.03563386586798775
W02000298,2023,0.03187210274975319,9.171234018553506e-5,0.01586274319612236,0.050819791316213316,0.034957048120090956
W02000299,2023,0.03334063869685632,1.3565323463140904e-4,0.01380586955897923,0.05998910798589389,0.04618323842691466
W02000300,2023,0.03299595442890515,9.579699677320536e-5,0.016305304709439878,0.05659925953223778,0.040293954822797906
W02000301,2023,0.03689315142420584,9.932394834528812e-5,0.022061366899208148,0.060346423921349604,0.03828505702214145
W02000302,2023,0.03604274320653432,9.597513683071549e-5,0.020536687800145094,0.05998597945516583,0.039449291655020736
W02000303,2023,0.03296809694431588,8.916638409718069e-5,0.01738808908291293,0.05345592494015934,0.03606783585724641
W02000304,2023,0.03386822315837164,9.660534166512554e-5,0.018483463381741366,0.05378639059005569,0.03530292720831432
W02000305,2023,0.03239147717079361,1.48548482404754e-4,0.012613304661329188,0.05990435458937356,0.047291049928044365
W02000306,2023,0.03291124290113097,1.0169222703300206e-4,0.016507329820669894,0.05854873039646487,0.042041400575794974
W02000307,2023,0.0417706531207807,1.4193943927800896e-4,0.024291207639713288,0.0683392507689503,0.044048043129237005
W02000308,2023,0.03538803192372903,9.992308170167105e-5,0.019964306726189998,0.05694116248591055,0.03697685575972055
W02000309,2023,0.033126666453212654,8.731524742252923e-5,0.017631824916631726,0.05480964690657229,0.03717782198994057
W02000310,2023,0.03485614031073312,8.753594510457062e-5,0.019827685201996965,0.053293965792322026,0.03346628059032506
W02000311,2023,0.039022375172328226,1.2145362676661276e-4,0.019959117198605447,0.06325430418123824,0.043295186982632794
W02000312,2023,0.03611564436523486,1.2065294256582309e-4,0.017825671744753323,0.06274851742648326,0.04492284568172993
W02000313,2023,0.03666097169904983,1.243606001576462e-4,0.019432112251449044,0.06505679735777145,0.04562468510632241
W02000314,2023,0.03274766992249334,9.6526204286155e-5,0.016815042845017676,0.05874952015612793,0.04193447731111025
W02000315,2023,0.03435888808310567,8.521903372690488e-5,0.01934802599200912,0.05375949928878898,0.03441147329677986
W02000316,2023,0.03337185622235518,7.761908626738693e-5,0.018307790564087507,0.05407387195992362,0.03576608139583612
W02000317,2023,0.03294453365022155,7.866662700862976e-5,0.017996703451022816,0.05225258024769046,0.03425587679666764
W02000318,2023,0.034046685268435066,8.020366514999914e-5,0.020221388872635682,0.05584764081680477,0.03562625194416909
W02000319,2023,0.034994415383615675,1.0301413838425142e-4,0.01959211499613757,0.05541414845644406,0.03582203346030649
W02000320,2023,0.03516775818793162,8.333978703216978e-5,0.019612310611981404,0.05520538458725683,0.035593073975275426
W02000321,2023,0.03225784770578392,8.779263737355555e-5,0.017322239418155735,0.053139631688362325,0.03581739227020659
W02000322,2023,0.03236956725039351,9.122692764644234e-5,0.01767707551348935,0.055762908208445636,0.03808583269495629
W02000323,2023,0.033534936475597715,8.848739233528504e-5,0.017885429776538737,0.05551403757306151,0.03762860779652277
W02000324,2023,0.029854841023945623,6.445017313315183e-5,0.016188062796344473,0.04833014456029362,0.03214208176394915
W02000325,2023,0.0340739978034075,1.0991342080069971e-4,0.015478511886043293,0.05911373427412482,0.043635222388081527
W02000326,2023,0.029998976526367255,6.07035249068122e-5,0.01624878246527295,0.04813380630663269,0.031885023841359744
W02000327,2023,0.027295732114727515,5.9879066674157054e-5,0.014565617867048061,0.04370731818226272,0.02914170031521466
W02000328,2023,0.028856070538829715,7.286115092027058e-5,0.013532318744280097,0.045797368270224445,0.03226504952594435
W02000329,2023,0.03163227924281356,8.154806031108394e-5,0.01576595757647978,0.05072575917814368,0.0349598016016639
W02000330,2023,0.029204428379457668,6.936367441883169e-5,0.014743905849899163,0.046756278300727636,0.03201237245082847
W02000331,2023,0.036794055461280825,1.3298244682123295e-4,0.019027804327727896,0.06230731371308477,0.04327950938535687
W02000332,2023,0.03233110820694344,9.054026682676822e-5,0.015198118888660787,0.05238923690505051,0.037191118016389725
W02000333,2023,0.03414023251067587,1.0948825284887256e-4,0.018699043377906316,0.05946939148175541,0.040770348103849094
W02000334,2023,0.030369624925659738,8.623180978360128e-5,0.015321972388315144,0.05056046406864706,0.03523849168033191
W02000335,2023,0.027768877749313622,6.064031506768399e-5,0.015522944591179089,0.046230229110335835,0.030707284519156747
W02000336,2023,0.029963970920017,7.175829466354985e-5,0.016225370721879656,0.05179317876380496,0.0355678080419253
W02000337,2023,0.03728317542481427,2.0719196653245158e-4,0.017277138062773596,0.07021997724133079,0.052942839178557195
W02000338,2023,0.030216720328287802,8.688925004355365e-5,0.017126871667781676,0.053875567423246534,0.036748695755464855
W02000339,2023,0.02536738253605639,9.52572096168884e-5,0.010740205256564446,0.0471242542088584,0.036384048952293954
W02000340,2023,0.026222461463949374,6.482232777490783e-5,0.012650824512199064,0.04601225287322015,0.03336142836102109
W02000341,2023,0.024424112195556118,4.2171905909967125e-5,0.014172942626326932,0.037934636191047075,0.023761693564720143
W02000342,2023,0.029445251004894545,9.506423384174722e-5,0.015241316608144106,0.050840327098197594,0.035599010490053484
W02000343,2023,0.0320399817381107,1.417635580792068e-4,0.013566103542488685,0.05981225322802916,0.04624614968554047
W02000344,2023,0.03008896470614861,7.867617531021704e-5,0.016260249269561527,0.0519120509155322,0.03565180164597068
W02000345,2023,0.031124154191597378,1.0853571716127845e-4,0.01572394367675102,0.05380756420498504,0.03808362052823402
W02000346,2023,0.03025973127608373,9.813007473059642e-5,0.014204587731457875,0.05254061140510233,0.038336023673644457
W02000347,2023,0.02998096519187083,8.32381921403847e-5,0.01562567010503597,0.048092039571269396,0.03246636946623342
W02000348,2023,0.02861254885981608,1.2565367486959704e-4,0.011800966559507756,0.053618904289847336,0.04181793773033958
W02000349,2023,0.03214752701487435,9.19569534521924e-5,0.016065028270680504,0.051978180692567155,0.035913152421886654
W02000350,2023,0.02930652611086191,9.24668340902865e-5,0.01451331130648642,0.05255967361104626,0.03804636230455984
W02000351,2023,0.02609212462568988,1.6049750146254201e-4,0.008385500968008278,0.059146338813470506,0.05076083784546223
W02000352,2023,0.032897971859880464,1.5982029675608964e-4,0.013281929243843936,0.0588421856671415,0.045560256423297564
W02000353,2023,0.02711123929009307,1.3864925746547677e-4,0.009215492410710981,0.053800300201266166,0.04458480779055518
W02000354,2023,0.025292109887226067,1.1262038576944882e-4,0.008929898575765871,0.049564342674660346,0.040634444098894475
W02000355,2023,0.029392713889872836,8.72468172266347e-5,0.014497527239098522,0.05140426704204027,0.03690673980294175
W02000356,2023,0.03312877918588625,1.5814125437891785e-4,0.01435997337705863,0.06406498048494752,0.04970500710788889
W02000357,2023,0.02870531190476774,1.5185768560767622e-4,0.011463066319375846,0.05849155886230287,0.04702849254292702
W02000358,2023,0.030115301750236544,1.0552949131550496e-4,0.015482375495529737,0.056049815638184716,0.04056744014265498
W02000359,2023,0.029981699386348388,1.7457895328619314e-4,0.011110713712664786,0.062187451905097405,0.05107673819243262
W02000360,2023,0.03925713182307505,2.209246494581476e-4,0.017303578492653147,0.07193187751319391,0.05462829902054076
W02000361,2023,0.028163387987380196,1.1387779255922697e-4,0.011301475712329243,0.05064140376352749,0.03933992805119825
W02000362,2023,0.031017033981322023,1.1398774867016265e-4,0.014604587546166678,0.05449386401129387,0.039889276465127195
W02000363,2023,0.02986173277060576,1.416715395546141e-4,0.01233429020751894,0.05767895916670264,0.045344668959183695
W02000364,2023,0.039333180375314726,2.50464317289717e-4,0.01600327866485565,0.07616423551807885,0.0601609568532232
W02000365,2023,0.03706903733719349,1.7097328121945863e-4,0.016487353001314316,0.06587698804127251,0.04938963503995819
W02000366,2023,0.03309015144661537,9.080317347523979e-5,0.01672764956360056,0.05146539938336729,0.03473774981976673
W02000367,2023,0.03683305576130702,1.0201250426061278e-4,0.021468960997115878,0.0643819756506,0.04291301465348412
W02000368,2023,0.046362069559260255,2.5752821079277444e-4,0.024564329718439575,0.08470462186655342,0.060140292148113846
W02000369,2023,0.03948079647475746,1.347799740585732e-4,0.020588467585213814,0.06561303609756672,0.045024568512352904
W02000370,2023,0.041091384416509245,1.909558474049268e-4,0.02041127552413921,0.08018627955854749,0.059775004034408274
W02000371,2023,0.045314576405705895,1.6289519082484684e-4,0.025526762489419152,0.07211410844536648,0.046587345955947324
W02000372,2023,0.05068112437796216,2.2510462116541395e-4,0.028355857256579714,0.08479667630405652,0.0564408190474768
W02000373,2023,0.05122507453938932,3.284343043988182e-4,0.02522372406748509,0.09454438874412631,0.06932066467664122
W02000374,2023,0.04402145116183373,2.0098382479892004e-4,0.022920771774138156,0.07715404207049306,0.054233270296354906
W02000375,2023,0.05758108314666331,4.007512297749776e-4,0.0288760027501752,0.10882940869983437,0.07995340594965918
W02000376,2023,0.044034415052476066,1.7671474397239236e-4,0.02517356572110194,0.07405197638768751,0.048878410666585576
W02000377,2023,0.042263605616246855,1.5887536052470034e-4,0.021785081762325315,0.067941108706847,0.046156026944521686
W02000378,2023,0.04192031107513588,1.6521535592585435e-4,0.021617034126932576,0.07198040467005709,0.050363370543124515
W02000379,2023,0.05738732933762764,4.939001938932675e-4,0.02574512423365309,0.10602804071559355,0.08028291648194046
W02000380,2023,0.03890360969237994,1.241029320365329e-4,0.021683114583411395,0.0708075570861662,0.049124442502754814
W02000381,2023,0.057444515047262064,5.019888603862845e-4,0.02916411998461773,0.1146764819451285,0.08551236196051076
W02000382,2023,0.054292780369479564,4.0022137196796053e-4,0.026355011952148358,0.10085799688926345,0.07450298493711509
W02000383,2023,0.04772923731707115,2.333224146556392e-4,0.02333192274642758,0.07873601668230873,0.05540409393588115
W02000384,2023,0.04039260802493391,1.2262488362280472e-4,0.022445199092352992,0.06583756529296424,0.043392366200611245
W02000385,2023,0.043135314641472876,1.8127231399851063e-4,0.024791900326300718,0.07814235826063129,0.053350457934330575
W02000386,2023,0.039341536770570215,1.6263635491536808e-4,0.019096827798215026,0.06819000501232166,0.04909317721410663
W02000387,2023,0.040026514178003694,1.2577684681362285e-4,0.022269733910346458,0.06538286411547656,0.0431131302051301
W02000388,2023,0.0438587065822315,1.9484340919787325e-4,0.02273858967239379,0.07352846032397851,0.050789870651584725
W02000389,2023,0.046558871616387394,1.5138304267723655e-4,0.026482840872308858,0.07467616985352735,0.04819332898121849
W02000390,2023,0.040176549351822015,1.8770867168638433e-4,0.019974783049937536,0.07223864360905367,0.05226386055911614
W02000391,2023,0.05835392800721832,3.01551760437184e-4,0.0314044003437543,0.10403056555264564,0.07262616520889134
W02000392,2023,0.04597543204851333,1.7429024299607878e-4,0.02685294703684252,0.0818736825402516,0.05502073550340908
W02000393,2023,0.05186682637644725,3.010148858343461e-4,0.02579304430975529,0.09810348875068911,0.07231044444093382
W02000394,2023,0.07061075273661721,4.610137442881797e-4,0.03566777072767458,0.12005010656438148,0.0843823358367069
W02000395,2023,0.05242551231079856,2.8844849300614943e-4,0.026741938419677494,0.09464713324208895,0.06790519482241146
W02000396,2023,0.06320856818746522,3.7082594788671305e-4,0.031685320403145936,0.10678648812436406,0.07510116772121812
W02000397,2023,0.052462835793851796,3.2726438020076244e-4,0.026035390809325848,0.09671273450775894,0.07067734369843309
W02000398,2023,0.08532320809311388,6.588974447663833e-4,0.04532369222909596,0.1440564673555621,0.09873277512646614
W02000399,2023,0.0758864059283068,5.600013537687978e-4,0.0391545703199299,0.13199057491891858,0.09283600459898868
W02000400,2023,0.05608732687050714,2.66983126779726e-4,0.03141064766800972,0.09656494983066499,0.06515430216265528
W02000401,2023,0.06475845202256668,6.837070142869359e-4,0.030927019335041377,0.13538781161417507,0.10446079227913369
W02000402,2023,0.064299438018055,3.8462204615845005e-4,0.034647408234543764,0.11020091525586218,0.07555350702131841
W02000403,2023,0.05399819568211924,2.756283417318493e-4,0.02734444203506172,0.0957105213669916,0.06836607933192987
W02000404,2023,0.06255839233427096,3.42341257855447e-4,0.03734957928143329,0.10739278446696729,0.070043205185534
W02000405,2023,0.05870572696951931,3.7158500619083004e-4,0.0306648259942008,0.10651048104679338,0.07584565505259258
W02000406,2023,0.06864566149381793,6.450006430604757e-4,0.03103859078209783,0.1252239851887565,0.09418539440665866
W02000407,2023,0.05026848223895003,3.3364733816234086e-4,0.022093228576264914,0.09257682457368044,0.07048359599741552
W02000408,2023,0.06781739805658893,3.6207799610133416e-4,0.038058879682792854,0.10919686729495982,0.07113798761216697
W02000409,2023,0.05149733717748022,2.832499535001819e-4,0.0281156300185516,0.09339504083507771,0.0652794108165261
W02000410,2023,0.07971226009545854,9.102065546980326e-4,0.03995425156222186,0.16779178787177046,0.12783753630954858
W02000411,2023,0.05415119655446695,4.948580614428104e-4,0.024534535854164402,0.10943719717557678,0.08490266132141237
W02000412,2023,0.06522881095963809,4.1083664574765303e-4,0.03619918199413038,0.10773919418269479,0.0715400121885644
W02000414,2023,0.03343229190831506,7.959525480499432e-5,0.018703877180456005,0.054972458636591115,0.03626858145613511
W02000415,2023,0.04308390208481045,1.3329394043302384e-4,0.02636468121725028,0.07089176823786333,0.04452708702061305
W02000416,2023,0.032647363320735284,7.687805508034623e-5,0.019567241935974297,0.0547530081776183,0.035185766241644004
W02000417,2023,0.03271250675035389,1.0514173767043648e-4,0.017219964678978135,0.05732187639621124,0.0401019117172331
W02000418,2023,0.036307157979528416,1.0853772074883736e-4,0.01938016080089231,0.060981020696984405,0.04160085989609209
W02000419,2023,0.030680828361994383,1.0708271969504884e-4,0.01441292893571449,0.05617510786868073,0.04176217893296624
W02000421,2023,0.03959434181136701,1.0782208725819316e-4,0.024956560207656353,0.06655209903250982,0.041595538824853465
W02000422,2023,0.07269654568591535,6.182769699717599e-4,0.039331137046284145,0.13150479562324124,0.0921736585769571
W02000423,2023,0.06737594097811526,4.168407394111423e-4,0.039278919045867944,0.11150112578605831,0.07222220674019036
W02000424,2023,0.03360346282814673,1.1388701903307248e-4,0.017264990713817454,0.055884210821547875,0.03861922010773042
W02000425,2023,0.04008874733473638,1.5706332232581305e-4,0.021838539703650527,0.06861927582005439,0.04678073611640386
W02000426,2023,0.03488641938604041,1.3417070262971005e-4,0.017244671827575588,0.0595524623140266,0.04230779048645101
W02000427,2023,0.030955274243498154,6.479544890391506e-5,0.016463884090644545,0.04967296817980989,0.03320908408916534
W02000428,2023,0.028473293099761446,6.997553872594953e-5,0.013681054327459623,0.047646651910135035,0.03396559758267541
W02000001,2025,0.03711427735361494,1.0554197613299418e-4,0.019325768455590978,0.059298696518262584,0.03997292806267161
W02000002,2025,0.03019617173716716,6.87228477680039e-5,0.01615406207311519,0.04988931233811941,0.03373525026500422
W02000003,2025,0.06825462795982475,9.851814763896845e-4,0.027394115309464794,0.15600613772244526,0.12861202241298048
W02000004,2025,0.046079048255734036,2.094659686471709e-4,0.024651217685236593,0.07921517860724947,0.05456396092201288
W02000005,2025,0.029239828865885532,1.0186572722011182e-4,0.012873207292154198,0.04998960664990528,0.03711639935775109
W02000006,2025,0.04058698068932551,1.323267889838532e-4,0.020777634835130697,0.06597451710711115,0.04519688227198045
W02000007,2025,0.04558591962298778,2.2019424538602443e-4,0.024656373056159708,0.0796295053304201,0.054973132274260386
W02000008,2025,0.031251476156483805,1.387190687478177e-4,0.012406804164397794,0.05717124295079201,0.04476443878639422
W02000009,2025,0.03550783451344226,9.958121509968879e-5,0.02009147819774703,0.05768319794212238,0.03759171974437535
W02000010,2025,0.05435953685013846,5.831719942058964e-4,0.01747442919674507,0.1109007814685759,0.09342635227183083
W02000011,2025,0.04269919800080461,1.970451084196222e-4,0.0194222573124803,0.07576206727249775,0.056339809960017445
W02000012,2025,0.038135275704775165,1.2961609533792835e-4,0.018822790694694093,0.0649453059047601,0.046122515210066
W02000013,2025,0.03794804144203179,1.4831521231547986e-4,0.01844889135738121,0.06740104149933429,0.04895215014195308
W02000014,2025,0.03904955546170009,1.0549712328766012e-4,0.021972782410134003,0.06381280030952013,0.04184001789938613
W02000015,2025,0.038810041779447156,2.268281468650029e-4,0.01624040582826671,0.07496300182597075,0.05872259599770404
W02000016,2025,0.03572080127504654,1.186988786444511e-4,0.017899224035011735,0.061860810915533956,0.04396158688052222
W02000017,2025,0.037954520972364486,1.4891296501985416e-4,0.020198863289217512,0.06957080861793774,0.04937194532872023
W02000018,2025,0.038446363817364465,9.403789889540003e-5,0.022984034626083602,0.06022166489885605,0.03723763027277245
W02000019,2025,0.034544130257661385,9.16971251091936e-5,0.01808595354659694,0.0582010911866639,0.04011513764006697
W02000020,2025,0.03729072524091906,1.6015331738793523e-4,0.017657224988771453,0.06590544313557722,0.04824821814680577
W02000021,2025,0.038263628728355335,2.54145134167227e-4,0.015577171102997497,0.07536201673936602,0.05978484563636852
W02000022,2025,0.0320668447790034,8.186099760929124e-5,0.017977631038089054,0.05244363220981675,0.0344660011717277
W02000023,2025,0.03240820473231402,2.656801686962395e-4,0.010899030150268371,0.07395009209257569,0.06305106194230732
W02000024,2025,0.042153638028392365,9.885417967871662e-5,0.025299955099044456,0.06249381944017404,0.03719386434112959
W02000025,2025,0.038991761381286696,1.31471546362056e-4,0.02170480209133454,0.06505057719758839,0.04334577510625385
W02000026,2025,0.03941087388743496,1.5609093313171646e-4,0.021941703264161852,0.07173405786442523,0.04979235460026338
W02000027,2025,0.0329814990158076,2.3049116318294322e-4,0.010371493632820982,0.06688211142023977,0.05651061778741878
W02000028,2025,0.03186086210091779,1.5202670292681982e-4,0.012031975285246806,0.05901692284567542,0.04698494756042861
W02000029,2025,0.027904677638765953,8.853825920259428e-5,0.01211250044223389,0.04868829327345116,0.03657579283121727
W02000030,2025,0.029790529477194322,1.1937816922007972e-4,0.012899694072824878,0.05565760610981249,0.042757912036987616
W02000031,2025,0.0343572716277443,1.4607673045433125e-4,0.015769390677535522,0.058276773282373955,0.04250738260483843
W02000032,2025,0.028860573200578603,1.2009264077931863e-4,0.01302360739312049,0.053776777425683875,0.04075317003256339
W02000033,2025,0.041548931219598295,1.6902517615940082e-4,0.020045295597986554,0.0668067499170219,0.04676145431903535
W02000034,2025,0.03811432191005176,1.284409502016062e-4,0.020335514312136455,0.06276754598729006,0.04243203167515361
W02000035,2025,0.03664580485210237,1.1244366344110549e-4,0.019741246056385935,0.060909528038911614,0.04116828198252568
W02000036,2025,0.034008200678785724,9.289641578455093e-5,0.018378601059866134,0.05529564276774877,0.03691704170788264
W02000037,2025,0.03497767314595177,1.0121927156210632e-4,0.018782060532003077,0.05700093576876675,0.03821887523676367
W02000038,2025,0.032954264407577025,1.0946570160630166e-4,0.014911135536044775,0.05357383434885021,0.038662698812805436
W02000039,2025,0.034638407297794,1.6643630895131e-4,0.014638078838605307,0.06541607924345233,0.05077800040484702
W02000040,2025,0.03433606409256988,8.06508466230507e-5,0.0189356332894115,0.052707080546630536,0.033771447257219034
W02000041,2025,0.03618551966364929,8.320689042473795e-5,0.02153015927951149,0.055336909158817,0.03380674987930551
W02000042,2025,0.03944463250226229,1.7937115832772403e-4,0.020202833395470222,0.06860636139696857,0.04840352800149835
W02000043,2025,0.04882597500181607,2.767397772388588e-4,0.023504704248301284,0.08981226792581777,0.06630756367751649
W02000044,2025,0.042648077119567286,1.9068441220541362e-4,0.021659179503213728,0.07531908154940181,0.053659902046188084
W02000045,2025,0.04487116743888696,2.6454278552994566e-4,0.021339389854902205,0.08358920163606563,0.06224981178116343
W02000047,2025,0.04269656059300234,2.146811304349822e-4,0.018570591643702863,0.07292651327889552,0.05435592163519265
W02000049,2025,0.04310986055798808,1.354914608023543e-4,0.024507512453287732,0.06809504577425173,0.04358753332096399
W02000050,2025,0.03532352657277387,9.147672893630105e-5,0.019472364507801494,0.05515529782916126,0.035682933321359765
W02000051,2025,0.03786703280730113,1.0126642115780616e-4,0.021854747863839806,0.06125756862670792,0.039402820762868114
W02000052,2025,0.044846313643380147,1.7970645038845154e-4,0.022654697396876543,0.07123293139218709,0.04857823399531054
W02000053,2025,0.039530679855379704,1.1386079589310036e-4,0.02340449270170441,0.0660595214232989,0.0426550287215945
W02000054,2025,0.03989760869641757,9.900610080435916e-5,0.02379204169432704,0.06321680446757855,0.03942476277325151
W02000055,2025,0.050449261104309535,2.3330444327072553e-4,0.027943596549591797,0.0871813532033357,0.0592377566537439
W02000056,2025,0.040939142056457406,1.2737622703798296e-4,0.022178645783703203,0.06678747341730155,0.04460882763359835
W02000057,2025,0.039469540490174274,9.632862377523993e-5,0.02193581464843157,0.06420379570301647,0.0422679810545849
W02000058,2025,0.04267003887423393,1.694809152971631e-4,0.023890393449026045,0.0775902118774813,0.053699818428455254
W02000059,2025,0.04249375830753012,1.5103068277734502e-4,0.021703792025956008,0.07173222196907258,0.05002842994311658
W02000060,2025,0.04226127043361459,1.5720563112686493e-4,0.020878401290237058,0.06910323586512879,0.048224834574891726
W02000061,2025,0.04989212961798844,2.64100760890168e-4,0.02670939731736187,0.0910444781510662,0.06433508083370433
W02000062,2025,0.03978415018866599,1.4137613329617905e-4,0.02038967543463205,0.06467980525285708,0.04429012981822503
W02000063,2025,0.035965519254716465,8.520880439015195e-5,0.020600300456171828,0.05887391660447273,0.038273616148300896
W02000064,2025,0.04355544553581099,2.5447643483036893e-4,0.019759471005090005,0.08421068927024006,0.06445121826515005
W02000065,2025,0.043311314959601575,1.7926657706189282e-4,0.02262898020771524,0.07396113134028215,0.05133215113256691
W02000066,2025,0.04361395342491208,1.860297054060573e-4,0.02169818271275626,0.07528802378315033,0.05358984107039407
W02000067,2025,0.038969683428465324,1.368293440341587e-4,0.0218358915086019,0.06661513140920206,0.044779239900600155
W02000068,2025,0.04693674695502794,2.56699887191705e-4,0.0242871174422819,0.08581157718394644,0.06152445974166454
W02000069,2025,0.03715707140251521,1.1657987699543608e-4,0.020980099467860232,0.06105701149496347,0.040076912027103236
W02000070,2025,0.040910273466236956,1.334245161303609e-4,0.0225417230076123,0.06534020404608597,0.04279848103847367
W02000071,2025,0.040192237855349346,1.6510201763502433e-4,0.019817943482234104,0.0721617992982438,0.0523438558160097
W02000072,2025,0.04411498147671313,1.737466560082882e-4,0.022637987778682592,0.07644534178945749,0.0538073540107749
W02000073,2025,0.04083477845135115,1.5391368494912207e-4,0.02218276775531129,0.06790505421685564,0.045722286461544345
W02000074,2025,0.04232482780290599,1.3426808493972932e-4,0.023150982818322292,0.0717623260051313,0.04861134318680901
W02000075,2025,0.0389580936559882,1.2124656334193367e-4,0.022276369612938947,0.0631650522670468,0.040888682654107854
W02000076,2025,0.038328643561284334,1.116603198641529e-4,0.020606387287599844,0.06199444069198706,0.04138805340438722
W02000077,2025,0.03865153702885913,8.863570057823173e-5,0.02203905248883093,0.06117132645285322,0.03913227396402229
W02000080,2025,0.04025777421921815,1.565436369383982e-4,0.021153956202569008,0.06866846636428722,0.04751451016171822
W02000081,2025,0.044387387979834055,1.8951819188961594e-4,0.0218656284606928,0.07647826706266517,0.054612638601972366
W02000082,2025,0.044615000765583744,2.1160245408951105e-4,0.023065575324429002,0.08132868291725945,0.058263107592830446
W02000083,2025,0.04230053544907687,1.2396686940236058e-4,0.025019794597424167,0.06864782201851885,0.04362802742109469
W02000085,2025,0.04196880936260402,2.2628038362865302e-4,0.02032237168319851,0.07390717345862535,0.05358480177542684
W02000087,2025,0.0709426462198144,8.318584328145436e-4,0.03245953859539304,0.13388388187736708,0.10142434328197404
W02000088,2025,0.04854072322342177,2.0015292217563419e-4,0.024849364251303734,0.08113959359382976,0.056290229342526026
W02000089,2025,0.060257328721741735,7.873436626211857e-4,0.022602359564955512,0.135787329189683,0.11318496962472749
W02000090,2025,0.040494311890297265,1.1030914088551127e-4,0.020934207437813723,0.06243615731571362,0.0415019498778999
W02000091,2025,0.041443034019734946,1.5756093668823425e-4,0.02182541993057164,0.072477666306024785,0.050652246375453146
W02000092,2025,0.04296608715460469,1.476346297548884e-4,0.022076940926589274,0.06875782343462937,0.046680882508040096
W02000093,2025,0.042375241535627016,8.589033951797521e-5,0.02554743163436549,0.0646566015100934,0.03910916987572792
W02000094,2025,0.04515673637568385,1.5710741987356379e-4,0.023840928288098376,0.07587870195977084,0.05203777367167246
W02000095,2025,0.037905839976944224,1.574163692887061e-4,0.01860607889377336,0.06565341200805205,0.047047333114278694
W02000096,2025,0.042499649229033806,1.1623652517630859e-4,0.023440820772264063,0.06499960313050615,0.04155878235824209
W02000097,2025,0.042754057485165524,1.3464529862753486e-4,0.026590798359809317,0.0696305466103199,0.04303974825051057
W02000098,2025,0.03731365816969171,9.31059193593844e-5,0.02104975108331194,0.058862253207830686,0.03781250212451875
W02000099,2025,0.040087613815850465,1.5824309222041267e-4,0.01944676149851132,0.0662453106442795,0.046798549145768184
W02000100,2025,0.046700684918174355,1.142139107658179e-4,0.030448055594405977,0.07452667861289836,0.04407862301849238
W02000101,2025,0.039767960358143825,1.1237685297183044e-4,0.023560435879208183,0.06423119070853418,0.040670754829326
W02000102,2025,0.04454263889671612,1.2298984786592203e-4,0.027217365465736255,0.06817600438334695,0.040958638917610694
W02000103,2025,0.04579695746640721,1.4389284809481078e-4,0.02671590010765549,0.07386410898195356,0.04714820887429807
W02000104,2025,0.05470974017456345,2.54721015518071e-4,0.03153471539676551,0.09335354804070972,0.061818832643944215
W02000105,2025,0.05771813948784289,3.268759317727783e-4,0.030677444319867887,0.10031321157772857,0.06963576725786069
W02000106,2025,0.04339387124081281,1.0960776060134511e-4,0.026547742842922405,0.06652652884912724,0.03997878600620484
W02000107,2025,0.04764178142092853,1.312228390766387e-4,0.029340644858618835,0.07205045313961081,0.042709808280991975
W02000108,2025,0.04540192212464594,1.1295906695941546e-4,0.028807515005909307,0.06815420896711735,0.039346693961208046
W02000109,2025,0.06188914595013423,2.953076667808871e-4,0.03624394773760521,0.10556760404631702,0.0693236563087118
W02000110,2025,0.04228851751954389,8.358738732976907e-5,0.027042981933353513,0.06166621958680032,0.034623237653446805
W02000111,2025,0.037671105675086816,7.28777973904662e-5,0.02170192248873614,0.05692170178771917,0.03521977929898303
W02000113,2025,0.051211720669393966,3.030643678955681e-4,0.024784226714153847,0.09330820435121766,0.0685239776370638
W02000114,2025,0.03498443347285375,6.975264864191783e-5,0.0210852000052684,0.054165693532763265,0.03308049352749487
W02000116,2025,0.04732283458553228,2.007279469838662e-4,0.025967842297737243,0.07955774707838417,0.05358990478064693
W02000117,2025,0.07732721876023542,5.054852379692565e-4,0.04120629827307639,0.1301571706776271,0.08895087240455071
W02000118,2025,0.06255979656707016,3.4388515109228706e-4,0.03620982038755825,0.10397724809751742,0.06776742770995917
W02000120,2025,0.04367884266118749,1.3911228437725562e-4,0.025505554447056468,0.07138449685784629,0.04587894241078982
W02000122,2025,0.04249033751905554,9.394066401139585e-5,0.025339807886844052,0.06101932112241845,0.0356795132355744
W02000123,2025,0.048877618817539034,1.568575351443834e-4,0.030319319901970853,0.08141319306879077,0.05109387316681992
W02000124,2025,0.04215517754036606,1.3973428768852703e-4,0.023298522993045783,0.07012553138596664,0.04682700839292085
W02000125,2025,0.04156679571846894,1.0231503062067776e-4,0.0256615504698022,0.06480743549883307,0.039145885029030866
W02000126,2025,0.041993342978337046,1.235785709730835e-4,0.02418978007750987,0.06890596798141721,0.04471618790390734
W02000127,2025,0.04138057937812958,1.868842087837845e-4,0.018905348040546575,0.07596794545700641,0.05706259741645984
W02000128,2025,0.04175025735104055,1.842233320506376e-4,0.02087351136213777,0.07537621446435092,0.05450270310221315
W02000129,2025,0.04581357225439705,1.5001209564033768e-4,0.026008667551998363,0.0739605675805574,0.047951900028559036
W02000130,2025,0.06113527632345511,3.233393232921659e-4,0.031000261533442874,0.10100650007818865,0.07000623854474577
W02000131,2025,0.05211345167131484,2.52774425037708e-4,0.027389944744409454,0.0832150731907595,0.055825128446350056
W02000132,2025,0.04145357108573819,1.746192054619922e-4,0.019872791603885723,0.06870587209636217,0.04883308049247645
W02000133,2025,0.051571356607592586,2.2624295633602812e-4,0.0284452987167419,0.08646325543827499,0.05801795672153309
W02000134,2025,0.04889320867057023,2.705672463661457e-4,0.02348914657675335,0.08915281114015622,0.06566366456340286
W02000135,2025,0.056082999629422745,3.2506799380797223e-4,0.03051986153939005,0.10540461238982346,0.07488475085043342
W02000136,2025,0.038936164064335706,1.6272202945814018e-4,0.01892286024718959,0.06840036981671921,0.04947750956952962
W02000137,2025,0.06012173666475662,4.8345966915380224e-4,0.028345379173192846,0.11112397999754436,0.08277860082435151
W02000138,2025,0.039127475230174714,3.080198188515302e-4,0.012905389912489532,0.08530782360192649,0.07240243368943695
W02000139,2025,0.035522698908474794,2.1664538963318619e-4,0.016385102728334294,0.0672259837391424,0.05084088101080811
W02000140,2025,0.03760863718435125,2.3308332740061227e-4,0.014202084144322474,0.07346927897253247,0.059267194828209996
W02000141,2025,0.03729632624235394,1.963344567863084e-4,0.01629621851838919,0.06870275835803391,0.05240653983964472
W02000142,2025,0.042922279469176074,1.2893764210072345e-4,0.023601827359987768,0.06733884146334863,0.043737014103360866
W02000143,2025,0.03912397404075003,6.605381918403594e-5,0.02453428215674728,0.05612533944933227,0.03159105729258499
W02000144,2025,0.039310145989178244,1.2554703219447085e-4,0.021225349951516377,0.06382258921512882,0.04259723926361244
W02000145,2025,0.03677686201089473,8.114942633074305e-5,0.021060609072602085,0.0565485289881212,0.03548791991551911
W02000146,2025,0.03843283133899931,9.504735131388669e-5,0.022284453389333818,0.06104376712572289,0.03875931373638907
W02000147,2025,0.04625429804572891,1.5721138474752053e-4,0.025463198074940397,0.07451403168831564,0.04905083361337524
W02000148,2025,0.050375376855198856,3.009330827079057e-4,0.023711668461190542,0.09271727131471225,0.0690056028535217
W02000149,2025,0.04462290839712995,1.6434876483067013e-4,0.025015285128035587,0.07401070165303722,0.04899541652500163
W02000151,2025,0.03873485428534885,1.0065438821134072e-4,0.022397026183129387,0.060420108756128035,0.03802308257299865
W02000152,2025,0.040344233838647554,1.27823908336797e-4,0.023743527337777168,0.0652695648102283,0.041526037472451136
W02000153,2025,0.038576637442227106,1.495955184937307e-4,0.02050310340037534,0.0649670143482774,0.04446391094790206
W02000154,2025,0.04118714065762529,1.4600425965517917e-4,0.02074754313450013,0.06885245578681073,0.04810491265231061
W02000156,2025,0.04010142778264086,1.50209670049063e-4,0.02357971937320876,0.07095943344503358,0.04737971407182482
W02000157,2025,0.03937241287996459,1.379254058562804e-4,0.020263424992015146,0.06128795372080544,0.0410245287287903
W02000158,2025,0.03964052816716215,1.1224446196329235e-4,0.022500870291542734,0.06437961872462146,0.041878748433078726
W02000159,2025,0.047958090142813305,2.065985533107015e-4,0.026224854233480904,0.08082725655744072,0.05460240232395981
W02000160,2025,0.03869156175267435,1.1500266488947401e-4,0.02071681697405495,0.06289690820363668,0.04218009122958173
W02000161,2025,0.04238626638328234,1.815791370584316e-4,0.022334224983626194,0.07328332112111102,0.05094909613748483
W02000162,2025,0.040038132703675865,2.2870433195467445e-4,0.01782868961880047,0.07643506877464554,0.058606379155845066
W02000163,2025,0.046406362112180084,2.0066079504301598e-4,0.02469940911272278,0.0804557355521067,0.05575632643938391
W02000164,2025,0.04122842403916067,1.59825342491393e-4,0.022550375180683462,0.06887604680396014,0.04632567162327668
W02000165,2025,0.04841597195544455,2.8782205506148594e-4,0.024642882343893936,0.08976372739005986,0.06512084504616593
W02000166,2025,0.04648480099573158,2.3844602685926006e-4,0.0214109326552799,0.08244545495530117,0.06103452230002127
W02000167,2025,0.049818564104413515,2.619960493215819e-4,0.027097583066498586,0.08826172670389473,0.06116414363739615
W02000168,2025,0.04351848026050513,1.4544187414083503e-4,0.024151358770780618,0.07015053812471586,0.04599917935393524
W02000169,2025,0.041270615647178675,1.2911777287669045e-4,0.02575996750478108,0.07012592244124749,0.04436595493646641
W02000170,2025,0.038513849601282055,1.540434411693225e-4,0.01886740416566269,0.06698089742752139,0.0481134932618587
W02000171,2025,0.03578035707907241,1.296267000422007e-4,0.018911158226919723,0.059303540969906046,0.04039238274298632
W02000172,2025,0.03653025132892147,1.6032410472179655e-4,0.017489397369582244,0.06467321374125595,0.04718381637167371
W02000173,2025,0.03880332094507985,1.407397302687964e-4,0.020007133550289442,0.06652899893769756,0.04652186538740812
W02000174,2025,0.032447331087746605,9.277398346503539e-5,0.015865804365563858,0.0522446686698996,0.03637886430433575
W02000175,2025,0.03750204148845682,1.7481798220483988e-4,0.01597860972217812,0.06769368661709883,0.05171507689492071
W02000176,2025,0.03453374245310394,1.132108765317213e-4,0.017529214405188807,0.05462000760023791,0.037090793195049106
W02000177,2025,0.03543526437329723,1.4682568234750354e-4,0.017881298602087516,0.06366297243986496,0.045781673837777447
W02000178,2025,0.041380769817741254,1.6821147997553477e-4,0.019782116067417223,0.07129479847264107,0.051512682405223845
W02000179,2025,0.03309615820673941,8.757262857470372e-5,0.01838900859001513,0.05436802714741369,0.03597901855739856
W02000180,2025,0.035886863366781055,1.1687946265691415e-4,0.019889958436282718,0.057203256091315616,0.0373132976550329
W02000181,2025,0.0373518705712338,1.4184946240091204e-4,0.017111786117808322,0.06347283959940447,0.04636105348159615
W02000182,2025,0.03904820171487516,1.6586724595351338e-4,0.01971770178715901,0.0730114182604971,0.053293716473338096
W02000183,2025,0.04161161883180344,1.4649119863314493e-4,0.02110968859603517,0.07218261452902379,0.05107292593298862
W02000184,2025,0.03715956192737328,1.1407171367430821e-4,0.020146278050995906,0.06065304775646237,0.04050676970546646
W02000185,2025,0.03379200862154061,1.2077048531970837e-4,0.01786819119773867,0.05730054369150857,0.0394323524937699
W02000186,2025,0.042422647192293196,1.822914014661413e-4,0.021948573673970476,0.07103007628772079,0.049081502613750314
W02000188,2025,0.04543280309913838,2.6600591067376777e-4,0.022445113924290515,0.08554186116575802,0.0630967472414675
W02000189,2025,0.03847043377317456,1.408134868452057e-4,0.017179608918444087,0.06541665609596159,0.048237047177517506
W02000191,2025,0.05235742879830737,3.0550721007666705e-4,0.023322078035553535,0.08805335678133508,0.06473127874578155
W02000192,2025,0.04905040564687516,2.61169037971769e-4,0.02313745992336526,0.08810682516546814,0.06496936524210288
W02000193,2025,0.05662598818022173,4.3535133441340625e-4,0.022940478139949816,0.09980252641706172,0.0768620482771119
W02000194,2025,0.035126831635477154,1.2964734414382578e-4,0.016184505831974096,0.061256973767285866,0.04507246793531177
W02000195,2025,0.034479569309347896,1.5007302494789306e-4,0.015680031376905705,0.06574763674629672,0.05006760536939101
W02000196,2025,0.04516873212279857,3.730147441474334e-4,0.019665845579344088,0.09000126243600307,0.07033541685665898
W02000197,2025,0.031066106532761945,1.1252377560263955e-4,0.014110614856032645,0.054208837280688975,0.04009822242465633
W02000198,2025,0.0413926334846657,2.3342371517455344e-4,0.019511793628228906,0.07951967933305897,0.06000788570483006
W02000200,2025,0.03850969639262165,1.0320464959034194e-4,0.022267572125935678,0.06045380273464547,0.03818623060870979
W02000201,2025,0.037606019099508343,7.517689740065425e-5,0.021189133398942767,0.053615531215685366,0.0324263978167426
W02000202,2025,0.04021911899867491,1.0929479815024201e-4,0.02316080473379,0.06751117167005352,0.04435036693626352
W02000204,2025,0.03424098541914586,1.0057523372965219e-4,0.018443295281617124,0.05791809706385277,0.03947480178223565
W02000205,2025,0.034577302212758086,1.1570038856723863e-4,0.015873075773982857,0.05935207427996754,0.04347899850598468
W02000206,2025,0.0353941249459605,1.4599844119392422e-4,0.01667604887297568,0.06368486519353589,0.04700881632056021
W02000207,2025,0.03112144530531491,1.0043239737870621e-4,0.013950988693922254,0.0530372295798492,0.03908624088592695
W02000208,2025,0.037137393363083145,1.399256746953039e-4,0.016999559808222868,0.06715620435032701,0.050156644542104147
W02000210,2025,0.034956940120114535,1.4773177434518125e-4,0.015022419427106425,0.06307630270509083,0.048053883277984405
W02000211,2025,0.03735231477999524,1.3619816358037873e-4,0.018372675760265956,0.062441076902274115,0.04406840114200816
W02000212,2025,0.03564575933577236,8.013322128519291e-5,0.01986027648806638,0.05446545284481852,0.03460517635675214
W02000213,2025,0.03182992907383519,9.652307054523407e-5,0.016039715099243353,0.05410014630420436,0.038060431204961005
W02000214,2025,0.03296992710881049,1.6624416411178781e-4,0.012739702669171935,0.06298232887018282,0.05024262620101089
W02000215,2025,0.03573457728324917,1.8516225231371167e-4,0.014969151481761797,0.0655639188174789,0.050594767335717106
W02000216,2025,0.035700563218691056,1.338538187634421e-4,0.01798965117525897,0.05971916567706478,0.04172951450180581
W02000217,2025,0.036672451773370494,1.1311647207600629e-4,0.019670680891958482,0.05971085949469491,0.040040178602736426
W02000218,2025,0.04045814845058021,1.3031962696060512e-4,0.02406899814142071,0.06629290865451254,0.04222391051309183
W02000219,2025,0.03801938385669212,1.305566261578948e-4,0.01973380240353594,0.06201886305103446,0.042285060647498526
W02000220,2025,0.03919650071263758,1.0621973637621144e-4,0.022277948644585946,0.06046972975839811,0.03819178111381216
W02000221,2025,0.03809582602128724,9.405887660814686e-5,0.0230279769935472,0.05789137388199081,0.03486339688844361
W02000222,2025,0.03648391499059243,1.0006053740359042e-4,0.021119254925429,0.05683200577315459,0.035712750847725586
W02000223,2025,0.03652403839594837,1.167565592136867e-4,0.018757574430243833,0.059714296859926755,0.04095672242968292
W02000224,2025,0.038549390410790266,1.0640132231959648e-4,0.02164580744524074,0.06186704896301029,0.040221241517769554
W02000225,2025,0.04110585103606843,1.7456182207050889e-4,0.020774712738334856,0.07135366127947439,0.050578948541139535
W02000226,2025,0.03722597458356091,9.506589114773388e-5,0.019100984770841198,0.0565465760247133,0.037445591253872104
W02000227,2025,0.04299199659426573,1.8438840888146537e-4,0.021801986163960757,0.0746865911892417,0.052884605025280945
W02000228,2025,0.040009553672229796,1.1402736969561077e-4,0.02242831223440042,0.06311173498848163,0.04068342275408121
W02000229,2025,0.04158655314808169,1.7519508234068555e-4,0.021529320010894006,0.07060668769791376,0.04907736768701975
W02000230,2025,0.03822470548219444,1.2006983525084271e-4,0.020582108239736566,0.06553726255956391,0.04495515431982734
W02000231,2025,0.04806462920991635,1.9808196547872384e-4,0.026431050452476575,0.08059442377435756,0.05416337332188099
W02000232,2025,0.03718322872078567,9.868046662758115e-5,0.01891074670801418,0.05757895167652034,0.03866820496850616
W02000233,2025,0.03998581128406018,1.7382632743619253e-4,0.018984983488043606,0.06868671563430354,0.04970173214625993
W02000234,2025,0.040212829688379664,1.621160794410322e-4,0.019763224040856286,0.06926395287987326,0.049500728839016975
W02000235,2025,0.033040294349899815,1.3507944287475762e-4,0.015265099036584859,0.059323013564191014,0.04405791452760616
W02000236,2025,0.03490304343843427,1.5759021096488216e-4,0.015794131869103487,0.060262791575009175,0.04446865970590569
W02000237,2025,0.039826259624624084,1.182171886561333e-4,0.022500028662524686,0.06502400087256802,0.04252397221004333
W02000238,2025,0.03811099226624191,1.1741777241981545e-4,0.020551145025364453,0.0624694380562032,0.041918293030838744
W02000239,2025,0.04148493387851244,9.497397095947513e-5,0.02485174607659232,0.06258347754564864,0.03773173146905631
W02000240,2025,0.051613491164675916,2.187216582993847e-4,0.028027435545172674,0.08551453809001372,0.057487102544841046
W02000241,2025,0.04707459005112919,2.4112930581834442e-4,0.02127768213393519,0.08452075401987472,0.06324307188593953
W02000242,2025,0.046627937578568576,1.995881003029614e-4,0.024661103457247015,0.07690816549559465,0.052247062038347634
W02000243,2025,0.0542486422521105,2.565683430912301e-4,0.029018708452382767,0.09374257028559711,0.06472386183321435
W02000244,2025,0.04434827785835637,1.676935955162172e-4,0.023748715636038628,0.07388217872548952,0.050133463089450894
W02000245,2025,0.052583717479049205,2.1100514792921665e-4,0.03037195084368572,0.0861046674452281,0.05573271660154238
W02000246,2025,0.04102200133628315,1.67250294360143e-4,0.02241413887982873,0.0705819892414583,0.048167850361629565
W02000247,2025,0.039370618007702196,1.5586598352717194e-4,0.01987219395483298,0.06636069196818307,0.046488498013350095
W02000248,2025,0.05686265267444732,2.9262985437872893e-4,0.032884229482533736,0.09586063532011091,0.06297640583757717
W02000249,2025,0.06217573126116633,4.0760535763332997e-4,0.03329079237380561,0.11135249993417384,0.07806170756036823
W02000250,2025,0.041099128258990356,1.3263916036658719e-4,0.023505604503961927,0.06666215635442706,0.04315655185046513
W02000251,2025,0.05663498479480323,2.786220566616605e-4,0.033355995341757996,0.09980808312908024,0.06645208778732224
W02000252,2025,0.04045350685531241,8.5597706956346e-5,0.024104207884696204,0.05690717603498442,0.032802968150288214
W02000253,2025,0.04251883267817305,1.5359074616781381e-4,0.02193729094361027,0.06845206376381957,0.0465147728202093
W02000254,2025,0.04152284084361826,1.2848283670592432e-4,0.021704860033333183,0.06591368404172145,0.04420882400838826
W02000255,2025,0.04145589699495328,1.3634934099045386e-4,0.021675307169683328,0.06795600093292689,0.04628069376324356
W02000256,2025,0.04257138317113314,1.1234779891724804e-4,0.023127277897773666,0.06364081587916608,0.040513537981392414
W02000257,2025,0.04174167593923078,1.064801824390297e-4,0.023302273200571016,0.06207395191643786,0.03877167871586684
W02000258,2025,0.044716896792426485,1.3365910796639004e-4,0.02616152088264808,0.070003221950982,0.043841701068333926
W02000259,2025,0.04664436880211544,1.7881252974310106e-4,0.02431550414697311,0.07909952162738054,0.05478401748040743
W02000260,2025,0.04572642270554254,1.4107968057749847e-4,0.026002985177740565,0.07329713706582383,0.047294151888083266
W02000261,2025,0.039604220204160746,1.2388220118901157e-4,0.020404000879367536,0.06403429707335481,0.04363029619398728
W02000262,2025,0.03787112595769507,1.6840716454721743e-4,0.018897910156697423,0.06958463414623683,0.05068672398953941
W02000263,2025,0.04289918617818658,1.1064355777803561e-4,0.024365132703942013,0.0644290886282913,0.04006395592434929
W02000264,2025,0.04565749237222972,1.569179545861022e-4,0.02612477576706113,0.07536149016405805,0.04923671439699692
W02000265,2025,0.040828186917752904,1.4843752051955597e-4,0.02227292941188217,0.06754083140397224,0.04526790199209007
W02000266,2025,0.04204577362022233,1.1082309455563453e-4,0.023926643734134785,0.0663284794529273,0.04240183571879252
W02000267,2025,0.04173751660133772,1.6133738550630744e-4,0.022149344791207663,0.07119477422865192,0.049045429437444256
W02000268,2025,0.04522733374652529,1.3797788202493734e-4,0.025953321445521177,0.07266440472872993,0.04671108328320875
W02000269,2025,0.04181217673458092,1.2040146701857366e-4,0.025149058163744954,0.06757941431068837,0.04243035614694342
W02000270,2025,0.04268307120702783,1.460328653025134e-4,0.024252020620412165,0.0755123941676047,0.05126037354719254
W02000271,2025,0.04602494810666742,2.252820052347057e-4,0.022749321324733993,0.08150101283937083,0.05875169151463684
W02000272,2025,0.04715300133985492,1.3343447728733336e-4,0.02986829872145219,0.07529995981222308,0.04543166109077089
W02000273,2025,0.05760961734011912,2.490918464283359e-4,0.03314079362371932,0.09073431699879503,0.05759352337507571
W02000274,2025,0.04658600858219526,1.9130328038125918e-4,0.025493018708303394,0.07563149386080448,0.05013847515250108
W02000275,2025,0.04345916578009816,1.454886536556659e-4,0.022481462653075584,0.070920728874234,0.048439266221158406
W02000276,2025,0.047036006736838075,1.9148794475088202e-4,0.025549125756057955,0.08034754039962948,0.05479841464357152
W02000277,2025,0.045983860560729395,1.6981348905248145e-4,0.024653735512384457,0.07434295937549343,0.04968922386310897
W02000278,2025,0.048880867679887946,1.675377168478328e-4,0.029482019912503446,0.08244089033540739,0.05295887042290394
W02000279,2025,0.042611574032991414,1.4676655972712687e-4,0.021479695278457986,0.07221406700023655,0.05073437172177857
W02000280,2025,0.04221301283219345,1.2265911456843566e-4,0.025073203610900312,0.06727745405829863,0.04220425044739832
W02000281,2025,0.045368788218631294,1.662197549054535e-4,0.024007582801246458,0.07618936086891386,0.0521817780676674
W02000282,2025,0.045249964658311874,1.3932447988167546e-4,0.026635790329612115,0.07400340663890333,0.04736761630929121
W02000284,2025,0.0481251788891449,1.6866446071216583e-4,0.027847430114954465,0.07731440779321408,0.04946697767825961
W02000285,2025,0.0415934926023814,1.2053995999706786e-4,0.022429751099283895,0.06688654089634818,0.044456789797064286
W02000286,2025,0.04578025195093109,1.855363670362754e-4,0.025384269532280054,0.08026696245706903,0.05488269292478898
W02000287,2025,0.04671442622028687,1.6755167819840577e-4,0.02735559396625161,0.07824518319254681,0.0508895892262952
W02000288,2025,0.0464801420225767,1.1552179745888592e-4,0.028450512210929285,0.07006177829583868,0.04161126608490939
W02000289,2025,0.04762925152103728,1.4940076375059407e-4,0.027552266202015896,0.07544494885200619,0.04789268264999029
W02000290,2025,0.04736874046194461,1.6525665580361355e-4,0.02919444869904476,0.07747012297050378,0.04827567427145901
W02000291,2025,0.04413019458387726,1.347829534708749e-4,0.025893585646238244,0.07059567580163317,0.04470209015539493
W02000292,2025,0.042411255840034606,1.366545293267355e-4,0.022392882921163166,0.06865975120698828,0.046266868285825116
W02000293,2025,0.04388494848540123,2.0189252277834875e-4,0.0208922751118892,0.07677434700245017,0.05588207189056097
W02000294,2025,0.038201517084679365,9.673469366398866e-5,0.021675653268807306,0.05978133576682253,0.03810568249801522
W02000295,2025,0.03605211315370949,1.0071308577078621e-4,0.0189229987200464,0.058843507736112306,0.039920509016065905
W02000296,2025,0.04129845008989859,1.100726787994988e-4,0.023271142383256324,0.060989783226355336,0.03771864084309901
W02000297,2025,0.04301427008901299,1.0692657409223452e-4,0.02709132202428418,0.06674500486829416,0.039653682844009976
W02000298,2025,0.03730272337651417,1.184522338407013e-4,0.01895287354242613,0.06353058539995769,0.044577711857531566
W02000299,2025,0.03889709719137236,1.7092141099283478e-4,0.016719754370843283,0.06906479498692025,0.05234504061607697
W02000300,2025,0.03863500725552808,1.2927357102574617e-4,0.019982692336731042,0.06413996819390388,0.04415727585717284
W02000301,2025,0.04306882860803335,1.2156867676910187e-4,0.026433040062522065,0.06593878850618398,0.03950574844366192
W02000302,2025,0.04214111740200648,1.2305872267290126e-4,0.024105489092460103,0.06729897542572531,0.04319348633326521
W02000303,2025,0.038519938209627375,1.0908828880786046e-4,0.021226596562272423,0.0600106230359079,0.03878402647363548
W02000304,2025,0.039537725554307984,1.1723911713006984e-4,0.022148995730983265,0.06403081787492478,0.04188182214394151
W02000305,2025,0.037873995704385835,1.9722158774757595e-4,0.014622244523755174,0.07098158815082665,0.056359343627071484
W02000306,2025,0.038500908600412206,1.3263698989417295e-4,0.019250454797723787,0.06652120938035525,0.047270754582631455
W02000307,2025,0.048742845567623996,1.77448436342564e-4,0.028392194523983012,0.07656532707560076,0.04817313255161775
W02000308,2025,0.04129178044580563,1.184685586702692e-4,0.024444767484534575,0.0659251432797033,0.04148037579516872
W02000309,2025,0.038701428366644225,1.067606302924812e-4,0.020096850059456647,0.06161250939587458,0.04151565933641793
W02000310,2025,0.040701846314546625,1.006406915822317e-4,0.023137366063417215,0.059987735780860765,0.03685036971744355
W02000311,2025,0.045511218621866134,1.4913804342758054e-4,0.025558415970547005,0.0725093422384504,0.0469509262679034
W02000312,2025,0.04214103639712824,1.4695956588600483e-4,0.02178334743184547,0.0704671865329437,0.048683839101098234
W02000313,2025,0.04283732936684399,1.5410330705332368e-4,0.023076425484978007,0.06821350158714554,0.04513707610216753
W02000314,2025,0.038234998080459624,1.1869871000187123e-4,0.020391205363120682,0.06321156024570604,0.04282035488258536
W02000315,2025,0.040164485973881094,1.083587316373332e-4,0.02236174778553112,0.06423453429178583,0.04187278650625471
W02000316,2025,0.039127013080665296,1.0958836969136999e-4,0.021474597573490312,0.06158532023794207,0.04011072266445176
W02000317,2025,0.03850325104180654,1.0218728386905862e-4,0.02180064281450393,0.06053087719293846,0.03873023437843453
W02000318,2025,0.03985009129172524,1.0503460515770312e-4,0.024109984337361865,0.06653234334413038,0.04242235900676852
W02000319,2025,0.04096138421348675,1.3567664176953272e-4,0.023741798036445126,0.06602418284870491,0.042282384812259786
W02000320,2025,0.041044221698583856,9.740832540657105e-5,0.024873918713625154,0.061702055981605775,0.03682813726798062
W02000321,2025,0.03767117037171169,1.0677304586655314e-4,0.020682882669704764,0.06136957890950828,0.04068669623980352
W02000322,2025,0.037781895655537454,1.1395035866497275e-4,0.021212186588441595,0.06443762172513451,0.043225435136692913
W02000323,2025,0.03923234349876513,1.1493024634306155e-4,0.02126356191976636,0.06545189767723572,0.04418833575746936
W02000324,2025,0.035009137040569814,8.622430730162881e-5,0.0183921756772545,0.05444693973104231,0.03605476405378781
W02000325,2025,0.039930643909065845,1.5651805948892612e-4,0.019361231139878973,0.06866178901259526,0.04930055787271628
W02000326,2025,0.035189626121165156,8.484562785955633e-5,0.01903312704041133,0.05503727176853225,0.03600414472812092
W02000327,2025,0.031949091659815645,7.664009254986057e-5,0.016917330918591905,0.05064029823765209,0.03372296731906019
W02000328,2025,0.03377481152111506,9.373495021824044e-5,0.01549937147510307,0.052843248971140275,0.03734387749603721
W02000329,2025,0.036960225796731944,1.0319325002300694e-4,0.02012928007854138,0.056385839452060604,0.03625655937351922
W02000330,2025,0.034205860434140076,9.311868320918437e-5,0.018516128301107285,0.0536384241493494,0.03512229584824211
W02000331,2025,0.04302548491539237,1.725849426020255e-4,0.022978895625440275,0.06790230683715118,0.0449234112117109
W02000332,2025,0.03777260722953111,1.141140189102823e-4,0.01979191921613699,0.06001068877773823,0.04021876956160124
W02000333,2025,0.03986963520931048,1.3768367138844044e-4,0.021535089418144627,0.06738979583699961,0.04585470641885499
W02000334,2025,0.03553749088555248,1.1340262213302998e-4,0.018638905338950948,0.05964706815928231,0.04100816282033136
W02000335,2025,0.03253513016647564,7.810721980085334e-5,0.017548879063333835,0.05220960885539484,0.03466072979206101
W02000336,2025,0.03508216477542648,9.456350822815407e-5,0.019079072863852187,0.06030804365391193,0.041228970790059744
W02000337,2025,0.04361742498857899,2.9181504942600535e-4,0.01954018466698025,0.08222947825904522,0.06268929359206497
W02000338,2025,0.035376958552681935,1.1326925080540711e-4,0.01922705195355206,0.06125010763530935,0.04202305568175729
W02000339,2025,0.029804882875762734,1.3115737862270233e-4,0.01272201626744162,0.057173103412127,0.04445108714468538
W02000340,2025,0.030757278353572337,8.600705739249313e-5,0.014822870902965727,0.05324549158448238,0.03842262068151665
W02000341,2025,0.028663169970518924,5.613978383732069e-5,0.016817096879329287,0.04477382054941589,0.0279567236700866
W02000342,2025,0.03447295557935974,1.27358479144454e-4,0.018459315267474907,0.05840503906210795,0.03994572379463304
W02000343,2025,0.0373790864749815,1.7769237405127627e-4,0.0164641384099831,0.06758211902110157,0.051117980611118476
W02000344,2025,0.03518921184867297,9.952997544056793e-5,0.01901231167165955,0.057999685106994534,0.03898737343533498
W02000345,2025,0.036394438906392546,1.4266109572709897e-4,0.017841032993296625,0.06305702911489984,0.045215996121603215
W02000346,2025,0.03532300430573289,1.1973723771507818e-4,0.01695220041042035,0.059304203367263233,0.04235200295684288
W02000347,2025,0.03500202471984234,9.62985358186151e-5,0.018850727618767306,0.05679556796732935,0.03794484034856204
W02000348,2025,0.03347286528875752,1.5801465598117728e-4,0.014041868147695355,0.060974854991377836,0.04693298684368248
W02000349,2025,0.03761125620025386,1.2126812866084266e-4,0.019569483708962387,0.06215578463541063,0.042586300926448245
W02000350,2025,0.03420810749304853,1.0881863421359447e-4,0.018191853168507827,0.05690391006296941,0.03871205689446158
W02000351,2025,0.03048557869843621,2.1393064634959034e-4,0.010869082311887055,0.06699021773420286,0.0561211354223158
W02000352,2025,0.03840388819201563,2.053432171235625e-4,0.017053994166964896,0.06865145320967916,0.05159745904271427
W02000353,2025,0.03169979990586515,1.8571526234297848e-4,0.012458629837656119,0.06070293658442654,0.048244306746770424
W02000354,2025,0.02959100119598791,1.4445999142622152e-4,0.01051831303216284,0.05649350470473688,0.04597519167257404
W02000355,2025,0.03439554403977881,1.0724531498869993e-4,0.016331136306042555,0.058162658299630805,0.04183152199358825
W02000356,2025,0.038803190107384825,2.1783849197855835e-4,0.01736542031165316,0.07456502076234645,0.057199600450693285
W02000357,2025,0.0335595576058145,1.9887582789416015e-4,0.013219652393552439,0.06692558373763294,0.0537059313440805
W02000358,2025,0.03516332249949804,1.270255281545045e-4,0.017930281414938812,0.0585945585198284,0.04066427710488959
W02000359,2025,0.035039640445533426,2.3174013322741199e-4,0.013008075223274174,0.06927202864358387,0.056263953420309695
W02000360,2025,0.04566632871955221,2.715061502628153e-4,0.020433868695292755,0.08341590184077997,0.06298203314548723
W02000361,2025,0.032956918535652045,1.5351723235277674e-4,0.014260184473754545,0.059110342712969347,0.0448501582392148
W02000362,2025,0.036224402562486914,1.449462838175927e-4,0.016785909490866238,0.06551530111879447,0.048729391627928234
W02000363,2025,0.03481366888692261,1.775819275658491e-4,0.015430473280751741,0.06345640864920964,0.048025935368457895
W02000364,2025,0.04565836699679417,2.9169352888922147e-4,0.020299162431341743,0.08696499968751811,0.06666583725617636
W02000365,2025,0.043277643653272774,2.156359081734105e-4,0.01945389746970129,0.07636947279591663,0.05691557532621534
W02000366,2025,0.038625702181585626,1.0576098645488433e-4,0.01973088663196429,0.06178074856105707,0.04204986192909278
W02000367,2025,0.04302701354138588,1.2810162081221835e-4,0.02434158382638075,0.07096284050686302,0.046621256680482275
W02000368,2025,0.05411941756313194,3.4603321362082766e-4,0.02886736699907742,0.1017510586868777,0.07288369168780028
W02000369,2025,0.04613460494986867,1.8105603727266282e-4,0.02566038526951825,0.07631783844292618,0.05065745317340793
W02000370,2025,0.04785288855246404,2.377104465913617e-4,0.026856335515315993,0.0944815395769129,0.0676252040615969
W02000371,2025,0.05284902827119791,2.0721849095033966e-4,0.02938390843087725,0.0850240148281113,0.055640106397234046
W02000372,2025,0.05897077550125906,2.846705472761126e-4,0.033719987360261786,0.09586094638557621,0.06214095902531443
W02000373,2025,0.0596455516331021,4.287190245889097e-4,0.029298876617838362,0.1104099702627887,0.08111109364495034
W02000374,2025,0.05121530166121558,2.4343897641646673e-4,0.028142644253463592,0.08772831850002553,0.05958567424656194
W02000375,2025,0.0668068441881501,4.870362572684116e-4,0.034180144137226635,0.12235963905095167,0.08817949491372504
W02000376,2025,0.05117330558032347,2.0025079873015742e-4,0.02951485273462,0.08500268752514842,0.05548783479052842
W02000377,2025,0.04929238864792822,2.0256388441796953e-4,0.02612952607954906,0.08122528221179397,0.055095756132244905
W02000378,2025,0.04904629671379533,2.2971912786295812e-4,0.02476662058274045,0.08653575295704022,0.06176913237429977
W02000379,2025,0.06655680869371838,6.200508408109399e-4,0.03050962432324861,0.12189693612349253,0.09138731180024393
W02000380,2025,0.045327387247242557,1.4544880428034445e-4,0.02504477744446143,0.07565568618414262,0.05061090873968119
W02000381,2025,0.06661129462100315,6.244986234980331e-4,0.035770443429575846,0.12804949583593345,0.0922790524063576
W02000382,2025,0.0629969104221986,4.957529962850608e-4,0.0338501841134036,0.11343452576464476,0.07958434165124116
W02000383,2025,0.05544125206573599,2.828862961863534e-4,0.02948765811253943,0.0925133801903881,0.06302572207784868
W02000384,2025,0.04709162294848697,1.5355059595406728e-4,0.0274084871082595,0.07562898819203154,0.04822050108377204
W02000385,2025,0.05005694352162948,1.998915414056855e-4,0.028573461364682317,0.08486199992912019,0.05628853856443787
W02000386,2025,0.045732841382968854,1.8899780241058543e-4,0.023748144190277567,0.0764683627547313,0.05272021856445373
W02000387,2025,0.04677081514452925,1.6668959643252119e-4,0.026909517409783413,0.07403992546621532,0.04713040805643191
W02000388,2025,0.05114907738508189,2.5499742782312754e-4,0.02871701596414904,0.08737820705886043,0.05866119109471139
W02000389,2025,0.05422905754728903,1.8778419527178003e-4,0.03322921047260381,0.08522443875994166,0.05199522828733785
W02000390,2025,0.04675836409720937,2.269735671849461e-4,0.02385007278535047,0.08446529277040588,0.06061521998505541
W02000391,2025,0.06770313747928351,3.583890992404461e-4,0.03890640582526721,0.11240035912042505,0.07349395329515784
W02000392,2025,0.05350680811702936,2.0622817592223227e-4,0.032505626358105846,0.08757052719728137,0.05506490083917552
W02000393,2025,0.06022322961110913,3.6082508485879615e-4,0.03211594327595851,0.10801931657308764,0.07590337329712912
W02000394,2025,0.08176430006483998,5.510220708993249e-4,0.04248569089105123,0.1362055854394319,0.09371989454838067
W02000395,2025,0.06097434459794756,3.7662089466013616e-4,0.03085004198835742,0.10916849555440514,0.07831845356604772
W02000396,2025,0.0732385602662038,4.4560396562895e-4,0.038240317410136185,0.12289690963579221,0.08465659222565602
W02000397,2025,0.06103891564317899,4.1593782464237003e-4,0.03281139274883097,0.11176136891032223,0.07894997616149127
W02000398,2025,0.09856016220225942,7.916103104806434e-4,0.054004897363023954,0.1684091623524147,0.11440426498939076
W02000399,2025,0.08776638128079148,7.075757009947857e-4,0.04750674945267397,0.15054923329498773,0.10304248384231376
W02000400,2025,0.06522913949520331,3.37657916651029e-4,0.03612429617851305,0.11030068474185048,0.07417638856333743
W02000401,2025,0.07508938105269679,8.741532642552264e-4,0.03905307270372094,0.15753147123268113,0.1184783985289602
W02000402,2025,0.0745334075453992,4.64564308906398e-4,0.04158417674889732,0.12979172868243802,0.0882075519335407
W02000403,2025,0.06277280397549727,3.39896012957437e-4,0.034101292042868644,0.11153295409069125,0.0774316620478226
W02000404,2025,0.07249283953109474,4.0057065085464844e-4,0.04297191919966159,0.12187807274481033,0.07890615354514874
W02000405,2025,0.06809341737423241,4.506398108577561e-4,0.03585767085649452,0.11997809923060562,0.0841204283741111
W02000406,2025,0.0795984135995127,8.199456036499337e-4,0.03546044919447726,0.1448312789383785,0.10937082974390124
W02000407,2025,0.05834861958074058,4.1256632053853973e-4,0.026203781037168215,0.10709477968066439,0.08089099864349616
W02000408,2025,0.07858300705503314,4.416267256237526e-4,0.04737308134378945,0.12879807701192014,0.08142499566813069
W02000409,2025,0.05975445939115149,3.1648591678069214e-4,0.03447805233706909,0.10416408812387544,0.06968603578680635
W02000410,2025,0.09198098436693661,0.0010834996764364805,0.047975528838138326,0.18827702995165407,0.14030150111351575
W02000411,2025,0.06274131473280456,5.98451681196372e-4,0.029960052419769005,0.12277464906802772,0.09281459664825872
W02000412,2025,0.07566506945068588,4.959136852531468e-4,0.04154510482749568,0.12248015761807912,0.08093505279058344
W02000414,2025,0.0388709956952556,7.964972377871612e-5,0.023643817877183303,0.05930474915038983,0.03566093127320653
W02000415,2025,0.05025127599217576,1.706080220769355e-4,0.03126159000964185,0.0868491135885918,0.05558752357894996
W02000416,2025,0.03810742097429516,8.821271546473822e-5,0.02351499795229424,0.06173892272047443,0.03822392476818019
W02000417,2025,0.038088308912784336,1.1579800962937723e-4,0.021263122456074427,0.06218508378088926,0.040921961324814835
W02000418,2025,0.04241328546312658,1.374994584904696e-4,0.023567488790007418,0.07050478208788875,0.046937293297881336
W02000419,2025,0.03591062546985448,1.4004439942348024e-4,0.017141503323903073,0.0627903668277484,0.045648863503845324
W02000421,2025,0.046197345014446035,1.335887465000559e-4,0.03025208853082565,0.07346569099826802,0.04321360246744237
W02000422,2025,0.08426730352415296,7.480515223705843e-4,0.04764835898529649,0.15233188920377994,0.10468353021848345
W02000423,2025,0.07810753977136489,5.025652916820062e-4,0.04698572526645116,0.12594331637333184,0.07895759110688068
W02000424,2025,0.03912534905492714,1.3160428301645002e-4,0.020941448919707,0.06368943663255554,0.04274798771284854
W02000425,2025,0.04664577403829757,1.7830792001976445e-4,0.027005026354819682,0.07661345792249999,0.04960843156768031
W02000426,2025,0.040765586877642854,1.8242672811089478e-4,0.0209355265552911,0.07091217723294937,0.049976650677658274
W02000427,2025,0.03609032018721373,7.305954250619256e-5,0.02072500786638141,0.05609349465387181,0.0353684867874904
W02000428,2025,0.03328420806969731,8.677800835366851e-5,0.016826811582619415,0.053986728600460936,0.03715991701784152
