area_id,msoa_name,time_id,n,direct_estimate,variance,direct_ci_width,mrp_estimate,mrp_variance,mrp_lower,mrp_upper,mrp_ci_width
W02000001,Isle of Anglesey 001,2021,6,0,0,0,0.11737058845281165,3.9321210256474027e-4,0.08306585679309328,0.1582496339035771,0.07518377711048382
W02000001,Isle of Anglesey 001,2023,9,0.18565260641894785,0.0160569283101873,0.4967173397030637,0.1423024890282931,5.696254820076827e-4,0.10047676894792565,0.19132200202459987,0.09084523307667422
W02000001,Isle of Anglesey 001,2025,22,0.00939999614413936,9.325536415956076e-5,0.037854280668256655,0.13857366224723477,5.157219543832489e-4,0.09940767100808794,0.18306277307204108,0.08365510206395314
W02000002,Isle of Anglesey 002,2021,9,0.4319653664782163,0.04066522486314988,0.79047779664215,0.13162184059591264,5.76011299620285e-4,0.08899486268775703,0.1863119837645777,0.09731712107682067
W02000002,Isle of Anglesey 002,2023,8,0.48853585090916113,0.03329906285454524,0.7153096636378984,0.15908618160444515,8.266694385412266e-4,0.10697841562067519,0.22037812952441407,0.11339971390373889
W02000002,Isle of Anglesey 002,2025,26,0.05118071695859134,0.00135952060307236,0.14453431997401464,0.15485555827516126,6.930211933419729e-4,0.10871917207900403,0.21204417121054317,0.10332499913153914
W02000003,Isle of Anglesey 003,2021,11,0.1612312830188462,0.01159843217579599,0.4221606309827293,0.17624908431478248,0.0017275512431921811,0.1161651240120405,0.2681009142879772,0.15193579027593673
W02000003,Isle of Anglesey 003,2023,3,0.5456427510644392,0.09405494524933898,1.2021783545846698,0.20985486187606334,0.0022779394865568973,0.13797774432119964,0.32139812780906674,0.1834203834878671
W02000003,Isle of Anglesey 003,2025,24,0.08442708534476404,0.00223073561758146,0.18514080063340824,0.20491075308686785,0.002162549045538506,0.13673711648545733,0.31723389584694506,0.18049677936148772
W02000004,Isle of Anglesey 004,2021,14,0.13881811744044975,0.01557077848474238,0.4891400795489484,0.10243302562086508,5.097360296465879e-4,0.06371560834941914,0.151813429911668,0.08809782156224885
W02000004,Isle of Anglesey 004,2023,11,0,0,0,0.12453602406107687,6.867355652056951e-4,0.08141505931932896,0.1831723090434525,0.10175724972412353
W02000004,Isle of Anglesey 004,2025,24,0,0,0,0.12125742167127804,6.56569287849413e-4,0.07910915416330383,0.17666534674162765,0.09755619257832382
W02000005,Isle of Anglesey 005,2021,17,0.2357800735403681,0.01570308073073289,0.4912137538186233,0.1367280709302923,5.920069504027355e-4,0.09461986087653125,0.188833983295512,0.09421412241898074
W02000005,Isle of Anglesey 005,2023,10,0.4171105013713594,0.02600708736442021,0.6321555351544893,0.16491394815100774,8.100085677189256e-4,0.11515133919447035,0.2219801071790607,0.10682876798459034
W02000005,Isle of Anglesey 005,2025,20,0.06347735831144721,0.00379139987131602,0.2413669942510408,0.16077753249826757,7.617518884822642e-4,0.1104739993664715,0.2196468846228447,0.10917288525637321
W02000006,Isle of Anglesey 006,2021,19,0.10088047765018358,0.00553827251265835,0.2917193568836955,0.13255895345118676,5.088141748142784e-4,0.09292848691662425,0.18123402456026472,0.08830553764364046
W02000006,Isle of Anglesey 006,2023,5,0,0,0,0.16008397147542364,7.471636450497326e-4,0.10954214841923632,0.21872628390085425,0.10918413548161793
W02000006,Isle of Anglesey 006,2025,28,0.0929604922927978,0.00253699130319121,0.19744110635496503,0.1558354748361654,6.148072359964705e-4,0.10927626370907119,0.20651991113013599,0.0972436474210648
W02000007,Isle of Anglesey 007,2021,13,0.07130340702194102,0.00493823604628872,0.2754634670418963,0.12203086559223539,4.1756283898820975e-4,0.08768245327495922,0.16805499599996276,0.08037254272500355
W02000007,Isle of Anglesey 007,2023,6,0.09184314433287606,0.00845292408699315,0.3603973351435199,0.14797879056593566,6.473340043732294e-4,0.1047211052558091,0.20206288035030032,0.09734177509449121
W02000007,Isle of Anglesey 007,2025,25,0.12266923897140668,0.00520240434255808,0.28273536779495523,0.14400732585479095,5.461272180493147e-4,0.10430656637877439,0.1963483041798874,0.09204173780111302
W02000008,Isle of Anglesey 008,2021,12,0.19842023274990855,0.01220788361272883,0.4331100653927332,0.13833240117134107,8.560210819685371e-4,0.08916652476144704,0.19952715498137413,0.11036063021992709
W02000008,Isle of Anglesey 008,2023,9,0.06211923226941231,0.00386535618315295,0.24370971753212856,0.16664085705150186,0.001140638620289866,0.11093905926863734,0.23351259038772051,0.12257353111908317
W02000008,Isle of Anglesey 008,2025,18,0.07621454543800806,0.00290213188652788,0.21117215852777754,0.1623614262774309,0.0010384717701860066,0.10750794325612671,0.2306865294161468,0.1231785861600201
W02000009,Isle of Anglesey 009,2021,13,0,0,0,0.12568720044526738,4.7054969805440227e-4,0.08891292039546363,0.17327171081984913,0.0843587904243855
W02000009,Isle of Anglesey 009,2023,10,0,0,0,0.15215314936731403,6.924854578761596e-4,0.10767081547833224,0.2101912733782438,0.10252045789991157
W02000009,Isle of Anglesey 009,2025,26,0.1991126105754353,0.00777268370258454,0.3455919233417288,0.14806593881636962,5.717296854210648e-4,0.10605823942913298,0.1985160477258831,0.09245780829675013
W02000010,Gwynedd 001,2021,12,0.09295304405275805,0.00810245734821603,0.35284702775906945,0.2088552566987205,0.001898906513379555,0.13826174625542753,0.314245104937076,0.1759833586816485
W02000010,Gwynedd 001,2023,3,0.8613292132743351,0.02163078010589764,0.576519734393526,0.2462683585508498,0.002424787898511138,0.16669986639341094,0.36528051792712024,0.1985806515337093
W02000010,Gwynedd 001,2025,14,0.11246581789895128,0.0085270076871056,0.36197319731581457,0.24077761968881006,0.002266673492373785,0.16083392074433048,0.3589642872134897,0.19813036646915924
W02000011,Gwynedd 002,2021,18,0.12433733047748036,0.0053721902964639,0.287312010196571,0.14538023722114968,6.382214488589151e-4,0.10052360491997653,0.2005376135775795,0.10001400865760296
W02000011,Gwynedd 002,2023,7,0,0,0,0.174664221344611,8.542752213618946e-4,0.12078922371928442,0.23286132456749156,0.11207210084820714
W02000011,Gwynedd 002,2025,17,0.03567060536421822,6.96335312213858e-4,0.10343971050355316,0.1703171334767436,7.839865532629839e-4,0.11980590151845948,0.22973841791733884,0.10993251639887937
W02000012,Gwynedd 003,2021,13,0,0,0,0.12485582099906972,5.245282195134135e-4,0.08721915251876397,0.17290404292272443,0.08568489040396046
W02000012,Gwynedd 003,2023,5,0.4428703168015301,0.05179742526544381,0.8921382766705703,0.15106782973606614,7.486041075372294e-4,0.10651176124179976,0.20585214170971483,0.09934038046791507
W02000012,Gwynedd 003,2025,15,0.09898799288222276,0.00867530018479925,0.36510715367993785,0.14700926447176763,6.298101089961677e-4,0.10478189737248902,0.19591012261101007,0.09112822523852104
W02000013,Gwynedd 004,2021,15,0.06754144696914653,0.00432395742111153,0.2577619395925993,0.13376590521121323,6.373726439090929e-4,0.09383902043337623,0.18563947455213753,0.0918004541187613
W02000013,Gwynedd 004,2023,7,0.15253095293977811,0.01980468659471703,0.5516480327540683,0.16153026265584172,9.09027228417246e-4,0.11243406750628654,0.22611554986915677,0.11368148236287023
W02000013,Gwynedd 004,2025,8,0.28371651469427717,0.02858407204711903,0.6627353489795507,0.15736356252179254,8.066917897966253e-4,0.11024735879992117,0.21879213606756198,0.10854477726764081
W02000014,Gwynedd 005,2021,5,0,0,0,0.13128095177179674,4.337993037686026e-4,0.09740097269581158,0.17386130527113086,0.07646033257531928
W02000014,Gwynedd 005,2023,6,0.7807750363518592,0.02749290513071423,0.6499626540683362,0.1585665831187616,5.853973888792713e-4,0.11942147013531826,0.21033550943882218,0.09091403930350392
W02000014,Gwynedd 005,2025,17,0.13140501904633856,0.00816703881342107,0.35425043846842386,0.15447051547122784,5.127778214299439e-4,0.11539711589718576,0.2016617748771501,0.08626465897996433
W02000015,Gwynedd 006,2021,15,0.07864534144766384,0.00572050590698416,0.29647993439838144,0.1399394350603087,7.786095607486159e-4,0.09174815170595815,0.20059633425425843,0.10884818254830028
W02000015,Gwynedd 006,2023,3,0.4101724213071303,0.09035637635772605,1.1783043731826588,0.1683436620689483,0.0010168419603229072,0.11331311981188123,0.23484703079734837,0.12153391098546713
W02000015,Gwynedd 006,2025,8,0,0,0,0.16411099475585186,9.410648155392336e-4,0.11198757794975175,0.2279908993587727,0.11600332140902095
W02000016,Gwynedd 007,2021,4,0,0,0,0.1312841213530611,5.44734243560935e-4,0.09055948462130162,0.18131984546173974,0.09076036084043812
W02000016,Gwynedd 007,2023,4,0,0,0,0.15855951479308047,7.75919273361843e-4,0.10876302697013221,0.21662035595239687,0.10785732898226466
W02000016,Gwynedd 007,2025,15,0.20830430827077637,0.01267070058304612,0.44124358134307945,0.15442657297424517,6.783099456135294e-4,0.1060097334321603,0.20515597561692245,0.09914624218476215
W02000017,Gwynedd 008,2021,7,0.29622405171495725,0.05123598044056675,0.8872900517876366,0.12799031060448354,5.683984417756299e-4,0.08662788511378543,0.1813364995190506,0.09470861440526517
W02000017,Gwynedd 008,2023,3,0.1677875833576799,0.03069489913364147,0.6867698043077999,0.15474367693040725,7.888591246242333e-4,0.10299298233503616,0.21324393439577433,0.11025095206073816
W02000017,Gwynedd 008,2025,18,0.1119440814703882,0.00666077787564505,0.31991938936601483,0.15068899009377737,7.063095484299691e-4,0.10317902697415289,0.2105567528365123,0.1073777258623594
W02000018,Gwynedd 009,2021,9,0.16517724306715606,0.02220608790766266,0.5841361905103974,0.1332902126753764,4.261348951586414e-4,0.09473062642947899,0.178232914347848,0.083502287918369
W02000018,Gwynedd 009,2023,3,0.3894890347740432,0.09116285542589674,1.1835511904357565,0.16105303239377466,6.87238902112044e-4,0.11552971130349018,0.2145111637888721,0.09898145248538193
W02000018,Gwynedd 009,2025,25,0.16004840997875117,0.00864622769984785,0.3644948705444859,0.15677872542917265,5.496729388869038e-4,0.11196467586577287,0.2030710719241755,0.09110639605840264
W02000019,Gwynedd 010,2021,9,0.14870638382979637,0.01897832148608475,0.5400164459521175,0.12664705584542293,4.3149322553172976e-4,0.09190470905529535,0.17457742886861755,0.08267271981332219
W02000019,Gwynedd 010,2023,5,0.186320668723806,0.02948498924564126,0.6730984237561102,0.15316300963491083,6.190190916205882e-4,0.10910504097674067,0.21142744990532641,0.10232240892858574
W02000019,Gwynedd 010,2025,21,0.19330514598470397,0.00937429785394132,0.37953118016224635,0.1491298255126449,5.229988580566238e-4,0.10835668853049005,0.19831311077371333,0.08995642224322328
W02000020,Gwynedd 011,2021,10,0.09952226276588916,0.00931368695508842,0.37830223317769723,0.1208332309238982,4.927901453109805e-4,0.08122904349745239,0.17231752243850101,0.09108847894104863
W02000020,Gwynedd 011,2023,9,0.1307567077994757,0.01491441663403652,0.4787196145316243,0.14663950903225484,7.807210071401899e-4,0.09687992879771709,0.20640995763833225,0.10953002884061516
W02000020,Gwynedd 011,2025,19,0.0970039934039527,0.00373142301720894,0.2394502692685758,0.1426533347651617,6.599884122417938e-4,0.09494742718255399,0.20007153540694583,0.10512410822439185
W02000021,Gwynedd 012,2021,15,0.04884539924695608,0.00236761286709421,0.19073633458036207,0.1372557172457387,8.743435363944074e-4,0.07978766084271521,0.19333239467422375,0.11354473383150854
W02000021,Gwynedd 012,2023,3,0.4465195232973333,0.09508480775803044,1.2087421122408055,0.16548108639950204,0.0012782957296670566,0.0984762679334037,0.23717827093045843,0.13870200299705474
W02000021,Gwynedd 012,2025,16,0.3973343698625338,0.02559915894294447,0.6271781722085835,0.16121619553739325,0.0011541029970642091,0.09390756445079114,0.22745702203397494,0.13354945758318382
W02000022,Gwynedd 013,2021,15,0.0212344945063327,4.957953341325928e-4,0.08728292753024817,0.11655291244508832,4.676968756321408e-4,0.07975807454695275,0.160484604378613,0.08072652983166026
W02000022,Gwynedd 013,2023,3,0,0,0,0.14142005123932536,6.848639443892485e-4,0.09407583956874724,0.19726316862694177,0.10318732905819453
W02000022,Gwynedd 013,2025,21,0.08936955803134836,0.00312838394597555,0.21924924723962602,0.13757457965321104,5.813701699819915e-4,0.09232745115251483,0.18619464779081038,0.09386719663829556
W02000023,Gwynedd 014,2021,13,0,0,0,0.10157506978545845,8.32785279305533e-4,0.056224662046570464,0.16455112700370106,0.1083264649571306
W02000023,Gwynedd 014,2023,5,0,0,0,0.12370813764594803,0.0012245743821354745,0.06779492608885498,0.20196008157580508,0.1341651554869501
W02000023,Gwynedd 014,2025,10,0,0,0,0.12033901109913712,0.001133381961119672,0.06614474081935418,0.19598949747000122,0.12984475665064704
W02000024,Gwynedd 015,2021,6,0,0,0,0.12070175689261799,3.370946566454705e-4,0.08761878969580651,0.1654821918111629,0.07786340211535638
W02000024,Gwynedd 015,2023,5,0,0,0,0.1464131134916192,5.378039811141124e-4,0.10020432223905615,0.193831475874347,0.09362715363529084
W02000024,Gwynedd 015,2025,10,0.24696837873901048,0.03909264874130525,0.7750427093562885,0.14250278399280691,4.476770305503553e-4,0.09926186815772792,0.18806624976868255,0.08880438161095464
W02000025,Gwynedd 016,2021,12,0,0,0,0.12968389707336375,4.777949263943608e-4,0.0921313713567833,0.17305271672530637,0.08092134536852306
W02000025,Gwynedd 016,2023,1,0,0,0,0.15668526470016336,7.151236037162528e-4,0.10950714351325656,0.21344867403118573,0.10394153051792916
W02000025,Gwynedd 016,2025,13,0.1295171940947774,0.00643094104387587,0.31435136518463436,0.15252002048162835,5.895177350745542e-4,0.10986252922161403,0.20427394450597305,0.09441141528435902
W02000026,Gwynedd 017,2021,11,0,0,0,0.11993777854041286,5.199948741505259e-4,0.07962738846066814,0.16478115359835682,0.08515376513768869
W02000026,Gwynedd 017,2023,5,0.41717904425518626,0.05333459473588196,0.905279292586106,0.145205360050691,7.10766294734826e-4,0.0965377373624221,0.2026602163199241,0.10612247895750199
W02000026,Gwynedd 017,2025,14,0.12023827388684268,0.01243963655426867,0.4372017912480434,0.14135135669546425,6.315685098732755e-4,0.09604261670025133,0.1958964850780997,0.09985386837784838
W02000027,Conwy 001,2021,6,0,0,0,0.140610613734334,0.001134539570660179,0.08842030715842622,0.22338737101513118,0.13496706385670496
W02000027,Conwy 001,2023,6,0.07201612177035013,0.00542375678925592,0.28868763991128404,0.16933058043356888,0.0016904874224940507,0.10499365859923396,0.26766917157955783,0.16267551298032387
W02000027,Conwy 001,2025,14,0.16868629532345147,0.01002640738727874,0.3925100309430812,0.1648437860461784,0.001452989486886424,0.10512177987187077,0.2561731820368258,0.15105140216495505
W02000028,Conwy 002,2021,11,0.08536254482339001,0.00687076517368526,0.32492313848891236,0.13078633904307838,7.791837084515898e-4,0.08253616665263644,0.19719992087603283,0.11466375422339639
W02000028,Conwy 002,2023,0,NA,NA,NA,0.15784576831928357,0.0011262214775259866,0.10217368027378299,0.22963020277161877,0.1274565224978358
W02000028,Conwy 002,2025,20,0.12411815960295478,0.00498526882402063,0.2767721438119484,0.1536714358129206,9.723063711793899e-4,0.10375722420436109,0.22525138719894364,0.12149416299458254
W02000029,Conwy 003,2021,13,0.04888062877624214,0.00236765824355765,0.19073816234937035,0.10767477064054802,4.3828328140998085e-4,0.07212734782888412,0.15494709120375674,0.08281974337487262
W02000029,Conwy 003,2023,4,0.11725684052952652,0.01497783895008014,0.47973639240616867,0.1310507472124502,6.46133609317599e-4,0.08617823342159275,0.19413549577918265,0.1079572623575899
W02000029,Conwy 003,2025,16,0.05964954227518533,0.00348514269847698,0.23141332857415206,0.12740484202492683,5.422309561024683e-4,0.08682143118033676,0.18477925092462597,0.0979578197442892
W02000030,Conwy 004,2021,9,0.29301465708004104,0.0284234309485235,0.6608704548747687,0.12009414733283394,6.592626636590385e-4,0.07551148117460721,0.17723150739703414,0.10172002622242693
W02000030,Conwy 004,2023,5,0,0,0,0.14558847451691395,0.0010022646899839503,0.09126937222669537,0.21528724184748582,0.12401786962079045
W02000030,Conwy 004,2025,16,0.03798562579064527,8.19809841266815e-4,0.11223663833216417,0.14158306796831888,8.423932096185235e-4,0.09199577156099518,0.20841009653142023,0.11641432497042505
W02000031,Conwy 005,2021,10,0.16280358842584405,0.02119865250217118,0.5707319883843731,0.13261142973845322,6.94501369625004e-4,0.08882505860833398,0.18682777576637316,0.09800271715803918
W02000031,Conwy 005,2023,2,0,0,0,0.16014840902619265,9.982140516493385e-4,0.10396368183172951,0.2339680652698078,0.1300043834380783
W02000031,Conwy 005,2025,14,0.40249462598369,0.02517454297577843,0.6219548863743972,0.15588602485180908,8.48661668244131e-4,0.10520931515663079,0.2192958182657982,0.1140865031091674
W02000032,Conwy 006,2021,9,0,0,0,0.10677234481140777,4.809995729961893e-4,0.07032614654479252,0.1546604745777635,0.08433432803297097
W02000032,Conwy 006,2023,4,0,0,0,0.12999644918582626,7.439491219050983e-4,0.08275835795036082,0.18771453629947998,0.10495617834911916
W02000032,Conwy 006,2025,13,0.09547909697907148,0.00833355371475396,0.3578435603739147,0.1263451962057188,6.22593674694345e-4,0.08365578455761435,0.17921827140320845,0.0955624868455941
W02000033,Conwy 007,2021,12,0,0,0,0.13735661740675084,5.610442533858262e-4,0.09421278723007967,0.1873594002294086,0.09314661299932894
W02000033,Conwy 007,2023,8,0.25094443439548175,0.02836874533429019,0.6602344038186266,0.1656792225375455,8.931448489517061e-4,0.11229512347166395,0.22740283207374,0.11510770860207606
W02000033,Conwy 007,2025,23,0.1623525862615769,0.00642371518522936,0.31417471164895566,0.16127548636727274,7.242048440189133e-4,0.11536530467971098,0.21562196553095064,0.10025666085123966
W02000034,Conwy 008,2021,9,0,0,0,0.10968924628208805,3.8752424502111856e-4,0.07073912682422026,0.14694913930635303,0.07621001248213277
W02000034,Conwy 008,2023,7,0.1634414873861036,0.02349806121853055,0.6008887901671479,0.1334483867007519,6.215183146193622e-4,0.08735486432131265,0.1832057958435097,0.09585093152219706
W02000034,Conwy 008,2025,17,0,0,0,0.12977910939810405,5.222389870057167e-4,0.08585339049577337,0.17419382305185177,0.0883404325560784
W02000035,Conwy 009,2021,8,0.17850345132662307,0.0264125301482222,0.6370640373298045,0.11997649529689149,4.4017557869726324e-4,0.0803210275498906,0.1658466066859341,0.0855255791360435
W02000035,Conwy 009,2023,3,0,0,0,0.14553801769870045,7.431845596540205e-4,0.09865759132557186,0.20928219385579244,0.11062460253022058
W02000035,Conwy 009,2025,20,0.10107880247212209,0.00587767062242192,0.3005250715506938,0.14159359894839346,6.047451419761248e-4,0.09823489545534511,0.1976367045795001,0.099401809124155
W02000036,Conwy 010,2021,9,0,0,0,0.11440576654187785,3.773769623668508e-4,0.07643235538237178,0.1551640356116673,0.07873168022929553
W02000036,Conwy 010,2023,5,0,0,0,0.13881942969634975,5.614686052403823e-4,0.09314534681507303,0.18827216984607165,0.09512682303099862
W02000036,Conwy 010,2025,25,0.07747668402013014,0.00201190517711896,0.17582549177003662,0.13503168126730444,4.537214837182255e-4,0.09309528725395896,0.178038475618332,0.08494318836437303
W02000037,Conwy 011,2021,9,0.18730064894195425,0.02642139122380393,0.6371708919016684,0.11622650761029424,3.4947789500848253e-4,0.08185988534927846,0.15142304297095868,0.06956315762168022
W02000037,Conwy 011,2023,2,0,0,0,0.14101959189494512,5.429534981665167e-4,0.09661710934214202,0.1940557609265294,0.09743865158438739
W02000037,Conwy 011,2025,13,0.09847861214509396,0.00879739152334915,0.367667334782242,0.1371804476422076,4.383493655487623e-4,0.09758629184028747,0.17894589990339824,0.08135960806311077
W02000038,Conwy 012,2021,4,0,0,0,0.1121197758364372,5.046547268268447e-4,0.07478464679891517,0.15645770781669982,0.08167306101778465
W02000038,Conwy 012,2023,4,0,0,0,0.13620129019182306,7.374399089354622e-4,0.08981374266647928,0.19317775748782645,0.10336401482134717
W02000038,Conwy 012,2025,20,0.1126751448509084,0.00618471116617769,0.3082746390007373,0.13250371086222737,6.512363871047258e-4,0.0867287848513757,0.18582624153457172,0.09909745668319603
W02000039,Conwy 013,2021,4,0,0,0,0.11287358546727155,6.532399370352319e-4,0.07015445191877856,0.16520014875823918,0.09504569683946062
W02000039,Conwy 013,2023,3,0,0,0,0.136911100977461,9.070658241844828e-4,0.08372411525317457,0.19987840215891006,0.1161542869057355
W02000039,Conwy 013,2025,16,0.01403107703491803,2.081932514098613e-4,0.056560261740462296,0.13327289938372044,8.317240248280033e-4,0.08374328935288361,0.19019582428994153,0.10645253493705792
W02000040,Conwy 014,2021,9,0,0,0,0.10792399804354635,2.7950432541023356e-4,0.0769883664851583,0.14400654238279592,0.06701817589763762
W02000040,Conwy 014,2023,9,0,0,0,0.13139117826758445,4.397370185791719e-4,0.09392641371256438,0.17534044500919882,0.08141403129663444
W02000040,Conwy 014,2025,10,0.23214204496569932,0.03563525250453521,0.7399766349316961,0.1277698888050693,3.540591939660186e-4,0.09398847897331117,0.16525099749934025,0.07126251852602908
W02000041,Conwy 015,2021,5,0,0,0,0.11463435745324871,3.159874520383257e-4,0.08169048665760661,0.15505761228073656,0.07336712562312994
W02000041,Conwy 015,2023,5,0,0,0,0.13930488016576795,5.010620043368578e-4,0.09970737863008555,0.18244329148979543,0.08273591285970988
W02000041,Conwy 015,2025,14,0.0209092839803282,4.7007548886108543e-4,0.08498883769242921,0.1355415398326021,4.1895181624450036e-4,0.09898927181750115,0.17930210476211073,0.08031283294460957
W02000042,Denbighshire 001,2021,6,0.08310723454801548,0.00776025183408073,0.3453154375861998,0.12909644816607427,6.527691511414628e-4,0.08462573567101078,0.179395084357716,0.09476934868670522
W02000042,Denbighshire 001,2023,3,0.3313023329144385,0.08001068469126606,1.1087970967801823,0.15612167470273464,0.0010099560299104597,0.10771602346086057,0.21681485364500125,0.10909883018414068
W02000042,Denbighshire 001,2025,21,0.1260252307061565,0.00551742540331326,0.29116979570745005,0.15199194792104656,8.774702502470565e-4,0.10454078216135844,0.21113605681281983,0.10659527465146139
W02000043,Denbighshire 002,2021,6,0.09760301676463667,0.00939359001374457,0.3799215140856506,0.11873492758758371,5.104521324204302e-4,0.07772204284891206,0.1675066368781008,0.08978459402918874
W02000043,Denbighshire 002,2023,7,0,0,0,0.1438359168877125,7.486243467692192e-4,0.09277316807747203,0.1937788723351309,0.10100570425765885
W02000043,Denbighshire 002,2025,16,0,0,0,0.1400780650746511,6.810984319352603e-4,0.08958878986635932,0.19112894470469877,0.10154015483833945
W02000044,Denbighshire 003,2021,5,0,0,0,0.11286399545177492,4.581572660026172e-4,0.07592435846302695,0.15812874684886458,0.08220438838583763
W02000044,Denbighshire 003,2023,3,0.3625484086399611,0.08063175449769942,1.113092205602448,0.13702704740396646,6.672648424429186e-4,0.089275464051121,0.19052796725003024,0.10125250319890924
W02000044,Denbighshire 003,2025,15,0.02013667279109238,4.4661742640228816e-4,0.08284111182568178,0.13330534715747674,5.752013785381276e-4,0.09274362441672732,0.18355502442232036,0.09081140000559304
W02000045,Denbighshire 004,2021,2,0.5055304661328172,0.1252931707786196,1.3875280985410903,0.15922435260776902,8.202609603866651e-4,0.10879592614481895,0.22463506959676757,0.11583914345194862
W02000045,Denbighshire 004,2023,3,0.25041531385433663,0.05323223089066296,0.9044101346185002,0.19054892147724897,0.00119120322187252,0.12865396271361879,0.264380427919428,0.13572646520580922
W02000045,Denbighshire 004,2025,15,0.1348182443700502,0.00934615869473055,0.3789611260141586,0.1856916279479121,9.596739571664892e-4,0.12797146239952167,0.25292265877417075,0.12495119637464908
W02000047,Denbighshire 006,2021,7,0.7664673715912351,0.01979925801996805,0.5515724226754095,0.16044577168712146,0.0012508238231758956,0.10030844244135646,0.23368022335275584,0.1333717809113994
W02000047,Denbighshire 006,2023,6,0,0,0,0.19176456151920956,0.0016224219797540402,0.1220490269015212,0.2762676899168074,0.1542186630152862
W02000047,Denbighshire 006,2025,17,0.02206805432667437,5.004318845318209e-4,0.08769010153925805,0.18697270807983635,0.001431852527317625,0.12162069875639145,0.26757086814015607,0.14595016938376462
W02000049,Denbighshire 008,2021,6,0.39874769738438265,0.04553724994701191,0.8364914117409739,0.11592704899430768,3.1141454994170435e-4,0.08166193986394309,0.15429581027955258,0.0726338704156095
W02000049,Denbighshire 008,2023,4,0,0,0,0.14074658498524342,4.950242698346665e-4,0.0985941739841424,0.18420318037433142,0.08560900639018902
W02000049,Denbighshire 008,2025,14,0,0,0,0.1369242627559403,3.9730900237556056e-4,0.09468488535132183,0.17547720840167647,0.08079232305035464
W02000050,Denbighshire 009,2021,6,0.11995833006885533,0.01374006697519294,0.45948624126858445,0.12445247068310099,4.438165667688144e-4,0.08941066194702357,0.16951573728258973,0.08010507533556616
W02000050,Denbighshire 009,2023,1,0,0,0,0.15072050553216815,7.005475067942906e-4,0.10580299262908936,0.2079687674061385,0.10216577477704915
W02000050,Denbighshire 009,2025,16,0.09183443829277764,0.00772539650009909,0.3445390690686045,0.14661089037276387,5.526733724539629e-4,0.1078612106548531,0.20019578508850594,0.09233457443365284
W02000051,Denbighshire 010,2021,10,0.2317161438545716,0.02065744504654773,0.5633994124493383,0.10994925630088848,3.019205516494861e-4,0.07623452176946235,0.14974077796467147,0.07350625619520912
W02000051,Denbighshire 010,2023,3,0,0,0,0.13380666318039466,5.135044404847689e-4,0.09297355231314991,0.18428876461543636,0.09131521230228645
W02000051,Denbighshire 010,2025,23,0,0,0,0.13006832883506542,4.033621276129031e-4,0.09179510094801153,0.1724012472805282,0.08060614633251666
W02000052,Denbighshire 011,2021,6,0.12311978967183251,0.01410254943464735,0.4655077353600088,0.13044735818660708,4.801771733368941e-4,0.09091409851182851,0.1798807428825624,0.08896664437073389
W02000052,Denbighshire 011,2023,2,0,0,0,0.1574787059122049,7.41188176833021e-4,0.11162723801733385,0.21576162707727609,0.10413438905994224
W02000052,Denbighshire 011,2025,13,0.11530383595304,0.00871340734479714,0.3659081606248865,0.15335610495145077,6.158799538524076e-4,0.10426053745002133,0.20342463197863742,0.09916409452861609
W02000053,Denbighshire 012,2021,5,0,0,0,0.1100797972983156,3.4019470308984295e-4,0.07756943597762439,0.1491384606289898,0.07156902465136541
W02000053,Denbighshire 012,2023,3,0,0,0,0.1338644552592377,4.978151090801668e-4,0.0931701675659326,0.18326029095958643,0.09009012339365383
W02000053,Denbighshire 012,2025,16,0.05645606527526956,0.00309761419837439,0.21816835137528687,0.13019905750087882,4.177824887595431e-4,0.09292720221028095,0.17263288219205966,0.07970567998177872
W02000054,Denbighshire 013,2021,7,0.2460556360699084,0.03068042426516305,0.6866078543566149,0.11427728829569915,2.980431284907024e-4,0.08335068958186609,0.15068690639216958,0.0673362168103035
W02000054,Denbighshire 013,2023,3,0.436270444748604,0.09673885970565106,1.2192101474646027,0.13880105234019013,4.316063458753394e-4,0.09823668668540392,0.18460434266463108,0.08636765597922716
W02000054,Denbighshire 013,2025,17,0.2025524872712724,0.02343274007254511,0.6000530178066303,0.13505242093357184,3.605285847294826e-4,0.09759235117573675,0.1790400870056077,0.08144773582987094
W02000055,Denbighshire 014,2021,8,0,0,0,0.11745129427127618,4.920986868341219e-4,0.07377450537855634,0.1649098988476405,0.09113539346908417
W02000055,Denbighshire 014,2023,5,0,0,0,0.14255761352084645,7.823731502995064e-4,0.0902341963763311,0.19995144750796567,0.10971725113163458
W02000055,Denbighshire 014,2025,20,0.2464053865813099,0.02102537517773563,0.5683946267688174,0.1386341645623746,6.514402864850668e-4,0.09054407665196135,0.1944774388401203,0.10393336218815896
W02000056,Denbighshire 015,2021,5,0,0,0,0.11263457190779544,3.062889661410209e-4,0.07969908190246197,0.14934705015274535,0.06964796825028338
W02000056,Denbighshire 015,2023,2,0,0,0,0.13696265862601076,4.924290679851902e-4,0.09793017236015575,0.1878946025301534,0.08996443016999764
W02000056,Denbighshire 015,2025,14,0.02344968017913032,5.847714276023549e-4,0.09479188485630953,0.13318967610396149,3.940387490584617e-4,0.09734794516314998,0.17595722880246034,0.07860928363931036
W02000057,Denbighshire 016,2021,8,0,0,0,0.11998129595655824,3.2972178583960785e-4,0.08760064763748389,0.1594596028174015,0.07185895517991762
W02000057,Denbighshire 016,2023,5,0.3749929773727695,0.05028788630254579,0.8790423070841988,0.14560595929367431,5.383526964143602e-4,0.10508534412537268,0.19901093177559043,0.09392558765021775
W02000057,Denbighshire 016,2025,11,0.11212993199199618,0.01159967606002411,0.4221832678729657,0.14166050643345726,4.386519473015012e-4,0.1063545617537634,0.1900909894472014,0.083736427693438
W02000058,Flintshire 001,2021,4,0,0,0,0.11659610680660716,3.7116272106701997e-4,0.08322135661890259,0.15815076605603884,0.07492940943713625
W02000058,Flintshire 001,2023,4,0.4212547180351624,0.08495410261225096,1.1425369785420254,0.14157388144098912,5.811800167124829e-4,0.10097417341432682,0.19142818164372777,0.09045400822940095
W02000058,Flintshire 001,2025,20,0.18594490178766837,0.0109308582520543,0.4098313889887456,0.13776912856109236,5.005266140109041e-4,0.10011298490386805,0.18563651014242893,0.08552352523856088
W02000059,Flintshire 002,2021,4,0,0,0,0.12181350678729548,4.1317569776376436e-4,0.08639469313135173,0.16605755934189287,0.07966286621054114
W02000059,Flintshire 002,2023,3,0,0,0,0.1474871535796105,5.901696957162195e-4,0.10662649717910949,0.20206931666966188,0.09544281949055239
W02000059,Flintshire 002,2025,16,0.12305279430198109,0.00672632284403445,0.321489609288092,0.14366823713884802,5.400463147616018e-4,0.10423128093926551,0.19557704190652164,0.09134576096725613
W02000060,Flintshire 003,2021,9,0,0,0,0.13482770875402786,5.300185317354239e-4,0.09612139046017751,0.1877420299384367,0.09162063947825919
W02000060,Flintshire 003,2023,4,0.24360117708221335,0.04966091954703872,0.8735453678836677,0.16257819563778153,7.372195075893767e-4,0.11763148777761734,0.2220578885367996,0.10442640075918228
W02000060,Flintshire 003,2025,15,0.1342621961266177,0.01199929913592249,0.4293940544899839,0.158421213834654,6.564858713477204e-4,0.11644086904631169,0.2097049641852175,0.09326409513890581
W02000061,Flintshire 004,2021,8,0.07092279883856752,0.00507441700753664,0.27923584278155916,0.15092435920192196,7.857411252754069e-4,0.09911581526907245,0.20897800153115204,0.10986218626207958
W02000061,Flintshire 004,2023,3,0.21396930860502059,0.04282754655655748,0.8112219338464067,0.18123016202184522,0.001100072503636295,0.11759815555470879,0.2445902874289252,0.1269921318742164
W02000061,Flintshire 004,2025,18,0.07263082378115174,0.00298333589089916,0.2141061603334938,0.17671552945955027,0.0010051649190548349,0.11482847038012436,0.24273545076519926,0.1279069803850749
W02000062,Flintshire 005,2021,15,0.3169497019631973,0.03389740936116187,0.7217077031295005,0.1333650945403004,4.966348420483317e-4,0.09309062500431096,0.18401384068771126,0.0909232156834003
W02000062,Flintshire 005,2023,5,0.21277184831160817,0.03628608881694567,0.7467034644471561,0.16113962206857582,7.487312078976624e-4,0.11483279575125412,0.2244496024446584,0.10961680669340428
W02000062,Flintshire 005,2025,14,0.2949412858986682,0.02551070918236802,0.6260937272031089,0.15697868269118312,6.594522882374122e-4,0.11245839588929761,0.21129690682054594,0.09883851093124833
W02000063,Flintshire 006,2021,5,0.5807428473912614,0.05782561005534034,0.9426233602221111,0.1186766462008737,3.6272934380448526e-4,0.08657190658683794,0.16434967303139883,0.07777776644456089
W02000063,Flintshire 006,2023,9,0.06328614773287769,0.00412545229775711,0.2517757344826692,0.14416593043816256,5.982673497852038e-4,0.10293930321245082,0.1901825164914339,0.08724321327898307
W02000063,Flintshire 006,2025,13,0.07066968464508129,0.00476758102713259,0.27066190119817335,0.1402262273501931,4.908874096821568e-4,0.10339649988141461,0.19328043708055392,0.08988393719913931
W02000064,Flintshire 007,2021,4,0.3400236493834109,0.05794456959511587,0.9435924501234256,0.14908089083217482,9.792572104111157e-4,0.09899617389369586,0.21562640734959482,0.11663023345589896
W02000064,Flintshire 007,2023,2,0,0,0,0.17915418195997343,0.0014333208642860822,0.1189235113909476,0.26397552610895436,0.14505201471800677
W02000064,Flintshire 007,2025,17,0.2181327185933091,0.02128755641893934,0.571927517703278,0.17457250865318183,0.0012456000277816675,0.11631541806029776,0.24965324933550787,0.1333378312752101
W02000065,Flintshire 008,2021,7,0,0,0,0.13279354403643,6.031848889274756e-4,0.0847596111777586,0.18684517295701927,0.10208556177926068
W02000065,Flintshire 008,2023,3,0,0,0,0.1605754651886815,9.526394715548106e-4,0.1045409227419009,0.2228461483652885,0.11830522562338759
W02000065,Flintshire 008,2025,11,0.11041972876857678,0.00640802294407663,0.31379073448228834,0.1562965898331306,8.044630298881773e-4,0.10507527852857396,0.21660282033769346,0.1115275418091195
W02000066,Flintshire 009,2021,8,0.05669483832587613,0.00358898375455876,0.2348355450205753,0.14180513443447165,7.569436513083571e-4,0.09893084295359045,0.20335517976300246,0.10442433680941202
W02000066,Flintshire 009,2023,4,0,0,0,0.1707999737824377,0.0011295257043565986,0.11754502493650171,0.2453177314574777,0.127772706520976
W02000066,Flintshire 009,2025,16,0.10579691596247456,0.00627515497053205,0.3105205269399942,0.16633304477419575,9.53913561285446e-4,0.11769668992161267,0.2298797581935969,0.11218306827198424
W02000067,Flintshire 010,2021,8,0.2165076563383515,0.023910887603942,0.6061441745881545,0.13686036753475272,5.470501275070966e-4,0.10016964592575733,0.19383278974847173,0.0936631438227144
W02000067,Flintshire 010,2023,2,0.30356176462050305,0.0895616581890234,1.1731111146796216,0.16533055197124585,8.516480314512438e-4,0.12052152375969596,0.23247787441926349,0.11195635065956752
W02000067,Flintshire 010,2025,16,0.13087590271871072,0.00480392595278555,0.27169161728172236,0.1608904530671487,6.686397234429391e-4,0.11851397741059382,0.2222400547242075,0.10372607731361368
W02000068,Flintshire 011,2021,7,0.388625349074746,0.04441879481131547,0.8261548792630354,0.1354763532535062,5.30265720288809e-4,0.09730747502730791,0.18570898168776404,0.08840150666045613
W02000068,Flintshire 011,2023,4,0,0,0,0.1636534279564785,8.271669685008666e-4,0.113931520374209,0.2197614023132874,0.10582988193907839
W02000068,Flintshire 011,2025,11,0.02971756513680312,9.520705907764246e-4,0.12095189074771111,0.15932722757190737,6.933166328372648e-4,0.11512916651203634,0.21769949827718155,0.10257033176514521
W02000069,Flintshire 012,2021,9,0,0,0,0.11824023175655146,3.0106507458736297e-4,0.08460278257913029,0.15522558501138245,0.07062280243225216
W02000069,Flintshire 012,2023,3,0.33381175047048606,0.07460936595515419,1.0707171558442927,0.1436415092564618,5.035636157213332e-4,0.10231833075316106,0.18854367235178426,0.0862253415986232
W02000069,Flintshire 012,2025,19,0.08479231754676822,0.00355351907765837,0.23367239636187745,0.13979033424982595,4.262010326967122e-4,0.10229374728189594,0.18261188691665464,0.0803181396347587
W02000070,Flintshire 013,2021,8,0.10612560517590662,0.01087587462463244,0.408799337130371,0.12222083560312998,4.6614101173290517e-4,0.08310553259993977,0.16914138619628885,0.08603585359634908
W02000070,Flintshire 013,2023,7,0.09678404742283277,0.00902433342768153,0.37237940462196373,0.14815388657834014,6.971090683428048e-4,0.1009129461982535,0.20696424730147622,0.10605130110322272
W02000070,Flintshire 013,2025,11,0.02389856921768838,6.303028717571055e-4,0.09841305861358379,0.14422227975866503,6.100045449162299e-4,0.09876513170767784,0.198429774951145,0.09966464324346716
W02000071,Flintshire 014,2021,6,0,0,0,0.11462886601834375,4.4623519257950113e-4,0.07842052178717611,0.15648334838136513,0.07806282659418902
W02000071,Flintshire 014,2023,2,0,0,0,0.139120023779018,6.384706910886699e-4,0.08933948369760225,0.1954009819220524,0.10606149822445016
W02000071,Flintshire 014,2025,20,0.15522493936879786,0.01634768264634133,0.5011943722736565,0.13543138326986445,5.688764917773547e-4,0.09073464751382548,0.18446432573720742,0.09372967822338193
W02000072,Flintshire 015,2021,9,0.07883294023049847,0.00604652123950761,0.3048111700710515,0.12682293575110282,4.4257881340529977e-4,0.08836292533348322,0.1692040339903666,0.08084110865688338
W02000072,Flintshire 015,2023,6,0,0,0,0.1535305832943682,6.79618929838285e-4,0.10649681157780609,0.20730107273207787,0.10080426115427178
W02000072,Flintshire 015,2025,18,0.07437716956948956,0.00294386640003957,0.212685133936315,0.1494335997249439,5.668254947572757e-4,0.10400481223682764,0.19747186352311508,0.09346705128628743
W02000073,Flintshire 016,2021,4,0.3926370913326062,0.0789895722137904,1.101699031357513,0.12151333011255541,4.643801877094216e-4,0.08381098344655025,0.1661762145063423,0.08236523105979204
W02000073,Flintshire 016,2023,2,0,0,0,0.14716790456463139,6.885545452851691e-4,0.10313179041681098,0.20346388475464908,0.1003320943378381
W02000073,Flintshire 016,2025,16,0,0,0,0.14326092451355643,5.967958823850757e-4,0.10135126828680038,0.19780127413134868,0.0964500058445483
W02000074,Flintshire 017,2021,5,0.22049183312206763,0.03890169151227537,0.7731474529473713,0.12771308176839036,3.986928243204011e-4,0.09281261814463562,0.17594756649684157,0.08313494835220595
W02000074,Flintshire 017,2023,2,0.2839129094184388,0.08282562937094819,1.1281334043925322,0.15445058883792376,5.869288744669357e-4,0.11337541004919266,0.21005486541050905,0.09667945536131639
W02000074,Flintshire 017,2025,21,0.1793842227367029,0.01327019320116586,0.45156129473166223,0.15035169978772744,4.774310222327546e-4,0.11321724116380588,0.20137885745506115,0.08816161629125527
W02000075,Flintshire 018,2021,7,0.13035296866652085,0.01549209059202033,0.4879025642716338,0.12216366505510894,4.030919952134383e-4,0.08868951014159851,0.17030959378956712,0.0816200836479686
W02000075,Flintshire 018,2023,7,0.06828490396943032,0.0047483396458024,0.2701151696296914,0.14831542211513643,6.589510539431356e-4,0.10466740180174208,0.20959218337670937,0.10492478157496729
W02000075,Flintshire 018,2025,13,0.13478196469561102,0.01208564961595197,0.43093630768835084,0.14425679577964567,5.279631557558077e-4,0.10564142397709894,0.19748571309638283,0.09184428911928388
W02000076,Flintshire 019,2021,4,0,0,0,0.11392658497156898,2.7211800541041985e-4,0.08165445047657215,0.14838791634006293,0.06673346586349078
W02000076,Flintshire 019,2023,6,0.20040966133149013,0.03147842745341744,0.6954799286895647,0.13843852702859452,4.2728952503457855e-4,0.09823602633131628,0.18476165038780823,0.08652562405649195
W02000076,Flintshire 019,2025,10,0.18289258645694312,0.0256925229053077,0.6283208375996456,0.13464476569893608,3.322784503067149e-4,0.10030060246057451,0.1732785352100495,0.07297793274947498
W02000077,Flintshire 020,2021,3,0,0,0,0.11673886961269722,3.125923491217774e-4,0.08490951445016362,0.15503865365208797,0.07012913920192435
W02000077,Flintshire 020,2023,6,0.07033545480116019,0.00519663084268556,0.28257843787894066,0.14158546621632817,4.243944996472734e-4,0.10393898890454836,0.18321502294063396,0.0792760340360856
W02000077,Flintshire 020,2025,9,0,0,0,0.13787907842929556,3.857039961899115e-4,0.10367202793424257,0.17928781634236632,0.07561578840812375
W02000080,Wrexham 003,2021,10,0,0,0,0.11978963418365944,5.092500932373212e-4,0.08346420878188401,0.16443050332034903,0.08096629453846502
W02000080,Wrexham 003,2023,3,0,0,0,0.145168758261518,7.640724655418336e-4,0.10138347551519755,0.20254192753466904,0.10115845201947149
W02000080,Wrexham 003,2025,12,0.31374109725913635,0.02992811395107196,0.6781375002876164,0.14123566568984147,6.243914769760376e-4,0.09864688131029944,0.19353721328040902,0.09489033197010957
W02000081,Wrexham 004,2021,3,0.17424834112776175,0.03161566763902536,0.6969943624565917,0.12608632744732332,5.639128248398809e-4,0.08654407864523683,0.17495502953610925,0.08841095089087242
W02000081,Wrexham 004,2023,2,0,0,0,0.15251863701433158,8.278701381208622e-4,0.10277111713288989,0.21954363306979646,0.11677251593690657
W02000081,Wrexham 004,2025,17,0.04703659368579207,0.00218164610978419,0.1830923667667606,0.14847964520268472,7.101734114839636e-4,0.10050832333180795,0.1993045170275609,0.09879619369575296
W02000082,Wrexham 005,2021,10,0.12777937306999088,0.01477241987858861,0.476435274284352,0.13986641234957126,7.481799037890656e-4,0.093073092386366435,0.19543405631180166,0.10236096392543523
W02000082,Wrexham 005,2023,2,0,0,0,0.1685754081019145,0.0010686081879820247,0.11566187408900165,0.2395741329901278,0.12391225890112616
W02000082,Wrexham 005,2025,16,0.40578796755389185,0.02520377774978397,0.6223159144734189,0.16424832345633308,9.53273818257353e-4,0.11147858221918355,0.23024318738024313,0.11876460516105958
W02000083,Wrexham 006,2021,5,0.2202932512168121,0.03776561057965603,0.7617743442256872,0.1298893326533525,4.2914511817372214e-4,0.09141350253589776,0.1689632478985516,0.07754974536265384
W02000083,Wrexham 006,2023,2,0,0,0,0.15712424801953367,6.71386632312856e-4,0.11143064475562557,0.21337399849069585,0.10194335373507028
W02000083,Wrexham 006,2025,8,0.3246154780467624,0.05188864619804715,0.8929235076564281,0.1529614158476039,5.59110079355164e-4,0.11146971102853956,0.20251772568097187,0.09104801465243231
W02000085,Wrexham 008,2021,7,0,0,0,0.1182173705100293,5.008398337535715e-4,0.07642097305261056,0.16412435743212012,0.08770338437950956
W02000085,Wrexham 008,2023,5,0,0,0,0.1432400578067223,7.529151529088934e-4,0.0948079155673666,0.20539372985557577,0.11058581428820917
W02000085,Wrexham 008,2025,9,0,0,0,0.13942678918781692,6.545596376371566e-4,0.09389794505565427,0.193125351990953,0.09922740693529872
W02000087,Wrexham 010,2021,9,0,0,0,0.1527419467334427,0.0011441937457396627,0.09300724059809118,0.22727468586649271,0.13426744526840154
W02000087,Wrexham 010,2023,5,0,0,0,0.18273828483066382,0.0014796417705940938,0.11476970860681815,0.2658926025602335,0.15112289395341535
W02000087,Wrexham 010,2025,14,0.17563427342700577,0.01686484279010632,0.5090603072158488,0.17823457249414243,0.0013429126233116691,0.11467449450086752,0.25342941066777985,0.13875491616691232
W02000088,Wrexham 011,2021,8,0,0,0,0.143173362573546,6.423485746905352e-4,0.09666904059754083,0.19285157909040018,0.09618253849285935
W02000088,Wrexham 011,2023,3,0.5412010756132453,0.09273974889601344,1.1937435678160513,0.17219481285298263,9.226748952812516e-4,0.1165957284527743,0.23712860589154078,0.12053287743876648
W02000088,Wrexham 011,2025,10,0.09237473893916798,0.00813683011542647,0.35359467088401997,0.1678029173746314,8.057045290521943e-4,0.11628752082944471,0.22229134021680572,0.106003819387361
W02000089,Wrexham 012,2021,6,0.2936482507535497,0.03862842705470457,0.7704271849794356,0.16188048146346345,0.0019318921298677899,0.09497203021145302,0.2634302853385866,0.16845825512713358
W02000089,Wrexham 012,2023,4,0.3165511728360981,0.07106914553963639,1.045005638286092,0.19350169349134683,0.0025976176991185465,0.11490138403949238,0.30557598138854525,0.19067459734905287
W02000089,Wrexham 012,2025,8,0.03400246441283333,0.00134706178077425,0.14387053012726653,0.18862389989974612,0.002310960376121419,0.11337191682240108,0.2977154156351344,0.1843434988127333
W02000090,Wrexham 013,2021,3,0,0,0,0.11848720248879839,3.246254168287012e-4,0.08597106212697025,0.15279866285032345,0.0668276007233532
W02000090,Wrexham 013,2023,3,0,0,0,0.14363548863187314,4.795178471262036e-4,0.10191270427742208,0.18491316258032858,0.0830004583029065
W02000090,Wrexham 013,2025,14,0,0,0,0.13979936293107384,4.0167844481397004e-4,0.10247342930743253,0.18172908321004227,0.07925565390260975
W02000091,Wrexham 014,2021,9,0,0,0,0.11702560061198708,4.338449818132342e-4,0.07444519975008584,0.15731304980789693,0.08286785005781108
W02000091,Wrexham 014,2023,5,0,0,0,0.14191051283190784,6.288764176173789e-4,0.09466039681739094,0.19290690460332782,0.09824650778593688
W02000091,Wrexham 014,2025,13,0.08077406106431079,0.00369374314475149,0.2382382184686921,0.13810497645764896,5.302813328557981e-4,0.08803144483617466,0.18346195453605404,0.09543050969987939
W02000092,Wrexham 015,2021,4,0,0,0,0.12776899008954537,4.3763416091591314e-4,0.09217153093311538,0.17561568353308527,0.08344415259996989
W02000092,Wrexham 015,2023,6,0,0,0,0.1544540175305429,6.502641132532909e-4,0.11180856402111408,0.20433737755804884,0.09252881353693476
W02000092,Wrexham 015,2025,8,0.2525827500622753,0.02908380067451654,0.6685034708673734,0.15033561926889313,5.306212092173186e-4,0.10897996963061177,0.19900995395306637,0.0900299843224546
W02000093,Wrexham 016,2021,5,0,0,0,0.1168733179325254,3.645617319710055e-4,0.08132119370582688,0.16074911889761362,0.07942792519178674
W02000093,Wrexham 016,2023,4,0,0,0,0.14180860279308885,5.385742591293005e-4,0.09729337749958442,0.19004684384248643,0.09275346634290202
W02000093,Wrexham 016,2025,13,0,0,0,0.13801352264622854,0.00046003360681815453,0.0959501818854232,0.18273154784595128,0.08678136596052807
W02000094,Wrexham 017,2021,4,0.21678352818019048,0.04002218830936517,0.7842030051064381,0.13663417376217998,4.7157451480377014e-4,0.09689136489417782,0.18304964528105122,0.0861582803868734
W02000094,Wrexham 017,2023,2,0,0,0,0.16461679294553805,6.373121625249765e-4,0.12052583431219,0.21913849796005697,0.09861266364786697
W02000094,Wrexham 017,2025,10,0.2827583878420045,0.03913621691880618,0.7754744758954909,0.16042247273308863,5.689983308787144e-4,0.12045429695345733,0.21187582462992485,0.09142152767646752
W02000095,Wrexham 018,2021,4,0,0,0,0.11571118997268046,5.204238510910137e-4,0.0763245442220748,0.16199517260011956,0.08567062837804476
W02000095,Wrexham 018,2023,3,0,0,0,0.14038955462067013,7.168853667182841e-4,0.09525187258749218,0.19043346603577735,0.09518159344828517
W02000095,Wrexham 018,2025,15,0.26184911986455184,0.02559458278174375,0.6271221118376085,0.1367191310232807,6.729912387832747e-4,0.09375732080401662,0.1873222874555876,0.09356496665157098
W02000096,Wrexham 019,2021,4,0.2284921390218744,0.04719399962669436,0.8515722075075025,0.13228506071012988,4.4525604399609566e-4,0.09829645628485277,0.18095230303651857,0.0826558467516658
W02000096,Wrexham 019,2023,5,0.33015053109435116,0.04254151640683186,0.808508462408967,0.15981164889795949,6.333058687110785e-4,0.117280666828944,0.2186516984297559,0.1013710316008119
W02000096,Wrexham 019,2025,13,0.23951481233022204,0.03354645253066218,0.7179618819322066,0.15564542508849766,5.442139012544699e-4,0.11786633638547574,0.20447157847394493,0.08660524208846919
W02000097,Powys 001,2021,14,0.09544433940052938,0.00456611416643002,0.26488140395980236,0.13360523586395742,4.0721798632441806e-4,0.10002951372033017,0.1796630353720362,0.07963352165170604
W02000097,Powys 001,2023,10,0.04638055190476762,0.00221674760902548,0.18455941759708214,0.16144400834067987,5.798809870920742e-4,0.12199606831930052,0.21488298915041226,0.09288692083111175
W02000097,Powys 001,2025,25,0.23536852854024376,0.00741630092391679,0.3375761520078226,0.15721908648966496,4.993008189429432e-4,0.1200037702230069,0.20840703941437067,0.08840326919136376
W02000098,Powys 002,2021,13,0.1396089447123203,0.01577833622180705,0.4923893940983631,0.13796081273444416,5.235734315065829e-4,0.10101569532055173,0.19001934807850035,0.08900365275794862
W02000098,Powys 002,2023,13,0.20212535148751437,0.0152212614087156,0.4836190604209127,0.16641025491765143,6.877174887179429e-4,0.12214140550095512,0.22544513465304378,0.10330372915208866
W02000098,Powys 002,2025,23,0.10074700259259677,0.00382297344824648,0.2423699244877208,0.16211378780827765,6.029400186848834e-4,0.12119195006607196,0.2174381650628298,0.09624621499675785
W02000099,Powys 003,2021,15,0.18947225976330812,0.01591104740415212,0.494455795383824,0.17004648712635953,8.215288420294317e-4,0.11944664337885122,0.22110515546968226,0.10165851209083104
W02000099,Powys 003,2023,10,0.4261644260286347,0.02555182843389532,0.6265981063560601,0.20304684828942962,0.0010712070664684484,0.14309073549509413,0.2681546020460541,0.12506386655096
W02000099,Powys 003,2025,31,0.2415704623958348,0.01222904999260018,0.43348537213051774,0.19818071571703183,9.877728100628044e-4,0.13993740434052207,0.25994722237031287,0.1200098180297908
W02000100,Powys 004,2021,32,0.30084786128152663,0.00830158794306465,0.35715659439329234,0.13127200848006276,3.633834961601729e-4,0.0996008995672518,0.17372066006657033,0.07411976049931854
W02000100,Powys 004,2023,11,0.06929813512837374,0.00468211842381154,0.2682250183609673,0.15872792011844114,5.414831150097933e-4,0.1219903825137002,0.20882863840954308,0.08683825589584288
W02000100,Powys 004,2025,26,0.01611119770867258,2.6793425793688344e-4,0.06416411515848326,0.15458641573364096,4.632879981394802e-4,0.1200029824879286,0.2027170455208186,0.08271406303289
W02000101,Powys 005,2021,19,0,0,0,0.1355423883489557,5.519545086594271e-4,0.0948242882137502,0.187286638120535,0.0924623499067848
W02000101,Powys 005,2023,7,0.10023252527488909,0.00970907444774877,0.3862486747062335,0.16352969789835006,7.20362338397268e-4,0.11654246862352835,0.21744971525315704,0.10090724662962869
W02000101,Powys 005,2025,26,0.18784810285125508,0.0076061073091056,0.3418686766213585,0.15940594032501687,6.786138088823514e-4,0.11237976377425599,0.21303405489814695,0.10065429112389096
W02000102,Powys 006,2021,16,0.02711225174705767,7.801651154317132e-4,0.10948921708137296,0.13237154337296198,4.175545389775178e-4,0.1001062653572673,0.17843110827132797,0.07832484291406067
W02000102,Powys 006,2023,16,0.09584713998961757,0.00807558046940742,0.35226132246632086,0.1599819054387647,5.800719944607642e-4,0.11899867746840208,0.21043216142190777,0.09143348395350569
W02000102,Powys 006,2025,22,0.21548079651584187,0.01666844446359484,0.5060875142183475,0.1558613053553001,5.300402096498271e-4,0.11699270554583369,0.203551062801298,0.08655835725546432
W02000103,Powys 007,2021,14,0.187231220486261,0.01082193626267944,0.4077843671023181,0.13989580979596933,4.209508056572048e-4,0.10131300954208966,0.18523590926308386,0.0839228997209942
W02000103,Powys 007,2023,15,0.09196391158694066,0.00754458058033506,0.3404831603399246,0.1687635802673753,6.026268511878742e-4,0.12388174133942492,0.21618616571179936,0.09230442437237443
W02000103,Powys 007,2025,36,0.20283838884303385,0.00625333479066918,0.3099801805946281,0.1643719072700093,5.021655662938425e-4,0.12035985761235056,0.2125811220331837,0.09222126442083313
W02000104,Powys 008,2021,13,0.23218260438122432,0.01430912483758249,0.46890474010717625,0.1643587014542106,7.161631798323323e-4,0.12256131895633657,0.22581397013340426,0.1032526511770677
W02000104,Powys 008,2023,13,0.18448697986513407,0.00904059352884088,0.3727147314270044,0.19661374398972697,9.941069104385887e-4,0.14739738009116127,0.27612307454861745,0.12872569445745619
W02000104,Powys 008,2025,33,0.1577280893058326,0.00581677093966316,0.29896411847662446,0.19177999201832968,8.741218243511302e-4,0.14529481972923286,0.2636384611935248,0.11834364146429194
W02000105,Powys 009,2021,15,0.06604678770346228,0.00420809146373214,0.25428495882880275,0.17051098989147834,7.009503175572036e-4,0.12236777347161779,0.22462209600050528,0.1022543225288875
W02000105,Powys 009,2023,8,0.1698036387350112,0.02298932264404276,0.5943485046763093,0.20347988161324476,9.400535642868664e-4,0.1453398948157078,0.2724056271554429,0.12706573233973512
W02000105,Powys 009,2025,34,0.1687515200449198,0.00535647932851,0.28689158066677717,0.19856497995367622,8.221770469978931e-4,0.1442512781303367,0.25727073780890947,0.11301945967857277
W02000106,Powys 010,2021,13,0.04418643323889526,0.00196485453236236,0.17375739149428107,0.1383498647572222,3.8980056930884186e-4,0.10606353247817074,0.17968911273897512,0.07362558026080437
W02000106,Powys 010,2023,14,0.25703262905601043,0.01587758226803101,0.49393553609686486,0.16690644073010108,5.418771944292834e-4,0.12688741788118596,0.2146434340918671,0.08775601621068113
W02000106,Powys 010,2025,37,0.21741064544931868,0.00822193741950979,0.35543907507965955,0.16267074679097857,4.906287329630933e-4,0.12341354546031888,0.20917959257981672,0.08576604711949784
W02000107,Powys 011,2021,20,0.09419578553554664,0.00457976452741175,0.26527703888974574,0.14123082883261742,4.6605672084877136e-4,0.10187437128570578,0.1817554783818106,0.07988110709610483
W02000107,Powys 011,2023,10,0.31250291681787146,0.0237474106636558,0.6040685396957741,0.17012806755451068,6.111820755423346e-4,0.12652246166881592,0.22242013131916594,0.09589766965035001
W02000107,Powys 011,2025,34,0.1701473497420348,0.0042401118490936,0.25525058325833677,0.1658300918933387,5.486249597176905e-4,0.12097698649323996,0.21571427686682898,0.09473729037358902
W02000108,Powys 012,2021,17,0.13071439914755056,0.00880585338095505,0.36784411450509275,0.12746011771495874,3.350525210098611e-4,0.0953601803414437,0.16529635674502036,0.06993617640357666
W02000108,Powys 012,2023,12,0.1708727044563507,0.01245678065628967,0.43750295966795877,0.15423259944692497,4.8422700269626075e-4,0.11528446067095999,0.1960586931110107,0.08077423244005072
W02000108,Powys 012,2025,31,0.09335051787031395,0.00413542545216157,0.25207988083565136,0.15024645280579085,4.335023059345742e-4,0.11235625004239749,0.19421713059441248,0.08186088055201499
W02000109,Powys 013,2021,19,0.04606357820323005,0.00115671687406302,0.1333188694658805,0.17311974136239672,8.151719631667346e-4,0.1239175078420031,0.23179224193727435,0.10787473409527125
W02000109,Powys 013,2023,16,0.3046914644681177,0.01570422104154662,0.4912315887325632,0.2067051394610498,0.0011164719406511134,0.149518861105142,0.26723645673248564,0.11771759562734363
W02000109,Powys 013,2025,35,0.4129090231611433,0.01052331809282885,0.40211885362746896,0.20171568571874685,9.943895443508656e-4,0.147704934525397,0.2686787620333422,0.12097382750794516
W02000110,Powys 014,2021,25,0.07649586349486223,0.0031622018401281,0.2204311062583979,0.14037049520357384,3.539518571699978e-4,0.10718463478922098,0.17731992960918086,0.07013529481995988
W02000110,Powys 014,2023,13,0.17417748717299184,0.01324202948512799,0.45108185939820983,0.16935553032216144,5.495672868859353e-4,0.12954538856384878,0.21875998536630115,0.08921459680245236
W02000110,Powys 014,2025,30,0.22783181426432603,0.00872403845257044,0.36613131232224005,0.1649882660652514,4.522794590191943e-4,0.1236865649781139,0.20524701323388442,0.08156044825577052
W02000111,Powys 015,2021,13,0.34563781929446286,0.02651960369840405,0.6383540257523148,0.1269430287390222,3.9424371256572036e-4,0.09200558843966111,0.17490542705189016,0.08289983861222905
W02000111,Powys 015,2023,14,0.16199556113550218,0.01101646306323544,0.411433052668921,0.15352157347528558,5.228652172505253e-4,0.11565544020776401,0.20244543528311898,0.08678999507535497
W02000111,Powys 015,2025,40,0.16438287185584582,0.00649688067225321,0.31595885533040063,0.14960398176346135,4.94981290038896e-4,0.11276032457004836,0.19924645428226506,0.0864861297122167
W02000113,Powys 017,2021,13,0.0333264045456834,0.00114665466007505,0.13273773628076263,0.15398469762253802,8.732294863114464e-4,0.10491971940292234,0.2216083456847902,0.11668862628186787
W02000113,Powys 017,2023,10,0.17795160171170055,0.01395529767229613,0.46307105864501674,0.18496192367818795,0.0013046696891537523,0.1250825654782954,0.26867118129410295,0.14358861581580754
W02000113,Powys 017,2025,36,0.2618622228010663,0.00853863865885935,0.3622199817392469,0.18009588199734958,0.0010495475077159715,0.12359715274588223,0.2571737347410964,0.13357658199521416
W02000114,Powys 018,2021,18,0.1058660636516851,0.0039952661471837,0.24777126856937592,0.11938798476257301,3.115284632128271e-4,0.08962063301486103,0.15459144649405776,0.06497081347919673
W02000114,Powys 018,2023,5,0.2886249915018037,0.05301340957434953,0.9025493445224041,0.144843979465017,4.6458102960934665e-4,0.10711118773661304,0.19282724318928945,0.08571605545267641
W02000114,Powys 018,2025,34,0.17283430302697408,0.00657371939807889,0.31782178884726087,0.1409172794813401,3.6730494222205184e-4,0.10608310860456399,0.18353143807570346,0.07744832947113947
W02000116,Ceredigion 001,2021,6,0,0,0,0.11592396573983914,4.896382255731203e-4,0.07687646658487104,0.16258330171013166,0.08570683512526062
W02000116,Ceredigion 001,2023,8,0,0,0,0.14051959776761622,6.549787382631291e-4,0.09424818789414459,0.19685923999943333,0.10261105210528874
W02000116,Ceredigion 001,2025,28,0.0216680769408185,4.7499939522030026e-4,0.08543279502845255,0.1369414524167622,6.41092261651274e-4,0.08860250474892653,0.1913540424445973,0.10275153769567077
W02000117,Ceredigion 002,2021,8,0,0,0,0.19353517658005404,0.0011078756417548699,0.1330572873606969,0.26046927642695367,0.12741198906625675
W02000117,Ceredigion 002,2023,5,0,0,0,0.2290116018974905,0.0014704561017407536,0.16218082169909886,0.3085985596478787,0.14641773794877982
W02000117,Ceredigion 002,2025,33,0.1254145715107483,0.0038100824099077,0.24196094462628845,0.22373996823132125,0.001289801323478256,0.1585446708877486,0.3039545525226398,0.1454098816348912
W02000118,Ceredigion 003,2021,11,0,0,0,0.1536571664721895,8.901064360505448e-4,0.10222081347200143,0.21206131513571275,0.10984050166371132
W02000118,Ceredigion 003,2023,5,0.11730413417446586,0.01363808105992421,0.4577777923184449,0.18399908248592278,0.0011658893174370539,0.12139006109585207,0.2513579435366885,0.12996788244083643
W02000118,Ceredigion 003,2025,24,0.3297731413729008,0.01723814473321186,0.514663475050634,0.17948327776664527,0.001059150674193966,0.12168494050453678,0.24840758435464774,0.12672264385011095
W02000120,Ceredigion 005,2021,6,0,0,0,0.12692171027749619,4.7072136400952083e-4,0.09082020967400503,0.168292302471579,0.07747209279757397
W02000120,Ceredigion 005,2023,3,0.47234863851125647,0.09633140248014103,1.2166398247093073,0.15358552625049035,7.036302198203531e-4,0.10853433261006395,0.2095654497290341,0.10103111711897014
W02000120,Ceredigion 005,2025,30,0.16717430422124294,0.00832342584968711,0.35762604854050567,0.14954860451865418,6.09738183575477e-4,0.10701963995884542,0.20385188972050458,0.09683224976165916
W02000122,Ceredigion 007,2021,11,0,0,0,0.12020584780510123,3.4474441441112956e-4,0.08685224006876636,0.16210542077518159,0.07525318070641522
W02000122,Ceredigion 007,2023,5,0.13471114352661953,0.01780572436534221,0.5230677085123573,0.14580599668886882,5.113666301807458e-4,0.10590044257556397,0.19255345845656638,0.08665301588100241
W02000122,Ceredigion 007,2025,36,0.11525596053876372,0.0032147792665267,0.22225608806044955,0.14191034480632755,4.3518665152053875e-4,0.10181613061286099,0.1857472712326504,0.0839311406197894
W02000123,Ceredigion 008,2021,5,0.13408260985062156,0.01713986999890884,0.5131943288574375,0.13879264658542273,4.1622370005799586e-4,0.10248055358275868,0.18908941496486573,0.08660886138210705
W02000123,Ceredigion 008,2023,4,0.6075384631657605,0.06333543674061774,0.9865099535833599,0.1672767355021868,5.964729715191646e-4,0.12787157157093365,0.21927289675309208,0.09140132518215843
W02000123,Ceredigion 008,2025,21,0.2147557505929441,0.01519637482965234,0.4832235430189309,0.1630737857340911,5.493267564169803e-4,0.12340301728910863,0.21847027562589516,0.09506725833678653
W02000124,Ceredigion 009,2021,10,0,0,0,0.13034651029613453,5.103925880179149e-4,0.08817129646034785,0.18215547129224843,0.09398417483190058
W02000124,Ceredigion 009,2023,9,0.07888291900823918,0.00609448443439128,0.3060177183633354,0.15733668269932782,7.098849494014136e-4,0.10970648639784517,0.21001162728469935,0.10030514088685419
W02000124,Ceredigion 009,2025,27,0.12015517339067466,0.00384743179103896,0.24314399676492615,0.15323962817888684,6.170647455975873e-4,0.1079470116932483,0.20355723668736458,0.09561022499411628
W02000125,Ceredigion 010,2021,12,0.21917961940435535,0.02239875888291658,0.5866648442965737,0.12043217700853522,4.0517910658632893e-4,0.08707843177307492,0.15823744466463247,0.07115901289155754
W02000125,Ceredigion 010,2023,7,0,0,0,0.14597850205136945,5.715836065607292e-4,0.10660281717655198,0.19718051148067794,0.09057769430412596
W02000125,Ceredigion 010,2025,36,0.14617540956978628,0.00500511048352681,0.27732238146599486,0.14208098996505633,4.817867415717119e-4,0.10611394276900506,0.19112113244466186,0.0850071896756568
W02000126,Pembrokeshire 001,2021,6,0,0,0,0.12282452112416772,3.386279545081672e-4,0.09042614102005742,0.16020125634975074,0.06977511532969333
W02000126,Pembrokeshire 001,2023,5,0.3780849951838567,0.07246385043349798,1.0552097373114417,0.1486632806394031,4.3725652432123705e-4,0.11231795618761661,0.19191548416723628,0.07959752797961966
W02000126,Pembrokeshire 001,2025,18,0.3032450311456092,0.01956750943253327,0.5483348674254461,0.14473852105262247,3.654727078904445e-4,0.11176919515137083,0.18409074359700772,0.07232154844563689
W02000127,Pembrokeshire 002,2021,15,0,0,0,0.1219134643882681,5.005997784481281e-4,0.08053678055911612,0.16599345120636338,0.08545667064724727
W02000127,Pembrokeshire 002,2023,5,0,0,0,0.1474446431369451,6.650809561249766e-4,0.10049902375871214,0.2020743178694602,0.10157529411074806
W02000127,Pembrokeshire 002,2025,13,0.2690954163279087,0.02812020741323871,0.65733589224181,0.14372262315447742,6.360188745099951e-4,0.09759736989142516,0.19614894389666973,0.09855157400524457
W02000128,Pembrokeshire 003,2021,9,0.05785220874888427,0.0024423752881622,0.19372438250417562,0.13138962946723315,6.005611338267757e-4,0.09503834553759993,0.1888337150455916,0.09379536950799167
W02000128,Pembrokeshire 003,2023,6,0.6905345654021999,0.03648845967121849,0.7487827862806251,0.1587736407683676,8.464100260707763e-4,0.11361924507583507,0.22537837612848316,0.11175913105264809
W02000128,Pembrokeshire 003,2025,13,0.02246704895695863,5.547631760222455e-4,0.09232767506932991,0.15465797170687015,7.604710992863171e-4,0.11152360095483735,0.21494611219716298,0.10342251124232563
W02000129,Pembrokeshire 004,2021,6,0,0,0,0.11846441650018572,4.0453471749193697e-4,0.07952887853249674,0.16342248044016855,0.08389360190767181
W02000129,Pembrokeshire 004,2023,4,0,0,0,0.1436701038425554,5.767700190716981e-4,0.0998742875372392,0.1967957066109989,0.0969214190737597
W02000129,Pembrokeshire 004,2025,16,0.07734105470699854,0.00336047291040065,0.22723660183484728,0.1398600050830952,4.985491153684308e-4,0.09544833249180065,0.18773801160478615,0.0922896791129855
W02000130,Pembrokeshire 005,2021,10,0.0218462097672741,5.505489771829779e-4,0.09197632792460629,0.15631260710025402,8.68895055579945e-4,0.1044829270058433,0.22389902673433432,0.11941609972849102
W02000130,Pembrokeshire 005,2023,3,0,0,0,0.18712842588597112,0.001181553109378709,0.1312559568810192,0.2644130662322677,0.13315710935124847
W02000130,Pembrokeshire 005,2025,16,0.18611119234914236,0.00947440478178165,0.3815522811872664,0.1825494233357142,0.0010677923499339077,0.12559569845621643,0.2530224643716063,0.12742676591538987
W02000131,Pembrokeshire 006,2021,14,0,0,0,0.13294173068669213,6.18451406432635e-4,0.08837433081038823,0.18278375768262684,0.0944094268722386
W02000131,Pembrokeshire 006,2023,7,0.21823227825356092,0.03483912681480942,0.7316640513460554,0.1602739665715856,7.900019257840581e-4,0.11193326479476362,0.22029803784521612,0.1083647730504525
W02000131,Pembrokeshire 006,2025,14,0.2059601230258639,0.01598238057573869,0.49556293985067856,0.15621810150031287,7.238307014132461e-4,0.10732865997172775,0.20815487941923075,0.100826219447503
W02000132,Pembrokeshire 007,2021,6,0,0,0,0.11197670946017012,4.4633746487708734e-4,0.07169420187222966,0.1600918652257302,0.08839766335350055
W02000132,Pembrokeshire 007,2023,6,0,0,0,0.13590673624999244,6.276336171687818e-4,0.09054631449502694,0.19239510976350405,0.10184879526847711
W02000132,Pembrokeshire 007,2025,11,0,0,0,0.1322546258532114,5.395445770997805e-4,0.0870358571728452,0.1825791947648301,0.09554333759198488
W02000133,Pembrokeshire 008,2021,10,0.41283899813086133,0.04757877286985046,0.8550365997281971,0.12636328457184517,5.194046163035222e-4,0.08820760695831228,0.17331899516593335,0.08511138820762107
W02000133,Pembrokeshire 008,2023,0,NA,NA,NA,0.15284083299705142,6.923841882956834e-4,0.11212347021897956,0.2026032318303413,0.09047976161136173
W02000133,Pembrokeshire 008,2025,13,0.32160362306924334,0.02258368403794515,0.5890816318689065,0.14889911207898862,6.388349895741169e-4,0.10363394471817176,0.1985076111495711,0.09487366643139934
W02000134,Pembrokeshire 009,2021,10,0.35622973532524743,0.0621289595695766,0.9770687586021746,0.13425258187719044,6.057449729217232e-4,0.09258737796304915,0.18782941940208572,0.09524204143903657
W02000134,Pembrokeshire 009,2023,2,0,0,0,0.16195763705156366,8.02864053481254e-4,0.11581886468855523,0.2234681921450168,0.10764932745646155
W02000134,Pembrokeshire 009,2025,19,0.248498848196269,0.01041969119615377,0.4001340508098445,0.15783656668040402,7.379686001388712e-4,0.11080533585022527,0.220497649967193,0.10969231411696774
W02000135,Pembrokeshire 010,2021,10,0,0,0,0.14219369863570244,6.612366039596515e-4,0.09387860073908406,0.19563913387080095,0.10176053313171689
W02000135,Pembrokeshire 010,2023,5,0.2160171140620766,0.0363151875920126,0.7470028050830829,0.17106733736125893,9.37011789061858e-4,0.11568815988626376,0.23611090938993967,0.12042274950367592
W02000135,Pembrokeshire 010,2025,16,0.1625268146406409,0.00810831111326606,0.3529744650650417,0.16679373317152252,8.548309961500648e-4,0.11408352813112181,0.2251587121422902,0.11107518401116838
W02000136,Pembrokeshire 011,2021,15,0,0,0,0.10526806151912547,3.414450188007704e-4,0.0718674705669074,0.14249501395331332,0.07062754338640592
W02000136,Pembrokeshire 011,2023,5,0,0,0,0.12804258970951732,4.846384487381064e-4,0.08948745923025543,0.17156854604622235,0.08208108681596692
W02000136,Pembrokeshire 011,2025,23,0.07868015536839972,0.0025009162658183,0.1960323121237427,0.12458696198931787,4.235251328565587e-4,0.08700710922932386,0.1639674429700286,0.07696033374070474
W02000137,Pembrokeshire 012,2021,15,0.05001729164591482,0.002476362984288,0.19506764395187184,0.13977199858282943,8.111251711942019e-4,0.0870734901574177,0.20116348379643734,0.11408999363901964
W02000137,Pembrokeshire 012,2023,2,0,0,0,0.16824742871045306,0.0011110608620398788,0.10710629957218187,0.24213980393235646,0.13503350436017458
W02000137,Pembrokeshire 012,2025,13,0.08579073209676916,0.004191187142175,0.25377370089501355,0.1639242519382319,9.879383379347525e-4,0.10558831913063685,0.23627600045437358,0.13068768132373673
W02000138,Pembrokeshire 013,2021,12,0,0,0,0.12175549854585924,9.426018802503182e-4,0.06828586275989387,0.19035028429908463,0.12206442153919075
W02000138,Pembrokeshire 013,2023,1,0,0,0,0.14701643220405033,0.0012392499675680777,0.08421827793765349,0.22340063795292617,0.13918236001527268
W02000138,Pembrokeshire 013,2025,12,0.10601607823830984,0.010219966055312,0.3962806013439104,0.14312593245855748,0.001119507310114464,0.08502956992571939,0.2111105254661786,0.1260809555404592
W02000139,Pembrokeshire 014,2021,11,0,0,0,0.10857307780156156,5.815236867175509e-4,0.06522688414331651,0.16837841331836417,0.10315152917504766
W02000139,Pembrokeshire 014,2023,4,0,0,0,0.13177340091287812,7.607236515883379e-4,0.08800838378712007,0.19688693151729758,0.10887854773017751
W02000139,Pembrokeshire 014,2025,20,0.35209858714901615,0.02171961600463605,0.5777023817956731,0.1282747800719739,6.970296011348732e-4,0.0827227934262837,0.19043375058501782,0.10771095715873412
W02000140,Pembrokeshire 015,2021,9,0.14526186177297862,0.01480410744747963,0.476945989129269,0.1256552773473989,8.578089994257011e-4,0.07254814682022631,0.18864590096959707,0.11609775414937076
W02000140,Pembrokeshire 015,2023,10,0.1566169536105545,0.01387544715000621,0.4617443398482173,0.15180965169910987,0.0012032668298677684,0.08847777209958961,0.2268440406202276,0.138366268520638
W02000140,Pembrokeshire 015,2025,14,0.1726677409248139,0.0226457379422177,0.589890395816917,0.14776500256218636,0.0010653901871923788,0.0906051194812312,0.21494124750361981,0.12433612802238861
W02000141,Pembrokeshire 016,2021,10,0,0,0,0.1115436673955417,6.562526170179045e-4,0.06510002650218225,0.16573817139611347,0.10063814489393122
W02000141,Pembrokeshire 016,2023,5,0.09379934334303676,0.009157432454165,0.37511544716773676,0.13530637591376082,9.389319174466754e-4,0.07972630142906542,0.19507593219444216,0.11534963076537674
W02000141,Pembrokeshire 016,2025,17,0.03546912066416068,0.00129967702376809,0.141317454930485,0.131683860228716,8.438421876842095e-4,0.07815238792795429,0.1880346149014649,0.1098822269735106
W02000142,Carmarthenshire 001,2021,9,0.13704682389226022,0.01606175013541019,0.49679191512526255,0.13109047297048804,4.831028873637603e-4,0.09453326354068889,0.17608593375801979,0.0815526702173309
W02000142,Carmarthenshire 001,2023,2,0,0,0,0.1583940006067509,6.920405792620208e-4,0.11448695367047498,0.2124840092888647,0.09799705561838973
W02000142,Carmarthenshire 001,2025,9,0.1085597992753008,0.00740187778089984,0.33724773500284644,0.15429309805939284,6.026947941180875e-4,0.11303461577270467,0.20769443692572603,0.09465982115302136
W02000143,Carmarthenshire 002,2021,6,0,0,0,0.11786918300552167,3.141653647623194e-4,0.08462580021053107,0.15399827709363592,0.06937247688310486
W02000143,Carmarthenshire 002,2023,7,0,0,0,0.14307891196382946,4.876215796468883e-4,0.1041047704318497,0.18551425719464035,0.08140948676279065
W02000143,Carmarthenshire 002,2025,7,0,0,0,0.13917616813303205,3.877746822959808e-4,0.10120235235686877,0.17617892333710983,0.07497657098024106
W02000144,Carmarthenshire 003,2021,9,0.09097016580598384,0.00862237090412444,0.3639916634481905,0.12196828273207524,4.538158313511155e-4,0.08422116575635816,0.16797929015796417,0.08375812440160602
W02000144,Carmarthenshire 003,2023,4,0,0,0,0.14771410355764236,6.406038537148715e-4,0.10519870588949476,0.21127770131483858,0.10607899542534382
W02000144,Carmarthenshire 003,2025,20,0.06599265594319388,0.00172428113716553,0.16277290909387862,0.14380133173318912,5.479863102196281e-4,0.10241650982422383,0.1981164760229011,0.09569996619867728
W02000145,Carmarthenshire 004,2021,7,0.23456238084119208,0.03797704043668866,0.7639037556377768,0.12909343175002402,3.5285675090388353e-4,0.09416227620310809,0.16627111063527866,0.07210883443217057
W02000145,Carmarthenshire 004,2023,4,0,0,0,0.15620690840508064,5.473568328961492e-4,0.11450173796855223,0.20307458535690853,0.0885728473883563
W02000145,Carmarthenshire 004,2025,15,0.25999806831673655,0.01536098621601223,0.4858336999182376,0.15209009958965627,4.5009003416042557e-4,0.11208209438883095,0.19376713564444847,0.08168504125561753
W02000146,Carmarthenshire 005,2021,2,0,0,0,0.12047377536057056,3.64910440955302e-4,0.08552336875224846,0.1581492990237996,0.07262593027155113
W02000146,Carmarthenshire 005,2023,5,0,0,0,0.14605802556682984,5.148492625742637e-4,0.10647386405944365,0.19555804852377645,0.0890841844643328
W02000146,Carmarthenshire 005,2025,11,0.11287773362534176,0.0113282397831304,0.41721441316351643,0.14220650190433146,4.4776548890164956e-4,0.10197216945279279,0.18613645079241878,0.08416428133962599
W02000147,Carmarthenshire 006,2021,7,0,0,0,0.13894822592529382,4.358826992678809e-4,0.10163765618616871,0.18762607775574103,0.08598842156957232
W02000147,Carmarthenshire 006,2023,3,0,0,0,0.1675135704920002,6.279949283996035e-4,0.12266843887644191,0.2212931469926886,0.09862470811624668
W02000147,Carmarthenshire 006,2025,12,0.2704269807429745,0.02339864101703794,0.5996162637125705,0.16326045632096414,5.583658566167888e-4,0.12340530170303991,0.21745714296632163,0.09405184126328171
W02000148,Carmarthenshire 007,2021,6,0,0,0,0.15015274371718504,7.985655595765024e-4,0.10565211204449501,0.21489252353121063,0.10924041148671562
W02000148,Carmarthenshire 007,2023,3,0.4215787752705564,0.0940528994760698,1.2021652803241425,0.18014241384419907,0.0010418820916399433,0.12354224435763464,0.2526858461376426,0.12914360178000797
W02000148,Carmarthenshire 007,2025,10,0.332246539269178,0.03636461716012154,0.7475110149045666,0.1756835381612141,9.5419299110617e-4,0.1222070659644951,0.24481796365268127,0.12261089768818617
W02000149,Carmarthenshire 008,2021,6,0.19823795880340647,0.03118803907968298,0.6922645963005799,0.14166139428668817,5.081670431234336e-4,0.10005408701266665,0.18820094213707406,0.08814685512440741
W02000149,Carmarthenshire 008,2023,8,0.09239522812757683,0.0080848671593361,0.3524638095655888,0.17051293586451274,7.144941925477465e-4,0.12062552809971833,0.23147329581937753,0.11084776771965921
W02000149,Carmarthenshire 008,2025,15,0.2968642002048154,0.02407259230352023,0.6081903387635527,0.16621114801143988,6.384089639405615e-4,0.11935596780748564,0.2246885379048955,0.10533257009740987
W02000151,Carmarthenshire 010,2021,4,0,0,0,0.13689607695285178,4.757909669656307e-4,0.09933002883264756,0.18317236658133085,0.08384233774868328
W02000151,Carmarthenshire 010,2023,5,0,0,0,0.16521908397708585,7.158527841055721e-4,0.11526502689486685,0.22105013282794841,0.10578510593308156
W02000151,Carmarthenshire 010,2025,12,0.4865729101774327,0.02966075361199007,0.6751016622441818,0.16094791396355757,6.221372766001693e-4,0.11717556607681401,0.21132791398583028,0.09415234790901628
W02000152,Carmarthenshire 011,2021,8,0.06020085014244122,0.0037736298794235,0.2408006958988807,0.1331304022803008,4.3501909612104713e-4,0.09294090258070677,0.17912688340338864,0.08618598082268188
W02000152,Carmarthenshire 011,2023,1,0,0,0,0.1609253968570783,7.001216716321329e-4,0.11618260980800349,0.21786758285024604,0.10168497304224255
W02000152,Carmarthenshire 011,2025,11,0.19980982291969268,0.01761378862418134,0.5202408814239927,0.156678075828027,5.760566632540371e-4,0.11350788840571042,0.20531097045492808,0.09180308204921765
W02000153,Carmarthenshire 012,2021,7,0,0,0,0.12337006420305732,4.456708559346126e-4,0.08954493275756278,0.1672974151299241,0.07775248237236132
W02000153,Carmarthenshire 012,2023,3,0,0,0,0.14950847187219718,6.71172620187895e-4,0.10594334910855199,0.20521832668313422,0.09927497757458223
W02000153,Carmarthenshire 012,2025,12,0.20039526802664004,0.02833171621297215,0.6598033681384919,0.1455732691590669,5.822584461933732e-4,0.10469986178368984,0.19462676545990537,0.08992690367621553
W02000154,Carmarthenshire 013,2021,8,0.2285910182098281,0.01805950830733252,0.5267821465638384,0.14665137592970576,7.160684012600365e-4,0.10052999673966981,0.21637515990623873,0.11584516316656893
W02000154,Carmarthenshire 013,2023,4,0.20106968044923307,0.03648779588946124,0.7487759754886841,0.1762640965379855,9.746079022756863e-4,0.12568943168236926,0.23938680049304734,0.11369736881067807
W02000154,Carmarthenshire 013,2025,13,0.13504243620429662,0.00882794505116138,0.3683052396335785,0.17174935715150216,8.352643598162928e-4,0.12368506377606821,0.23600362290327406,0.11231855912720586
W02000156,Carmarthenshire 015,2021,12,0,0,0,0.1269986851096516,3.8486053075683144e-4,0.08626035492467618,0.17279456530619397,0.08653421038151779
W02000156,Carmarthenshire 015,2023,3,0,0,0,0.1538542289602489,6.477397333947102e-4,0.10794833448770386,0.21012547863079245,0.1021771441430886
W02000156,Carmarthenshire 015,2025,7,0.05883994883762803,0.00369367440371187,0.2382360016362856,0.14976784966472542,5.29821965784628e-4,0.10212338390588928,0.19981312385473932,0.09768973994885004
W02000157,Carmarthenshire 016,2021,4,0,0,0,0.13599087826410255,4.889400448946061e-4,0.09284563136977621,0.17560729979810114,0.08276166842832493
W02000157,Carmarthenshire 016,2023,6,0.47034066890210224,0.04892456193418357,0.8670448431094333,0.16438421592943447,7.591172588451617e-4,0.10766310278873331,0.21397887458028567,0.10631577179155235
W02000157,Carmarthenshire 016,2025,10,0.07381366487938326,0.00547721610347597,0.2901068776402632,0.16010320937844474,6.670311295265222e-4,0.11062169812957488,0.2096829269468492,0.09906122881727432
W02000158,Carmarthenshire 017,2021,15,0.04756372055979965,0.00224029093699532,0.1855369007054044,0.12962114181307213,4.5503208878789117e-4,0.09192911020411665,0.17403119292787572,0.08210208272375907
W02000158,Carmarthenshire 017,2023,4,0.3978256498449094,0.06156795372300046,0.97264743643585,0.1567652021733289,6.803357898125064e-4,0.11438697977437715,0.2160698398490295,0.10168286007465235
W02000158,Carmarthenshire 017,2025,10,0.02982852985554847,9.620377518338888e-4,0.12158336082907129,0.15267229980896244,5.925534486571128e-4,0.11408551474635394,0.20373950844337896,0.08965399369702502
W02000159,Carmarthenshire 018,2021,9,0.08954296808812531,0.00772963009383915,0.3446334615482435,0.13888060862558227,5.362900627383136e-4,0.09268309312409856,0.18346041583128628,0.09077732270718772
W02000159,Carmarthenshire 018,2023,6,0.1952223080601683,0.03052578617792752,0.6848753187896975,0.16747774494014378,7.964397600289591e-4,0.11476995607057153,0.2258167510563034,0.11104679498573186
W02000159,Carmarthenshire 018,2025,9,0.11541527583403556,0.01226480196722176,0.4341185630725812,0.16309137620918474,6.690607910274909e-4,0.11296360367310129,0.21485938806736105,0.10189578439425975
W02000160,Carmarthenshire 019,2021,5,0,0,0,0.13911729165577358,5.974665883507701e-4,0.09912876071219237,0.1942163368531442,0.09508757614095184
W02000160,Carmarthenshire 019,2023,3,0,0,0,0.16783559185092944,8.470743525484875e-4,0.11792331988133437,0.23199289380164234,0.11406957392030798
W02000160,Carmarthenshire 019,2025,6,0.304816817216375,0.03421625630710492,0.7250940341833164,0.16352329470445293,7.595014880190934e-4,0.11734667200626034,0.22614793997980032,0.10880126797353998
W02000161,Carmarthenshire 020,2021,11,0.09864675077769616,0.00928749944213018,0.3777700181547643,0.15352539171634855,6.751153771590952e-4,0.10692871714811747,0.21199929327394268,0.10507057612582521
W02000161,Carmarthenshire 020,2023,5,0.4820884187887595,0.05492001714950025,0.9186359111456949,0.18439429119029896,9.824912670482631e-4,0.12626777548407758,0.25447075066806946,0.12820297518399187
W02000161,Carmarthenshire 020,2025,8,0,0,0,0.17974663340459213,8.44828087356927e-4,0.12405142341068179,0.24617769506212184,0.12212627165144005
W02000162,Carmarthenshire 021,2021,11,0.03230184194529271,0.00120239049805652,0.1359254734724587,0.13649312166271133,8.427097483007034e-4,0.08449782960729502,0.20096239027210622,0.1164645606648112
W02000162,Carmarthenshire 021,2023,2,0,0,0,0.16462007417665075,0.0011904740945122782,0.10088736812900084,0.23566992556557761,0.13478255743657677
W02000162,Carmarthenshire 021,2025,5,0,0,0,0.16044662836877283,0.0011052508715709793,0.09700422127371372,0.2306263660603065,0.1336221447865928
W02000163,Carmarthenshire 022,2021,12,0.23659184026031504,0.02579313541890911,0.6295498949831583,0.16769285435492362,9.329063674128847e-4,0.11120723906649514,0.23226195248250817,0.12105471341601302
W02000163,Carmarthenshire 022,2023,5,0,0,0,0.20042073158860202,0.0012438312486103664,0.13206353070161816,0.2698957199095038,0.13783218920788562
W02000163,Carmarthenshire 022,2025,12,0.2033415802781794,0.01639879804613141,0.5019773198187067,0.19557912134983702,0.001158125584571929,0.12916734098396665,0.26303589342632766,0.133868552442361
W02000164,Carmarthenshire 023,2021,7,0.26102730416474546,0.02976521032347925,0.6762893751847509,0.16096049613447305,7.161975558352544e-4,0.11604514196258946,0.20934772755246295,0.09330258558987349
W02000164,Carmarthenshire 023,2023,2,1,0,0,0.1928600753378777,9.764806699918624e-4,0.14128831403580527,0.25683493728416373,0.11554662324835846
W02000164,Carmarthenshire 023,2025,21,0.15145645877934877,0.00638587258219278,0.313247930934544,0.188210640428247,9.144876689389643e-4,0.1340086298402131,0.2479316365526058,0.1139230067123927
W02000165,Carmarthenshire 024,2021,7,0.7492109322523505,0.04213698707853686,0.804655207378464,0.16949432606735987,9.521128414940512e-4,0.11791951917139587,0.2437519448437473,0.12583242567235142
W02000165,Carmarthenshire 024,2023,5,0.3111153116848293,0.05804979447757004,0.9444488234633838,0.20250247011669706,0.0013567373417406271,0.14284065863317458,0.2855320705504931,0.14269141191731854
W02000165,Carmarthenshire 024,2025,5,0.04460589483460792,0.00258885781315688,0.19944914822454768,0.19751296242764912,0.0011553249301590296,0.13896822730234376,0.27383307934597845,0.1348648520436347
W02000166,Carmarthenshire 025,2021,4,0.15612989955161513,0.02693023445625694,0.6432771928036902,0.1586260531749817,8.982553371570666e-4,0.11013241322370185,0.231965790055236,0.12183337683153414
W02000166,Carmarthenshire 025,2023,3,0,0,0,0.1901437377595448,0.0012303942511810492,0.13044323706886427,0.27723686771396,0.14679363064509574
W02000166,Carmarthenshire 025,2025,11,0.479665552414865,0.03436522188755858,0.7266707225286364,0.18543106187099606,0.0010985672708987493,0.12871158264296195,0.26428215300664637,0.13557057036368442
W02000167,Carmarthenshire 026,2021,9,0.33604421260374767,0.04204022748596404,0.803730807422346,0.19335541874856807,0.0010867880641170166,0.13622938900733994,0.2612265113554343,0.12499712234809435
W02000167,Carmarthenshire 026,2023,3,0.6329721270766093,0.08110008501195173,1.1163200919596588,0.22960570986914658,0.0015589967406088921,0.16558136622957487,0.3212552147889665,0.15567384855939165
W02000167,Carmarthenshire 026,2025,10,0.4589448374458594,0.02701811366841075,0.6443259146426844,0.22414554606749898,0.0013020206898790466,0.1600345565319173,0.3036974361904248,0.14366287965850746
W02000168,Swansea 001,2021,13,0,0,0,0.1220001370125393,4.72414297686575e-4,0.08279416364013328,0.16698834794956804,0.08419418430943476
W02000168,Swansea 001,2023,5,0,0,0,0.1476877718748235,6.597788262990565e-4,0.10213045457902789,0.19504737242254372,0.09291691784351583
W02000168,Swansea 001,2025,17,0.18361995535619988,0.0200861932354291,0.5555548008195258,0.14380848344078756,5.891912639766922e-4,0.09981153713587843,0.19435882459193243,0.09454728745605401
W02000169,Swansea 002,2021,6,0.32726129190546793,0.06176508163109479,0.9742033004309966,0.13355036104984308,3.898616025983359e-4,0.09621465124765184,0.17481626708933778,0.07860161584168594
W02000169,Swansea 002,2023,1,0,0,0,0.16111922751239693,5.147971463088059e-4,0.11718626874345964,0.20894901417811945,0.09176274543465981
W02000169,Swansea 002,2025,17,0.21235991071668048,0.00936872533001717,0.3794183577933726,0.15703810407003782,4.7293791503889507e-4,0.11686038687611547,0.2033293616549844,0.08646897477886892
W02000170,Swansea 003,2021,5,0,0,0,0.1234635630758355,5.228523598993904e-4,0.08101658128272668,0.17541990268014263,0.09440332139741595
W02000170,Swansea 003,2023,5,0.5444928596855071,0.07251248986734608,1.0555638186512644,0.14933613264826429,7.1372096086532e-4,0.09630565506978708,0.20320714959922426,0.10690149452943717
W02000170,Swansea 003,2025,13,0.12613782013815375,0.01385209999298553,0.46135570529989667,0.14555078548981037,6.860274032785168e-4,0.09439001313245882,0.19771202115406428,0.10332200802160546
W02000171,Swansea 004,2021,9,0.23017958058915464,0.02603927313980572,0.6325465848057998,0.11820370865016683,3.689020234979233e-4,0.08355957790557295,0.16435251103654355,0.0807929331309706
W02000171,Swansea 004,2023,7,0,0,0,0.1435942713890703,6.006602260159291e-4,0.101001049708944,0.19169687954182335,0.09069582983287935
W02000171,Swansea 004,2025,4,0.6968712317346386,0.05184205493777315,0.892522535790818,0.13969630019324888,4.969005294226618e-4,0.0963478604089772,0.18760960522135806,0.09126174481238085
W02000172,Swansea 005,2021,8,0.09428135406700092,0.00865036864405945,0.36458214399489197,0.11448255117336673,5.803362985189362e-4,0.07493393988206246,0.16323249038220877,0.08829855050014632
W02000172,Swansea 005,2023,7,0,0,0,0.13875791362101159,7.918781783416315e-4,0.09271155952794237,0.19877641818853548,0.1060648586605931
W02000172,Swansea 005,2025,7,0,0,0,0.13511377191746718,7.318542976830252e-4,0.08971372493383813,0.1879876469258676,0.09827392199202949
W02000173,Swansea 006,2021,12,0.31339800305349097,0.04472444693261124,0.8289924515215942,0.12484633954622465,4.836011913351885e-4,0.08326821962203482,0.17334567089914615,0.09007745127711134
W02000173,Swansea 006,2023,3,0,0,0,0.15105660103815505,6.60299790553047e-4,0.10035228418921018,0.20521029340268138,0.1048580092134712
W02000173,Swansea 006,2025,7,0.13584555172983476,0.01643109043321021,0.5024713216822555,0.1470465705021324,5.663296163794042e-4,0.09759496973159748,0.1922354590715164,0.09464048933991892
W02000174,Swansea 007,2021,13,0.06210812928663949,0.0037572545052504,0.24027765989194155,0.10562502701229834,3.245466409083913e-4,0.07433286791655686,0.14243668437423238,0.06810381645767552
W02000174,Swansea 007,2023,2,0,0,0,0.12863398244582105,4.974500610586682e-4,0.08911518836433766,0.17410590487122957,0.08499071650689191
W02000174,Swansea 007,2025,10,0.3050241900452019,0.05192578673240396,0.8932430161264628,0.12508086970304036,4.2203298076422605e-4,0.09136472681862573,0.16666942143240743,0.0753046946137817
W02000175,Swansea 008,2021,3,0,0,0,0.12466210107964769,6.416796811043819e-4,0.07961664543635186,0.1780563161998794,0.09843967076352755
W02000175,Swansea 008,2023,3,0,0,0,0.15084185622852458,9.84703417536939e-4,0.09220265520104172,0.22414990256184442,0.1319472473608027
W02000175,Swansea 008,2025,6,0.2842427254159557,0.05146719348627623,0.8892898389034409,0.14681297945544144,8.402719661569892e-4,0.09061625988132756,0.20896180291148053,0.11834554303015297
W02000176,Swansea 009,2021,7,0.3415309764087192,0.06091412099118625,0.9674690431976033,0.1206970706400275,3.623313980771909e-4,0.08444581619859168,0.16210104837140976,0.07765523217281808
W02000176,Swansea 009,2023,6,0.21688537879473965,0.03586825439230302,0.7423918701554137,0.14627568448615913,5.760356360583723e-4,0.10067366802251908,0.20475220484178086,0.10407853681926178
W02000176,Swansea 009,2025,7,0.2143825830882824,0.03422371683773016,0.7251730798181535,0.1423792612681718,4.82508840064397e-4,0.09916484447989259,0.18773899899254676,0.08857415451265417
W02000177,Swansea 010,2021,8,0,0,0,0.11608251512496764,5.223162171904844e-4,0.07378283910463398,0.16851568381300264,0.09473284470836865
W02000177,Swansea 010,2023,6,0,0,0,0.1407055332715305,7.44258248247275e-4,0.09275649132443017,0.20269427396338652,0.10993778263895634
W02000177,Swansea 010,2025,6,0,0,0,0.13700420178949732,6.655292961276955e-4,0.08804125562318912,0.18956766710232104,0.10152641147913191
W02000178,Swansea 011,2021,13,0.10557749277367684,0.00973051594575015,0.38667493484686455,0.13235176616658445,5.684860368597182e-4,0.08980731371351808,0.18346475817577254,0.09365744446225446
W02000178,Swansea 011,2023,6,0,0,0,0.1596927108882807,8.516375866831313e-4,0.10818531330102826,0.22591006774616856,0.1177247544451403
W02000178,Swansea 011,2025,10,0,0,0,0.15549209278998388,7.097278617887356e-4,0.1091830579346707,0.21607218930110061,0.10688913136642991
W02000179,Swansea 012,2021,10,0.08944517479268621,0.00754761580464424,0.34055164253288217,0.10795983150743742,3.845789179079265e-4,0.0762746222211784,0.15829770652117617,0.08202308429999777
W02000179,Swansea 012,2023,6,0.0417253249187784,0.00206720842182614,0.1782256550133813,0.13137645241011817,5.813636838429466e-4,0.0911587709739051,0.18388091739629725,0.09272214642239215
W02000179,Swansea 012,2025,14,0.24764267951482924,0.02928269718646051,0.670785436337563,0.127802831077175,5.034279342473727e-4,0.0923795248156693,0.176674720247325,0.0842951954316557
W02000180,Swansea 013,2021,5,0,0,0,0.11831732548059232,3.7219512218379864e-4,0.08173258509279555,0.15521073306382863,0.07347814797103308
W02000180,Swansea 013,2023,2,0,0,0,0.1433208628845962,5.310065314531192e-4,0.1002240962142338,0.1876440044293255,0.0874199082150917
W02000180,Swansea 013,2025,9,0.08040879968974707,0.00654770495938855,0.3171923011142976,0.13959393800551054,4.7732015271232205e-4,0.09750415919265469,0.181039966831655,0.0835358076390003
W02000181,Swansea 014,2021,5,0,0,0,0.13224749075759507,5.91048223854491e-4,0.09556700488224776,0.18426744328602523,0.08870043840377748
W02000181,Swansea 014,2023,7,0.07662829889642137,0.00626676249543404,0.31031281034001934,0.159729661808882,9.197338722069994e-4,0.11233822283901074,0.2178647938690665,0.10552657103005575
W02000181,Swansea 014,2025,8,0.2063450402167813,0.02192115016840678,0.5803764146627142,0.1555092634634117,7.636509043200953e-4,0.11198271322811969,0.21363278214470288,0.1016500689165832
W02000182,Swansea 015,2021,11,0.03075304023895119,0.00112422444029347,0.1314330535688076,0.12253313225877162,5.099707966986098e-4,0.08388183140518202,0.17017867345515725,0.08629684204997523
W02000182,Swansea 015,2023,4,0.03386443230632921,0.00195425644360269,0.17328814908326398,0.1483710859156639,7.764264100904685e-4,0.09956711582548342,0.2082801198872617,0.10871300406177828
W02000182,Swansea 015,2025,11,0.2120499599980602,0.03210861699624001,0.7024070898859021,0.14447186639533957,6.878124598875022e-4,0.09520858384294997,0.19617669911339936,0.10096811527044938
W02000183,Swansea 016,2021,11,0,0,0,0.1357586649058126,5.4419236898614e-4,0.0981294489516036,0.18411432384583404,0.08598487489423044
W02000183,Swansea 016,2023,5,0.10312664013304068,0.01188731312806185,0.42738565193579553,0.16375548370020798,8.438599268289358e-4,0.11324597755902822,0.23037799944909587,0.11713202189006765
W02000183,Swansea 016,2025,9,0.20765156239873592,0.03208418772704308,0.7021398320814901,0.15949120871734054,6.988957762516474e-4,0.1094929842591422,0.2190277794410411,0.1095347951818989
W02000184,Swansea 017,2021,5,0.1945492170053909,0.03330182419997291,0.7153393217716777,0.11683912497305758,4.65062931387756e-4,0.08168251700154641,0.16847570356884542,0.08679318656729901
W02000184,Swansea 017,2023,4,0.3614948223729675,0.08133307219283634,1.1179224438024724,0.14167886223988024,6.63843547341559e-4,0.0987939895429437,0.20118370060551122,0.10238971106256751
W02000184,Swansea 017,2025,16,0.13032373465975444,0.01408706498058976,0.4652521038206182,0.13795835308917756,6.025947061242167e-4,0.09751839218479888,0.19710183768133044,0.09958344549653156
W02000185,Swansea 018,2021,12,0,0,0,0.1027205734816243,4.676554281849343e-4,0.06984433599669043,0.14759410604354453,0.0777497700468541
W02000185,Swansea 018,2023,7,0.5111342947018428,0.04027874639370389,0.7867125157784016,0.12514124284490807,6.90515001093699e-4,0.08513495015770427,0.18717589240457957,0.10204094224687531
W02000185,Swansea 018,2025,6,0,0,0,0.12168281973758222,6.126116045642834e-4,0.08361993561421399,0.17925904094149614,0.09563910532728215
W02000186,Swansea 019,2021,11,0.1650752298991866,0.02123591473622745,0.5712333743015695,0.14993757776708513,6.63547747485188e-4,0.10874627175733459,0.2073638120104747,0.09861754025314012
W02000186,Swansea 019,2023,6,0.1264890353690798,0.01483064807299354,0.47737332919471465,0.18010360357648875,0.0010225056185858429,0.12963764188160984,0.24874832410537534,0.1191106822237655
W02000186,Swansea 019,2025,11,0.3346087921705049,0.02620285173450932,0.6345303016338026,0.17540613124660753,8.0203185437132e-4,0.12646679896331994,0.23617246043627205,0.1097056614729521
W02000188,Swansea 021,2021,10,0.02512028909033901,6.998130632569989e-4,0.10369769649679925,0.14851129952025702,8.620194389617273e-4,0.09546918948343881,0.20650760436176288,0.11103841487832407
W02000188,Swansea 021,2023,7,0.1849270406530563,0.02749729943167805,0.6500145950579483,0.1779387955986257,0.0011604143688229262,0.11795756571523619,0.25110491343494,0.13314734771970382
W02000188,Swansea 021,2025,5,0.13897817046277686,0.01844925430414842,0.5324361020137532,0.1735448962920864,0.0010462577467375824,0.11448060974035046,0.23385057294964234,0.11936996320929188
W02000189,Swansea 022,2021,10,0,0,0,0.1100892159007313,4.509564477293411e-4,0.07367953351250234,0.15559119347665337,0.08191165996415103
W02000189,Swansea 022,2023,8,0.3562960079821394,0.03499415269039485,0.7332901104617034,0.13382875495005636,6.92746048761252e-4,0.08669670789998564,0.1937890207150048,0.10709231281501917
W02000189,Swansea 022,2025,15,0,0,0,0.13029697830915746,6.25093342710448e-4,0.08675808277812294,0.18138693279742918,0.09462885001930624
W02000191,Swansea 024,2021,8,0.3988146059280348,0.04014108920948344,0.7853670255773153,0.15418609793090715,7.184241398717888e-4,0.10525390780547315,0.20905952159195573,0.10380561378648258
W02000191,Swansea 024,2023,1,1,0,0,0.18496623645378005,0.0012053235506074818,0.12471857600209413,0.25631120788872086,0.13159263188662673
W02000191,Swansea 024,2025,10,0.23300905004342748,0.02196400610444944,0.5809434567588032,0.18022620883359633,9.843264560708408e-4,0.12582062731949273,0.24604766912041692,0.1202270418009242
W02000192,Swansea 025,2021,10,0.08772431892535032,0.00746695727101445,0.33872708112865485,0.15816385381596362,7.50318169066995e-4,0.11323435954337914,0.22075714463054769,0.10752278508716855
W02000192,Swansea 025,2023,4,0.14784933055527222,0.02243205228205621,0.5871006901892606,0.18923840629554628,0.0010933159149525739,0.13120603638756861,0.2596497884493653,0.1284437520617967
W02000192,Swansea 025,2025,18,0.1078801290794299,0.01012995719370896,0.39453168904424996,0.18451328991512633,9.201100163707426e-4,0.13252139343784125,0.24652086066482617,0.11399946722698492
W02000193,Swansea 026,2021,10,0.3583113814135157,0.03493154188568444,0.7326338231264203,0.17243356073484795,9.695544367420369e-4,0.11491266954257984,0.23563653409351704,0.1207238645509372
W02000193,Swansea 026,2023,5,0,0,0,0.20588332385866118,0.0014868430272798414,0.13185768419281077,0.28494110530427497,0.1530834211114642
W02000193,Swansea 026,2025,14,0.10782255669977564,0.01026360563372489,0.39712576543859945,0.2008153795322359,0.0012713467873914001,0.13164799343768702,0.27756327634761313,0.14591528290992611
W02000194,Swansea 027,2021,7,0,0,0,0.09985545772016007,4.1917159873090223e-4,0.06243770412138416,0.144499395553972,0.08206169143258785
W02000194,Swansea 027,2023,4,0,0,0,0.12169295835694184,6.294413572747677e-4,0.07676893832945067,0.1768820196867235,0.10011308135727284
W02000194,Swansea 027,2025,14,0,0,0,0.11835174249238581,5.616329679952977e-4,0.07493763218669952,0.17287342871296066,0.09793579652626114
W02000195,Swansea 028,2021,13,0.10947433149693314,0.0065984111173372,0.3184181187637484,0.10805872107083418,5.376346291011484e-4,0.07068296013102474,0.16018881278914404,0.0895058526581193
W02000195,Swansea 028,2023,5,0.819499722246084,0.02401445851746337,0.6074555242850386,0.13126591485531336,7.217397055037169e-4,0.08583995171040129,0.1892902529977699,0.1034503012873686
W02000195,Swansea 028,2025,11,0.08341744529806772,0.00382003552158274,0.24227677684622512,0.12777993091963524,6.763194430306468e-4,0.0855248845266049,0.17727706040377303,0.09175217587716814
W02000196,Swansea 029,2021,7,0,0,0,0.10408912193005285,5.759352632314018e-4,0.06273663752227453,0.15373274127828856,0.09099610375601404
W02000196,Swansea 029,2023,5,0,0,0,0.1265952583021611,8.622184289280254e-4,0.07738157766733822,0.19056252793753026,0.11318095027019204
W02000196,Swansea 029,2025,10,0,0,0,0.12308187577449473,7.401461937085658e-4,0.07742493197006303,0.1810064088326711,0.10358147686260807
W02000197,Swansea 030,2021,7,0,0,0,0.09149707558598995,4.1846183475726344e-4,0.056281271184690146,0.13564987145386112,0.07936860026917097
W02000197,Swansea 030,2023,5,0,0,0,0.11173220066568113,6.09313974775789e-4,0.07027311777028931,0.16320420788791976,0.09293109011763044
W02000197,Swansea 030,2025,8,0,0,0,0.10867053679656354,5.532890631659485e-4,0.06776920746915993,0.16079078939531688,0.09302158192615695
W02000198,Swansea 031,2021,11,0.17904818711813564,0.01186535148014989,0.42699067485863373,0.12120764707555333,8.417330525110822e-4,0.07236127602838807,0.18534590740100648,0.11298463137261841
W02000198,Swansea 031,2023,5,0.47088110995614874,0.06580273754059142,1.005541658114919,0.1468086880313446,0.0012042099465617326,0.08846197675925473,0.22418953089406451,0.1357275541348098
W02000198,Swansea 031,2025,10,0.2579443622255798,0.0337731711557654,0.7203839149762502,0.14287329200455168,0.0010724246282496576,0.08514513792803068,0.21497850426521223,0.12983336633718157
W02000200,Neath Port Talbot 002,2021,8,0.1350110123263027,0.01593009202442366,0.49475162464287625,0.12706592570420577,4.96001946184092e-4,0.08384298495991155,0.17317707447674344,0.08933408951683189
W02000200,Neath Port Talbot 002,2023,7,0.0338356149082533,0.00137014441317602,0.14509794404635507,0.15353140323377773,6.604498372273641e-4,0.10582376835244872,0.20576128889074374,0.09993752053829502
W02000200,Neath Port Talbot 002,2025,11,0.15122342062928207,0.01878555743192171,0.5372669552411043,0.14954315411242028,5.810878380802399e-4,0.10192349694658233,0.19639706224105122,0.09447356529446889
W02000201,Neath Port Talbot 003,2021,12,0,0,0,0.12199444519784547,4.1053999305204665e-4,0.08209778458552443,0.16186726418919886,0.07976947960367443
W02000201,Neath Port Talbot 003,2023,5,0.2632683166386646,0.04930119722220372,0.8703758244345142,0.14770632954993387,6.011428641887666e-4,0.10266820687719777,0.20128498226817826,0.09861677539098049
W02000201,Neath Port Talbot 003,2025,16,0,0,0,0.14383087335853956,5.362353931648104e-4,0.10174523297873421,0.19503269471218376,0.09328746173344955
W02000202,Neath Port Talbot 004,2021,9,0.2437751959290285,0.02544080132501822,0.6252352858101277,0.13418230037412907,4.752444774221564e-4,0.09467815381055558,0.18178971761554405,0.08711156380498847
W02000202,Neath Port Talbot 004,2023,4,0,0,0,0.16177028574238822,6.036168394871359e-4,0.12048464959366584,0.21764838669312073,0.09716373709945489
W02000202,Neath Port Talbot 004,2025,9,0.5023359976108932,0.04245466863922829,0.807682762782046,0.15770061683302738,5.643017478188806e-4,0.11497953211646092,0.2033878513993687,0.0884083192829078
W02000204,Neath Port Talbot 006,2021,6,0.1782666596818152,0.02778396467983425,0.6533940807604649,0.12403476371552795,4.1718177178725653e-4,0.08698502540313172,0.16436723347572213,0.07738220807259041
W02000204,Neath Port Talbot 006,2023,7,0.1850280117589225,0.029056219691545,0.6681864153965174,0.15017176013337624,5.95720257932384e-4,0.1061871247257753,0.202925592396054,0.09673846767027872
W02000204,Neath Port Talbot 006,2025,4,0,0,0,0.14626789459922285,5.33398739859142e-4,0.10229813413364419,0.19331683917957387,0.09101870504592968
W02000205,Neath Port Talbot 007,2021,6,0.35840498484678074,0.04385432942156078,0.8208887880391119,0.12971483837610348,4.254563464416994e-4,0.09257991218253761,0.17109750671834092,0.07851759453580331
W02000205,Neath Port Talbot 007,2023,5,0,0,0,0.15679923081966485,6.41798055506508e-4,0.11178098825130867,0.20842225372918188,0.09664126547787322
W02000205,Neath Port Talbot 007,2025,12,0.21896696023517323,0.02251379567339341,0.5881694278925497,0.15260574631275547,5.162528239447728e-4,0.11292563082648077,0.20058258457287426,0.08765695374639348
W02000206,Neath Port Talbot 008,2021,14,0.07142232075243102,0.0027191382455396,0.20440604294408557,0.16860973440241417,7.163680773982782e-4,0.11762946059556537,0.21912863798112214,0.10149917738555678
W02000206,Neath Port Talbot 008,2023,4,0.9521251167783326,0.00280801819620681,0.20771987163955452,0.2015382791966982,0.0010966062182749207,0.1433809171460873,0.26378427395778115,0.12040335681169384
W02000206,Neath Port Talbot 008,2025,18,0.08980904995079791,0.00412179320150282,0.2516640526653744,0.19652014505880758,9.01323136508705e-4,0.14201352549389257,0.25455194533898307,0.1125384198450905
W02000207,Neath Port Talbot 009,2021,10,0.25905486006221407,0.02018704851764841,0.5569478093749923,0.13978065647452928,5.238818186527577e-4,0.096587524179975,0.19020288761723442,0.09361536343725942
W02000207,Neath Port Talbot 009,2023,4,0,0,0,0.168539775003186,7.256762563158682e-4,0.12099737222088756,0.2212807125955389,0.10028334037465132
W02000207,Neath Port Talbot 009,2025,15,0.1069953436546872,0.00560321629928274,0.2934247752125697,0.16419309857084335,6.252320485827383e-4,0.117145339557222,0.21397342236310676,0.09682808280588476
W02000208,Neath Port Talbot 010,2021,8,0.06567448442388035,0.00435618132141005,0.2587206305007285,0.12396931079586548,4.8324056291997264e-4,0.08553358394195006,0.16893069784776416,0.0833971139058141
W02000208,Neath Port Talbot 010,2023,6,0,0,0,0.15007200091613518,7.036974975626394e-4,0.1018785282608619,0.2062409070764638,0.10436237881560191
W02000208,Neath Port Talbot 010,2025,9,0.26027978042766364,0.03545495700960153,0.7381023163271193,0.14606748148160317,5.969854337758248e-4,0.10229739471414573,0.19260558634314123,0.0903081916289955
W02000210,Neath Port Talbot 012,2021,6,0.16203712282595134,0.02539782339713333,0.6247069479855316,0.1683864420093585,8.896499466114631e-4,0.11812193010943321,0.23983510133581337,0.12171317122638016
W02000210,Neath Port Talbot 012,2023,6,0.15341508785553387,0.01418756005607991,0.46690867510276907,0.20094753467926088,0.0010274921464164346,0.1414366793396452,0.2742667741562731,0.13283009481662789
W02000210,Neath Port Talbot 012,2025,8,0.282859436264422,0.03308632355891663,0.7130210360984872,0.19617323744801365,9.930979190653918e-4,0.1396260480877149,0.2701328487386385,0.13050680065092363
W02000211,Neath Port Talbot 013,2021,12,0.23553312616071945,0.01659358717647248,0.5049498265214757,0.1654155361918562,7.476945471042012e-4,0.11792781896707111,0.22445776122019953,0.10652994225312842
W02000211,Neath Port Talbot 013,2023,2,0,0,0,0.19783507799645905,9.905744186744613e-4,0.1447252279132016,0.26210537017141017,0.11738014225820856
W02000211,Neath Port Talbot 013,2025,10,0.11457597231886088,0.00745009134234743,0.3383443163526614,0.19294786703831843,8.504761587773114e-4,0.14300583388778976,0.25468378866835817,0.11167795478056841
W02000212,Neath Port Talbot 014,2021,10,0.2677788171470654,0.02614717165176611,0.6338557664891289,0.15296659398560306,5.30976011726271e-4,0.11227638890720693,0.20221756486297054,0.08994117595576362
W02000212,Neath Port Talbot 014,2023,6,0.7652619908734066,0.03156076432224193,0.6963889042583165,0.18361370603743477,6.908850219857635e-4,0.14119949900859063,0.24266050817661972,0.10146100916802908
W02000212,Neath Port Talbot 014,2025,11,0.07787970940284689,0.00353760576034458,0.23314859512520358,0.17913018230245523,6.59194752235745e-4,0.13643823636127902,0.2326954958721657,0.09625725951088668
W02000213,Neath Port Talbot 015,2021,8,0.05389160108305756,0.00299139629101427,0.21439520207605817,0.13823046354836124,5.222292370072151e-4,0.09683537842562195,0.18254538490421104,0.08571000647858909
W02000213,Neath Port Talbot 015,2023,7,0,0,0,0.16656653877257777,6.78903780005241e-4,0.11618779923143235,0.21969069031348554,0.10350289108205318
W02000213,Neath Port Talbot 015,2025,11,0.05826025533035244,0.00354543578986813,0.2334064745305371,0.16237070496752168,6.303452920694649e-4,0.11773344865114027,0.21116473059792765,0.09343128194678738
W02000214,Neath Port Talbot 016,2021,6,0.06823242992753273,0.00496713397966649,0.2762682800450268,0.15127914719217728,0.001077859666181244,0.09578944671894955,0.22806145684579832,0.13227201012684875
W02000214,Neath Port Talbot 016,2023,5,0.13965012833234064,0.01823768869350546,0.529374461419287,0.1812222029389146,0.0013297082549074298,0.11836235218454316,0.2598512015810364,0.14148884939649325
W02000214,Neath Port Talbot 016,2025,16,0.0697043651606858,0.002636683280789,0.20128298732246225,0.17681813512225608,0.0012722010842776484,0.1184417888950964,0.2551576549281723,0.13671586603307587
W02000215,Neath Port Talbot 017,2021,6,0.29535108093288087,0.03444030204686686,0.727464094193814,0.1492925536354729,9.49040477778424e-4,0.09576997361430023,0.21477414274175755,0.11900416912745732
W02000215,Neath Port Talbot 017,2023,4,0,0,0,0.1789287488718814,0.001125971951663444,0.11564923577370004,0.24292681812957184,0.1272775823558718
W02000215,Neath Port Talbot 017,2025,18,0,0,0,0.174656504062402,0.0011255758104248348,0.11254596936043407,0.246171191619521,0.13362522225908693
W02000216,Neath Port Talbot 018,2021,10,0.1939132220476324,0.0146557278124347,0.4745497861289981,0.15275735058499718,7.762683562732062e-4,0.10622766793490004,0.21478036492586827,0.10855269699096823
W02000216,Neath Port Talbot 018,2023,2,0.582131891392225,0.11858886891004962,1.3498951907620818,0.18325733192262186,0.0010239540699545217,0.12624842144893986,0.2558318306501169,0.12958340920117703
W02000216,Neath Port Talbot 018,2025,13,0.09887157885488725,0.00887472537360822,0.36927979672700884,0.1787880323009555,9.640351473115861e-4,0.12432999572227227,0.2439493235469813,0.11961932782470902
W02000217,Neath Port Talbot 019,2021,6,0.09387957998462136,0.00896470657534745,0.37114714682348326,0.143211019321465,5.661952697968274e-4,0.09493762469880221,0.18850464069924106,0.09356701600043885
W02000217,Neath Port Talbot 019,2023,5,0,0,0,0.17241188885833791,8.137212902345145e-4,0.11824345903740958,0.23270063451879724,0.11445717548138766
W02000217,Neath Port Talbot 019,2025,16,0,0,0,0.16804068983047057,7.251229766241967e-4,0.11183824028686365,0.22026413424182528,0.10842589395496163
W02000218,Bridgend 001,2021,10,0.15800958585742095,0.01255934277332099,0.4393003440867986,0.16347924642794384,6.750193131724092e-4,0.12066389008545539,0.21904699722027693,0.09838310713482154
W02000218,Bridgend 001,2023,5,0.10001880722181827,0.01052162524184737,0.4020865085691511,0.19559195124859755,9.115802627385024e-4,0.14246789304196278,0.2632112554096121,0.12074336236764932
W02000218,Bridgend 001,2025,11,0.15229566803392136,0.0109034672504786,0.40931758059238316,0.19074690958660476,7.724288870846206e-4,0.14377300503135804,0.2502758766339456,0.10650287160258759
W02000219,Bridgend 002,2021,7,0.3443152298894676,0.0426693919353435,0.809722698270661,0.16415927430934207,7.483711303202914e-4,0.11627823447751012,0.2275534236469292,0.11127518916941909
W02000219,Bridgend 002,2023,4,0.07512376829491951,0.00657604399375621,0.3178779778788547,0.1963139513425465,9.560534374883257e-4,0.1440355051454954,0.26324964413310215,0.11921413898760674
W02000219,Bridgend 002,2025,12,0.1682122113814376,0.0139961429419419,0.46374823669753623,0.19154006416333338,8.708524545757761e-4,0.14109820944217177,0.2537630565625807,0.11266484712040892
W02000220,Bridgend 003,2021,5,0.3163729247039421,0.04674368472405334,0.84749971090251075,0.15533678014134528,6.597106685243297e-4,0.1095853596406477,0.21147849832938476,0.10189313868873706
W02000220,Bridgend 003,2023,2,0,0,0,0.186308742495644,8.550583460243377e-4,0.1321561202600008,0.24771133610487975,0.11555521584487896
W02000220,Bridgend 003,2025,15,0.35532433610683933,0.03163293726336011,0.6971846982681089,0.1817470681347086,7.970117825528964e-4,0.13029633275667973,0.2427969036044969,0.11250057084781717
W02000221,Bridgend 004,2021,6,0.1706260169161869,0.02459766896340362,0.6147875483709179,0.16275156318214237,6.593092095712334e-4,0.11866191081295199,0.2223738846709803,0.1037119738580283
W02000221,Bridgend 004,2023,2,0,0,0,0.19474417882555628,8.304587623961167e-4,0.1434106223526557,0.25809330985157647,0.11468268749892077
W02000221,Bridgend 004,2025,12,0.22464690922113356,0.0140983287141928,0.46543806976301877,0.1899882711789773,7.375005897464245e-4,0.14037078926878904,0.24816738607517114,0.1077965968063821
W02000222,Bridgend 005,2021,8,0.19854904870901657,0.01952349031918925,0.5477177524871213,0.15191830489388594,5.795246407203831e-4,0.1127309340085075,0.20436992969605872,0.09163899568755121
W02000222,Bridgend 005,2023,4,0,0,0,0.18244895090875182,8.036968208956761e-4,0.13721951485250666,0.24895060900838434,0.11173109415587767
W02000222,Bridgend 005,2025,15,0.15158375295854637,0.00961452561119984,0.3843633916799735,0.17784660662950497,6.843606978909716e-4,0.13462205807596184,0.23513105124684003,0.10050899317087819
W02000223,Bridgend 006,2021,12,0.08401065019598318,0.00655594113393967,0.3173917320720499,0.14544156096879363,4.484612594651189e-4,0.11060775270125923,0.19592247475438324,0.085314722053124
W02000223,Bridgend 006,2023,4,0.15463081215945146,0.02317247323842648,0.5967113262509836,0.1750763684867137,6.093703352371425e-4,0.12882715067340544,0.22536333040784023,0.09653617973443479
W02000223,Bridgend 006,2025,17,0.09757512051333785,0.00841453973360498,0.3595781299341662,0.17067069506014193,5.430494903429936e-4,0.12934965401303783,0.22801945344022567,0.09866979942718784
W02000224,Bridgend 007,2021,8,0.7152273905640969,0.02567485584309066,0.6281047729431473,0.16392500040368535,7.082889240226327e-4,0.11695493143581333,0.22401685134398489,0.10706191990817156
W02000224,Bridgend 007,2023,3,0.476449030286195,0.0982846295077342,1.2289122946103834,0.19605662288728995,8.585867051801839e-4,0.1432350482242532,0.258651965503088,0.1154169172788348
W02000224,Bridgend 007,2025,13,0,0,0,0.19137116277415447,8.145405274149087e-4,0.1367657861611022,0.25261894612529534,0.11585315996419315
W02000225,Bridgend 008,2021,15,0.17185562126867276,0.01169144608310289,0.4238500144277707,0.1518176413059213,6.933072898884537e-4,0.10523150177582499,0.2105807100538491,0.1053492082780241
W02000225,Bridgend 008,2023,5,0,0,0,0.1821685113320138,8.830873071581257e-4,0.12536319393172976,0.24562436169637966,0.1202611677646499
W02000225,Bridgend 008,2025,10,0.28250679011949603,0.046100102267075,0.8416451615467326,0.1776822023554396,8.171434558065756e-4,0.12408156789853877,0.23752414459882304,0.11344257670028426
W02000226,Bridgend 009,2021,13,0.1877215164823944,0.0112726673227187,0.41618979958479596,0.15812831241581482,5.988360716774053e-4,0.11401252067687122,0.2122121248443419,0.09819960416747069
W02000226,Bridgend 009,2023,6,0.33242400929295135,0.03714580498362501,0.7554973996146646,0.18961670171788095,7.748004126793653e-4,0.14459286907596813,0.2489392905704889,0.10434642149452078
W02000226,Bridgend 009,2025,12,0.03520363460281459,0.00130610230687431,0.14166634360314748,0.18493947320468013,6.897571940162107e-4,0.13578008910376554,0.2435116851601169,0.10773159605635135
W02000227,Bridgend 010,2021,11,0.39761037884404415,0.03566960811240275,0.7403332512162134,0.17043295543839782,7.054004223641039e-4,0.12690687099132886,0.22299374660177454,0.09608687561044568
W02000227,Bridgend 010,2023,3,0.3667259490850701,0.0849495858447122,1.1425066054206992,0.20351367141636226,9.180482414902854e-4,0.15604847239106545,0.26377502254184915,0.1077265501507837
W02000227,Bridgend 010,2025,19,0.08362598579906975,0.00386682045615299,0.2437558741801262,0.1986548517277625,8.367895954002046e-4,0.15193315190376955,0.25704374493128057,0.10511059302751102
W02000228,Bridgend 011,2021,6,0.4101397733803831,0.07212175581950968,1.0527160206946662,0.15791887622593123,6.779446662903842e-4,0.11346322837641566,0.2169330632081789,0.10346983483176324
W02000228,Bridgend 011,2023,4,0.13500546782867492,0.01926314327430547,0.5440535695880523,0.18952276657296158,8.85701748023741e-4,0.13844468478860322,0.2523121965623103,0.11386751177370708
W02000228,Bridgend 011,2025,12,0.13750561923203072,0.00914558896790724,0.3748727966188538,0.1848613924026678,8.15366108103812e-4,0.13423046136606312,0.24276345929342794,0.10853299792736482
W02000229,Bridgend 012,2021,10,0.372596028853177,0.05143712390680408,0.8890300182624411,0.1572087455876816,8.534782426673034e-4,0.10274749767961894,0.22000351593401923,0.1172560182544003
W02000229,Bridgend 012,2023,4,0.14036913945894475,0.01997354636929015,0.5539947865489447,0.18854267137641675,0.0011604596669491736,0.1254258468174073,0.25467501784973984,0.12924917103233255
W02000229,Bridgend 012,2025,15,0.02366703171999162,5.939299805793825e-4,0.0955313050841735,0.18383119593342295,0.0010401426604630404,0.12140849565479492,0.2527870642453612,0.13137856859056626
W02000230,Bridgend 013,2021,6,0.2016441058332007,0.03198579527481923,0.701062380663435,0.1511164132548314,5.112686042671937e-4,0.10819217555228938,0.20317501270675034,0.09498283715446096
W02000230,Bridgend 013,2023,2,1,6.162476901133555e-33,3.0772001071872643e-16,0.181647943003344,6.613846079215878e-4,0.1360456393547223,0.23610027913588066,0.10005463978115836
W02000230,Bridgend 013,2025,14,0.03432351547577085,0.00123157673493007,0.13756527631286591,0.17712711596476416,6.069238105516243e-4,0.12904261110772372,0.2315712154541389,0.10252860434641517
W02000231,Bridgend 014,2021,13,0.2472861559093759,0.02086188485061717,0.5661804361710441,0.17898379922014288,8.070426525684921e-4,0.12558509793002845,0.2356107889421325,0.11002569101210405
W02000231,Bridgend 014,2023,4,0.1470825502256866,0.02254107778186926,0.5885256904268972,0.21327369026300738,0.0010991956702498295,0.15467497562851595,0.2815684667552981,0.12689349112678217
W02000231,Bridgend 014,2025,8,0.07183417284544649,0.0052387770914089,0.2837220221797598,0.20818880300398077,9.751828278645383e-4,0.15157773386515028,0.27450278225952807,0.12292504839437779
W02000232,Bridgend 015,2021,7,0.2089893262583731,0.03245549152384563,0.7061910058737371,0.1589854822513404,6.446164211224735e-4,0.11535021528173132,0.21751873965370885,0.10216852437197753
W02000232,Bridgend 015,2023,10,0.5720643907672591,0.03045709201199172,0.6841042749819888,0.19064557185885436,8.216319162299173e-4,0.1410933129954546,0.2531640881992375,0.11207077520378292
W02000232,Bridgend 015,2025,9,0.07382530913478066,0.00564646116036695,0.2945549051039442,0.18592053751377113,7.312717631575065e-4,0.13908430265268473,0.24329531278094438,0.10421101012825965
W02000233,Bridgend 016,2021,11,0.1889879167546872,0.01679458206755793,0.5079988008776861,0.16197544456714655,0.001043843153578223,0.10410461151474756,0.22869197539666933,0.12458736388192176
W02000233,Bridgend 016,2023,4,0,0,0,0.19355169550615445,0.001264628099688818,0.12926268130131702,0.26875857839215034,0.13949589709083332
W02000233,Bridgend 016,2025,14,0.06802796645371637,0.00256054360588346,0.19835546698382633,0.18894542553900304,0.0012176144434137826,0.12200123804849423,0.25975140782709544,0.13775016977860122
W02000234,Bridgend 017,2021,7,0.23793242127900188,0.02837439863724711,0.6603001860576574,0.17035161285507758,0.001089505057330632,0.11331158001740528,0.24243821909557067,0.1291266390781654
W02000234,Bridgend 017,2023,5,0.3319684097213635,0.06177737630349128,0.9743002558151911,0.20352453034977175,0.0013837041374342985,0.14381898562564616,0.2894512956357663,0.14563231001012017
W02000234,Bridgend 017,2025,15,0.24809512359347852,0.01759214410250996,0.5199211368563851,0.19859578766994304,0.0012612122522661063,0.14007669214164592,0.27536724574114935,0.13529055359950343
W02000235,Bridgend 018,2021,7,0.5408530781595624,0.05900934608218884,0.9522226063496215,0.15033561231215903,8.969674185387447e-4,0.09623151056156384,0.21373008507099478,0.11749857450943094
W02000235,Bridgend 018,2023,6,0.14075988961524832,0.01855516492437538,0.5339621783166895,0.18081814204141133,0.001290863730176987,0.11675202587130976,0.2614755349073111,0.14472350903600137
W02000235,Bridgend 018,2025,13,0,0,0,0.17622209206825046,0.001149669878487332,0.11644332774238389,0.24008385243026475,0.12364052468788087
W02000236,Bridgend 019,2021,12,0.7427696585151857,0.02582544992658348,0.6299441321859218,0.16520048531593462,9.78843701529688e-4,0.11471109182385067,0.23049395927988836,0.11578286745603769
W02000236,Bridgend 019,2023,3,0,0,0,0.19770329123066904,0.0013543072112029164,0.13907940551978082,0.2812127688301307,0.14213336331034987
W02000236,Bridgend 019,2025,16,0.13370182663871005,0.00806865787511177,0.3521103063842989,0.19289666520519014,0.0012314932860099186,0.13595636494105828,0.2726935340083046,0.1367371690672463
W02000237,Vale of Glamorgan 001,2021,6,0,0,0,0.14861729224165207,4.580697875806435e-4,0.10931258524462928,0.18980313338256874,0.08049054813793946
W02000237,Vale of Glamorgan 001,2023,6,0,0,0,0.17900812780175554,7.239167423830364e-4,0.1275341317265154,0.236297805597305,0.10876367387078961
W02000237,Vale of Glamorgan 001,2025,20,0.1627169233043331,0.00557483099244682,0.29268060195246154,0.1744087194359237,5.938697037170936e-4,0.12555473892395508,0.22006012978019096,0.09450539085623588
W02000238,Vale of Glamorgan 002,2021,10,0.0697226178451028,0.00512124616335283,0.28052134497864983,0.14128225627226096,5.415088448518699e-4,0.10315872009824573,0.1951730435958311,0.09201432349758537
W02000238,Vale of Glamorgan 002,2023,5,0.14118483278569652,0.02022357229056553,0.5574514155028695,0.1702253119730584,6.885074716979036e-4,0.126313323797602,0.2298107960943254,0.1034974722967234
W02000238,Vale of Glamorgan 002,2025,12,0.09491294921351873,0.00529947441630956,0.2853609135223337,0.1659784956634868,6.445294992689131e-4,0.12050496432858455,0.22501594043266454,0.10451097610407999
W02000239,Vale of Glamorgan 003,2021,13,0.0878882555274812,0.00447735435358631,0.2622942803414315,0.14933180694347678,3.862845117405647e-4,0.11377781394954917,0.19009238633282943,0.07631457238328027
W02000239,Vale of Glamorgan 003,2023,6,0.09814815869375534,0.00992993493438209,0.39061713297089673,0.17981561056067016,5.819837155162182e-4,0.1337825438717108,0.2330913091433725,0.09930876527166171
W02000239,Vale of Glamorgan 003,2025,15,0.2267787281000853,0.01445762414180057,0.47133159361876054,0.17520605575400708,4.6969415513874516e-4,0.13503904171210185,0.22040184928656864,0.08536280757446679
W02000240,Vale of Glamorgan 004,2021,11,0.3842605519584914,0.02654797717361021,0.6386954237667628,0.17692635819682145,9.753891536206412e-4,0.1268147364078304,0.24574900325860582,0.11893426685077543
W02000240,Vale of Glamorgan 004,2023,4,0.3821218455135906,0.07541976152873689,1.0765164340207978,0.2110760270925125,0.0012555859591582973,0.14985306050283126,0.28997613386357546,0.1401230733607442
W02000240,Vale of Glamorgan 004,2025,9,0.23257132757896865,0.02165848856048714,0.5768888694491725,0.20600834369146295,0.001138770833195808,0.14761308991215807,0.2781041138980228,0.13049102398586473
W02000241,Vale of Glamorgan 005,2021,10,0.3254299456153663,0.02399623667622223,0.607225016096464,0.1708675331244589,9.630561033126322e-4,0.11627105096942515,0.2386735986238359,0.12240254765441073
W02000241,Vale of Glamorgan 005,2023,4,0.19491158055598495,0.03509183804939568,0.7343128782997632,0.20433633981174856,0.0013295898451162612,0.14216856976629957,0.2861893485014627,0.14402077873516314
W02000241,Vale of Glamorgan 005,2025,14,0.08571980997754938,0.00684297326408523,0.3242653234935507,0.19926435418486912,0.0011558802695289384,0.1430799925650773,0.2823268581687388,0.1392468656036615
W02000242,Vale of Glamorgan 006,2021,7,0.23229378979409,0.02616522429055024,0.6340745433980909,0.16016868345194102,7.124378394989761e-4,0.11401571718469874,0.21471782631686565,0.1007021091321669
W02000242,Vale of Glamorgan 006,2023,4,0,0,0,0.19225227754972796,0.0010623408068507817,0.13879259162968627,0.25338871862155055,0.11459612699186428
W02000242,Vale of Glamorgan 006,2025,11,0.3303578552998071,0.03512637468853634,0.7346741369785239,0.18742696481281637,9.259636589073583e-4,0.13679158583776047,0.25169849448456133,0.11490690864680086
W02000243,Vale of Glamorgan 007,2021,17,0.09583720050472132,0.00445311557213456,0.26158333352220026,0.1763737631293505,7.992924451291564e-4,0.1261429552328197,0.23811548825341247,0.11197253302059276
W02000243,Vale of Glamorgan 007,2023,5,0,0,0,0.21032459738238232,0.0011001996291362505,0.15186206528356433,0.2811345321337838,0.12927246685021948
W02000243,Vale of Glamorgan 007,2025,11,0.08317159924169112,0.00387401401355907,0.24398250186338472,0.20527919840010198,9.64449382131616e-4,0.1518011912215998,0.2709657691002081,0.11916457787860829
W02000244,Vale of Glamorgan 008,2021,11,0.0930599756826962,0.00814188401424482,0.35370446513206044,0.15555736623846006,6.354765992625526e-4,0.10916205893150338,0.20982716870137588,0.1006651097698725
W02000244,Vale of Glamorgan 008,2023,4,0,0,0,0.18671422430644863,8.433700440393267e-4,0.12811898385073475,0.24070101880271416,0.11258203495197941
W02000244,Vale of Glamorgan 008,2025,18,0.1570993129235458,0.0089089090669488,0.36999030970009106,0.18205780829820659,7.523284775730989e-4,0.12745038791668778,0.2393018617642317,0.11185147384754393
W02000245,Vale of Glamorgan 009,2021,6,0,0,0,0.16216278893080754,7.107449718409882e-4,0.116701938302292,0.21654496832531145,0.09984303002301945
W02000245,Vale of Glamorgan 009,2023,5,0,0,0,0.19415558066443808,9.207791759716421e-4,0.1406968860998391,0.2572481180544476,0.11655123195460848
W02000245,Vale of Glamorgan 009,2025,16,0.12334052629428711,0.00786840781573228,0.3477134717468585,0.18937763174903613,8.16404076750072e-4,0.1380579274458087,0.24774155557107364,0.10968362812526494
W02000246,Vale of Glamorgan 010,2021,7,0.40298903120194407,0.04840920788628492,0.8624661816850206,0.16078467098872892,8.229967694313974e-4,0.11384832919903551,0.22431313371399114,0.11046480451495563
W02000246,Vale of Glamorgan 010,2023,3,0,0,0,0.19280666466991084,0.00110080435547354,0.13696127046665507,0.265151659844334,0.1281903893776789
W02000246,Vale of Glamorgan 010,2025,13,0.38345641557840093,0.0228186109348791,0.5921376672760439,0.18806634022382285,0.0010065749878226424,0.13486588168769878,0.26015513440807714,0.12528925272037836
W02000247,Vale of Glamorgan 011,2021,6,0.5089711206498703,0.04487040727336258,0.8303440776169755,0.17433906913744687,0.0011574140723712393,0.12186840476865354,0.2610063113506089,0.13913790658195538
W02000247,Vale of Glamorgan 011,2023,8,0,0,0,0.20815999537982835,0.001503345459694795,0.14139644672979024,0.3043086526370493,0.16291220590725908
W02000247,Vale of Glamorgan 011,2025,19,0.1916693699386835,0.0067366554064259504,0.32173644078961106,0.2031383849227053,0.0013688482278860334,0.1403940029728568,0.2967085188899351,0.1563145159170783
W02000248,Vale of Glamorgan 012,2021,8,0.09452546823005964,0.00857139382610514,0.3629140747831902,0.18816725869560094,0.0010003293047423773,0.12683148588933368,0.25745764774811614,0.13062616185878245
W02000248,Vale of Glamorgan 012,2023,7,0.17496181338717995,0.02076146570673613,0.5648161313903138,0.22365272373769965,0.0013466382725598536,0.15696684889795454,0.29904826086555436,0.14208141196759982
W02000248,Vale of Glamorgan 012,2025,20,0.22411832339759163,0.01266490482991558,0.44114265435176775,0.21839696334729136,0.0011938725953394562,0.15460775188169928,0.28935196022524884,0.13474420834354955
W02000249,Vale of Glamorgan 013,2021,1,0,0,0,0.18087313779610462,9.548970294775552e-4,0.12727117027774923,0.24251257687940614,0.11524140660165691
W02000249,Vale of Glamorgan 013,2023,3,0,0,0,0.2155863807226146,0.0013178161308957154,0.15408780384622373,0.29130721188702,0.1372194080407963
W02000249,Vale of Glamorgan 013,2025,13,0.30956485591124094,0.01817167953600328,0.528415588870755,0.21045841726636227,0.0011894949853845805,0.1494774500347984,0.28269634663728854,0.13321889660249014
W02000250,Vale of Glamorgan 014,2021,4,0.25625338871703796,0.05443056319780204,0.9145332516897252,0.16359636642317665,7.055655563896841e-4,0.12121214617030647,0.22327648596836563,0.10206433979805916
W02000250,Vale of Glamorgan 014,2023,8,0.41237789295661,0.03423242187615998,0.7252653003415983,0.19609645023124683,9.834702966327528e-4,0.14436188045756215,0.25582184751607595,0.1114599670585138
W02000250,Vale of Glamorgan 014,2025,13,0.15434933297738462,0.01205902844864081,0.43046143243283763,0.19127991554141072,8.930632187239696e-4,0.14216752239573227,0.25859094282066747,0.1164234204249352
W02000251,Vale of Glamorgan 015,2021,12,0,0,0,0.17168116687175694,6.942037508964307e-4,0.12503109586106104,0.22982813159814713,0.1047970357370861
W02000251,Vale of Glamorgan 015,2023,5,0,0,0,0.20527253202239107,0.0010043257242511607,0.1469836484245125,0.2712218969097606,0.12423824848524812
W02000251,Vale of Glamorgan 015,2025,18,0.2951833288197265,0.01407341563645197,0.46502665142524047,0.2001283976277054,8.05484448821596e-4,0.1491082477371522,0.25364042805277315,0.10453218031562095
W02000252,Rhondda Cynon Taf 001,2021,12,0,0,0,0.12863686302690627,3.064476839832008e-4,0.09258309989537666,0.1653023682469713,0.07271926835159465
W02000252,Rhondda Cynon Taf 001,2023,7,0,0,0,0.15549640101439383,4.7705505942055354e-4,0.11671979879762906,0.20199550760446236,0.0852757088068333
W02000252,Rhondda Cynon Taf 001,2025,5,0,0,0,0.15137150265217747,3.6705474777413023e-4,0.11206804620442158,0.19059064212272073,0.07852259591829915
W02000253,Rhondda Cynon Taf 002,2021,8,0,0,0,0.12970209195060312,4.842691095506252e-4,0.09016228575530086,0.17425571083443253,0.08409342507913167
W02000253,Rhondda Cynon Taf 002,2023,3,0,0,0,0.15668571160430683,7.093473883990163e-4,0.10983029473527967,0.21001559231240108,0.10018529757712141
W02000253,Rhondda Cynon Taf 002,2025,7,0,0,0,0.15265554106256235,6.375831407538582e-4,0.10778057074034589,0.20559149775113555,0.09781092701078967
W02000254,Rhondda Cynon Taf 003,2021,6,0.45613524911080167,0.07806328820345773,1.095220355986064,0.13201027258944972,4.8728691798462025e-4,0.09054901770512208,0.17741908443493343,0.08687006672981135
W02000254,Rhondda Cynon Taf 003,2023,5,0,0,0,0.15939713207953923,7.169599751394513e-4,0.1072755748788041,0.21835206639766586,0.11107649151886176
W02000254,Rhondda Cynon Taf 003,2025,6,0,0,0,0.1551947629895485,5.992012289171337e-4,0.10808344114134696,0.2069599673692271,0.09887652622788012
W02000255,Rhondda Cynon Taf 004,2021,9,0.21476578694195855,0.03247331881536928,0.7063849290592566,0.13348199714070685,4.1373140352796747e-4,0.09838734684480033,0.1767244630952518,0.07833711625045148
W02000255,Rhondda Cynon Taf 004,2023,7,0,0,0,0.16109976132534612,6.097625133130692e-4,0.11708543470380406,0.2148617220599337,0.09777628735612964
W02000255,Rhondda Cynon Taf 004,2025,6,0.1304459405317504,0.0163323027759761,0.5009585554155972,0.15691915378323068,5.192325747030048e-4,0.11551758080380001,0.20510895140194818,0.08959137059814817
W02000256,Rhondda Cynon Taf 005,2021,5,0.11179896075730704,0.01287202005263511,0.44473513452996616,0.14689473977176593,5.501516317840587e-4,0.10454007242226503,0.19283216593107733,0.0882920935088123
W02000256,Rhondda Cynon Taf 005,2023,2,0,0,0,0.176638102600328,7.931373131092915e-4,0.12561779275121698,0.23967254444458808,0.11405475169337109
W02000256,Rhondda Cynon Taf 005,2025,8,0.2727221010340992,0.0325324572589449,0.7070278492286663,0.1721394301192029,6.814418137890851e-4,0.12892474816862343,0.22974697469428695,0.10082222652566353
W02000257,Rhondda Cynon Taf 006,2021,4,0,0,0,0.14234675832481716,4.346724961398725e-4,0.10492574142624271,0.18716559814965938,0.08223985672341667
W02000257,Rhondda Cynon Taf 006,2023,4,0,0,0,0.17130114738144964,6.117401673840657e-4,0.12590131741248559,0.2235805433429276,0.09767922593044201
W02000257,Rhondda Cynon Taf 006,2025,7,0.08332934345818582,0.00707666406425715,0.3297557495524817,0.1669448431738976,5.272115082838295e-4,0.1249074932817058,0.21837053458314912,0.09346304130144331
W02000258,Rhondda Cynon Taf 007,2021,8,0,0,0,0.13619642817817712,4.194147261194387e-4,0.09597881550034593,0.17774097696377975,0.08176216146343382
W02000258,Rhondda Cynon Taf 007,2023,7,0.2496770476051043,0.03119143931930032,0.6923023319425459,0.16409507434468465,5.833622180973923e-4,0.12071333021098066,0.21151956031108765,0.090806230100107
W02000258,Rhondda Cynon Taf 007,2025,8,0,0,0,0.1598607633349273,4.8431852297504876e-4,0.12004284242566485,0.20603959553335777,0.08599675310769292
W02000259,Rhondda Cynon Taf 008,2021,8,0,0,0,0.1415112340788959,4.901462893637811e-4,0.10315298564147699,0.19272967643285593,0.08957669079137895
W02000259,Rhondda Cynon Taf 008,2023,7,0.06396191490916571,0.00459812913163889,0.2658083799388185,0.17033149747451692,7.379637672062055e-4,0.11896421016195942,0.23013837724734038,0.11117416708538096
W02000259,Rhondda Cynon Taf 008,2025,5,0,0,0,0.1660380064570665,6.523638363346174e-4,0.11953218645700342,0.22073653102468876,0.10120434456768534
W02000260,Rhondda Cynon Taf 009,2021,9,0.2524366414500395,0.01998260887720358,0.5541204530851189,0.1459008055256015,4.913226668240361e-4,0.10654057558640245,0.1892122353977787,0.08267165981137625
W02000260,Rhondda Cynon Taf 009,2023,2,0,0,0,0.17546831479491387,7.15074416922144e-4,0.13085198872126402,0.23281223426181677,0.10196024554055275
W02000260,Rhondda Cynon Taf 009,2025,4,0.2583865506994965,0.05113041848495398,0.8863755346235778,0.17102247817939364,6.065866713419666e-4,0.12916247943030984,0.2196180180703818,0.09045553864007197
W02000261,Rhondda Cynon Taf 010,2021,12,0,0,0,0.1240897050385111,4.955424158921991e-4,0.0820854344668739,0.167416774746924,0.08533134028005011
W02000261,Rhondda Cynon Taf 010,2023,4,0,0,0,0.15011973292772138,7.171303943199494e-4,0.10188454877096423,0.20948513711100883,0.1076005883400446
W02000261,Rhondda Cynon Taf 010,2025,14,0.06159992601556031,0.00367901562196499,0.23776279786769744,0.146165699967808,6.344366445566082e-4,0.09906890900817636,0.20121356137175883,0.10214465236358247
W02000262,Rhondda Cynon Taf 011,2021,7,0,0,0,0.12441519867339054,5.444076082680044e-4,0.08301327093051727,0.1689903179318668,0.08597704700134953
W02000262,Rhondda Cynon Taf 011,2023,8,0,0,0,0.15057754805780268,8.088817121065246e-4,0.09964202930450841,0.2110350717662693,0.11139304246176088
W02000262,Rhondda Cynon Taf 011,2025,12,0.130551361953057,0.01481034237209046,0.477046414273357,0.14663972635236686,7.221600008204118e-4,0.10066414105014285,0.1991111657571641,0.09844702470702124
W02000263,Rhondda Cynon Taf 012,2021,10,0.14227615304313618,0.0098252087922224,0.38855184971915496,0.14446100972330322,5.187192661145579e-4,0.10493116934134047,0.19483823021656538,0.0899070608752249
W02000263,Rhondda Cynon Taf 012,2023,3,0,0,0,0.17375177759517169,7.006340805074461e-4,0.1270758253958994,0.23144217073758067,0.10436634534168127
W02000263,Rhondda Cynon Taf 012,2025,8,0.07301305027132968,0.0052858860771012,0.28499483290799965,0.1693923524726519,6.371766947230508e-4,0.12542607897628033,0.22334153257805647,0.09791545360177614
W02000264,Rhondda Cynon Taf 013,2021,11,0.08858266354524647,0.00730549835997708,0.3350448991672633,0.15052562805817551,5.748334617416337e-4,0.10593489396162548,0.19968050763830514,0.09374561367667966
W02000264,Rhondda Cynon Taf 013,2023,8,0.4463187324576003,0.04251886103566664,0.8082931492257727,0.1807147186870324,8.260270569690197e-4,0.13064939561526565,0.24272497065624055,0.1120755750409749
W02000264,Rhondda Cynon Taf 013,2025,9,0,0,0,0.17621405495133374,7.188913490250082e-4,0.12382120835380908,0.2358502579161741,0.11202904956236501
W02000265,Rhondda Cynon Taf 014,2021,8,0.05132387244528289,0.0028207968927463,0.20819197972089942,0.14682216675921103,6.401540939499114e-4,0.1029622488941705,0.20014651829331415,0.09718426939914365
W02000265,Rhondda Cynon Taf 014,2023,2,0,0,0,0.17638348287808306,8.841539184150597e-4,0.12738886234703933,0.23637596026933616,0.10898709792229683
W02000265,Rhondda Cynon Taf 014,2025,9,0.18504699755418308,0.0159764538766468,0.49547104725849594,0.17200908305736828,8.059537561101503e-4,0.12221986477020652,0.22995484307715325,0.10773497830694673
W02000266,Rhondda Cynon Taf 015,2021,5,0,0,0,0.14489648599250862,5.136975010233314e-4,0.10574431375666436,0.18603641211811667,0.0802920983614523
W02000266,Rhondda Cynon Taf 015,2023,3,0.46814725674600344,0.09813279954298192,1.2279627167040474,0.17424642405080865,6.73251506259213e-4,0.1311100283128605,0.2280754439587766,0.0969654156459161
W02000266,Rhondda Cynon Taf 015,2025,9,0.19101749344806623,0.01805137985346083,0.5266635828070032,0.1699253914707979,6.265454916227983e-4,0.12456736637520238,0.2196764568189599,0.09510909044375751
W02000267,Rhondda Cynon Taf 016,2021,6,0,0,0,0.14920574058883695,7.51413960865629e-4,0.10287134522380384,0.20973223967357643,0.10686089444977259
W02000267,Rhondda Cynon Taf 016,2023,3,0,0,0,0.17913272574248837,0.0010254737211520036,0.12211155548952007,0.2477981110856504,0.12568655559613032
W02000267,Rhondda Cynon Taf 016,2025,4,0.3876848127336204,0.07569560365471198,1.0784832763602032,0.1746322402783478,9.013134072053269e-4,0.11901387606010073,0.23890983700269305,0.11989596094259232
W02000268,Rhondda Cynon Taf 017,2021,3,0,0,0,0.14435230035019506,4.634518826042025e-4,0.10167444018266004,0.18661935210898,0.08494491192631996
W02000268,Rhondda Cynon Taf 017,2023,5,0.15751108875263864,0.02232284622425626,0.5856698542051408,0.17345373532906594,5.562439178863788e-4,0.12488367451750046,0.22262424602903783,0.09774057151153737
W02000268,Rhondda Cynon Taf 017,2025,11,0.03728687811082731,0.00147635974183728,0.15061706613526263,0.16917601537806823,5.200254084866794e-4,0.1225406549706653,0.21423891761613031,0.09169826264546502
W02000269,Rhondda Cynon Taf 018,2021,9,0.08489608206896909,0.00688138809569497,0.32517422406351326,0.14182697235087732,4.7401622388236345e-4,0.10624257946311866,0.18955275139190697,0.08331017192878831
W02000269,Rhondda Cynon Taf 018,2023,7,0,0,0,0.1708102358145906,7.072352003666352e-4,0.12630668549903828,0.22882212732091625,0.10251544182187797
W02000269,Rhondda Cynon Taf 018,2025,7,0,0,0,0.16643819450867645,5.969609516935229e-4,0.1237882075446165,0.2202848225491703,0.09649661500455381
W02000270,Rhondda Cynon Taf 019,2021,5,0,0,0,0.1368131827569161,5.304802423275629e-4,0.09578478826092063,0.18783595778930917,0.09205116952838854
W02000270,Rhondda Cynon Taf 019,2023,3,0,0,0,0.16482620357032177,6.639519748294447e-4,0.11904422914081303,0.21961736154284983,0.1005731324020368
W02000270,Rhondda Cynon Taf 019,2025,4,0,0,0,0.1606946788956863,6.262055806523685e-4,0.1164346296642205,0.21164546852633312,0.09521083886211262
W02000271,Rhondda Cynon Taf 020,2021,5,0,0,0,0.14139267723178542,6.763353883452594e-4,0.09262242958964395,0.19189772123575405,0.0992752916461101
W02000271,Rhondda Cynon Taf 020,2023,4,0.12268950939478776,0.0171393386633907,0.5131863742904562,0.17021292774080107,9.675722013252142e-4,0.11631685061862533,0.23285794016013503,0.1165410895415097
W02000271,Rhondda Cynon Taf 020,2025,7,0,0,0,0.16583689188244763,8.442606957492234e-4,0.11402428493337073,0.2260113461727456,0.11198706123937487
W02000272,Rhondda Cynon Taf 021,2021,7,0.23744356703814623,0.03912458022743475,0.7753591782409855,0.14943389955955538,5.072489890346235e-4,0.10746532883660345,0.1995845213247811,0.09211919248817765
W02000272,Rhondda Cynon Taf 021,2023,2,0,0,0,0.1795775287164609,7.254905595223288e-4,0.1337412394551504,0.24090339380896308,0.10716215435381268
W02000272,Rhondda Cynon Taf 021,2025,8,0.1855565686140649,0.01727400927802911,0.5151985842753727,0.17511882464555256,6.52970967114392e-4,0.1322753818350189,0.2269523039239959,0.09467692208897699
W02000273,Rhondda Cynon Taf 022,2021,4,0.4992046024265114,0.08652624919370804,1.1530603161790758,0.19053676321392557,9.019551099170377e-4,0.13474125757051247,0.2554238408977366,0.12068258332722415
W02000273,Rhondda Cynon Taf 022,2023,3,0,0,0,0.22590155298435938,0.001155176087224972,0.1658200713545479,0.30219493573319267,0.13637486437864477
W02000273,Rhondda Cynon Taf 022,2025,7,0.3226183991408277,0.04147132676107223,0.7982741233240851,0.22073453757728062,0.0010678257428018726,0.16053630879498598,0.29437661703114665,0.13384030823616067
W02000274,Rhondda Cynon Taf 023,2021,13,0.07445337174504847,0.00523924836027016,0.28373478339722136,0.14691809748143855,5.360748867153435e-4,0.10916283734640078,0.19129497634967502,0.08213213900327423
W02000274,Rhondda Cynon Taf 023,2023,5,0.1881054911567012,0.03033909528162065,0.6827778121218091,0.1766774621545258,7.174000849307461e-4,0.12997086701463187,0.23006266779560489,0.10009180078097302
W02000274,Rhondda Cynon Taf 023,2025,7,0.1887888568142841,0.02836594638437752,0.6602018326106149,0.1722592142563621,6.589517819941505e-4,0.12852981533143995,0.22310559071681424,0.09457577538537429
W02000275,Rhondda Cynon Taf 024,2021,6,0,0,0,0.14598381792124948,5.190608260215387e-4,0.10386939619314689,0.1903980011102177,0.08652860491707082
W02000275,Rhondda Cynon Taf 024,2023,1,1,0,0,0.17554190312632337,7.003548264401923e-4,0.12823086497920588,0.2236535626256978,0.09542269764649192
W02000275,Rhondda Cynon Taf 024,2025,8,0.13233078446833696,0.01609793561785056,0.49735121101353774,0.17118942571681975,6.475247523586878e-4,0.12278703023462323,0.22516559742687367,0.10237856719225044
W02000276,Rhondda Cynon Taf 025,2021,3,0,0,0,0.14164042884952507,5.865073248984904e-4,0.09739457162421439,0.19170705433627422,0.09431248271205983
W02000276,Rhondda Cynon Taf 025,2023,2,0,0,0,0.1705804097763014,7.792673820637582e-4,0.11694534526556172,0.22941650096149363,0.11247115569593191
W02000276,Rhondda Cynon Taf 025,2025,10,0.14269715022150847,0.01692906107665517,0.5100285913514518,0.16626689861654914,7.016672327487668e-4,0.1125246564137127,0.2241092986591594,0.1115846422454467
W02000277,Rhondda Cynon Taf 026,2021,5,0.20879429506292893,0.0361116556916902,0.7449065398738622,0.14992747051883173,6.598175089398802e-4,0.10568530033212856,0.20261603043211446,0.0969307300999859
W02000277,Rhondda Cynon Taf 026,2023,4,0,0,0,0.18003738442560555,8.456377599380119e-4,0.12400312560657131,0.24386545186098835,0.11986232625441703
W02000277,Rhondda Cynon Taf 026,2025,6,0.10088609002340776,0.01018566563734435,0.39561504070102027,0.175593944379807,7.844361920870495e-4,0.12397522885016841,0.23264090674019597,0.10866567789002755
W02000278,Rhondda Cynon Taf 027,2021,8,0.18255421188670268,0.01776429243785815,0.5224587940835147,0.14266221769300202,4.919061974312818e-4,0.1005432060277941,0.1889047717560966,0.0883615657283025
W02000278,Rhondda Cynon Taf 027,2023,5,0,0,0,0.17219152519222244,7.978363106709893e-4,0.1189002355559862,0.2275042707227149,0.1086040351667287
W02000278,Rhondda Cynon Taf 027,2025,7,0.08316256222900299,0.00703547690226713,0.3287947372085133,0.16775148423873823,6.920193865784179e-4,0.11788452712876352,0.21955129105216303,0.10166676392339952
W02000279,Rhondda Cynon Taf 028,2021,8,0.1231693676092707,0.01379060584948184,0.4603305094525367,0.14676301776751255,6.36746193329283e-4,0.09915769137652677,0.19534589378469897,0.09618820240817219
W02000279,Rhondda Cynon Taf 028,2023,4,0,0,0,0.17655142893553963,8.802553597709568e-4,0.12119445882134303,0.23200515983038955,0.11081070100904652
W02000279,Rhondda Cynon Taf 028,2025,11,0.25312851242312073,0.01675411550252992,0.507386419921234,0.1721076915163532,7.90184499306844e-4,0.11925174892678653,0.22584901157939807,0.10659726265261155
W02000280,Rhondda Cynon Taf 029,2021,7,0.24440039640518788,0.04037675502059418,0.7876690719454897,0.1543006389545545,5.915284186997031e-4,0.11191223571032659,0.20186919352166113,0.08995695781133455
W02000280,Rhondda Cynon Taf 029,2023,4,0.31322778610688284,0.06393153441522402,0.9911414768838448,0.18534664647444274,8.078405234528993e-4,0.13345577768669142,0.24118677596338797,0.10773099827669655
W02000280,Rhondda Cynon Taf 029,2025,6,0.21060406256842443,0.03449264812068904,0.7280167233582469,0.1807360340750977,7.399906155947775e-4,0.12913660154454643,0.23802354269959286,0.10888694115504644
W02000281,Rhondda Cynon Taf 030,2021,11,0.06235284232741819,0.00384542022198588,0.24308042645201372,0.14083336642070637,4.243693391666249e-4,0.09742667424183643,0.178709817773708,0.08128314353187158
W02000281,Rhondda Cynon Taf 030,2023,4,0,0,0,0.16971741574079208,5.894658441665691e-4,0.12214834918431203,0.21635704923375804,0.09420870004944601
W02000281,Rhondda Cynon Taf 030,2025,10,0.12026842955867198,0.01262069315154442,0.4403719928890766,0.16546187998363934,5.384651006560909e-4,0.11781960476199763,0.20874912703926363,0.090929522277266
W02000282,Rhondda Cynon Taf 031,2021,8,0,0,0,0.14330591874488702,4.633766053747453e-4,0.10409881297181198,0.18566247433240757,0.08156366136059559
W02000282,Rhondda Cynon Taf 031,2023,5,0,0,0,0.1727183916796325,6.689758158582989e-4,0.12496327792383785,0.22933278850692118,0.10436951058308333
W02000282,Rhondda Cynon Taf 031,2025,5,0.0898198462406467,0.00982488383950507,0.3885454243074387,0.1683595396367806,6.010542147704297e-4,0.12416307988561573,0.21778581859836232,0.0936227387127466
W02000284,Merthyr Tydfil 002,2021,8,0,0,0,0.1365149333024939,4.987730426942459e-4,0.09950129837948948,0.18780352857375956,0.08830223019427008
W02000284,Merthyr Tydfil 002,2023,7,0.13005856501978796,0.01566378197715605,0.49059870950329965,0.16451728061188392,6.559271848101433e-4,0.11821177883821568,0.21670310717078178,0.0984913283325661
W02000284,Merthyr Tydfil 002,2025,31,0.08036287104106436,0.00248401447213526,0.19536877237384537,0.1603967997161022,6.233137597021736e-4,0.1191107705050371,0.21441399537932676,0.09530322487428966
W02000285,Merthyr Tydfil 003,2021,14,0.04783204821367207,0.0022579170183266,0.18626535100706296,0.1276628517102646,3.8999029057726434e-4,0.09104426120647577,0.17424840657426244,0.08320414536778667
W02000285,Merthyr Tydfil 003,2023,6,0.541986534139711,0.05413486319098594,0.9120457175209641,0.1543446111033715,5.641855313157016e-4,0.11302515094400295,0.21227894553966525,0.0992537945956623
W02000285,Merthyr Tydfil 003,2025,23,0.08607233660619168,0.00655397376923579,0.31734410564199067,0.15033965695771984,4.8368351005645605e-4,0.10900787735789588,0.19989621974355448,0.0908883423856586
W02000286,Merthyr Tydfil 004,2021,13,0,0,0,0.16879549079813244,6.907281059468877e-4,0.12275725278870617,0.22173394776669397,0.0989766949779878
W02000286,Merthyr Tydfil 004,2023,10,0.1685173827141214,0.01008814072661191,0.39371653345343244,0.20154401750435713,9.668764972770953e-4,0.1500511138422453,0.2666232552949822,0.11657214145273692
W02000286,Merthyr Tydfil 004,2025,18,0.31781479424180314,0.01510502554650004,0.4817689638090551,0.19670125395695207,8.600695464144745e-4,0.14931945095575067,0.2593139089626491,0.10999445800689844
W02000287,Merthyr Tydfil 005,2021,15,0.28424014016189636,0.01580350178666467,0.49278190444146114,0.1592486441109919,6.114752397571035e-4,0.1174241153094836,0.21349423214557103,0.09607011683608743
W02000287,Merthyr Tydfil 005,2023,7,0.08143689220832523,0.00719258543337596,0.3324456091250907,0.19108611712801543,8.794106187226774e-4,0.1387848831983564,0.2556971877090537,0.11691230451069728
W02000287,Merthyr Tydfil 005,2025,19,0.3733724764228139,0.01681172985111207,0.5082580758932657,0.18630382645778917,7.595262397501603e-4,0.139429243063928,0.24415173690996206,0.10472249384603405
W02000288,Merthyr Tydfil 006,2021,15,0,0,0,0.14506896550266993,4.0903889592771306e-4,0.10919166014871552,0.19036863171277615,0.08117697156406063
W02000288,Merthyr Tydfil 006,2023,8,0.4107890450004816,0.04425884425201754,0.8246660600404024,0.17456518770432405,5.945188377618763e-4,0.1295401613449573,0.22307126318211074,0.09353110183715344
W02000288,Merthyr Tydfil 006,2025,32,0.22002796937911617,0.00584310726496935,0.2996401571437208,0.17010456821628944,4.87099526494793e-4,0.12800936557068912,0.2188808381657737,0.09087147259508457
W02000289,Merthyr Tydfil 007,2021,10,0.502546487410291,0.02752522054250398,0.650344527906718,0.1369441069283991,3.4073286137452954e-4,0.10252226573556264,0.17542499471548192,0.07290272897991928
W02000289,Merthyr Tydfil 007,2023,13,0.13349329772120822,0.0090454268199364,0.3728143486744462,0.1652162405966482,5.184768719360908e-4,0.1248686336785452,0.21315840908726555,0.08828977540872035
W02000289,Merthyr Tydfil 007,2025,32,0.21904547495787316,0.01359111880808216,0.45698894178484895,0.16097524995835139,4.341960093176085e-4,0.12313419261830272,0.2020009930167163,0.0788668003984136
W02000290,Caerphilly 001,2021,8,0.1505846982555116,0.01136164469830365,0.4178291049885883,0.15046465043368523,5.179585672977623e-4,0.10952782595266955,0.1933176922717843,0.08378986631911475
W02000290,Caerphilly 001,2023,5,0.18260721374531855,0.02808857171382208,0.6569660313007403,0.18064154085145032,7.238828631789824e-4,0.13223609970524575,0.23998035014217148,0.10774425043692573
W02000290,Caerphilly 001,2025,7,0.4940004281368866,0.04800114891573124,0.8588234670892219,0.17609281706560512,6.095023500336915e-4,0.13310926329480932,0.22491523266287483,0.09180596936806551
W02000291,Caerphilly 002,2021,6,0.29516036906540793,0.03690597982520536,0.7530545843055323,0.14686787761631903,5.346483110133383e-4,0.10838080563289643,0.19961349807372158,0.09123269244082516
W02000291,Caerphilly 002,2023,3,0,0,0,0.17656977324644016,7.425307817022606e-4,0.13069138940807082,0.23441313224735072,0.1037217428392799
W02000291,Caerphilly 002,2025,5,0.38510048043962464,0.07552190854049042,1.0772451934792222,0.172139042237899,6.625964697853059e-4,0.13141596836123323,0.2337068094056687,0.10229084104443548
W02000292,Caerphilly 003,2021,6,0,0,0,0.14127549848859544,4.847992132123083e-4,0.10190832964741389,0.1826297372014494,0.080721407554035507
W02000292,Caerphilly 003,2023,3,0,0,0,0.17002514438471075,6.4047486367967e-4,0.1241651306043517,0.22314864304012,0.09898351243576829
W02000292,Caerphilly 003,2025,9,0.1328072485359273,0.00969458237186979,0.38596030347881616,0.16579388186410648,6.077502091121365e-4,0.12344605354900293,0.2135699276739405,0.09012387412493758
W02000293,Caerphilly 004,2021,4,0,0,0,0.1391859225584799,6.316748668701017e-4,0.09626743036879581,0.1935097847175702,0.09724235434877437
W02000293,Caerphilly 004,2023,2,0,0,0,0.16748893758150607,8.723135690977277e-4,0.11454165391724824,0.22708634697095903,0.11254469305371079
W02000293,Caerphilly 004,2025,6,0,0,0,0.16327335920577088,8.010154273071021e-4,0.11520461372606008,0.22197276546916386,0.10676815174310378
W02000294,Caerphilly 005,2021,8,0.1119222634503804,0.01155757883382839,0.4214164835745169,0.13187834974246024,4.7745177637865797e-4,0.09524198313090228,0.1798136971185579,0.08457171398765563
W02000294,Caerphilly 005,2023,6,0.21544720375870355,0.03488404546037146,0.7321355725143773,0.15931197252149187,7.019769583256154e-4,0.11188174994029676,0.21776982722092672,0.10588807728062996
W02000294,Caerphilly 005,2025,14,0.22972725402244865,0.01346904739298823,0.4549320428993404,0.15512656238641057,5.970427053569403e-4,0.11049655381303639,0.21236450408995639,0.10186795027692
W02000295,Caerphilly 006,2021,5,0,0,0,0.13010611891514365,4.5041520994913915e-4,0.09388535840612564,0.181359121239975,0.08747376283384936
W02000295,Caerphilly 006,2023,4,0.37325681043477665,0.07359730969832547,1.0634303635311333,0.15728436108635532,6.544954618751086e-4,0.11464565959111259,0.21641397381502972,0.10176831422391713
W02000295,Caerphilly 006,2025,7,0.23708748617540648,0.02423079665279696,0.6101855702467325,0.15313613389709424,5.534165215689171e-4,0.11108240623625526,0.20577919138988982,0.09469678515363456
W02000296,Caerphilly 007,2021,7,0.18886448092645217,0.020736039521925,0.5644701654747069,0.13882503063716697,4.463962994286562e-4,0.10258021008347275,0.1854255999619664,0.08284538987849364
W02000296,Caerphilly 007,2023,3,0.486175963503618,0.0985411267376636,1.2305148199148768,0.1672786125369728,6.106394373872302e-4,0.12183001345205341,0.21873614886246762,0.09690613541041421
W02000296,Caerphilly 007,2025,8,0.11814081890186584,0.01281790231980255,0.44379925159558875,0.1629713940180753,5.217679030742172e-4,0.12223064833361239,0.20770525523968314,0.08547460690607075
W02000297,Caerphilly 008,2021,4,0,0,0,0.13447002094471225,4.035055030442513e-4,0.09305484733995195,0.17515258125856373,0.08209773391861178
W02000297,Caerphilly 008,2023,2,0.3574645379987234,0.10575003934330138,1.2747304364830638,0.1622115145855778,5.401535576715904e-4,0.11146830233437478,0.20632163825412309,0.0948533359197483
W02000297,Caerphilly 008,2025,8,0.02050999532070842,4.820683277050661e-4,0.08606615199112579,0.1580521124555753,4.7736779567794554e-4,0.11268448785118224,0.20081694850520304,0.0881324606540208
W02000298,Caerphilly 009,2021,8,0,0,0,0.12142098596301537,3.991155819959851e-4,0.08416780723637603,0.1640828326705739,0.07991502543419789
W02000298,Caerphilly 009,2023,5,0,0,0,0.14728521745572432,6.311283892578433e-4,0.09724082204877467,0.20127850781065343,0.10403768576187876
W02000298,Caerphilly 009,2025,9,0,0,0,0.14323207165225746,5.013104925213984e-4,0.09987539094289574,0.1883178257436527,0.08844243480075695
W02000299,Caerphilly 010,2021,6,0,0,0,0.138814918424938,6.5346698724579e-4,0.09365833866138706,0.19833056936289112,0.10467223070150405
W02000299,Caerphilly 010,2023,7,0.2764754807732366,0.03109158066888201,0.6911932488379778,0.16711124997627083,8.430561138767708e-4,0.1146026551193845,0.2387389031983761,0.1241362480789916
W02000299,Caerphilly 010,2025,7,0.1968710323092155,0.02070306108664358,0.5640211223940332,0.16298798962110794,8.170196561546919e-4,0.11308706073409351,0.22820517342529653,0.11511811269120302
W02000300,Caerphilly 011,2021,5,0,0,0,0.12970358906357224,4.577303915891285e-4,0.09343265405602813,0.17439196699109485,0.08095931293506672
W02000300,Caerphilly 011,2023,1,0,0,0,0.15676237683650954,6.788582328210595e-4,0.11562488529061413,0.21501678935043028,0.09939190405981616
W02000300,Caerphilly 011,2025,5,0.15140732293935924,0.02369638116854418,0.6034191659482956,0.15269126851842957,5.891489577822768e-4,0.1106515689338515,0.20613942847716263,0.09548785954331113
W02000301,Caerphilly 012,2021,8,0,0,0,0.13102646535868592,4.3442029964469765e-4,0.09615955775344681,0.1758050227009547,0.07964546494750788
W02000301,Caerphilly 012,2023,4,0,0,0,0.1582383563361781,5.990129067626078e-4,0.11528615646257834,0.20853946811073215,0.09325331164815381
W02000301,Caerphilly 012,2025,9,0,0,0,0.1541234044945589,5.147550835148538e-4,0.11328127725238069,0.20741583564988952,0.09413455839750884
W02000302,Caerphilly 013,2021,8,0,0,0,0.1360217433620522,4.4431094331e-4,0.09717179329620002,0.18280998174897856,0.08563818845277854
W02000302,Caerphilly 013,2023,3,0,0,0,0.16400081578279121,5.878674892781261e-4,0.11994919494143066,0.2113335353508899,0.09138434040945922
W02000302,Caerphilly 013,2025,12,0.26456358564365673,0.02997053978219121,0.678617990941185,0.1598237212814765,5.254870967725162e-4,0.11789857991941273,0.2129406434547817,0.09504206353536897
W02000303,Caerphilly 014,2021,7,0,0,0,0.12720069117127492,4.213339604914756e-4,0.08844194559664574,0.17181311999380094,0.0833711743971552
W02000303,Caerphilly 014,2023,2,0,0,0,0.15376100100872353,5.67757016416893e-4,0.10755650467009711,0.21009035765087145,0.10253385298077433
W02000303,Caerphilly 014,2025,11,0.0903635329897166,0.0045819523425108,0.26534039452852415,0.14973744414058282,4.883919850728365e-4,0.10841811259510536,0.1965027145665204,0.08808460197141504
W02000304,Caerphilly 015,2021,7,0,0,0,0.1299109981800721,4.5749541634799225e-4,0.09471742529141407,0.17497503255066538,0.08025760725925131
W02000304,Caerphilly 015,2023,4,0,0,0,0.15703577829780452,6.498914736244466e-4,0.1101988803801476,0.20558282062973432,0.09538394024958671
W02000304,Caerphilly 015,2025,7,0.04511958651772993,0.00230500804706211,0.18819769917996,0.1529429871877067,5.664000791011993e-4,0.11006327912243125,0.19982770881671613,0.08976442969428489
W02000305,Caerphilly 016,2021,5,0.573935559463205,0.05833176520419561,0.9467398248099966,0.13050821790116263,6.520656500563958e-4,0.08374382629412538,0.1795373344805603,0.09579350818643492
W02000305,Caerphilly 016,2023,4,0,0,0,0.15780728451819925,9.88212804536955e-4,0.10084874550693446,0.21734167141613442,0.11649292590919996
W02000305,Caerphilly 016,2025,6,0,0,0,0.1535633256983574,8.332095861050038e-4,0.10240781800904089,0.21363514085787697,0.11122732284883607
W02000306,Caerphilly 017,2021,8,0,0,0,0.13351557882562293,4.977507067837472e-4,0.09138702266625415,0.18245020779077178,0.09106318512451764
W02000306,Caerphilly 017,2023,5,0.4530414639157232,0.06060539935958151,0.9650142920217386,0.16101909261884054,6.415495535348245e-4,0.11781249484329623,0.21293917062069403,0.0951266757773978
W02000306,Caerphilly 017,2025,11,0.1914716093221539,0.01820986060833416,0.5289704326613945,0.15687619468203345,5.64893540031473e-4,0.11535716089136142,0.2049108670707806,0.08955370617941918
W02000307,Caerphilly 018,2021,7,0.4320452407582359,0.03625548987556307,0.746388562026692,0.1633855028963104,7.056229174434676e-4,0.12289931930101677,0.22159115215273645,0.09869183285171967
W02000307,Caerphilly 018,2023,1,1,0,0,0.19552593781716665,9.248608848341319e-4,0.14475574852704343,0.2612379346793178,0.11648218615227435
W02000307,Caerphilly 018,2025,10,0.17240741216894648,0.01604838936723919,0.4965852470330337,0.19073877446752402,8.27966025303536e-4,0.1449464515558277,0.2557663429411569,0.11081989138532922
W02000308,Caerphilly 019,2021,7,0,0,0,0.1389328452846887,4.509611554491882e-4,0.10209697918180627,0.1877652902745868,0.08566831109278053
W02000308,Caerphilly 019,2023,6,0.08565602134734411,0.00948467705884187,0.38175906720927166,0.16726401458006665,5.836131864103702e-4,0.12504651204291567,0.21902896398511995,0.09398245194220428
W02000308,Caerphilly 019,2025,10,0.12023790671158982,0.01278096943276208,0.44315941946214277,0.16307273342890075,5.301135383760919e-4,0.12275840169156035,0.21065379291888575,0.0878953912273254
W02000309,Caerphilly 020,2021,7,0,0,0,0.14059625463789574,5.874397142200165e-4,0.09860261804200669,0.1912272004856989,0.09262458244369222
W02000309,Caerphilly 020,2023,1,1,0,0,0.16944263341084156,8.511602917555108e-4,0.11734387977477778,0.2284620452363983,0.11111816546162051
W02000309,Caerphilly 020,2025,9,0.16949886344541443,0.01031795675701423,0.39817587066909443,0.16503564780315394,7.133738080213637e-4,0.11682806154807221,0.220431773723963,0.10360371217589079
W02000310,Caerphilly 021,2021,7,0,0,0,0.13879991604036748,4.923529910076612e-4,0.09798028088946101,0.2002993058698498,0.10231902498038878
W02000310,Caerphilly 021,2023,4,0,0,0,0.16720049446435534,6.927442620936662e-4,0.12186289386206174,0.23034912159596171,0.10848622773389997
W02000310,Caerphilly 021,2025,11,0.26962821900533507,0.02996641869850812,0.6785713328280154,0.16291603559276838,5.894599524852831e-4,0.12104864687261024,0.2177722511932309,0.09672360432062066
W02000311,Caerphilly 022,2021,2,0,0,0,0.144867727760146,6.473461168260543e-4,0.10210417857585599,0.19535163965110308,0.09324746107524709
W02000311,Caerphilly 022,2023,2,0,0,0,0.174243587412654,9.62586947182622e-4,0.12445787067856866,0.2369075998012087,0.11244972912264005
W02000311,Caerphilly 022,2025,8,0.05899856156677649,0.00375202688166048,0.24011044758640654,0.16973266341219947,7.956207491930451e-4,0.12316327673321528,0.22398415901001711,0.10082088227680183
W02000312,Caerphilly 023,2021,5,0.3425450280076635,0.04832520891100893,0.8617175872246812,0.13936007030010053,5.572527862265593e-4,0.09813462362972475,0.19420349110860985,0.0960688674788851
W02000312,Caerphilly 023,2023,7,0,0,0,0.16803786095365753,8.174011905638499e-4,0.11321518193802721,0.22841170391466992,0.11519652197664271
W02000312,Caerphilly 023,2025,9,0,0,0,0.163651342222286,6.930058272483405e-4,0.11377847511966638,0.22231729181706447,0.1085388166973981
W02000313,Caerphilly 024,2021,3,0,0,0,0.14459836277190077,6.318811361199356e-4,0.10190788850849442,0.2044394324315673,0.10253154392307287
W02000313,Caerphilly 024,2023,3,0.3236375146979967,0.07507203563544239,1.0740319054464513,0.1739441679062155,8.034092149281981e-4,0.12291414677213472,0.23512662884492022,0.1122124820727855
W02000313,Caerphilly 024,2025,6,0,0,0,0.16954969220333652,7.223100885401317e-4,0.11935473929801804,0.23037634521886902,0.11102160592085097
W02000314,Blaenau Gwent 001,2021,11,0,0,0,0.11466380960473277,4.4502816086454356e-4,0.07769533081515625,0.15941304905549003,0.08171771824033378
W02000314,Blaenau Gwent 001,2023,9,0,0,0,0.1389367822952272,5.935046951935993e-4,0.09522510664837436,0.19271748029545094,0.09749237364707658
W02000314,Blaenau Gwent 001,2025,27,0.1154649264108974,0.00758341358664255,0.3413582927856283,0.13535237711787632,5.555492960713079e-4,0.09365446965936469,0.18445652082276925,0.09080205116340456
W02000315,Blaenau Gwent 002,2021,5,0,0,0,0.12433530821718325,5.486913278907622e-4,0.0825596551615779,0.17481445961241912,0.09225480445084122
W02000315,Blaenau Gwent 002,2023,10,0.2072958791544463,0.01899374673819776,0.5402358594002439,0.15032080840063633,7.593545176101968e-4,0.10108921721634995,0.20934986444431786,0.10826064722796791
W02000315,Blaenau Gwent 002,2025,12,0.02585755314227178,7.061671069476614e-4,0.10416740107861278,0.1464205826415095,6.758630259816286e-4,0.0985177880507262,0.19821794249664773,0.09970015444592153
W02000316,Blaenau Gwent 003,2021,8,0,0,0,0.1240033372362232,3.593448174747791e-4,0.08705374112996916,0.15968084052037645,0.07262709939040729
W02000316,Blaenau Gwent 003,2023,8,0,0,0,0.14999582142739507,4.965707239810776e-4,0.10810490282906156,0.19069503988317782,0.08259013705411626
W02000316,Blaenau Gwent 003,2025,22,0.16102771019666345,0.0077174621768716,0.34436209520048333,0.14610196366348843,4.3251213578504415e-4,0.10642736881405407,0.18178330852712554,0.07535593971307147
W02000317,Blaenau Gwent 004,2021,13,0.07684608211718354,0.0055712179983515,0.29258574484603467,0.12197636975396385,3.8293664386002726e-4,0.08602977382445876,0.16170047163733725,0.0756706978128785
W02000317,Blaenau Gwent 004,2023,3,0.5944450301563333,0.08864529794196965,1.1670942750133564,0.1476506863463562,5.375956053197658e-4,0.10406230785980553,0.19334080863992636,0.08927850078012084
W02000317,Blaenau Gwent 004,2025,23,0.2686285661167653,0.01890156563112764,0.5389233192899492,0.14382219425347956,4.894344361392844e-4,0.10272003550467707,0.1869818426572949,0.08426180715261783
W02000318,Blaenau Gwent 005,2021,13,0.09591177864401844,0.00500803683223185,0.2774034409558619,0.12002786957690827,4.2418170661159414e-4,0.0805768553947505,0.1609647387355929,0.08038788334084239
W02000318,Blaenau Gwent 005,2023,4,0.38249591074927686,0.07652870564300704,1.0844019021168,0.14543735852787612,6.377710596497695e-4,0.09909135065118259,0.19710260685877662,0.09801125620759403
W02000318,Blaenau Gwent 005,2025,19,0.03934170008503007,0.00154309265889181,0.15398346541948318,0.14159157593475635,5.479391150470854e-4,0.09621847579976898,0.18739026402465225,0.09117178822488327
W02000319,Blaenau Gwent 006,2021,7,0.3324055890215195,0.03546240437466064,0.7381798319869272,0.13434929170066542,4.4249856577828717e-4,0.09701022826706168,0.1798744895354787,0.082864261268417
W02000319,Blaenau Gwent 006,2023,10,0.2243304327354886,0.02093511355040131,0.5671732596320886,0.16202413413348724,5.873153675417591e-4,0.12205296005923502,0.21253213512372487,0.09047917506448985
W02000319,Blaenau Gwent 006,2025,23,0.09374711394837162,0.0076936383203531,0.34383016033472535,0.15780453787915205,4.909110638204175e-4,0.11799390363100062,0.20502393141744202,0.0870300277864414
W02000320,Blaenau Gwent 007,2021,10,0,0,0,0.1279957927390765,4.011964961750074e-4,0.08602983024818739,0.1645478389298143,0.07851800868162692
W02000320,Blaenau Gwent 007,2023,6,0.1928059865560531,0.01844980018984125,0.5324439789473059,0.15467950184254323,5.921892327443677e-4,0.10716946255560529,0.2015178495580077,0.0943483870024024
W02000320,Blaenau Gwent 007,2025,17,0.2671863695725407,0.02462330119504111,0.6151077875309297,0.15062010069640167,4.925852085152784e-4,0.10334229003569714,0.19059371052648405,0.08725142049078691
W02000321,Blaenau Gwent 008,2021,13,0.1427824828460426,0.01653797436940841,0.5041029558246104,0.11707844366240895,3.9009581005670273e-4,0.0807565223501156,0.15585285192785014,0.07509632957773454
W02000321,Blaenau Gwent 008,2023,3,0,0,0,0.14193480785707593,5.662746604009843e-4,0.09712246104849964,0.1881951340156885,0.09107267296718885
W02000321,Blaenau Gwent 008,2025,23,0,0,0,0.13811503629610916,4.7485763376409787e-4,0.09481177191646072,0.17870023951131903,0.08388846759485831
W02000322,Blaenau Gwent 009,2021,12,0.27964622072196255,0.02017118479351907,0.5567289313442045,0.13339148731113415,5.001747423313854e-4,0.0939656187490457,0.17855236879050385,0.08458675004145814
W02000322,Blaenau Gwent 009,2023,11,0.10489895066300456,0.00990851580828027,0.3901956199226506,0.16083318921445863,6.400557572098983e-4,0.11235447840130097,0.21103696211726147,0.0986824837159605
W02000322,Blaenau Gwent 009,2025,17,0.2890004976589016,0.01930707733208523,0.5446736362966813,0.15667140757134423,5.56699003613445e-4,0.11242478052834949,0.2027472311853013,0.09032245065695181
W02000323,Torfaen 001,2021,3,0,0,0,0.11896453547467148,3.675577507855794e-4,0.08666176319780618,0.1579242747116437,0.07126251151383751
W02000323,Torfaen 001,2023,3,0,0,0,0.14412558756685684,5.271906961118388e-4,0.10254465972535864,0.19157209716860818,0.08902743744324954
W02000323,Torfaen 001,2025,17,0.03503674928122015,0.00124592339117171,0.13836420636748076,0.1403206720215388,4.5619728471209253e-4,0.10228418142319509,0.18503864886541593,0.08275446744222084
W02000324,Torfaen 002,2021,8,0.14659302990796735,0.01220798597388092,0.4331118811682496,0.12203430181420416,3.9104932750066523e-4,0.07954602830427224,0.15718345816320106,0.07763742985892882
W02000324,Torfaen 002,2023,5,0,0,0,0.14763704984484927,5.16825249577512e-4,0.10193712268557402,0.19195315870706847,0.09001603602149445
W02000324,Torfaen 002,2025,14,0.0748106038887924,0.00528491507234404,0.28496865526773524,0.14380110175577454,4.684027607899289e-4,0.1002921550987939,0.18597682491539697,0.08568466981660307
W02000325,Torfaen 003,2021,7,0.14780344870627912,0.01885439370001807,0.5382504137955646,0.12897366849364073,5.257308918109057e-4,0.08779278356727971,0.1774703948489879,0.0896776112817082
W02000325,Torfaen 003,2023,6,0,0,0,0.15550401040540796,6.589974510153043e-4,0.10964795828401507,0.2018371532908557,0.09218919500684063
W02000325,Torfaen 003,2025,14,0.13605163464876163,0.00996095532295979,0.3912267868534769,0.15155914927482564,6.112696407146864e-4,0.1039395647239505,0.19875011261226758,0.09481054788831708
W02000326,Torfaen 004,2021,8,0,0,0,0.12095187665376389,3.9961782262051647e-4,0.08722442784168205,0.1647600269934117,0.07753559915172964
W02000326,Torfaen 004,2023,4,0.14576240938113172,0.02169376310134523,0.5773584592597958,0.14635411932261333,5.292471473092546e-4,0.10044304955158752,0.191326324758154,0.09088327520656649
W02000326,Torfaen 004,2025,12,0.04080259603411167,0.00174493086229559,0.16374467994370745,0.14259869078559548,5.03896717118873e-4,0.09983823700552083,0.1906986459080446,0.09086040890252378
W02000327,Torfaen 005,2021,7,0,0,0,0.10502649986365303,2.9572985681651715e-4,0.07214590129283249,0.14022548266976437,0.06807958137693187
W02000327,Torfaen 005,2023,6,0.08999153556139101,0.00824077208525349,0.35584595889922327,0.12781143640057815,4.2178457915684675e-4,0.08620545085435186,0.1681779608984577,0.08197251004410586
W02000327,Torfaen 005,2025,20,0.03058069694009597,9.513699824588816e-4,0.1209073796070411,0.12432243357213413,3.6117420002701586e-4,0.08720035780288662,0.1617533820778832,0.07455302427499658
W02000328,Torfaen 006,2021,6,0.13336829110225745,0.01636135473065036,0.5014039108286347,0.11304223881684869,4.175142143433794e-4,0.07352995691061637,0.15359191077416054,0.08006195386354417
W02000328,Torfaen 006,2023,3,0,0,0,0.13713790538135537,5.698346686464307e-4,0.09186808596908719,0.1857748568035224,0.09390677083443522
W02000328,Torfaen 006,2025,17,0.0569182626120659,0.00313932203665786,0.21963220463965458,0.1334694017535654,5.0196292360108e-4,0.0881537318283098,0.17681979968591677,0.08866606785760697
W02000329,Torfaen 007,2021,9,0.07459865787870286,0.00544087502413176,0.28914285295504233,0.13084825623088134,5.990555291335409e-4,0.0910433478069853,0.18515007498153255,0.09410672717454725
W02000329,Torfaen 007,2023,4,0.1305471075409996,0.01772483941796278,0.5218783027776496,0.15790353011239439,8.097698126156598e-4,0.11322939147504721,0.2219619731068439,0.1087325816317967
W02000329,Torfaen 007,2025,20,0.304692529644205,0.0197642585335252,0.551084695044562,0.1537488450197781,6.963762869860928e-4,0.11098064460473608,0.2129437530695557,0.10196310846481962
W02000330,Torfaen 008,2021,6,0,0,0,0.11655910289965167,4.110325505677184e-4,0.0795154789661961,0.159815552184422,0.08030007321822591
W02000330,Torfaen 008,2023,3,0,0,0,0.14129888018095474,5.654797640588985e-4,0.0982082717424817,0.18783234028428225,0.08962406854180055
W02000330,Torfaen 008,2025,16,0.32735145550316547,0.02380815135631992,0.6048405840621343,0.1375048445848304,4.7584692939495735e-4,0.0944345326712949,0.18188751654812735,0.08745298387683245
W02000331,Torfaen 009,2021,5,0,0,0,0.13080015211217663,7.074051364119666e-4,0.08460339655735259,0.1902520707410967,0.10564867418374412
W02000331,Torfaen 009,2023,7,0,0,0,0.1578158510945868,9.818230540681952e-4,0.1036002546002497,0.2323706575173339,0.1287704029170842
W02000331,Torfaen 009,2025,18,0.35083136233578727,0.02120655596166082,0.5708383710139517,0.15362433912897655,8.365122639438281e-4,0.10264003360095075,0.2210740983661393,0.11843406476518856
W02000332,Torfaen 010,2021,10,0,0,0,0.12231197385476482,3.8575158951393516e-4,0.08701715566569138,0.16401414489120442,0.07699698922551304
W02000332,Torfaen 010,2023,4,0,0,0,0.14794774322036028,5.283111037357376e-4,0.10220152232789832,0.19474269379280063,0.0925411714649023
W02000332,Torfaen 010,2025,24,0.05349338083449262,0.00164771696165409,0.15911802985649898,0.14397747121447138,4.285250654485431e-4,0.10431113011354945,0.18652728369679752,0.08221615358324807
W02000333,Torfaen 011,2021,14,0,0,0,0.11560194103431656,4.4414637848584e-4,0.07780850567389097,0.15627692172469204,0.07846841605080107
W02000333,Torfaen 011,2023,3,0.1801664973338166,0.03668874945540509,0.7508350556965293,0.13989796204406435,5.371304026362357e-4,0.09908339053156243,0.18384284574660015,0.08475945521503772
W02000333,Torfaen 011,2025,21,0,0,0,0.13627411472779055,5.018189703214388e-4,0.09539386613323383,0.17927769282448644,0.0838838266912526
W02000334,Torfaen 012,2021,3,0.43663510383048343,0.09292600955045602,1.1949417375914286,0.1200674576960109,4.181814627183578e-4,0.08383067219514916,0.1621761064470328,0.07834543425188363
W02000334,Torfaen 012,2023,5,0,0,0,0.14561061322371419,6.330421644371484e-4,0.10084859726667691,0.19328315003369537,0.09243455276701845
W02000334,Torfaen 012,2025,15,0.17030412564008704,0.00943615712554789,0.3807813494560449,0.141640942947454,5.159244603022503e-4,0.10345129304243059,0.18327886084845268,0.0798275678060221
W02000335,Torfaen 013,2021,7,0.06905700055019381,0.00495079082797615,0.27581340863373954,0.1098074240035413,3.5860458694728987e-4,0.0738500460787555,0.14546183940525376,0.07161179332649825
W02000335,Torfaen 013,2023,1,0,0,0,0.13343456150352076,5.188679082493786e-4,0.09321571421944322,0.1837474945779069,0.09053178035846368
W02000335,Torfaen 013,2025,16,0,0,0,0.12983470995718494,4.443303100889912e-4,0.09174391113608284,0.17504581163217908,0.08330190049609625
W02000336,Monmouthshire 001,2021,5,0,0,0,0.11360899415026501,2.795167457344327e-4,0.08567220380477328,0.14676913396511576,0.06109693016034248
W02000336,Monmouthshire 001,2023,3,0.30515894032408536,0.06774669916944898,1.0202865383751587,0.1379548513167198,4.294181414061178e-4,0.10026235686267912,0.1787596043603612,0.07849724749768208
W02000336,Monmouthshire 001,2025,34,0.02030209219874314,4.143617534151925e-4,0.0797935739922727,0.1342490515545823,3.5721013464139916e-4,0.10204705948954357,0.170601848049674,0.06855478856013042
W02000337,Monmouthshire 002,2021,12,0.0664034393909624,0.00464130879896362,0.2670535274086006,0.1355995030398343,7.317476925502224e-4,0.08857674438833187,0.19654362442029602,0.10796688003196415
W02000337,Monmouthshire 002,2023,11,0.2266073737872185,0.02415428091441315,0.6092213898943343,0.16343878480134533,0.0010121052393086659,0.10433460367299424,0.22962551918217466,0.12529091550918042
W02000337,Monmouthshire 002,2025,26,0.09581761749089136,0.00256189176311349,0.1984076783904891,0.1592980761845368,9.347587308592182e-4,0.10718686270574024,0.22772883441686215,0.12054197171112191
W02000338,Monmouthshire 003,2021,7,0.08117764504973123,0.00683891887556973,0.3241692473913519,0.12195595257782163,3.724754932913207e-4,0.0895355172678079,0.16590040467896827,0.07636488741116038
W02000338,Monmouthshire 003,2023,5,0,0,0,0.14777780942758809,5.34604874248599e-4,0.1109457613115619,0.19819549496353428,0.08724973365197237
W02000338,Monmouthshire 003,2025,25,0.2967555285685354,0.01428241642633621,0.4684669233223446,0.1438650943349445,4.6005294528129597e-4,0.10884224174049281,0.1879811232026336,0.07913888146214079
W02000339,Monmouthshire 004,2021,22,0.0805840494703497,0.00235258584608737,0.19013007810330773,0.12125955875698176,6.35077638575372e-4,0.07949639226124373,0.17654530498097343,0.0970489127197297
W02000339,Monmouthshire 004,2023,6,0.4413825104832975,0.07740276334741407,1.0905769629091264,0.14685331993114267,8.992518356687995e-4,0.09571514806153683,0.2104642143941376,0.11474906633260076
W02000339,Monmouthshire 004,2025,26,0.19756310464376825,0.01285497952951069,0.44444065747175393,0.14287312117612705,7.707658712378958e-4,0.09586729514390913,0.20288736903002025,0.10702007388611112
W02000340,Monmouthshire 005,2021,5,0.2493855064044002,0.04461862826729217,0.8280111668924801,0.11094293837163251,3.340509830426368e-4,0.081279460785878,0.15253206322647556,0.07125260244059756
W02000340,Monmouthshire 005,2023,8,0.43008795952272394,0.06899429682118333,1.0296382861982614,0.13480109889057235,4.526045726126257e-4,0.09646386661243454,0.1834984648130541,0.08703459820061955
W02000340,Monmouthshire 005,2025,16,0.06206963035056901,0.0016345103988168,0.15847907608326176,0.13124795911600792,4.2291138500541995e-4,0.09512761327674388,0.17927785260505286,0.08415023932830898
W02000341,Monmouthshire 006,2021,8,0.05331547271456603,0.0029665693676985,0.21350366802232126,0.10025366097271839,2.538655142548827e-4,0.06842266740954718,0.13235811181703463,0.06393544440748745
W02000341,Monmouthshire 006,2023,10,0,0,0,0.12215927068225962,3.5336504408827265e-4,0.08706988806729427,0.1600195437047403,0.07294965563744604
W02000341,Monmouthshire 006,2025,29,0.02914626227780904,4.4694577924210094e-4,0.08287155859621749,0.11884643365431988,3.0633769506864625e-4,0.08376218735586344,0.15050297533923268,0.06674078798336924
W02000342,Monmouthshire 007,2021,9,0,0,0,0.10193016524619215,3.130443654214761e-4,0.07075239633286828,0.1374267434946046,0.06667434716173631
W02000342,Monmouthshire 007,2023,3,0,0,0,0.12424418602541909,4.635432577516957e-4,0.08525556547022117,0.1678995322481287,0.08264396677790753
W02000342,Monmouthshire 007,2025,16,0.1730340931630624,0.01400440739537029,0.46388513370246826,0.12085281416583221,4.118142586900475e-4,0.08446532231352785,0.15960282345418295,0.0751375011406551
W02000343,Monmouthshire 008,2021,16,0,0,0,0.11623094714860031,5.786297430431349e-4,0.0760959762206203,0.16116308558697554,0.08506710936635524
W02000343,Monmouthshire 008,2023,1,0,0,0,0.14072866667100206,7.61889478421509e-4,0.09350370205032041,0.20022465180367727,0.10672094975335686
W02000343,Monmouthshire 008,2025,16,0.08429630309605435,0.00364955938271199,0.23680905457660165,0.13714102036798512,7.310419770272753e-4,0.09015821931666082,0.19395586206589396,0.10379764274923314
W02000344,Monmouthshire 009,2021,9,0.15467507421381077,0.0150305474461935,0.48057977097269317,0.11350564803775103,4.6492525549659863e-4,0.08031835348019464,0.15952687476640204,0.0792085212862074
W02000344,Monmouthshire 009,2023,6,0,0,0,0.13782438909021685,6.390703072752064e-4,0.09584806222543885,0.18945452619969616,0.09360646397425731
W02000344,Monmouthshire 009,2025,21,0.1722797710711219,0.01487524893279657,0.4780906032245864,0.1340747592931697,5.482452844656053e-4,0.09575887070820989,0.18290390067711243,0.08714502996890254
W02000345,Monmouthshire 010,2021,12,0.2752911092516351,0.01877852125088854,0.5371663284265604,0.1406555581045827,8.209181378714017e-4,0.09481164117430098,0.21284766369008096,0.11803602251577998
W02000345,Monmouthshire 010,2023,4,0.272672014980336,0.05294750313592281,0.9019881439469599,0.1692766439859785,0.0010451591184049203,0.11208715546446699,0.24031408246935554,0.12822692700488855
W02000345,Monmouthshire 010,2025,19,0.18609584214749028,0.00897440093666466,0.37134777036409444,0.16498605669533936,9.540781865712372e-4,0.11177299895126208,0.23671320100127669,0.1249402020500146
W02000346,Monmouthshire 011,2021,9,0,0,0,0.11587758441164384,5.919728908283766e-4,0.07816522797073265,0.17487162515861174,0.09670639718787909
W02000346,Monmouthshire 011,2023,2,0,0,0,0.14035742175093582,7.493779699742249e-4,0.09828382772988159,0.2031320755059327,0.10484824777605112
W02000346,Monmouthshire 011,2025,24,0.15232416813976363,0.00736750770497059,0.3364638313982125,0.13665550262070222,6.800446440618325e-4,0.09678385458740935,0.19261645931613441,0.09583260472872507
W02000347,Newport 001,2021,11,0.17701533329397057,0.01331387707291669,0.4523039266660995,0.115083836820814,4.3202517266303957e-4,0.08030453783998233,0.16032449063697093,0.0800199527969886
W02000347,Newport 001,2023,7,0.20714229944335608,0.03219332550515778,0.7033330199251716,0.13961517672476267,6.046416875369052e-4,0.09895171777468935,0.19253745290456936,0.09358573512988001
W02000347,Newport 001,2025,18,0.06461458946959135,0.00245960683457328,0.19440656748279958,0.1358749872316535,5.260542673272828e-4,0.09781297032188388,0.1838578103282895,0.08604484000640561
W02000348,Newport 002,2021,4,0,0,0,0.10924867670503087,5.59583104504352e-4,0.06576735491167965,0.16160577521383918,0.09583842030215953
W02000348,Newport 002,2023,7,0,0,0,0.13262558866531318,8.005516910190102e-4,0.08361232472899707,0.19279306157465506,0.10918073684565799
W02000348,Newport 002,2025,9,0,0,0,0.12901001575577659,7.029695608305841e-4,0.08119663954864373,0.18355272359459848,0.10235608404595475
W02000349,Newport 003,2021,5,0.11657089572760564,0.01464963988680642,0.4744512129320147,0.13975419722366017,5.61327135324932e-4,0.09575571960157246,0.1853044981904059,0.08954877858883344
W02000349,Newport 003,2023,6,0.2031642634113361,0.03577025330460753,0.7413769758373878,0.16818339605921442,7.418087954973231e-4,0.11327939422480363,0.22468548307425074,0.11140608884944711
W02000349,Newport 003,2025,20,0.1448486715851302,0.00687144531082198,0.32493922016385995,0.16391199214450797,6.645693669175495e-4,0.11580716718023129,0.21620596205986486,0.10039879487963357
W02000350,Newport 004,2021,4,0.222557700948331,0.04184543372881259,0.8018665986392463,0.11264013555270391,3.653585417315349e-4,0.07731805387431076,0.15305127156518317,0.0757332176908724
W02000350,Newport 004,2023,5,0.09754941208026335,0.01080617943620027,0.40748739029911085,0.13672014916767744,4.797304408600658e-4,0.09684999742815961,0.17918504676004457,0.08233504933188496
W02000350,Newport 004,2025,12,0.03890340997158043,0.00158593964109854,0.15610665358512377,0.13305020917468413,4.162946467534117e-4,0.09627591587394804,0.1768893060819,0.08061339020795197
W02000351,Newport 005,2021,2,0.22744423718807197,0.06188759010254333,0.975168967699275,0.12418802146928683,6.853179475581958e-4,0.0818938951074619,0.18098531686599534,0.09909142175853344
W02000351,Newport 005,2023,5,0.17128147249146472,0.02552863854132759,0.6263137032027795,0.15026767150463663,9.923086356492894e-4,0.09769786194936791,0.22091245130573678,0.12321458935636886
W02000351,Newport 005,2025,11,0.0349899336508939,0.00132188995380489,0.14251997506357827,0.14631704214570354,8.920428239795592e-4,0.09635410150797864,0.21295064992043128,0.11659654841245264
W02000352,Newport 006,2021,2,0.519228760498974,0.124907484922061,1.385390861417195,0.13780703743726694,8.199929815832915e-4,0.085381955636345,0.1984929478460352,0.11311099220969019
W02000352,Newport 006,2023,3,0.12145417576364093,0.01773366595147175,0.522008227875861,0.16599186501330057,0.0011334745506068635,0.1048016586982342,0.2379252994136603,0.1331236407154261
W02000352,Newport 006,2025,15,0.1385748196838811,0.0085590026491063,0.3626516577805967,0.1616528528170904,9.867054066108262e-4,0.10405054399574093,0.23414144196515246,0.13009089796941153
W02000353,Newport 007,2021,4,0.26820930542550536,0.05444648310025773,0.9146669836858846,0.12861834124121707,7.476140842964874e-4,0.08073231860965321,0.19005959998241648,0.10932728137276326
W02000353,Newport 007,2023,2,0.3618756581717707,0.10688663101796322,1.2815624706400122,0.1553402759970726,0.0010717262905125407,0.10391705356430975,0.23439533441077487,0.13047828084646512
W02000353,Newport 007,2025,6,0.1169784876836714,0.01337218701077527,0.45329330789021827,0.15129026829797787,9.512154255246951e-4,0.09846247728337343,0.22182466967051795,0.12336219238714452
W02000354,Newport 008,2021,6,0,0,0,0.11014599278702909,5.507842020651077e-4,0.06970530943111292,0.16665267365458286,0.09694736422346995
W02000354,Newport 008,2023,5,0,0,0,0.13362963667912928,7.227026421443363e-4,0.08869554976907379,0.19111129552580053,0.10241574575672674
W02000354,Newport 008,2025,8,0,0,0,0.13019316553651583,7.103128925444131e-4,0.08681105376195702,0.1908141535630113,0.10400309980105427
W02000355,Newport 009,2021,4,0.11442809147415396,0.01383337750064948,0.46104381579134784,0.11502970102115292,3.4879507935266734e-4,0.07747167504997232,0.1478311599894076,0.07035948493943528
W02000355,Newport 009,2023,4,0,0,0,0.13956188238393338,4.7290918681570205e-4,0.09704734244871674,0.18359370819323914,0.0865463657445224
W02000355,Newport 009,2025,11,0,0,0,0.1358855995899547,4.2305445615655433e-4,0.09243965049189176,0.1738594689640031,0.08141981847211133
W02000356,Newport 010,2021,3,0.8335123279112889,0.02909343926723593,0.6686142352581262,0.14327313566419753,8.074863093486079e-4,0.09384038508435402,0.20409596967263946,0.11025558458828544
W02000356,Newport 010,2023,4,0,0,0,0.17202944194993694,0.0010087080579597248,0.11042504731074887,0.2318849911934762,0.12145994388272732
W02000356,Newport 010,2025,11,0.14106642875320174,0.01202188137219196,0.4297979164144246,0.16773970871269514,9.234740986402875e-4,0.11083139462531238,0.23270625811823437,0.12187486349292198
W02000357,Newport 011,2021,3,0,0,0,0.11943579585081286,7.29417005721953e-4,0.07052494506430354,0.17672815040977302,0.10620320534546948
W02000357,Newport 011,2023,7,0,0,0,0.14436602424438666,9.712782553708445e-4,0.09197480341790437,0.21230867473476023,0.12033387131685586
W02000357,Newport 011,2025,15,0,0,0,0.14067638485725967,9.167653227836779e-4,0.08771571204779682,0.20529476662629692,0.1175790545785001
W02000358,Newport 012,2021,8,0.40342087507914787,0.03613973204470329,0.745196061290309,0.11686072927130871,5.509236216834667e-4,0.07897167316499538,0.16634006477690214,0.08736839161190675
W02000358,Newport 012,2023,6,0,0,0,0.14171279515745103,7.94437742536768e-4,0.09514284459177705,0.2036532316889366,0.10851038709715954
W02000358,Newport 012,2025,7,0,0,0,0.13789342124752516,6.973409535955957e-4,0.09646243909019646,0.18918321325063975,0.09272077416044329
W02000359,Newport 013,2021,5,0.1697570567083315,0.02611475602287101,0.6334627372603154,0.13770708887812244,8.356208434794499e-4,0.0881909661510216,0.20264442013356657,0.11445345398254497
W02000359,Newport 013,2023,2,0,0,0,0.16586285001437404,0.001178034208254286,0.11293467862642668,0.24290792067985487,0.1299732420534282
W02000359,Newport 013,2025,16,0.17195682146256686,0.01016322462469572,0.3951789917555492,0.16161970335354953,0.001046089724337236,0.10738770382052701,0.23214126495473447,0.12475356113420746
W02000360,Newport 014,2021,8,0.22926892251601105,0.036586042294795,0.74978336841418,0.1415843967931005,9.199863261353867e-4,0.08185924582893231,0.20598912196075103,0.12412987613181872
W02000360,Newport 014,2023,4,0.22917463003060484,0.04437829266759606,0.8257781392487505,0.17023021471204403,0.0012652349936594096,0.10049818922625585,0.2480792018423656,0.14758101261610973
W02000360,Newport 014,2025,18,0.11607631589507758,0.00857051176979691,0.36289540110587865,0.16589498176719517,0.0011222540800282128,0.0958865293005471,0.2313045261456218,0.13541799684507472
W02000361,Newport 015,2021,9,0.04798596142166566,0.0024393235280123,0.19360331488081045,0.12137811371131355,5.183475145816385e-4,0.07835433658591745,0.16462378356492596,0.08626944697900851
W02000361,Newport 015,2023,2,0,0,0,0.14683796725450696,7.362349512599608e-4,0.09724457059262659,0.19823723807623397,0.10099266748360738
W02000361,Newport 015,2025,9,0,0,0,0.1430477126651116,6.76291001371676e-4,0.09635382623181381,0.19347847069440882,0.09712464446259501
W02000362,Newport 016,2021,3,0,0,0,0.11628263189294848,6.386921350014146e-4,0.06525220010047128,0.17341613261910505,0.10816393251863377
W02000362,Newport 016,2023,4,0,0,0,0.141004649058603,9.165388477903432e-4,0.0844254638571128,0.2053104215080276,0.12088495765091481
W02000362,Newport 016,2025,9,0.14387404477650712,0.01770099762354224,0.521527193753277,0.13728700952720893,8.330470648415817e-4,0.08274876016662637,0.2024494678380947,0.11970070767146833
W02000363,Newport 017,2021,9,0,0,0,0.11246392217644967,6.788064358234656e-4,0.063203897004453,0.16685917400532496,0.10365527700087196
W02000363,Newport 017,2023,6,0,0,0,0.13640647691528726,9.351021946908804e-4,0.07916316808802415,0.19389928072266993,0.11473611263464578
W02000363,Newport 017,2025,18,0.06635440745682769,0.00415797891576541,0.2527663330606133,0.13271747522168714,8.359630074875338e-4,0.07664228076305714,0.18760612516108477,0.11096384439802763
W02000364,Newport 018,2021,6,0.04379930036359009,0.00243647775245415,0.1934903507009069,0.15401640757293575,0.0011664286089479539,0.09241596251718384,0.2220578341311264,0.12964187161394256
W02000364,Newport 018,2023,3,0,0,0,0.18447875240069261,0.0015891802378008406,0.12070784185334649,0.2726318516721298,0.1519240098187833
W02000364,Newport 018,2025,17,0.14274502605112585,0.01071694158660544,0.40580137894654394,0.1798881194947358,0.0014149895360558093,0.11521075286893148,0.2588943441564433,0.14368359128751182
W02000365,Newport 019,2021,9,0.48010813542985065,0.0356181991786642,0.7397995550475001,0.13639743932664994,7.382531279048611e-4,0.08252628649849272,0.19163298723621666,0.10910670073772394
W02000365,Newport 019,2023,4,0,0,0,0.16419864601318931,9.473011246389527e-4,0.10278057599582269,0.22073264554603514,0.11795206955021245
W02000365,Newport 019,2025,8,0,0,0,0.16007489569871647,8.933339600043808e-4,0.10108371229554614,0.2192212449148273,0.11813753261928117
W02000366,Newport 020,2021,4,0,0,0,0.1255925352330659,4.058077824249736e-4,0.0875314837903674,0.16796549261339502,0.08043400882302762
W02000366,Newport 020,2023,5,0.13075058285162028,0.01805426947704809,0.5267057346708693,0.15201928336085802,5.639808157186365e-4,0.10938330542462216,0.19736295609815452,0.08797965067353236
W02000366,Newport 020,2025,13,0.03770907390667587,0.00149023333982446,0.15132309814646452,0.1480541159488673,4.995211794679712e-4,0.10293404374601901,0.19414701069633888,0.09121296695031987
W02000367,Cardiff 001,2021,6,0.14631232104499473,0.02102053179256693,0.5683291555788336,0.15456643626557917,6.701246418651346e-4,0.11197603651390228,0.21121375020178665,0.09923771368788437
W02000367,Cardiff 001,2023,5,0.4647650196373027,0.06022726542689862,0.9619990852811575,0.1856905302745915,9.482014416405819e-4,0.13283545164765892,0.254133300062119,0.12129784841446006
W02000367,Cardiff 001,2025,6,0.3743079987346414,0.04600185325896609,0.8407478218108734,0.18100190961416443,8.310309564032854e-4,0.13349144896278614,0.2480596622595576,0.11456821329677147
W02000368,Cardiff 002,2021,5,0.30445436137243015,0.05767380762701814,0.9413852708255528,0.15455217815816613,9.03172923632166e-4,0.09720732778003141,0.22229378748165152,0.1250864597016201
W02000368,Cardiff 002,2023,6,0,0,0,0.1856910975543562,0.0012937617251452486,0.11936641848649937,0.2644802561335079,0.14511383764700853
W02000368,Cardiff 002,2025,12,0.16644062989317782,0.01454450770980091,0.47274571361131723,0.1809366132862118,0.0011105795919593676,0.12054728048511296,0.25864452383805686,0.1380972433529439
W02000369,Cardiff 003,2021,8,0.5141819474538545,0.07225310715612424,1.05367421114394,0.1521069734688528,6.160959894012938e-4,0.10826747940685005,0.20461561291516728,0.09634813350831722
W02000369,Cardiff 003,2023,6,0.3702882547519212,0.05089767880210381,0.8843558948459562,0.1830381995645962,9.287067954252994e-4,0.12806407925466243,0.24377370279812557,0.11570962354346315
W02000369,Cardiff 003,2025,10,0.09228696752456968,0.0082712712898028,0.3565038460076807,0.17828506212972178,7.620120899696599e-4,0.12862340240027692,0.23583772526642724,0.10721432286615032
W02000370,Cardiff 004,2021,5,0.28522044059785767,0.05542380009511634,0.9228396301671759,0.14917035153479882,7.560963566466015e-4,0.09612868860216627,0.20768885835957768,0.11156016975741141
W02000370,Cardiff 004,2023,7,0.7707927468783831,0.03112639897473354,0.6915801613636259,0.17943444828530233,0.001062015141390807,0.12066999805809973,0.24625615410715396,0.1255861560490542
W02000370,Cardiff 004,2025,4,0,0,0,0.1748973692393179,9.411681487325209e-4,0.11636812444382305,0.23755440260910138,0.12118627816527833
W02000371,Cardiff 005,2021,8,0.06381581887068648,0.00428990251898288,0.2567448840500213,0.17624383908518054,9.891412214250346e-4,0.1265465919802432,0.24564531694424024,0.11909872496399704
W02000371,Cardiff 005,2023,4,0.18426894733000623,0.03017596428734195,0.6809397159354433,0.2102379680925832,0.0012296986084103217,0.14928216080211462,0.28580665839696606,0.13652449759485144
W02000371,Cardiff 005,2025,10,0.2834663408827189,0.02132167361584807,0.5723856433683876,0.20531176820600314,0.0011936984378266785,0.1482585843660411,0.28352965906272254,0.13527107469668143
W02000372,Cardiff 006,2021,7,0,0,0,0.1562512742929087,6.522564842926702e-4,0.11341401646130617,0.209456824037209,0.09604280757590283
W02000372,Cardiff 006,2023,5,0.5222030906214987,0.06614923199643358,1.0081855994505013,0.18754218624087152,8.665183746066062e-4,0.13709957634590014,0.24780719112015806,0.11070761477425792
W02000372,Cardiff 006,2025,11,0.3899580034663602,0.03954553849103894,0.7795192304375832,0.18291159667674417,7.937530545165241e-4,0.13478203240895953,0.23937252910133144,0.10459049669237191
W02000373,Cardiff 007,2021,8,0,0,0,0.1859379883764751,9.94361571235405e-4,0.13264777841165407,0.25677425640241963,0.12412647799076557
W02000373,Cardiff 007,2023,8,0.42244032684830635,0.04881353143118073,0.8660604387351706,0.22116312544121947,0.0013473913273238643,0.15583577482099142,0.30071832118177,0.14488254636077857
W02000373,Cardiff 007,2025,14,0.35447867896554264,0.02686278747332256,0.6424711414151659,0.21582239844282483,0.0011349831653992841,0.15627402662164847,0.295222668078716,0.13894864145706753
W02000374,Cardiff 008,2021,8,0.16352208568012455,0.01383165457348628,0.4610151037270388,0.15966827086096883,7.273895461653286e-4,0.10669249771137286,0.2165726751505368,0.10988017743916394
W02000374,Cardiff 008,2023,2,0.602367861552656,0.11485473062352332,1.3284723829303808,0.19159115697338902,0.0010601589914514603,0.13173151966989177,0.2579105813342385,0.12617906166434673
W02000374,Cardiff 008,2025,9,0.12483984995641914,0.01360781905158248,0.45726962079766925,0.18676806248828381,9.020571294885842e-4,0.12750184792726166,0.24699693892669788,0.11949509099943623
W02000375,Cardiff 009,2021,4,0,0,0,0.19983754341091825,0.0012669650948270567,0.13702880314499596,0.2796373031749782,0.14260850002998224
W02000375,Cardiff 009,2023,3,0.45016842819208247,0.09330004741602832,1.1973442113569215,0.23681598783731164,0.0016745921662220016,0.15818156264322886,0.3251798336927252,0.16699827104949633
W02000375,Cardiff 009,2025,9,0.4786412438280221,0.03650228213922832,0.7489245988728216,0.23132902006342262,0.0014911356939883444,0.16051571346582455,0.3118377813912542,0.15132206792542963
W02000376,Cardiff 010,2021,11,0,0,0,0.1631754458480856,5.863455296023435e-4,0.11576876008702905,0.21095432755482912,0.09518556746780008
W02000376,Cardiff 010,2023,7,0.41781742694391755,0.03755448247644911,0.7596420155988169,0.19559767068084907,8.976152582716391e-4,0.14441326086675077,0.25936041347545025,0.11494715260869948
W02000376,Cardiff 010,2025,10,0.4900738685735866,0.04140697303203829,0.7976545161714241,0.19067879576105914,7.280073243959398e-4,0.1410852400263451,0.2452235626931677,0.1041383226668226
W02000377,Cardiff 011,2021,6,0.5182159042391264,0.0582144569815675,0.9457873741254131,0.1678594979102148,7.940943362963045e-4,0.11845930734532717,0.22754102242323238,0.1090817150779052
W02000377,Cardiff 011,2023,3,0.264800086218664,0.05776414557143902,0.9421222564513881,0.20067980428740753,0.001006580266299073,0.14497838613900543,0.2702681982717808,0.12528981213277535
W02000377,Cardiff 011,2025,11,0.10278574992280767,0.00956167453808583,0.3833055125872114,0.19576796631151858,8.938833137253525e-4,0.1403477796487108,0.26133937100275895,0.12099159135404813
W02000378,Cardiff 012,2021,5,0.13365947411566514,0.018358200350305,0.531120591458283,0.16292125215951242,8.998694358034764e-4,0.1161655835800811,0.23090866872195026,0.11474308514186916
W02000378,Cardiff 012,2023,6,0.2532905120751764,0.03258189564346581,0.7075648674560578,0.19501062419731524,0.0011645899967796282,0.13713482649562925,0.2719697979280319,0.13483497143240264
W02000378,Cardiff 012,2025,6,0.4226705532265014,0.07315114090492444,1.0602020476740472,0.19025709028069643,0.001062201774313807,0.1339464048170593,0.2665111072093779,0.13256470239231857
W02000379,Cardiff 013,2021,9,0,0,0,0.18933604182058364,0.0012560167811925924,0.12261797898666113,0.26355184603934906,0.14093386705268793
W02000379,Cardiff 013,2023,1,0,0,0,0.22463373915929447,0.0015805749009838179,0.15079848110499297,0.30475560584279604,0.15395712473780307
W02000379,Cardiff 013,2025,9,0.5307039623181139,0.04219997437590358,0.8052563909696856,0.21938623835632054,0.0014378291615746435,0.14855212934343942,0.2953403634290437,0.14678823408560426
W02000380,Cardiff 014,2021,7,0,0,0,0.14968282980619593,4.7963805622757783e-4,0.10793699982352614,0.19356705964820814,0.085630059824682
W02000380,Cardiff 014,2023,4,0.3721170925603895,0.0646441406014491,0.9966499969791356,0.18007235953153933,6.852898475078748e-4,0.1315366801836828,0.23832838195143838,0.10679170176775557
W02000380,Cardiff 014,2025,8,0.1703568835836895,0.02449801361732903,0.613540904911069,0.17557593024616697,6.154974013370259e-4,0.12924622554025514,0.22523146936777028,0.09598524382751514
W02000381,Cardiff 015,2021,1,0,0,0,0.19086206680231688,0.0010574163189509826,0.13837463603207123,0.26697800690984247,0.12860337087777124
W02000381,Cardiff 015,2023,4,0.25941958194310355,0.0522477044901706,0.8960076010275488,0.22686677872162705,0.0013822779228966392,0.16251196196094334,0.30390688418376266,0.14139492222281932
W02000381,Cardiff 015,2025,14,0.5257138832190421,0.02758597298479044,0.6510618380763935,0.22149409125158118,0.0012325780952642674,0.16482014527289077,0.3032270898404048,0.13840694456751404
W02000382,Cardiff 016,2021,6,0.07653429651474196,0.00624813426685928,0.30985125781450557,0.1805516832709476,0.0010358186392327479,0.1193697180395834,0.2462491672525622,0.1268794492129788
W02000382,Cardiff 016,2023,3,0,0,0,0.21485677412177207,0.001327342432335202,0.1477599725407836,0.2960068821358562,0.14824690959507258
W02000382,Cardiff 016,2025,14,0.22240470963156955,0.0190902187129934,0.5416060895669786,0.20972069500842194,0.0011815466399523373,0.14331798526102965,0.2838089451717478,0.14049095991071817
W02000383,Cardiff 017,2021,5,0.16868443322707682,0.02885570713132928,0.6658768975929745,0.1875217708208585,0.0011311502656148878,0.12546918795845596,0.24841610567210143,0.12294691771364546
W02000383,Cardiff 017,2023,5,0.3056848391145617,0.05698457957208019,0.9357433747362865,0.2230132343225388,0.0015517677406082008,0.1520310830186707,0.31029757869312113,0.15826649567445045
W02000383,Cardiff 017,2025,8,0.16695039187655963,0.02234482601391983,0.5859581179164526,0.2176558173656745,0.0013353001687109634,0.14896561595130417,0.29195349982115243,0.14298788386984826
W02000384,Cardiff 018,2021,6,0,0,0,0.15946121012522227,6.826279778539718e-4,0.11769225082571551,0.21770974461424678,0.10001749378853127
W02000384,Cardiff 018,2023,3,0,0,0,0.19128602664275451,9.163826124778586e-4,0.14683747148730608,0.260396001137174,0.1135585296498679
W02000384,Cardiff 018,2025,10,0.2046289437144066,0.01771383392246868,0.5217162584002077,0.18651506502728604,8.056637780736618e-4,0.1418286521342082,0.25285947107815754,0.11103081894394934
W02000385,Cardiff 019,2021,4,0,0,0,0.15800510990274277,6.968937229061854e-4,0.11167155190006259,0.21242654729358373,0.10075499539352115
W02000385,Cardiff 019,2023,2,0,0,0,0.18944210538529038,8.867857485179537e-4,0.13537453859118187,0.25354156985334264,0.11816703126216077
W02000385,Cardiff 019,2025,12,0.16290038484607827,0.01240023836400937,0.4365089004459518,0.1847268051408412,7.754288056364053e-4,0.13345425318200888,0.24535240539991088,0.111898152217902
W02000386,Cardiff 020,2021,8,0.5833751796469482,0.03986579755713218,0.782669329078,0.16295376043747817,9.624246833939419e-4,0.10963020953227771,0.22573145370007705,0.11610124416779934
W02000386,Cardiff 020,2023,1,0,0,0,0.1951854921337364,0.0012789560346752262,0.13698625736055514,0.2693244132264807,0.13233815586592557
W02000386,Cardiff 020,2025,13,0.29112509940266035,0.03143101625458684,0.6949559831660217,0.19034637558477505,0.0011409335838972092,0.1329905589008566,0.258358776280798,0.12536821737994142
W02000387,Cardiff 021,2021,8,0.41316164609251266,0.04486244811532508,0.8302704307165178,0.1826513129432595,9.286857237894184e-4,0.13265182434545025,0.24607308966996572,0.11342126532451546
W02000387,Cardiff 021,2023,7,0.3488570154499443,0.03501122100685774,0.7334689189326703,0.21771793923381907,0.001235369622339284,0.1611886737926005,0.2962675984552826,0.13507892466268212
W02000387,Cardiff 021,2025,11,0.4545101788241111,0.02629343793842477,0.6356261766004775,0.21248548753663377,0.0010898655168480613,0.15935295274277175,0.2876564596947777,0.12830350695200596
W02000388,Cardiff 022,2021,8,0.03079413991411704,0.00116276356308988,0.13366687466703706,0.1632283014245544,7.886134468346759e-4,0.11338109488983131,0.21875500025486216,0.10537390536503086
W02000388,Cardiff 022,2023,2,0,0,0,0.1954906325705847,0.0010583533819993735,0.13345495117528938,0.2627973481137866,0.1293423969384972
W02000388,Cardiff 022,2025,12,0.2558509811794808,0.02042176886851218,0.5601763442135799,0.1906886814336828,9.581220261641685e-4,0.13241219061503845,0.2533097540261318,0.12089756341109337
W02000389,Cardiff 023,2021,5,0.11713845390239466,0.0136158054645015,0.45740378661512865,0.17302372914122496,5.667922260227345e-4,0.1320831984483759,0.2224878182423815,0.0904046197940056
W02000389,Cardiff 023,2023,2,0,0,0,0.20665763442958632,7.647153853910303e-4,0.15664829706505035,0.2685988039574062,0.11195050689235586
W02000389,Cardiff 023,2025,14,0.02866268919409662,8.613061685194141e-4,0.11504211712893957,0.2016097092646077,6.326020211921627e-4,0.15562890522090184,0.25001311352314987,0.09438420830224803
W02000390,Cardiff 024,2021,6,0.20692314337625012,0.03299166017010988,0.7120002920499726,0.16773644333234317,8.739566969537928e-4,0.1144196869461445,0.22951508833002804,0.11509540138388354
W02000390,Cardiff 024,2023,2,0.5887097278005532,0.11737122689426338,1.3429471096787982,0.20053835912780957,0.001097236037881682,0.14263124033513075,0.2710816252589189,0.12845038492378813
W02000390,Cardiff 024,2025,15,0.3711698198875468,0.03087849530775885,0.6888206389757854,0.19572242565408834,0.0010424001851509974,0.14176755504938326,0.26719122275472384,0.12542366770534058
W02000391,Cardiff 025,2021,4,0.17284998566812504,0.02790491275449387,0.6548147012444068,0.20998811572876655,0.0010900018437638528,0.15245173068545734,0.27897394311274537,0.12652221242728803
W02000391,Cardiff 025,2023,1,0,0,0,0.24805917236009545,0.0013826062285022323,0.18335078206689187,0.33533418748681154,0.15198340541991967
W02000391,Cardiff 025,2025,8,0.30740845692023927,0.05275273998707581,0.9003276699938438,0.24241162981167147,0.0012094834566553035,0.18139104046925492,0.3171130078019746,0.13572196733271968
W02000392,Cardiff 026,2021,8,0.16956164171937987,0.0234886960036483,0.6007690353199558,0.1666565526276513,7.561050434789846e-4,0.12147041271832779,0.2245323150679073,0.10306190234957952
W02000392,Cardiff 026,2023,5,0.3079183300702689,0.04159946918620508,0.7995064673698166,0.1993067047936542,9.264907280951191e-4,0.1470848229821897,0.2674047893451694,0.12031996636297973
W02000392,Cardiff 026,2025,7,0.556312319786682,0.05186395766494042,0.89271105660923,0.1944660518727795,8.403796416540816e-4,0.14404572637954055,0.25358908987421896,0.10954336349467841
W02000393,Cardiff 027,2021,5,0,0,0,0.18379916440913377,8.866001909863067e-4,0.13021311820912662,0.24636823219219398,0.11615511398306735
W02000393,Cardiff 027,2023,4,0,0,0,0.21879694693515503,0.0012260671778972923,0.15816460512418457,0.28999531171889803,0.13183070659471346
W02000393,Cardiff 027,2025,15,0.4022961260797456,0.02342310086882338,0.59992958733688,0.2135635981445966,0.0010640110737250817,0.15782832655222934,0.2779350944610073,0.12010676790877794
W02000394,Cardiff 028,2021,5,0,0,0,0.2665239119407365,0.00126690283755073,0.2010575988064066,0.33686730865317893,0.13580970984677232
W02000394,Cardiff 028,2023,3,0.4976859850854756,0.09640807456576318,1.2171239023645666,0.3108630415899657,0.0015061037835158145,0.23361374249659414,0.3824396993552337,0.14882595685863956
W02000394,Cardiff 028,2025,10,0.5047138276525701,0.04402893107287459,0.8225213082604673,0.30440776458426344,0.0012842554044272991,0.2341380657593918,0.37194069617995923,0.13780263042056742
W02000395,Cardiff 029,2021,6,0.3244584508651281,0.04226143374591339,0.8058425589118988,0.1814055718016939,9.888741957932426e-4,0.1262177937023328,0.241257072046584,0.1150392783442512
W02000395,Cardiff 029,2023,3,0,0,0,0.21587989715903466,0.001238001905819425,0.15480862542700274,0.2906479545276156,0.13583932910061286
W02000395,Cardiff 029,2025,7,0.08246422989637363,0.00686155437429759,0.3247052729773129,0.21082485552203975,0.0011475122307474691,0.1521720455510112,0.2853144769963374,0.1331424314453262
W02000396,Cardiff 030,2021,4,0,0,0,0.2208678173235892,0.0011358408837460997,0.16443266611874144,0.29147371893859203,0.1270410528198506
W02000396,Cardiff 030,2023,6,0.17154133574073277,0.02465092343158432,0.6154527025028489,0.2601088883033716,0.0014119033492683173,0.19597604840748725,0.33966680944970506,0.1436907610422178
W02000396,Cardiff 030,2025,7,0.21053658235672584,0.02507284485106603,0.620697353024879,0.25433537907891346,0.0012427507767990215,0.188776971537992,0.33235421290623746,0.14357724136824546
W02000397,Cardiff 031,2021,10,0.13461226956242411,0.01630492688944871,0.500538530865489,0.18358802897881119,9.323260727813652e-4,0.1302013539572411,0.24804702367690157,0.11784566971966046
W02000397,Cardiff 031,2023,7,0.1246061028444968,0.00877025134046161,0.36709976503136427,0.2186638426906459,0.0012236175778008662,0.15847237309198692,0.29270550245706384,0.13423312936507692
W02000397,Cardiff 031,2025,11,0.23207340116475697,0.02085811008193523,0.5661292112486659,0.21344797138158506,0.001086677244834015,0.1558095596999205,0.28184661092581453,0.12603705122589404
W02000398,Cardiff 032,2021,7,0,0,0,0.2676417116878119,0.001571714098931544,0.19278028882598686,0.3448081102471629,0.15202782142117605
W02000398,Cardiff 032,2023,3,0.8422381412483302,0.02677104679277708,0.6413731327123974,0.3121354551258351,0.0018550959133901354,0.22783801998879977,0.39864385033747773,0.17080583034867797
W02000398,Cardiff 032,2025,12,0.08403365903910262,0.00683727694912481,0.3241303308593264,0.30568695572766996,0.001650111503212677,0.23278361952026097,0.3855551609628308,0.15277154144256985
W02000399,Cardiff 033,2021,7,0.2355382443273811,0.02513088401112957,0.6214153395480179,0.2507652636197046,0.0015644124173449679,0.1797881027091506,0.33387261658462386,0.15408451387547326
W02000399,Cardiff 033,2023,6,0.5579520449133508,0.04881885396032232,0.8661076541909982,0.2929391976467573,0.0018898375098919515,0.2099686837768256,0.3880344151377555,0.1780657313609299
W02000399,Cardiff 033,2025,9,0.06388966893256559,0.00429808593693086,0.2569896506439465,0.28677415686228785,0.0016988208214605697,0.21264332590179233,0.3814613308315683,0.16881800492977597
W02000400,Cardiff 034,2021,5,0.13383546070830082,0.01711177691599993,0.5127735811124361,0.1911484459328843,9.367936613496219e-4,0.13676400238194797,0.24533499887067264,0.10857099648872467
W02000400,Cardiff 034,2023,7,0.6402190307054487,0.04311052641822286,0.8138975659726456,0.22723229545761012,0.001256714552456497,0.16231406766428116,0.29501642475033757,0.1327023570860564
W02000400,Cardiff 034,2025,10,0.5653953957252704,0.04022768465745965,0.7862136963027292,0.22186593373163954,0.001110110532239933,0.16551682392223677,0.28826680510776714,0.12274998118553038
W02000401,Cardiff 035,2021,9,0.4940242110912581,0.04708333986320062,0.8505732448771975,0.19057858914200412,0.0012094944089061498,0.1327029010222956,0.27282672935605445,0.14012382833375886
W02000401,Cardiff 035,2023,4,0.22040819235405973,0.04093696539318296,0.793114535996139,0.22661052406869447,0.0016025784845723086,0.16285538918344106,0.3156900020846815,0.15283461290124045
W02000401,Cardiff 035,2025,16,0.27424028104590087,0.01579222912273057,0.4926061220161031,0.22130799483999106,0.0014644745550861464,0.1582268039018927,0.31254561168396,0.1543188077820673
W02000402,Cardiff 036,2021,6,0,0,0,0.2082743464384237,0.0011908719197509254,0.15057014904109658,0.28681481562154865,0.13624466658045206
W02000402,Cardiff 036,2023,8,0.525760269019592,0.05114663362583142,0.8865160729298951,0.2460617637298367,0.0014610628119436646,0.18240678817534917,0.3216890388523277,0.13928225067697853
W02000402,Cardiff 036,2025,8,0,0,0,0.24049216139741333,0.0013116082843042558,0.18146958977331695,0.31643632481120043,0.13496673503788348
W02000403,Cardiff 037,2021,7,0,0,0,0.18688070680971683,9.521901679316649e-4,0.1339751908827237,0.25269749992709645,0.11872230904437275
W02000403,Cardiff 037,2023,3,0.20121196781533016,0.04029677931993272,0.7868886029524639,0.22216117332102753,0.001199231669668925,0.16391012932991295,0.2978853766494278,0.13397524731951488
W02000403,Cardiff 037,2025,9,0.3884071760766388,0.05166504358565265,0.8909975025860661,0.21694186523012887,0.0010725885862247723,0.16309421622312026,0.28878030626209394,0.12568609003897369
W02000404,Cardiff 038,2021,7,0,0,0,0.18371059425779923,8.791795598996797e-4,0.13385096345904945,0.24983490788415325,0.11598394442510379
W02000404,Cardiff 038,2023,4,0,0,0,0.21863204518728774,0.00115801808733934,0.15835084493475,0.2850386302674514,0.12668778533270142
W02000404,Cardiff 038,2025,11,0.3044993808990656,0.03084581377540834,0.6884560215700947,0.21336288515993584,9.795743165095857e-4,0.1585492654546122,0.27450553649927506,0.11595627104466286
W02000405,Cardiff 039,2021,11,0.12852043024098997,0.01414476040138025,0.46620388076671826,0.19784876525093809,0.0012437230441779176,0.13398846198565767,0.2742991518510985,0.14031068986544082
W02000405,Cardiff 039,2023,3,0.49225564432170416,0.09429754806456342,1.2037277894647862,0.23434788669861187,0.0016061879192891537,0.16242339364192881,0.3188775385918398,0.156454144949911
W02000405,Cardiff 039,2025,12,0.17633801530263452,0.01849512225202716,0.5330975539800042,0.2289876372496442,0.001467530374045556,0.15840241427790633,0.3122884829104462,0.15388606863253987
W02000406,Cardiff 040,2021,7,0,0,0,0.18391175462242543,0.001321396138104341,0.1212711489493998,0.26914111016591136,0.14786996121651155
W02000406,Cardiff 040,2023,2,0.5671503834768972,0.1206515425854046,1.3615842720816882,0.21893764101554852,0.0017336287500933584,0.1438784092432366,0.3125440869286009,0.1686656776853643
W02000406,Cardiff 040,2025,12,0.13115748284013626,0.0104657264495303,0.40101699307894656,0.2136825039322732,0.0015514796829805846,0.14239677742930854,0.3049446216236046,0.16254784419429605
W02000407,Cardiff 041,2021,7,0,0,0,0.17759153357886023,0.0013452480909997538,0.10973416512559171,0.25757060463692477,0.14783643951133307
W02000407,Cardiff 041,2023,6,0,0,0,0.21133587241737178,0.0016883615132310878,0.13272853252743208,0.2999883685554291,0.16725983602799702
W02000407,Cardiff 041,2025,4,0,0,0,0.20650207500646095,0.0016575612620442996,0.1292799787570923,0.29543434221370746,0.16615436345661516
W02000408,Cardiff 042,2021,5,0,0,0,0.2005084370599539,9.562190549103082e-4,0.14439996897968604,0.25928616491876577,0.11488619593907973
W02000408,Cardiff 042,2023,3,0,0,0,0.2374486214991332,0.0011795110931818098,0.17615777513979336,0.30339767723156535,0.127239902091772
W02000408,Cardiff 042,2025,11,0.07104526300740088,0.00488787411992192,0.2740552291230115,0.23204124889624908,0.0010729169566713126,0.1735709957906274,0.2975158977662734,0.123944901975646
W02000409,Cardiff 043,2021,8,0,0,0,0.1878400662803483,9.861033397791862e-4,0.1350457061000575,0.2504608957011754,0.1154151896011179
W02000409,Cardiff 043,2023,3,1,4.36794170409636e-33,2.590696291538526e-16,0.22322594357091569,0.001293113099182311,0.16057950476090616,0.2953740186004281,0.13479451383952196
W02000409,Cardiff 043,2025,12,0.19153745556896415,0.01236439744549229,0.43587761415128556,0.21802049207200166,0.0011688479208078423,0.16166893033121157,0.28288331826977575,0.12121438793856418
W02000410,Cardiff 044,2021,4,0,0,0,0.19485494718200388,0.0012692749823761881,0.13236450832653135,0.2759656845680778,0.14360117624154645
W02000410,Cardiff 044,2023,4,0.45561540617658025,0.06306380517691158,0.9843922199273676,0.23073240505072024,0.001434583271043806,0.1647898058129798,0.31548126605290383,0.15069146023992402
W02000410,Cardiff 044,2025,13,0.07258993377153926,0.00504197862583933,0.27834189958381567,0.2255087684557348,0.0013676530477197077,0.16208568216841723,0.311893311232478,0.14980762906406075
W02000411,Cardiff 045,2021,6,0.12390080101473344,0.01519457361976722,0.4831949041881175,0.21263555021467756,0.0018485502115275193,0.13794994073019107,0.29878330157247335,0.16083336084228228
W02000411,Cardiff 045,2023,2,0.714266673441121,0.08338826032321775,1.1319586002340591,0.2509197597951703,0.0023878677302247163,0.17520120588050953,0.3569046640326987,0.1817034581521892
W02000411,Cardiff 045,2025,13,0.33818330501675087,0.01760608880566301,0.5201271580697868,0.24527674858835288,0.002173826552334866,0.168010269973628,0.3496069382678225,0.18159666829419452
W02000412,Cardiff 046,2021,7,0,0,0,0.17911443021591134,9.520220693953313e-4,0.12147884625994101,0.24373878976541508,0.12225994350547406
W02000412,Cardiff 046,2023,2,0,0,0,0.21333275379408873,0.001245729742502294,0.14774256641685604,0.2848172187092654,0.13707465229240937
W02000412,Cardiff 046,2025,14,0.12874926305241097,0.00829752134970795,0.35706910579737033,0.20823579196040562,0.001107318343604427,0.15024132465193712,0.27528207585262027,0.12504075120068314
W02000414,Powys 020,2021,17,0.13931155955565344,0.00650849234472328,0.3162410809939621,0.1242355895310651,2.6137825680180296e-4,0.09227124835342163,0.15607606549573305,0.06380481714231143
W02000414,Powys 020,2023,8,0,0,0,0.1506094943248276,4.080681718698553e-4,0.1121902708790499,0.19057401929692924,0.07838374841787935
W02000414,Powys 020,2025,25,0.2288125222915825,0.01231107645818973,0.4349367459875181,0.14658698957254004,3.248892518228873e-4,0.113491236428441,0.18246802956426272,0.06897679313582172
W02000415,Merthyr Tydfil 008,2021,14,0.19585793791323836,0.01237457231515581,0.43605692276294655,0.16337280011451893,5.381360155019384e-4,0.12580281934279364,0.21658932681278478,0.09078650746999115
W02000415,Merthyr Tydfil 008,2023,10,0.21482493393678545,0.01873793826518991,0.5365855690584148,0.19554811521771653,8.216936033571334e-4,0.1512387424122002,0.25742700280551806,0.10618826039331786
W02000415,Merthyr Tydfil 008,2025,32,0.0968178672010492,0.00212990939563256,0.18090836614299502,0.19071257754632118,6.816209316105554e-4,0.1500332281084923,0.2471823961982758,0.09714916808978352
W02000416,Powys 021,2021,23,0.07227103201458769,0.0027983293569637,0.20736120168937602,0.12291165454156572,2.644939856778916e-4,0.09197775327449699,0.1588743517205558,0.06689659844605882
W02000416,Powys 021,2023,8,0,0,0,0.14901045898663168,4.4027259535046886e-4,0.11198385216732645,0.19432030992987623,0.08233645776254978
W02000416,Powys 021,2025,25,0.08284698841206274,0.00294160090819805,0.21260328083789531,0.14499261209838032,3.383414640452859e-4,0.11163916105728082,0.1799347658906434,0.06829560483336257
W02000417,Neath Port Talbot 020,2021,17,0.17453315070401065,0.0163979100923879,0.5019637292289262,0.12112028665366699,4.528582548487318e-4,0.08214398666939066,0.16283961494809474,0.08069562827870408
W02000417,Neath Port Talbot 020,2023,7,0,0,0,0.14669893702153064,6.517499432955357e-4,0.09886129147590791,0.19792651147761856,0.09906522000171064
W02000417,Neath Port Talbot 020,2025,13,0,0,0,0.1428479849690666,5.847421607706007e-4,0.09800217075546407,0.192787710874883,0.09478554011941893
W02000418,Carmarthenshire 027,2021,13,0.25890622374747385,0.02011824679180617,0.5559979014179283,0.12578747753767852,3.974068429730843e-4,0.09199204770673944,0.16724094402989875,0.07524889632315931
W02000418,Carmarthenshire 027,2023,6,0.29332153653988474,0.05246298223141205,0.8978516266127202,0.1522292271772497,5.55195778653439e-4,0.10981357024440513,0.20164223612668772,0.09182866588228258
W02000418,Carmarthenshire 027,2025,11,0.1118247856859071,0.011072156926720811,0.41247174395471603,0.14819762656381916,4.658230430293139e-4,0.11002789671992609,0.19582780100048125,0.08579990428055516
W02000419,Denbighshire 017,2021,6,0.6927867060761899,0.03437899344324663,0.7268163113446071,0.13789010861540427,7.132407235466202e-4,0.09443115033675753,0.18877412697046342,0.09434297663370589
W02000419,Denbighshire 017,2023,3,0,0,0,0.1662755145312324,0.001043191546756399,0.11021458580400417,0.23291898449589915,0.12270439869189498
W02000419,Denbighshire 017,2025,13,0.374484824340738,0.0359603202694305,0.7433440374254427,0.16185965343982892,8.824598320697488e-4,0.11129811380138122,0.22082208791038235,0.10952397410900114
W02000421,Ceredigion 011,2021,5,0,0,0,0.12823146888970088,3.3237491778990205e-4,0.09567102706317182,0.16399295729381372,0.0683219302306419
W02000421,Ceredigion 011,2023,11,0,0,0,0.15516239641382992,4.936144510501728e-4,0.11564321225242369,0.20383164732229397,0.08818843506987029
W02000421,Ceredigion 011,2025,25,0.19558762019629897,0.00817094807213975,0.354335211601415,0.15107109246017425,4.076820507733502e-4,0.11387517433830015,0.19279749060075768,0.07892231626245753
W02000422,Cardiff 048,2021,4,0.6527917608833991,0.06382526590078362,0.9903173848372311,0.2045219144289765,0.0012064738929545397,0.1477397324021008,0.28593211694601617,0.13819238454391536
W02000422,Cardiff 048,2023,3,0.383280859516237,0.08459565952097206,1.1401241028226268,0.2420333106221396,0.0014681382189259096,0.18024707959813235,0.33302577844157466,0.1527786988434423
W02000422,Cardiff 048,2025,9,0.16442719866020877,0.01382455279276886,0.4608967358006933,0.23649826012625294,0.0013227452650702025,0.17274461802466398,0.3213587333493696,0.14861411532470561
W02000423,Cardiff 049,2021,6,0.28636207675085457,0.05171990262301033,0.8914704170898867,0.19855892367194752,9.734805149419871e-4,0.1479063869952763,0.26500818465764,0.11710179766236367
W02000423,Cardiff 049,2023,3,0,0,0,0.23532908123401128,0.0012089367893752076,0.17048444327898582,0.3085001030750463,0.13801565979606045
W02000423,Cardiff 049,2025,11,0.386029609120118,0.0407181831721557,0.7909923486591169,0.22987529277491994,0.0010643776387597229,0.17217891753208858,0.3004345382977147,0.12825562076562613
W02000424,Wrexham 021,2021,3,0,0,0,0.11562711062070698,4.276364197261007e-4,0.08121046637965834,0.1584873043022093,0.07727683792255097
W02000424,Wrexham 021,2023,9,0.03824105622606566,0.00157982677432748,0.1558055133480076,0.1404118852008046,6.581888433986316e-4,0.10136208925523996,0.19700688973728825,0.09564480048204829
W02000424,Wrexham 021,2025,11,0.38668272783617713,0.03714843679057483,0.755524162907188,0.1366019069476989,5.469936335433478e-4,0.09817507293740492,0.18712049610434062,0.0889454231669357
W02000425,Wrexham 022,2021,3,0.3765990236350886,0.08291873523211025,1.1287673043779938,0.12300958234104215,4.4537035493319763e-4,0.08977884937648688,0.17259619844233187,0.082817349065845
W02000425,Wrexham 022,2023,1,0,0,0,0.14907288981528427,6.465583631941768e-4,0.1089266132393158,0.20677887573532824,0.09785226249601245
W02000425,Wrexham 022,2025,10,0.21485879600477464,0.01742904966086088,0.5175054649219849,0.14508935790968966,5.473488133580923e-4,0.1070441087271728,0.19645348110858116,0.08940937238140836
W02000426,Wrexham 023,2021,5,0.1457022301622879,0.01998616893545668,0.5541698113358141,0.12339006504196609,5.685271533374459e-4,0.0829934810676238,0.17468410934216927,0.09169062827454547
W02000426,Wrexham 023,2023,1,0,0,0,0.14960886219500713,9.323617124811246e-4,0.09728482667021701,0.21213406509222443,0.11484923842200742
W02000426,Wrexham 023,2025,11,0.1233595580884146,0.00785897326892542,0.347504947795066,0.145485587924655,7.511121245572064e-4,0.09331527971711262,0.20307546607695184,0.10976018635983922
W02000427,Neath Port Talbot 021,2021,9,0.17594921208937675,0.02407479984200419,0.6082182246842411,0.13331126930561937,3.679503379068356e-4,0.09650878438981131,0.17317661134216383,0.07666782695235252
W02000427,Neath Port Talbot 021,2023,10,0.04543851708913563,0.00214566299872215,0.18157616641705163,0.16094715206724158,5.310602847988584e-4,0.11745924317514643,0.20538096502825298,0.08792172185310655
W02000427,Neath Port Talbot 021,2025,18,0.05303561036563484,0.00273429171052016,0.20497481806044848,0.1567369915148164,4.303314676666528e-4,0.11651418630015509,0.1978328116429855,0.08131862534283041
W02000428,Swansea 032,2021,12,0.16492194552070902,0.01449449700169193,0.4719322551327637,0.10315357273377254,3.1756070100420574e-4,0.0707516009262076,0.14024923120441402,0.06949763027820642
W02000428,Swansea 032,2023,4,0,0,0,0.12562873034325697,4.6932317497159717e-4,0.08897153425582377,0.1704351302486835,0.08146359599285974
W02000428,Swansea 032,2025,4,0,0,0,0.1222837695802162,4.2986721936972655e-4,0.08621932325029948,0.16306628806292534,0.07684696481262586
