cell_id,domain_id,age_group,sex,pop_count
W02000001_age_0_15_sex_female,W02000001,age_0_15,sex_female,645
W02000001_age_0_15_sex_male,W02000001,age_0_15,sex_male,634
W02000001_age_16_24_sex_female,W02000001,age_16_24,sex_female,399
W02000001_age_16_24_sex_male,W02000001,age_16_24,sex_male,392
W02000001_age_25_44_sex_female,W02000001,age_25_44,sex_female,795
W02000001_age_25_44_sex_male,W02000001,age_25_44,sex_male,783
W02000001_age_45_64_sex_female,W02000001,age_45_64,sex_female,1281
W02000001_age_45_64_sex_male,W02000001,age_45_64,sex_male,1261
W02000001_age_65_plus_sex_female,W02000001,age_65_plus,sex_female,1116
W02000001_age_65_plus_sex_male,W02000001,age_65_plus,sex_male,1099
W02000002_age_0_15_sex_female,W02000002,age_0_15,sex_female,426
W02000002_age_0_15_sex_male,W02000002,age_0_15,sex_male,406
W02000002_age_16_24_sex_female,W02000002,age_16_24,sex_female,233
W02000002_age_16_24_sex_male,W02000002,age_16_24,sex_male,222
W02000002_age_25_44_sex_female,W02000002,age_25_44,sex_female,545
W02000002_age_25_44_sex_male,W02000002,age_25_44,sex_male,520
W02000002_age_45_64_sex_female,W02000002,age_45_64,sex_female,958
W02000002_age_45_64_sex_male,W02000002,age_45_64,sex_male,914
W02000002_age_65_plus_sex_female,W02000002,age_65_plus,sex_female,1096
W02000002_age_65_plus_sex_male,W02000002,age_65_plus,sex_male,1046
W02000003_age_0_15_sex_female,W02000003,age_0_15,sex_female,1126
W02000003_age_0_15_sex_male,W02000003,age_0_15,sex_male,1057
W02000003_age_16_24_sex_female,W02000003,age_16_24,sex_female,626
W02000003_age_16_24_sex_male,W02000003,age_16_24,sex_male,587
W02000003_age_25_44_sex_female,W02000003,age_25_44,sex_female,1336
W02000003_age_25_44_sex_male,W02000003,age_25_44,sex_male,1254
W02000003_age_45_64_sex_female,W02000003,age_45_64,sex_female,1393
W02000003_age_45_64_sex_male,W02000003,age_45_64,sex_male,1307
W02000003_age_65_plus_sex_female,W02000003,age_65_plus,sex_female,1003
W02000003_age_65_plus_sex_male,W02000003,age_65_plus,sex_male,941
W02000004_age_0_15_sex_female,W02000004,age_0_15,sex_female,525
W02000004_age_0_15_sex_male,W02000004,age_0_15,sex_male,500
W02000004_age_16_24_sex_female,W02000004,age_16_24,sex_female,354
W02000004_age_16_24_sex_male,W02000004,age_16_24,sex_male,337
W02000004_age_25_44_sex_female,W02000004,age_25_44,sex_female,659
W02000004_age_25_44_sex_male,W02000004,age_25_44,sex_male,629
W02000004_age_45_64_sex_female,W02000004,age_45_64,sex_female,1115
W02000004_age_45_64_sex_male,W02000004,age_45_64,sex_male,1063
W02000004_age_65_plus_sex_female,W02000004,age_65_plus,sex_female,1135
W02000004_age_65_plus_sex_male,W02000004,age_65_plus,sex_male,1083
W02000005_age_0_15_sex_female,W02000005,age_0_15,sex_female,534
W02000005_age_0_15_sex_male,W02000005,age_0_15,sex_male,494
W02000005_age_16_24_sex_female,W02000005,age_16_24,sex_female,332
W02000005_age_16_24_sex_male,W02000005,age_16_24,sex_male,307
W02000005_age_25_44_sex_female,W02000005,age_25_44,sex_female,706
W02000005_age_25_44_sex_male,W02000005,age_25_44,sex_male,653
W02000005_age_45_64_sex_female,W02000005,age_45_64,sex_female,1221
W02000005_age_45_64_sex_male,W02000005,age_45_64,sex_male,1130
W02000005_age_65_plus_sex_female,W02000005,age_65_plus,sex_female,1444
W02000005_age_65_plus_sex_male,W02000005,age_65_plus,sex_male,1335
W02000006_age_0_15_sex_female,W02000006,age_0_15,sex_female,704
W02000006_age_0_15_sex_male,W02000006,age_0_15,sex_male,678
W02000006_age_16_24_sex_female,W02000006,age_16_24,sex_female,375
W02000006_age_16_24_sex_male,W02000006,age_16_24,sex_male,361
W02000006_age_25_44_sex_female,W02000006,age_25_44,sex_female,821
W02000006_age_25_44_sex_male,W02000006,age_25_44,sex_male,791
W02000006_age_45_64_sex_female,W02000006,age_45_64,sex_female,907
W02000006_age_45_64_sex_male,W02000006,age_45_64,sex_male,873
W02000006_age_65_plus_sex_female,W02000006,age_65_plus,sex_female,781
W02000006_age_65_plus_sex_male,W02000006,age_65_plus,sex_male,752
W02000007_age_0_15_sex_female,W02000007,age_0_15,sex_female,622
W02000007_age_0_15_sex_male,W02000007,age_0_15,sex_male,601
W02000007_age_16_24_sex_female,W02000007,age_16_24,sex_female,334
W02000007_age_16_24_sex_male,W02000007,age_16_24,sex_male,322
W02000007_age_25_44_sex_female,W02000007,age_25_44,sex_female,799
W02000007_age_25_44_sex_male,W02000007,age_25_44,sex_male,773
W02000007_age_45_64_sex_female,W02000007,age_45_64,sex_female,948
W02000007_age_45_64_sex_male,W02000007,age_45_64,sex_male,917
W02000007_age_65_plus_sex_female,W02000007,age_65_plus,sex_female,798
W02000007_age_65_plus_sex_male,W02000007,age_65_plus,sex_male,772
W02000008_age_0_15_sex_female,W02000008,age_0_15,sex_female,420
W02000008_age_0_15_sex_male,W02000008,age_0_15,sex_male,389
W02000008_age_16_24_sex_female,W02000008,age_16_24,sex_female,286
W02000008_age_16_24_sex_male,W02000008,age_16_24,sex_male,265
W02000008_age_25_44_sex_female,W02000008,age_25_44,sex_female,670
W02000008_age_25_44_sex_male,W02000008,age_25_44,sex_male,620
W02000008_age_45_64_sex_female,W02000008,age_45_64,sex_female,831
W02000008_age_45_64_sex_male,W02000008,age_45_64,sex_male,769
W02000008_age_65_plus_sex_female,W02000008,age_65_plus,sex_female,883
W02000008_age_65_plus_sex_male,W02000008,age_65_plus,sex_male,818
W02000009_age_0_15_sex_female,W02000009,age_0_15,sex_female,642
W02000009_age_0_15_sex_male,W02000009,age_0_15,sex_male,637
W02000009_age_16_24_sex_female,W02000009,age_16_24,sex_female,364
W02000009_age_16_24_sex_male,W02000009,age_16_24,sex_male,362
W02000009_age_25_44_sex_female,W02000009,age_25_44,sex_female,791
W02000009_age_25_44_sex_male,W02000009,age_25_44,sex_male,785
W02000009_age_45_64_sex_female,W02000009,age_45_64,sex_female,1177
W02000009_age_45_64_sex_male,W02000009,age_45_64,sex_male,1169
W02000009_age_65_plus_sex_female,W02000009,age_65_plus,sex_female,1055
W02000009_age_65_plus_sex_male,W02000009,age_65_plus,sex_male,1048
W02000010_age_0_15_sex_female,W02000010,age_0_15,sex_female,335
W02000010_age_0_15_sex_male,W02000010,age_0_15,sex_male,313
W02000010_age_16_24_sex_female,W02000010,age_16_24,sex_female,2376
W02000010_age_16_24_sex_male,W02000010,age_16_24,sex_male,2226
W02000010_age_25_44_sex_female,W02000010,age_25_44,sex_female,850
W02000010_age_25_44_sex_male,W02000010,age_25_44,sex_male,796
W02000010_age_45_64_sex_female,W02000010,age_45_64,sex_female,500
W02000010_age_45_64_sex_male,W02000010,age_45_64,sex_male,468
W02000010_age_65_plus_sex_female,W02000010,age_65_plus,sex_female,387
W02000010_age_65_plus_sex_male,W02000010,age_65_plus,sex_male,363
W02000011_age_0_15_sex_female,W02000011,age_0_15,sex_female,832
W02000011_age_0_15_sex_male,W02000011,age_0_15,sex_male,806
W02000011_age_16_24_sex_female,W02000011,age_16_24,sex_female,634
W02000011_age_16_24_sex_male,W02000011,age_16_24,sex_male,613
W02000011_age_25_44_sex_female,W02000011,age_25_44,sex_female,1102
W02000011_age_25_44_sex_male,W02000011,age_25_44,sex_male,1068
W02000011_age_45_64_sex_female,W02000011,age_45_64,sex_female,1013
W02000011_age_45_64_sex_male,W02000011,age_45_64,sex_male,981
W02000011_age_65_plus_sex_female,W02000011,age_65_plus,sex_female,675
W02000011_age_65_plus_sex_male,W02000011,age_65_plus,sex_male,654
W02000012_age_0_15_sex_female,W02000012,age_0_15,sex_female,722
W02000012_age_0_15_sex_male,W02000012,age_0_15,sex_male,687
W02000012_age_16_24_sex_female,W02000012,age_16_24,sex_female,456
W02000012_age_16_24_sex_male,W02000012,age_16_24,sex_male,435
W02000012_age_25_44_sex_female,W02000012,age_25_44,sex_female,1017
W02000012_age_25_44_sex_male,W02000012,age_25_44,sex_male,969
W02000012_age_45_64_sex_female,W02000012,age_45_64,sex_female,1209
W02000012_age_45_64_sex_male,W02000012,age_45_64,sex_male,1152
W02000012_age_65_plus_sex_female,W02000012,age_65_plus,sex_female,800
W02000012_age_65_plus_sex_male,W02000012,age_65_plus,sex_male,762
W02000013_age_0_15_sex_female,W02000013,age_0_15,sex_female,553
W02000013_age_0_15_sex_male,W02000013,age_0_15,sex_male,534
W02000013_age_16_24_sex_female,W02000013,age_16_24,sex_female,323
W02000013_age_16_24_sex_male,W02000013,age_16_24,sex_male,313
W02000013_age_25_44_sex_female,W02000013,age_25_44,sex_female,808
W02000013_age_25_44_sex_male,W02000013,age_25_44,sex_male,781
W02000013_age_45_64_sex_female,W02000013,age_45_64,sex_female,881
W02000013_age_45_64_sex_male,W02000013,age_45_64,sex_male,852
W02000013_age_65_plus_sex_female,W02000013,age_65_plus,sex_female,703
W02000013_age_65_plus_sex_male,W02000013,age_65_plus,sex_male,679
W02000014_age_0_15_sex_female,W02000014,age_0_15,sex_female,545
W02000014_age_0_15_sex_male,W02000014,age_0_15,sex_male,533
W02000014_age_16_24_sex_female,W02000014,age_16_24,sex_female,375
W02000014_age_16_24_sex_male,W02000014,age_16_24,sex_male,366
W02000014_age_25_44_sex_female,W02000014,age_25_44,sex_female,814
W02000014_age_25_44_sex_male,W02000014,age_25_44,sex_male,796
W02000014_age_45_64_sex_female,W02000014,age_45_64,sex_female,994
W02000014_age_45_64_sex_male,W02000014,age_45_64,sex_male,971
W02000014_age_65_plus_sex_female,W02000014,age_65_plus,sex_female,680
W02000014_age_65_plus_sex_male,W02000014,age_65_plus,sex_male,664
W02000015_age_0_15_sex_female,W02000015,age_0_15,sex_female,878
W02000015_age_0_15_sex_male,W02000015,age_0_15,sex_male,808
W02000015_age_16_24_sex_female,W02000015,age_16_24,sex_female,478
W02000015_age_16_24_sex_male,W02000015,age_16_24,sex_male,441
W02000015_age_25_44_sex_female,W02000015,age_25_44,sex_female,1116
W02000015_age_25_44_sex_male,W02000015,age_25_44,sex_male,1028
W02000015_age_45_64_sex_female,W02000015,age_45_64,sex_female,1091
W02000015_age_45_64_sex_male,W02000015,age_45_64,sex_male,1005
W02000015_age_65_plus_sex_female,W02000015,age_65_plus,sex_female,869
W02000015_age_65_plus_sex_male,W02000015,age_65_plus,sex_male,800
W02000016_age_0_15_sex_female,W02000016,age_0_15,sex_female,538
W02000016_age_0_15_sex_male,W02000016,age_0_15,sex_male,501
W02000016_age_16_24_sex_female,W02000016,age_16_24,sex_female,348
W02000016_age_16_24_sex_male,W02000016,age_16_24,sex_male,324
W02000016_age_25_44_sex_female,W02000016,age_25_44,sex_female,728
W02000016_age_25_44_sex_male,W02000016,age_25_44,sex_male,678
W02000016_age_45_64_sex_female,W02000016,age_45_64,sex_female,911
W02000016_age_45_64_sex_male,W02000016,age_45_64,sex_male,849
W02000016_age_65_plus_sex_female,W02000016,age_65_plus,sex_female,763
W02000016_age_65_plus_sex_male,W02000016,age_65_plus,sex_male,711
W02000017_age_0_15_sex_female,W02000017,age_0_15,sex_female,672
W02000017_age_0_15_sex_male,W02000017,age_0_15,sex_male,649
W02000017_age_16_24_sex_female,W02000017,age_16_24,sex_female,398
W02000017_age_16_24_sex_male,W02000017,age_16_24,sex_male,385
W02000017_age_25_44_sex_female,W02000017,age_25_44,sex_female,788
W02000017_age_25_44_sex_male,W02000017,age_25_44,sex_male,761
W02000017_age_45_64_sex_female,W02000017,age_45_64,sex_female,1116
W02000017_age_45_64_sex_male,W02000017,age_45_64,sex_male,1078
W02000017_age_65_plus_sex_female,W02000017,age_65_plus,sex_female,881
W02000017_age_65_plus_sex_male,W02000017,age_65_plus,sex_male,850
W02000018_age_0_15_sex_female,W02000018,age_0_15,sex_female,514
W02000018_age_0_15_sex_male,W02000018,age_0_15,sex_male,515
W02000018_age_16_24_sex_female,W02000018,age_16_24,sex_female,315
W02000018_age_16_24_sex_male,W02000018,age_16_24,sex_male,315
W02000018_age_25_44_sex_female,W02000018,age_25_44,sex_female,658
W02000018_age_25_44_sex_male,W02000018,age_25_44,sex_male,659
W02000018_age_45_64_sex_female,W02000018,age_45_64,sex_female,871
W02000018_age_45_64_sex_male,W02000018,age_45_64,sex_male,873
W02000018_age_65_plus_sex_female,W02000018,age_65_plus,sex_female,679
W02000018_age_65_plus_sex_male,W02000018,age_65_plus,sex_male,681
W02000019_age_0_15_sex_female,W02000019,age_0_15,sex_female,479
W02000019_age_0_15_sex_male,W02000019,age_0_15,sex_male,468
W02000019_age_16_24_sex_female,W02000019,age_16_24,sex_female,307
W02000019_age_16_24_sex_male,W02000019,age_16_24,sex_male,299
W02000019_age_25_44_sex_female,W02000019,age_25_44,sex_female,629
W02000019_age_25_44_sex_male,W02000019,age_25_44,sex_male,614
W02000019_age_45_64_sex_female,W02000019,age_45_64,sex_female,915
W02000019_age_45_64_sex_male,W02000019,age_45_64,sex_male,894
W02000019_age_65_plus_sex_female,W02000019,age_65_plus,sex_female,1041
W02000019_age_65_plus_sex_male,W02000019,age_65_plus,sex_male,1017
W02000020_age_0_15_sex_female,W02000020,age_0_15,sex_female,501
W02000020_age_0_15_sex_male,W02000020,age_0_15,sex_male,457
W02000020_age_16_24_sex_female,W02000020,age_16_24,sex_female,300
W02000020_age_16_24_sex_male,W02000020,age_16_24,sex_male,273
W02000020_age_25_44_sex_female,W02000020,age_25_44,sex_female,628
W02000020_age_25_44_sex_male,W02000020,age_25_44,sex_male,573
W02000020_age_45_64_sex_female,W02000020,age_45_64,sex_female,984
W02000020_age_45_64_sex_male,W02000020,age_45_64,sex_male,899
W02000020_age_65_plus_sex_female,W02000020,age_65_plus,sex_female,976
W02000020_age_65_plus_sex_male,W02000020,age_65_plus,sex_male,891
W02000021_age_0_15_sex_female,W02000021,age_0_15,sex_female,618
W02000021_age_0_15_sex_male,W02000021,age_0_15,sex_male,608
W02000021_age_16_24_sex_female,W02000021,age_16_24,sex_female,376
W02000021_age_16_24_sex_male,W02000021,age_16_24,sex_male,370
W02000021_age_25_44_sex_female,W02000021,age_25_44,sex_female,841
W02000021_age_25_44_sex_male,W02000021,age_25_44,sex_male,828
W02000021_age_45_64_sex_female,W02000021,age_45_64,sex_female,1105
W02000021_age_45_64_sex_male,W02000021,age_45_64,sex_male,1086
W02000021_age_65_plus_sex_female,W02000021,age_65_plus,sex_female,968
W02000021_age_65_plus_sex_male,W02000021,age_65_plus,sex_male,952
W02000022_age_0_15_sex_female,W02000022,age_0_15,sex_female,372
W02000022_age_0_15_sex_male,W02000022,age_0_15,sex_male,356
W02000022_age_16_24_sex_female,W02000022,age_16_24,sex_female,229
W02000022_age_16_24_sex_male,W02000022,age_16_24,sex_male,219
W02000022_age_25_44_sex_female,W02000022,age_25_44,sex_female,476
W02000022_age_25_44_sex_male,W02000022,age_25_44,sex_male,457
W02000022_age_45_64_sex_female,W02000022,age_45_64,sex_female,831
W02000022_age_45_64_sex_male,W02000022,age_45_64,sex_male,798
W02000022_age_65_plus_sex_female,W02000022,age_65_plus,sex_female,928
W02000022_age_65_plus_sex_male,W02000022,age_65_plus,sex_male,891
W02000023_age_0_15_sex_female,W02000023,age_0_15,sex_female,396
W02000023_age_0_15_sex_male,W02000023,age_0_15,sex_male,390
W02000023_age_16_24_sex_female,W02000023,age_16_24,sex_female,237
W02000023_age_16_24_sex_male,W02000023,age_16_24,sex_male,233
W02000023_age_25_44_sex_female,W02000023,age_25_44,sex_female,495
W02000023_age_25_44_sex_male,W02000023,age_25_44,sex_male,487
W02000023_age_45_64_sex_female,W02000023,age_45_64,sex_female,770
W02000023_age_45_64_sex_male,W02000023,age_45_64,sex_male,757
W02000023_age_65_plus_sex_female,W02000023,age_65_plus,sex_female,766
W02000023_age_65_plus_sex_male,W02000023,age_65_plus,sex_male,753
W02000024_age_0_15_sex_female,W02000024,age_0_15,sex_female,439
W02000024_age_0_15_sex_male,W02000024,age_0_15,sex_male,442
W02000024_age_16_24_sex_female,W02000024,age_16_24,sex_female,253
W02000024_age_16_24_sex_male,W02000024,age_16_24,sex_male,255
W02000024_age_25_44_sex_female,W02000024,age_25_44,sex_female,582
W02000024_age_25_44_sex_male,W02000024,age_25_44,sex_male,586
W02000024_age_45_64_sex_female,W02000024,age_45_64,sex_female,879
W02000024_age_45_64_sex_male,W02000024,age_45_64,sex_male,886
W02000024_age_65_plus_sex_female,W02000024,age_65_plus,sex_female,675
W02000024_age_65_plus_sex_male,W02000024,age_65_plus,sex_male,681
W02000025_age_0_15_sex_female,W02000025,age_0_15,sex_female,441
W02000025_age_0_15_sex_male,W02000025,age_0_15,sex_male,430
W02000025_age_16_24_sex_female,W02000025,age_16_24,sex_female,292
W02000025_age_16_24_sex_male,W02000025,age_16_24,sex_male,285
W02000025_age_25_44_sex_female,W02000025,age_25_44,sex_female,604
W02000025_age_25_44_sex_male,W02000025,age_25_44,sex_male,589
W02000025_age_45_64_sex_female,W02000025,age_45_64,sex_female,913
W02000025_age_45_64_sex_male,W02000025,age_45_64,sex_male,891
W02000025_age_65_plus_sex_female,W02000025,age_65_plus,sex_female,852
W02000025_age_65_plus_sex_male,W02000025,age_65_plus,sex_male,832
W02000026_age_0_15_sex_female,W02000026,age_0_15,sex_female,403
W02000026_age_0_15_sex_male,W02000026,age_0_15,sex_male,383
W02000026_age_16_24_sex_female,W02000026,age_16_24,sex_female,266
W02000026_age_16_24_sex_male,W02000026,age_16_24,sex_male,252
W02000026_age_25_44_sex_female,W02000026,age_25_44,sex_female,585
W02000026_age_25_44_sex_male,W02000026,age_25_44,sex_male,554
W02000026_age_45_64_sex_female,W02000026,age_45_64,sex_female,1059
W02000026_age_45_64_sex_male,W02000026,age_45_64,sex_male,1005
W02000026_age_65_plus_sex_female,W02000026,age_65_plus,sex_female,1256
W02000026_age_65_plus_sex_male,W02000026,age_65_plus,sex_male,1191
W02000027_age_0_15_sex_female,W02000027,age_0_15,sex_female,497
W02000027_age_0_15_sex_male,W02000027,age_0_15,sex_male,478
W02000027_age_16_24_sex_female,W02000027,age_16_24,sex_female,395
W02000027_age_16_24_sex_male,W02000027,age_16_24,sex_male,380
W02000027_age_25_44_sex_female,W02000027,age_25_44,sex_female,919
W02000027_age_25_44_sex_male,W02000027,age_25_44,sex_male,884
W02000027_age_45_64_sex_female,W02000027,age_45_64,sex_female,1218
W02000027_age_45_64_sex_male,W02000027,age_45_64,sex_male,1171
W02000027_age_65_plus_sex_female,W02000027,age_65_plus,sex_female,1266
W02000027_age_65_plus_sex_male,W02000027,age_65_plus,sex_male,1217
W02000028_age_0_15_sex_female,W02000028,age_0_15,sex_female,570
W02000028_age_0_15_sex_male,W02000028,age_0_15,sex_male,505
W02000028_age_16_24_sex_female,W02000028,age_16_24,sex_female,359
W02000028_age_16_24_sex_male,W02000028,age_16_24,sex_male,319
W02000028_age_25_44_sex_female,W02000028,age_25_44,sex_female,664
W02000028_age_25_44_sex_male,W02000028,age_25_44,sex_male,589
W02000028_age_45_64_sex_female,W02000028,age_45_64,sex_female,966
W02000028_age_45_64_sex_male,W02000028,age_45_64,sex_male,857
W02000028_age_65_plus_sex_female,W02000028,age_65_plus,sex_female,995
W02000028_age_65_plus_sex_male,W02000028,age_65_plus,sex_male,883
W02000029_age_0_15_sex_female,W02000029,age_0_15,sex_female,384
W02000029_age_0_15_sex_male,W02000029,age_0_15,sex_male,357
W02000029_age_16_24_sex_female,W02000029,age_16_24,sex_female,244
W02000029_age_16_24_sex_male,W02000029,age_16_24,sex_male,227
W02000029_age_25_44_sex_female,W02000029,age_25_44,sex_female,536
W02000029_age_25_44_sex_male,W02000029,age_25_44,sex_male,499
W02000029_age_45_64_sex_female,W02000029,age_45_64,sex_female,889
W02000029_age_45_64_sex_male,W02000029,age_45_64,sex_male,828
W02000029_age_65_plus_sex_female,W02000029,age_65_plus,sex_female,1054
W02000029_age_65_plus_sex_male,W02000029,age_65_plus,sex_male,982
W02000030_age_0_15_sex_female,W02000030,age_0_15,sex_female,387
W02000030_age_0_15_sex_male,W02000030,age_0_15,sex_male,348
W02000030_age_16_24_sex_female,W02000030,age_16_24,sex_female,229
W02000030_age_16_24_sex_male,W02000030,age_16_24,sex_male,205
W02000030_age_25_44_sex_female,W02000030,age_25_44,sex_female,511
W02000030_age_25_44_sex_male,W02000030,age_25_44,sex_male,459
W02000030_age_45_64_sex_female,W02000030,age_45_64,sex_female,822
W02000030_age_45_64_sex_male,W02000030,age_45_64,sex_male,737
W02000030_age_65_plus_sex_female,W02000030,age_65_plus,sex_female,1152
W02000030_age_65_plus_sex_male,W02000030,age_65_plus,sex_male,1034
W02000031_age_0_15_sex_female,W02000031,age_0_15,sex_female,630
W02000031_age_0_15_sex_male,W02000031,age_0_15,sex_male,595
W02000031_age_16_24_sex_female,W02000031,age_16_24,sex_female,410
W02000031_age_16_24_sex_male,W02000031,age_16_24,sex_male,387
W02000031_age_25_44_sex_female,W02000031,age_25_44,sex_female,786
W02000031_age_25_44_sex_male,W02000031,age_25_44,sex_male,743
W02000031_age_45_64_sex_female,W02000031,age_45_64,sex_female,1199
W02000031_age_45_64_sex_male,W02000031,age_45_64,sex_male,1133
W02000031_age_65_plus_sex_female,W02000031,age_65_plus,sex_female,1176
W02000031_age_65_plus_sex_male,W02000031,age_65_plus,sex_male,1112
W02000032_age_0_15_sex_female,W02000032,age_0_15,sex_female,639
W02000032_age_0_15_sex_male,W02000032,age_0_15,sex_male,573
W02000032_age_16_24_sex_female,W02000032,age_16_24,sex_female,346
W02000032_age_16_24_sex_male,W02000032,age_16_24,sex_male,309
W02000032_age_25_44_sex_female,W02000032,age_25_44,sex_female,870
W02000032_age_25_44_sex_male,W02000032,age_25_44,sex_male,780
W02000032_age_45_64_sex_female,W02000032,age_45_64,sex_female,1194
W02000032_age_45_64_sex_male,W02000032,age_45_64,sex_male,1070
W02000032_age_65_plus_sex_female,W02000032,age_65_plus,sex_female,1375
W02000032_age_65_plus_sex_male,W02000032,age_65_plus,sex_male,1232
W02000033_age_0_15_sex_female,W02000033,age_0_15,sex_female,605
W02000033_age_0_15_sex_male,W02000033,age_0_15,sex_male,597
W02000033_age_16_24_sex_female,W02000033,age_16_24,sex_female,408
W02000033_age_16_24_sex_male,W02000033,age_16_24,sex_male,403
W02000033_age_25_44_sex_female,W02000033,age_25_44,sex_female,801
W02000033_age_25_44_sex_male,W02000033,age_25_44,sex_male,791
W02000033_age_45_64_sex_female,W02000033,age_45_64,sex_female,928
W02000033_age_45_64_sex_male,W02000033,age_45_64,sex_male,916
W02000033_age_65_plus_sex_female,W02000033,age_65_plus,sex_female,758
W02000033_age_65_plus_sex_male,W02000033,age_65_plus,sex_male,747
W02000034_age_0_15_sex_female,W02000034,age_0_15,sex_female,597
W02000034_age_0_15_sex_male,W02000034,age_0_15,sex_male,569
W02000034_age_16_24_sex_female,W02000034,age_16_24,sex_female,366
W02000034_age_16_24_sex_male,W02000034,age_16_24,sex_male,348
W02000034_age_25_44_sex_female,W02000034,age_25_44,sex_female,847
W02000034_age_25_44_sex_male,W02000034,age_25_44,sex_male,806
W02000034_age_45_64_sex_female,W02000034,age_45_64,sex_female,1163
W02000034_age_45_64_sex_male,W02000034,age_45_64,sex_male,1108
W02000034_age_65_plus_sex_female,W02000034,age_65_plus,sex_female,953
W02000034_age_65_plus_sex_male,W02000034,age_65_plus,sex_male,907
W02000035_age_0_15_sex_female,W02000035,age_0_15,sex_female,851
W02000035_age_0_15_sex_male,W02000035,age_0_15,sex_male,792
W02000035_age_16_24_sex_female,W02000035,age_16_24,sex_female,479
W02000035_age_16_24_sex_male,W02000035,age_16_24,sex_male,446
W02000035_age_25_44_sex_female,W02000035,age_25_44,sex_female,1038
W02000035_age_25_44_sex_male,W02000035,age_25_44,sex_male,965
W02000035_age_45_64_sex_female,W02000035,age_45_64,sex_female,1257
W02000035_age_45_64_sex_male,W02000035,age_45_64,sex_male,1168
W02000035_age_65_plus_sex_female,W02000035,age_65_plus,sex_female,984
W02000035_age_65_plus_sex_male,W02000035,age_65_plus,sex_male,915
W02000036_age_0_15_sex_female,W02000036,age_0_15,sex_female,848
W02000036_age_0_15_sex_male,W02000036,age_0_15,sex_male,771
W02000036_age_16_24_sex_female,W02000036,age_16_24,sex_female,474
W02000036_age_16_24_sex_male,W02000036,age_16_24,sex_male,431
W02000036_age_25_44_sex_female,W02000036,age_25_44,sex_female,1140
W02000036_age_25_44_sex_male,W02000036,age_25_44,sex_male,1037
W02000036_age_45_64_sex_female,W02000036,age_45_64,sex_female,1507
W02000036_age_45_64_sex_male,W02000036,age_45_64,sex_male,1370
W02000036_age_65_plus_sex_female,W02000036,age_65_plus,sex_female,1941
W02000036_age_65_plus_sex_male,W02000036,age_65_plus,sex_male,1765
W02000037_age_0_15_sex_female,W02000037,age_0_15,sex_female,649
W02000037_age_0_15_sex_male,W02000037,age_0_15,sex_male,621
W02000037_age_16_24_sex_female,W02000037,age_16_24,sex_female,362
W02000037_age_16_24_sex_male,W02000037,age_16_24,sex_male,346
W02000037_age_25_44_sex_female,W02000037,age_25_44,sex_female,908
W02000037_age_25_44_sex_male,W02000037,age_25_44,sex_male,870
W02000037_age_45_64_sex_female,W02000037,age_45_64,sex_female,970
W02000037_age_45_64_sex_male,W02000037,age_45_64,sex_male,929
W02000037_age_65_plus_sex_female,W02000037,age_65_plus,sex_female,788
W02000037_age_65_plus_sex_male,W02000037,age_65_plus,sex_male,755
W02000038_age_0_15_sex_female,W02000038,age_0_15,sex_female,442
W02000038_age_0_15_sex_male,W02000038,age_0_15,sex_male,413
W02000038_age_16_24_sex_female,W02000038,age_16_24,sex_female,303
W02000038_age_16_24_sex_male,W02000038,age_16_24,sex_male,284
W02000038_age_25_44_sex_female,W02000038,age_25_44,sex_female,615
W02000038_age_25_44_sex_male,W02000038,age_25_44,sex_male,575
W02000038_age_45_64_sex_female,W02000038,age_45_64,sex_female,974
W02000038_age_45_64_sex_male,W02000038,age_45_64,sex_male,911
W02000038_age_65_plus_sex_female,W02000038,age_65_plus,sex_female,873
W02000038_age_65_plus_sex_male,W02000038,age_65_plus,sex_male,817
W02000039_age_0_15_sex_female,W02000039,age_0_15,sex_female,614
W02000039_age_0_15_sex_male,W02000039,age_0_15,sex_male,583
W02000039_age_16_24_sex_female,W02000039,age_16_24,sex_female,338
W02000039_age_16_24_sex_male,W02000039,age_16_24,sex_male,321
W02000039_age_25_44_sex_female,W02000039,age_25_44,sex_female,876
W02000039_age_25_44_sex_male,W02000039,age_25_44,sex_male,832
W02000039_age_45_64_sex_female,W02000039,age_45_64,sex_female,1219
W02000039_age_45_64_sex_male,W02000039,age_45_64,sex_male,1158
W02000039_age_65_plus_sex_female,W02000039,age_65_plus,sex_female,975
W02000039_age_65_plus_sex_male,W02000039,age_65_plus,sex_male,925
W02000040_age_0_15_sex_female,W02000040,age_0_15,sex_female,481
W02000040_age_0_15_sex_male,W02000040,age_0_15,sex_male,485
W02000040_age_16_24_sex_female,W02000040,age_16_24,sex_female,302
W02000040_age_16_24_sex_male,W02000040,age_16_24,sex_male,304
W02000040_age_25_44_sex_female,W02000040,age_25_44,sex_female,603
W02000040_age_25_44_sex_male,W02000040,age_25_44,sex_male,608
W02000040_age_45_64_sex_female,W02000040,age_45_64,sex_female,1060
W02000040_age_45_64_sex_male,W02000040,age_45_64,sex_male,1069
W02000040_age_65_plus_sex_female,W02000040,age_65_plus,sex_female,840
W02000040_age_65_plus_sex_male,W02000040,age_65_plus,sex_male,847
W02000041_age_0_15_sex_female,W02000041,age_0_15,sex_female,664
W02000041_age_0_15_sex_male,W02000041,age_0_15,sex_male,642
W02000041_age_16_24_sex_female,W02000041,age_16_24,sex_female,392
W02000041_age_16_24_sex_male,W02000041,age_16_24,sex_male,379
W02000041_age_25_44_sex_female,W02000041,age_25_44,sex_female,875
W02000041_age_25_44_sex_male,W02000041,age_25_44,sex_male,847
W02000041_age_45_64_sex_female,W02000041,age_45_64,sex_female,1332
W02000041_age_45_64_sex_male,W02000041,age_45_64,sex_male,1288
W02000041_age_65_plus_sex_female,W02000041,age_65_plus,sex_female,1070
W02000041_age_65_plus_sex_male,W02000041,age_65_plus,sex_male,1035
W02000042_age_0_15_sex_female,W02000042,age_0_15,sex_female,458
W02000042_age_0_15_sex_male,W02000042,age_0_15,sex_male,423
W02000042_age_16_24_sex_female,W02000042,age_16_24,sex_female,271
W02000042_age_16_24_sex_male,W02000042,age_16_24,sex_male,251
W02000042_age_25_44_sex_female,W02000042,age_25_44,sex_female,579
W02000042_age_25_44_sex_male,W02000042,age_25_44,sex_male,535
W02000042_age_45_64_sex_female,W02000042,age_45_64,sex_female,791
W02000042_age_45_64_sex_male,W02000042,age_45_64,sex_male,730
W02000042_age_65_plus_sex_female,W02000042,age_65_plus,sex_female,947
W02000042_age_65_plus_sex_male,W02000042,age_65_plus,sex_male,874
W02000043_age_0_15_sex_female,W02000043,age_0_15,sex_female,435
W02000043_age_0_15_sex_male,W02000043,age_0_15,sex_male,387
W02000043_age_16_24_sex_female,W02000043,age_16_24,sex_female,290
W02000043_age_16_24_sex_male,W02000043,age_16_24,sex_male,258
W02000043_age_25_44_sex_female,W02000043,age_25_44,sex_female,555
W02000043_age_25_44_sex_male,W02000043,age_25_44,sex_male,495
W02000043_age_45_64_sex_female,W02000043,age_45_64,sex_female,777
W02000043_age_45_64_sex_male,W02000043,age_45_64,sex_male,691
W02000043_age_65_plus_sex_female,W02000043,age_65_plus,sex_female,719
W02000043_age_65_plus_sex_male,W02000043,age_65_plus,sex_male,640
W02000044_age_0_15_sex_female,W02000044,age_0_15,sex_female,399
W02000044_age_0_15_sex_male,W02000044,age_0_15,sex_male,353
W02000044_age_16_24_sex_female,W02000044,age_16_24,sex_female,251
W02000044_age_16_24_sex_male,W02000044,age_16_24,sex_male,222
W02000044_age_25_44_sex_female,W02000044,age_25_44,sex_female,528
W02000044_age_25_44_sex_male,W02000044,age_25_44,sex_male,468
W02000044_age_45_64_sex_female,W02000044,age_45_64,sex_female,762
W02000044_age_45_64_sex_male,W02000044,age_45_64,sex_male,675
W02000044_age_65_plus_sex_female,W02000044,age_65_plus,sex_female,868
W02000044_age_65_plus_sex_male,W02000044,age_65_plus,sex_male,769
W02000045_age_0_15_sex_female,W02000045,age_0_15,sex_female,861
W02000045_age_0_15_sex_male,W02000045,age_0_15,sex_male,853
W02000045_age_16_24_sex_female,W02000045,age_16_24,sex_female,561
W02000045_age_16_24_sex_male,W02000045,age_16_24,sex_male,555
W02000045_age_25_44_sex_female,W02000045,age_25_44,sex_female,1063
W02000045_age_25_44_sex_male,W02000045,age_25_44,sex_male,1053
W02000045_age_45_64_sex_female,W02000045,age_45_64,sex_female,1185
W02000045_age_45_64_sex_male,W02000045,age_45_64,sex_male,1174
W02000045_age_65_plus_sex_female,W02000045,age_65_plus,sex_female,1136
W02000045_age_65_plus_sex_male,W02000045,age_65_plus,sex_male,1125
W02000047_age_0_15_sex_female,W02000047,age_0_15,sex_female,717
W02000047_age_0_15_sex_male,W02000047,age_0_15,sex_male,655
W02000047_age_16_24_sex_female,W02000047,age_16_24,sex_female,404
W02000047_age_16_24_sex_male,W02000047,age_16_24,sex_male,368
W02000047_age_25_44_sex_female,W02000047,age_25_44,sex_female,703
W02000047_age_25_44_sex_male,W02000047,age_25_44,sex_male,642
W02000047_age_45_64_sex_female,W02000047,age_45_64,sex_female,693
W02000047_age_45_64_sex_male,W02000047,age_45_64,sex_male,633
W02000047_age_65_plus_sex_female,W02000047,age_65_plus,sex_female,393
W02000047_age_65_plus_sex_male,W02000047,age_65_plus,sex_male,358
W02000049_age_0_15_sex_female,W02000049,age_0_15,sex_female,579
W02000049_age_0_15_sex_male,W02000049,age_0_15,sex_male,554
W02000049_age_16_24_sex_female,W02000049,age_16_24,sex_female,337
W02000049_age_16_24_sex_male,W02000049,age_16_24,sex_male,323
W02000049_age_25_44_sex_female,W02000049,age_25_44,sex_female,704
W02000049_age_25_44_sex_male,W02000049,age_25_44,sex_male,672
W02000049_age_45_64_sex_female,W02000049,age_45_64,sex_female,996
W02000049_age_45_64_sex_male,W02000049,age_45_64,sex_male,952
W02000049_age_65_plus_sex_female,W02000049,age_65_plus,sex_female,788
W02000049_age_65_plus_sex_male,W02000049,age_65_plus,sex_male,753
W02000050_age_0_15_sex_female,W02000050,age_0_15,sex_female,498
W02000050_age_0_15_sex_male,W02000050,age_0_15,sex_male,458
W02000050_age_16_24_sex_female,W02000050,age_16_24,sex_female,327
W02000050_age_16_24_sex_male,W02000050,age_16_24,sex_male,301
W02000050_age_25_44_sex_female,W02000050,age_25_44,sex_female,735
W02000050_age_25_44_sex_male,W02000050,age_25_44,sex_male,677
W02000050_age_45_64_sex_female,W02000050,age_45_64,sex_female,941
W02000050_age_45_64_sex_male,W02000050,age_45_64,sex_male,866
W02000050_age_65_plus_sex_female,W02000050,age_65_plus,sex_female,822
W02000050_age_65_plus_sex_male,W02000050,age_65_plus,sex_male,756
W02000051_age_0_15_sex_female,W02000051,age_0_15,sex_female,364
W02000051_age_0_15_sex_male,W02000051,age_0_15,sex_male,331
W02000051_age_16_24_sex_female,W02000051,age_16_24,sex_female,262
W02000051_age_16_24_sex_male,W02000051,age_16_24,sex_male,238
W02000051_age_25_44_sex_female,W02000051,age_25_44,sex_female,550
W02000051_age_25_44_sex_male,W02000051,age_25_44,sex_male,501
W02000051_age_45_64_sex_female,W02000051,age_45_64,sex_female,805
W02000051_age_45_64_sex_male,W02000051,age_45_64,sex_male,734
W02000051_age_65_plus_sex_female,W02000051,age_65_plus,sex_female,791
W02000051_age_65_plus_sex_male,W02000051,age_65_plus,sex_male,721
W02000052_age_0_15_sex_female,W02000052,age_0_15,sex_female,458
W02000052_age_0_15_sex_male,W02000052,age_0_15,sex_male,446
W02000052_age_16_24_sex_female,W02000052,age_16_24,sex_female,287
W02000052_age_16_24_sex_male,W02000052,age_16_24,sex_male,279
W02000052_age_25_44_sex_female,W02000052,age_25_44,sex_female,594
W02000052_age_25_44_sex_male,W02000052,age_25_44,sex_male,579
W02000052_age_45_64_sex_female,W02000052,age_45_64,sex_female,705
W02000052_age_45_64_sex_male,W02000052,age_45_64,sex_male,686
W02000052_age_65_plus_sex_female,W02000052,age_65_plus,sex_female,491
W02000052_age_65_plus_sex_male,W02000052,age_65_plus,sex_male,478
W02000053_age_0_15_sex_female,W02000053,age_0_15,sex_female,516
W02000053_age_0_15_sex_male,W02000053,age_0_15,sex_male,496
W02000053_age_16_24_sex_female,W02000053,age_16_24,sex_female,299
W02000053_age_16_24_sex_male,W02000053,age_16_24,sex_male,286
W02000053_age_25_44_sex_female,W02000053,age_25_44,sex_female,678
W02000053_age_25_44_sex_male,W02000053,age_25_44,sex_male,650
W02000053_age_45_64_sex_female,W02000053,age_45_64,sex_female,923
W02000053_age_45_64_sex_male,W02000053,age_45_64,sex_male,886
W02000053_age_65_plus_sex_female,W02000053,age_65_plus,sex_female,809
W02000053_age_65_plus_sex_male,W02000053,age_65_plus,sex_male,776
W02000054_age_0_15_sex_female,W02000054,age_0_15,sex_female,420
W02000054_age_0_15_sex_male,W02000054,age_0_15,sex_male,425
W02000054_age_16_24_sex_female,W02000054,age_16_24,sex_female,286
W02000054_age_16_24_sex_male,W02000054,age_16_24,sex_male,289
W02000054_age_25_44_sex_female,W02000054,age_25_44,sex_female,544
W02000054_age_25_44_sex_male,W02000054,age_25_44,sex_male,550
W02000054_age_45_64_sex_female,W02000054,age_45_64,sex_female,994
W02000054_age_45_64_sex_male,W02000054,age_45_64,sex_male,1005
W02000054_age_65_plus_sex_female,W02000054,age_65_plus,sex_female,807
W02000054_age_65_plus_sex_male,W02000054,age_65_plus,sex_male,816
W02000055_age_0_15_sex_female,W02000055,age_0_15,sex_female,476
W02000055_age_0_15_sex_male,W02000055,age_0_15,sex_male,461
W02000055_age_16_24_sex_female,W02000055,age_16_24,sex_female,329
W02000055_age_16_24_sex_male,W02000055,age_16_24,sex_male,318
W02000055_age_25_44_sex_female,W02000055,age_25_44,sex_female,605
W02000055_age_25_44_sex_male,W02000055,age_25_44,sex_male,586
W02000055_age_45_64_sex_female,W02000055,age_45_64,sex_female,766
W02000055_age_45_64_sex_male,W02000055,age_45_64,sex_male,741
W02000055_age_65_plus_sex_female,W02000055,age_65_plus,sex_female,719
W02000055_age_65_plus_sex_male,W02000055,age_65_plus,sex_male,696
W02000056_age_0_15_sex_female,W02000056,age_0_15,sex_female,436
W02000056_age_0_15_sex_male,W02000056,age_0_15,sex_male,431
W02000056_age_16_24_sex_female,W02000056,age_16_24,sex_female,237
W02000056_age_16_24_sex_male,W02000056,age_16_24,sex_male,234
W02000056_age_25_44_sex_female,W02000056,age_25_44,sex_female,531
W02000056_age_25_44_sex_male,W02000056,age_25_44,sex_male,526
W02000056_age_45_64_sex_female,W02000056,age_45_64,sex_female,788
W02000056_age_45_64_sex_male,W02000056,age_45_64,sex_male,780
W02000056_age_65_plus_sex_female,W02000056,age_65_plus,sex_female,616
W02000056_age_65_plus_sex_male,W02000056,age_65_plus,sex_male,610
W02000057_age_0_15_sex_female,W02000057,age_0_15,sex_female,432
W02000057_age_0_15_sex_male,W02000057,age_0_15,sex_male,426
W02000057_age_16_24_sex_female,W02000057,age_16_24,sex_female,246
W02000057_age_16_24_sex_male,W02000057,age_16_24,sex_male,243
W02000057_age_25_44_sex_female,W02000057,age_25_44,sex_female,600
W02000057_age_25_44_sex_male,W02000057,age_25_44,sex_male,593
W02000057_age_45_64_sex_female,W02000057,age_45_64,sex_female,957
W02000057_age_45_64_sex_male,W02000057,age_45_64,sex_male,944
W02000057_age_65_plus_sex_female,W02000057,age_65_plus,sex_female,903
W02000057_age_65_plus_sex_male,W02000057,age_65_plus,sex_male,892
W02000058_age_0_15_sex_female,W02000058,age_0_15,sex_female,366
W02000058_age_0_15_sex_male,W02000058,age_0_15,sex_male,342
W02000058_age_16_24_sex_female,W02000058,age_16_24,sex_female,242
W02000058_age_16_24_sex_male,W02000058,age_16_24,sex_male,226
W02000058_age_25_44_sex_female,W02000058,age_25_44,sex_female,485
W02000058_age_25_44_sex_male,W02000058,age_25_44,sex_male,453
W02000058_age_45_64_sex_female,W02000058,age_45_64,sex_female,850
W02000058_age_45_64_sex_male,W02000058,age_45_64,sex_male,795
W02000058_age_65_plus_sex_female,W02000058,age_65_plus,sex_female,708
W02000058_age_65_plus_sex_male,W02000058,age_65_plus,sex_male,663
W02000059_age_0_15_sex_female,W02000059,age_0_15,sex_female,557
W02000059_age_0_15_sex_male,W02000059,age_0_15,sex_male,559
W02000059_age_16_24_sex_female,W02000059,age_16_24,sex_female,344
W02000059_age_16_24_sex_male,W02000059,age_16_24,sex_male,346
W02000059_age_25_44_sex_female,W02000059,age_25_44,sex_female,665
W02000059_age_25_44_sex_male,W02000059,age_25_44,sex_male,668
W02000059_age_45_64_sex_female,W02000059,age_45_64,sex_female,999
W02000059_age_45_64_sex_male,W02000059,age_45_64,sex_male,1004
W02000059_age_65_plus_sex_female,W02000059,age_65_plus,sex_female,716
W02000059_age_65_plus_sex_male,W02000059,age_65_plus,sex_male,719
W02000060_age_0_15_sex_female,W02000060,age_0_15,sex_female,1004
W02000060_age_0_15_sex_male,W02000060,age_0_15,sex_male,959
W02000060_age_16_24_sex_female,W02000060,age_16_24,sex_female,625
W02000060_age_16_24_sex_male,W02000060,age_16_24,sex_male,597
W02000060_age_25_44_sex_female,W02000060,age_25_44,sex_female,1331
W02000060_age_25_44_sex_male,W02000060,age_25_44,sex_male,1272
W02000060_age_45_64_sex_female,W02000060,age_45_64,sex_female,1496
W02000060_age_45_64_sex_male,W02000060,age_45_64,sex_male,1431
W02000060_age_65_plus_sex_female,W02000060,age_65_plus,sex_female,1040
W02000060_age_65_plus_sex_male,W02000060,age_65_plus,sex_male,994
W02000061_age_0_15_sex_female,W02000061,age_0_15,sex_female,754
W02000061_age_0_15_sex_male,W02000061,age_0_15,sex_male,710
W02000061_age_16_24_sex_female,W02000061,age_16_24,sex_female,428
W02000061_age_16_24_sex_male,W02000061,age_16_24,sex_male,404
W02000061_age_25_44_sex_female,W02000061,age_25_44,sex_female,1176
W02000061_age_25_44_sex_male,W02000061,age_25_44,sex_male,1108
W02000061_age_45_64_sex_female,W02000061,age_45_64,sex_female,918
W02000061_age_45_64_sex_male,W02000061,age_45_64,sex_male,866
W02000061_age_65_plus_sex_female,W02000061,age_65_plus,sex_female,652
W02000061_age_65_plus_sex_male,W02000061,age_65_plus,sex_male,614
W02000062_age_0_15_sex_female,W02000062,age_0_15,sex_female,491
W02000062_age_0_15_sex_male,W02000062,age_0_15,sex_male,460
W02000062_age_16_24_sex_female,W02000062,age_16_24,sex_female,325
W02000062_age_16_24_sex_male,W02000062,age_16_24,sex_male,304
W02000062_age_25_44_sex_female,W02000062,age_25_44,sex_female,724
W02000062_age_25_44_sex_male,W02000062,age_25_44,sex_male,678
W02000062_age_45_64_sex_female,W02000062,age_45_64,sex_female,917
W02000062_age_45_64_sex_male,W02000062,age_45_64,sex_male,860
W02000062_age_65_plus_sex_female,W02000062,age_65_plus,sex_female,694
W02000062_age_65_plus_sex_male,W02000062,age_65_plus,sex_male,651
W02000063_age_0_15_sex_female,W02000063,age_0_15,sex_female,522
W02000063_age_0_15_sex_male,W02000063,age_0_15,sex_male,509
W02000063_age_16_24_sex_female,W02000063,age_16_24,sex_female,380
W02000063_age_16_24_sex_male,W02000063,age_16_24,sex_male,370
W02000063_age_25_44_sex_female,W02000063,age_25_44,sex_female,719
W02000063_age_25_44_sex_male,W02000063,age_25_44,sex_male,700
W02000063_age_45_64_sex_female,W02000063,age_45_64,sex_female,1326
W02000063_age_45_64_sex_male,W02000063,age_45_64,sex_male,1291
W02000063_age_65_plus_sex_female,W02000063,age_65_plus,sex_female,1160
W02000063_age_65_plus_sex_male,W02000063,age_65_plus,sex_male,1129
W02000064_age_0_15_sex_female,W02000064,age_0_15,sex_female,545
W02000064_age_0_15_sex_male,W02000064,age_0_15,sex_male,530
W02000064_age_16_24_sex_female,W02000064,age_16_24,sex_female,381
W02000064_age_16_24_sex_male,W02000064,age_16_24,sex_male,370
W02000064_age_25_44_sex_female,W02000064,age_25_44,sex_female,858
W02000064_age_25_44_sex_male,W02000064,age_25_44,sex_male,833
W02000064_age_45_64_sex_female,W02000064,age_45_64,sex_female,773
W02000064_age_45_64_sex_male,W02000064,age_45_64,sex_male,751
W02000064_age_65_plus_sex_female,W02000064,age_65_plus,sex_female,546
W02000064_age_65_plus_sex_male,W02000064,age_65_plus,sex_male,531
W02000065_age_0_15_sex_female,W02000065,age_0_15,sex_female,625
W02000065_age_0_15_sex_male,W02000065,age_0_15,sex_male,611
W02000065_age_16_24_sex_female,W02000065,age_16_24,sex_female,378
W02000065_age_16_24_sex_male,W02000065,age_16_24,sex_male,369
W02000065_age_25_44_sex_female,W02000065,age_25_44,sex_female,969
W02000065_age_25_44_sex_male,W02000065,age_25_44,sex_male,949
W02000065_age_45_64_sex_female,W02000065,age_45_64,sex_female,996
W02000065_age_45_64_sex_male,W02000065,age_45_64,sex_male,974
W02000065_age_65_plus_sex_female,W02000065,age_65_plus,sex_female,709
W02000065_age_65_plus_sex_male,W02000065,age_65_plus,sex_male,694
W02000066_age_0_15_sex_female,W02000066,age_0_15,sex_female,922
W02000066_age_0_15_sex_male,W02000066,age_0_15,sex_male,909
W02000066_age_16_24_sex_female,W02000066,age_16_24,sex_female,503
W02000066_age_16_24_sex_male,W02000066,age_16_24,sex_male,496
W02000066_age_25_44_sex_female,W02000066,age_25_44,sex_female,1440
W02000066_age_25_44_sex_male,W02000066,age_25_44,sex_male,1420
W02000066_age_45_64_sex_female,W02000066,age_45_64,sex_female,1252
W02000066_age_45_64_sex_male,W02000066,age_45_64,sex_male,1235
W02000066_age_65_plus_sex_female,W02000066,age_65_plus,sex_female,838
W02000066_age_65_plus_sex_male,W02000066,age_65_plus,sex_male,826
W02000067_age_0_15_sex_female,W02000067,age_0_15,sex_female,618
W02000067_age_0_15_sex_male,W02000067,age_0_15,sex_male,582
W02000067_age_16_24_sex_female,W02000067,age_16_24,sex_female,352
W02000067_age_16_24_sex_male,W02000067,age_16_24,sex_male,332
W02000067_age_25_44_sex_female,W02000067,age_25_44,sex_female,793
W02000067_age_25_44_sex_male,W02000067,age_25_44,sex_male,748
W02000067_age_45_64_sex_female,W02000067,age_45_64,sex_female,991
W02000067_age_45_64_sex_male,W02000067,age_45_64,sex_male,934
W02000067_age_65_plus_sex_female,W02000067,age_65_plus,sex_female,761
W02000067_age_65_plus_sex_male,W02000067,age_65_plus,sex_male,717
W02000068_age_0_15_sex_female,W02000068,age_0_15,sex_female,382
W02000068_age_0_15_sex_male,W02000068,age_0_15,sex_male,388
W02000068_age_16_24_sex_female,W02000068,age_16_24,sex_female,222
W02000068_age_16_24_sex_male,W02000068,age_16_24,sex_male,225
W02000068_age_25_44_sex_female,W02000068,age_25_44,sex_female,658
W02000068_age_25_44_sex_male,W02000068,age_25_44,sex_male,668
W02000068_age_45_64_sex_female,W02000068,age_45_64,sex_female,786
W02000068_age_45_64_sex_male,W02000068,age_45_64,sex_male,798
W02000068_age_65_plus_sex_female,W02000068,age_65_plus,sex_female,530
W02000068_age_65_plus_sex_male,W02000068,age_65_plus,sex_male,539
W02000069_age_0_15_sex_female,W02000069,age_0_15,sex_female,506
W02000069_age_0_15_sex_male,W02000069,age_0_15,sex_male,474
W02000069_age_16_24_sex_female,W02000069,age_16_24,sex_female,299
W02000069_age_16_24_sex_male,W02000069,age_16_24,sex_male,281
W02000069_age_25_44_sex_female,W02000069,age_25_44,sex_female,681
W02000069_age_25_44_sex_male,W02000069,age_25_44,sex_male,639
W02000069_age_45_64_sex_female,W02000069,age_45_64,sex_female,976
W02000069_age_45_64_sex_male,W02000069,age_45_64,sex_male,916
W02000069_age_65_plus_sex_female,W02000069,age_65_plus,sex_female,767
W02000069_age_65_plus_sex_male,W02000069,age_65_plus,sex_male,720
W02000070_age_0_15_sex_female,W02000070,age_0_15,sex_female,863
W02000070_age_0_15_sex_male,W02000070,age_0_15,sex_male,828
W02000070_age_16_24_sex_female,W02000070,age_16_24,sex_female,572
W02000070_age_16_24_sex_male,W02000070,age_16_24,sex_male,548
W02000070_age_25_44_sex_female,W02000070,age_25_44,sex_female,1136
W02000070_age_25_44_sex_male,W02000070,age_25_44,sex_male,1090
W02000070_age_45_64_sex_female,W02000070,age_45_64,sex_female,1631
W02000070_age_45_64_sex_male,W02000070,age_45_64,sex_male,1564
W02000070_age_65_plus_sex_female,W02000070,age_65_plus,sex_female,1222
W02000070_age_65_plus_sex_male,W02000070,age_65_plus,sex_male,1171
W02000071_age_0_15_sex_female,W02000071,age_0_15,sex_female,503
W02000071_age_0_15_sex_male,W02000071,age_0_15,sex_male,487
W02000071_age_16_24_sex_female,W02000071,age_16_24,sex_female,331
W02000071_age_16_24_sex_male,W02000071,age_16_24,sex_male,320
W02000071_age_25_44_sex_female,W02000071,age_25_44,sex_female,761
W02000071_age_25_44_sex_male,W02000071,age_25_44,sex_male,737
W02000071_age_45_64_sex_female,W02000071,age_45_64,sex_female,978
W02000071_age_45_64_sex_male,W02000071,age_45_64,sex_male,947
W02000071_age_65_plus_sex_female,W02000071,age_65_plus,sex_female,1003
W02000071_age_65_plus_sex_male,W02000071,age_65_plus,sex_male,971
W02000072_age_0_15_sex_female,W02000072,age_0_15,sex_female,1051
W02000072_age_0_15_sex_male,W02000072,age_0_15,sex_male,1019
W02000072_age_16_24_sex_female,W02000072,age_16_24,sex_female,577
W02000072_age_16_24_sex_male,W02000072,age_16_24,sex_male,559
W02000072_age_25_44_sex_female,W02000072,age_25_44,sex_female,1759
W02000072_age_25_44_sex_male,W02000072,age_25_44,sex_male,1704
W02000072_age_45_64_sex_female,W02000072,age_45_64,sex_female,1551
W02000072_age_45_64_sex_male,W02000072,age_45_64,sex_male,1503
W02000072_age_65_plus_sex_female,W02000072,age_65_plus,sex_female,987
W02000072_age_65_plus_sex_male,W02000072,age_65_plus,sex_male,957
W02000073_age_0_15_sex_female,W02000073,age_0_15,sex_female,885
W02000073_age_0_15_sex_male,W02000073,age_0_15,sex_male,819
W02000073_age_16_24_sex_female,W02000073,age_16_24,sex_female,541
W02000073_age_16_24_sex_male,W02000073,age_16_24,sex_male,500
W02000073_age_25_44_sex_female,W02000073,age_25_44,sex_female,1186
W02000073_age_25_44_sex_male,W02000073,age_25_44,sex_male,1097
W02000073_age_45_64_sex_female,W02000073,age_45_64,sex_female,1424
W02000073_age_45_64_sex_male,W02000073,age_45_64,sex_male,1316
W02000073_age_65_plus_sex_female,W02000073,age_65_plus,sex_female,1236
W02000073_age_65_plus_sex_male,W02000073,age_65_plus,sex_male,1143
W02000074_age_0_15_sex_female,W02000074,age_0_15,sex_female,875
W02000074_age_0_15_sex_male,W02000074,age_0_15,sex_male,829
W02000074_age_16_24_sex_female,W02000074,age_16_24,sex_female,495
W02000074_age_16_24_sex_male,W02000074,age_16_24,sex_male,469
W02000074_age_25_44_sex_female,W02000074,age_25_44,sex_female,1331
W02000074_age_25_44_sex_male,W02000074,age_25_44,sex_male,1260
W02000074_age_45_64_sex_female,W02000074,age_45_64,sex_female,1345
W02000074_age_45_64_sex_male,W02000074,age_45_64,sex_male,1273
W02000074_age_65_plus_sex_female,W02000074,age_65_plus,sex_female,1016
W02000074_age_65_plus_sex_male,W02000074,age_65_plus,sex_male,961
W02000075_age_0_15_sex_female,W02000075,age_0_15,sex_female,598
W02000075_age_0_15_sex_male,W02000075,age_0_15,sex_male,571
W02000075_age_16_24_sex_female,W02000075,age_16_24,sex_female,282
W02000075_age_16_24_sex_male,W02000075,age_16_24,sex_male,270
W02000075_age_25_44_sex_female,W02000075,age_25_44,sex_female,824
W02000075_age_25_44_sex_male,W02000075,age_25_44,sex_male,787
W02000075_age_45_64_sex_female,W02000075,age_45_64,sex_female,926
W02000075_age_45_64_sex_male,W02000075,age_45_64,sex_male,884
W02000075_age_65_plus_sex_female,W02000075,age_65_plus,sex_female,664
W02000075_age_65_plus_sex_male,W02000075,age_65_plus,sex_male,633
W02000076_age_0_15_sex_female,W02000076,age_0_15,sex_female,536
W02000076_age_0_15_sex_male,W02000076,age_0_15,sex_male,523
W02000076_age_16_24_sex_female,W02000076,age_16_24,sex_female,342
W02000076_age_16_24_sex_male,W02000076,age_16_24,sex_male,334
W02000076_age_25_44_sex_female,W02000076,age_25_44,sex_female,720
W02000076_age_25_44_sex_male,W02000076,age_25_44,sex_male,702
W02000076_age_45_64_sex_female,W02000076,age_45_64,sex_female,1152
W02000076_age_45_64_sex_male,W02000076,age_45_64,sex_male,1122
W02000076_age_65_plus_sex_female,W02000076,age_65_plus,sex_female,959
W02000076_age_65_plus_sex_male,W02000076,age_65_plus,sex_male,934
W02000077_age_0_15_sex_female,W02000077,age_0_15,sex_female,479
W02000077_age_0_15_sex_male,W02000077,age_0_15,sex_male,450
W02000077_age_16_24_sex_female,W02000077,age_16_24,sex_female,327
W02000077_age_16_24_sex_male,W02000077,age_16_24,sex_male,306
W02000077_age_25_44_sex_female,W02000077,age_25_44,sex_female,640
W02000077_age_25_44_sex_male,W02000077,age_25_44,sex_male,601
W02000077_age_45_64_sex_female,W02000077,age_45_64,sex_female,924
W02000077_age_45_64_sex_male,W02000077,age_45_64,sex_male,867
W02000077_age_65_plus_sex_female,W02000077,age_65_plus,sex_female,747
W02000077_age_65_plus_sex_male,W02000077,age_65_plus,sex_male,701
W02000080_age_0_15_sex_female,W02000080,age_0_15,sex_female,762
W02000080_age_0_15_sex_male,W02000080,age_0_15,sex_male,738
W02000080_age_16_24_sex_female,W02000080,age_16_24,sex_female,419
W02000080_age_16_24_sex_male,W02000080,age_16_24,sex_male,406
W02000080_age_25_44_sex_female,W02000080,age_25_44,sex_female,1013
W02000080_age_25_44_sex_male,W02000080,age_25_44,sex_male,983
W02000080_age_45_64_sex_female,W02000080,age_45_64,sex_female,1054
W02000080_age_45_64_sex_male,W02000080,age_45_64,sex_male,1022
W02000080_age_65_plus_sex_female,W02000080,age_65_plus,sex_female,749
W02000080_age_65_plus_sex_male,W02000080,age_65_plus,sex_male,727
W02000081_age_0_15_sex_female,W02000081,age_0_15,sex_female,602
W02000081_age_0_15_sex_male,W02000081,age_0_15,sex_male,567
W02000081_age_16_24_sex_female,W02000081,age_16_24,sex_female,295
W02000081_age_16_24_sex_male,W02000081,age_16_24,sex_male,279
W02000081_age_25_44_sex_female,W02000081,age_25_44,sex_female,782
W02000081_age_25_44_sex_male,W02000081,age_25_44,sex_male,737
W02000081_age_45_64_sex_female,W02000081,age_45_64,sex_female,827
W02000081_age_45_64_sex_male,W02000081,age_45_64,sex_male,780
W02000081_age_65_plus_sex_female,W02000081,age_65_plus,sex_female,560
W02000081_age_65_plus_sex_male,W02000081,age_65_plus,sex_male,529
W02000082_age_0_15_sex_female,W02000082,age_0_15,sex_female,773
W02000082_age_0_15_sex_male,W02000082,age_0_15,sex_male,723
W02000082_age_16_24_sex_female,W02000082,age_16_24,sex_female,404
W02000082_age_16_24_sex_male,W02000082,age_16_24,sex_male,379
W02000082_age_25_44_sex_female,W02000082,age_25_44,sex_female,1110
W02000082_age_25_44_sex_male,W02000082,age_25_44,sex_male,1038
W02000082_age_45_64_sex_female,W02000082,age_45_64,sex_female,1051
W02000082_age_45_64_sex_male,W02000082,age_45_64,sex_male,984
W02000082_age_65_plus_sex_female,W02000082,age_65_plus,sex_female,625
W02000082_age_65_plus_sex_male,W02000082,age_65_plus,sex_male,585
W02000083_age_0_15_sex_female,W02000083,age_0_15,sex_female,840
W02000083_age_0_15_sex_male,W02000083,age_0_15,sex_male,810
W02000083_age_16_24_sex_female,W02000083,age_16_24,sex_female,457
W02000083_age_16_24_sex_male,W02000083,age_16_24,sex_male,440
W02000083_age_25_44_sex_female,W02000083,age_25_44,sex_female,1212
W02000083_age_25_44_sex_male,W02000083,age_25_44,sex_male,1167
W02000083_age_45_64_sex_female,W02000083,age_45_64,sex_female,1133
W02000083_age_45_64_sex_male,W02000083,age_45_64,sex_male,1091
W02000083_age_65_plus_sex_female,W02000083,age_65_plus,sex_female,783
W02000083_age_65_plus_sex_male,W02000083,age_65_plus,sex_male,754
W02000085_age_0_15_sex_female,W02000085,age_0_15,sex_female,614
W02000085_age_0_15_sex_male,W02000085,age_0_15,sex_male,601
W02000085_age_16_24_sex_female,W02000085,age_16_24,sex_female,513
W02000085_age_16_24_sex_male,W02000085,age_16_24,sex_male,501
W02000085_age_25_44_sex_female,W02000085,age_25_44,sex_female,1006
W02000085_age_25_44_sex_male,W02000085,age_25_44,sex_male,984
W02000085_age_45_64_sex_female,W02000085,age_45_64,sex_female,1219
W02000085_age_45_64_sex_male,W02000085,age_45_64,sex_male,1192
W02000085_age_65_plus_sex_female,W02000085,age_65_plus,sex_female,1161
W02000085_age_65_plus_sex_male,W02000085,age_65_plus,sex_male,1136
W02000087_age_0_15_sex_female,W02000087,age_0_15,sex_female,907
W02000087_age_0_15_sex_male,W02000087,age_0_15,sex_male,818
W02000087_age_16_24_sex_female,W02000087,age_16_24,sex_female,472
W02000087_age_16_24_sex_male,W02000087,age_16_24,sex_male,426
W02000087_age_25_44_sex_female,W02000087,age_25_44,sex_female,947
W02000087_age_25_44_sex_male,W02000087,age_25_44,sex_male,854
W02000087_age_45_64_sex_female,W02000087,age_45_64,sex_female,815
W02000087_age_45_64_sex_male,W02000087,age_45_64,sex_male,735
W02000087_age_65_plus_sex_female,W02000087,age_65_plus,sex_female,466
W02000087_age_65_plus_sex_male,W02000087,age_65_plus,sex_male,420
W02000088_age_0_15_sex_female,W02000088,age_0_15,sex_female,688
W02000088_age_0_15_sex_male,W02000088,age_0_15,sex_male,697
W02000088_age_16_24_sex_female,W02000088,age_16_24,sex_female,504
W02000088_age_16_24_sex_male,W02000088,age_16_24,sex_male,512
W02000088_age_25_44_sex_female,W02000088,age_25_44,sex_female,1354
W02000088_age_25_44_sex_male,W02000088,age_25_44,sex_male,1373
W02000088_age_45_64_sex_female,W02000088,age_45_64,sex_female,1076
W02000088_age_45_64_sex_male,W02000088,age_45_64,sex_male,1091
W02000088_age_65_plus_sex_female,W02000088,age_65_plus,sex_female,686
W02000088_age_65_plus_sex_male,W02000088,age_65_plus,sex_male,696
W02000089_age_0_15_sex_female,W02000089,age_0_15,sex_female,824
W02000089_age_0_15_sex_male,W02000089,age_0_15,sex_male,815
W02000089_age_16_24_sex_female,W02000089,age_16_24,sex_female,492
W02000089_age_16_24_sex_male,W02000089,age_16_24,sex_male,487
W02000089_age_25_44_sex_female,W02000089,age_25_44,sex_female,1297
W02000089_age_25_44_sex_male,W02000089,age_25_44,sex_male,1283
W02000089_age_45_64_sex_female,W02000089,age_45_64,sex_female,1076
W02000089_age_45_64_sex_male,W02000089,age_45_64,sex_male,1065
W02000089_age_65_plus_sex_female,W02000089,age_65_plus,sex_female,639
W02000089_age_65_plus_sex_male,W02000089,age_65_plus,sex_male,632
W02000090_age_0_15_sex_female,W02000090,age_0_15,sex_female,518
W02000090_age_0_15_sex_male,W02000090,age_0_15,sex_male,497
W02000090_age_16_24_sex_female,W02000090,age_16_24,sex_female,327
W02000090_age_16_24_sex_male,W02000090,age_16_24,sex_male,314
W02000090_age_25_44_sex_female,W02000090,age_25_44,sex_female,636
W02000090_age_25_44_sex_male,W02000090,age_25_44,sex_male,610
W02000090_age_45_64_sex_female,W02000090,age_45_64,sex_female,832
W02000090_age_45_64_sex_male,W02000090,age_45_64,sex_male,798
W02000090_age_65_plus_sex_female,W02000090,age_65_plus,sex_female,595
W02000090_age_65_plus_sex_male,W02000090,age_65_plus,sex_male,571
W02000091_age_0_15_sex_female,W02000091,age_0_15,sex_female,523
W02000091_age_0_15_sex_male,W02000091,age_0_15,sex_male,499
W02000091_age_16_24_sex_female,W02000091,age_16_24,sex_female,324
W02000091_age_16_24_sex_male,W02000091,age_16_24,sex_male,309
W02000091_age_25_44_sex_female,W02000091,age_25_44,sex_female,775
W02000091_age_25_44_sex_male,W02000091,age_25_44,sex_male,739
W02000091_age_45_64_sex_female,W02000091,age_45_64,sex_female,863
W02000091_age_45_64_sex_male,W02000091,age_45_64,sex_male,823
W02000091_age_65_plus_sex_female,W02000091,age_65_plus,sex_female,685
W02000091_age_65_plus_sex_male,W02000091,age_65_plus,sex_male,653
W02000092_age_0_15_sex_female,W02000092,age_0_15,sex_female,612
W02000092_age_0_15_sex_male,W02000092,age_0_15,sex_male,563
W02000092_age_16_24_sex_female,W02000092,age_16_24,sex_female,414
W02000092_age_16_24_sex_male,W02000092,age_16_24,sex_male,380
W02000092_age_25_44_sex_female,W02000092,age_25_44,sex_female,875
W02000092_age_25_44_sex_male,W02000092,age_25_44,sex_male,806
W02000092_age_45_64_sex_female,W02000092,age_45_64,sex_female,941
W02000092_age_45_64_sex_male,W02000092,age_45_64,sex_male,865
W02000092_age_65_plus_sex_female,W02000092,age_65_plus,sex_female,660
W02000092_age_65_plus_sex_male,W02000092,age_65_plus,sex_male,607
W02000093_age_0_15_sex_female,W02000093,age_0_15,sex_female,555
W02000093_age_0_15_sex_male,W02000093,age_0_15,sex_male,541
W02000093_age_16_24_sex_female,W02000093,age_16_24,sex_female,331
W02000093_age_16_24_sex_male,W02000093,age_16_24,sex_male,323
W02000093_age_25_44_sex_female,W02000093,age_25_44,sex_female,765
W02000093_age_25_44_sex_male,W02000093,age_25_44,sex_male,745
W02000093_age_45_64_sex_female,W02000093,age_45_64,sex_female,989
W02000093_age_45_64_sex_male,W02000093,age_45_64,sex_male,964
W02000093_age_65_plus_sex_female,W02000093,age_65_plus,sex_female,678
W02000093_age_65_plus_sex_male,W02000093,age_65_plus,sex_male,661
W02000094_age_0_15_sex_female,W02000094,age_0_15,sex_female,850
W02000094_age_0_15_sex_male,W02000094,age_0_15,sex_male,827
W02000094_age_16_24_sex_female,W02000094,age_16_24,sex_female,511
W02000094_age_16_24_sex_male,W02000094,age_16_24,sex_male,497
W02000094_age_25_44_sex_female,W02000094,age_25_44,sex_female,1051
W02000094_age_25_44_sex_male,W02000094,age_25_44,sex_male,1023
W02000094_age_45_64_sex_female,W02000094,age_45_64,sex_female,1219
W02000094_age_45_64_sex_male,W02000094,age_45_64,sex_male,1187
W02000094_age_65_plus_sex_female,W02000094,age_65_plus,sex_female,878
W02000094_age_65_plus_sex_male,W02000094,age_65_plus,sex_male,855
W02000095_age_0_15_sex_female,W02000095,age_0_15,sex_female,477
W02000095_age_0_15_sex_male,W02000095,age_0_15,sex_male,456
W02000095_age_16_24_sex_female,W02000095,age_16_24,sex_female,293
W02000095_age_16_24_sex_male,W02000095,age_16_24,sex_male,281
W02000095_age_25_44_sex_female,W02000095,age_25_44,sex_female,589
W02000095_age_25_44_sex_male,W02000095,age_25_44,sex_male,565
W02000095_age_45_64_sex_female,W02000095,age_45_64,sex_female,1024
W02000095_age_45_64_sex_male,W02000095,age_45_64,sex_male,981
W02000095_age_65_plus_sex_female,W02000095,age_65_plus,sex_female,876
W02000095_age_65_plus_sex_male,W02000095,age_65_plus,sex_male,839
W02000096_age_0_15_sex_female,W02000096,age_0_15,sex_female,540
W02000096_age_0_15_sex_male,W02000096,age_0_15,sex_male,497
W02000096_age_16_24_sex_female,W02000096,age_16_24,sex_female,311
W02000096_age_16_24_sex_male,W02000096,age_16_24,sex_male,286
W02000096_age_25_44_sex_female,W02000096,age_25_44,sex_female,697
W02000096_age_25_44_sex_male,W02000096,age_25_44,sex_male,643
W02000096_age_45_64_sex_female,W02000096,age_45_64,sex_female,997
W02000096_age_45_64_sex_male,W02000096,age_45_64,sex_male,920
W02000096_age_65_plus_sex_female,W02000096,age_65_plus,sex_female,816
W02000096_age_65_plus_sex_male,W02000096,age_65_plus,sex_male,753
W02000097_age_0_15_sex_female,W02000097,age_0_15,sex_female,660
W02000097_age_0_15_sex_male,W02000097,age_0_15,sex_male,666
W02000097_age_16_24_sex_female,W02000097,age_16_24,sex_female,402
W02000097_age_16_24_sex_male,W02000097,age_16_24,sex_male,406
W02000097_age_25_44_sex_female,W02000097,age_25_44,sex_female,846
W02000097_age_25_44_sex_male,W02000097,age_25_44,sex_male,854
W02000097_age_45_64_sex_female,W02000097,age_45_64,sex_female,1404
W02000097_age_45_64_sex_male,W02000097,age_45_64,sex_male,1417
W02000097_age_65_plus_sex_female,W02000097,age_65_plus,sex_female,1322
W02000097_age_65_plus_sex_male,W02000097,age_65_plus,sex_male,1334
W02000098_age_0_15_sex_female,W02000098,age_0_15,sex_female,447
W02000098_age_0_15_sex_male,W02000098,age_0_15,sex_male,432
W02000098_age_16_24_sex_female,W02000098,age_16_24,sex_female,298
W02000098_age_16_24_sex_male,W02000098,age_16_24,sex_male,288
W02000098_age_25_44_sex_female,W02000098,age_25_44,sex_female,602
W02000098_age_25_44_sex_male,W02000098,age_25_44,sex_male,581
W02000098_age_45_64_sex_female,W02000098,age_45_64,sex_female,960
W02000098_age_45_64_sex_male,W02000098,age_45_64,sex_male,928
W02000098_age_65_plus_sex_female,W02000098,age_65_plus,sex_female,877
W02000098_age_65_plus_sex_male,W02000098,age_65_plus,sex_male,847
W02000099_age_0_15_sex_female,W02000099,age_0_15,sex_female,530
W02000099_age_0_15_sex_male,W02000099,age_0_15,sex_male,506
W02000099_age_16_24_sex_female,W02000099,age_16_24,sex_female,383
W02000099_age_16_24_sex_male,W02000099,age_16_24,sex_male,366
W02000099_age_25_44_sex_female,W02000099,age_25_44,sex_female,769
W02000099_age_25_44_sex_male,W02000099,age_25_44,sex_male,734
W02000099_age_45_64_sex_female,W02000099,age_45_64,sex_female,905
W02000099_age_45_64_sex_male,W02000099,age_45_64,sex_male,864
W02000099_age_65_plus_sex_female,W02000099,age_65_plus,sex_female,808
W02000099_age_65_plus_sex_male,W02000099,age_65_plus,sex_male,772
W02000100_age_0_15_sex_female,W02000100,age_0_15,sex_female,439
W02000100_age_0_15_sex_male,W02000100,age_0_15,sex_male,426
W02000100_age_16_24_sex_female,W02000100,age_16_24,sex_female,262
W02000100_age_16_24_sex_male,W02000100,age_16_24,sex_male,254
W02000100_age_25_44_sex_female,W02000100,age_25_44,sex_female,604
W02000100_age_25_44_sex_male,W02000100,age_25_44,sex_male,587
W02000100_age_45_64_sex_female,W02000100,age_45_64,sex_female,978
W02000100_age_45_64_sex_male,W02000100,age_45_64,sex_male,951
W02000100_age_65_plus_sex_female,W02000100,age_65_plus,sex_female,865
W02000100_age_65_plus_sex_male,W02000100,age_65_plus,sex_male,840
W02000101_age_0_15_sex_female,W02000101,age_0_15,sex_female,384
W02000101_age_0_15_sex_male,W02000101,age_0_15,sex_male,378
W02000101_age_16_24_sex_female,W02000101,age_16_24,sex_female,266
W02000101_age_16_24_sex_male,W02000101,age_16_24,sex_male,262
W02000101_age_25_44_sex_female,W02000101,age_25_44,sex_female,520
W02000101_age_25_44_sex_male,W02000101,age_25_44,sex_male,512
W02000101_age_45_64_sex_female,W02000101,age_45_64,sex_female,823
W02000101_age_45_64_sex_male,W02000101,age_45_64,sex_male,810
W02000101_age_65_plus_sex_female,W02000101,age_65_plus,sex_female,796
W02000101_age_65_plus_sex_male,W02000101,age_65_plus,sex_male,783
W02000102_age_0_15_sex_female,W02000102,age_0_15,sex_female,435
W02000102_age_0_15_sex_male,W02000102,age_0_15,sex_male,436
W02000102_age_16_24_sex_female,W02000102,age_16_24,sex_female,292
W02000102_age_16_24_sex_male,W02000102,age_16_24,sex_male,294
W02000102_age_25_44_sex_female,W02000102,age_25_44,sex_female,561
W02000102_age_25_44_sex_male,W02000102,age_25_44,sex_male,564
W02000102_age_45_64_sex_female,W02000102,age_45_64,sex_female,942
W02000102_age_45_64_sex_male,W02000102,age_45_64,sex_male,945
W02000102_age_65_plus_sex_female,W02000102,age_65_plus,sex_female,840
W02000102_age_65_plus_sex_male,W02000102,age_65_plus,sex_male,843
W02000103_age_0_15_sex_female,W02000103,age_0_15,sex_female,403
W02000103_age_0_15_sex_male,W02000103,age_0_15,sex_male,386
W02000103_age_16_24_sex_female,W02000103,age_16_24,sex_female,276
W02000103_age_16_24_sex_male,W02000103,age_16_24,sex_male,264
W02000103_age_25_44_sex_female,W02000103,age_25_44,sex_female,536
W02000103_age_25_44_sex_male,W02000103,age_25_44,sex_male,515
W02000103_age_45_64_sex_female,W02000103,age_45_64,sex_female,894
W02000103_age_45_64_sex_male,W02000103,age_45_64,sex_male,859
W02000103_age_65_plus_sex_female,W02000103,age_65_plus,sex_female,844
W02000103_age_65_plus_sex_male,W02000103,age_65_plus,sex_male,811
W02000104_age_0_15_sex_female,W02000104,age_0_15,sex_female,457
W02000104_age_0_15_sex_male,W02000104,age_0_15,sex_male,461
W02000104_age_16_24_sex_female,W02000104,age_16_24,sex_female,318
W02000104_age_16_24_sex_male,W02000104,age_16_24,sex_male,321
W02000104_age_25_44_sex_female,W02000104,age_25_44,sex_female,703
W02000104_age_25_44_sex_male,W02000104,age_25_44,sex_male,710
W02000104_age_45_64_sex_female,W02000104,age_45_64,sex_female,832
W02000104_age_45_64_sex_male,W02000104,age_45_64,sex_male,839
W02000104_age_65_plus_sex_female,W02000104,age_65_plus,sex_female,776
W02000104_age_65_plus_sex_male,W02000104,age_65_plus,sex_male,783
W02000105_age_0_15_sex_female,W02000105,age_0_15,sex_female,588
W02000105_age_0_15_sex_male,W02000105,age_0_15,sex_male,547
W02000105_age_16_24_sex_female,W02000105,age_16_24,sex_female,350
W02000105_age_16_24_sex_male,W02000105,age_16_24,sex_male,326
W02000105_age_25_44_sex_female,W02000105,age_25_44,sex_female,696
W02000105_age_25_44_sex_male,W02000105,age_25_44,sex_male,648
W02000105_age_45_64_sex_female,W02000105,age_45_64,sex_female,643
W02000105_age_45_64_sex_male,W02000105,age_45_64,sex_male,598
W02000105_age_65_plus_sex_female,W02000105,age_65_plus,sex_female,398
W02000105_age_65_plus_sex_male,W02000105,age_65_plus,sex_male,371
W02000106_age_0_15_sex_female,W02000106,age_0_15,sex_female,478
W02000106_age_0_15_sex_male,W02000106,age_0_15,sex_male,467
W02000106_age_16_24_sex_female,W02000106,age_16_24,sex_female,264
W02000106_age_16_24_sex_male,W02000106,age_16_24,sex_male,258
W02000106_age_25_44_sex_female,W02000106,age_25_44,sex_female,604
W02000106_age_25_44_sex_male,W02000106,age_25_44,sex_male,590
W02000106_age_45_64_sex_female,W02000106,age_45_64,sex_female,994
W02000106_age_45_64_sex_male,W02000106,age_45_64,sex_male,970
W02000106_age_65_plus_sex_female,W02000106,age_65_plus,sex_female,944
W02000106_age_65_plus_sex_male,W02000106,age_65_plus,sex_male,920
W02000107_age_0_15_sex_female,W02000107,age_0_15,sex_female,628
W02000107_age_0_15_sex_male,W02000107,age_0_15,sex_male,619
W02000107_age_16_24_sex_female,W02000107,age_16_24,sex_female,434
W02000107_age_16_24_sex_male,W02000107,age_16_24,sex_male,428
W02000107_age_25_44_sex_female,W02000107,age_25_44,sex_female,842
W02000107_age_25_44_sex_male,W02000107,age_25_44,sex_male,829
W02000107_age_45_64_sex_female,W02000107,age_45_64,sex_female,1441
W02000107_age_45_64_sex_male,W02000107,age_45_64,sex_male,1420
W02000107_age_65_plus_sex_female,W02000107,age_65_plus,sex_female,1581
W02000107_age_65_plus_sex_male,W02000107,age_65_plus,sex_male,1558
W02000108_age_0_15_sex_female,W02000108,age_0_15,sex_female,504
W02000108_age_0_15_sex_male,W02000108,age_0_15,sex_male,495
W02000108_age_16_24_sex_female,W02000108,age_16_24,sex_female,294
W02000108_age_16_24_sex_male,W02000108,age_16_24,sex_male,289
W02000108_age_25_44_sex_female,W02000108,age_25_44,sex_female,644
W02000108_age_25_44_sex_male,W02000108,age_25_44,sex_male,633
W02000108_age_45_64_sex_female,W02000108,age_45_64,sex_female,1009
W02000108_age_45_64_sex_male,W02000108,age_45_64,sex_male,992
W02000108_age_65_plus_sex_female,W02000108,age_65_plus,sex_female,1186
W02000108_age_65_plus_sex_male,W02000108,age_65_plus,sex_male,1165
W02000109_age_0_15_sex_female,W02000109,age_0_15,sex_female,404
W02000109_age_0_15_sex_male,W02000109,age_0_15,sex_male,403
W02000109_age_16_24_sex_female,W02000109,age_16_24,sex_female,244
W02000109_age_16_24_sex_male,W02000109,age_16_24,sex_male,244
W02000109_age_25_44_sex_female,W02000109,age_25_44,sex_female,592
W02000109_age_25_44_sex_male,W02000109,age_25_44,sex_male,591
W02000109_age_45_64_sex_female,W02000109,age_45_64,sex_female,757
W02000109_age_45_64_sex_male,W02000109,age_45_64,sex_male,755
W02000109_age_65_plus_sex_female,W02000109,age_65_plus,sex_female,802
W02000109_age_65_plus_sex_male,W02000109,age_65_plus,sex_male,800
W02000110_age_0_15_sex_female,W02000110,age_0_15,sex_female,485
W02000110_age_0_15_sex_male,W02000110,age_0_15,sex_male,475
W02000110_age_16_24_sex_female,W02000110,age_16_24,sex_female,305
W02000110_age_16_24_sex_male,W02000110,age_16_24,sex_male,298
W02000110_age_25_44_sex_female,W02000110,age_25_44,sex_female,643
W02000110_age_25_44_sex_male,W02000110,age_25_44,sex_male,629
W02000110_age_45_64_sex_female,W02000110,age_45_64,sex_female,1029
W02000110_age_45_64_sex_male,W02000110,age_45_64,sex_male,1007
W02000110_age_65_plus_sex_female,W02000110,age_65_plus,sex_female,995
W02000110_age_65_plus_sex_male,W02000110,age_65_plus,sex_male,974
W02000111_age_0_15_sex_female,W02000111,age_0_15,sex_female,590
W02000111_age_0_15_sex_male,W02000111,age_0_15,sex_male,548
W02000111_age_16_24_sex_female,W02000111,age_16_24,sex_female,356
W02000111_age_16_24_sex_male,W02000111,age_16_24,sex_male,331
W02000111_age_25_44_sex_female,W02000111,age_25_44,sex_female,822
W02000111_age_25_44_sex_male,W02000111,age_25_44,sex_male,763
W02000111_age_45_64_sex_female,W02000111,age_45_64,sex_female,1311
W02000111_age_45_64_sex_male,W02000111,age_45_64,sex_male,1217
W02000111_age_65_plus_sex_female,W02000111,age_65_plus,sex_female,1310
W02000111_age_65_plus_sex_male,W02000111,age_65_plus,sex_male,1216
W02000113_age_0_15_sex_female,W02000113,age_0_15,sex_female,641
W02000113_age_0_15_sex_male,W02000113,age_0_15,sex_male,631
W02000113_age_16_24_sex_female,W02000113,age_16_24,sex_female,405
W02000113_age_16_24_sex_male,W02000113,age_16_24,sex_male,398
W02000113_age_25_44_sex_female,W02000113,age_25_44,sex_female,1058
W02000113_age_25_44_sex_male,W02000113,age_25_44,sex_male,1041
W02000113_age_45_64_sex_female,W02000113,age_45_64,sex_female,1036
W02000113_age_45_64_sex_male,W02000113,age_45_64,sex_male,1019
W02000113_age_65_plus_sex_female,W02000113,age_65_plus,sex_female,1022
W02000113_age_65_plus_sex_male,W02000113,age_65_plus,sex_male,1004
W02000114_age_0_15_sex_female,W02000114,age_0_15,sex_female,467
W02000114_age_0_15_sex_male,W02000114,age_0_15,sex_male,443
W02000114_age_16_24_sex_female,W02000114,age_16_24,sex_female,293
W02000114_age_16_24_sex_male,W02000114,age_16_24,sex_male,278
W02000114_age_25_44_sex_female,W02000114,age_25_44,sex_female,564
W02000114_age_25_44_sex_male,W02000114,age_25_44,sex_male,534
W02000114_age_45_64_sex_female,W02000114,age_45_64,sex_female,1066
W02000114_age_45_64_sex_male,W02000114,age_45_64,sex_male,1010
W02000114_age_65_plus_sex_female,W02000114,age_65_plus,sex_female,1173
W02000114_age_65_plus_sex_male,W02000114,age_65_plus,sex_male,1112
W02000116_age_0_15_sex_female,W02000116,age_0_15,sex_female,580
W02000116_age_0_15_sex_male,W02000116,age_0_15,sex_male,538
W02000116_age_16_24_sex_female,W02000116,age_16_24,sex_female,345
W02000116_age_16_24_sex_male,W02000116,age_16_24,sex_male,320
W02000116_age_25_44_sex_female,W02000116,age_25_44,sex_female,789
W02000116_age_25_44_sex_male,W02000116,age_25_44,sex_male,732
W02000116_age_45_64_sex_female,W02000116,age_45_64,sex_female,1136
W02000116_age_45_64_sex_male,W02000116,age_45_64,sex_male,1054
W02000116_age_65_plus_sex_female,W02000116,age_65_plus,sex_female,969
W02000116_age_65_plus_sex_male,W02000116,age_65_plus,sex_male,898
W02000117_age_0_15_sex_female,W02000117,age_0_15,sex_female,273
W02000117_age_0_15_sex_male,W02000117,age_0_15,sex_male,280
W02000117_age_16_24_sex_female,W02000117,age_16_24,sex_female,2384
W02000117_age_16_24_sex_male,W02000117,age_16_24,sex_male,2443
W02000117_age_25_44_sex_female,W02000117,age_25_44,sex_female,768
W02000117_age_25_44_sex_male,W02000117,age_25_44,sex_male,786
W02000117_age_45_64_sex_female,W02000117,age_45_64,sex_female,559
W02000117_age_45_64_sex_male,W02000117,age_45_64,sex_male,572
W02000117_age_65_plus_sex_female,W02000117,age_65_plus,sex_female,447
W02000117_age_65_plus_sex_male,W02000117,age_65_plus,sex_male,459
W02000118_age_0_15_sex_female,W02000118,age_0_15,sex_female,524
W02000118_age_0_15_sex_male,W02000118,age_0_15,sex_male,491
W02000118_age_16_24_sex_female,W02000118,age_16_24,sex_female,650
W02000118_age_16_24_sex_male,W02000118,age_16_24,sex_male,608
W02000118_age_25_44_sex_female,W02000118,age_25_44,sex_female,812
W02000118_age_25_44_sex_male,W02000118,age_25_44,sex_male,761
W02000118_age_45_64_sex_female,W02000118,age_45_64,sex_female,757
W02000118_age_45_64_sex_male,W02000118,age_45_64,sex_male,709
W02000118_age_65_plus_sex_female,W02000118,age_65_plus,sex_female,592
W02000118_age_65_plus_sex_male,W02000118,age_65_plus,sex_male,555
W02000120_age_0_15_sex_female,W02000120,age_0_15,sex_female,459
W02000120_age_0_15_sex_male,W02000120,age_0_15,sex_male,447
W02000120_age_16_24_sex_female,W02000120,age_16_24,sex_female,307
W02000120_age_16_24_sex_male,W02000120,age_16_24,sex_male,298
W02000120_age_25_44_sex_female,W02000120,age_25_44,sex_female,659
W02000120_age_25_44_sex_male,W02000120,age_25_44,sex_male,641
W02000120_age_45_64_sex_female,W02000120,age_45_64,sex_female,1039
W02000120_age_45_64_sex_male,W02000120,age_45_64,sex_male,1010
W02000120_age_65_plus_sex_female,W02000120,age_65_plus,sex_female,1123
W02000120_age_65_plus_sex_male,W02000120,age_65_plus,sex_male,1091
W02000122_age_0_15_sex_female,W02000122,age_0_15,sex_female,406
W02000122_age_0_15_sex_male,W02000122,age_0_15,sex_male,390
W02000122_age_16_24_sex_female,W02000122,age_16_24,sex_female,242
W02000122_age_16_24_sex_male,W02000122,age_16_24,sex_male,232
W02000122_age_25_44_sex_female,W02000122,age_25_44,sex_female,550
W02000122_age_25_44_sex_male,W02000122,age_25_44,sex_male,529
W02000122_age_45_64_sex_female,W02000122,age_45_64,sex_female,990
W02000122_age_45_64_sex_male,W02000122,age_45_64,sex_male,950
W02000122_age_65_plus_sex_female,W02000122,age_65_plus,sex_female,1041
W02000122_age_65_plus_sex_male,W02000122,age_65_plus,sex_male,1000
W02000123_age_0_15_sex_female,W02000123,age_0_15,sex_female,583
W02000123_age_0_15_sex_male,W02000123,age_0_15,sex_male,548
W02000123_age_16_24_sex_female,W02000123,age_16_24,sex_female,424
W02000123_age_16_24_sex_male,W02000123,age_16_24,sex_male,399
W02000123_age_25_44_sex_female,W02000123,age_25_44,sex_female,753
W02000123_age_25_44_sex_male,W02000123,age_25_44,sex_male,707
W02000123_age_45_64_sex_female,W02000123,age_45_64,sex_female,1117
W02000123_age_45_64_sex_male,W02000123,age_45_64,sex_male,1049
W02000123_age_65_plus_sex_female,W02000123,age_65_plus,sex_female,1082
W02000123_age_65_plus_sex_male,W02000123,age_65_plus,sex_male,1015
W02000124_age_0_15_sex_female,W02000124,age_0_15,sex_female,666
W02000124_age_0_15_sex_male,W02000124,age_0_15,sex_male,620
W02000124_age_16_24_sex_female,W02000124,age_16_24,sex_female,405
W02000124_age_16_24_sex_male,W02000124,age_16_24,sex_male,377
W02000124_age_25_44_sex_female,W02000124,age_25_44,sex_female,881
W02000124_age_25_44_sex_male,W02000124,age_25_44,sex_male,820
W02000124_age_45_64_sex_female,W02000124,age_45_64,sex_female,1182
W02000124_age_45_64_sex_male,W02000124,age_45_64,sex_male,1100
W02000124_age_65_plus_sex_female,W02000124,age_65_plus,sex_female,1360
W02000124_age_65_plus_sex_male,W02000124,age_65_plus,sex_male,1266
W02000125_age_0_15_sex_female,W02000125,age_0_15,sex_female,501
W02000125_age_0_15_sex_male,W02000125,age_0_15,sex_male,470
W02000125_age_16_24_sex_female,W02000125,age_16_24,sex_female,318
W02000125_age_16_24_sex_male,W02000125,age_16_24,sex_male,298
W02000125_age_25_44_sex_female,W02000125,age_25_44,sex_female,655
W02000125_age_25_44_sex_male,W02000125,age_25_44,sex_male,616
W02000125_age_45_64_sex_female,W02000125,age_45_64,sex_female,1180
W02000125_age_45_64_sex_male,W02000125,age_45_64,sex_male,1109
W02000125_age_65_plus_sex_female,W02000125,age_65_plus,sex_female,1184
W02000125_age_65_plus_sex_male,W02000125,age_65_plus,sex_male,1113
W02000126_age_0_15_sex_female,W02000126,age_0_15,sex_female,612
W02000126_age_0_15_sex_male,W02000126,age_0_15,sex_male,601
W02000126_age_16_24_sex_female,W02000126,age_16_24,sex_female,375
W02000126_age_16_24_sex_male,W02000126,age_16_24,sex_male,369
W02000126_age_25_44_sex_female,W02000126,age_25_44,sex_female,777
W02000126_age_25_44_sex_male,W02000126,age_25_44,sex_male,764
W02000126_age_45_64_sex_female,W02000126,age_45_64,sex_female,1200
W02000126_age_45_64_sex_male,W02000126,age_45_64,sex_male,1179
W02000126_age_65_plus_sex_female,W02000126,age_65_plus,sex_female,1181
W02000126_age_65_plus_sex_male,W02000126,age_65_plus,sex_male,1161
W02000127_age_0_15_sex_female,W02000127,age_0_15,sex_female,729
W02000127_age_0_15_sex_male,W02000127,age_0_15,sex_male,687
W02000127_age_16_24_sex_female,W02000127,age_16_24,sex_female,443
W02000127_age_16_24_sex_male,W02000127,age_16_24,sex_male,417
W02000127_age_25_44_sex_female,W02000127,age_25_44,sex_female,915
W02000127_age_25_44_sex_male,W02000127,age_25_44,sex_male,862
W02000127_age_45_64_sex_female,W02000127,age_45_64,sex_female,1373
W02000127_age_45_64_sex_male,W02000127,age_45_64,sex_male,1294
W02000127_age_65_plus_sex_female,W02000127,age_65_plus,sex_female,1496
W02000127_age_65_plus_sex_male,W02000127,age_65_plus,sex_male,1409
W02000128_age_0_15_sex_female,W02000128,age_0_15,sex_female,465
W02000128_age_0_15_sex_male,W02000128,age_0_15,sex_male,472
W02000128_age_16_24_sex_female,W02000128,age_16_24,sex_female,350
W02000128_age_16_24_sex_male,W02000128,age_16_24,sex_male,356
W02000128_age_25_44_sex_female,W02000128,age_25_44,sex_female,663
W02000128_age_25_44_sex_male,W02000128,age_25_44,sex_male,673
W02000128_age_45_64_sex_female,W02000128,age_45_64,sex_female,1043
W02000128_age_45_64_sex_male,W02000128,age_45_64,sex_male,1058
W02000128_age_65_plus_sex_female,W02000128,age_65_plus,sex_female,1070
W02000128_age_65_plus_sex_male,W02000128,age_65_plus,sex_male,1086
W02000129_age_0_15_sex_female,W02000129,age_0_15,sex_female,600
W02000129_age_0_15_sex_male,W02000129,age_0_15,sex_male,569
W02000129_age_16_24_sex_female,W02000129,age_16_24,sex_female,310
W02000129_age_16_24_sex_male,W02000129,age_16_24,sex_male,294
W02000129_age_25_44_sex_female,W02000129,age_25_44,sex_female,725
W02000129_age_25_44_sex_male,W02000129,age_25_44,sex_male,688
W02000129_age_45_64_sex_female,W02000129,age_45_64,sex_female,1077
W02000129_age_45_64_sex_male,W02000129,age_45_64,sex_male,1022
W02000129_age_65_plus_sex_female,W02000129,age_65_plus,sex_female,994
W02000129_age_65_plus_sex_male,W02000129,age_65_plus,sex_male,943
W02000130_age_0_15_sex_female,W02000130,age_0_15,sex_female,660
W02000130_age_0_15_sex_male,W02000130,age_0_15,sex_male,631
W02000130_age_16_24_sex_female,W02000130,age_16_24,sex_female,431
W02000130_age_16_24_sex_male,W02000130,age_16_24,sex_male,412
W02000130_age_25_44_sex_female,W02000130,age_25_44,sex_female,916
W02000130_age_25_44_sex_male,W02000130,age_25_44,sex_male,875
W02000130_age_45_64_sex_female,W02000130,age_45_64,sex_female,853
W02000130_age_45_64_sex_male,W02000130,age_45_64,sex_male,814
W02000130_age_65_plus_sex_female,W02000130,age_65_plus,sex_female,570
W02000130_age_65_plus_sex_male,W02000130,age_65_plus,sex_male,545
W02000131_age_0_15_sex_female,W02000131,age_0_15,sex_female,688
W02000131_age_0_15_sex_male,W02000131,age_0_15,sex_male,604
W02000131_age_16_24_sex_female,W02000131,age_16_24,sex_female,409
W02000131_age_16_24_sex_male,W02000131,age_16_24,sex_male,359
W02000131_age_25_44_sex_female,W02000131,age_25_44,sex_female,878
W02000131_age_25_44_sex_male,W02000131,age_25_44,sex_male,771
W02000131_age_45_64_sex_female,W02000131,age_45_64,sex_female,1005
W02000131_age_45_64_sex_male,W02000131,age_45_64,sex_male,883
W02000131_age_65_plus_sex_female,W02000131,age_65_plus,sex_female,857
W02000131_age_65_plus_sex_male,W02000131,age_65_plus,sex_male,752
W02000132_age_0_15_sex_female,W02000132,age_0_15,sex_female,512
W02000132_age_0_15_sex_male,W02000132,age_0_15,sex_male,485
W02000132_age_16_24_sex_female,W02000132,age_16_24,sex_female,327
W02000132_age_16_24_sex_male,W02000132,age_16_24,sex_male,309
W02000132_age_25_44_sex_female,W02000132,age_25_44,sex_female,709
W02000132_age_25_44_sex_male,W02000132,age_25_44,sex_male,671
W02000132_age_45_64_sex_female,W02000132,age_45_64,sex_female,1043
W02000132_age_45_64_sex_male,W02000132,age_45_64,sex_male,987
W02000132_age_65_plus_sex_female,W02000132,age_65_plus,sex_female,997
W02000132_age_65_plus_sex_male,W02000132,age_65_plus,sex_male,942
W02000133_age_0_15_sex_female,W02000133,age_0_15,sex_female,636
W02000133_age_0_15_sex_male,W02000133,age_0_15,sex_male,598
W02000133_age_16_24_sex_female,W02000133,age_16_24,sex_female,346
W02000133_age_16_24_sex_male,W02000133,age_16_24,sex_male,326
W02000133_age_25_44_sex_female,W02000133,age_25_44,sex_female,824
W02000133_age_25_44_sex_male,W02000133,age_25_44,sex_male,776
W02000133_age_45_64_sex_female,W02000133,age_45_64,sex_female,1220
W02000133_age_45_64_sex_male,W02000133,age_45_64,sex_male,1148
W02000133_age_65_plus_sex_female,W02000133,age_65_plus,sex_female,1238
W02000133_age_65_plus_sex_male,W02000133,age_65_plus,sex_male,1165
W02000134_age_0_15_sex_female,W02000134,age_0_15,sex_female,653
W02000134_age_0_15_sex_male,W02000134,age_0_15,sex_male,613
W02000134_age_16_24_sex_female,W02000134,age_16_24,sex_female,401
W02000134_age_16_24_sex_male,W02000134,age_16_24,sex_male,377
W02000134_age_25_44_sex_female,W02000134,age_25_44,sex_female,838
W02000134_age_25_44_sex_male,W02000134,age_25_44,sex_male,787
W02000134_age_45_64_sex_female,W02000134,age_45_64,sex_female,1275
W02000134_age_45_64_sex_male,W02000134,age_45_64,sex_male,1198
W02000134_age_65_plus_sex_female,W02000134,age_65_plus,sex_female,1131
W02000134_age_65_plus_sex_male,W02000134,age_65_plus,sex_male,1062
W02000135_age_0_15_sex_female,W02000135,age_0_15,sex_female,681
W02000135_age_0_15_sex_male,W02000135,age_0_15,sex_male,644
W02000135_age_16_24_sex_female,W02000135,age_16_24,sex_female,407
W02000135_age_16_24_sex_male,W02000135,age_16_24,sex_male,384
W02000135_age_25_44_sex_female,W02000135,age_25_44,sex_female,867
W02000135_age_25_44_sex_male,W02000135,age_25_44,sex_male,820
W02000135_age_45_64_sex_female,W02000135,age_45_64,sex_female,977
W02000135_age_45_64_sex_male,W02000135,age_45_64,sex_male,923
W02000135_age_65_plus_sex_female,W02000135,age_65_plus,sex_female,848
W02000135_age_65_plus_sex_male,W02000135,age_65_plus,sex_male,801
W02000136_age_0_15_sex_female,W02000136,age_0_15,sex_female,523
W02000136_age_0_15_sex_male,W02000136,age_0_15,sex_male,501
W02000136_age_16_24_sex_female,W02000136,age_16_24,sex_female,348
W02000136_age_16_24_sex_male,W02000136,age_16_24,sex_male,332
W02000136_age_25_44_sex_female,W02000136,age_25_44,sex_female,719
W02000136_age_25_44_sex_male,W02000136,age_25_44,sex_male,688
W02000136_age_45_64_sex_female,W02000136,age_45_64,sex_female,1272
W02000136_age_45_64_sex_male,W02000136,age_45_64,sex_male,1216
W02000136_age_65_plus_sex_female,W02000136,age_65_plus,sex_female,1383
W02000136_age_65_plus_sex_male,W02000136,age_65_plus,sex_male,1322
W02000137_age_0_15_sex_female,W02000137,age_0_15,sex_female,729
W02000137_age_0_15_sex_male,W02000137,age_0_15,sex_male,699
W02000137_age_16_24_sex_female,W02000137,age_16_24,sex_female,408
W02000137_age_16_24_sex_male,W02000137,age_16_24,sex_male,392
W02000137_age_25_44_sex_female,W02000137,age_25_44,sex_female,944
W02000137_age_25_44_sex_male,W02000137,age_25_44,sex_male,904
W02000137_age_45_64_sex_female,W02000137,age_45_64,sex_female,959
W02000137_age_45_64_sex_male,W02000137,age_45_64,sex_male,919
W02000137_age_65_plus_sex_female,W02000137,age_65_plus,sex_female,761
W02000137_age_65_plus_sex_male,W02000137,age_65_plus,sex_male,729
W02000138_age_0_15_sex_female,W02000138,age_0_15,sex_female,878
W02000138_age_0_15_sex_male,W02000138,age_0_15,sex_male,851
W02000138_age_16_24_sex_female,W02000138,age_16_24,sex_female,562
W02000138_age_16_24_sex_male,W02000138,age_16_24,sex_male,544
W02000138_age_25_44_sex_female,W02000138,age_25_44,sex_female,1165
W02000138_age_25_44_sex_male,W02000138,age_25_44,sex_male,1130
W02000138_age_45_64_sex_female,W02000138,age_45_64,sex_female,1287
W02000138_age_45_64_sex_male,W02000138,age_45_64,sex_male,1248
W02000138_age_65_plus_sex_female,W02000138,age_65_plus,sex_female,1012
W02000138_age_65_plus_sex_male,W02000138,age_65_plus,sex_male,980
W02000139_age_0_15_sex_female,W02000139,age_0_15,sex_female,538
W02000139_age_0_15_sex_male,W02000139,age_0_15,sex_male,509
W02000139_age_16_24_sex_female,W02000139,age_16_24,sex_female,318
W02000139_age_16_24_sex_male,W02000139,age_16_24,sex_male,301
W02000139_age_25_44_sex_female,W02000139,age_25_44,sex_female,711
W02000139_age_25_44_sex_male,W02000139,age_25_44,sex_male,673
W02000139_age_45_64_sex_female,W02000139,age_45_64,sex_female,1148
W02000139_age_45_64_sex_male,W02000139,age_45_64,sex_male,1086
W02000139_age_65_plus_sex_female,W02000139,age_65_plus,sex_female,1257
W02000139_age_65_plus_sex_male,W02000139,age_65_plus,sex_male,1189
W02000140_age_0_15_sex_female,W02000140,age_0_15,sex_female,702
W02000140_age_0_15_sex_male,W02000140,age_0_15,sex_male,666
W02000140_age_16_24_sex_female,W02000140,age_16_24,sex_female,379
W02000140_age_16_24_sex_male,W02000140,age_16_24,sex_male,359
W02000140_age_25_44_sex_female,W02000140,age_25_44,sex_female,836
W02000140_age_25_44_sex_male,W02000140,age_25_44,sex_male,792
W02000140_age_45_64_sex_female,W02000140,age_45_64,sex_female,991
W02000140_age_45_64_sex_male,W02000140,age_45_64,sex_male,939
W02000140_age_65_plus_sex_female,W02000140,age_65_plus,sex_female,831
W02000140_age_65_plus_sex_male,W02000140,age_65_plus,sex_male,788
W02000141_age_0_15_sex_female,W02000141,age_0_15,sex_female,379
W02000141_age_0_15_sex_male,W02000141,age_0_15,sex_male,343
W02000141_age_16_24_sex_female,W02000141,age_16_24,sex_female,272
W02000141_age_16_24_sex_male,W02000141,age_16_24,sex_male,246
W02000141_age_25_44_sex_female,W02000141,age_25_44,sex_female,554
W02000141_age_25_44_sex_male,W02000141,age_25_44,sex_male,501
W02000141_age_45_64_sex_female,W02000141,age_45_64,sex_female,864
W02000141_age_45_64_sex_male,W02000141,age_45_64,sex_male,783
W02000141_age_65_plus_sex_female,W02000141,age_65_plus,sex_female,969
W02000141_age_65_plus_sex_male,W02000141,age_65_plus,sex_male,877
W02000142_age_0_15_sex_female,W02000142,age_0_15,sex_female,414
W02000142_age_0_15_sex_male,W02000142,age_0_15,sex_male,405
W02000142_age_16_24_sex_female,W02000142,age_16_24,sex_female,269
W02000142_age_16_24_sex_male,W02000142,age_16_24,sex_male,263
W02000142_age_25_44_sex_female,W02000142,age_25_44,sex_female,574
W02000142_age_25_44_sex_male,W02000142,age_25_44,sex_male,561
W02000142_age_45_64_sex_female,W02000142,age_45_64,sex_female,790
W02000142_age_45_64_sex_male,W02000142,age_45_64,sex_male,774
W02000142_age_65_plus_sex_female,W02000142,age_65_plus,sex_female,766
W02000142_age_65_plus_sex_male,W02000142,age_65_plus,sex_male,749
W02000143_age_0_15_sex_female,W02000143,age_0_15,sex_female,362
W02000143_age_0_15_sex_male,W02000143,age_0_15,sex_male,366
W02000143_age_16_24_sex_female,W02000143,age_16_24,sex_female,258
W02000143_age_16_24_sex_male,W02000143,age_16_24,sex_male,260
W02000143_age_25_44_sex_female,W02000143,age_25_44,sex_female,495
W02000143_age_25_44_sex_male,W02000143,age_25_44,sex_male,500
W02000143_age_45_64_sex_female,W02000143,age_45_64,sex_female,830
W02000143_age_45_64_sex_male,W02000143,age_45_64,sex_male,838
W02000143_age_65_plus_sex_female,W02000143,age_65_plus,sex_female,831
W02000143_age_65_plus_sex_male,W02000143,age_65_plus,sex_male,839
W02000144_age_0_15_sex_female,W02000144,age_0_15,sex_female,486
W02000144_age_0_15_sex_male,W02000144,age_0_15,sex_male,467
W02000144_age_16_24_sex_female,W02000144,age_16_24,sex_female,354
W02000144_age_16_24_sex_male,W02000144,age_16_24,sex_male,340
W02000144_age_25_44_sex_female,W02000144,age_25_44,sex_female,675
W02000144_age_25_44_sex_male,W02000144,age_25_44,sex_male,650
W02000144_age_45_64_sex_female,W02000144,age_45_64,sex_female,1204
W02000144_age_45_64_sex_male,W02000144,age_45_64,sex_male,1158
W02000144_age_65_plus_sex_female,W02000144,age_65_plus,sex_female,1156
W02000144_age_65_plus_sex_male,W02000144,age_65_plus,sex_male,1112
W02000145_age_0_15_sex_female,W02000145,age_0_15,sex_female,490
W02000145_age_0_15_sex_male,W02000145,age_0_15,sex_male,466
W02000145_age_16_24_sex_female,W02000145,age_16_24,sex_female,319
W02000145_age_16_24_sex_male,W02000145,age_16_24,sex_male,303
W02000145_age_25_44_sex_female,W02000145,age_25_44,sex_female,657
W02000145_age_25_44_sex_male,W02000145,age_25_44,sex_male,625
W02000145_age_45_64_sex_female,W02000145,age_45_64,sex_female,1140
W02000145_age_45_64_sex_male,W02000145,age_45_64,sex_male,1086
W02000145_age_65_plus_sex_female,W02000145,age_65_plus,sex_female,1025
W02000145_age_65_plus_sex_male,W02000145,age_65_plus,sex_male,975
W02000146_age_0_15_sex_female,W02000146,age_0_15,sex_female,423
W02000146_age_0_15_sex_male,W02000146,age_0_15,sex_male,419
W02000146_age_16_24_sex_female,W02000146,age_16_24,sex_female,296
W02000146_age_16_24_sex_male,W02000146,age_16_24,sex_male,294
W02000146_age_25_44_sex_female,W02000146,age_25_44,sex_female,586
W02000146_age_25_44_sex_male,W02000146,age_25_44,sex_male,581
W02000146_age_45_64_sex_female,W02000146,age_45_64,sex_female,1048
W02000146_age_45_64_sex_male,W02000146,age_45_64,sex_male,1038
W02000146_age_65_plus_sex_female,W02000146,age_65_plus,sex_female,923
W02000146_age_65_plus_sex_male,W02000146,age_65_plus,sex_male,915
W02000147_age_0_15_sex_female,W02000147,age_0_15,sex_female,762
W02000147_age_0_15_sex_male,W02000147,age_0_15,sex_male,724
W02000147_age_16_24_sex_female,W02000147,age_16_24,sex_female,561
W02000147_age_16_24_sex_male,W02000147,age_16_24,sex_male,533
W02000147_age_25_44_sex_female,W02000147,age_25_44,sex_female,1041
W02000147_age_25_44_sex_male,W02000147,age_25_44,sex_male,990
W02000147_age_45_64_sex_female,W02000147,age_45_64,sex_female,1126
W02000147_age_45_64_sex_male,W02000147,age_45_64,sex_male,1070
W02000147_age_65_plus_sex_female,W02000147,age_65_plus,sex_female,851
W02000147_age_65_plus_sex_male,W02000147,age_65_plus,sex_male,810
W02000148_age_0_15_sex_female,W02000148,age_0_15,sex_female,510
W02000148_age_0_15_sex_male,W02000148,age_0_15,sex_male,467
W02000148_age_16_24_sex_female,W02000148,age_16_24,sex_female,309
W02000148_age_16_24_sex_male,W02000148,age_16_24,sex_male,283
W02000148_age_25_44_sex_female,W02000148,age_25_44,sex_female,709
W02000148_age_25_44_sex_male,W02000148,age_25_44,sex_male,648
W02000148_age_45_64_sex_female,W02000148,age_45_64,sex_female,682
W02000148_age_45_64_sex_male,W02000148,age_45_64,sex_male,624
W02000148_age_65_plus_sex_female,W02000148,age_65_plus,sex_female,552
W02000148_age_65_plus_sex_male,W02000148,age_65_plus,sex_male,504
W02000149_age_0_15_sex_female,W02000149,age_0_15,sex_female,474
W02000149_age_0_15_sex_male,W02000149,age_0_15,sex_male,450
W02000149_age_16_24_sex_female,W02000149,age_16_24,sex_female,292
W02000149_age_16_24_sex_male,W02000149,age_16_24,sex_male,278
W02000149_age_25_44_sex_female,W02000149,age_25_44,sex_female,797
W02000149_age_25_44_sex_male,W02000149,age_25_44,sex_male,758
W02000149_age_45_64_sex_female,W02000149,age_45_64,sex_female,793
W02000149_age_45_64_sex_male,W02000149,age_45_64,sex_male,753
W02000149_age_65_plus_sex_female,W02000149,age_65_plus,sex_female,952
W02000149_age_65_plus_sex_male,W02000149,age_65_plus,sex_male,904
W02000151_age_0_15_sex_female,W02000151,age_0_15,sex_female,649
W02000151_age_0_15_sex_male,W02000151,age_0_15,sex_male,630
W02000151_age_16_24_sex_female,W02000151,age_16_24,sex_female,362
W02000151_age_16_24_sex_male,W02000151,age_16_24,sex_male,352
W02000151_age_25_44_sex_female,W02000151,age_25_44,sex_female,824
W02000151_age_25_44_sex_male,W02000151,age_25_44,sex_male,800
W02000151_age_45_64_sex_female,W02000151,age_45_64,sex_female,1075
W02000151_age_45_64_sex_male,W02000151,age_45_64,sex_male,1042
W02000151_age_65_plus_sex_female,W02000151,age_65_plus,sex_female,852
W02000151_age_65_plus_sex_male,W02000151,age_65_plus,sex_male,826
W02000152_age_0_15_sex_female,W02000152,age_0_15,sex_female,727
W02000152_age_0_15_sex_male,W02000152,age_0_15,sex_male,673
W02000152_age_16_24_sex_female,W02000152,age_16_24,sex_female,446
W02000152_age_16_24_sex_male,W02000152,age_16_24,sex_male,413
W02000152_age_25_44_sex_female,W02000152,age_25_44,sex_female,911
W02000152_age_25_44_sex_male,W02000152,age_25_44,sex_male,843
W02000152_age_45_64_sex_female,W02000152,age_45_64,sex_female,1197
W02000152_age_45_64_sex_male,W02000152,age_45_64,sex_male,1107
W02000152_age_65_plus_sex_female,W02000152,age_65_plus,sex_female,1215
W02000152_age_65_plus_sex_male,W02000152,age_65_plus,sex_male,1123
W02000153_age_0_15_sex_female,W02000153,age_0_15,sex_female,624
W02000153_age_0_15_sex_male,W02000153,age_0_15,sex_male,603
W02000153_age_16_24_sex_female,W02000153,age_16_24,sex_female,389
W02000153_age_16_24_sex_male,W02000153,age_16_24,sex_male,376
W02000153_age_25_44_sex_female,W02000153,age_25_44,sex_female,865
W02000153_age_25_44_sex_male,W02000153,age_25_44,sex_male,837
W02000153_age_45_64_sex_female,W02000153,age_45_64,sex_female,1299
W02000153_age_45_64_sex_male,W02000153,age_45_64,sex_male,1256
W02000153_age_65_plus_sex_female,W02000153,age_65_plus,sex_female,1230
W02000153_age_65_plus_sex_male,W02000153,age_65_plus,sex_male,1189
W02000154_age_0_15_sex_female,W02000154,age_0_15,sex_female,689
W02000154_age_0_15_sex_male,W02000154,age_0_15,sex_male,654
W02000154_age_16_24_sex_female,W02000154,age_16_24,sex_female,436
W02000154_age_16_24_sex_male,W02000154,age_16_24,sex_male,413
W02000154_age_25_44_sex_female,W02000154,age_25_44,sex_female,900
W02000154_age_25_44_sex_male,W02000154,age_25_44,sex_male,854
W02000154_age_45_64_sex_female,W02000154,age_45_64,sex_female,1057
W02000154_age_45_64_sex_male,W02000154,age_45_64,sex_male,1002
W02000154_age_65_plus_sex_female,W02000154,age_65_plus,sex_female,941
W02000154_age_65_plus_sex_male,W02000154,age_65_plus,sex_male,892
W02000156_age_0_15_sex_female,W02000156,age_0_15,sex_female,711
W02000156_age_0_15_sex_male,W02000156,age_0_15,sex_male,686
W02000156_age_16_24_sex_female,W02000156,age_16_24,sex_female,428
W02000156_age_16_24_sex_male,W02000156,age_16_24,sex_male,414
W02000156_age_25_44_sex_female,W02000156,age_25_44,sex_female,1000
W02000156_age_25_44_sex_male,W02000156,age_25_44,sex_male,965
W02000156_age_45_64_sex_female,W02000156,age_45_64,sex_female,1192
W02000156_age_45_64_sex_male,W02000156,age_45_64,sex_male,1151
W02000156_age_65_plus_sex_female,W02000156,age_65_plus,sex_female,954
W02000156_age_65_plus_sex_male,W02000156,age_65_plus,sex_male,921
W02000157_age_0_15_sex_female,W02000157,age_0_15,sex_female,876
W02000157_age_0_15_sex_male,W02000157,age_0_15,sex_male,844
W02000157_age_16_24_sex_female,W02000157,age_16_24,sex_female,444
W02000157_age_16_24_sex_male,W02000157,age_16_24,sex_male,428
W02000157_age_25_44_sex_female,W02000157,age_25_44,sex_female,1230
W02000157_age_25_44_sex_male,W02000157,age_25_44,sex_male,1187
W02000157_age_45_64_sex_female,W02000157,age_45_64,sex_female,1418
W02000157_age_45_64_sex_male,W02000157,age_45_64,sex_male,1368
W02000157_age_65_plus_sex_female,W02000157,age_65_plus,sex_female,1178
W02000157_age_65_plus_sex_male,W02000157,age_65_plus,sex_male,1136
W02000158_age_0_15_sex_female,W02000158,age_0_15,sex_female,507
W02000158_age_0_15_sex_male,W02000158,age_0_15,sex_male,482
W02000158_age_16_24_sex_female,W02000158,age_16_24,sex_female,282
W02000158_age_16_24_sex_male,W02000158,age_16_24,sex_male,268
W02000158_age_25_44_sex_female,W02000158,age_25_44,sex_female,749
W02000158_age_25_44_sex_male,W02000158,age_25_44,sex_male,712
W02000158_age_45_64_sex_female,W02000158,age_45_64,sex_female,830
W02000158_age_45_64_sex_male,W02000158,age_45_64,sex_male,788
W02000158_age_65_plus_sex_female,W02000158,age_65_plus,sex_female,651
W02000158_age_65_plus_sex_male,W02000158,age_65_plus,sex_male,619
W02000159_age_0_15_sex_female,W02000159,age_0_15,sex_female,544
W02000159_age_0_15_sex_male,W02000159,age_0_15,sex_male,508
W02000159_age_16_24_sex_female,W02000159,age_16_24,sex_female,315
W02000159_age_16_24_sex_male,W02000159,age_16_24,sex_male,295
W02000159_age_25_44_sex_female,W02000159,age_25_44,sex_female,655
W02000159_age_25_44_sex_male,W02000159,age_25_44,sex_male,612
W02000159_age_45_64_sex_female,W02000159,age_45_64,sex_female,891
W02000159_age_45_64_sex_male,W02000159,age_45_64,sex_male,832
W02000159_age_65_plus_sex_female,W02000159,age_65_plus,sex_female,796
W02000159_age_65_plus_sex_male,W02000159,age_65_plus,sex_male,744
W02000160_age_0_15_sex_female,W02000160,age_0_15,sex_female,643
W02000160_age_0_15_sex_male,W02000160,age_0_15,sex_male,596
W02000160_age_16_24_sex_female,W02000160,age_16_24,sex_female,394
W02000160_age_16_24_sex_male,W02000160,age_16_24,sex_male,366
W02000160_age_25_44_sex_female,W02000160,age_25_44,sex_female,803
W02000160_age_25_44_sex_male,W02000160,age_25_44,sex_male,745
W02000160_age_45_64_sex_female,W02000160,age_45_64,sex_female,1102
W02000160_age_45_64_sex_male,W02000160,age_45_64,sex_male,1022
W02000160_age_65_plus_sex_female,W02000160,age_65_plus,sex_female,1028
W02000160_age_65_plus_sex_male,W02000160,age_65_plus,sex_male,954
W02000161_age_0_15_sex_female,W02000161,age_0_15,sex_female,473
W02000161_age_0_15_sex_male,W02000161,age_0_15,sex_male,438
W02000161_age_16_24_sex_female,W02000161,age_16_24,sex_female,308
W02000161_age_16_24_sex_male,W02000161,age_16_24,sex_male,286
W02000161_age_25_44_sex_female,W02000161,age_25_44,sex_female,619
W02000161_age_25_44_sex_male,W02000161,age_25_44,sex_male,575
W02000161_age_45_64_sex_female,W02000161,age_45_64,sex_female,714
W02000161_age_45_64_sex_male,W02000161,age_45_64,sex_male,662
W02000161_age_65_plus_sex_female,W02000161,age_65_plus,sex_female,581
W02000161_age_65_plus_sex_male,W02000161,age_65_plus,sex_male,538
W02000162_age_0_15_sex_female,W02000162,age_0_15,sex_female,586
W02000162_age_0_15_sex_male,W02000162,age_0_15,sex_male,540
W02000162_age_16_24_sex_female,W02000162,age_16_24,sex_female,424
W02000162_age_16_24_sex_male,W02000162,age_16_24,sex_male,390
W02000162_age_25_44_sex_female,W02000162,age_25_44,sex_female,770
W02000162_age_25_44_sex_male,W02000162,age_25_44,sex_male,708
W02000162_age_45_64_sex_female,W02000162,age_45_64,sex_female,1281
W02000162_age_45_64_sex_male,W02000162,age_45_64,sex_male,1180
W02000162_age_65_plus_sex_female,W02000162,age_65_plus,sex_female,1215
W02000162_age_65_plus_sex_male,W02000162,age_65_plus,sex_male,1119
W02000163_age_0_15_sex_female,W02000163,age_0_15,sex_female,507
W02000163_age_0_15_sex_male,W02000163,age_0_15,sex_male,464
W02000163_age_16_24_sex_female,W02000163,age_16_24,sex_female,298
W02000163_age_16_24_sex_male,W02000163,age_16_24,sex_male,272
W02000163_age_25_44_sex_female,W02000163,age_25_44,sex_female,698
W02000163_age_25_44_sex_male,W02000163,age_25_44,sex_male,638
W02000163_age_45_64_sex_female,W02000163,age_45_64,sex_female,701
W02000163_age_45_64_sex_male,W02000163,age_45_64,sex_male,641
W02000163_age_65_plus_sex_female,W02000163,age_65_plus,sex_female,584
W02000163_age_65_plus_sex_male,W02000163,age_65_plus,sex_male,533
W02000164_age_0_15_sex_female,W02000164,age_0_15,sex_female,584
W02000164_age_0_15_sex_male,W02000164,age_0_15,sex_male,545
W02000164_age_16_24_sex_female,W02000164,age_16_24,sex_female,382
W02000164_age_16_24_sex_male,W02000164,age_16_24,sex_male,357
W02000164_age_25_44_sex_female,W02000164,age_25_44,sex_female,909
W02000164_age_25_44_sex_male,W02000164,age_25_44,sex_male,849
W02000164_age_45_64_sex_female,W02000164,age_45_64,sex_female,1058
W02000164_age_45_64_sex_male,W02000164,age_45_64,sex_male,989
W02000164_age_65_plus_sex_female,W02000164,age_65_plus,sex_female,910
W02000164_age_65_plus_sex_male,W02000164,age_65_plus,sex_male,851
W02000165_age_0_15_sex_female,W02000165,age_0_15,sex_female,631
W02000165_age_0_15_sex_male,W02000165,age_0_15,sex_male,590
W02000165_age_16_24_sex_female,W02000165,age_16_24,sex_female,403
W02000165_age_16_24_sex_male,W02000165,age_16_24,sex_male,376
W02000165_age_25_44_sex_female,W02000165,age_25_44,sex_female,822
W02000165_age_25_44_sex_male,W02000165,age_25_44,sex_male,768
W02000165_age_45_64_sex_female,W02000165,age_45_64,sex_female,894
W02000165_age_45_64_sex_male,W02000165,age_45_64,sex_male,836
W02000165_age_65_plus_sex_female,W02000165,age_65_plus,sex_female,654
W02000165_age_65_plus_sex_male,W02000165,age_65_plus,sex_male,611
W02000166_age_0_15_sex_female,W02000166,age_0_15,sex_female,942
W02000166_age_0_15_sex_male,W02000166,age_0_15,sex_male,894
W02000166_age_16_24_sex_female,W02000166,age_16_24,sex_female,514
W02000166_age_16_24_sex_male,W02000166,age_16_24,sex_male,488
W02000166_age_25_44_sex_female,W02000166,age_25_44,sex_female,1277
W02000166_age_25_44_sex_male,W02000166,age_25_44,sex_male,1212
W02000166_age_45_64_sex_female,W02000166,age_45_64,sex_female,1141
W02000166_age_45_64_sex_male,W02000166,age_45_64,sex_male,1083
W02000166_age_65_plus_sex_female,W02000166,age_65_plus,sex_female,828
W02000166_age_65_plus_sex_male,W02000166,age_65_plus,sex_male,786
W02000167_age_0_15_sex_female,W02000167,age_0_15,sex_female,959
W02000167_age_0_15_sex_male,W02000167,age_0_15,sex_male,956
W02000167_age_16_24_sex_female,W02000167,age_16_24,sex_female,601
W02000167_age_16_24_sex_male,W02000167,age_16_24,sex_male,599
W02000167_age_25_44_sex_female,W02000167,age_25_44,sex_female,1350
W02000167_age_25_44_sex_male,W02000167,age_25_44,sex_male,1347
W02000167_age_45_64_sex_female,W02000167,age_45_64,sex_female,1351
W02000167_age_45_64_sex_male,W02000167,age_45_64,sex_male,1347
W02000167_age_65_plus_sex_female,W02000167,age_65_plus,sex_female,899
W02000167_age_65_plus_sex_male,W02000167,age_65_plus,sex_male,897
W02000168_age_0_15_sex_female,W02000168,age_0_15,sex_female,606
W02000168_age_0_15_sex_male,W02000168,age_0_15,sex_male,572
W02000168_age_16_24_sex_female,W02000168,age_16_24,sex_female,372
W02000168_age_16_24_sex_male,W02000168,age_16_24,sex_male,352
W02000168_age_25_44_sex_female,W02000168,age_25_44,sex_female,850
W02000168_age_25_44_sex_male,W02000168,age_25_44,sex_male,803
W02000168_age_45_64_sex_female,W02000168,age_45_64,sex_female,876
W02000168_age_45_64_sex_male,W02000168,age_45_64,sex_male,827
W02000168_age_65_plus_sex_female,W02000168,age_65_plus,sex_female,647
W02000168_age_65_plus_sex_male,W02000168,age_65_plus,sex_male,611
W02000169_age_0_15_sex_female,W02000169,age_0_15,sex_female,801
W02000169_age_0_15_sex_male,W02000169,age_0_15,sex_male,754
W02000169_age_16_24_sex_female,W02000169,age_16_24,sex_female,466
W02000169_age_16_24_sex_male,W02000169,age_16_24,sex_male,439
W02000169_age_25_44_sex_female,W02000169,age_25_44,sex_female,1104
W02000169_age_25_44_sex_male,W02000169,age_25_44,sex_male,1038
W02000169_age_45_64_sex_female,W02000169,age_45_64,sex_female,1287
W02000169_age_45_64_sex_male,W02000169,age_45_64,sex_male,1210
W02000169_age_65_plus_sex_female,W02000169,age_65_plus,sex_female,1048
W02000169_age_65_plus_sex_male,W02000169,age_65_plus,sex_male,986
W02000170_age_0_15_sex_female,W02000170,age_0_15,sex_female,673
W02000170_age_0_15_sex_male,W02000170,age_0_15,sex_male,631
W02000170_age_16_24_sex_female,W02000170,age_16_24,sex_female,480
W02000170_age_16_24_sex_male,W02000170,age_16_24,sex_male,450
W02000170_age_25_44_sex_female,W02000170,age_25_44,sex_female,1049
W02000170_age_25_44_sex_male,W02000170,age_25_44,sex_male,984
W02000170_age_45_64_sex_female,W02000170,age_45_64,sex_female,1223
W02000170_age_45_64_sex_male,W02000170,age_45_64,sex_male,1146
W02000170_age_65_plus_sex_female,W02000170,age_65_plus,sex_female,1053
W02000170_age_65_plus_sex_male,W02000170,age_65_plus,sex_male,987
W02000171_age_0_15_sex_female,W02000171,age_0_15,sex_female,780
W02000171_age_0_15_sex_male,W02000171,age_0_15,sex_male,747
W02000171_age_16_24_sex_female,W02000171,age_16_24,sex_female,443
W02000171_age_16_24_sex_male,W02000171,age_16_24,sex_male,423
W02000171_age_25_44_sex_female,W02000171,age_25_44,sex_female,1108
W02000171_age_25_44_sex_male,W02000171,age_25_44,sex_male,1060
W02000171_age_45_64_sex_female,W02000171,age_45_64,sex_female,1223
W02000171_age_45_64_sex_male,W02000171,age_45_64,sex_male,1170
W02000171_age_65_plus_sex_female,W02000171,age_65_plus,sex_female,764
W02000171_age_65_plus_sex_male,W02000171,age_65_plus,sex_male,731
W02000172_age_0_15_sex_female,W02000172,age_0_15,sex_female,922
W02000172_age_0_15_sex_male,W02000172,age_0_15,sex_male,884
W02000172_age_16_24_sex_female,W02000172,age_16_24,sex_female,589
W02000172_age_16_24_sex_male,W02000172,age_16_24,sex_male,564
W02000172_age_25_44_sex_female,W02000172,age_25_44,sex_female,1326
W02000172_age_25_44_sex_male,W02000172,age_25_44,sex_male,1272
W02000172_age_45_64_sex_female,W02000172,age_45_64,sex_female,1380
W02000172_age_45_64_sex_male,W02000172,age_45_64,sex_male,1324
W02000172_age_65_plus_sex_female,W02000172,age_65_plus,sex_female,1016
W02000172_age_65_plus_sex_male,W02000172,age_65_plus,sex_male,975
W02000173_age_0_15_sex_female,W02000173,age_0_15,sex_female,770
W02000173_age_0_15_sex_male,W02000173,age_0_15,sex_male,735
W02000173_age_16_24_sex_female,W02000173,age_16_24,sex_female,407
W02000173_age_16_24_sex_male,W02000173,age_16_24,sex_male,388
W02000173_age_25_44_sex_female,W02000173,age_25_44,sex_female,1185
W02000173_age_25_44_sex_male,W02000173,age_25_44,sex_male,1131
W02000173_age_45_64_sex_female,W02000173,age_45_64,sex_female,1043
W02000173_age_45_64_sex_male,W02000173,age_45_64,sex_male,996
W02000173_age_65_plus_sex_female,W02000173,age_65_plus,sex_female,638
W02000173_age_65_plus_sex_male,W02000173,age_65_plus,sex_male,609
W02000174_age_0_15_sex_female,W02000174,age_0_15,sex_female,842
W02000174_age_0_15_sex_male,W02000174,age_0_15,sex_male,791
W02000174_age_16_24_sex_female,W02000174,age_16_24,sex_female,471
W02000174_age_16_24_sex_male,W02000174,age_16_24,sex_male,442
W02000174_age_25_44_sex_female,W02000174,age_25_44,sex_female,1207
W02000174_age_25_44_sex_male,W02000174,age_25_44,sex_male,1134
W02000174_age_45_64_sex_female,W02000174,age_45_64,sex_female,1295
W02000174_age_45_64_sex_male,W02000174,age_45_64,sex_male,1216
W02000174_age_65_plus_sex_female,W02000174,age_65_plus,sex_female,1154
W02000174_age_65_plus_sex_male,W02000174,age_65_plus,sex_male,1085
W02000175_age_0_15_sex_female,W02000175,age_0_15,sex_female,612
W02000175_age_0_15_sex_male,W02000175,age_0_15,sex_male,575
W02000175_age_16_24_sex_female,W02000175,age_16_24,sex_female,391
W02000175_age_16_24_sex_male,W02000175,age_16_24,sex_male,368
W02000175_age_25_44_sex_female,W02000175,age_25_44,sex_female,1047
W02000175_age_25_44_sex_male,W02000175,age_25_44,sex_male,985
W02000175_age_45_64_sex_female,W02000175,age_45_64,sex_female,1038
W02000175_age_45_64_sex_male,W02000175,age_45_64,sex_male,976
W02000175_age_65_plus_sex_female,W02000175,age_65_plus,sex_female,701
W02000175_age_65_plus_sex_male,W02000175,age_65_plus,sex_male,660
W02000176_age_0_15_sex_female,W02000176,age_0_15,sex_female,790
W02000176_age_0_15_sex_male,W02000176,age_0_15,sex_male,734
W02000176_age_16_24_sex_female,W02000176,age_16_24,sex_female,453
W02000176_age_16_24_sex_male,W02000176,age_16_24,sex_male,421
W02000176_age_25_44_sex_female,W02000176,age_25_44,sex_female,1095
W02000176_age_25_44_sex_male,W02000176,age_25_44,sex_male,1018
W02000176_age_45_64_sex_female,W02000176,age_45_64,sex_female,1156
W02000176_age_45_64_sex_male,W02000176,age_45_64,sex_male,1076
W02000176_age_65_plus_sex_female,W02000176,age_65_plus,sex_female,1143
W02000176_age_65_plus_sex_male,W02000176,age_65_plus,sex_male,1063
W02000177_age_0_15_sex_female,W02000177,age_0_15,sex_female,661
W02000177_age_0_15_sex_male,W02000177,age_0_15,sex_male,632
W02000177_age_16_24_sex_female,W02000177,age_16_24,sex_female,383
W02000177_age_16_24_sex_male,W02000177,age_16_24,sex_male,367
W02000177_age_25_44_sex_female,W02000177,age_25_44,sex_female,960
W02000177_age_25_44_sex_male,W02000177,age_25_44,sex_male,918
W02000177_age_45_64_sex_female,W02000177,age_45_64,sex_female,927
W02000177_age_45_64_sex_male,W02000177,age_45_64,sex_male,887
W02000177_age_65_plus_sex_female,W02000177,age_65_plus,sex_female,645
W02000177_age_65_plus_sex_male,W02000177,age_65_plus,sex_male,617
W02000178_age_0_15_sex_female,W02000178,age_0_15,sex_female,1182
W02000178_age_0_15_sex_male,W02000178,age_0_15,sex_male,1048
W02000178_age_16_24_sex_female,W02000178,age_16_24,sex_female,642
W02000178_age_16_24_sex_male,W02000178,age_16_24,sex_male,568
W02000178_age_25_44_sex_female,W02000178,age_25_44,sex_female,1297
W02000178_age_25_44_sex_male,W02000178,age_25_44,sex_male,1150
W02000178_age_45_64_sex_female,W02000178,age_45_64,sex_female,1064
W02000178_age_45_64_sex_male,W02000178,age_45_64,sex_male,943
W02000178_age_65_plus_sex_female,W02000178,age_65_plus,sex_female,541
W02000178_age_65_plus_sex_male,W02000178,age_65_plus,sex_male,479
W02000179_age_0_15_sex_female,W02000179,age_0_15,sex_female,475
W02000179_age_0_15_sex_male,W02000179,age_0_15,sex_male,451
W02000179_age_16_24_sex_female,W02000179,age_16_24,sex_female,366
W02000179_age_16_24_sex_male,W02000179,age_16_24,sex_male,347
W02000179_age_25_44_sex_female,W02000179,age_25_44,sex_female,689
W02000179_age_25_44_sex_male,W02000179,age_25_44,sex_male,653
W02000179_age_45_64_sex_female,W02000179,age_45_64,sex_female,985
W02000179_age_45_64_sex_male,W02000179,age_45_64,sex_male,934
W02000179_age_65_plus_sex_female,W02000179,age_65_plus,sex_female,811
W02000179_age_65_plus_sex_male,W02000179,age_65_plus,sex_male,770
W02000180_age_0_15_sex_female,W02000180,age_0_15,sex_female,857
W02000180_age_0_15_sex_male,W02000180,age_0_15,sex_male,802
W02000180_age_16_24_sex_female,W02000180,age_16_24,sex_female,501
W02000180_age_16_24_sex_male,W02000180,age_16_24,sex_male,469
W02000180_age_25_44_sex_female,W02000180,age_25_44,sex_female,1076
W02000180_age_25_44_sex_male,W02000180,age_25_44,sex_male,1007
W02000180_age_45_64_sex_female,W02000180,age_45_64,sex_female,1025
W02000180_age_45_64_sex_male,W02000180,age_45_64,sex_male,960
W02000180_age_65_plus_sex_female,W02000180,age_65_plus,sex_female,679
W02000180_age_65_plus_sex_male,W02000180,age_65_plus,sex_male,636
W02000181_age_0_15_sex_female,W02000181,age_0_15,sex_female,657
W02000181_age_0_15_sex_male,W02000181,age_0_15,sex_male,597
W02000181_age_16_24_sex_female,W02000181,age_16_24,sex_female,497
W02000181_age_16_24_sex_male,W02000181,age_16_24,sex_male,451
W02000181_age_25_44_sex_female,W02000181,age_25_44,sex_female,1105
W02000181_age_25_44_sex_male,W02000181,age_25_44,sex_male,1003
W02000181_age_45_64_sex_female,W02000181,age_45_64,sex_female,887
W02000181_age_45_64_sex_male,W02000181,age_45_64,sex_male,805
W02000181_age_65_plus_sex_female,W02000181,age_65_plus,sex_female,733
W02000181_age_65_plus_sex_male,W02000181,age_65_plus,sex_male,666
W02000182_age_0_15_sex_female,W02000182,age_0_15,sex_female,634
W02000182_age_0_15_sex_male,W02000182,age_0_15,sex_male,610
W02000182_age_16_24_sex_female,W02000182,age_16_24,sex_female,421
W02000182_age_16_24_sex_male,W02000182,age_16_24,sex_male,405
W02000182_age_25_44_sex_female,W02000182,age_25_44,sex_female,1036
W02000182_age_25_44_sex_male,W02000182,age_25_44,sex_male,998
W02000182_age_45_64_sex_female,W02000182,age_45_64,sex_female,1018
W02000182_age_45_64_sex_male,W02000182,age_45_64,sex_male,980
W02000182_age_65_plus_sex_female,W02000182,age_65_plus,sex_female,727
W02000182_age_65_plus_sex_male,W02000182,age_65_plus,sex_male,699
W02000183_age_0_15_sex_female,W02000183,age_0_15,sex_female,789
W02000183_age_0_15_sex_male,W02000183,age_0_15,sex_male,842
W02000183_age_16_24_sex_female,W02000183,age_16_24,sex_female,862
W02000183_age_16_24_sex_male,W02000183,age_16_24,sex_male,920
W02000183_age_25_44_sex_female,W02000183,age_25_44,sex_female,1432
W02000183_age_25_44_sex_male,W02000183,age_25_44,sex_male,1527
W02000183_age_45_64_sex_female,W02000183,age_45_64,sex_female,1169
W02000183_age_45_64_sex_male,W02000183,age_45_64,sex_male,1247
W02000183_age_65_plus_sex_female,W02000183,age_65_plus,sex_female,692
W02000183_age_65_plus_sex_male,W02000183,age_65_plus,sex_male,737
W02000184_age_0_15_sex_female,W02000184,age_0_15,sex_female,556
W02000184_age_0_15_sex_male,W02000184,age_0_15,sex_male,531
W02000184_age_16_24_sex_female,W02000184,age_16_24,sex_female,356
W02000184_age_16_24_sex_male,W02000184,age_16_24,sex_male,340
W02000184_age_25_44_sex_female,W02000184,age_25_44,sex_female,894
W02000184_age_25_44_sex_male,W02000184,age_25_44,sex_male,852
W02000184_age_45_64_sex_female,W02000184,age_45_64,sex_female,947
W02000184_age_45_64_sex_male,W02000184,age_45_64,sex_male,904
W02000184_age_65_plus_sex_female,W02000184,age_65_plus,sex_female,714
W02000184_age_65_plus_sex_male,W02000184,age_65_plus,sex_male,681
W02000185_age_0_15_sex_female,W02000185,age_0_15,sex_female,361
W02000185_age_0_15_sex_male,W02000185,age_0_15,sex_male,342
W02000185_age_16_24_sex_female,W02000185,age_16_24,sex_female,234
W02000185_age_16_24_sex_male,W02000185,age_16_24,sex_male,222
W02000185_age_25_44_sex_female,W02000185,age_25_44,sex_female,495
W02000185_age_25_44_sex_male,W02000185,age_25_44,sex_male,468
W02000185_age_45_64_sex_female,W02000185,age_45_64,sex_female,756
W02000185_age_45_64_sex_male,W02000185,age_45_64,sex_male,716
W02000185_age_65_plus_sex_female,W02000185,age_65_plus,sex_female,735
W02000185_age_65_plus_sex_male,W02000185,age_65_plus,sex_male,696
W02000186_age_0_15_sex_female,W02000186,age_0_15,sex_female,1214
W02000186_age_0_15_sex_male,W02000186,age_0_15,sex_male,1103
W02000186_age_16_24_sex_female,W02000186,age_16_24,sex_female,577
W02000186_age_16_24_sex_male,W02000186,age_16_24,sex_male,525
W02000186_age_25_44_sex_female,W02000186,age_25_44,sex_female,1285
W02000186_age_25_44_sex_male,W02000186,age_25_44,sex_male,1168
W02000186_age_45_64_sex_female,W02000186,age_45_64,sex_female,1023
W02000186_age_45_64_sex_male,W02000186,age_45_64,sex_male,930
W02000186_age_65_plus_sex_female,W02000186,age_65_plus,sex_female,532
W02000186_age_65_plus_sex_male,W02000186,age_65_plus,sex_male,483
W02000188_age_0_15_sex_female,W02000188,age_0_15,sex_female,624
W02000188_age_0_15_sex_male,W02000188,age_0_15,sex_male,645
W02000188_age_16_24_sex_female,W02000188,age_16_24,sex_female,731
W02000188_age_16_24_sex_male,W02000188,age_16_24,sex_male,755
W02000188_age_25_44_sex_female,W02000188,age_25_44,sex_female,1079
W02000188_age_25_44_sex_male,W02000188,age_25_44,sex_male,1115
W02000188_age_45_64_sex_female,W02000188,age_45_64,sex_female,918
W02000188_age_45_64_sex_male,W02000188,age_45_64,sex_male,949
W02000188_age_65_plus_sex_female,W02000188,age_65_plus,sex_female,620
W02000188_age_65_plus_sex_male,W02000188,age_65_plus,sex_male,641
W02000189_age_0_15_sex_female,W02000189,age_0_15,sex_female,662
W02000189_age_0_15_sex_male,W02000189,age_0_15,sex_male,615
W02000189_age_16_24_sex_female,W02000189,age_16_24,sex_female,407
W02000189_age_16_24_sex_male,W02000189,age_16_24,sex_male,378
W02000189_age_25_44_sex_female,W02000189,age_25_44,sex_female,960
W02000189_age_25_44_sex_male,W02000189,age_25_44,sex_male,893
W02000189_age_45_64_sex_female,W02000189,age_45_64,sex_female,1201
W02000189_age_45_64_sex_male,W02000189,age_45_64,sex_male,1118
W02000189_age_65_plus_sex_female,W02000189,age_65_plus,sex_female,1039
W02000189_age_65_plus_sex_male,W02000189,age_65_plus,sex_male,967
W02000191_age_0_15_sex_female,W02000191,age_0_15,sex_female,469
W02000191_age_0_15_sex_male,W02000191,age_0_15,sex_male,510
W02000191_age_16_24_sex_female,W02000191,age_16_24,sex_female,1163
W02000191_age_16_24_sex_male,W02000191,age_16_24,sex_male,1263
W02000191_age_25_44_sex_female,W02000191,age_25_44,sex_female,1037
W02000191_age_25_44_sex_male,W02000191,age_25_44,sex_male,1127
W02000191_age_45_64_sex_female,W02000191,age_45_64,sex_female,896
W02000191_age_45_64_sex_male,W02000191,age_45_64,sex_male,973
W02000191_age_65_plus_sex_female,W02000191,age_65_plus,sex_female,643
W02000191_age_65_plus_sex_male,W02000191,age_65_plus,sex_male,698
W02000192_age_0_15_sex_female,W02000192,age_0_15,sex_female,306
W02000192_age_0_15_sex_male,W02000192,age_0_15,sex_male,415
W02000192_age_16_24_sex_female,W02000192,age_16_24,sex_female,970
W02000192_age_16_24_sex_male,W02000192,age_16_24,sex_male,1314
W02000192_age_25_44_sex_female,W02000192,age_25_44,sex_female,1248
W02000192_age_25_44_sex_male,W02000192,age_25_44,sex_male,1690
W02000192_age_45_64_sex_female,W02000192,age_45_64,sex_female,786
W02000192_age_45_64_sex_male,W02000192,age_45_64,sex_male,1064
W02000192_age_65_plus_sex_female,W02000192,age_65_plus,sex_female,565
W02000192_age_65_plus_sex_male,W02000192,age_65_plus,sex_male,765
W02000193_age_0_15_sex_female,W02000193,age_0_15,sex_female,296
W02000193_age_0_15_sex_male,W02000193,age_0_15,sex_male,350
W02000193_age_16_24_sex_female,W02000193,age_16_24,sex_female,1881
W02000193_age_16_24_sex_male,W02000193,age_16_24,sex_male,2218
W02000193_age_25_44_sex_female,W02000193,age_25_44,sex_female,774
W02000193_age_25_44_sex_male,W02000193,age_25_44,sex_male,913
W02000193_age_45_64_sex_female,W02000193,age_45_64,sex_female,606
W02000193_age_45_64_sex_male,W02000193,age_45_64,sex_male,714
W02000193_age_65_plus_sex_female,W02000193,age_65_plus,sex_female,489
W02000193_age_65_plus_sex_male,W02000193,age_65_plus,sex_male,577
W02000194_age_0_15_sex_female,W02000194,age_0_15,sex_female,420
W02000194_age_0_15_sex_male,W02000194,age_0_15,sex_male,377
W02000194_age_16_24_sex_female,W02000194,age_16_24,sex_female,804
W02000194_age_16_24_sex_male,W02000194,age_16_24,sex_male,722
W02000194_age_25_44_sex_female,W02000194,age_25_44,sex_female,612
W02000194_age_25_44_sex_male,W02000194,age_25_44,sex_male,551
W02000194_age_45_64_sex_female,W02000194,age_45_64,sex_female,739
W02000194_age_45_64_sex_male,W02000194,age_45_64,sex_male,665
W02000194_age_65_plus_sex_female,W02000194,age_65_plus,sex_female,867
W02000194_age_65_plus_sex_male,W02000194,age_65_plus,sex_male,780
W02000195_age_0_15_sex_female,W02000195,age_0_15,sex_female,419
W02000195_age_0_15_sex_male,W02000195,age_0_15,sex_male,382
W02000195_age_16_24_sex_female,W02000195,age_16_24,sex_female,254
W02000195_age_16_24_sex_male,W02000195,age_16_24,sex_male,232
W02000195_age_25_44_sex_female,W02000195,age_25_44,sex_female,464
W02000195_age_25_44_sex_male,W02000195,age_25_44,sex_male,422
W02000195_age_45_64_sex_female,W02000195,age_45_64,sex_female,864
W02000195_age_45_64_sex_male,W02000195,age_45_64,sex_male,787
W02000195_age_65_plus_sex_female,W02000195,age_65_plus,sex_female,1025
W02000195_age_65_plus_sex_male,W02000195,age_65_plus,sex_male,935
W02000196_age_0_15_sex_female,W02000196,age_0_15,sex_female,475
W02000196_age_0_15_sex_male,W02000196,age_0_15,sex_male,427
W02000196_age_16_24_sex_female,W02000196,age_16_24,sex_female,298
W02000196_age_16_24_sex_male,W02000196,age_16_24,sex_male,268
W02000196_age_25_44_sex_female,W02000196,age_25_44,sex_female,646
W02000196_age_25_44_sex_male,W02000196,age_25_44,sex_male,582
W02000196_age_45_64_sex_female,W02000196,age_45_64,sex_female,878
W02000196_age_45_64_sex_male,W02000196,age_45_64,sex_male,791
W02000196_age_65_plus_sex_female,W02000196,age_65_plus,sex_female,1006
W02000196_age_65_plus_sex_male,W02000196,age_65_plus,sex_male,906
W02000197_age_0_15_sex_female,W02000197,age_0_15,sex_female,394
W02000197_age_0_15_sex_male,W02000197,age_0_15,sex_male,374
W02000197_age_16_24_sex_female,W02000197,age_16_24,sex_female,268
W02000197_age_16_24_sex_male,W02000197,age_16_24,sex_male,255
W02000197_age_25_44_sex_female,W02000197,age_25_44,sex_female,423
W02000197_age_25_44_sex_male,W02000197,age_25_44,sex_male,403
W02000197_age_45_64_sex_female,W02000197,age_45_64,sex_female,931
W02000197_age_45_64_sex_male,W02000197,age_45_64,sex_male,885
W02000197_age_65_plus_sex_female,W02000197,age_65_plus,sex_female,1082
W02000197_age_65_plus_sex_male,W02000197,age_65_plus,sex_male,1029
W02000198_age_0_15_sex_female,W02000198,age_0_15,sex_female,494
W02000198_age_0_15_sex_male,W02000198,age_0_15,sex_male,453
W02000198_age_16_24_sex_female,W02000198,age_16_24,sex_female,324
W02000198_age_16_24_sex_male,W02000198,age_16_24,sex_male,297
W02000198_age_25_44_sex_female,W02000198,age_25_44,sex_female,620
W02000198_age_25_44_sex_male,W02000198,age_25_44,sex_male,570
W02000198_age_45_64_sex_female,W02000198,age_45_64,sex_female,1097
W02000198_age_45_64_sex_male,W02000198,age_45_64,sex_male,1008
W02000198_age_65_plus_sex_female,W02000198,age_65_plus,sex_female,1246
W02000198_age_65_plus_sex_male,W02000198,age_65_plus,sex_male,1145
W02000200_age_0_15_sex_female,W02000200,age_0_15,sex_female,436
W02000200_age_0_15_sex_male,W02000200,age_0_15,sex_male,421
W02000200_age_16_24_sex_female,W02000200,age_16_24,sex_female,261
W02000200_age_16_24_sex_male,W02000200,age_16_24,sex_male,252
W02000200_age_25_44_sex_female,W02000200,age_25_44,sex_female,584
W02000200_age_25_44_sex_male,W02000200,age_25_44,sex_male,563
W02000200_age_45_64_sex_female,W02000200,age_45_64,sex_female,716
W02000200_age_45_64_sex_male,W02000200,age_45_64,sex_male,692
W02000200_age_65_plus_sex_female,W02000200,age_65_plus,sex_female,612
W02000200_age_65_plus_sex_male,W02000200,age_65_plus,sex_male,591
W02000201_age_0_15_sex_female,W02000201,age_0_15,sex_female,444
W02000201_age_0_15_sex_male,W02000201,age_0_15,sex_male,423
W02000201_age_16_24_sex_female,W02000201,age_16_24,sex_female,278
W02000201_age_16_24_sex_male,W02000201,age_16_24,sex_male,265
W02000201_age_25_44_sex_female,W02000201,age_25_44,sex_female,610
W02000201_age_25_44_sex_male,W02000201,age_25_44,sex_male,582
W02000201_age_45_64_sex_female,W02000201,age_45_64,sex_female,740
W02000201_age_45_64_sex_male,W02000201,age_45_64,sex_male,706
W02000201_age_65_plus_sex_female,W02000201,age_65_plus,sex_female,633
W02000201_age_65_plus_sex_male,W02000201,age_65_plus,sex_male,603
W02000202_age_0_15_sex_female,W02000202,age_0_15,sex_female,1047
W02000202_age_0_15_sex_male,W02000202,age_0_15,sex_male,1010
W02000202_age_16_24_sex_female,W02000202,age_16_24,sex_female,644
W02000202_age_16_24_sex_male,W02000202,age_16_24,sex_male,621
W02000202_age_25_44_sex_female,W02000202,age_25_44,sex_female,1514
W02000202_age_25_44_sex_male,W02000202,age_25_44,sex_male,1460
W02000202_age_45_64_sex_female,W02000202,age_45_64,sex_female,1754
W02000202_age_45_64_sex_male,W02000202,age_45_64,sex_male,1691
W02000202_age_65_plus_sex_female,W02000202,age_65_plus,sex_female,1383
W02000202_age_65_plus_sex_male,W02000202,age_65_plus,sex_male,1334
W02000204_age_0_15_sex_female,W02000204,age_0_15,sex_female,446
W02000204_age_0_15_sex_male,W02000204,age_0_15,sex_male,414
W02000204_age_16_24_sex_female,W02000204,age_16_24,sex_female,363
W02000204_age_16_24_sex_male,W02000204,age_16_24,sex_male,338
W02000204_age_25_44_sex_female,W02000204,age_25_44,sex_female,674
W02000204_age_25_44_sex_male,W02000204,age_25_44,sex_male,626
W02000204_age_45_64_sex_female,W02000204,age_45_64,sex_female,997
W02000204_age_45_64_sex_male,W02000204,age_45_64,sex_male,926
W02000204_age_65_plus_sex_female,W02000204,age_65_plus,sex_female,943
W02000204_age_65_plus_sex_male,W02000204,age_65_plus,sex_male,877
W02000205_age_0_15_sex_female,W02000205,age_0_15,sex_female,411
W02000205_age_0_15_sex_male,W02000205,age_0_15,sex_male,378
W02000205_age_16_24_sex_female,W02000205,age_16_24,sex_female,295
W02000205_age_16_24_sex_male,W02000205,age_16_24,sex_male,272
W02000205_age_25_44_sex_female,W02000205,age_25_44,sex_female,635
W02000205_age_25_44_sex_male,W02000205,age_25_44,sex_male,585
W02000205_age_45_64_sex_female,W02000205,age_45_64,sex_female,857
W02000205_age_45_64_sex_male,W02000205,age_45_64,sex_male,789
W02000205_age_65_plus_sex_female,W02000205,age_65_plus,sex_female,785
W02000205_age_65_plus_sex_male,W02000205,age_65_plus,sex_male,724
W02000206_age_0_15_sex_female,W02000206,age_0_15,sex_female,502
W02000206_age_0_15_sex_male,W02000206,age_0_15,sex_male,495
W02000206_age_16_24_sex_female,W02000206,age_16_24,sex_female,357
W02000206_age_16_24_sex_male,W02000206,age_16_24,sex_male,352
W02000206_age_25_44_sex_female,W02000206,age_25_44,sex_female,791
W02000206_age_25_44_sex_male,W02000206,age_25_44,sex_male,780
W02000206_age_45_64_sex_female,W02000206,age_45_64,sex_female,898
W02000206_age_45_64_sex_male,W02000206,age_45_64,sex_male,886
W02000206_age_65_plus_sex_female,W02000206,age_65_plus,sex_female,778
W02000206_age_65_plus_sex_male,W02000206,age_65_plus,sex_male,768
W02000207_age_0_15_sex_female,W02000207,age_0_15,sex_female,380
W02000207_age_0_15_sex_male,W02000207,age_0_15,sex_male,353
W02000207_age_16_24_sex_female,W02000207,age_16_24,sex_female,252
W02000207_age_16_24_sex_male,W02000207,age_16_24,sex_male,233
W02000207_age_25_44_sex_female,W02000207,age_25_44,sex_female,581
W02000207_age_25_44_sex_male,W02000207,age_25_44,sex_male,539
W02000207_age_45_64_sex_female,W02000207,age_45_64,sex_female,787
W02000207_age_45_64_sex_male,W02000207,age_45_64,sex_male,729
W02000207_age_65_plus_sex_female,W02000207,age_65_plus,sex_female,725
W02000207_age_65_plus_sex_male,W02000207,age_65_plus,sex_male,672
W02000208_age_0_15_sex_female,W02000208,age_0_15,sex_female,955
W02000208_age_0_15_sex_male,W02000208,age_0_15,sex_male,1057
W02000208_age_16_24_sex_female,W02000208,age_16_24,sex_female,1432
W02000208_age_16_24_sex_male,W02000208,age_16_24,sex_male,1584
W02000208_age_25_44_sex_female,W02000208,age_25_44,sex_female,1500
W02000208_age_25_44_sex_male,W02000208,age_25_44,sex_male,1661
W02000208_age_45_64_sex_female,W02000208,age_45_64,sex_female,1257
W02000208_age_45_64_sex_male,W02000208,age_45_64,sex_male,1391
W02000208_age_65_plus_sex_female,W02000208,age_65_plus,sex_female,892
W02000208_age_65_plus_sex_male,W02000208,age_65_plus,sex_male,988
W02000210_age_0_15_sex_female,W02000210,age_0_15,sex_female,577
W02000210_age_0_15_sex_male,W02000210,age_0_15,sex_male,554
W02000210_age_16_24_sex_female,W02000210,age_16_24,sex_female,389
W02000210_age_16_24_sex_male,W02000210,age_16_24,sex_male,374
W02000210_age_25_44_sex_female,W02000210,age_25_44,sex_female,766
W02000210_age_25_44_sex_male,W02000210,age_25_44,sex_male,734
W02000210_age_45_64_sex_female,W02000210,age_45_64,sex_female,878
W02000210_age_45_64_sex_male,W02000210,age_45_64,sex_male,842
W02000210_age_65_plus_sex_female,W02000210,age_65_plus,sex_female,545
W02000210_age_65_plus_sex_male,W02000210,age_65_plus,sex_male,523
W02000211_age_0_15_sex_female,W02000211,age_0_15,sex_female,732
W02000211_age_0_15_sex_male,W02000211,age_0_15,sex_male,718
W02000211_age_16_24_sex_female,W02000211,age_16_24,sex_female,421
W02000211_age_16_24_sex_male,W02000211,age_16_24,sex_male,413
W02000211_age_25_44_sex_female,W02000211,age_25_44,sex_female,1054
W02000211_age_25_44_sex_male,W02000211,age_25_44,sex_male,1033
W02000211_age_45_64_sex_female,W02000211,age_45_64,sex_female,1009
W02000211_age_45_64_sex_male,W02000211,age_45_64,sex_male,989
W02000211_age_65_plus_sex_female,W02000211,age_65_plus,sex_female,732
W02000211_age_65_plus_sex_male,W02000211,age_65_plus,sex_male,718
W02000212_age_0_15_sex_female,W02000212,age_0_15,sex_female,649
W02000212_age_0_15_sex_male,W02000212,age_0_15,sex_male,621
W02000212_age_16_24_sex_female,W02000212,age_16_24,sex_female,408
W02000212_age_16_24_sex_male,W02000212,age_16_24,sex_male,391
W02000212_age_25_44_sex_female,W02000212,age_25_44,sex_female,949
W02000212_age_25_44_sex_male,W02000212,age_25_44,sex_male,909
W02000212_age_45_64_sex_female,W02000212,age_45_64,sex_female,1118
W02000212_age_45_64_sex_male,W02000212,age_45_64,sex_male,1070
W02000212_age_65_plus_sex_female,W02000212,age_65_plus,sex_female,829
W02000212_age_65_plus_sex_male,W02000212,age_65_plus,sex_male,793
W02000213_age_0_15_sex_female,W02000213,age_0_15,sex_female,527
W02000213_age_0_15_sex_male,W02000213,age_0_15,sex_male,494
W02000213_age_16_24_sex_female,W02000213,age_16_24,sex_female,346
W02000213_age_16_24_sex_male,W02000213,age_16_24,sex_male,325
W02000213_age_25_44_sex_female,W02000213,age_25_44,sex_female,838
W02000213_age_25_44_sex_male,W02000213,age_25_44,sex_male,787
W02000213_age_45_64_sex_female,W02000213,age_45_64,sex_female,915
W02000213_age_45_64_sex_male,W02000213,age_45_64,sex_male,859
W02000213_age_65_plus_sex_female,W02000213,age_65_plus,sex_female,857
W02000213_age_65_plus_sex_male,W02000213,age_65_plus,sex_male,805
W02000214_age_0_15_sex_female,W02000214,age_0_15,sex_female,931
W02000214_age_0_15_sex_male,W02000214,age_0_15,sex_male,840
W02000214_age_16_24_sex_female,W02000214,age_16_24,sex_female,562
W02000214_age_16_24_sex_male,W02000214,age_16_24,sex_male,506
W02000214_age_25_44_sex_female,W02000214,age_25_44,sex_female,1249
W02000214_age_25_44_sex_male,W02000214,age_25_44,sex_male,1126
W02000214_age_45_64_sex_female,W02000214,age_45_64,sex_female,1282
W02000214_age_45_64_sex_male,W02000214,age_45_64,sex_male,1155
W02000214_age_65_plus_sex_female,W02000214,age_65_plus,sex_female,1056
W02000214_age_65_plus_sex_male,W02000214,age_65_plus,sex_male,951
W02000215_age_0_15_sex_female,W02000215,age_0_15,sex_female,896
W02000215_age_0_15_sex_male,W02000215,age_0_15,sex_male,842
W02000215_age_16_24_sex_female,W02000215,age_16_24,sex_female,494
W02000215_age_16_24_sex_male,W02000215,age_16_24,sex_male,464
W02000215_age_25_44_sex_female,W02000215,age_25_44,sex_female,1289
W02000215_age_25_44_sex_male,W02000215,age_25_44,sex_male,1211
W02000215_age_45_64_sex_female,W02000215,age_45_64,sex_female,1290
W02000215_age_45_64_sex_male,W02000215,age_45_64,sex_male,1212
W02000215_age_65_plus_sex_female,W02000215,age_65_plus,sex_female,910
W02000215_age_65_plus_sex_male,W02000215,age_65_plus,sex_male,855
W02000216_age_0_15_sex_female,W02000216,age_0_15,sex_female,582
W02000216_age_0_15_sex_male,W02000216,age_0_15,sex_male,578
W02000216_age_16_24_sex_female,W02000216,age_16_24,sex_female,363
W02000216_age_16_24_sex_male,W02000216,age_16_24,sex_male,360
W02000216_age_25_44_sex_female,W02000216,age_25_44,sex_female,939
W02000216_age_25_44_sex_male,W02000216,age_25_44,sex_male,933
W02000216_age_45_64_sex_female,W02000216,age_45_64,sex_female,984
W02000216_age_45_64_sex_male,W02000216,age_45_64,sex_male,978
W02000216_age_65_plus_sex_female,W02000216,age_65_plus,sex_female,740
W02000216_age_65_plus_sex_male,W02000216,age_65_plus,sex_male,735
W02000217_age_0_15_sex_female,W02000217,age_0_15,sex_female,588
W02000217_age_0_15_sex_male,W02000217,age_0_15,sex_male,562
W02000217_age_16_24_sex_female,W02000217,age_16_24,sex_female,345
W02000217_age_16_24_sex_male,W02000217,age_16_24,sex_male,330
W02000217_age_25_44_sex_female,W02000217,age_25_44,sex_female,797
W02000217_age_25_44_sex_male,W02000217,age_25_44,sex_male,762
W02000217_age_45_64_sex_female,W02000217,age_45_64,sex_female,913
W02000217_age_45_64_sex_male,W02000217,age_45_64,sex_male,873
W02000217_age_65_plus_sex_female,W02000217,age_65_plus,sex_female,627
W02000217_age_65_plus_sex_male,W02000217,age_65_plus,sex_male,600
W02000218_age_0_15_sex_female,W02000218,age_0_15,sex_female,656
W02000218_age_0_15_sex_male,W02000218,age_0_15,sex_male,634
W02000218_age_16_24_sex_female,W02000218,age_16_24,sex_female,393
W02000218_age_16_24_sex_male,W02000218,age_16_24,sex_male,379
W02000218_age_25_44_sex_female,W02000218,age_25_44,sex_female,830
W02000218_age_25_44_sex_male,W02000218,age_25_44,sex_male,802
W02000218_age_45_64_sex_female,W02000218,age_45_64,sex_female,884
W02000218_age_45_64_sex_male,W02000218,age_45_64,sex_male,854
W02000218_age_65_plus_sex_female,W02000218,age_65_plus,sex_female,627
W02000218_age_65_plus_sex_male,W02000218,age_65_plus,sex_male,606
W02000219_age_0_15_sex_female,W02000219,age_0_15,sex_female,571
W02000219_age_0_15_sex_male,W02000219,age_0_15,sex_male,545
W02000219_age_16_24_sex_female,W02000219,age_16_24,sex_female,423
W02000219_age_16_24_sex_male,W02000219,age_16_24,sex_male,403
W02000219_age_25_44_sex_female,W02000219,age_25_44,sex_female,811
W02000219_age_25_44_sex_male,W02000219,age_25_44,sex_male,773
W02000219_age_45_64_sex_female,W02000219,age_45_64,sex_female,1075
W02000219_age_45_64_sex_male,W02000219,age_45_64,sex_male,1025
W02000219_age_65_plus_sex_female,W02000219,age_65_plus,sex_female,791
W02000219_age_65_plus_sex_male,W02000219,age_65_plus,sex_male,755
W02000220_age_0_15_sex_female,W02000220,age_0_15,sex_female,724
W02000220_age_0_15_sex_male,W02000220,age_0_15,sex_male,689
W02000220_age_16_24_sex_female,W02000220,age_16_24,sex_female,455
W02000220_age_16_24_sex_male,W02000220,age_16_24,sex_male,433
W02000220_age_25_44_sex_female,W02000220,age_25_44,sex_female,995
W02000220_age_25_44_sex_male,W02000220,age_25_44,sex_male,947
W02000220_age_45_64_sex_female,W02000220,age_45_64,sex_female,1119
W02000220_age_45_64_sex_male,W02000220,age_45_64,sex_male,1065
W02000220_age_65_plus_sex_female,W02000220,age_65_plus,sex_female,798
W02000220_age_65_plus_sex_male,W02000220,age_65_plus,sex_male,759
W02000221_age_0_15_sex_female,W02000221,age_0_15,sex_female,717
W02000221_age_0_15_sex_male,W02000221,age_0_15,sex_male,698
W02000221_age_16_24_sex_female,W02000221,age_16_24,sex_female,453
W02000221_age_16_24_sex_male,W02000221,age_16_24,sex_male,440
W02000221_age_25_44_sex_female,W02000221,age_25_44,sex_female,995
W02000221_age_25_44_sex_male,W02000221,age_25_44,sex_male,967
W02000221_age_45_64_sex_female,W02000221,age_45_64,sex_female,1060
W02000221_age_45_64_sex_male,W02000221,age_45_64,sex_male,1031
W02000221_age_65_plus_sex_female,W02000221,age_65_plus,sex_female,673
W02000221_age_65_plus_sex_male,W02000221,age_65_plus,sex_male,654
W02000222_age_0_15_sex_female,W02000222,age_0_15,sex_female,478
W02000222_age_0_15_sex_male,W02000222,age_0_15,sex_male,464
W02000222_age_16_24_sex_female,W02000222,age_16_24,sex_female,361
W02000222_age_16_24_sex_male,W02000222,age_16_24,sex_male,350
W02000222_age_25_44_sex_female,W02000222,age_25_44,sex_female,653
W02000222_age_25_44_sex_male,W02000222,age_25_44,sex_male,633
W02000222_age_45_64_sex_female,W02000222,age_45_64,sex_female,850
W02000222_age_45_64_sex_male,W02000222,age_45_64,sex_male,824
W02000222_age_65_plus_sex_female,W02000222,age_65_plus,sex_female,791
W02000222_age_65_plus_sex_male,W02000222,age_65_plus,sex_male,767
W02000223_age_0_15_sex_female,W02000223,age_0_15,sex_female,508
W02000223_age_0_15_sex_male,W02000223,age_0_15,sex_male,478
W02000223_age_16_24_sex_female,W02000223,age_16_24,sex_female,302
W02000223_age_16_24_sex_male,W02000223,age_16_24,sex_male,284
W02000223_age_25_44_sex_female,W02000223,age_25_44,sex_female,776
W02000223_age_25_44_sex_male,W02000223,age_25_44,sex_male,730
W02000223_age_45_64_sex_female,W02000223,age_45_64,sex_female,921
W02000223_age_45_64_sex_male,W02000223,age_45_64,sex_male,865
W02000223_age_65_plus_sex_female,W02000223,age_65_plus,sex_female,588
W02000223_age_65_plus_sex_male,W02000223,age_65_plus,sex_male,552
W02000224_age_0_15_sex_female,W02000224,age_0_15,sex_female,599
W02000224_age_0_15_sex_male,W02000224,age_0_15,sex_male,569
W02000224_age_16_24_sex_female,W02000224,age_16_24,sex_female,361
W02000224_age_16_24_sex_male,W02000224,age_16_24,sex_male,342
W02000224_age_25_44_sex_female,W02000224,age_25_44,sex_female,930
W02000224_age_25_44_sex_male,W02000224,age_25_44,sex_male,883
W02000224_age_45_64_sex_female,W02000224,age_45_64,sex_female,858
W02000224_age_45_64_sex_male,W02000224,age_45_64,sex_male,815
W02000224_age_65_plus_sex_female,W02000224,age_65_plus,sex_female,585
W02000224_age_65_plus_sex_male,W02000224,age_65_plus,sex_male,556
W02000225_age_0_15_sex_female,W02000225,age_0_15,sex_female,819
W02000225_age_0_15_sex_male,W02000225,age_0_15,sex_male,769
W02000225_age_16_24_sex_female,W02000225,age_16_24,sex_female,478
W02000225_age_16_24_sex_male,W02000225,age_16_24,sex_male,450
W02000225_age_25_44_sex_female,W02000225,age_25_44,sex_female,1097
W02000225_age_25_44_sex_male,W02000225,age_25_44,sex_male,1030
W02000225_age_45_64_sex_female,W02000225,age_45_64,sex_female,1307
W02000225_age_45_64_sex_male,W02000225,age_45_64,sex_male,1228
W02000225_age_65_plus_sex_female,W02000225,age_65_plus,sex_female,876
W02000225_age_65_plus_sex_male,W02000225,age_65_plus,sex_male,824
W02000226_age_0_15_sex_female,W02000226,age_0_15,sex_female,820
W02000226_age_0_15_sex_male,W02000226,age_0_15,sex_male,790
W02000226_age_16_24_sex_female,W02000226,age_16_24,sex_female,522
W02000226_age_16_24_sex_male,W02000226,age_16_24,sex_male,504
W02000226_age_25_44_sex_female,W02000226,age_25_44,sex_female,1153
W02000226_age_25_44_sex_male,W02000226,age_25_44,sex_male,1112
W02000226_age_45_64_sex_female,W02000226,age_45_64,sex_female,1432
W02000226_age_45_64_sex_male,W02000226,age_45_64,sex_male,1380
W02000226_age_65_plus_sex_female,W02000226,age_65_plus,sex_female,1169
W02000226_age_65_plus_sex_male,W02000226,age_65_plus,sex_male,1127
W02000227_age_0_15_sex_female,W02000227,age_0_15,sex_female,750
W02000227_age_0_15_sex_male,W02000227,age_0_15,sex_male,698
W02000227_age_16_24_sex_female,W02000227,age_16_24,sex_female,416
W02000227_age_16_24_sex_male,W02000227,age_16_24,sex_male,387
W02000227_age_25_44_sex_female,W02000227,age_25_44,sex_female,988
W02000227_age_25_44_sex_male,W02000227,age_25_44,sex_male,918
W02000227_age_45_64_sex_female,W02000227,age_45_64,sex_female,964
W02000227_age_45_64_sex_male,W02000227,age_45_64,sex_male,896
W02000227_age_65_plus_sex_female,W02000227,age_65_plus,sex_female,718
W02000227_age_65_plus_sex_male,W02000227,age_65_plus,sex_male,668
W02000228_age_0_15_sex_female,W02000228,age_0_15,sex_female,948
W02000228_age_0_15_sex_male,W02000228,age_0_15,sex_male,1194
W02000228_age_16_24_sex_female,W02000228,age_16_24,sex_female,545
W02000228_age_16_24_sex_male,W02000228,age_16_24,sex_male,687
W02000228_age_25_44_sex_female,W02000228,age_25_44,sex_female,2071
W02000228_age_25_44_sex_male,W02000228,age_25_44,sex_male,2608
W02000228_age_45_64_sex_female,W02000228,age_45_64,sex_female,1130
W02000228_age_45_64_sex_male,W02000228,age_45_64,sex_male,1423
W02000228_age_65_plus_sex_female,W02000228,age_65_plus,sex_female,689
W02000228_age_65_plus_sex_male,W02000228,age_65_plus,sex_male,868
W02000229_age_0_15_sex_female,W02000229,age_0_15,sex_female,519
W02000229_age_0_15_sex_male,W02000229,age_0_15,sex_male,501
W02000229_age_16_24_sex_female,W02000229,age_16_24,sex_female,321
W02000229_age_16_24_sex_male,W02000229,age_16_24,sex_male,310
W02000229_age_25_44_sex_female,W02000229,age_25_44,sex_female,749
W02000229_age_25_44_sex_male,W02000229,age_25_44,sex_male,722
W02000229_age_45_64_sex_female,W02000229,age_45_64,sex_female,853
W02000229_age_45_64_sex_male,W02000229,age_45_64,sex_male,822
W02000229_age_65_plus_sex_female,W02000229,age_65_plus,sex_female,675
W02000229_age_65_plus_sex_male,W02000229,age_65_plus,sex_male,651
W02000230_age_0_15_sex_female,W02000230,age_0_15,sex_female,426
W02000230_age_0_15_sex_male,W02000230,age_0_15,sex_male,411
W02000230_age_16_24_sex_female,W02000230,age_16_24,sex_female,257
W02000230_age_16_24_sex_male,W02000230,age_16_24,sex_male,248
W02000230_age_25_44_sex_female,W02000230,age_25_44,sex_female,646
W02000230_age_25_44_sex_male,W02000230,age_25_44,sex_male,621
W02000230_age_45_64_sex_female,W02000230,age_45_64,sex_female,825
W02000230_age_45_64_sex_male,W02000230,age_45_64,sex_male,794
W02000230_age_65_plus_sex_female,W02000230,age_65_plus,sex_female,739
W02000230_age_65_plus_sex_male,W02000230,age_65_plus,sex_male,711
W02000231_age_0_15_sex_female,W02000231,age_0_15,sex_female,696
W02000231_age_0_15_sex_male,W02000231,age_0_15,sex_male,691
W02000231_age_16_24_sex_female,W02000231,age_16_24,sex_female,419
W02000231_age_16_24_sex_male,W02000231,age_16_24,sex_male,416
W02000231_age_25_44_sex_female,W02000231,age_25_44,sex_female,1151
W02000231_age_25_44_sex_male,W02000231,age_25_44,sex_male,1144
W02000231_age_45_64_sex_female,W02000231,age_45_64,sex_female,1093
W02000231_age_45_64_sex_male,W02000231,age_45_64,sex_male,1087
W02000231_age_65_plus_sex_female,W02000231,age_65_plus,sex_female,813
W02000231_age_65_plus_sex_male,W02000231,age_65_plus,sex_male,807
W02000232_age_0_15_sex_female,W02000232,age_0_15,sex_female,474
W02000232_age_0_15_sex_male,W02000232,age_0_15,sex_male,457
W02000232_age_16_24_sex_female,W02000232,age_16_24,sex_female,287
W02000232_age_16_24_sex_male,W02000232,age_16_24,sex_male,277
W02000232_age_25_44_sex_female,W02000232,age_25_44,sex_female,745
W02000232_age_25_44_sex_male,W02000232,age_25_44,sex_male,718
W02000232_age_45_64_sex_female,W02000232,age_45_64,sex_female,870
W02000232_age_45_64_sex_male,W02000232,age_45_64,sex_male,839
W02000232_age_65_plus_sex_female,W02000232,age_65_plus,sex_female,548
W02000232_age_65_plus_sex_male,W02000232,age_65_plus,sex_male,529
W02000233_age_0_15_sex_female,W02000233,age_0_15,sex_female,601
W02000233_age_0_15_sex_male,W02000233,age_0_15,sex_male,585
W02000233_age_16_24_sex_female,W02000233,age_16_24,sex_female,326
W02000233_age_16_24_sex_male,W02000233,age_16_24,sex_male,318
W02000233_age_25_44_sex_female,W02000233,age_25_44,sex_female,827
W02000233_age_25_44_sex_male,W02000233,age_25_44,sex_male,806
W02000233_age_45_64_sex_female,W02000233,age_45_64,sex_female,830
W02000233_age_45_64_sex_male,W02000233,age_45_64,sex_male,809
W02000233_age_65_plus_sex_female,W02000233,age_65_plus,sex_female,559
W02000233_age_65_plus_sex_male,W02000233,age_65_plus,sex_male,545
W02000234_age_0_15_sex_female,W02000234,age_0_15,sex_female,1020
W02000234_age_0_15_sex_male,W02000234,age_0_15,sex_male,953
W02000234_age_16_24_sex_female,W02000234,age_16_24,sex_female,592
W02000234_age_16_24_sex_male,W02000234,age_16_24,sex_male,553
W02000234_age_25_44_sex_female,W02000234,age_25_44,sex_female,1349
W02000234_age_25_44_sex_male,W02000234,age_25_44,sex_male,1260
W02000234_age_45_64_sex_female,W02000234,age_45_64,sex_female,1621
W02000234_age_45_64_sex_male,W02000234,age_45_64,sex_male,1515
W02000234_age_65_plus_sex_female,W02000234,age_65_plus,sex_female,918
W02000234_age_65_plus_sex_male,W02000234,age_65_plus,sex_male,857
W02000235_age_0_15_sex_female,W02000235,age_0_15,sex_female,550
W02000235_age_0_15_sex_male,W02000235,age_0_15,sex_male,508
W02000235_age_16_24_sex_female,W02000235,age_16_24,sex_female,382
W02000235_age_16_24_sex_male,W02000235,age_16_24,sex_male,353
W02000235_age_25_44_sex_female,W02000235,age_25_44,sex_female,771
W02000235_age_25_44_sex_male,W02000235,age_25_44,sex_male,713
W02000235_age_45_64_sex_female,W02000235,age_45_64,sex_female,1395
W02000235_age_45_64_sex_male,W02000235,age_45_64,sex_male,1290
W02000235_age_65_plus_sex_female,W02000235,age_65_plus,sex_female,1666
W02000235_age_65_plus_sex_male,W02000235,age_65_plus,sex_male,1540
W02000236_age_0_15_sex_female,W02000236,age_0_15,sex_female,442
W02000236_age_0_15_sex_male,W02000236,age_0_15,sex_male,413
W02000236_age_16_24_sex_female,W02000236,age_16_24,sex_female,339
W02000236_age_16_24_sex_male,W02000236,age_16_24,sex_male,318
W02000236_age_25_44_sex_female,W02000236,age_25_44,sex_female,628
W02000236_age_25_44_sex_male,W02000236,age_25_44,sex_male,587
W02000236_age_45_64_sex_female,W02000236,age_45_64,sex_female,1109
W02000236_age_45_64_sex_male,W02000236,age_45_64,sex_male,1038
W02000236_age_65_plus_sex_female,W02000236,age_65_plus,sex_female,1077
W02000236_age_65_plus_sex_male,W02000236,age_65_plus,sex_male,1008
W02000237_age_0_15_sex_female,W02000237,age_0_15,sex_female,506
W02000237_age_0_15_sex_male,W02000237,age_0_15,sex_male,494
W02000237_age_16_24_sex_female,W02000237,age_16_24,sex_female,260
W02000237_age_16_24_sex_male,W02000237,age_16_24,sex_male,255
W02000237_age_25_44_sex_female,W02000237,age_25_44,sex_female,597
W02000237_age_25_44_sex_male,W02000237,age_25_44,sex_male,583
W02000237_age_45_64_sex_female,W02000237,age_45_64,sex_female,959
W02000237_age_45_64_sex_male,W02000237,age_45_64,sex_male,937
W02000237_age_65_plus_sex_female,W02000237,age_65_plus,sex_female,782
W02000237_age_65_plus_sex_male,W02000237,age_65_plus,sex_male,765
W02000238_age_0_15_sex_female,W02000238,age_0_15,sex_female,548
W02000238_age_0_15_sex_male,W02000238,age_0_15,sex_male,496
W02000238_age_16_24_sex_female,W02000238,age_16_24,sex_female,271
W02000238_age_16_24_sex_male,W02000238,age_16_24,sex_male,246
W02000238_age_25_44_sex_female,W02000238,age_25_44,sex_female,571
W02000238_age_25_44_sex_male,W02000238,age_25_44,sex_male,517
W02000238_age_45_64_sex_female,W02000238,age_45_64,sex_female,915
W02000238_age_45_64_sex_male,W02000238,age_45_64,sex_male,829
W02000238_age_65_plus_sex_female,W02000238,age_65_plus,sex_female,1133
W02000238_age_65_plus_sex_male,W02000238,age_65_plus,sex_male,1027
W02000239_age_0_15_sex_female,W02000239,age_0_15,sex_female,643
W02000239_age_0_15_sex_male,W02000239,age_0_15,sex_male,612
W02000239_age_16_24_sex_female,W02000239,age_16_24,sex_female,351
W02000239_age_16_24_sex_male,W02000239,age_16_24,sex_male,334
W02000239_age_25_44_sex_female,W02000239,age_25_44,sex_female,865
W02000239_age_25_44_sex_male,W02000239,age_25_44,sex_male,823
W02000239_age_45_64_sex_female,W02000239,age_45_64,sex_female,1247
W02000239_age_45_64_sex_male,W02000239,age_45_64,sex_male,1187
W02000239_age_65_plus_sex_female,W02000239,age_65_plus,sex_female,998
W02000239_age_65_plus_sex_male,W02000239,age_65_plus,sex_male,950
W02000240_age_0_15_sex_female,W02000240,age_0_15,sex_female,880
W02000240_age_0_15_sex_male,W02000240,age_0_15,sex_male,816
W02000240_age_16_24_sex_female,W02000240,age_16_24,sex_female,461
W02000240_age_16_24_sex_male,W02000240,age_16_24,sex_male,428
W02000240_age_25_44_sex_female,W02000240,age_25_44,sex_female,1139
W02000240_age_25_44_sex_male,W02000240,age_25_44,sex_male,1057
W02000240_age_45_64_sex_female,W02000240,age_45_64,sex_female,1244
W02000240_age_45_64_sex_male,W02000240,age_45_64,sex_male,1155
W02000240_age_65_plus_sex_female,W02000240,age_65_plus,sex_female,942
W02000240_age_65_plus_sex_male,W02000240,age_65_plus,sex_male,874
W02000241_age_0_15_sex_female,W02000241,age_0_15,sex_female,836
W02000241_age_0_15_sex_male,W02000241,age_0_15,sex_male,789
W02000241_age_16_24_sex_female,W02000241,age_16_24,sex_female,414
W02000241_age_16_24_sex_male,W02000241,age_16_24,sex_male,391
W02000241_age_25_44_sex_female,W02000241,age_25_44,sex_female,1269
W02000241_age_25_44_sex_male,W02000241,age_25_44,sex_male,1197
W02000241_age_45_64_sex_female,W02000241,age_45_64,sex_female,1459
W02000241_age_45_64_sex_male,W02000241,age_45_64,sex_male,1376
W02000241_age_65_plus_sex_female,W02000241,age_65_plus,sex_female,1257
W02000241_age_65_plus_sex_male,W02000241,age_65_plus,sex_male,1186
W02000242_age_0_15_sex_female,W02000242,age_0_15,sex_female,695
W02000242_age_0_15_sex_male,W02000242,age_0_15,sex_male,645
W02000242_age_16_24_sex_female,W02000242,age_16_24,sex_female,337
W02000242_age_16_24_sex_male,W02000242,age_16_24,sex_male,312
W02000242_age_25_44_sex_female,W02000242,age_25_44,sex_female,941
W02000242_age_25_44_sex_male,W02000242,age_25_44,sex_male,873
W02000242_age_45_64_sex_female,W02000242,age_45_64,sex_female,1127
W02000242_age_45_64_sex_male,W02000242,age_45_64,sex_male,1046
W02000242_age_65_plus_sex_female,W02000242,age_65_plus,sex_female,1160
W02000242_age_65_plus_sex_male,W02000242,age_65_plus,sex_male,1077
W02000243_age_0_15_sex_female,W02000243,age_0_15,sex_female,1078
W02000243_age_0_15_sex_male,W02000243,age_0_15,sex_male,946
W02000243_age_16_24_sex_female,W02000243,age_16_24,sex_female,576
W02000243_age_16_24_sex_male,W02000243,age_16_24,sex_male,505
W02000243_age_25_44_sex_female,W02000243,age_25_44,sex_female,1323
W02000243_age_25_44_sex_male,W02000243,age_25_44,sex_male,1160
W02000243_age_45_64_sex_female,W02000243,age_45_64,sex_female,1210
W02000243_age_45_64_sex_male,W02000243,age_45_64,sex_male,1061
W02000243_age_65_plus_sex_female,W02000243,age_65_plus,sex_female,797
W02000243_age_65_plus_sex_male,W02000243,age_65_plus,sex_male,699
W02000244_age_0_15_sex_female,W02000244,age_0_15,sex_female,932
W02000244_age_0_15_sex_male,W02000244,age_0_15,sex_male,856
W02000244_age_16_24_sex_female,W02000244,age_16_24,sex_female,522
W02000244_age_16_24_sex_male,W02000244,age_16_24,sex_male,479
W02000244_age_25_44_sex_female,W02000244,age_25_44,sex_female,1009
W02000244_age_25_44_sex_male,W02000244,age_25_44,sex_male,927
W02000244_age_45_64_sex_female,W02000244,age_45_64,sex_female,1480
W02000244_age_45_64_sex_male,W02000244,age_45_64,sex_male,1361
W02000244_age_65_plus_sex_female,W02000244,age_65_plus,sex_female,1353
W02000244_age_65_plus_sex_male,W02000244,age_65_plus,sex_male,1244
W02000245_age_0_15_sex_female,W02000245,age_0_15,sex_female,778
W02000245_age_0_15_sex_male,W02000245,age_0_15,sex_male,744
W02000245_age_16_24_sex_female,W02000245,age_16_24,sex_female,485
W02000245_age_16_24_sex_male,W02000245,age_16_24,sex_male,464
W02000245_age_25_44_sex_female,W02000245,age_25_44,sex_female,1110
W02000245_age_25_44_sex_male,W02000245,age_25_44,sex_male,1062
W02000245_age_45_64_sex_female,W02000245,age_45_64,sex_female,1158
W02000245_age_45_64_sex_male,W02000245,age_45_64,sex_male,1107
W02000245_age_65_plus_sex_female,W02000245,age_65_plus,sex_female,700
W02000245_age_65_plus_sex_male,W02000245,age_65_plus,sex_male,669
W02000246_age_0_15_sex_female,W02000246,age_0_15,sex_female,331
W02000246_age_0_15_sex_male,W02000246,age_0_15,sex_male,319
W02000246_age_16_24_sex_female,W02000246,age_16_24,sex_female,228
W02000246_age_16_24_sex_male,W02000246,age_16_24,sex_male,220
W02000246_age_25_44_sex_female,W02000246,age_25_44,sex_female,496
W02000246_age_25_44_sex_male,W02000246,age_25_44,sex_male,477
W02000246_age_45_64_sex_female,W02000246,age_45_64,sex_female,786
W02000246_age_45_64_sex_male,W02000246,age_45_64,sex_male,756
W02000246_age_65_plus_sex_female,W02000246,age_65_plus,sex_female,860
W02000246_age_65_plus_sex_male,W02000246,age_65_plus,sex_male,827
W02000247_age_0_15_sex_female,W02000247,age_0_15,sex_female,666
W02000247_age_0_15_sex_male,W02000247,age_0_15,sex_male,591
W02000247_age_16_24_sex_female,W02000247,age_16_24,sex_female,523
W02000247_age_16_24_sex_male,W02000247,age_16_24,sex_male,464
W02000247_age_25_44_sex_female,W02000247,age_25_44,sex_female,934
W02000247_age_25_44_sex_male,W02000247,age_25_44,sex_male,829
W02000247_age_45_64_sex_female,W02000247,age_45_64,sex_female,1281
W02000247_age_45_64_sex_male,W02000247,age_45_64,sex_male,1138
W02000247_age_65_plus_sex_female,W02000247,age_65_plus,sex_female,1193
W02000247_age_65_plus_sex_male,W02000247,age_65_plus,sex_male,1059
W02000248_age_0_15_sex_female,W02000248,age_0_15,sex_female,1098
W02000248_age_0_15_sex_male,W02000248,age_0_15,sex_male,1030
W02000248_age_16_24_sex_female,W02000248,age_16_24,sex_female,664
W02000248_age_16_24_sex_male,W02000248,age_16_24,sex_male,622
W02000248_age_25_44_sex_female,W02000248,age_25_44,sex_female,1615
W02000248_age_25_44_sex_male,W02000248,age_25_44,sex_male,1515
W02000248_age_45_64_sex_female,W02000248,age_45_64,sex_female,1321
W02000248_age_45_64_sex_male,W02000248,age_45_64,sex_male,1239
W02000248_age_65_plus_sex_female,W02000248,age_65_plus,sex_female,788
W02000248_age_65_plus_sex_male,W02000248,age_65_plus,sex_male,739
W02000249_age_0_15_sex_female,W02000249,age_0_15,sex_female,836
W02000249_age_0_15_sex_male,W02000249,age_0_15,sex_male,740
W02000249_age_16_24_sex_female,W02000249,age_16_24,sex_female,484
W02000249_age_16_24_sex_male,W02000249,age_16_24,sex_male,428
W02000249_age_25_44_sex_female,W02000249,age_25_44,sex_female,1200
W02000249_age_25_44_sex_male,W02000249,age_25_44,sex_male,1064
W02000249_age_45_64_sex_female,W02000249,age_45_64,sex_female,1231
W02000249_age_45_64_sex_male,W02000249,age_45_64,sex_male,1091
W02000249_age_65_plus_sex_female,W02000249,age_65_plus,sex_female,898
W02000249_age_65_plus_sex_male,W02000249,age_65_plus,sex_male,795
W02000250_age_0_15_sex_female,W02000250,age_0_15,sex_female,1066
W02000250_age_0_15_sex_male,W02000250,age_0_15,sex_male,1060
W02000250_age_16_24_sex_female,W02000250,age_16_24,sex_female,626
W02000250_age_16_24_sex_male,W02000250,age_16_24,sex_male,622
W02000250_age_25_44_sex_female,W02000250,age_25_44,sex_female,1471
W02000250_age_25_44_sex_male,W02000250,age_25_44,sex_male,1462
W02000250_age_45_64_sex_female,W02000250,age_45_64,sex_female,1583
W02000250_age_45_64_sex_male,W02000250,age_45_64,sex_male,1573
W02000250_age_65_plus_sex_female,W02000250,age_65_plus,sex_female,1091
W02000250_age_65_plus_sex_male,W02000250,age_65_plus,sex_male,1084
W02000251_age_0_15_sex_female,W02000251,age_0_15,sex_female,1035
W02000251_age_0_15_sex_male,W02000251,age_0_15,sex_male,950
W02000251_age_16_24_sex_female,W02000251,age_16_24,sex_female,524
W02000251_age_16_24_sex_male,W02000251,age_16_24,sex_male,481
W02000251_age_25_44_sex_female,W02000251,age_25_44,sex_female,1694
W02000251_age_25_44_sex_male,W02000251,age_25_44,sex_male,1555
W02000251_age_45_64_sex_female,W02000251,age_45_64,sex_female,1436
W02000251_age_45_64_sex_male,W02000251,age_45_64,sex_male,1318
W02000251_age_65_plus_sex_female,W02000251,age_65_plus,sex_female,1066
W02000251_age_65_plus_sex_male,W02000251,age_65_plus,sex_male,978
W02000252_age_0_15_sex_female,W02000252,age_0_15,sex_female,869
W02000252_age_0_15_sex_male,W02000252,age_0_15,sex_male,827
W02000252_age_16_24_sex_female,W02000252,age_16_24,sex_female,492
W02000252_age_16_24_sex_male,W02000252,age_16_24,sex_male,468
W02000252_age_25_44_sex_female,W02000252,age_25_44,sex_female,1075
W02000252_age_25_44_sex_male,W02000252,age_25_44,sex_male,1022
W02000252_age_45_64_sex_female,W02000252,age_45_64,sex_female,1219
W02000252_age_45_64_sex_male,W02000252,age_45_64,sex_male,1160
W02000252_age_65_plus_sex_female,W02000252,age_65_plus,sex_female,1048
W02000252_age_65_plus_sex_male,W02000252,age_65_plus,sex_male,996
W02000253_age_0_15_sex_female,W02000253,age_0_15,sex_female,526
W02000253_age_0_15_sex_male,W02000253,age_0_15,sex_male,507
W02000253_age_16_24_sex_female,W02000253,age_16_24,sex_female,387
W02000253_age_16_24_sex_male,W02000253,age_16_24,sex_male,373
W02000253_age_25_44_sex_female,W02000253,age_25_44,sex_female,866
W02000253_age_25_44_sex_male,W02000253,age_25_44,sex_male,835
W02000253_age_45_64_sex_female,W02000253,age_45_64,sex_female,947
W02000253_age_45_64_sex_male,W02000253,age_45_64,sex_male,914
W02000253_age_65_plus_sex_female,W02000253,age_65_plus,sex_female,717
W02000253_age_65_plus_sex_male,W02000253,age_65_plus,sex_male,692
W02000254_age_0_15_sex_female,W02000254,age_0_15,sex_female,671
W02000254_age_0_15_sex_male,W02000254,age_0_15,sex_male,639
W02000254_age_16_24_sex_female,W02000254,age_16_24,sex_female,451
W02000254_age_16_24_sex_male,W02000254,age_16_24,sex_male,430
W02000254_age_25_44_sex_female,W02000254,age_25_44,sex_female,967
W02000254_age_25_44_sex_male,W02000254,age_25_44,sex_male,921
W02000254_age_45_64_sex_female,W02000254,age_45_64,sex_female,1124
W02000254_age_45_64_sex_male,W02000254,age_45_64,sex_male,1071
W02000254_age_65_plus_sex_female,W02000254,age_65_plus,sex_female,858
W02000254_age_65_plus_sex_male,W02000254,age_65_plus,sex_male,818
W02000255_age_0_15_sex_female,W02000255,age_0_15,sex_female,589
W02000255_age_0_15_sex_male,W02000255,age_0_15,sex_male,572
W02000255_age_16_24_sex_female,W02000255,age_16_24,sex_female,373
W02000255_age_16_24_sex_male,W02000255,age_16_24,sex_male,362
W02000255_age_25_44_sex_female,W02000255,age_25_44,sex_female,845
W02000255_age_25_44_sex_male,W02000255,age_25_44,sex_male,821
W02000255_age_45_64_sex_female,W02000255,age_45_64,sex_female,947
W02000255_age_45_64_sex_male,W02000255,age_45_64,sex_male,920
W02000255_age_65_plus_sex_female,W02000255,age_65_plus,sex_female,751
W02000255_age_65_plus_sex_male,W02000255,age_65_plus,sex_male,729
W02000256_age_0_15_sex_female,W02000256,age_0_15,sex_female,966
W02000256_age_0_15_sex_male,W02000256,age_0_15,sex_male,905
W02000256_age_16_24_sex_female,W02000256,age_16_24,sex_female,563
W02000256_age_16_24_sex_male,W02000256,age_16_24,sex_male,527
W02000256_age_25_44_sex_female,W02000256,age_25_44,sex_female,1362
W02000256_age_25_44_sex_male,W02000256,age_25_44,sex_male,1276
W02000256_age_45_64_sex_female,W02000256,age_45_64,sex_female,1292
W02000256_age_45_64_sex_male,W02000256,age_45_64,sex_male,1210
W02000256_age_65_plus_sex_female,W02000256,age_65_plus,sex_female,988
W02000256_age_65_plus_sex_male,W02000256,age_65_plus,sex_male,926
W02000257_age_0_15_sex_female,W02000257,age_0_15,sex_female,606
W02000257_age_0_15_sex_male,W02000257,age_0_15,sex_male,575
W02000257_age_16_24_sex_female,W02000257,age_16_24,sex_female,432
W02000257_age_16_24_sex_male,W02000257,age_16_24,sex_male,411
W02000257_age_25_44_sex_female,W02000257,age_25_44,sex_female,912
W02000257_age_25_44_sex_male,W02000257,age_25_44,sex_male,865
W02000257_age_45_64_sex_female,W02000257,age_45_64,sex_female,997
W02000257_age_45_64_sex_male,W02000257,age_45_64,sex_male,946
W02000257_age_65_plus_sex_female,W02000257,age_65_plus,sex_female,772
W02000257_age_65_plus_sex_male,W02000257,age_65_plus,sex_male,733
W02000258_age_0_15_sex_female,W02000258,age_0_15,sex_female,512
W02000258_age_0_15_sex_male,W02000258,age_0_15,sex_male,508
W02000258_age_16_24_sex_female,W02000258,age_16_24,sex_female,323
W02000258_age_16_24_sex_male,W02000258,age_16_24,sex_male,319
W02000258_age_25_44_sex_female,W02000258,age_25_44,sex_female,647
W02000258_age_25_44_sex_male,W02000258,age_25_44,sex_male,641
W02000258_age_45_64_sex_female,W02000258,age_45_64,sex_female,752
W02000258_age_45_64_sex_male,W02000258,age_45_64,sex_male,745
W02000258_age_65_plus_sex_female,W02000258,age_65_plus,sex_female,631
W02000258_age_65_plus_sex_male,W02000258,age_65_plus,sex_male,626
W02000259_age_0_15_sex_female,W02000259,age_0_15,sex_female,572
W02000259_age_0_15_sex_male,W02000259,age_0_15,sex_male,532
W02000259_age_16_24_sex_female,W02000259,age_16_24,sex_female,367
W02000259_age_16_24_sex_male,W02000259,age_16_24,sex_male,341
W02000259_age_25_44_sex_female,W02000259,age_25_44,sex_female,745
W02000259_age_25_44_sex_male,W02000259,age_25_44,sex_male,691
W02000259_age_45_64_sex_female,W02000259,age_45_64,sex_female,762
W02000259_age_45_64_sex_male,W02000259,age_45_64,sex_male,707
W02000259_age_65_plus_sex_female,W02000259,age_65_plus,sex_female,537
W02000259_age_65_plus_sex_male,W02000259,age_65_plus,sex_male,498
W02000260_age_0_15_sex_female,W02000260,age_0_15,sex_female,483
W02000260_age_0_15_sex_male,W02000260,age_0_15,sex_male,447
W02000260_age_16_24_sex_female,W02000260,age_16_24,sex_female,330
W02000260_age_16_24_sex_male,W02000260,age_16_24,sex_male,305
W02000260_age_25_44_sex_female,W02000260,age_25_44,sex_female,673
W02000260_age_25_44_sex_male,W02000260,age_25_44,sex_male,624
W02000260_age_45_64_sex_female,W02000260,age_45_64,sex_female,782
W02000260_age_45_64_sex_male,W02000260,age_45_64,sex_male,725
W02000260_age_65_plus_sex_female,W02000260,age_65_plus,sex_female,688
W02000260_age_65_plus_sex_male,W02000260,age_65_plus,sex_male,637
W02000261_age_0_15_sex_female,W02000261,age_0_15,sex_female,616
W02000261_age_0_15_sex_male,W02000261,age_0_15,sex_male,576
W02000261_age_16_24_sex_female,W02000261,age_16_24,sex_female,468
W02000261_age_16_24_sex_male,W02000261,age_16_24,sex_male,438
W02000261_age_25_44_sex_female,W02000261,age_25_44,sex_female,923
W02000261_age_25_44_sex_male,W02000261,age_25_44,sex_male,863
W02000261_age_45_64_sex_female,W02000261,age_45_64,sex_female,1085
W02000261_age_45_64_sex_male,W02000261,age_45_64,sex_male,1015
W02000261_age_65_plus_sex_female,W02000261,age_65_plus,sex_female,858
W02000261_age_65_plus_sex_male,W02000261,age_65_plus,sex_male,802
W02000262_age_0_15_sex_female,W02000262,age_0_15,sex_female,484
W02000262_age_0_15_sex_male,W02000262,age_0_15,sex_male,466
W02000262_age_16_24_sex_female,W02000262,age_16_24,sex_female,315
W02000262_age_16_24_sex_male,W02000262,age_16_24,sex_male,304
W02000262_age_25_44_sex_female,W02000262,age_25_44,sex_female,622
W02000262_age_25_44_sex_male,W02000262,age_25_44,sex_male,599
W02000262_age_45_64_sex_female,W02000262,age_45_64,sex_female,739
W02000262_age_45_64_sex_male,W02000262,age_45_64,sex_male,712
W02000262_age_65_plus_sex_female,W02000262,age_65_plus,sex_female,538
W02000262_age_65_plus_sex_male,W02000262,age_65_plus,sex_male,519
W02000263_age_0_15_sex_female,W02000263,age_0_15,sex_female,606
W02000263_age_0_15_sex_male,W02000263,age_0_15,sex_male,593
W02000263_age_16_24_sex_female,W02000263,age_16_24,sex_female,369
W02000263_age_16_24_sex_male,W02000263,age_16_24,sex_male,361
W02000263_age_25_44_sex_female,W02000263,age_25_44,sex_female,857
W02000263_age_25_44_sex_male,W02000263,age_25_44,sex_male,838
W02000263_age_45_64_sex_female,W02000263,age_45_64,sex_female,834
W02000263_age_45_64_sex_male,W02000263,age_45_64,sex_male,816
W02000263_age_65_plus_sex_female,W02000263,age_65_plus,sex_female,556
W02000263_age_65_plus_sex_male,W02000263,age_65_plus,sex_male,544
W02000264_age_0_15_sex_female,W02000264,age_0_15,sex_female,549
W02000264_age_0_15_sex_male,W02000264,age_0_15,sex_male,539
W02000264_age_16_24_sex_female,W02000264,age_16_24,sex_female,364
W02000264_age_16_24_sex_male,W02000264,age_16_24,sex_male,358
W02000264_age_25_44_sex_female,W02000264,age_25_44,sex_female,708
W02000264_age_25_44_sex_male,W02000264,age_25_44,sex_male,696
W02000264_age_45_64_sex_female,W02000264,age_45_64,sex_female,758
W02000264_age_45_64_sex_male,W02000264,age_45_64,sex_male,744
W02000264_age_65_plus_sex_female,W02000264,age_65_plus,sex_female,510
W02000264_age_65_plus_sex_male,W02000264,age_65_plus,sex_male,501
W02000265_age_0_15_sex_female,W02000265,age_0_15,sex_female,805
W02000265_age_0_15_sex_male,W02000265,age_0_15,sex_male,775
W02000265_age_16_24_sex_female,W02000265,age_16_24,sex_female,573
W02000265_age_16_24_sex_male,W02000265,age_16_24,sex_male,551
W02000265_age_25_44_sex_female,W02000265,age_25_44,sex_female,1160
W02000265_age_25_44_sex_male,W02000265,age_25_44,sex_male,1115
W02000265_age_45_64_sex_female,W02000265,age_45_64,sex_female,1217
W02000265_age_45_64_sex_male,W02000265,age_45_64,sex_male,1171
W02000265_age_65_plus_sex_female,W02000265,age_65_plus,sex_female,929
W02000265_age_65_plus_sex_male,W02000265,age_65_plus,sex_male,894
W02000266_age_0_15_sex_female,W02000266,age_0_15,sex_female,723
W02000266_age_0_15_sex_male,W02000266,age_0_15,sex_male,681
W02000266_age_16_24_sex_female,W02000266,age_16_24,sex_female,416
W02000266_age_16_24_sex_male,W02000266,age_16_24,sex_male,393
W02000266_age_25_44_sex_female,W02000266,age_25_44,sex_female,998
W02000266_age_25_44_sex_male,W02000266,age_25_44,sex_male,940
W02000266_age_45_64_sex_female,W02000266,age_45_64,sex_female,1042
W02000266_age_45_64_sex_male,W02000266,age_45_64,sex_male,983
W02000266_age_65_plus_sex_female,W02000266,age_65_plus,sex_female,679
W02000266_age_65_plus_sex_male,W02000266,age_65_plus,sex_male,641
W02000267_age_0_15_sex_female,W02000267,age_0_15,sex_female,565
W02000267_age_0_15_sex_male,W02000267,age_0_15,sex_male,549
W02000267_age_16_24_sex_female,W02000267,age_16_24,sex_female,421
W02000267_age_16_24_sex_male,W02000267,age_16_24,sex_male,410
W02000267_age_25_44_sex_female,W02000267,age_25_44,sex_female,820
W02000267_age_25_44_sex_male,W02000267,age_25_44,sex_male,796
W02000267_age_45_64_sex_female,W02000267,age_45_64,sex_female,778
W02000267_age_45_64_sex_male,W02000267,age_45_64,sex_male,756
W02000267_age_65_plus_sex_female,W02000267,age_65_plus,sex_female,629
W02000267_age_65_plus_sex_male,W02000267,age_65_plus,sex_male,612
W02000268_age_0_15_sex_female,W02000268,age_0_15,sex_female,705
W02000268_age_0_15_sex_male,W02000268,age_0_15,sex_male,697
W02000268_age_16_24_sex_female,W02000268,age_16_24,sex_female,514
W02000268_age_16_24_sex_male,W02000268,age_16_24,sex_male,507
W02000268_age_25_44_sex_female,W02000268,age_25_44,sex_female,1121
W02000268_age_25_44_sex_male,W02000268,age_25_44,sex_male,1108
W02000268_age_45_64_sex_female,W02000268,age_45_64,sex_female,1227
W02000268_age_45_64_sex_male,W02000268,age_45_64,sex_male,1212
W02000268_age_65_plus_sex_female,W02000268,age_65_plus,sex_female,922
W02000268_age_65_plus_sex_male,W02000268,age_65_plus,sex_male,911
W02000269_age_0_15_sex_female,W02000269,age_0_15,sex_female,717
W02000269_age_0_15_sex_male,W02000269,age_0_15,sex_male,674
W02000269_age_16_24_sex_female,W02000269,age_16_24,sex_female,507
W02000269_age_16_24_sex_male,W02000269,age_16_24,sex_male,477
W02000269_age_25_44_sex_female,W02000269,age_25_44,sex_female,1046
W02000269_age_25_44_sex_male,W02000269,age_25_44,sex_male,983
W02000269_age_45_64_sex_female,W02000269,age_45_64,sex_female,1100
W02000269_age_45_64_sex_male,W02000269,age_45_64,sex_male,1034
W02000269_age_65_plus_sex_female,W02000269,age_65_plus,sex_female,851
W02000269_age_65_plus_sex_male,W02000269,age_65_plus,sex_male,800
W02000270_age_0_15_sex_female,W02000270,age_0_15,sex_female,544
W02000270_age_0_15_sex_male,W02000270,age_0_15,sex_male,525
W02000270_age_16_24_sex_female,W02000270,age_16_24,sex_female,348
W02000270_age_16_24_sex_male,W02000270,age_16_24,sex_male,336
W02000270_age_25_44_sex_female,W02000270,age_25_44,sex_female,891
W02000270_age_25_44_sex_male,W02000270,age_25_44,sex_male,859
W02000270_age_45_64_sex_female,W02000270,age_45_64,sex_female,924
W02000270_age_45_64_sex_male,W02000270,age_45_64,sex_male,890
W02000270_age_65_plus_sex_female,W02000270,age_65_plus,sex_female,650
W02000270_age_65_plus_sex_male,W02000270,age_65_plus,sex_male,626
W02000271_age_0_15_sex_female,W02000271,age_0_15,sex_female,492
W02000271_age_0_15_sex_male,W02000271,age_0_15,sex_male,492
W02000271_age_16_24_sex_female,W02000271,age_16_24,sex_female,272
W02000271_age_16_24_sex_male,W02000271,age_16_24,sex_male,271
W02000271_age_25_44_sex_female,W02000271,age_25_44,sex_female,691
W02000271_age_25_44_sex_male,W02000271,age_25_44,sex_male,691
W02000271_age_45_64_sex_female,W02000271,age_45_64,sex_female,737
W02000271_age_45_64_sex_male,W02000271,age_45_64,sex_male,737
W02000271_age_65_plus_sex_female,W02000271,age_65_plus,sex_female,534
W02000271_age_65_plus_sex_male,W02000271,age_65_plus,sex_male,533
W02000272_age_0_15_sex_female,W02000272,age_0_15,sex_female,790
W02000272_age_0_15_sex_male,W02000272,age_0_15,sex_male,754
W02000272_age_16_24_sex_female,W02000272,age_16_24,sex_female,566
W02000272_age_16_24_sex_male,W02000272,age_16_24,sex_male,540
W02000272_age_25_44_sex_female,W02000272,age_25_44,sex_female,1351
W02000272_age_25_44_sex_male,W02000272,age_25_44,sex_male,1291
W02000272_age_45_64_sex_female,W02000272,age_45_64,sex_female,1347
W02000272_age_45_64_sex_male,W02000272,age_45_64,sex_male,1287
W02000272_age_65_plus_sex_female,W02000272,age_65_plus,sex_female,1021
W02000272_age_65_plus_sex_male,W02000272,age_65_plus,sex_male,975
W02000273_age_0_15_sex_female,W02000273,age_0_15,sex_female,802
W02000273_age_0_15_sex_male,W02000273,age_0_15,sex_male,806
W02000273_age_16_24_sex_female,W02000273,age_16_24,sex_female,1430
W02000273_age_16_24_sex_male,W02000273,age_16_24,sex_male,1438
W02000273_age_25_44_sex_female,W02000273,age_25_44,sex_female,1409
W02000273_age_25_44_sex_male,W02000273,age_25_44,sex_male,1417
W02000273_age_45_64_sex_female,W02000273,age_45_64,sex_female,914
W02000273_age_45_64_sex_male,W02000273,age_45_64,sex_male,919
W02000273_age_65_plus_sex_female,W02000273,age_65_plus,sex_female,644
W02000273_age_65_plus_sex_male,W02000273,age_65_plus,sex_male,648
W02000274_age_0_15_sex_female,W02000274,age_0_15,sex_female,920
W02000274_age_0_15_sex_male,W02000274,age_0_15,sex_male,888
W02000274_age_16_24_sex_female,W02000274,age_16_24,sex_female,599
W02000274_age_16_24_sex_male,W02000274,age_16_24,sex_male,579
W02000274_age_25_44_sex_female,W02000274,age_25_44,sex_female,1320
W02000274_age_25_44_sex_male,W02000274,age_25_44,sex_male,1275
W02000274_age_45_64_sex_female,W02000274,age_45_64,sex_female,1443
W02000274_age_45_64_sex_male,W02000274,age_45_64,sex_male,1393
W02000274_age_65_plus_sex_female,W02000274,age_65_plus,sex_female,893
W02000274_age_65_plus_sex_male,W02000274,age_65_plus,sex_male,863
W02000275_age_0_15_sex_female,W02000275,age_0_15,sex_female,518
W02000275_age_0_15_sex_male,W02000275,age_0_15,sex_male,492
W02000275_age_16_24_sex_female,W02000275,age_16_24,sex_female,344
W02000275_age_16_24_sex_male,W02000275,age_16_24,sex_male,328
W02000275_age_25_44_sex_female,W02000275,age_25_44,sex_female,759
W02000275_age_25_44_sex_male,W02000275,age_25_44,sex_male,722
W02000275_age_45_64_sex_female,W02000275,age_45_64,sex_female,827
W02000275_age_45_64_sex_male,W02000275,age_45_64,sex_male,787
W02000275_age_65_plus_sex_female,W02000275,age_65_plus,sex_female,654
W02000275_age_65_plus_sex_male,W02000275,age_65_plus,sex_male,623
W02000276_age_0_15_sex_female,W02000276,age_0_15,sex_female,590
W02000276_age_0_15_sex_male,W02000276,age_0_15,sex_male,561
W02000276_age_16_24_sex_female,W02000276,age_16_24,sex_female,286
W02000276_age_16_24_sex_male,W02000276,age_16_24,sex_male,272
W02000276_age_25_44_sex_female,W02000276,age_25_44,sex_female,856
W02000276_age_25_44_sex_male,W02000276,age_25_44,sex_male,815
W02000276_age_45_64_sex_female,W02000276,age_45_64,sex_female,756
W02000276_age_45_64_sex_male,W02000276,age_45_64,sex_male,719
W02000276_age_65_plus_sex_female,W02000276,age_65_plus,sex_female,846
W02000276_age_65_plus_sex_male,W02000276,age_65_plus,sex_male,805
W02000277_age_0_15_sex_female,W02000277,age_0_15,sex_female,556
W02000277_age_0_15_sex_male,W02000277,age_0_15,sex_male,531
W02000277_age_16_24_sex_female,W02000277,age_16_24,sex_female,314
W02000277_age_16_24_sex_male,W02000277,age_16_24,sex_male,300
W02000277_age_25_44_sex_female,W02000277,age_25_44,sex_female,927
W02000277_age_25_44_sex_male,W02000277,age_25_44,sex_male,887
W02000277_age_45_64_sex_female,W02000277,age_45_64,sex_female,1004
W02000277_age_45_64_sex_male,W02000277,age_45_64,sex_male,959
W02000277_age_65_plus_sex_female,W02000277,age_65_plus,sex_female,749
W02000277_age_65_plus_sex_male,W02000277,age_65_plus,sex_male,717
W02000278_age_0_15_sex_female,W02000278,age_0_15,sex_female,776
W02000278_age_0_15_sex_male,W02000278,age_0_15,sex_male,757
W02000278_age_16_24_sex_female,W02000278,age_16_24,sex_female,471
W02000278_age_16_24_sex_male,W02000278,age_16_24,sex_male,460
W02000278_age_25_44_sex_female,W02000278,age_25_44,sex_female,1104
W02000278_age_25_44_sex_male,W02000278,age_25_44,sex_male,1077
W02000278_age_45_64_sex_female,W02000278,age_45_64,sex_female,1331
W02000278_age_45_64_sex_male,W02000278,age_45_64,sex_male,1299
W02000278_age_65_plus_sex_female,W02000278,age_65_plus,sex_female,846
W02000278_age_65_plus_sex_male,W02000278,age_65_plus,sex_male,826
W02000279_age_0_15_sex_female,W02000279,age_0_15,sex_female,709
W02000279_age_0_15_sex_male,W02000279,age_0_15,sex_male,663
W02000279_age_16_24_sex_female,W02000279,age_16_24,sex_female,443
W02000279_age_16_24_sex_male,W02000279,age_16_24,sex_male,415
W02000279_age_25_44_sex_female,W02000279,age_25_44,sex_female,1042
W02000279_age_25_44_sex_male,W02000279,age_25_44,sex_male,975
W02000279_age_45_64_sex_female,W02000279,age_45_64,sex_female,1088
W02000279_age_45_64_sex_male,W02000279,age_45_64,sex_male,1017
W02000279_age_65_plus_sex_female,W02000279,age_65_plus,sex_female,716
W02000279_age_65_plus_sex_male,W02000279,age_65_plus,sex_male,669
W02000280_age_0_15_sex_female,W02000280,age_0_15,sex_female,985
W02000280_age_0_15_sex_male,W02000280,age_0_15,sex_male,935
W02000280_age_16_24_sex_female,W02000280,age_16_24,sex_female,491
W02000280_age_16_24_sex_male,W02000280,age_16_24,sex_male,466
W02000280_age_25_44_sex_female,W02000280,age_25_44,sex_female,1418
W02000280_age_25_44_sex_male,W02000280,age_25_44,sex_male,1345
W02000280_age_45_64_sex_female,W02000280,age_45_64,sex_female,1237
W02000280_age_45_64_sex_male,W02000280,age_45_64,sex_male,1174
W02000280_age_65_plus_sex_female,W02000280,age_65_plus,sex_female,782
W02000280_age_65_plus_sex_male,W02000280,age_65_plus,sex_male,741
W02000281_age_0_15_sex_female,W02000281,age_0_15,sex_female,601
W02000281_age_0_15_sex_male,W02000281,age_0_15,sex_male,577
W02000281_age_16_24_sex_female,W02000281,age_16_24,sex_female,352
W02000281_age_16_24_sex_male,W02000281,age_16_24,sex_male,337
W02000281_age_25_44_sex_female,W02000281,age_25_44,sex_female,858
W02000281_age_25_44_sex_male,W02000281,age_25_44,sex_male,823
W02000281_age_45_64_sex_female,W02000281,age_45_64,sex_female,1105
W02000281_age_45_64_sex_male,W02000281,age_45_64,sex_male,1059
W02000281_age_65_plus_sex_female,W02000281,age_65_plus,sex_female,894
W02000281_age_65_plus_sex_male,W02000281,age_65_plus,sex_male,857
W02000282_age_0_15_sex_female,W02000282,age_0_15,sex_female,1129
W02000282_age_0_15_sex_male,W02000282,age_0_15,sex_male,1062
W02000282_age_16_24_sex_female,W02000282,age_16_24,sex_female,563
W02000282_age_16_24_sex_male,W02000282,age_16_24,sex_male,529
W02000282_age_25_44_sex_female,W02000282,age_25_44,sex_female,1461
W02000282_age_25_44_sex_male,W02000282,age_25_44,sex_male,1374
W02000282_age_45_64_sex_female,W02000282,age_45_64,sex_female,1637
W02000282_age_45_64_sex_male,W02000282,age_45_64,sex_male,1540
W02000282_age_65_plus_sex_female,W02000282,age_65_plus,sex_female,1115
W02000282_age_65_plus_sex_male,W02000282,age_65_plus,sex_male,1049
W02000284_age_0_15_sex_female,W02000284,age_0_15,sex_female,835
W02000284_age_0_15_sex_male,W02000284,age_0_15,sex_male,806
W02000284_age_16_24_sex_female,W02000284,age_16_24,sex_female,518
W02000284_age_16_24_sex_male,W02000284,age_16_24,sex_male,500
W02000284_age_25_44_sex_female,W02000284,age_25_44,sex_female,1255
W02000284_age_25_44_sex_male,W02000284,age_25_44,sex_male,1211
W02000284_age_45_64_sex_female,W02000284,age_45_64,sex_female,1284
W02000284_age_45_64_sex_male,W02000284,age_45_64,sex_male,1239
W02000284_age_65_plus_sex_female,W02000284,age_65_plus,sex_female,867
W02000284_age_65_plus_sex_male,W02000284,age_65_plus,sex_male,837
W02000285_age_0_15_sex_female,W02000285,age_0_15,sex_female,713
W02000285_age_0_15_sex_male,W02000285,age_0_15,sex_male,668
W02000285_age_16_24_sex_female,W02000285,age_16_24,sex_female,416
W02000285_age_16_24_sex_male,W02000285,age_16_24,sex_male,390
W02000285_age_25_44_sex_female,W02000285,age_25_44,sex_female,1077
W02000285_age_25_44_sex_male,W02000285,age_25_44,sex_male,1010
W02000285_age_45_64_sex_female,W02000285,age_45_64,sex_female,1163
W02000285_age_45_64_sex_male,W02000285,age_45_64,sex_male,1090
W02000285_age_65_plus_sex_female,W02000285,age_65_plus,sex_female,931
W02000285_age_65_plus_sex_male,W02000285,age_65_plus,sex_male,872
W02000286_age_0_15_sex_female,W02000286,age_0_15,sex_female,606
W02000286_age_0_15_sex_male,W02000286,age_0_15,sex_male,584
W02000286_age_16_24_sex_female,W02000286,age_16_24,sex_female,400
W02000286_age_16_24_sex_male,W02000286,age_16_24,sex_male,385
W02000286_age_25_44_sex_female,W02000286,age_25_44,sex_female,899
W02000286_age_25_44_sex_male,W02000286,age_25_44,sex_male,867
W02000286_age_45_64_sex_female,W02000286,age_45_64,sex_female,896
W02000286_age_45_64_sex_male,W02000286,age_45_64,sex_male,864
W02000286_age_65_plus_sex_female,W02000286,age_65_plus,sex_female,633
W02000286_age_65_plus_sex_male,W02000286,age_65_plus,sex_male,609
W02000287_age_0_15_sex_female,W02000287,age_0_15,sex_female,721
W02000287_age_0_15_sex_male,W02000287,age_0_15,sex_male,710
W02000287_age_16_24_sex_female,W02000287,age_16_24,sex_female,437
W02000287_age_16_24_sex_male,W02000287,age_16_24,sex_male,431
W02000287_age_25_44_sex_female,W02000287,age_25_44,sex_female,1091
W02000287_age_25_44_sex_male,W02000287,age_25_44,sex_male,1075
W02000287_age_45_64_sex_female,W02000287,age_45_64,sex_female,1131
W02000287_age_45_64_sex_male,W02000287,age_45_64,sex_male,1115
W02000287_age_65_plus_sex_female,W02000287,age_65_plus,sex_female,797
W02000287_age_65_plus_sex_male,W02000287,age_65_plus,sex_male,785
W02000288_age_0_15_sex_female,W02000288,age_0_15,sex_female,680
W02000288_age_0_15_sex_male,W02000288,age_0_15,sex_male,675
W02000288_age_16_24_sex_female,W02000288,age_16_24,sex_female,432
W02000288_age_16_24_sex_male,W02000288,age_16_24,sex_male,429
W02000288_age_25_44_sex_female,W02000288,age_25_44,sex_female,1032
W02000288_age_25_44_sex_male,W02000288,age_25_44,sex_male,1025
W02000288_age_45_64_sex_female,W02000288,age_45_64,sex_female,1091
W02000288_age_45_64_sex_male,W02000288,age_45_64,sex_male,1085
W02000288_age_65_plus_sex_female,W02000288,age_65_plus,sex_female,818
W02000288_age_65_plus_sex_male,W02000288,age_65_plus,sex_male,812
W02000289_age_0_15_sex_female,W02000289,age_0_15,sex_female,739
W02000289_age_0_15_sex_male,W02000289,age_0_15,sex_male,717
W02000289_age_16_24_sex_female,W02000289,age_16_24,sex_female,469
W02000289_age_16_24_sex_male,W02000289,age_16_24,sex_male,454
W02000289_age_25_44_sex_female,W02000289,age_25_44,sex_female,1138
W02000289_age_25_44_sex_male,W02000289,age_25_44,sex_male,1103
W02000289_age_45_64_sex_female,W02000289,age_45_64,sex_female,1195
W02000289_age_45_64_sex_male,W02000289,age_45_64,sex_male,1159
W02000289_age_65_plus_sex_female,W02000289,age_65_plus,sex_female,866
W02000289_age_65_plus_sex_male,W02000289,age_65_plus,sex_male,839
W02000290_age_0_15_sex_female,W02000290,age_0_15,sex_female,722
W02000290_age_0_15_sex_male,W02000290,age_0_15,sex_male,692
W02000290_age_16_24_sex_female,W02000290,age_16_24,sex_female,469
W02000290_age_16_24_sex_male,W02000290,age_16_24,sex_male,449
W02000290_age_25_44_sex_female,W02000290,age_25_44,sex_female,1071
W02000290_age_25_44_sex_male,W02000290,age_25_44,sex_male,1028
W02000290_age_45_64_sex_female,W02000290,age_45_64,sex_female,1235
W02000290_age_45_64_sex_male,W02000290,age_45_64,sex_male,1184
W02000290_age_65_plus_sex_female,W02000290,age_65_plus,sex_female,864
W02000290_age_65_plus_sex_male,W02000290,age_65_plus,sex_male,829
W02000291_age_0_15_sex_female,W02000291,age_0_15,sex_female,628
W02000291_age_0_15_sex_male,W02000291,age_0_15,sex_male,604
W02000291_age_16_24_sex_female,W02000291,age_16_24,sex_female,419
W02000291_age_16_24_sex_male,W02000291,age_16_24,sex_male,403
W02000291_age_25_44_sex_female,W02000291,age_25_44,sex_female,878
W02000291_age_25_44_sex_male,W02000291,age_25_44,sex_male,845
W02000291_age_45_64_sex_female,W02000291,age_45_64,sex_female,975
W02000291_age_45_64_sex_male,W02000291,age_45_64,sex_male,939
W02000291_age_65_plus_sex_female,W02000291,age_65_plus,sex_female,713
W02000291_age_65_plus_sex_male,W02000291,age_65_plus,sex_male,686
W02000292_age_0_15_sex_female,W02000292,age_0_15,sex_female,557
W02000292_age_0_15_sex_male,W02000292,age_0_15,sex_male,531
W02000292_age_16_24_sex_female,W02000292,age_16_24,sex_female,339
W02000292_age_16_24_sex_male,W02000292,age_16_24,sex_male,324
W02000292_age_25_44_sex_female,W02000292,age_25_44,sex_female,769
W02000292_age_25_44_sex_male,W02000292,age_25_44,sex_male,733
W02000292_age_45_64_sex_female,W02000292,age_45_64,sex_female,759
W02000292_age_45_64_sex_male,W02000292,age_45_64,sex_male,723
W02000292_age_65_plus_sex_female,W02000292,age_65_plus,sex_female,559
W02000292_age_65_plus_sex_male,W02000292,age_65_plus,sex_male,532
W02000293_age_0_15_sex_female,W02000293,age_0_15,sex_female,571
W02000293_age_0_15_sex_male,W02000293,age_0_15,sex_male,545
W02000293_age_16_24_sex_female,W02000293,age_16_24,sex_female,331
W02000293_age_16_24_sex_male,W02000293,age_16_24,sex_male,316
W02000293_age_25_44_sex_female,W02000293,age_25_44,sex_female,801
W02000293_age_25_44_sex_male,W02000293,age_25_44,sex_male,763
W02000293_age_45_64_sex_female,W02000293,age_45_64,sex_female,777
W02000293_age_45_64_sex_male,W02000293,age_45_64,sex_male,740
W02000293_age_65_plus_sex_female,W02000293,age_65_plus,sex_female,613
W02000293_age_65_plus_sex_male,W02000293,age_65_plus,sex_male,585
W02000294_age_0_15_sex_female,W02000294,age_0_15,sex_female,427
W02000294_age_0_15_sex_male,W02000294,age_0_15,sex_male,408
W02000294_age_16_24_sex_female,W02000294,age_16_24,sex_female,292
W02000294_age_16_24_sex_male,W02000294,age_16_24,sex_male,279
W02000294_age_25_44_sex_female,W02000294,age_25_44,sex_female,631
W02000294_age_25_44_sex_male,W02000294,age_25_44,sex_male,603
W02000294_age_45_64_sex_female,W02000294,age_45_64,sex_female,825
W02000294_age_45_64_sex_male,W02000294,age_45_64,sex_male,788
W02000294_age_65_plus_sex_female,W02000294,age_65_plus,sex_female,692
W02000294_age_65_plus_sex_male,W02000294,age_65_plus,sex_male,661
W02000295_age_0_15_sex_female,W02000295,age_0_15,sex_female,856
W02000295_age_0_15_sex_male,W02000295,age_0_15,sex_male,854
W02000295_age_16_24_sex_female,W02000295,age_16_24,sex_female,509
W02000295_age_16_24_sex_male,W02000295,age_16_24,sex_male,508
W02000295_age_25_44_sex_female,W02000295,age_25_44,sex_female,1178
W02000295_age_25_44_sex_male,W02000295,age_25_44,sex_male,1177
W02000295_age_45_64_sex_female,W02000295,age_45_64,sex_female,1294
W02000295_age_45_64_sex_male,W02000295,age_45_64,sex_male,1291
W02000295_age_65_plus_sex_female,W02000295,age_65_plus,sex_female,926
W02000295_age_65_plus_sex_male,W02000295,age_65_plus,sex_male,925
W02000296_age_0_15_sex_female,W02000296,age_0_15,sex_female,622
W02000296_age_0_15_sex_male,W02000296,age_0_15,sex_male,593
W02000296_age_16_24_sex_female,W02000296,age_16_24,sex_female,421
W02000296_age_16_24_sex_male,W02000296,age_16_24,sex_male,401
W02000296_age_25_44_sex_female,W02000296,age_25_44,sex_female,905
W02000296_age_25_44_sex_male,W02000296,age_25_44,sex_male,862
W02000296_age_45_64_sex_female,W02000296,age_45_64,sex_female,1043
W02000296_age_45_64_sex_male,W02000296,age_45_64,sex_male,993
W02000296_age_65_plus_sex_female,W02000296,age_65_plus,sex_female,793
W02000296_age_65_plus_sex_male,W02000296,age_65_plus,sex_male,756
W02000297_age_0_15_sex_female,W02000297,age_0_15,sex_female,618
W02000297_age_0_15_sex_male,W02000297,age_0_15,sex_male,584
W02000297_age_16_24_sex_female,W02000297,age_16_24,sex_female,417
W02000297_age_16_24_sex_male,W02000297,age_16_24,sex_male,393
W02000297_age_25_44_sex_female,W02000297,age_25_44,sex_female,970
W02000297_age_25_44_sex_male,W02000297,age_25_44,sex_male,916
W02000297_age_45_64_sex_female,W02000297,age_45_64,sex_female,1075
W02000297_age_45_64_sex_male,W02000297,age_45_64,sex_male,1015
W02000297_age_65_plus_sex_female,W02000297,age_65_plus,sex_female,771
W02000297_age_65_plus_sex_male,W02000297,age_65_plus,sex_male,729
W02000298_age_0_15_sex_female,W02000298,age_0_15,sex_female,608
W02000298_age_0_15_sex_male,W02000298,age_0_15,sex_male,573
W02000298_age_16_24_sex_female,W02000298,age_16_24,sex_female,415
W02000298_age_16_24_sex_male,W02000298,age_16_24,sex_male,391
W02000298_age_25_44_sex_female,W02000298,age_25_44,sex_female,901
W02000298_age_25_44_sex_male,W02000298,age_25_44,sex_male,849
W02000298_age_45_64_sex_female,W02000298,age_45_64,sex_female,1013
W02000298_age_45_64_sex_male,W02000298,age_45_64,sex_male,955
W02000298_age_65_plus_sex_female,W02000298,age_65_plus,sex_female,743
W02000298_age_65_plus_sex_male,W02000298,age_65_plus,sex_male,700
W02000299_age_0_15_sex_female,W02000299,age_0_15,sex_female,530
W02000299_age_0_15_sex_male,W02000299,age_0_15,sex_male,518
W02000299_age_16_24_sex_female,W02000299,age_16_24,sex_female,330
W02000299_age_16_24_sex_male,W02000299,age_16_24,sex_male,323
W02000299_age_25_44_sex_female,W02000299,age_25_44,sex_female,744
W02000299_age_25_44_sex_male,W02000299,age_25_44,sex_male,727
W02000299_age_45_64_sex_female,W02000299,age_45_64,sex_female,848
W02000299_age_45_64_sex_male,W02000299,age_45_64,sex_male,829
W02000299_age_65_plus_sex_female,W02000299,age_65_plus,sex_female,704
W02000299_age_65_plus_sex_male,W02000299,age_65_plus,sex_male,688
W02000300_age_0_15_sex_female,W02000300,age_0_15,sex_female,703
W02000300_age_0_15_sex_male,W02000300,age_0_15,sex_male,697
W02000300_age_16_24_sex_female,W02000300,age_16_24,sex_female,456
W02000300_age_16_24_sex_male,W02000300,age_16_24,sex_male,452
W02000300_age_25_44_sex_female,W02000300,age_25_44,sex_female,1011
W02000300_age_25_44_sex_male,W02000300,age_25_44,sex_male,1002
W02000300_age_45_64_sex_female,W02000300,age_45_64,sex_female,1100
W02000300_age_45_64_sex_male,W02000300,age_45_64,sex_male,1089
W02000300_age_65_plus_sex_female,W02000300,age_65_plus,sex_female,940
W02000300_age_65_plus_sex_male,W02000300,age_65_plus,sex_male,932
W02000301_age_0_15_sex_female,W02000301,age_0_15,sex_female,730
W02000301_age_0_15_sex_male,W02000301,age_0_15,sex_male,717
W02000301_age_16_24_sex_female,W02000301,age_16_24,sex_female,441
W02000301_age_16_24_sex_male,W02000301,age_16_24,sex_male,433
W02000301_age_25_44_sex_female,W02000301,age_25_44,sex_female,1105
W02000301_age_25_44_sex_male,W02000301,age_25_44,sex_male,1085
W02000301_age_45_64_sex_female,W02000301,age_45_64,sex_female,1060
W02000301_age_45_64_sex_male,W02000301,age_45_64,sex_male,1041
W02000301_age_65_plus_sex_female,W02000301,age_65_plus,sex_female,667
W02000301_age_65_plus_sex_male,W02000301,age_65_plus,sex_male,655
W02000302_age_0_15_sex_female,W02000302,age_0_15,sex_female,869
W02000302_age_0_15_sex_male,W02000302,age_0_15,sex_male,817
W02000302_age_16_24_sex_female,W02000302,age_16_24,sex_female,540
W02000302_age_16_24_sex_male,W02000302,age_16_24,sex_male,508
W02000302_age_25_44_sex_female,W02000302,age_25_44,sex_female,1251
W02000302_age_25_44_sex_male,W02000302,age_25_44,sex_male,1177
W02000302_age_45_64_sex_female,W02000302,age_45_64,sex_female,1366
W02000302_age_45_64_sex_male,W02000302,age_45_64,sex_male,1286
W02000302_age_65_plus_sex_female,W02000302,age_65_plus,sex_female,1105
W02000302_age_65_plus_sex_male,W02000302,age_65_plus,sex_male,1039
W02000303_age_0_15_sex_female,W02000303,age_0_15,sex_female,614
W02000303_age_0_15_sex_male,W02000303,age_0_15,sex_male,619
W02000303_age_16_24_sex_female,W02000303,age_16_24,sex_female,347
W02000303_age_16_24_sex_male,W02000303,age_16_24,sex_male,350
W02000303_age_25_44_sex_female,W02000303,age_25_44,sex_female,989
W02000303_age_25_44_sex_male,W02000303,age_25_44,sex_male,998
W02000303_age_45_64_sex_female,W02000303,age_45_64,sex_female,959
W02000303_age_45_64_sex_male,W02000303,age_45_64,sex_male,966
W02000303_age_65_plus_sex_female,W02000303,age_65_plus,sex_female,632
W02000303_age_65_plus_sex_male,W02000303,age_65_plus,sex_male,638
W02000304_age_0_15_sex_female,W02000304,age_0_15,sex_female,459
W02000304_age_0_15_sex_male,W02000304,age_0_15,sex_male,437
W02000304_age_16_24_sex_female,W02000304,age_16_24,sex_female,290
W02000304_age_16_24_sex_male,W02000304,age_16_24,sex_male,275
W02000304_age_25_44_sex_female,W02000304,age_25_44,sex_female,744
W02000304_age_25_44_sex_male,W02000304,age_25_44,sex_male,707
W02000304_age_45_64_sex_female,W02000304,age_45_64,sex_female,764
W02000304_age_45_64_sex_male,W02000304,age_45_64,sex_male,725
W02000304_age_65_plus_sex_female,W02000304,age_65_plus,sex_female,564
W02000304_age_65_plus_sex_male,W02000304,age_65_plus,sex_male,535
W02000305_age_0_15_sex_female,W02000305,age_0_15,sex_female,533
W02000305_age_0_15_sex_male,W02000305,age_0_15,sex_male,507
W02000305_age_16_24_sex_female,W02000305,age_16_24,sex_female,319
W02000305_age_16_24_sex_male,W02000305,age_16_24,sex_male,304
W02000305_age_25_44_sex_female,W02000305,age_25_44,sex_female,803
W02000305_age_25_44_sex_male,W02000305,age_25_44,sex_male,764
W02000305_age_45_64_sex_female,W02000305,age_45_64,sex_female,855
W02000305_age_45_64_sex_male,W02000305,age_45_64,sex_male,813
W02000305_age_65_plus_sex_female,W02000305,age_65_plus,sex_female,637
W02000305_age_65_plus_sex_male,W02000305,age_65_plus,sex_male,606
W02000306_age_0_15_sex_female,W02000306,age_0_15,sex_female,390
W02000306_age_0_15_sex_male,W02000306,age_0_15,sex_male,376
W02000306_age_16_24_sex_female,W02000306,age_16_24,sex_female,244
W02000306_age_16_24_sex_male,W02000306,age_16_24,sex_male,235
W02000306_age_25_44_sex_female,W02000306,age_25_44,sex_female,611
W02000306_age_25_44_sex_male,W02000306,age_25_44,sex_male,590
W02000306_age_45_64_sex_female,W02000306,age_45_64,sex_female,778
W02000306_age_45_64_sex_male,W02000306,age_45_64,sex_male,750
W02000306_age_65_plus_sex_female,W02000306,age_65_plus,sex_female,565
W02000306_age_65_plus_sex_male,W02000306,age_65_plus,sex_male,546
W02000307_age_0_15_sex_female,W02000307,age_0_15,sex_female,682
W02000307_age_0_15_sex_male,W02000307,age_0_15,sex_male,660
W02000307_age_16_24_sex_female,W02000307,age_16_24,sex_female,379
W02000307_age_16_24_sex_male,W02000307,age_16_24,sex_male,367
W02000307_age_25_44_sex_female,W02000307,age_25_44,sex_female,898
W02000307_age_25_44_sex_male,W02000307,age_25_44,sex_male,868
W02000307_age_45_64_sex_female,W02000307,age_45_64,sex_female,824
W02000307_age_45_64_sex_male,W02000307,age_45_64,sex_male,796
W02000307_age_65_plus_sex_female,W02000307,age_65_plus,sex_female,525
W02000307_age_65_plus_sex_male,W02000307,age_65_plus,sex_male,507
W02000308_age_0_15_sex_female,W02000308,age_0_15,sex_female,811
W02000308_age_0_15_sex_male,W02000308,age_0_15,sex_male,747
W02000308_age_16_24_sex_female,W02000308,age_16_24,sex_female,497
W02000308_age_16_24_sex_male,W02000308,age_16_24,sex_male,457
W02000308_age_25_44_sex_female,W02000308,age_25_44,sex_female,1159
W02000308_age_25_44_sex_male,W02000308,age_25_44,sex_male,1067
W02000308_age_45_64_sex_female,W02000308,age_45_64,sex_female,1218
W02000308_age_45_64_sex_male,W02000308,age_45_64,sex_male,1120
W02000308_age_65_plus_sex_female,W02000308,age_65_plus,sex_female,884
W02000308_age_65_plus_sex_male,W02000308,age_65_plus,sex_male,814
W02000309_age_0_15_sex_female,W02000309,age_0_15,sex_female,587
W02000309_age_0_15_sex_male,W02000309,age_0_15,sex_male,538
W02000309_age_16_24_sex_female,W02000309,age_16_24,sex_female,352
W02000309_age_16_24_sex_male,W02000309,age_16_24,sex_male,323
W02000309_age_25_44_sex_female,W02000309,age_25_44,sex_female,849
W02000309_age_25_44_sex_male,W02000309,age_25_44,sex_male,779
W02000309_age_45_64_sex_female,W02000309,age_45_64,sex_female,946
W02000309_age_45_64_sex_male,W02000309,age_45_64,sex_male,868
W02000309_age_65_plus_sex_female,W02000309,age_65_plus,sex_female,794
W02000309_age_65_plus_sex_male,W02000309,age_65_plus,sex_male,728
W02000310_age_0_15_sex_female,W02000310,age_0_15,sex_female,514
W02000310_age_0_15_sex_male,W02000310,age_0_15,sex_male,482
W02000310_age_16_24_sex_female,W02000310,age_16_24,sex_female,281
W02000310_age_16_24_sex_male,W02000310,age_16_24,sex_male,263
W02000310_age_25_44_sex_female,W02000310,age_25_44,sex_female,613
W02000310_age_25_44_sex_male,W02000310,age_25_44,sex_male,573
W02000310_age_45_64_sex_female,W02000310,age_45_64,sex_female,797
W02000310_age_45_64_sex_male,W02000310,age_45_64,sex_male,746
W02000310_age_65_plus_sex_female,W02000310,age_65_plus,sex_female,528
W02000310_age_65_plus_sex_male,W02000310,age_65_plus,sex_male,495
W02000311_age_0_15_sex_female,W02000311,age_0_15,sex_female,945
W02000311_age_0_15_sex_male,W02000311,age_0_15,sex_male,871
W02000311_age_16_24_sex_female,W02000311,age_16_24,sex_female,520
W02000311_age_16_24_sex_male,W02000311,age_16_24,sex_male,479
W02000311_age_25_44_sex_female,W02000311,age_25_44,sex_female,1342
W02000311_age_25_44_sex_male,W02000311,age_25_44,sex_male,1239
W02000311_age_45_64_sex_female,W02000311,age_45_64,sex_female,1258
W02000311_age_45_64_sex_male,W02000311,age_45_64,sex_male,1161
W02000311_age_65_plus_sex_female,W02000311,age_65_plus,sex_female,1019
W02000311_age_65_plus_sex_male,W02000311,age_65_plus,sex_male,940
W02000312_age_0_15_sex_female,W02000312,age_0_15,sex_female,614
W02000312_age_0_15_sex_male,W02000312,age_0_15,sex_male,576
W02000312_age_16_24_sex_female,W02000312,age_16_24,sex_female,398
W02000312_age_16_24_sex_male,W02000312,age_16_24,sex_male,373
W02000312_age_25_44_sex_female,W02000312,age_25_44,sex_female,894
W02000312_age_25_44_sex_male,W02000312,age_25_44,sex_male,838
W02000312_age_45_64_sex_female,W02000312,age_45_64,sex_female,970
W02000312_age_45_64_sex_male,W02000312,age_45_64,sex_male,910
W02000312_age_65_plus_sex_female,W02000312,age_65_plus,sex_female,855
W02000312_age_65_plus_sex_male,W02000312,age_65_plus,sex_male,803
W02000313_age_0_15_sex_female,W02000313,age_0_15,sex_female,977
W02000313_age_0_15_sex_male,W02000313,age_0_15,sex_male,928
W02000313_age_16_24_sex_female,W02000313,age_16_24,sex_female,534
W02000313_age_16_24_sex_male,W02000313,age_16_24,sex_male,507
W02000313_age_25_44_sex_female,W02000313,age_25_44,sex_female,1425
W02000313_age_25_44_sex_male,W02000313,age_25_44,sex_male,1354
W02000313_age_45_64_sex_female,W02000313,age_45_64,sex_female,1491
W02000313_age_45_64_sex_male,W02000313,age_45_64,sex_male,1417
W02000313_age_65_plus_sex_female,W02000313,age_65_plus,sex_female,1022
W02000313_age_65_plus_sex_male,W02000313,age_65_plus,sex_male,971
W02000314_age_0_15_sex_female,W02000314,age_0_15,sex_female,574
W02000314_age_0_15_sex_male,W02000314,age_0_15,sex_male,539
W02000314_age_16_24_sex_female,W02000314,age_16_24,sex_female,338
W02000314_age_16_24_sex_male,W02000314,age_16_24,sex_male,317
W02000314_age_25_44_sex_female,W02000314,age_25_44,sex_female,772
W02000314_age_25_44_sex_male,W02000314,age_25_44,sex_male,725
W02000314_age_45_64_sex_female,W02000314,age_45_64,sex_female,949
W02000314_age_45_64_sex_male,W02000314,age_45_64,sex_male,891
W02000314_age_65_plus_sex_female,W02000314,age_65_plus,sex_female,783
W02000314_age_65_plus_sex_male,W02000314,age_65_plus,sex_male,735
W02000315_age_0_15_sex_female,W02000315,age_0_15,sex_female,433
W02000315_age_0_15_sex_male,W02000315,age_0_15,sex_male,426
W02000315_age_16_24_sex_female,W02000315,age_16_24,sex_female,257
W02000315_age_16_24_sex_male,W02000315,age_16_24,sex_male,254
W02000315_age_25_44_sex_female,W02000315,age_25_44,sex_female,641
W02000315_age_25_44_sex_male,W02000315,age_25_44,sex_male,632
W02000315_age_45_64_sex_female,W02000315,age_45_64,sex_female,750
W02000315_age_45_64_sex_male,W02000315,age_45_64,sex_male,738
W02000315_age_65_plus_sex_female,W02000315,age_65_plus,sex_female,562
W02000315_age_65_plus_sex_male,W02000315,age_65_plus,sex_male,554
W02000316_age_0_15_sex_female,W02000316,age_0_15,sex_female,565
W02000316_age_0_15_sex_male,W02000316,age_0_15,sex_male,526
W02000316_age_16_24_sex_female,W02000316,age_16_24,sex_female,333
W02000316_age_16_24_sex_male,W02000316,age_16_24,sex_male,311
W02000316_age_25_44_sex_female,W02000316,age_25_44,sex_female,831
W02000316_age_25_44_sex_male,W02000316,age_25_44,sex_male,774
W02000316_age_45_64_sex_female,W02000316,age_45_64,sex_female,981
W02000316_age_45_64_sex_male,W02000316,age_45_64,sex_male,915
W02000316_age_65_plus_sex_female,W02000316,age_65_plus,sex_female,738
W02000316_age_65_plus_sex_male,W02000316,age_65_plus,sex_male,687
W02000317_age_0_15_sex_female,W02000317,age_0_15,sex_female,663
W02000317_age_0_15_sex_male,W02000317,age_0_15,sex_male,635
W02000317_age_16_24_sex_female,W02000317,age_16_24,sex_female,425
W02000317_age_16_24_sex_male,W02000317,age_16_24,sex_male,408
W02000317_age_25_44_sex_female,W02000317,age_25_44,sex_female,978
W02000317_age_25_44_sex_male,W02000317,age_25_44,sex_male,938
W02000317_age_45_64_sex_female,W02000317,age_45_64,sex_female,1110
W02000317_age_45_64_sex_male,W02000317,age_45_64,sex_male,1064
W02000317_age_65_plus_sex_female,W02000317,age_65_plus,sex_female,801
W02000317_age_65_plus_sex_male,W02000317,age_65_plus,sex_male,768
W02000318_age_0_15_sex_female,W02000318,age_0_15,sex_female,807
W02000318_age_0_15_sex_male,W02000318,age_0_15,sex_male,767
W02000318_age_16_24_sex_female,W02000318,age_16_24,sex_female,491
W02000318_age_16_24_sex_male,W02000318,age_16_24,sex_male,467
W02000318_age_25_44_sex_female,W02000318,age_25_44,sex_female,1126
W02000318_age_25_44_sex_male,W02000318,age_25_44,sex_male,1070
W02000318_age_45_64_sex_female,W02000318,age_45_64,sex_female,1329
W02000318_age_45_64_sex_male,W02000318,age_45_64,sex_male,1264
W02000318_age_65_plus_sex_female,W02000318,age_65_plus,sex_female,908
W02000318_age_65_plus_sex_male,W02000318,age_65_plus,sex_male,864
W02000319_age_0_15_sex_female,W02000319,age_0_15,sex_female,685
W02000319_age_0_15_sex_male,W02000319,age_0_15,sex_male,644
W02000319_age_16_24_sex_female,W02000319,age_16_24,sex_female,417
W02000319_age_16_24_sex_male,W02000319,age_16_24,sex_male,392
W02000319_age_25_44_sex_female,W02000319,age_25_44,sex_female,1080
W02000319_age_25_44_sex_male,W02000319,age_25_44,sex_male,1015
W02000319_age_45_64_sex_female,W02000319,age_45_64,sex_female,1165
W02000319_age_45_64_sex_male,W02000319,age_45_64,sex_male,1095
W02000319_age_65_plus_sex_female,W02000319,age_65_plus,sex_female,818
W02000319_age_65_plus_sex_male,W02000319,age_65_plus,sex_male,769
W02000320_age_0_15_sex_female,W02000320,age_0_15,sex_female,657
W02000320_age_0_15_sex_male,W02000320,age_0_15,sex_male,665
W02000320_age_16_24_sex_female,W02000320,age_16_24,sex_female,459
W02000320_age_16_24_sex_male,W02000320,age_16_24,sex_male,466
W02000320_age_25_44_sex_female,W02000320,age_25_44,sex_female,1038
W02000320_age_25_44_sex_male,W02000320,age_25_44,sex_male,1051
W02000320_age_45_64_sex_female,W02000320,age_45_64,sex_female,1133
W02000320_age_45_64_sex_male,W02000320,age_45_64,sex_male,1148
W02000320_age_65_plus_sex_female,W02000320,age_65_plus,sex_female,752
W02000320_age_65_plus_sex_male,W02000320,age_65_plus,sex_male,762
W02000321_age_0_15_sex_female,W02000321,age_0_15,sex_female,723
W02000321_age_0_15_sex_male,W02000321,age_0_15,sex_male,700
W02000321_age_16_24_sex_female,W02000321,age_16_24,sex_female,451
W02000321_age_16_24_sex_male,W02000321,age_16_24,sex_male,437
W02000321_age_25_44_sex_female,W02000321,age_25_44,sex_female,1146
W02000321_age_25_44_sex_male,W02000321,age_25_44,sex_male,1110
W02000321_age_45_64_sex_female,W02000321,age_45_64,sex_female,1195
W02000321_age_45_64_sex_male,W02000321,age_45_64,sex_male,1157
W02000321_age_65_plus_sex_female,W02000321,age_65_plus,sex_female,862
W02000321_age_65_plus_sex_male,W02000321,age_65_plus,sex_male,835
W02000322_age_0_15_sex_female,W02000322,age_0_15,sex_female,533
W02000322_age_0_15_sex_male,W02000322,age_0_15,sex_male,531
W02000322_age_16_24_sex_female,W02000322,age_16_24,sex_female,312
W02000322_age_16_24_sex_male,W02000322,age_16_24,sex_male,312
W02000322_age_25_44_sex_female,W02000322,age_25_44,sex_female,896
W02000322_age_25_44_sex_male,W02000322,age_25_44,sex_male,895
W02000322_age_45_64_sex_female,W02000322,age_45_64,sex_female,931
W02000322_age_45_64_sex_male,W02000322,age_45_64,sex_male,929
W02000322_age_65_plus_sex_female,W02000322,age_65_plus,sex_female,663
W02000322_age_65_plus_sex_male,W02000322,age_65_plus,sex_male,662
W02000323_age_0_15_sex_female,W02000323,age_0_15,sex_female,569
W02000323_age_0_15_sex_male,W02000323,age_0_15,sex_male,545
W02000323_age_16_24_sex_female,W02000323,age_16_24,sex_female,333
W02000323_age_16_24_sex_male,W02000323,age_16_24,sex_male,319
W02000323_age_25_44_sex_female,W02000323,age_25_44,sex_female,795
W02000323_age_25_44_sex_male,W02000323,age_25_44,sex_male,760
W02000323_age_45_64_sex_female,W02000323,age_45_64,sex_female,781
W02000323_age_45_64_sex_male,W02000323,age_45_64,sex_male,746
W02000323_age_65_plus_sex_female,W02000323,age_65_plus,sex_female,599
W02000323_age_65_plus_sex_male,W02000323,age_65_plus,sex_male,573
W02000324_age_0_15_sex_female,W02000324,age_0_15,sex_female,678
W02000324_age_0_15_sex_male,W02000324,age_0_15,sex_male,651
W02000324_age_16_24_sex_female,W02000324,age_16_24,sex_female,416
W02000324_age_16_24_sex_male,W02000324,age_16_24,sex_male,400
W02000324_age_25_44_sex_female,W02000324,age_25_44,sex_female,858
W02000324_age_25_44_sex_male,W02000324,age_25_44,sex_male,825
W02000324_age_45_64_sex_female,W02000324,age_45_64,sex_female,965
W02000324_age_45_64_sex_male,W02000324,age_45_64,sex_male,927
W02000324_age_65_plus_sex_female,W02000324,age_65_plus,sex_female,674
W02000324_age_65_plus_sex_male,W02000324,age_65_plus,sex_male,647
W02000325_age_0_15_sex_female,W02000325,age_0_15,sex_female,796
W02000325_age_0_15_sex_male,W02000325,age_0_15,sex_male,741
W02000325_age_16_24_sex_female,W02000325,age_16_24,sex_female,450
W02000325_age_16_24_sex_male,W02000325,age_16_24,sex_male,418
W02000325_age_25_44_sex_female,W02000325,age_25_44,sex_female,947
W02000325_age_25_44_sex_male,W02000325,age_25_44,sex_male,880
W02000325_age_45_64_sex_female,W02000325,age_45_64,sex_female,992
W02000325_age_45_64_sex_male,W02000325,age_45_64,sex_male,923
W02000325_age_65_plus_sex_female,W02000325,age_65_plus,sex_female,621
W02000325_age_65_plus_sex_male,W02000325,age_65_plus,sex_male,577
W02000326_age_0_15_sex_female,W02000326,age_0_15,sex_female,761
W02000326_age_0_15_sex_male,W02000326,age_0_15,sex_male,728
W02000326_age_16_24_sex_female,W02000326,age_16_24,sex_female,447
W02000326_age_16_24_sex_male,W02000326,age_16_24,sex_male,427
W02000326_age_25_44_sex_female,W02000326,age_25_44,sex_female,1120
W02000326_age_25_44_sex_male,W02000326,age_25_44,sex_male,1070
W02000326_age_45_64_sex_female,W02000326,age_45_64,sex_female,1236
W02000326_age_45_64_sex_male,W02000326,age_45_64,sex_male,1180
W02000326_age_65_plus_sex_female,W02000326,age_65_plus,sex_female,972
W02000326_age_65_plus_sex_male,W02000326,age_65_plus,sex_male,929
W02000327_age_0_15_sex_female,W02000327,age_0_15,sex_female,421
W02000327_age_0_15_sex_male,W02000327,age_0_15,sex_male,394
W02000327_age_16_24_sex_female,W02000327,age_16_24,sex_female,269
W02000327_age_16_24_sex_male,W02000327,age_16_24,sex_male,251
W02000327_age_25_44_sex_female,W02000327,age_25_44,sex_female,612
W02000327_age_25_44_sex_male,W02000327,age_25_44,sex_male,573
W02000327_age_45_64_sex_female,W02000327,age_45_64,sex_female,853
W02000327_age_45_64_sex_male,W02000327,age_45_64,sex_male,799
W02000327_age_65_plus_sex_female,W02000327,age_65_plus,sex_female,894
W02000327_age_65_plus_sex_male,W02000327,age_65_plus,sex_male,836
W02000328_age_0_15_sex_female,W02000328,age_0_15,sex_female,608
W02000328_age_0_15_sex_male,W02000328,age_0_15,sex_male,589
W02000328_age_16_24_sex_female,W02000328,age_16_24,sex_female,399
W02000328_age_16_24_sex_male,W02000328,age_16_24,sex_male,386
W02000328_age_25_44_sex_female,W02000328,age_25_44,sex_female,949
W02000328_age_25_44_sex_male,W02000328,age_25_44,sex_male,919
W02000328_age_45_64_sex_female,W02000328,age_45_64,sex_female,1042
W02000328_age_45_64_sex_male,W02000328,age_45_64,sex_male,1009
W02000328_age_65_plus_sex_female,W02000328,age_65_plus,sex_female,801
W02000328_age_65_plus_sex_male,W02000328,age_65_plus,sex_male,776
W02000329_age_0_15_sex_female,W02000329,age_0_15,sex_female,713
W02000329_age_0_15_sex_male,W02000329,age_0_15,sex_male,671
W02000329_age_16_24_sex_female,W02000329,age_16_24,sex_female,441
W02000329_age_16_24_sex_male,W02000329,age_16_24,sex_male,416
W02000329_age_25_44_sex_female,W02000329,age_25_44,sex_female,1133
W02000329_age_25_44_sex_male,W02000329,age_25_44,sex_male,1068
W02000329_age_45_64_sex_female,W02000329,age_45_64,sex_female,1104
W02000329_age_45_64_sex_male,W02000329,age_45_64,sex_male,1040
W02000329_age_65_plus_sex_female,W02000329,age_65_plus,sex_female,761
W02000329_age_65_plus_sex_male,W02000329,age_65_plus,sex_male,718
W02000330_age_0_15_sex_female,W02000330,age_0_15,sex_female,564
W02000330_age_0_15_sex_male,W02000330,age_0_15,sex_male,530
W02000330_age_16_24_sex_female,W02000330,age_16_24,sex_female,332
W02000330_age_16_24_sex_male,W02000330,age_16_24,sex_male,312
W02000330_age_25_44_sex_female,W02000330,age_25_44,sex_female,853
W02000330_age_25_44_sex_male,W02000330,age_25_44,sex_male,803
W02000330_age_45_64_sex_female,W02000330,age_45_64,sex_female,947
W02000330_age_45_64_sex_male,W02000330,age_45_64,sex_male,891
W02000330_age_65_plus_sex_female,W02000330,age_65_plus,sex_female,951
W02000330_age_65_plus_sex_male,W02000330,age_65_plus,sex_male,894
W02000331_age_0_15_sex_female,W02000331,age_0_15,sex_female,725
W02000331_age_0_15_sex_male,W02000331,age_0_15,sex_male,661
W02000331_age_16_24_sex_female,W02000331,age_16_24,sex_female,421
W02000331_age_16_24_sex_male,W02000331,age_16_24,sex_male,383
W02000331_age_25_44_sex_female,W02000331,age_25_44,sex_female,923
W02000331_age_25_44_sex_male,W02000331,age_25_44,sex_male,841
W02000331_age_45_64_sex_female,W02000331,age_45_64,sex_female,793
W02000331_age_45_64_sex_male,W02000331,age_45_64,sex_male,724
W02000331_age_65_plus_sex_female,W02000331,age_65_plus,sex_female,525
W02000331_age_65_plus_sex_male,W02000331,age_65_plus,sex_male,479
W02000332_age_0_15_sex_female,W02000332,age_0_15,sex_female,718
W02000332_age_0_15_sex_male,W02000332,age_0_15,sex_male,679
W02000332_age_16_24_sex_female,W02000332,age_16_24,sex_female,398
W02000332_age_16_24_sex_male,W02000332,age_16_24,sex_male,376
W02000332_age_25_44_sex_female,W02000332,age_25_44,sex_female,1109
W02000332_age_25_44_sex_male,W02000332,age_25_44,sex_male,1048
W02000332_age_45_64_sex_female,W02000332,age_45_64,sex_female,942
W02000332_age_45_64_sex_male,W02000332,age_45_64,sex_male,891
W02000332_age_65_plus_sex_female,W02000332,age_65_plus,sex_female,766
W02000332_age_65_plus_sex_male,W02000332,age_65_plus,sex_male,724
W02000333_age_0_15_sex_female,W02000333,age_0_15,sex_female,548
W02000333_age_0_15_sex_male,W02000333,age_0_15,sex_male,526
W02000333_age_16_24_sex_female,W02000333,age_16_24,sex_female,347
W02000333_age_16_24_sex_male,W02000333,age_16_24,sex_male,333
W02000333_age_25_44_sex_female,W02000333,age_25_44,sex_female,776
W02000333_age_25_44_sex_male,W02000333,age_25_44,sex_male,745
W02000333_age_45_64_sex_female,W02000333,age_45_64,sex_female,848
W02000333_age_45_64_sex_male,W02000333,age_45_64,sex_male,813
W02000333_age_65_plus_sex_female,W02000333,age_65_plus,sex_female,665
W02000333_age_65_plus_sex_male,W02000333,age_65_plus,sex_male,639
W02000334_age_0_15_sex_female,W02000334,age_0_15,sex_female,525
W02000334_age_0_15_sex_male,W02000334,age_0_15,sex_male,501
W02000334_age_16_24_sex_female,W02000334,age_16_24,sex_female,349
W02000334_age_16_24_sex_male,W02000334,age_16_24,sex_male,333
W02000334_age_25_44_sex_female,W02000334,age_25_44,sex_female,769
W02000334_age_25_44_sex_male,W02000334,age_25_44,sex_male,733
W02000334_age_45_64_sex_female,W02000334,age_45_64,sex_female,986
W02000334_age_45_64_sex_male,W02000334,age_45_64,sex_male,940
W02000334_age_65_plus_sex_female,W02000334,age_65_plus,sex_female,743
W02000334_age_65_plus_sex_male,W02000334,age_65_plus,sex_male,708
W02000335_age_0_15_sex_female,W02000335,age_0_15,sex_female,627
W02000335_age_0_15_sex_male,W02000335,age_0_15,sex_male,590
W02000335_age_16_24_sex_female,W02000335,age_16_24,sex_female,326
W02000335_age_16_24_sex_male,W02000335,age_16_24,sex_male,306
W02000335_age_25_44_sex_female,W02000335,age_25_44,sex_female,989
W02000335_age_25_44_sex_male,W02000335,age_25_44,sex_male,930
W02000335_age_45_64_sex_female,W02000335,age_45_64,sex_female,1069
W02000335_age_45_64_sex_male,W02000335,age_45_64,sex_male,1005
W02000335_age_65_plus_sex_female,W02000335,age_65_plus,sex_female,873
W02000335_age_65_plus_sex_male,W02000335,age_65_plus,sex_male,821
W02000336_age_0_15_sex_female,W02000336,age_0_15,sex_female,523
W02000336_age_0_15_sex_male,W02000336,age_0_15,sex_male,498
W02000336_age_16_24_sex_female,W02000336,age_16_24,sex_female,346
W02000336_age_16_24_sex_male,W02000336,age_16_24,sex_male,329
W02000336_age_25_44_sex_female,W02000336,age_25_44,sex_female,844
W02000336_age_25_44_sex_male,W02000336,age_25_44,sex_male,803
W02000336_age_45_64_sex_female,W02000336,age_45_64,sex_female,1303
W02000336_age_45_64_sex_male,W02000336,age_45_64,sex_male,1238
W02000336_age_65_plus_sex_female,W02000336,age_65_plus,sex_female,1330
W02000336_age_65_plus_sex_male,W02000336,age_65_plus,sex_male,1264
W02000337_age_0_15_sex_female,W02000337,age_0_15,sex_female,699
W02000337_age_0_15_sex_male,W02000337,age_0_15,sex_male,623
W02000337_age_16_24_sex_female,W02000337,age_16_24,sex_female,430
W02000337_age_16_24_sex_male,W02000337,age_16_24,sex_male,383
W02000337_age_25_44_sex_female,W02000337,age_25_44,sex_female,896
W02000337_age_25_44_sex_male,W02000337,age_25_44,sex_male,798
W02000337_age_45_64_sex_female,W02000337,age_45_64,sex_female,1081
W02000337_age_45_64_sex_male,W02000337,age_45_64,sex_male,964
W02000337_age_65_plus_sex_female,W02000337,age_65_plus,sex_female,935
W02000337_age_65_plus_sex_male,W02000337,age_65_plus,sex_male,833
W02000338_age_0_15_sex_female,W02000338,age_0_15,sex_female,643
W02000338_age_0_15_sex_male,W02000338,age_0_15,sex_male,626
W02000338_age_16_24_sex_female,W02000338,age_16_24,sex_female,337
W02000338_age_16_24_sex_male,W02000338,age_16_24,sex_male,328
W02000338_age_25_44_sex_female,W02000338,age_25_44,sex_female,867
W02000338_age_25_44_sex_male,W02000338,age_25_44,sex_male,845
W02000338_age_45_64_sex_female,W02000338,age_45_64,sex_female,1271
W02000338_age_45_64_sex_male,W02000338,age_45_64,sex_male,1237
W02000338_age_65_plus_sex_female,W02000338,age_65_plus,sex_female,1199
W02000338_age_65_plus_sex_male,W02000338,age_65_plus,sex_male,1167
W02000339_age_0_15_sex_female,W02000339,age_0_15,sex_female,925
W02000339_age_0_15_sex_male,W02000339,age_0_15,sex_male,859
W02000339_age_16_24_sex_female,W02000339,age_16_24,sex_female,586
W02000339_age_16_24_sex_male,W02000339,age_16_24,sex_male,544
W02000339_age_25_44_sex_female,W02000339,age_25_44,sex_female,1105
W02000339_age_25_44_sex_male,W02000339,age_25_44,sex_male,1027
W02000339_age_45_64_sex_female,W02000339,age_45_64,sex_female,1578
W02000339_age_45_64_sex_male,W02000339,age_45_64,sex_male,1465
W02000339_age_65_plus_sex_female,W02000339,age_65_plus,sex_female,1535
W02000339_age_65_plus_sex_male,W02000339,age_65_plus,sex_male,1425
W02000340_age_0_15_sex_female,W02000340,age_0_15,sex_female,474
W02000340_age_0_15_sex_male,W02000340,age_0_15,sex_male,461
W02000340_age_16_24_sex_female,W02000340,age_16_24,sex_female,291
W02000340_age_16_24_sex_male,W02000340,age_16_24,sex_male,283
W02000340_age_25_44_sex_female,W02000340,age_25_44,sex_female,602
W02000340_age_25_44_sex_male,W02000340,age_25_44,sex_male,584
W02000340_age_45_64_sex_female,W02000340,age_45_64,sex_female,1140
W02000340_age_45_64_sex_male,W02000340,age_45_64,sex_male,1107
W02000340_age_65_plus_sex_female,W02000340,age_65_plus,sex_female,1116
W02000340_age_65_plus_sex_male,W02000340,age_65_plus,sex_male,1083
W02000341_age_0_15_sex_female,W02000341,age_0_15,sex_female,456
W02000341_age_0_15_sex_male,W02000341,age_0_15,sex_male,478
W02000341_age_16_24_sex_female,W02000341,age_16_24,sex_female,324
W02000341_age_16_24_sex_male,W02000341,age_16_24,sex_male,339
W02000341_age_25_44_sex_female,W02000341,age_25_44,sex_female,784
W02000341_age_25_44_sex_male,W02000341,age_25_44,sex_male,822
W02000341_age_45_64_sex_female,W02000341,age_45_64,sex_female,1298
W02000341_age_45_64_sex_male,W02000341,age_45_64,sex_male,1361
W02000341_age_65_plus_sex_female,W02000341,age_65_plus,sex_female,1196
W02000341_age_65_plus_sex_male,W02000341,age_65_plus,sex_male,1254
W02000342_age_0_15_sex_female,W02000342,age_0_15,sex_female,685
W02000342_age_0_15_sex_male,W02000342,age_0_15,sex_male,674
W02000342_age_16_24_sex_female,W02000342,age_16_24,sex_female,389
W02000342_age_16_24_sex_male,W02000342,age_16_24,sex_male,382
W02000342_age_25_44_sex_female,W02000342,age_25_44,sex_female,788
W02000342_age_25_44_sex_male,W02000342,age_25_44,sex_male,775
W02000342_age_45_64_sex_female,W02000342,age_45_64,sex_female,1541
W02000342_age_45_64_sex_male,W02000342,age_45_64,sex_male,1515
W02000342_age_65_plus_sex_female,W02000342,age_65_plus,sex_female,1317
W02000342_age_65_plus_sex_male,W02000342,age_65_plus,sex_male,1294
W02000343_age_0_15_sex_female,W02000343,age_0_15,sex_female,641
W02000343_age_0_15_sex_male,W02000343,age_0_15,sex_male,609
W02000343_age_16_24_sex_female,W02000343,age_16_24,sex_female,421
W02000343_age_16_24_sex_male,W02000343,age_16_24,sex_male,401
W02000343_age_25_44_sex_female,W02000343,age_25_44,sex_female,1116
W02000343_age_25_44_sex_male,W02000343,age_25_44,sex_male,1061
W02000343_age_45_64_sex_female,W02000343,age_45_64,sex_female,1193
W02000343_age_45_64_sex_male,W02000343,age_45_64,sex_male,1133
W02000343_age_65_plus_sex_female,W02000343,age_65_plus,sex_female,820
W02000343_age_65_plus_sex_male,W02000343,age_65_plus,sex_male,779
W02000344_age_0_15_sex_female,W02000344,age_0_15,sex_female,639
W02000344_age_0_15_sex_male,W02000344,age_0_15,sex_male,624
W02000344_age_16_24_sex_female,W02000344,age_16_24,sex_female,367
W02000344_age_16_24_sex_male,W02000344,age_16_24,sex_male,359
W02000344_age_25_44_sex_female,W02000344,age_25_44,sex_female,905
W02000344_age_25_44_sex_male,W02000344,age_25_44,sex_male,884
W02000344_age_45_64_sex_female,W02000344,age_45_64,sex_female,1329
W02000344_age_45_64_sex_male,W02000344,age_45_64,sex_male,1299
W02000344_age_65_plus_sex_female,W02000344,age_65_plus,sex_female,1064
W02000344_age_65_plus_sex_male,W02000344,age_65_plus,sex_male,1040
W02000345_age_0_15_sex_female,W02000345,age_0_15,sex_female,721
W02000345_age_0_15_sex_male,W02000345,age_0_15,sex_male,678
W02000345_age_16_24_sex_female,W02000345,age_16_24,sex_female,395
W02000345_age_16_24_sex_male,W02000345,age_16_24,sex_male,371
W02000345_age_25_44_sex_female,W02000345,age_25_44,sex_female,964
W02000345_age_25_44_sex_male,W02000345,age_25_44,sex_male,907
W02000345_age_45_64_sex_female,W02000345,age_45_64,sex_female,1081
W02000345_age_45_64_sex_male,W02000345,age_45_64,sex_male,1016
W02000345_age_65_plus_sex_female,W02000345,age_65_plus,sex_female,983
W02000345_age_65_plus_sex_male,W02000345,age_65_plus,sex_male,924
W02000346_age_0_15_sex_female,W02000346,age_0_15,sex_female,623
W02000346_age_0_15_sex_male,W02000346,age_0_15,sex_male,598
W02000346_age_16_24_sex_female,W02000346,age_16_24,sex_female,428
W02000346_age_16_24_sex_male,W02000346,age_16_24,sex_male,411
W02000346_age_25_44_sex_female,W02000346,age_25_44,sex_female,913
W02000346_age_25_44_sex_male,W02000346,age_25_44,sex_male,877
W02000346_age_45_64_sex_female,W02000346,age_45_64,sex_female,1226
W02000346_age_45_64_sex_male,W02000346,age_45_64,sex_male,1177
W02000346_age_65_plus_sex_female,W02000346,age_65_plus,sex_female,757
W02000346_age_65_plus_sex_male,W02000346,age_65_plus,sex_male,727
W02000347_age_0_15_sex_female,W02000347,age_0_15,sex_female,617
W02000347_age_0_15_sex_male,W02000347,age_0_15,sex_male,567
W02000347_age_16_24_sex_female,W02000347,age_16_24,sex_female,396
W02000347_age_16_24_sex_male,W02000347,age_16_24,sex_male,364
W02000347_age_25_44_sex_female,W02000347,age_25_44,sex_female,881
W02000347_age_25_44_sex_male,W02000347,age_25_44,sex_male,810
W02000347_age_45_64_sex_female,W02000347,age_45_64,sex_female,1211
W02000347_age_45_64_sex_male,W02000347,age_45_64,sex_male,1113
W02000347_age_65_plus_sex_female,W02000347,age_65_plus,sex_female,1047
W02000347_age_65_plus_sex_male,W02000347,age_65_plus,sex_male,963
W02000348_age_0_15_sex_female,W02000348,age_0_15,sex_female,632
W02000348_age_0_15_sex_male,W02000348,age_0_15,sex_male,582
W02000348_age_16_24_sex_female,W02000348,age_16_24,sex_female,393
W02000348_age_16_24_sex_male,W02000348,age_16_24,sex_male,363
W02000348_age_25_44_sex_female,W02000348,age_25_44,sex_female,894
W02000348_age_25_44_sex_male,W02000348,age_25_44,sex_male,824
W02000348_age_45_64_sex_female,W02000348,age_45_64,sex_female,1060
W02000348_age_45_64_sex_male,W02000348,age_45_64,sex_male,977
W02000348_age_65_plus_sex_female,W02000348,age_65_plus,sex_female,976
W02000348_age_65_plus_sex_male,W02000348,age_65_plus,sex_male,900
W02000349_age_0_15_sex_female,W02000349,age_0_15,sex_female,868
W02000349_age_0_15_sex_male,W02000349,age_0_15,sex_male,791
W02000349_age_16_24_sex_female,W02000349,age_16_24,sex_female,541
W02000349_age_16_24_sex_male,W02000349,age_16_24,sex_male,494
W02000349_age_25_44_sex_female,W02000349,age_25_44,sex_female,1163
W02000349_age_25_44_sex_male,W02000349,age_25_44,sex_male,1061
W02000349_age_45_64_sex_female,W02000349,age_45_64,sex_female,1071
W02000349_age_45_64_sex_male,W02000349,age_45_64,sex_male,976
W02000349_age_65_plus_sex_female,W02000349,age_65_plus,sex_female,696
W02000349_age_65_plus_sex_male,W02000349,age_65_plus,sex_male,634
W02000350_age_0_15_sex_female,W02000350,age_0_15,sex_female,917
W02000350_age_0_15_sex_male,W02000350,age_0_15,sex_male,886
W02000350_age_16_24_sex_female,W02000350,age_16_24,sex_female,451
W02000350_age_16_24_sex_male,W02000350,age_16_24,sex_male,435
W02000350_age_25_44_sex_female,W02000350,age_25_44,sex_female,1413
W02000350_age_25_44_sex_male,W02000350,age_25_44,sex_male,1364
W02000350_age_45_64_sex_female,W02000350,age_45_64,sex_female,1377
W02000350_age_45_64_sex_male,W02000350,age_45_64,sex_male,1329
W02000350_age_65_plus_sex_female,W02000350,age_65_plus,sex_female,909
W02000350_age_65_plus_sex_male,W02000350,age_65_plus,sex_male,877
W02000351_age_0_15_sex_female,W02000351,age_0_15,sex_female,667
W02000351_age_0_15_sex_male,W02000351,age_0_15,sex_male,627
W02000351_age_16_24_sex_female,W02000351,age_16_24,sex_female,321
W02000351_age_16_24_sex_male,W02000351,age_16_24,sex_male,302
W02000351_age_25_44_sex_female,W02000351,age_25_44,sex_female,817
W02000351_age_25_44_sex_male,W02000351,age_25_44,sex_male,769
W02000351_age_45_64_sex_female,W02000351,age_45_64,sex_female,826
W02000351_age_45_64_sex_male,W02000351,age_45_64,sex_male,777
W02000351_age_65_plus_sex_female,W02000351,age_65_plus,sex_female,603
W02000351_age_65_plus_sex_male,W02000351,age_65_plus,sex_male,567
W02000352_age_0_15_sex_female,W02000352,age_0_15,sex_female,664
W02000352_age_0_15_sex_male,W02000352,age_0_15,sex_male,644
W02000352_age_16_24_sex_female,W02000352,age_16_24,sex_female,389
W02000352_age_16_24_sex_male,W02000352,age_16_24,sex_male,377
W02000352_age_25_44_sex_female,W02000352,age_25_44,sex_female,991
W02000352_age_25_44_sex_male,W02000352,age_25_44,sex_male,962
W02000352_age_45_64_sex_female,W02000352,age_45_64,sex_female,885
W02000352_age_45_64_sex_male,W02000352,age_45_64,sex_male,859
W02000352_age_65_plus_sex_female,W02000352,age_65_plus,sex_female,523
W02000352_age_65_plus_sex_male,W02000352,age_65_plus,sex_male,508
W02000353_age_0_15_sex_female,W02000353,age_0_15,sex_female,662
W02000353_age_0_15_sex_male,W02000353,age_0_15,sex_male,626
W02000353_age_16_24_sex_female,W02000353,age_16_24,sex_female,418
W02000353_age_16_24_sex_male,W02000353,age_16_24,sex_male,395
W02000353_age_25_44_sex_female,W02000353,age_25_44,sex_female,1108
W02000353_age_25_44_sex_male,W02000353,age_25_44,sex_male,1047
W02000353_age_45_64_sex_female,W02000353,age_45_64,sex_female,954
W02000353_age_45_64_sex_male,W02000353,age_45_64,sex_male,901
W02000353_age_65_plus_sex_female,W02000353,age_65_plus,sex_female,569
W02000353_age_65_plus_sex_male,W02000353,age_65_plus,sex_male,537
W02000354_age_0_15_sex_female,W02000354,age_0_15,sex_female,456
W02000354_age_0_15_sex_male,W02000354,age_0_15,sex_male,419
W02000354_age_16_24_sex_female,W02000354,age_16_24,sex_female,296
W02000354_age_16_24_sex_male,W02000354,age_16_24,sex_male,273
W02000354_age_25_44_sex_female,W02000354,age_25_44,sex_female,707
W02000354_age_25_44_sex_male,W02000354,age_25_44,sex_male,650
W02000354_age_45_64_sex_female,W02000354,age_45_64,sex_female,835
W02000354_age_45_64_sex_male,W02000354,age_45_64,sex_male,769
W02000354_age_65_plus_sex_female,W02000354,age_65_plus,sex_female,724
W02000354_age_65_plus_sex_male,W02000354,age_65_plus,sex_male,667
W02000355_age_0_15_sex_female,W02000355,age_0_15,sex_female,1028
W02000355_age_0_15_sex_male,W02000355,age_0_15,sex_male,973
W02000355_age_16_24_sex_female,W02000355,age_16_24,sex_female,484
W02000355_age_16_24_sex_male,W02000355,age_16_24,sex_male,457
W02000355_age_25_44_sex_female,W02000355,age_25_44,sex_female,1413
W02000355_age_25_44_sex_male,W02000355,age_25_44,sex_male,1336
W02000355_age_45_64_sex_female,W02000355,age_45_64,sex_female,1311
W02000355_age_45_64_sex_male,W02000355,age_45_64,sex_male,1240
W02000355_age_65_plus_sex_female,W02000355,age_65_plus,sex_female,1026
W02000355_age_65_plus_sex_male,W02000355,age_65_plus,sex_male,970
W02000356_age_0_15_sex_female,W02000356,age_0_15,sex_female,596
W02000356_age_0_15_sex_male,W02000356,age_0_15,sex_male,570
W02000356_age_16_24_sex_female,W02000356,age_16_24,sex_female,350
W02000356_age_16_24_sex_male,W02000356,age_16_24,sex_male,335
W02000356_age_25_44_sex_female,W02000356,age_25_44,sex_female,700
W02000356_age_25_44_sex_male,W02000356,age_25_44,sex_male,670
W02000356_age_45_64_sex_female,W02000356,age_45_64,sex_female,645
W02000356_age_45_64_sex_male,W02000356,age_45_64,sex_male,617
W02000356_age_65_plus_sex_female,W02000356,age_65_plus,sex_female,401
W02000356_age_65_plus_sex_male,W02000356,age_65_plus,sex_male,385
W02000357_age_0_15_sex_female,W02000357,age_0_15,sex_female,739
W02000357_age_0_15_sex_male,W02000357,age_0_15,sex_male,787
W02000357_age_16_24_sex_female,W02000357,age_16_24,sex_female,473
W02000357_age_16_24_sex_male,W02000357,age_16_24,sex_male,503
W02000357_age_25_44_sex_female,W02000357,age_25_44,sex_female,1223
W02000357_age_25_44_sex_male,W02000357,age_25_44,sex_male,1300
W02000357_age_45_64_sex_female,W02000357,age_45_64,sex_female,1028
W02000357_age_45_64_sex_male,W02000357,age_45_64,sex_male,1093
W02000357_age_65_plus_sex_female,W02000357,age_65_plus,sex_female,550
W02000357_age_65_plus_sex_male,W02000357,age_65_plus,sex_male,586
W02000358_age_0_15_sex_female,W02000358,age_0_15,sex_female,520
W02000358_age_0_15_sex_male,W02000358,age_0_15,sex_male,487
W02000358_age_16_24_sex_female,W02000358,age_16_24,sex_female,325
W02000358_age_16_24_sex_male,W02000358,age_16_24,sex_male,304
W02000358_age_25_44_sex_female,W02000358,age_25_44,sex_female,838
W02000358_age_25_44_sex_male,W02000358,age_25_44,sex_male,785
W02000358_age_45_64_sex_female,W02000358,age_45_64,sex_female,910
W02000358_age_45_64_sex_male,W02000358,age_45_64,sex_male,853
W02000358_age_65_plus_sex_female,W02000358,age_65_plus,sex_female,755
W02000358_age_65_plus_sex_male,W02000358,age_65_plus,sex_male,707
W02000359_age_0_15_sex_female,W02000359,age_0_15,sex_female,1307
W02000359_age_0_15_sex_male,W02000359,age_0_15,sex_male,1352
W02000359_age_16_24_sex_female,W02000359,age_16_24,sex_female,715
W02000359_age_16_24_sex_male,W02000359,age_16_24,sex_male,740
W02000359_age_25_44_sex_female,W02000359,age_25_44,sex_female,2067
W02000359_age_25_44_sex_male,W02000359,age_25_44,sex_male,2137
W02000359_age_45_64_sex_female,W02000359,age_45_64,sex_female,1223
W02000359_age_45_64_sex_male,W02000359,age_45_64,sex_male,1265
W02000359_age_65_plus_sex_female,W02000359,age_65_plus,sex_female,491
W02000359_age_65_plus_sex_male,W02000359,age_65_plus,sex_male,507
W02000360_age_0_15_sex_female,W02000360,age_0_15,sex_female,420
W02000360_age_0_15_sex_male,W02000360,age_0_15,sex_male,486
W02000360_age_16_24_sex_female,W02000360,age_16_24,sex_female,360
W02000360_age_16_24_sex_male,W02000360,age_16_24,sex_male,418
W02000360_age_25_44_sex_female,W02000360,age_25_44,sex_female,1056
W02000360_age_25_44_sex_male,W02000360,age_25_44,sex_male,1225
W02000360_age_45_64_sex_female,W02000360,age_45_64,sex_female,808
W02000360_age_45_64_sex_male,W02000360,age_45_64,sex_male,937
W02000360_age_65_plus_sex_female,W02000360,age_65_plus,sex_female,498
W02000360_age_65_plus_sex_male,W02000360,age_65_plus,sex_male,577
W02000361_age_0_15_sex_female,W02000361,age_0_15,sex_female,1261
W02000361_age_0_15_sex_male,W02000361,age_0_15,sex_male,1200
W02000361_age_16_24_sex_female,W02000361,age_16_24,sex_female,732
W02000361_age_16_24_sex_male,W02000361,age_16_24,sex_male,696
W02000361_age_25_44_sex_female,W02000361,age_25_44,sex_female,1719
W02000361_age_25_44_sex_male,W02000361,age_25_44,sex_male,1635
W02000361_age_45_64_sex_female,W02000361,age_45_64,sex_female,1413
W02000361_age_45_64_sex_male,W02000361,age_45_64,sex_male,1345
W02000361_age_65_plus_sex_female,W02000361,age_65_plus,sex_female,901
W02000361_age_65_plus_sex_male,W02000361,age_65_plus,sex_male,858
W02000362_age_0_15_sex_female,W02000362,age_0_15,sex_female,661
W02000362_age_0_15_sex_male,W02000362,age_0_15,sex_male,629
W02000362_age_16_24_sex_female,W02000362,age_16_24,sex_female,330
W02000362_age_16_24_sex_male,W02000362,age_16_24,sex_male,314
W02000362_age_25_44_sex_female,W02000362,age_25_44,sex_female,945
W02000362_age_25_44_sex_male,W02000362,age_25_44,sex_male,900
W02000362_age_45_64_sex_female,W02000362,age_45_64,sex_female,934
W02000362_age_45_64_sex_male,W02000362,age_45_64,sex_male,889
W02000362_age_65_plus_sex_female,W02000362,age_65_plus,sex_female,710
W02000362_age_65_plus_sex_male,W02000362,age_65_plus,sex_male,675
W02000363_age_0_15_sex_female,W02000363,age_0_15,sex_female,475
W02000363_age_0_15_sex_male,W02000363,age_0_15,sex_male,454
W02000363_age_16_24_sex_female,W02000363,age_16_24,sex_female,275
W02000363_age_16_24_sex_male,W02000363,age_16_24,sex_male,262
W02000363_age_25_44_sex_female,W02000363,age_25_44,sex_female,737
W02000363_age_25_44_sex_male,W02000363,age_25_44,sex_male,705
W02000363_age_45_64_sex_female,W02000363,age_45_64,sex_female,787
W02000363_age_45_64_sex_male,W02000363,age_45_64,sex_male,753
W02000363_age_65_plus_sex_female,W02000363,age_65_plus,sex_female,685
W02000363_age_65_plus_sex_male,W02000363,age_65_plus,sex_male,654
W02000364_age_0_15_sex_female,W02000364,age_0_15,sex_female,1072
W02000364_age_0_15_sex_male,W02000364,age_0_15,sex_male,1078
W02000364_age_16_24_sex_female,W02000364,age_16_24,sex_female,640
W02000364_age_16_24_sex_male,W02000364,age_16_24,sex_male,643
W02000364_age_25_44_sex_female,W02000364,age_25_44,sex_female,1563
W02000364_age_25_44_sex_male,W02000364,age_25_44,sex_male,1571
W02000364_age_45_64_sex_female,W02000364,age_45_64,sex_female,897
W02000364_age_45_64_sex_male,W02000364,age_45_64,sex_male,902
W02000364_age_65_plus_sex_female,W02000364,age_65_plus,sex_female,464
W02000364_age_65_plus_sex_male,W02000364,age_65_plus,sex_male,466
W02000365_age_0_15_sex_female,W02000365,age_0_15,sex_female,1064
W02000365_age_0_15_sex_male,W02000365,age_0_15,sex_male,929
W02000365_age_16_24_sex_female,W02000365,age_16_24,sex_female,557
W02000365_age_16_24_sex_male,W02000365,age_16_24,sex_male,487
W02000365_age_25_44_sex_female,W02000365,age_25_44,sex_female,1361
W02000365_age_25_44_sex_male,W02000365,age_25_44,sex_male,1189
W02000365_age_45_64_sex_female,W02000365,age_45_64,sex_female,1009
W02000365_age_45_64_sex_male,W02000365,age_45_64,sex_male,881
W02000365_age_65_plus_sex_female,W02000365,age_65_plus,sex_female,585
W02000365_age_65_plus_sex_male,W02000365,age_65_plus,sex_male,512
W02000366_age_0_15_sex_female,W02000366,age_0_15,sex_female,788
W02000366_age_0_15_sex_male,W02000366,age_0_15,sex_male,788
W02000366_age_16_24_sex_female,W02000366,age_16_24,sex_female,404
W02000366_age_16_24_sex_male,W02000366,age_16_24,sex_male,404
W02000366_age_25_44_sex_female,W02000366,age_25_44,sex_female,1078
W02000366_age_25_44_sex_male,W02000366,age_25_44,sex_male,1080
W02000366_age_45_64_sex_female,W02000366,age_45_64,sex_female,1243
W02000366_age_45_64_sex_male,W02000366,age_45_64,sex_male,1245
W02000366_age_65_plus_sex_female,W02000366,age_65_plus,sex_female,701
W02000366_age_65_plus_sex_male,W02000366,age_65_plus,sex_male,702
W02000367_age_0_15_sex_female,W02000367,age_0_15,sex_female,467
W02000367_age_0_15_sex_male,W02000367,age_0_15,sex_male,438
W02000367_age_16_24_sex_female,W02000367,age_16_24,sex_female,298
W02000367_age_16_24_sex_male,W02000367,age_16_24,sex_male,280
W02000367_age_25_44_sex_female,W02000367,age_25_44,sex_female,636
W02000367_age_25_44_sex_male,W02000367,age_25_44,sex_male,597
W02000367_age_45_64_sex_female,W02000367,age_45_64,sex_female,923
W02000367_age_45_64_sex_male,W02000367,age_45_64,sex_male,866
W02000367_age_65_plus_sex_female,W02000367,age_65_plus,sex_female,820
W02000367_age_65_plus_sex_male,W02000367,age_65_plus,sex_male,769
W02000368_age_0_15_sex_female,W02000368,age_0_15,sex_female,482
W02000368_age_0_15_sex_male,W02000368,age_0_15,sex_male,444
W02000368_age_16_24_sex_female,W02000368,age_16_24,sex_female,287
W02000368_age_16_24_sex_male,W02000368,age_16_24,sex_male,265
W02000368_age_25_44_sex_female,W02000368,age_25_44,sex_female,783
W02000368_age_25_44_sex_male,W02000368,age_25_44,sex_male,721
W02000368_age_45_64_sex_female,W02000368,age_45_64,sex_female,891
W02000368_age_45_64_sex_male,W02000368,age_45_64,sex_male,821
W02000368_age_65_plus_sex_female,W02000368,age_65_plus,sex_female,525
W02000368_age_65_plus_sex_male,W02000368,age_65_plus,sex_male,483
W02000369_age_0_15_sex_female,W02000369,age_0_15,sex_female,1019
W02000369_age_0_15_sex_male,W02000369,age_0_15,sex_male,967
W02000369_age_16_24_sex_female,W02000369,age_16_24,sex_female,523
W02000369_age_16_24_sex_male,W02000369,age_16_24,sex_male,496
W02000369_age_25_44_sex_female,W02000369,age_25_44,sex_female,1746
W02000369_age_25_44_sex_male,W02000369,age_25_44,sex_male,1657
W02000369_age_45_64_sex_female,W02000369,age_45_64,sex_female,1246
W02000369_age_45_64_sex_male,W02000369,age_45_64,sex_male,1181
W02000369_age_65_plus_sex_female,W02000369,age_65_plus,sex_female,493
W02000369_age_65_plus_sex_male,W02000369,age_65_plus,sex_male,467
W02000370_age_0_15_sex_female,W02000370,age_0_15,sex_female,542
W02000370_age_0_15_sex_male,W02000370,age_0_15,sex_male,483
W02000370_age_16_24_sex_female,W02000370,age_16_24,sex_female,267
W02000370_age_16_24_sex_male,W02000370,age_16_24,sex_male,238
W02000370_age_25_44_sex_female,W02000370,age_25_44,sex_female,678
W02000370_age_25_44_sex_male,W02000370,age_25_44,sex_male,603
W02000370_age_45_64_sex_female,W02000370,age_45_64,sex_female,964
W02000370_age_45_64_sex_male,W02000370,age_45_64,sex_male,858
W02000370_age_65_plus_sex_female,W02000370,age_65_plus,sex_female,1015
W02000370_age_65_plus_sex_male,W02000370,age_65_plus,sex_male,904
W02000371_age_0_15_sex_female,W02000371,age_0_15,sex_female,874
W02000371_age_0_15_sex_male,W02000371,age_0_15,sex_male,811
W02000371_age_16_24_sex_female,W02000371,age_16_24,sex_female,430
W02000371_age_16_24_sex_male,W02000371,age_16_24,sex_male,399
W02000371_age_25_44_sex_female,W02000371,age_25_44,sex_female,1284
W02000371_age_25_44_sex_male,W02000371,age_25_44,sex_male,1193
W02000371_age_45_64_sex_female,W02000371,age_45_64,sex_female,1179
W02000371_age_45_64_sex_male,W02000371,age_45_64,sex_male,1095
W02000371_age_65_plus_sex_female,W02000371,age_65_plus,sex_female,952
W02000371_age_65_plus_sex_male,W02000371,age_65_plus,sex_male,885
W02000372_age_0_15_sex_female,W02000372,age_0_15,sex_female,817
W02000372_age_0_15_sex_male,W02000372,age_0_15,sex_male,764
W02000372_age_16_24_sex_female,W02000372,age_16_24,sex_female,424
W02000372_age_16_24_sex_male,W02000372,age_16_24,sex_male,397
W02000372_age_25_44_sex_female,W02000372,age_25_44,sex_female,972
W02000372_age_25_44_sex_male,W02000372,age_25_44,sex_male,909
W02000372_age_45_64_sex_female,W02000372,age_45_64,sex_female,1232
W02000372_age_45_64_sex_male,W02000372,age_45_64,sex_male,1153
W02000372_age_65_plus_sex_female,W02000372,age_65_plus,sex_female,836
W02000372_age_65_plus_sex_male,W02000372,age_65_plus,sex_male,783
W02000373_age_0_15_sex_female,W02000373,age_0_15,sex_female,809
W02000373_age_0_15_sex_male,W02000373,age_0_15,sex_male,727
W02000373_age_16_24_sex_female,W02000373,age_16_24,sex_female,432
W02000373_age_16_24_sex_male,W02000373,age_16_24,sex_male,389
W02000373_age_25_44_sex_female,W02000373,age_25_44,sex_female,978
W02000373_age_25_44_sex_male,W02000373,age_25_44,sex_male,880
W02000373_age_45_64_sex_female,W02000373,age_45_64,sex_female,913
W02000373_age_45_64_sex_male,W02000373,age_45_64,sex_male,821
W02000373_age_65_plus_sex_female,W02000373,age_65_plus,sex_female,549
W02000373_age_65_plus_sex_male,W02000373,age_65_plus,sex_male,493
W02000374_age_0_15_sex_female,W02000374,age_0_15,sex_female,585
W02000374_age_0_15_sex_male,W02000374,age_0_15,sex_male,539
W02000374_age_16_24_sex_female,W02000374,age_16_24,sex_female,296
W02000374_age_16_24_sex_male,W02000374,age_16_24,sex_male,273
W02000374_age_25_44_sex_female,W02000374,age_25_44,sex_female,618
W02000374_age_25_44_sex_male,W02000374,age_25_44,sex_male,568
W02000374_age_45_64_sex_female,W02000374,age_45_64,sex_female,790
W02000374_age_45_64_sex_male,W02000374,age_45_64,sex_male,727
W02000374_age_65_plus_sex_female,W02000374,age_65_plus,sex_female,781
W02000374_age_65_plus_sex_male,W02000374,age_65_plus,sex_male,718
W02000375_age_0_15_sex_female,W02000375,age_0_15,sex_female,887
W02000375_age_0_15_sex_male,W02000375,age_0_15,sex_male,827
W02000375_age_16_24_sex_female,W02000375,age_16_24,sex_female,506
W02000375_age_16_24_sex_male,W02000375,age_16_24,sex_male,472
W02000375_age_25_44_sex_female,W02000375,age_25_44,sex_female,1062
W02000375_age_25_44_sex_male,W02000375,age_25_44,sex_male,990
W02000375_age_45_64_sex_female,W02000375,age_45_64,sex_female,802
W02000375_age_45_64_sex_male,W02000375,age_45_64,sex_male,748
W02000375_age_65_plus_sex_female,W02000375,age_65_plus,sex_female,530
W02000375_age_65_plus_sex_male,W02000375,age_65_plus,sex_male,493
W02000376_age_0_15_sex_female,W02000376,age_0_15,sex_female,628
W02000376_age_0_15_sex_male,W02000376,age_0_15,sex_male,593
W02000376_age_16_24_sex_female,W02000376,age_16_24,sex_female,313
W02000376_age_16_24_sex_male,W02000376,age_16_24,sex_male,296
W02000376_age_25_44_sex_female,W02000376,age_25_44,sex_female,844
W02000376_age_25_44_sex_male,W02000376,age_25_44,sex_male,797
W02000376_age_45_64_sex_female,W02000376,age_45_64,sex_female,961
W02000376_age_45_64_sex_male,W02000376,age_45_64,sex_male,908
W02000376_age_65_plus_sex_female,W02000376,age_65_plus,sex_female,679
W02000376_age_65_plus_sex_male,W02000376,age_65_plus,sex_male,641
W02000377_age_0_15_sex_female,W02000377,age_0_15,sex_female,856
W02000377_age_0_15_sex_male,W02000377,age_0_15,sex_male,776
W02000377_age_16_24_sex_female,W02000377,age_16_24,sex_female,452
W02000377_age_16_24_sex_male,W02000377,age_16_24,sex_male,411
W02000377_age_25_44_sex_female,W02000377,age_25_44,sex_female,1232
W02000377_age_25_44_sex_male,W02000377,age_25_44,sex_male,1117
W02000377_age_45_64_sex_female,W02000377,age_45_64,sex_female,1007
W02000377_age_45_64_sex_male,W02000377,age_45_64,sex_male,914
W02000377_age_65_plus_sex_female,W02000377,age_65_plus,sex_female,534
W02000377_age_65_plus_sex_male,W02000377,age_65_plus,sex_male,484
W02000378_age_0_15_sex_female,W02000378,age_0_15,sex_female,689
W02000378_age_0_15_sex_male,W02000378,age_0_15,sex_male,645
W02000378_age_16_24_sex_female,W02000378,age_16_24,sex_female,388
W02000378_age_16_24_sex_male,W02000378,age_16_24,sex_male,363
W02000378_age_25_44_sex_female,W02000378,age_25_44,sex_female,927
W02000378_age_25_44_sex_male,W02000378,age_25_44,sex_male,867
W02000378_age_45_64_sex_female,W02000378,age_45_64,sex_female,998
W02000378_age_45_64_sex_male,W02000378,age_45_64,sex_male,934
W02000378_age_65_plus_sex_female,W02000378,age_65_plus,sex_female,867
W02000378_age_65_plus_sex_male,W02000378,age_65_plus,sex_male,810
W02000379_age_0_15_sex_female,W02000379,age_0_15,sex_female,907
W02000379_age_0_15_sex_male,W02000379,age_0_15,sex_male,793
W02000379_age_16_24_sex_female,W02000379,age_16_24,sex_female,466
W02000379_age_16_24_sex_male,W02000379,age_16_24,sex_male,407
W02000379_age_25_44_sex_female,W02000379,age_25_44,sex_female,962
W02000379_age_25_44_sex_male,W02000379,age_25_44,sex_male,842
W02000379_age_45_64_sex_female,W02000379,age_45_64,sex_female,744
W02000379_age_45_64_sex_male,W02000379,age_45_64,sex_male,650
W02000379_age_65_plus_sex_female,W02000379,age_65_plus,sex_female,371
W02000379_age_65_plus_sex_male,W02000379,age_65_plus,sex_male,325
W02000380_age_0_15_sex_female,W02000380,age_0_15,sex_female,674
W02000380_age_0_15_sex_male,W02000380,age_0_15,sex_male,624
W02000380_age_16_24_sex_female,W02000380,age_16_24,sex_female,397
W02000380_age_16_24_sex_male,W02000380,age_16_24,sex_male,367
W02000380_age_25_44_sex_female,W02000380,age_25_44,sex_female,952
W02000380_age_25_44_sex_male,W02000380,age_25_44,sex_male,882
W02000380_age_45_64_sex_female,W02000380,age_45_64,sex_female,1139
W02000380_age_45_64_sex_male,W02000380,age_45_64,sex_male,1055
W02000380_age_65_plus_sex_female,W02000380,age_65_plus,sex_female,942
W02000380_age_65_plus_sex_male,W02000380,age_65_plus,sex_male,872
W02000381_age_0_15_sex_female,W02000381,age_0_15,sex_female,709
W02000381_age_0_15_sex_male,W02000381,age_0_15,sex_male,637
W02000381_age_16_24_sex_female,W02000381,age_16_24,sex_female,381
W02000381_age_16_24_sex_male,W02000381,age_16_24,sex_male,342
W02000381_age_25_44_sex_female,W02000381,age_25_44,sex_female,915
W02000381_age_25_44_sex_male,W02000381,age_25_44,sex_male,823
W02000381_age_45_64_sex_female,W02000381,age_45_64,sex_female,863
W02000381_age_45_64_sex_male,W02000381,age_45_64,sex_male,776
W02000381_age_65_plus_sex_female,W02000381,age_65_plus,sex_female,573
W02000381_age_65_plus_sex_male,W02000381,age_65_plus,sex_male,516
W02000382_age_0_15_sex_female,W02000382,age_0_15,sex_female,720
W02000382_age_0_15_sex_male,W02000382,age_0_15,sex_male,639
W02000382_age_16_24_sex_female,W02000382,age_16_24,sex_female,395
W02000382_age_16_24_sex_male,W02000382,age_16_24,sex_male,351
W02000382_age_25_44_sex_female,W02000382,age_25_44,sex_female,869
W02000382_age_25_44_sex_male,W02000382,age_25_44,sex_male,770
W02000382_age_45_64_sex_female,W02000382,age_45_64,sex_female,690
W02000382_age_45_64_sex_male,W02000382,age_45_64,sex_male,612
W02000382_age_65_plus_sex_female,W02000382,age_65_plus,sex_female,491
W02000382_age_65_plus_sex_male,W02000382,age_65_plus,sex_male,435
W02000383_age_0_15_sex_female,W02000383,age_0_15,sex_female,854
W02000383_age_0_15_sex_male,W02000383,age_0_15,sex_male,801
W02000383_age_16_24_sex_female,W02000383,age_16_24,sex_female,451
W02000383_age_16_24_sex_male,W02000383,age_16_24,sex_male,424
W02000383_age_25_44_sex_female,W02000383,age_25_44,sex_female,1013
W02000383_age_25_44_sex_male,W02000383,age_25_44,sex_male,951
W02000383_age_45_64_sex_female,W02000383,age_45_64,sex_female,913
W02000383_age_45_64_sex_male,W02000383,age_45_64,sex_male,856
W02000383_age_65_plus_sex_female,W02000383,age_65_plus,sex_female,638
W02000383_age_65_plus_sex_male,W02000383,age_65_plus,sex_male,598
W02000384_age_0_15_sex_female,W02000384,age_0_15,sex_female,500
W02000384_age_0_15_sex_male,W02000384,age_0_15,sex_male,491
W02000384_age_16_24_sex_female,W02000384,age_16_24,sex_female,251
W02000384_age_16_24_sex_male,W02000384,age_16_24,sex_male,246
W02000384_age_25_44_sex_female,W02000384,age_25_44,sex_female,703
W02000384_age_25_44_sex_male,W02000384,age_25_44,sex_male,690
W02000384_age_45_64_sex_female,W02000384,age_45_64,sex_female,798
W02000384_age_45_64_sex_male,W02000384,age_45_64,sex_male,783
W02000384_age_65_plus_sex_female,W02000384,age_65_plus,sex_female,622
W02000384_age_65_plus_sex_male,W02000384,age_65_plus,sex_male,610
W02000385_age_0_15_sex_female,W02000385,age_0_15,sex_female,635
W02000385_age_0_15_sex_male,W02000385,age_0_15,sex_male,624
W02000385_age_16_24_sex_female,W02000385,age_16_24,sex_female,582
W02000385_age_16_24_sex_male,W02000385,age_16_24,sex_male,573
W02000385_age_25_44_sex_female,W02000385,age_25_44,sex_female,731
W02000385_age_25_44_sex_male,W02000385,age_25_44,sex_male,720
W02000385_age_45_64_sex_female,W02000385,age_45_64,sex_female,824
W02000385_age_45_64_sex_male,W02000385,age_45_64,sex_male,811
W02000385_age_65_plus_sex_female,W02000385,age_65_plus,sex_female,697
W02000385_age_65_plus_sex_male,W02000385,age_65_plus,sex_male,685
W02000386_age_0_15_sex_female,W02000386,age_0_15,sex_female,660
W02000386_age_0_15_sex_male,W02000386,age_0_15,sex_male,616
W02000386_age_16_24_sex_female,W02000386,age_16_24,sex_female,313
W02000386_age_16_24_sex_male,W02000386,age_16_24,sex_male,293
W02000386_age_25_44_sex_female,W02000386,age_25_44,sex_female,815
W02000386_age_25_44_sex_male,W02000386,age_25_44,sex_male,761
W02000386_age_45_64_sex_female,W02000386,age_45_64,sex_female,1136
W02000386_age_45_64_sex_male,W02000386,age_45_64,sex_male,1060
W02000386_age_65_plus_sex_female,W02000386,age_65_plus,sex_female,999
W02000386_age_65_plus_sex_male,W02000386,age_65_plus,sex_male,933
W02000387_age_0_15_sex_female,W02000387,age_0_15,sex_female,501
W02000387_age_0_15_sex_male,W02000387,age_0_15,sex_male,472
W02000387_age_16_24_sex_female,W02000387,age_16_24,sex_female,372
W02000387_age_16_24_sex_male,W02000387,age_16_24,sex_male,350
W02000387_age_25_44_sex_female,W02000387,age_25_44,sex_female,788
W02000387_age_25_44_sex_male,W02000387,age_25_44,sex_male,742
W02000387_age_45_64_sex_female,W02000387,age_45_64,sex_female,759
W02000387_age_45_64_sex_male,W02000387,age_45_64,sex_male,715
W02000387_age_65_plus_sex_female,W02000387,age_65_plus,sex_female,620
W02000387_age_65_plus_sex_male,W02000387,age_65_plus,sex_male,584
W02000388_age_0_15_sex_female,W02000388,age_0_15,sex_female,509
W02000388_age_0_15_sex_male,W02000388,age_0_15,sex_male,457
W02000388_age_16_24_sex_female,W02000388,age_16_24,sex_female,301
W02000388_age_16_24_sex_male,W02000388,age_16_24,sex_male,271
W02000388_age_25_44_sex_female,W02000388,age_25_44,sex_female,741
W02000388_age_25_44_sex_male,W02000388,age_25_44,sex_male,667
W02000388_age_45_64_sex_female,W02000388,age_45_64,sex_female,839
W02000388_age_45_64_sex_male,W02000388,age_45_64,sex_male,755
W02000388_age_65_plus_sex_female,W02000388,age_65_plus,sex_female,663
W02000388_age_65_plus_sex_male,W02000388,age_65_plus,sex_male,597
W02000389_age_0_15_sex_female,W02000389,age_0_15,sex_female,866
W02000389_age_0_15_sex_male,W02000389,age_0_15,sex_male,789
W02000389_age_16_24_sex_female,W02000389,age_16_24,sex_female,507
W02000389_age_16_24_sex_male,W02000389,age_16_24,sex_male,462
W02000389_age_25_44_sex_female,W02000389,age_25_44,sex_female,1200
W02000389_age_25_44_sex_male,W02000389,age_25_44,sex_male,1094
W02000389_age_45_64_sex_female,W02000389,age_45_64,sex_female,1162
W02000389_age_45_64_sex_male,W02000389,age_45_64,sex_male,1059
W02000389_age_65_plus_sex_female,W02000389,age_65_plus,sex_female,675
W02000389_age_65_plus_sex_male,W02000389,age_65_plus,sex_male,616
W02000390_age_0_15_sex_female,W02000390,age_0_15,sex_female,476
W02000390_age_0_15_sex_male,W02000390,age_0_15,sex_male,438
W02000390_age_16_24_sex_female,W02000390,age_16_24,sex_female,526
W02000390_age_16_24_sex_male,W02000390,age_16_24,sex_male,485
W02000390_age_25_44_sex_female,W02000390,age_25_44,sex_female,640
W02000390_age_25_44_sex_male,W02000390,age_25_44,sex_male,590
W02000390_age_45_64_sex_female,W02000390,age_45_64,sex_female,761
W02000390_age_45_64_sex_male,W02000390,age_45_64,sex_male,701
W02000390_age_65_plus_sex_female,W02000390,age_65_plus,sex_female,844
W02000390_age_65_plus_sex_male,W02000390,age_65_plus,sex_male,777
W02000391_age_0_15_sex_female,W02000391,age_0_15,sex_female,526
W02000391_age_0_15_sex_male,W02000391,age_0_15,sex_male,450
W02000391_age_16_24_sex_female,W02000391,age_16_24,sex_female,2408
W02000391_age_16_24_sex_male,W02000391,age_16_24,sex_male,2056
W02000391_age_25_44_sex_female,W02000391,age_25_44,sex_female,1262
W02000391_age_25_44_sex_male,W02000391,age_25_44,sex_male,1077
W02000391_age_45_64_sex_female,W02000391,age_45_64,sex_female,562
W02000391_age_45_64_sex_male,W02000391,age_45_64,sex_male,480
W02000391_age_65_plus_sex_female,W02000391,age_65_plus,sex_female,322
W02000391_age_65_plus_sex_male,W02000391,age_65_plus,sex_male,275
W02000392_age_0_15_sex_female,W02000392,age_0_15,sex_female,679
W02000392_age_0_15_sex_male,W02000392,age_0_15,sex_male,632
W02000392_age_16_24_sex_female,W02000392,age_16_24,sex_female,543
W02000392_age_16_24_sex_male,W02000392,age_16_24,sex_male,505
W02000392_age_25_44_sex_female,W02000392,age_25_44,sex_female,1005
W02000392_age_25_44_sex_male,W02000392,age_25_44,sex_male,936
W02000392_age_45_64_sex_female,W02000392,age_45_64,sex_female,1248
W02000392_age_45_64_sex_male,W02000392,age_45_64,sex_male,1163
W02000392_age_65_plus_sex_female,W02000392,age_65_plus,sex_female,1069
W02000392_age_65_plus_sex_male,W02000392,age_65_plus,sex_male,996
W02000393_age_0_15_sex_female,W02000393,age_0_15,sex_female,735
W02000393_age_0_15_sex_male,W02000393,age_0_15,sex_male,650
W02000393_age_16_24_sex_female,W02000393,age_16_24,sex_female,398
W02000393_age_16_24_sex_male,W02000393,age_16_24,sex_male,352
W02000393_age_25_44_sex_female,W02000393,age_25_44,sex_female,1026
W02000393_age_25_44_sex_male,W02000393,age_25_44,sex_male,908
W02000393_age_45_64_sex_female,W02000393,age_45_64,sex_female,865
W02000393_age_45_64_sex_male,W02000393,age_45_64,sex_male,765
W02000393_age_65_plus_sex_female,W02000393,age_65_plus,sex_female,496
W02000393_age_65_plus_sex_male,W02000393,age_65_plus,sex_male,439
W02000394_age_0_15_sex_female,W02000394,age_0_15,sex_female,275
W02000394_age_0_15_sex_male,W02000394,age_0_15,sex_male,238
W02000394_age_16_24_sex_female,W02000394,age_16_24,sex_female,3197
W02000394_age_16_24_sex_male,W02000394,age_16_24,sex_male,2767
W02000394_age_25_44_sex_female,W02000394,age_25_44,sex_female,1101
W02000394_age_25_44_sex_male,W02000394,age_25_44,sex_male,953
W02000394_age_45_64_sex_female,W02000394,age_45_64,sex_female,336
W02000394_age_45_64_sex_male,W02000394,age_45_64,sex_male,291
W02000394_age_65_plus_sex_female,W02000394,age_65_plus,sex_female,219
W02000394_age_65_plus_sex_male,W02000394,age_65_plus,sex_male,190
W02000395_age_0_15_sex_female,W02000395,age_0_15,sex_female,636
W02000395_age_0_15_sex_male,W02000395,age_0_15,sex_male,601
W02000395_age_16_24_sex_female,W02000395,age_16_24,sex_female,365
W02000395_age_16_24_sex_male,W02000395,age_16_24,sex_male,346
W02000395_age_25_44_sex_female,W02000395,age_25_44,sex_female,1072
W02000395_age_25_44_sex_male,W02000395,age_25_44,sex_male,1013
W02000395_age_45_64_sex_female,W02000395,age_45_64,sex_female,832
W02000395_age_45_64_sex_male,W02000395,age_45_64,sex_male,787
W02000395_age_65_plus_sex_female,W02000395,age_65_plus,sex_female,523
W02000395_age_65_plus_sex_male,W02000395,age_65_plus,sex_male,495
W02000396_age_0_15_sex_female,W02000396,age_0_15,sex_female,405
W02000396_age_0_15_sex_male,W02000396,age_0_15,sex_male,421
W02000396_age_16_24_sex_female,W02000396,age_16_24,sex_female,1104
W02000396_age_16_24_sex_male,W02000396,age_16_24,sex_male,1150
W02000396_age_25_44_sex_female,W02000396,age_25_44,sex_female,1337
W02000396_age_25_44_sex_male,W02000396,age_25_44,sex_male,1393
W02000396_age_45_64_sex_female,W02000396,age_45_64,sex_female,562
W02000396_age_45_64_sex_male,W02000396,age_45_64,sex_male,585
W02000396_age_65_plus_sex_female,W02000396,age_65_plus,sex_female,274
W02000396_age_65_plus_sex_male,W02000396,age_65_plus,sex_male,286
W02000397_age_0_15_sex_female,W02000397,age_0_15,sex_female,551
W02000397_age_0_15_sex_male,W02000397,age_0_15,sex_male,496
W02000397_age_16_24_sex_female,W02000397,age_16_24,sex_female,373
W02000397_age_16_24_sex_male,W02000397,age_16_24,sex_male,336
W02000397_age_25_44_sex_female,W02000397,age_25_44,sex_female,859
W02000397_age_25_44_sex_male,W02000397,age_25_44,sex_male,773
W02000397_age_45_64_sex_female,W02000397,age_45_64,sex_female,959
W02000397_age_45_64_sex_male,W02000397,age_45_64,sex_male,864
W02000397_age_65_plus_sex_female,W02000397,age_65_plus,sex_female,639
W02000397_age_65_plus_sex_male,W02000397,age_65_plus,sex_male,575
W02000398_age_0_15_sex_female,W02000398,age_0_15,sex_female,189
W02000398_age_0_15_sex_male,W02000398,age_0_15,sex_male,178
W02000398_age_16_24_sex_female,W02000398,age_16_24,sex_female,4578
W02000398_age_16_24_sex_male,W02000398,age_16_24,sex_male,4292
W02000398_age_25_44_sex_female,W02000398,age_25_44,sex_female,1112
W02000398_age_25_44_sex_male,W02000398,age_25_44,sex_male,1042
W02000398_age_45_64_sex_female,W02000398,age_45_64,sex_female,277
W02000398_age_45_64_sex_male,W02000398,age_45_64,sex_male,260
W02000398_age_65_plus_sex_female,W02000398,age_65_plus,sex_female,169
W02000398_age_65_plus_sex_male,W02000398,age_65_plus,sex_male,158
W02000399_age_0_15_sex_female,W02000399,age_0_15,sex_female,406
W02000399_age_0_15_sex_male,W02000399,age_0_15,sex_male,465
W02000399_age_16_24_sex_female,W02000399,age_16_24,sex_female,1688
W02000399_age_16_24_sex_male,W02000399,age_16_24,sex_male,1937
W02000399_age_25_44_sex_female,W02000399,age_25_44,sex_female,1828
W02000399_age_25_44_sex_male,W02000399,age_25_44,sex_male,2097
W02000399_age_45_64_sex_female,W02000399,age_45_64,sex_female,719
W02000399_age_45_64_sex_male,W02000399,age_45_64,sex_male,824
W02000399_age_65_plus_sex_female,W02000399,age_65_plus,sex_female,372
W02000399_age_65_plus_sex_male,W02000399,age_65_plus,sex_male,426
W02000400_age_0_15_sex_female,W02000400,age_0_15,sex_female,388
W02000400_age_0_15_sex_male,W02000400,age_0_15,sex_male,390
W02000400_age_16_24_sex_female,W02000400,age_16_24,sex_female,326
W02000400_age_16_24_sex_male,W02000400,age_16_24,sex_male,328
W02000400_age_25_44_sex_female,W02000400,age_25_44,sex_female,1163
W02000400_age_25_44_sex_male,W02000400,age_25_44,sex_male,1168
W02000400_age_45_64_sex_female,W02000400,age_45_64,sex_female,832
W02000400_age_45_64_sex_male,W02000400,age_45_64,sex_male,836
W02000400_age_65_plus_sex_female,W02000400,age_65_plus,sex_female,432
W02000400_age_65_plus_sex_male,W02000400,age_65_plus,sex_male,434
W02000401_age_0_15_sex_female,W02000401,age_0_15,sex_female,513
W02000401_age_0_15_sex_male,W02000401,age_0_15,sex_male,493
W02000401_age_16_24_sex_female,W02000401,age_16_24,sex_female,262
W02000401_age_16_24_sex_male,W02000401,age_16_24,sex_male,252
W02000401_age_25_44_sex_female,W02000401,age_25_44,sex_female,924
W02000401_age_25_44_sex_male,W02000401,age_25_44,sex_male,889
W02000401_age_45_64_sex_female,W02000401,age_45_64,sex_female,819
W02000401_age_45_64_sex_male,W02000401,age_45_64,sex_male,787
W02000401_age_65_plus_sex_female,W02000401,age_65_plus,sex_female,508
W02000401_age_65_plus_sex_male,W02000401,age_65_plus,sex_male,488
W02000402_age_0_15_sex_female,W02000402,age_0_15,sex_female,737
W02000402_age_0_15_sex_male,W02000402,age_0_15,sex_male,871
W02000402_age_16_24_sex_female,W02000402,age_16_24,sex_female,1575
W02000402_age_16_24_sex_male,W02000402,age_16_24,sex_male,1859
W02000402_age_25_44_sex_female,W02000402,age_25_44,sex_female,1907
W02000402_age_25_44_sex_male,W02000402,age_25_44,sex_male,2251
W02000402_age_45_64_sex_female,W02000402,age_45_64,sex_female,823
W02000402_age_45_64_sex_male,W02000402,age_45_64,sex_male,972
W02000402_age_65_plus_sex_female,W02000402,age_65_plus,sex_female,281
W02000402_age_65_plus_sex_male,W02000402,age_65_plus,sex_male,331
W02000403_age_0_15_sex_female,W02000403,age_0_15,sex_female,918
W02000403_age_0_15_sex_male,W02000403,age_0_15,sex_male,863
W02000403_age_16_24_sex_female,W02000403,age_16_24,sex_female,468
W02000403_age_16_24_sex_male,W02000403,age_16_24,sex_male,441
W02000403_age_25_44_sex_female,W02000403,age_25_44,sex_female,1364
W02000403_age_25_44_sex_male,W02000403,age_25_44,sex_male,1283
W02000403_age_45_64_sex_female,W02000403,age_45_64,sex_female,897
W02000403_age_45_64_sex_male,W02000403,age_45_64,sex_male,843
W02000403_age_65_plus_sex_female,W02000403,age_65_plus,sex_female,368
W02000403_age_65_plus_sex_male,W02000403,age_65_plus,sex_male,347
W02000404_age_0_15_sex_female,W02000404,age_0_15,sex_female,562
W02000404_age_0_15_sex_male,W02000404,age_0_15,sex_male,524
W02000404_age_16_24_sex_female,W02000404,age_16_24,sex_female,371
W02000404_age_16_24_sex_male,W02000404,age_16_24,sex_male,346
W02000404_age_25_44_sex_female,W02000404,age_25_44,sex_female,1189
W02000404_age_25_44_sex_male,W02000404,age_25_44,sex_male,1109
W02000404_age_45_64_sex_female,W02000404,age_45_64,sex_female,786
W02000404_age_45_64_sex_male,W02000404,age_45_64,sex_male,733
W02000404_age_65_plus_sex_female,W02000404,age_65_plus,sex_female,377
W02000404_age_65_plus_sex_male,W02000404,age_65_plus,sex_male,351
W02000405_age_0_15_sex_female,W02000405,age_0_15,sex_female,1266
W02000405_age_0_15_sex_male,W02000405,age_0_15,sex_male,1074
W02000405_age_16_24_sex_female,W02000405,age_16_24,sex_female,570
W02000405_age_16_24_sex_male,W02000405,age_16_24,sex_male,484
W02000405_age_25_44_sex_female,W02000405,age_25_44,sex_female,1137
W02000405_age_25_44_sex_male,W02000405,age_25_44,sex_male,964
W02000405_age_45_64_sex_female,W02000405,age_45_64,sex_female,835
W02000405_age_45_64_sex_male,W02000405,age_45_64,sex_male,708
W02000405_age_65_plus_sex_female,W02000405,age_65_plus,sex_female,418
W02000405_age_65_plus_sex_male,W02000405,age_65_plus,sex_male,355
W02000406_age_0_15_sex_female,W02000406,age_0_15,sex_female,1011
W02000406_age_0_15_sex_male,W02000406,age_0_15,sex_male,921
W02000406_age_16_24_sex_female,W02000406,age_16_24,sex_female,565
W02000406_age_16_24_sex_male,W02000406,age_16_24,sex_male,515
W02000406_age_25_44_sex_female,W02000406,age_25_44,sex_female,1938
W02000406_age_25_44_sex_male,W02000406,age_25_44,sex_male,1767
W02000406_age_45_64_sex_female,W02000406,age_45_64,sex_female,1218
W02000406_age_45_64_sex_male,W02000406,age_45_64,sex_male,1110
W02000406_age_65_plus_sex_female,W02000406,age_65_plus,sex_female,605
W02000406_age_65_plus_sex_male,W02000406,age_65_plus,sex_male,551
W02000407_age_0_15_sex_female,W02000407,age_0_15,sex_female,856
W02000407_age_0_15_sex_male,W02000407,age_0_15,sex_male,736
W02000407_age_16_24_sex_female,W02000407,age_16_24,sex_female,452
W02000407_age_16_24_sex_male,W02000407,age_16_24,sex_male,389
W02000407_age_25_44_sex_female,W02000407,age_25_44,sex_female,896
W02000407_age_25_44_sex_male,W02000407,age_25_44,sex_male,770
W02000407_age_45_64_sex_female,W02000407,age_45_64,sex_female,826
W02000407_age_45_64_sex_male,W02000407,age_45_64,sex_male,711
W02000407_age_65_plus_sex_female,W02000407,age_65_plus,sex_female,544
W02000407_age_65_plus_sex_male,W02000407,age_65_plus,sex_male,468
W02000408_age_0_15_sex_female,W02000408,age_0_15,sex_female,700
W02000408_age_0_15_sex_male,W02000408,age_0_15,sex_male,785
W02000408_age_16_24_sex_female,W02000408,age_16_24,sex_female,532
W02000408_age_16_24_sex_male,W02000408,age_16_24,sex_male,597
W02000408_age_25_44_sex_female,W02000408,age_25_44,sex_female,1299
W02000408_age_25_44_sex_male,W02000408,age_25_44,sex_male,1457
W02000408_age_45_64_sex_female,W02000408,age_45_64,sex_female,695
W02000408_age_45_64_sex_male,W02000408,age_45_64,sex_male,779
W02000408_age_65_plus_sex_female,W02000408,age_65_plus,sex_female,290
W02000408_age_65_plus_sex_male,W02000408,age_65_plus,sex_male,326
W02000409_age_0_15_sex_female,W02000409,age_0_15,sex_female,699
W02000409_age_0_15_sex_male,W02000409,age_0_15,sex_male,618
W02000409_age_16_24_sex_female,W02000409,age_16_24,sex_female,362
W02000409_age_16_24_sex_male,W02000409,age_16_24,sex_male,320
W02000409_age_25_44_sex_female,W02000409,age_25_44,sex_female,833
W02000409_age_25_44_sex_male,W02000409,age_25_44,sex_male,738
W02000409_age_45_64_sex_female,W02000409,age_45_64,sex_female,767
W02000409_age_45_64_sex_male,W02000409,age_45_64,sex_male,678
W02000409_age_65_plus_sex_female,W02000409,age_65_plus,sex_female,561
W02000409_age_65_plus_sex_male,W02000409,age_65_plus,sex_male,497
W02000410_age_0_15_sex_female,W02000410,age_0_15,sex_female,847
W02000410_age_0_15_sex_male,W02000410,age_0_15,sex_male,905
W02000410_age_16_24_sex_female,W02000410,age_16_24,sex_female,769
W02000410_age_16_24_sex_male,W02000410,age_16_24,sex_male,822
W02000410_age_25_44_sex_female,W02000410,age_25_44,sex_female,1414
W02000410_age_25_44_sex_male,W02000410,age_25_44,sex_male,1510
W02000410_age_45_64_sex_female,W02000410,age_45_64,sex_female,821
W02000410_age_45_64_sex_male,W02000410,age_45_64,sex_male,877
W02000410_age_65_plus_sex_female,W02000410,age_65_plus,sex_female,331
W02000410_age_65_plus_sex_male,W02000410,age_65_plus,sex_male,354
W02000411_age_0_15_sex_female,W02000411,age_0_15,sex_female,713
W02000411_age_0_15_sex_male,W02000411,age_0_15,sex_male,659
W02000411_age_16_24_sex_female,W02000411,age_16_24,sex_female,435
W02000411_age_16_24_sex_male,W02000411,age_16_24,sex_male,402
W02000411_age_25_44_sex_female,W02000411,age_25_44,sex_female,928
W02000411_age_25_44_sex_male,W02000411,age_25_44,sex_male,857
W02000411_age_45_64_sex_female,W02000411,age_45_64,sex_female,861
W02000411_age_45_64_sex_male,W02000411,age_45_64,sex_male,795
W02000411_age_65_plus_sex_female,W02000411,age_65_plus,sex_female,489
W02000411_age_65_plus_sex_male,W02000411,age_65_plus,sex_male,452
W02000412_age_0_15_sex_female,W02000412,age_0_15,sex_female,674
W02000412_age_0_15_sex_male,W02000412,age_0_15,sex_male,695
W02000412_age_16_24_sex_female,W02000412,age_16_24,sex_female,447
W02000412_age_16_24_sex_male,W02000412,age_16_24,sex_male,461
W02000412_age_25_44_sex_female,W02000412,age_25_44,sex_female,1098
W02000412_age_25_44_sex_male,W02000412,age_25_44,sex_male,1133
W02000412_age_45_64_sex_female,W02000412,age_45_64,sex_female,765
W02000412_age_45_64_sex_male,W02000412,age_45_64,sex_male,788
W02000412_age_65_plus_sex_female,W02000412,age_65_plus,sex_female,400
W02000412_age_65_plus_sex_male,W02000412,age_65_plus,sex_male,413
W02000414_age_0_15_sex_female,W02000414,age_0_15,sex_female,420
W02000414_age_0_15_sex_male,W02000414,age_0_15,sex_male,414
W02000414_age_16_24_sex_female,W02000414,age_16_24,sex_female,215
W02000414_age_16_24_sex_male,W02000414,age_16_24,sex_male,212
W02000414_age_25_44_sex_female,W02000414,age_25_44,sex_female,525
W02000414_age_25_44_sex_male,W02000414,age_25_44,sex_male,518
W02000414_age_45_64_sex_female,W02000414,age_45_64,sex_female,997
W02000414_age_45_64_sex_male,W02000414,age_45_64,sex_male,982
W02000414_age_65_plus_sex_female,W02000414,age_65_plus,sex_female,858
W02000414_age_65_plus_sex_male,W02000414,age_65_plus,sex_male,846
W02000415_age_0_15_sex_female,W02000415,age_0_15,sex_female,1103
W02000415_age_0_15_sex_male,W02000415,age_0_15,sex_male,979
W02000415_age_16_24_sex_female,W02000415,age_16_24,sex_female,569
W02000415_age_16_24_sex_male,W02000415,age_16_24,sex_male,506
W02000415_age_25_44_sex_female,W02000415,age_25_44,sex_female,1278
W02000415_age_25_44_sex_male,W02000415,age_25_44,sex_male,1136
W02000415_age_45_64_sex_female,W02000415,age_45_64,sex_female,1242
W02000415_age_45_64_sex_male,W02000415,age_45_64,sex_male,1103
W02000415_age_65_plus_sex_female,W02000415,age_65_plus,sex_female,763
W02000415_age_65_plus_sex_male,W02000415,age_65_plus,sex_male,677
W02000416_age_0_15_sex_female,W02000416,age_0_15,sex_female,802
W02000416_age_0_15_sex_male,W02000416,age_0_15,sex_male,766
W02000416_age_16_24_sex_female,W02000416,age_16_24,sex_female,481
W02000416_age_16_24_sex_male,W02000416,age_16_24,sex_male,459
W02000416_age_25_44_sex_female,W02000416,age_25_44,sex_female,1100
W02000416_age_25_44_sex_male,W02000416,age_25_44,sex_male,1051
W02000416_age_45_64_sex_female,W02000416,age_45_64,sex_female,1506
W02000416_age_45_64_sex_male,W02000416,age_45_64,sex_male,1439
W02000416_age_65_plus_sex_female,W02000416,age_65_plus,sex_female,1403
W02000416_age_65_plus_sex_male,W02000416,age_65_plus,sex_male,1341
W02000417_age_0_15_sex_female,W02000417,age_0_15,sex_female,870
W02000417_age_0_15_sex_male,W02000417,age_0_15,sex_male,838
W02000417_age_16_24_sex_female,W02000417,age_16_24,sex_female,532
W02000417_age_16_24_sex_male,W02000417,age_16_24,sex_male,512
W02000417_age_25_44_sex_female,W02000417,age_25_44,sex_female,1263
W02000417_age_25_44_sex_male,W02000417,age_25_44,sex_male,1217
W02000417_age_45_64_sex_female,W02000417,age_45_64,sex_female,1428
W02000417_age_45_64_sex_male,W02000417,age_45_64,sex_male,1376
W02000417_age_65_plus_sex_female,W02000417,age_65_plus,sex_female,1092
W02000417_age_65_plus_sex_male,W02000417,age_65_plus,sex_male,1052
W02000418_age_0_15_sex_female,W02000418,age_0_15,sex_female,944
W02000418_age_0_15_sex_male,W02000418,age_0_15,sex_male,909
W02000418_age_16_24_sex_female,W02000418,age_16_24,sex_female,508
W02000418_age_16_24_sex_male,W02000418,age_16_24,sex_male,488
W02000418_age_25_44_sex_female,W02000418,age_25_44,sex_female,1230
W02000418_age_25_44_sex_male,W02000418,age_25_44,sex_male,1184
W02000418_age_45_64_sex_female,W02000418,age_45_64,sex_female,1857
W02000418_age_45_64_sex_male,W02000418,age_45_64,sex_male,1786
W02000418_age_65_plus_sex_female,W02000418,age_65_plus,sex_female,1708
W02000418_age_65_plus_sex_male,W02000418,age_65_plus,sex_male,1643
W02000419_age_0_15_sex_female,W02000419,age_0_15,sex_female,1053
W02000419_age_0_15_sex_male,W02000419,age_0_15,sex_male,971
W02000419_age_16_24_sex_female,W02000419,age_16_24,sex_female,574
W02000419_age_16_24_sex_male,W02000419,age_16_24,sex_male,530
W02000419_age_25_44_sex_female,W02000419,age_25_44,sex_female,1327
W02000419_age_25_44_sex_male,W02000419,age_25_44,sex_male,1224
W02000419_age_45_64_sex_female,W02000419,age_45_64,sex_female,1564
W02000419_age_45_64_sex_male,W02000419,age_45_64,sex_male,1443
W02000419_age_65_plus_sex_female,W02000419,age_65_plus,sex_female,1391
W02000419_age_65_plus_sex_male,W02000419,age_65_plus,sex_male,1284
W02000421_age_0_15_sex_female,W02000421,age_0_15,sex_female,834
W02000421_age_0_15_sex_male,W02000421,age_0_15,sex_male,812
W02000421_age_16_24_sex_female,W02000421,age_16_24,sex_female,562
W02000421_age_16_24_sex_male,W02000421,age_16_24,sex_male,547
W02000421_age_25_44_sex_female,W02000421,age_25_44,sex_female,1059
W02000421_age_25_44_sex_male,W02000421,age_25_44,sex_male,1031
W02000421_age_45_64_sex_female,W02000421,age_45_64,sex_female,1749
W02000421_age_45_64_sex_male,W02000421,age_45_64,sex_male,1702
W02000421_age_65_plus_sex_female,W02000421,age_65_plus,sex_female,1617
W02000421_age_65_plus_sex_male,W02000421,age_65_plus,sex_male,1574
W02000422_age_0_15_sex_female,W02000422,age_0_15,sex_female,322
W02000422_age_0_15_sex_male,W02000422,age_0_15,sex_male,386
W02000422_age_16_24_sex_female,W02000422,age_16_24,sex_female,468
W02000422_age_16_24_sex_male,W02000422,age_16_24,sex_male,562
W02000422_age_25_44_sex_female,W02000422,age_25_44,sex_female,1852
W02000422_age_25_44_sex_male,W02000422,age_25_44,sex_male,2222
W02000422_age_45_64_sex_female,W02000422,age_45_64,sex_female,500
W02000422_age_45_64_sex_male,W02000422,age_45_64,sex_male,600
W02000422_age_65_plus_sex_female,W02000422,age_65_plus,sex_female,216
W02000422_age_65_plus_sex_male,W02000422,age_65_plus,sex_male,260
W02000423_age_0_15_sex_female,W02000423,age_0_15,sex_female,651
W02000423_age_0_15_sex_male,W02000423,age_0_15,sex_male,714
W02000423_age_16_24_sex_female,W02000423,age_16_24,sex_female,1019
W02000423_age_16_24_sex_male,W02000423,age_16_24,sex_male,1120
W02000423_age_25_44_sex_female,W02000423,age_25_44,sex_female,1956
W02000423_age_25_44_sex_male,W02000423,age_25_44,sex_male,2147
W02000423_age_45_64_sex_female,W02000423,age_45_64,sex_female,709
W02000423_age_45_64_sex_male,W02000423,age_45_64,sex_male,778
W02000423_age_65_plus_sex_female,W02000423,age_65_plus,sex_female,447
W02000423_age_65_plus_sex_male,W02000423,age_65_plus,sex_male,491
W02000424_age_0_15_sex_female,W02000424,age_0_15,sex_female,428
W02000424_age_0_15_sex_male,W02000424,age_0_15,sex_male,410
W02000424_age_16_24_sex_female,W02000424,age_16_24,sex_female,309
W02000424_age_16_24_sex_male,W02000424,age_16_24,sex_male,296
W02000424_age_25_44_sex_female,W02000424,age_25_44,sex_female,645
W02000424_age_25_44_sex_male,W02000424,age_25_44,sex_male,617
W02000424_age_45_64_sex_female,W02000424,age_45_64,sex_female,1022
W02000424_age_45_64_sex_male,W02000424,age_45_64,sex_male,978
W02000424_age_65_plus_sex_female,W02000424,age_65_plus,sex_female,1011
W02000424_age_65_plus_sex_male,W02000424,age_65_plus,sex_male,967
W02000425_age_0_15_sex_female,W02000425,age_0_15,sex_female,448
W02000425_age_0_15_sex_male,W02000425,age_0_15,sex_male,631
W02000425_age_16_24_sex_female,W02000425,age_16_24,sex_female,349
W02000425_age_16_24_sex_male,W02000425,age_16_24,sex_male,493
W02000425_age_25_44_sex_female,W02000425,age_25_44,sex_female,987
W02000425_age_25_44_sex_male,W02000425,age_25_44,sex_male,1391
W02000425_age_45_64_sex_female,W02000425,age_45_64,sex_female,1027
W02000425_age_45_64_sex_male,W02000425,age_45_64,sex_male,1447
W02000425_age_65_plus_sex_female,W02000425,age_65_plus,sex_female,653
W02000425_age_65_plus_sex_male,W02000425,age_65_plus,sex_male,920
W02000426_age_0_15_sex_female,W02000426,age_0_15,sex_female,826
W02000426_age_0_15_sex_male,W02000426,age_0_15,sex_male,771
W02000426_age_16_24_sex_female,W02000426,age_16_24,sex_female,494
W02000426_age_16_24_sex_male,W02000426,age_16_24,sex_male,461
W02000426_age_25_44_sex_female,W02000426,age_25_44,sex_female,1101
W02000426_age_25_44_sex_male,W02000426,age_25_44,sex_male,1029
W02000426_age_45_64_sex_female,W02000426,age_45_64,sex_female,1373
W02000426_age_45_64_sex_male,W02000426,age_45_64,sex_male,1282
W02000426_age_65_plus_sex_female,W02000426,age_65_plus,sex_female,1322
W02000426_age_65_plus_sex_male,W02000426,age_65_plus,sex_male,1234
W02000427_age_0_15_sex_female,W02000427,age_0_15,sex_female,951
W02000427_age_0_15_sex_male,W02000427,age_0_15,sex_male,906
W02000427_age_16_24_sex_female,W02000427,age_16_24,sex_female,610
W02000427_age_16_24_sex_male,W02000427,age_16_24,sex_male,581
W02000427_age_25_44_sex_female,W02000427,age_25_44,sex_female,1333
W02000427_age_25_44_sex_male,W02000427,age_25_44,sex_male,1269
W02000427_age_45_64_sex_female,W02000427,age_45_64,sex_female,1579
W02000427_age_45_64_sex_male,W02000427,age_45_64,sex_male,1502
W02000427_age_65_plus_sex_female,W02000427,age_65_plus,sex_female,1236
W02000427_age_65_plus_sex_male,W02000427,age_65_plus,sex_male,1177
W02000428_age_0_15_sex_female,W02000428,age_0_15,sex_female,740
W02000428_age_0_15_sex_male,W02000428,age_0_15,sex_male,722
W02000428_age_16_24_sex_female,W02000428,age_16_24,sex_female,726
W02000428_age_16_24_sex_male,W02000428,age_16_24,sex_male,707
W02000428_age_25_44_sex_female,W02000428,age_25_44,sex_female,1071
W02000428_age_25_44_sex_male,W02000428,age_25_44,sex_male,1045
W02000428_age_45_64_sex_female,W02000428,age_45_64,sex_female,1409
W02000428_age_45_64_sex_male,W02000428,age_45_64,sex_male,1375
W02000428_age_65_plus_sex_female,W02000428,age_65_plus,sex_female,1371
W02000428_age_65_plus_sex_male,W02000428,age_65_plus,sex_male,1336
