area_id,time_id,fh_estimate,fh_variance,fh_lower,fh_upper,fh_ci_width
W02000001,2021,0.04669618072356005,1.0863097503621119e-4,0.02659412770985781,0.06698729683380789,0.04039316912395008
W02000002,2021,0.039984878472359306,1.2443420199713577e-4,0.020326324429610205,0.06177079574938614,0.04144447131977594
W02000003,2021,0.056386420333233274,1.8291484230879233e-4,0.030395193452592884,0.08951678004903384,0.059121586596440956
W02000004,2021,0.04391141824556868,1.2066994382379912e-4,0.022345650916594087,0.06611243526477954,0.043766784348185456
W02000005,2021,0.03990178867838655,1.6385849783787394e-4,0.016120753432214613,0.06666467124936054,0.05054391781714593
W02000006,2021,0.04945088481127691,1.0820402784899284e-4,0.026008557814621854,0.06827206530664809,0.04226350749202623
W02000007,2021,0.052063731721556726,1.113479360787723e-4,0.03361926922098232,0.07478124381411838,0.04116197459313606
W02000008,2021,0.04513546287706638,1.5430788187264821e-4,0.023105073099215605,0.07021250954281308,0.047107436443597474
W02000009,2021,0.04609956476373404,1.0808616003855966e-4,0.027056352801807175,0.06560686678092438,0.038550513979117206
W02000010,2021,0.08300734762686533,4.0667852090574573e-4,0.04108411193475443,0.12104783338294643,0.079963721448192
W02000011,2021,0.05734851928391273,1.4427371491402337e-4,0.03187977266361489,0.08131207192611217,0.04943229926249728
W02000012,2021,0.05208221764572487,1.1196516937618567e-4,0.0311491099198586,0.0730478791033502,0.0418987691834916
W02000013,2021,0.05004536564453657,1.3053597149961782e-4,0.0287629785675486,0.07271097277844452,0.043947994210895916
W02000014,2021,0.051354315502848094,1.1550184346259758e-4,0.030593132283505714,0.07016256887878418,0.039569436595278465
W02000015,2021,0.05057089436913592,1.368243342778136e-4,0.024879921175927144,0.07197200173171087,0.04709208055578372
W02000016,2021,0.04741972351086837,1.3366476525523917e-4,0.02336713012538226,0.06774150584134522,0.04437437571596296
W02000017,2021,0.048007512413523454,1.3908037999951447e-4,0.0254841935487468,0.07233886090814115,0.04685466735939435
W02000018,2021,0.0442446968865824,1.1248008181552385e-4,0.021641402067801394,0.06349460716660407,0.04185320509880268
W02000019,2021,0.039950851645362495,1.3134040367044245e-4,0.01721316755960321,0.061643646107632316,0.044430478548029104
W02000020,2021,0.04116262529156122,1.4988026391364094e-4,0.015998748152260288,0.06186913245601404,0.04587038430375375
W02000021,2021,0.04614727751274791,1.775625731704519e-4,0.017252558833691048,0.07168949597809307,0.05443693714440202
W02000022,2021,0.038110124949553056,1.383133738984395e-4,0.010658147413253188,0.05960058145705649,0.0489424340438033
W02000023,2021,0.04110621472951306,2.270638284458929e-4,0.009417980421922545,0.07054270864098765,0.0611247282190651
W02000024,2021,0.04626847840748587,1.1864628511933453e-4,0.026192515910275625,0.06937839274352689,0.043185876833251265
W02000025,2021,0.04330122219843503,1.1186442910596631e-4,0.021596615944789593,0.06268806908624461,0.041091453141455014
W02000026,2021,0.03663282472197791,1.3403648420211712e-4,0.014974112250980848,0.05859632987853141,0.04362221762755056
W02000027,2021,0.042403444610546175,1.8486318648621786e-4,0.01604847140773739,0.06786092084549708,0.051812449437759686
W02000028,2021,0.04211512533174617,1.5149260627860843e-4,0.017204412752981783,0.0635824781960012,0.046378065443019416
W02000029,2021,0.036724646711730403,1.5034292562129666e-4,0.011785414830926532,0.062107922623391446,0.050322507792464916
W02000030,2021,0.035282892366404014,1.6201469436378005e-4,0.011670396194319517,0.05922106450949538,0.04755066831517586
W02000031,2021,0.04402883776274263,1.2920348637542208e-4,0.01952327052075236,0.06655738657555903,0.04703411605480667
W02000032,2021,0.040065572028644525,1.4284799974446152e-4,0.01733537424159763,0.06097206773623323,0.0436366934946356
W02000033,2021,0.049081995706292486,1.275030797946043e-4,0.02525341916798752,0.07121099848695134,0.04595757931896382
W02000034,2021,0.04574937170817703,1.0871155121547574e-4,0.023491889823143243,0.06545382773839267,0.04196193791524943
W02000035,2021,0.049931393176920566,1.293281255335254e-4,0.026483727027532534,0.07221993883118728,0.04573621180365475
W02000036,2021,0.03831019500843331,1.1957065760439354e-4,0.01573820157793389,0.05693399394609395,0.04119579236816006
W02000037,2021,0.05063196668113773,1.0937415665999212e-4,0.031785620811031104,0.07057647858161131,0.03879085777058021
W02000038,2021,0.043762653086840575,1.0017452547738858e-4,0.02275059676962286,0.06243316874583946,0.039682571976216593
W02000039,2021,0.04605874299164145,1.4525443642868292e-4,0.02018821455078442,0.06787161466644617,0.04768340011566175
W02000040,2021,0.044963896860897024,1.1152123601990744e-4,0.02540538867828041,0.0670161787785509,0.041610790100270495
W02000041,2021,0.045225240482764044,1.1655877288225764e-4,0.024235172432066694,0.06535063585405099,0.04111546342198429
W02000042,2021,0.03821108496922592,1.2021389587892067e-4,0.014586384578510966,0.058818431626875806,0.044232047048364836
W02000043,2021,0.04469899681965273,1.2206437358165442e-4,0.021701457489449925,0.06598860325787692,0.044287145768426996
W02000044,2021,0.04112245343498353,1.1616480452472693e-4,0.022775959953894205,0.06162564169562394,0.03884968174172974
W02000045,2021,0.046562655027315825,1.3282121963746694e-4,0.018540365940012155,0.06726226184497176,0.04872189590495961
W02000047,2021,0.059241819928633144,1.6445984339825642e-4,0.0325484794070551,0.08345809984898239,0.05090962044192729
W02000049,2021,0.0480129515274637,1.0923399778890842e-4,0.025294341709668954,0.0670447811142551,0.04175043940458615
W02000050,2021,0.04724209863521438,1.0423175992782305e-4,0.025913678881484693,0.06650070854389126,0.040587029662406564
W02000051,2021,0.04181665795300445,1.089072605396495e-4,0.023508390564966418,0.06212377256139061,0.03861538199642419
W02000052,2021,0.051536947479512256,1.287328852539616e-4,0.028142588942171545,0.07185240535540985,0.0437098164132383
W02000053,2021,0.04575876985859079,1.129404760321884e-4,0.0254626311139474,0.06743694111587917,0.04197431000193177
W02000054,2021,0.043851815132817384,1.1366096794693248e-4,0.023572791693549755,0.06595441598864668,0.042381624295096926
W02000055,2021,0.04744844026935918,1.1039067636721913e-4,0.026893214107187674,0.06805569789844731,0.04116248379125964
W02000056,2021,0.04672894331047445,1.0036014117016773e-4,0.024760590973635945,0.06403147621879557,0.03927088524515962
W02000057,2021,0.041931314828052825,9.968170100604512e-5,0.020165327500286774,0.06082326133141009,0.040657933831123316
W02000058,2021,0.04463608765058455,1.1848499937036925e-4,0.02196541536673429,0.06509304909921187,0.043127633732477584
W02000059,2021,0.049040156551728095,1.1041305765912234e-4,0.02704074884645518,0.06902374158396199,0.04198299273750681
W02000060,2021,0.05220530503649093,1.0756493108775959e-4,0.03008652583662641,0.07300053274396093,0.04291400690733452
W02000061,2021,0.05649410401421358,1.3679272862747034e-4,0.032617248795872966,0.07893547635345653,0.046318227557583566
W02000062,2021,0.048583089716970375,1.0448009268280657e-4,0.02890876491077099,0.06740064178532112,0.038491876874550135
W02000063,2021,0.04260335654625932,1.255151672063673e-4,0.019725271727516265,0.06676317924964018,0.04703790752212391
W02000064,2021,0.05646136989191084,1.403960946047107e-4,0.029460606853754862,0.07950579301345312,0.05004518615969826
W02000065,2021,0.05367791327449394,1.2338315213208598e-4,0.029049753225861435,0.07503492588576381,0.045985172659902374
W02000066,2021,0.05455570444471687,1.46915565167648e-4,0.030791035036099482,0.07746132578756287,0.046670290751463395
W02000067,2021,0.04924807372913541,1.1612268860738442e-4,0.02391700677324747,0.06902685257076771,0.04510984579752024
W02000068,2021,0.050669708866865296,1.0456057287804692e-4,0.03112605287131239,0.07231134159976668,0.04118528872845429
W02000069,2021,0.04695243582745857,1.1272439321602457e-4,0.026351569085185177,0.0667696555637414,0.04041808647855622
W02000070,2021,0.04803330790238644,1.1859206859923109e-4,0.027119753192983508,0.06803921347340243,0.04091946028041892
W02000071,2021,0.04377040950416681,1.1208349724745495e-4,0.022422351385602717,0.06604425120133489,0.043621899815732175
W02000072,2021,0.05644483902271943,1.2380929395836972e-4,0.032588582513834716,0.08001106498401858,0.047422482470183866
W02000073,2021,0.04754581946195935,1.1577217375576889e-4,0.024580110873492954,0.06823324864106176,0.0436531377675688
W02000074,2021,0.05058384855606008,1.1002669633334804e-4,0.027581933744606758,0.07112375951309187,0.043541825768485115
W02000075,2021,0.05046895852603001,1.0121637198358106e-4,0.03126951366018246,0.07006190543603039,0.03879239177584792
W02000076,2021,0.04537037305067354,1.1581048282329399e-4,0.02485371485163431,0.06514398372915084,0.04029026887751653
W02000077,2021,0.047612577430366385,1.1144270625962631e-4,0.02486784335181667,0.06852074455728979,0.04365290120547312
W02000080,2021,0.05328280372740306,1.2195941669833074e-4,0.029870803932324396,0.07556852790116333,0.045697723968838935
W02000081,2021,0.05332360602517012,1.2900511023012192e-4,0.02888562573353394,0.07551646247383596,0.04663083674030202
W02000082,2021,0.05618465524732715,1.2999186036957705e-4,0.03260059942898702,0.07856388334428634,0.045963283915299316
W02000083,2021,0.0537851853851349,1.3286379135629513e-4,0.030106287284825083,0.07582715459935124,0.04572086731452616
W02000085,2021,0.04706238638438687,1.2239800840082446e-4,0.02344761433250318,0.06945934960985983,0.04601173527735665
W02000087,2021,0.06069281826473895,1.4094817009395816e-4,0.037678610273026186,0.08516176727267882,0.04748315699965264
W02000088,2021,0.05782133983992726,1.3733990192851196e-4,0.035428198547040615,0.0819271610920635,0.04649896254502288
W02000089,2021,0.05944486119661997,1.6199817410335047e-4,0.03380415655603067,0.0840172157028202,0.05021305914678953
W02000090,2021,0.05013004384931199,1.023714052675107e-4,0.029335070758916552,0.0701856919787904,0.04085062121987385
W02000091,2021,0.04949767610126613,1.0758294567514545e-4,0.0290115643409405,0.06859777443824314,0.039586210097302635
W02000092,2021,0.0533627331815189,1.266155113532741e-4,0.02947699349826731,0.07452383608322855,0.045046842584961236
W02000093,2021,0.05069680537661536,1.0522444892686628e-4,0.030523865978773122,0.06970522928870639,0.03918136330993326
W02000094,2021,0.05252614170828956,1.068009363871734e-4,0.03160130676697564,0.07242345087933488,0.040822144112359245
W02000095,2021,0.043530864600316244,1.2213684042298631e-4,0.020436221026791702,0.06398288653570675,0.04354666550891505
W02000096,2021,0.04639663935081193,1.0252724002466571e-4,0.024067183063053242,0.06672420494237202,0.04265702187931878
W02000097,2021,0.04306785203826025,1.067277079306421e-4,0.02344583397952387,0.061429374533716885,0.037983540554193014
W02000098,2021,0.04521036896998032,1.1138070360426257e-4,0.023892382396417777,0.06695762342684657,0.04306524103042879
W02000099,2021,0.0493774972456326,1.2348634558877812e-4,0.025719906138952787,0.0715139307783109,0.04579402463935812
W02000100,2021,0.04448271473326598,9.465642864246046e-5,0.02709501404224407,0.06300643770299977,0.0359114236607557
W02000101,2021,0.04438937284219012,1.2094147513040657e-4,0.024901019670524653,0.06702222711434071,0.042121207443816054
W02000102,2021,0.04556737538613429,1.0558241188267321e-4,0.025706421216730165,0.06459301472523364,0.03888659350850347
W02000103,2021,0.04454659257978184,1.0476745578127724e-4,0.024739944680367915,0.06567431190502851,0.040934367224660595
W02000104,2021,0.0493931256728199,1.117067001834212e-4,0.03077672275312323,0.06977003256590131,0.03899330981277808
W02000105,2021,0.06044314260203117,1.2647555935525067e-4,0.03750902671991346,0.08292271893641623,0.045413692216502766
W02000106,2021,0.043541459948960436,1.1108808077375644e-4,0.02305426214925005,0.06349955930592568,0.040445297156675636
W02000107,2021,0.04189466849914722,1.1100226888608863e-4,0.02256208048843202,0.06312727130022572,0.0405651908117937
W02000108,2021,0.041876798287304756,1.0647116853563998e-4,0.02273781918057328,0.06281953730673348,0.040081718126160196
W02000109,2021,0.04586462022569026,1.1791846130511386e-4,0.026212433356837785,0.06895638633274292,0.042743952975905136
W02000110,2021,0.04469741691224804,9.872643046265866e-5,0.026677892268979285,0.06606073112429742,0.03938283885531813
W02000111,2021,0.04409324577256983,1.1121650696273578e-4,0.02501373713206127,0.06493105631496478,0.039917319182903505
W02000113,2021,0.05190947758597352,1.2158042709927816e-4,0.03278672463967269,0.07530699559271703,0.04252027095304434
W02000114,2021,0.04202956359952644,1.2077875583683328e-4,0.022724752808289013,0.062409662827732776,0.03968491001944376
W02000116,2021,0.04646466110304502,1.1178403553906418e-4,0.025618793690582696,0.06806121661084287,0.042442422920260174
W02000117,2021,0.08097110243004213,3.0934404402519427e-4,0.047016217858806025,0.11266059043764842,0.0656443725788424
W02000118,2021,0.05870693035194077,1.2779633082636113e-4,0.036315674061065756,0.079111696621436,0.04279602256037024
W02000120,2021,0.04320306275042613,1.0560575414850753e-4,0.025238752344669477,0.06333933102309795,0.038100578678428476
W02000122,2021,0.04180159051388981,1.0213898809804681e-4,0.02076433204552073,0.06105026167011117,0.04028592962459044
W02000123,2021,0.046650873267009105,9.814183593618232e-5,0.028590816998104295,0.0672212899080779,0.038630472909973596
W02000124,2021,0.04329756688026711,1.3414371164005207e-4,0.02139854634151065,0.06585238994860937,0.04445384360709872
W02000125,2021,0.03950989562279312,9.590476572692605e-5,0.01918208970559672,0.05898682474330194,0.03980473503770522
W02000126,2021,0.04599092645191094,1.0644846235899394e-4,0.025564134898796602,0.06580715762935573,0.04024302273055912
W02000127,2021,0.04412431630940267,1.1977151824377644e-4,0.022647759771283468,0.06666876399808001,0.04402100422679654
W02000128,2021,0.04618777200747402,1.207298462514135e-4,0.026010449514044385,0.07067999125310702,0.04466954173906264
W02000129,2021,0.0459483695182455,1.1502996254662228e-4,0.025088460114536634,0.06718050772490117,0.04209204761036453
W02000130,2021,0.058925932005413274,1.3706118421679168e-4,0.036916089132669694,0.08124287109244871,0.044326781959779016
W02000131,2021,0.05110658505813613,1.2264007267400492e-4,0.03116839532833307,0.07454884163743679,0.04338044630910372
W02000132,2021,0.04592602581234562,1.2221043076339922e-4,0.026876163925066254,0.06859180499504988,0.04171564106998363
W02000133,2021,0.04523832410820216,1.1920612328786598e-4,0.02481713592387794,0.06820857418162804,0.0433914382577501
W02000134,2021,0.04773153024836877,1.222165950515727e-4,0.024734606102562555,0.07106786544740863,0.04633325934484608
W02000135,2021,0.051545277186639364,1.132834884417416e-4,0.0328738628454488,0.0711281255634019,0.0382542627179531
W02000136,2021,0.040404845828250595,1.2921301201367772e-4,0.021034209160461382,0.06274586920400593,0.041711660043544554
W02000137,2021,0.05398070502862237,1.2043328176190702e-4,0.035201774850457015,0.07697281945450621,0.04177104460404919
W02000138,2021,0.05378876201314873,1.608604085102835e-4,0.027480456193011073,0.07890908195530852,0.051428625762297446
W02000139,2021,0.04229941812520962,1.330175699710269e-4,0.021583849672931685,0.06528773968544982,0.043703890012518135
W02000140,2021,0.051803787520282696,1.431134729121487e-4,0.02851367293694752,0.07564687973187677,0.047133206794929244
W02000141,2021,0.0416895753767453,1.4800390012488046e-4,0.01647611742604405,0.06549762021042006,0.04902150278437602
W02000142,2021,0.04741129079790021,1.1678417910086391e-4,0.02798023701717081,0.06898786941285957,0.04100763239568876
W02000143,2021,0.04374253117804256,1.0314136138194269e-4,0.024978006601025428,0.06367756309552743,0.038699556494502
W02000144,2021,0.043805721258995366,1.1679720745379588e-4,0.02339494807574677,0.0656093991331608,0.04221445105741403
W02000145,2021,0.04373003625355344,1.1044768809437588e-4,0.024738597265498607,0.06430504177311544,0.03956644450761683
W02000146,2021,0.04501729957342348,1.0462460902880279e-4,0.027518159215863564,0.06800173544348713,0.040483576227623566
W02000147,2021,0.05536733559751141,1.0551354803827884e-4,0.03516705741981005,0.07318204566285075,0.0380149882430407
W02000148,2021,0.05481222907244162,1.2185352705617513e-4,0.03196980809834985,0.0741939127822461,0.04222410468389625
W02000149,2021,0.04603422558082565,9.859612822353433e-5,0.026242136377060184,0.06590823574742243,0.03966609937036224
W02000151,2021,0.04888095705632354,9.827602296054958e-5,0.030253130202954948,0.06912967147412477,0.03887654127116982
W02000152,2021,0.04668551170366256,1.2055313254860834e-4,0.024754942853364513,0.06655669452989496,0.04180175167653045
W02000153,2021,0.045556778319861366,1.0675357133961234e-4,0.02732189867131555,0.06711198054246531,0.03979008187114976
W02000154,2021,0.04831982942778493,1.097904382697011e-4,0.026944839343541166,0.06642499679657599,0.03948015745303482
W02000156,2021,0.05152902083865459,1.121618677984542e-4,0.03179804296924588,0.06956096174354177,0.0377629187742959
W02000157,2021,0.050039711613971166,1.2188140326299299e-4,0.03198338432111254,0.07065147516349916,0.03866809084238662
W02000158,2021,0.0520772020991543,9.305847758161191e-5,0.032607717110576306,0.0692283356858581,0.03662061857528179
W02000159,2021,0.049458115483856854,1.2192980487617819e-4,0.028588786729782434,0.07408572383388032,0.045496937104097884
W02000160,2021,0.04697421759493032,1.0517519503246157e-4,0.028843044292761646,0.0664111151054839,0.03756807081272226
W02000161,2021,0.05236301123819429,1.1795667165050723e-4,0.031566459783743034,0.07202283416676235,0.040456374383019314
W02000162,2021,0.045177637156230986,1.185374912844845e-4,0.022721839375827012,0.067769748047272,0.04504790867144498
W02000163,2021,0.05135505226267768,9.78539574249078e-5,0.034435674137040434,0.07095301583839664,0.036517341701356204
W02000164,2021,0.05046478741479478,1.0602561209599082e-4,0.03288609126917289,0.07135202522680813,0.038465933957635236
W02000165,2021,0.05478640653288137,1.1386489893030249e-4,0.03509233055173877,0.07692227259205944,0.04182994204032067
W02000166,2021,0.05629487808652471,1.2596274261763963e-4,0.03457151945293832,0.07638043143482728,0.04180891198188896
W02000167,2021,0.05647725062674952,1.252807207210175e-4,0.03367517673453549,0.07602574835360226,0.042350571619066774
W02000168,2021,0.05264018827082884,1.1321706312171468e-4,0.03202653058615364,0.07304043801431745,0.04101390742816381
W02000169,2021,0.05112007100056318,9.629817896414386e-5,0.03199405949505982,0.07029812957449251,0.03830407007943269
W02000170,2021,0.04992530526046883,1.1339268088981906e-4,0.025978397221137112,0.06973033898567509,0.04375194176453798
W02000171,2021,0.05458760957843511,1.0548303087663615e-4,0.03521187447252521,0.07550156457902701,0.0402896901065018
W02000172,2021,0.053068015059364856,1.2532930607137975e-4,0.03145271528716129,0.07292393829561354,0.041471223008452254
W02000173,2021,0.057895247507672123,1.2725330063805126e-4,0.036497363207172236,0.07899595929950129,0.042498596092329054
W02000174,2021,0.04981938172094165,1.0432788812490766e-4,0.030606219764754063,0.0696679589178355,0.03906173915308144
W02000175,2021,0.053490914227194555,1.5213913275056163e-4,0.026616396803247525,0.07542075788157862,0.048804361078331096
W02000176,2021,0.0489028744777293,1.1391931526238615e-4,0.028443013694246733,0.06897888284858675,0.040535869154340015
W02000177,2021,0.055571608310986086,1.2649852215082286e-4,0.03435181595959173,0.07785723156179371,0.043505415602201974
W02000178,2021,0.06254551345052119,1.5693987563075438e-4,0.039262886647347575,0.0852233385200577,0.045960451872710126
W02000179,2021,0.04818600456757926,1.1484565058581789e-4,0.027868925417164785,0.066288157010915,0.03841923159375022
W02000180,2021,0.05737096496254101,1.1327360241293153e-4,0.037510515425754884,0.0787440684504199,0.04123355302466501
W02000181,2021,0.05480805288507727,1.3457000125489808e-4,0.03172780654065188,0.07400979869922719,0.04228199215857531
W02000182,2021,0.05519110909741354,1.1474267019162081e-4,0.03460017176504212,0.07468476449211232,0.040084592727070205
W02000183,2021,0.06328925603663477,1.484492316932751e-4,0.03634753793487143,0.08571951335965752,0.049371975424786094
W02000184,2021,0.051386204585509916,1.1346216673576244e-4,0.031029679365825485,0.07103920525632995,0.040009525890504466
W02000185,2021,0.045430093541181174,1.1910227625956264e-4,0.024405507403041163,0.06895738081421365,0.04455187341117249
W02000186,2021,0.06321558579223081,0.00016665880884745514,0.036966695738970615,0.08870520594529657,0.05173851020632596
W02000188,2021,0.06142338834065413,1.717948090389896e-4,0.034479572520294134,0.08343952867482111,0.04895995615452698
W02000189,2021,0.047375439271542814,1.1308232917787825e-4,0.026528928485948185,0.06749107058996882,0.04096214210402064
W02000191,2021,0.0664202614698255,1.7788434118231757e-4,0.03503824896497772,0.08863435851897489,0.05359610955399717
W02000192,2021,0.0679746678010989,1.9894628505897634e-4,0.038048537587177696,0.0919516532404228,0.053903115653245105
W02000193,2021,0.07768194390594463,2.7309599807824153e-4,0.045057586068177155,0.10641173992553904,0.061354153857361884
W02000194,2021,0.054460958404933216,1.373429629928365e-4,0.03344128401472171,0.07615996713514563,0.042718683120423914
W02000195,2021,0.03817193122906629,1.7031545009263998e-4,0.013530143632146854,0.06581443002778474,0.05228428639563788
W02000196,2021,0.04362805996375803,1.7021791729214989e-4,0.020015776149300855,0.07072756160273709,0.050711785453436235
W02000197,2021,0.03811691425660313,1.561433515451288e-4,0.01646484786901281,0.0614345928124484,0.04496974494343559
W02000198,2021,0.040073818407655795,1.672456822910454e-4,0.01472184494634017,0.06700744211997725,0.05228559717363708
W02000200,2021,0.04972691661088797,9.562219064602567e-5,0.03167042860951101,0.06965686578552402,0.03798643717601301
W02000201,2021,0.04920537456124643,1.0003726128136646e-4,0.02879012433430283,0.06735572198499354,0.03856559765069071
W02000202,2021,0.05113180965999162,1.0204322861190156e-4,0.029401173188364597,0.07021105940618125,0.04080988621781665
W02000204,2021,0.04653309167354927,1.1595302581997212e-4,0.026743552803287725,0.0693892377931515,0.04264568498986377
W02000205,2021,0.04655066795332801,1.2008973917930119e-4,0.02440108364813475,0.06716836863155518,0.042767284983420424
W02000206,2021,0.05005370048376963,1.1340476791507859e-4,0.029241141736800362,0.07071685153171997,0.04147570979491961
W02000207,2021,0.04751422516674848,1.0036180363725754e-4,0.027524724366668953,0.06820025665060878,0.04067553228393982
W02000208,2021,0.0662770950564176,1.624898221903122e-4,0.03911475190278145,0.08927870200579105,0.0501639501030096
W02000210,2021,0.05688812542297823,1.3514348793777e-4,0.035978212665181225,0.07806626930918956,0.04208805664400833
W02000211,2021,0.05600185204610659,1.2236002620509925e-4,0.03491892908831219,0.07816953465160097,0.043250605563288774
W02000212,2021,0.05336643708539988,1.0595170807005605e-4,0.03205239152543412,0.07285197328327389,0.04079958175783977
W02000213,2021,0.0505944226430339,1.1209773787925343e-4,0.03351260980373057,0.0734094262280919,0.03989681642436134
W02000214,2021,0.05304305802547783,1.3518915597259015e-4,0.0314680318778828,0.07635738863260585,0.04488935675472305
W02000215,2021,0.055180029501502054,1.4297058976590036e-4,0.031454994331666174,0.07871725754985184,0.04726226321818567
W02000216,2021,0.05350351562845716,1.0804061183591532e-4,0.03267597858110545,0.07427208112195569,0.041596102540850236
W02000217,2021,0.05409021427450524,1.2130502073891924e-4,0.032347329640668596,0.07375961783840945,0.04141228819774086
W02000218,2021,0.05584289275548448,1.2566919903248864e-4,0.03350860938629587,0.07654825974434629,0.043039650358050414
W02000219,2021,0.05295880948028365,9.691369968929383e-5,0.03500427089311482,0.0727923343944405,0.03778806350132567
W02000220,2021,0.055617474635151126,9.923416959471455e-5,0.03758628153528781,0.07588215543885675,0.038295873903568936
W02000221,2021,0.05768659263587223,1.1308666221587606e-4,0.03852962649498527,0.07767575527331042,0.03914612877832514
W02000222,2021,0.04952636003247375,1.0417817498206094e-4,0.0289020964241906,0.06869192198075694,0.039789825556566336
W02000223,2021,0.054601653051544685,1.0472832945348545e-4,0.035155935095443167,0.07694683582041004,0.04179090072496687
W02000224,2021,0.05783056731016449,1.0690939192919288e-4,0.038121361584442175,0.07813193307077256,0.04001057148633038
W02000225,2021,0.054339312537001944,1.0279190136272468e-4,0.036615049494430674,0.07512961597926526,0.03851456648483459
W02000226,2021,0.052709820254306594,1.106287831634965e-4,0.03260119348849276,0.07443151393752485,0.041830320449032093
W02000227,2021,0.056343521428027524,1.0748601203712735e-4,0.037780582937380104,0.07609413582143831,0.03831355288405821
W02000228,2021,0.06556485413924933,1.3960737489824868e-4,0.042858309180860366,0.08809219561412818,0.04523388643326781
W02000229,2021,0.05257715661967539,1.2266818089601514e-4,0.031325938754817796,0.07529719440367086,0.04397125564885306
W02000230,2021,0.048865280659052907,1.0833002724401724e-4,0.029069462245553547,0.07019542142629237,0.04112595918073882
W02000231,2021,0.053799129151644684,9.767534462948203e-5,0.03414683891744624,0.07280812616604615,0.03866128724859991
W02000232,2021,0.054847130219355174,1.0067234251849062e-4,0.03655950755475305,0.07526229231511196,0.03870278476035891
W02000233,2021,0.05703676441497265,1.3372995103134403e-4,0.035715011995659685,0.08020052215858939,0.0444855101629297
W02000234,2021,0.05605229587118554,1.1864825356395375e-4,0.036290456674489734,0.07922855867126802,0.042938101996778284
W02000235,2021,0.038830053244444364,1.3727496655610425e-4,0.016898641737272575,0.062146813191864964,0.04524817145459239
W02000236,2021,0.04457544637063482,1.3710742255018706e-4,0.02318705193684819,0.06936360511352047,0.046176553176672276
W02000237,2021,0.047845666652359974,1.09288874764126e-4,0.02989365942728993,0.07033920289462095,0.04044554346733102
W02000238,2021,0.04130399359572214,1.3204088243601975e-4,0.01986458889540331,0.06478580657236746,0.04492121767696415
W02000239,2021,0.04989133051498013,1.1023283930101389e-4,0.03345750456776844,0.07437304194516925,0.04091553737740081
W02000240,2021,0.053304639308198294,1.1973390989369976e-4,0.03205824452314486,0.07688079765309962,0.044822553129954756
W02000241,2021,0.04961762357596887,1.4990436584552913e-4,0.03033186015073866,0.07619543159171879,0.04586357144098013
W02000242,2021,0.04751673469446754,1.2022954210456162e-4,0.0270641283840155,0.07268671438989854,0.045622586005883044
W02000243,2021,0.059666904498579434,1.244571340285005e-4,0.03904582280447888,0.08244309035006356,0.04339726754558468
W02000244,2021,0.04869881405950221,1.3563534029418196e-4,0.02697331953247619,0.07330191620423618,0.04632859667175999
W02000245,2021,0.05981525028881237,1.2854006373004597e-4,0.04028321554156304,0.08688569314726019,0.04660247760569715
W02000246,2021,0.044580884116886564,1.1997971705293509e-4,0.025954522391163394,0.07003769249811465,0.04408317010695125
W02000247,2021,0.050168685866903706,1.1536354138189029e-4,0.030463372305925045,0.0714042026355855,0.040940830329660456
W02000248,2021,0.06277458798357011,1.309341508355546e-4,0.04232430702426622,0.087955748493203,0.04563144146893679
W02000249,2021,0.0558325007116394,1.174252765111324e-4,0.03706085781319236,0.07733444645878099,0.04027358864558862
W02000250,2021,0.0560749534823287,1.1888477844631321e-4,0.03701780797373734,0.07641769106514823,0.03939988309141089
W02000251,2021,0.058614802540080696,1.2861579713527793e-4,0.037876956835292006,0.08477412393771536,0.04689716710242335
W02000252,2021,0.05252924395155694,9.888066660492407e-5,0.03491904433140794,0.07347240578400291,0.03855336145259497
W02000253,2021,0.05421065514914112,1.1052518761707216e-4,0.03323558359088795,0.07557988044682018,0.04234429685593223
W02000254,2021,0.0541034177543827,9.742830533649193e-5,0.03650845119770719,0.07550236091802773,0.03899390972032054
W02000255,2021,0.052855853937120986,1.0385954761163289e-4,0.0344963539334814,0.07414024120933865,0.039643887275857256
W02000256,2021,0.0564619776606816,1.2324927746602682e-4,0.03457309497819926,0.07937454163611452,0.04480144665791525
W02000257,2021,0.053928310390157705,9.470480260161908e-5,0.035058235399078125,0.07287335223246542,0.0378151168333873
W02000258,2021,0.05301513227999179,1.0568493922014912e-4,0.03258128902168621,0.07388008854584663,0.04129879952416042
W02000259,2021,0.05659743408477825,1.1254389588244159e-4,0.0350795907697741,0.07856675416454663,0.04348716339477253
W02000260,2021,0.05238878736355802,1.0805929644162678e-4,0.031357418663295014,0.07399251960946837,0.04263510094617336
W02000261,2021,0.0524973774697715,1.1009371807495582e-4,0.03504041547655131,0.0743796067786354,0.03933919130208408
W02000262,2021,0.053774764301051166,1.217219694879469e-4,0.032792791790100834,0.07719310642870188,0.04440031463860104
W02000263,2021,0.0582107665530349,1.0865200517820945e-4,0.039756042306180926,0.08020197996585693,0.040445937659676
W02000264,2021,0.058360344837189077,1.0909752092883176e-4,0.03868476303489968,0.07973603279256392,0.04105126975766424
W02000265,2021,0.056598892547235394,1.0778895105108903e-4,0.0382924634060986,0.07582401154192749,0.03753154813582889
W02000266,2021,0.0573542844477355,1.050877288588579e-4,0.039006544341005325,0.07805472997609898,0.03904818563509366
W02000267,2021,0.056932512076032456,1.2146441847369167e-4,0.03551059631328732,0.07805938968135297,0.04254879336806565
W02000268,2021,0.05400072742013097,9.609187765906948e-5,0.03728846784894788,0.07360583705435979,0.036317369205411905
W02000269,2021,0.05537250817459522,1.1868308814263631e-4,0.03642638448644346,0.079075879767225,0.04264949528078153
W02000270,2021,0.05523641913610796,1.0766577375112312e-4,0.03614479736825463,0.07549188695462505,0.039347089586370426
W02000271,2021,0.055252876066041304,1.0919062413436397e-4,0.035887790104611746,0.07730584786639724,0.0414180577617855
W02000272,2021,0.05575924459245392,1.00480693173238e-4,0.036993155915392234,0.07628408528709238,0.039290929371700145
W02000273,2021,0.07358926553753183,1.787615533677606e-4,0.04619240846453783,0.098437780327376,0.052245371862838175
W02000274,2021,0.0570951724481407,1.1068766349821052e-4,0.036266625160363664,0.07769297079821488,0.04142634563785122
W02000275,2021,0.05491740953791545,1.0381168218024033e-4,0.035869131737901225,0.07500377836175895,0.039134646623857725
W02000276,2021,0.052270687719449094,1.1272105073825536e-4,0.03379397842738996,0.07748747154303759,0.04369349311564763
W02000277,2021,0.05309744664612164,1.0301621533723656e-4,0.03525411643386551,0.07307379543123452,0.03781967899736901
W02000278,2021,0.05658363591945098,1.1256658627037249e-4,0.037907479446497194,0.07917578562597385,0.04126830617947666
W02000279,2021,0.05831726389040087,1.1525262314151833e-4,0.04011601647078546,0.07933042439878218,0.03921440792799673
W02000280,2021,0.06005061411325287,1.2145913204595414e-4,0.04094514663149218,0.08344454789677186,0.04249940126527968
W02000281,2021,0.05087443962096669,9.619645360446188e-5,0.03349191643971623,0.07184613954844227,0.038354223108726035
W02000282,2021,0.05489779085839376,1.021537678519341e-4,0.03573788289301057,0.07432218270601659,0.038584299813006026
W02000284,2021,0.056983458030261,1.0777621598873931e-4,0.038892281086533365,0.07735214633590579,0.03845986524937242
W02000285,2021,0.05137419716234465,1.0484147609777905e-4,0.031544079908852676,0.0727046384485482,0.041160558539695524
W02000286,2021,0.05647410335758477,1.1221346969178318e-4,0.03593569709610672,0.07912727941528777,0.04319158231918105
W02000287,2021,0.05590868411248915,1.0691787316900903e-4,0.036414990874677616,0.07662979031208264,0.040214799437405024
W02000288,2021,0.054785330699854716,8.462737506775047e-5,0.03750872590966768,0.07423984593750732,0.03673112002783964
W02000289,2021,0.05621075033281521,1.0576648363425613e-4,0.03770061443267192,0.07829509322762679,0.04059447879495487
W02000290,2021,0.05454212532964206,1.0639098504087178e-4,0.0357850639151842,0.07573331711617638,0.039948253200992184
W02000291,2021,0.05468794497769481,1.1107683926950293e-4,0.032088104406238084,0.07538038646851411,0.043292282062276026
W02000292,2021,0.0558572814543144,1.0772249738881108e-4,0.03529489099500324,0.07955272602795474,0.0442578350329515
W02000293,2021,0.05495424890308756,1.1477788108678036e-4,0.03573155026212062,0.07788783463297573,0.04215628437085511
W02000294,2021,0.050429598601890474,1.1109502232753168e-4,0.028819243915711848,0.07031035292369059,0.04149110900797874
W02000295,2021,0.05420695478851023,1.1381280836017238e-4,0.03233443824711327,0.07372227287500897,0.041387834627895706
W02000296,2021,0.053992372522277995,1.0622287261533305e-4,0.0335607562275977,0.07650402098605225,0.042943264758454544
W02000297,2021,0.05401359028729631,1.0335462596972025e-4,0.03276283377735127,0.07542537235950356,0.042662538582152285
W02000298,2021,0.054009192603922035,9.688552981474773e-5,0.0339946891994915,0.07350464359677134,0.039509954397279834
W02000299,2021,0.05198344086833697,1.066270494152752e-4,0.030426542679334805,0.07161183562086015,0.04118529294152535
W02000300,2021,0.052449032562084184,9.929887901794984e-5,0.033511849502614405,0.07078326496088115,0.037271415458266746
W02000301,2021,0.058464809484511,1.0082820371427016e-4,0.03865928730390898,0.07801627964030808,0.039356992336399096
W02000302,2021,0.05305975227306998,9.465713907068987e-5,0.034767960066207804,0.07269624182433815,0.037928281758130344
W02000303,2021,0.0567966478185995,1.1681717537230415e-4,0.0373388043801158,0.08036113430675881,0.04302232992664301
W02000304,2021,0.055341197877702544,1.0440482508133939e-4,0.0357125944759359,0.07713646035782935,0.04142386588189345
W02000305,2021,0.054401121465194276,1.1959490549915108e-4,0.03381304307841025,0.07537406134075939,0.041561018262349134
W02000306,2021,0.051306117053519625,1.0364963734916857e-4,0.032448543984043794,0.07086697384421085,0.03841842986016706
W02000307,2021,0.059800539482233316,1.1360602821246707e-4,0.037970553009282385,0.08039148056152691,0.042420927552244525
W02000308,2021,0.056861437535927664,1.036287976216582e-4,0.03824370995702126,0.0763440607882065,0.038100350831185244
W02000309,2021,0.052520613924450905,1.096045801296961e-4,0.033134050608770095,0.07423503150857717,0.04110098089980708
W02000310,2021,0.05403196517653937,9.19175744786527e-5,0.03623289089741426,0.07230294293142384,0.03607005203400958
W02000311,2021,0.05573423557163378,1.1277985936299178e-4,0.036725703486755135,0.0777766345068142,0.041050931020059064
W02000312,2021,0.05277566054497231,1.0826678311112487e-4,0.03386602475062059,0.0736118382178744,0.03974581346725381
W02000313,2021,0.05465860956497604,9.926642830706095e-5,0.036086530824440535,0.07660819517820358,0.040521664353763046
W02000314,2021,0.05083095868149992,9.754054033872494e-5,0.032824537934043274,0.07005281465658919,0.03722827672254592
W02000315,2021,0.05225611016208308,9.572723473050599e-5,0.0345323418442627,0.07218134188596648,0.037649000041703774
W02000316,2021,0.05328719018272812,1.0869604210840693e-4,0.03388359690249742,0.07716926576696102,0.043285668864463604
W02000317,2021,0.05446550935475822,1.0419422868993798e-4,0.03450655429981221,0.07514424892827959,0.04063769462846738
W02000318,2021,0.05453412982498828,1.0917148052238436e-4,0.03662413849330262,0.07650809428311123,0.039883955789808606
W02000319,2021,0.05446789850841318,1.0672213022675216e-4,0.03614938175967452,0.07528664856697653,0.039137266807302014
W02000320,2021,0.05660019031695462,1.0920816444339946e-4,0.03619309817349751,0.07739210584525459,0.04119900767175708
W02000321,2021,0.05423787728436093,1.1251210347810144e-4,0.03472048116474104,0.07548123164111002,0.040760750476368984
W02000322,2021,0.05484334730246916,9.910063469741901e-5,0.03713110505013997,0.07550949786239322,0.03837839281225325
W02000323,2021,0.05443004698784261,1.1600025409536096e-4,0.0357629554722841,0.07806486183915812,0.04230190636687402
W02000324,2021,0.054449177053159804,1.1974523550083883e-4,0.03349344322723054,0.07670633853603685,0.043212895308806315
W02000325,2021,0.05719515147346086,1.3261999557681763e-4,0.033368547105332144,0.07838996976586518,0.045021422660533036
W02000326,2021,0.05216303960615889,1.0584871614900081e-4,0.030326964380097618,0.07297657655005661,0.042649612169958995
W02000327,2021,0.044647606157249393,1.1365663620968972e-4,0.024025498485627773,0.06375769016128427,0.039732191675656496
W02000328,2021,0.05277959707672848,1.0655790805549583e-4,0.033668644085502075,0.07357516651841725,0.039906522432915176
W02000329,2021,0.05524215603055047,1.1159704308710604e-4,0.033560269399025525,0.07384991966750365,0.040289650268478125
W02000330,2021,0.04417625296619371,9.038406671966299e-5,0.02511290061982698,0.061222385809577305,0.03610948518975032
W02000331,2021,0.05916979834729223,1.2564176146911393e-4,0.03736456220899303,0.07982421115481958,0.04245964894582655
W02000332,2021,0.05426845824645961,1.1456279653721393e-4,0.03156453260975212,0.07319295648735183,0.041628423877599706
W02000333,2021,0.055072640045426946,1.1944133213134307e-4,0.03474803303775441,0.07908713797152697,0.044339104933772563
W02000334,2021,0.05280175888119747,1.027604503684548e-4,0.03434538425232618,0.07371733338574257,0.03937194913341639
W02000335,2021,0.04992968918886657,1.0901122740663496e-4,0.028470685753105702,0.06953724362823081,0.041066557875125115
W02000336,2021,0.043315456360579686,1.1810104810707326e-4,0.020074315131237124,0.06471064149144598,0.04463632636020885
W02000337,2021,0.05167064309109056,1.371990603571279e-4,0.03330263072541241,0.07714653367206155,0.04384390294664914
W02000338,2021,0.042772249464240346,1.0292532752005565e-4,0.02253389637567712,0.061251805641834224,0.038717909266157105
W02000339,2021,0.045757997919118304,1.3354617146336966e-4,0.023190284403179356,0.06756616822380823,0.044375883820628875
W02000340,2021,0.04229203352298543,1.2921743327118924e-4,0.019946864672361328,0.06480723401269367,0.04486036934033234
W02000341,2021,0.044106968547396576,1.0200890714782534e-4,0.024484751398436783,0.0629383122084447,0.03845356081000792
W02000342,2021,0.04344773407474929,1.0190645800809072e-4,0.024440727080818417,0.06365321322256635,0.03921248614174794
W02000343,2021,0.052334071805234396,1.194435633968673e-4,0.029935005069457267,0.07283839976673546,0.0429033946972782
W02000344,2021,0.04634628666326873,1.2216646622624554e-4,0.025929266560242418,0.06794986034347042,0.042020593783228005
W02000345,2021,0.04876315120920312,1.1262921472024085e-4,0.02789706522864114,0.06940644010212188,0.04150937487348074
W02000346,2021,0.05045608034846818,1.2257692949475146e-4,0.025975616762985536,0.06936666305158583,0.04339104628860029
W02000347,2021,0.04788291580574549,1.0722191341662556e-4,0.027177395104628736,0.06662840678888496,0.03945101168425622
W02000348,2021,0.04897975699474332,1.0984527338300311e-4,0.02984921745919627,0.07297031097934785,0.04312109352015158
W02000349,2021,0.05906692906965845,1.1895719283395682e-4,0.03852693182265801,0.08035721882191696,0.04183028699925895
W02000350,2021,0.054099779263501464,1.0586213676110709e-4,0.032890956136514715,0.07293524053406464,0.04004428439754992
W02000351,2021,0.05383322584924854,1.7526448826075763e-4,0.026860824951578835,0.08056417852636275,0.05370335357478391
W02000352,2021,0.058474855763707353,1.492444216267637e-4,0.033150648521049,0.08017813563800674,0.04702748711695774
W02000353,2021,0.05907123852382695,1.6082092160437606e-4,0.03008688198638733,0.08205491890376633,0.051968036917379
W02000354,2021,0.047712488265839334,1.4745924379243468e-4,0.02408091217627511,0.07003937227421415,0.045958460097939045
W02000355,2021,0.053987715922052516,1.0774787710082692e-4,0.034012216370416605,0.0730500157603497,0.03903779938993309
W02000356,2021,0.058320037446269936,1.4856550391561426e-4,0.034593526641783966,0.0837068093364692,0.04911328269468524
W02000357,2021,0.06146260233550715,1.849402737371836e-4,0.034572478836178734,0.08922981476266306,0.05465733592648433
W02000358,2021,0.05137007521339734,1.0276150579063508e-4,0.030117859616048053,0.07000352950219974,0.03988566988615168
W02000359,2021,0.06803212722427295,2.0945315456031874e-4,0.038784899063687144,0.09691209253669689,0.05812719347300974
W02000360,2021,0.05938211978046065,1.3149706353900737e-4,0.03665525129465831,0.08168519578438738,0.045029944489729065
W02000361,2021,0.058836335804321675,1.4607589162728523e-4,0.0330871734331418,0.08404763269070242,0.050960459257560625
W02000362,2021,0.05452905067342329,1.1751091345506797e-4,0.03336418824777422,0.07658933600938836,0.04322514776161414
W02000363,2021,0.05013232866701251,1.2760027444697766e-4,0.027198221410848357,0.0718698960688782,0.04467167465802984
W02000364,2021,0.06881551503625853,1.9233310666322406e-4,0.040975090186113686,0.09517884071645899,0.054203750530345304
W02000365,2021,0.06284196004987254,1.4827240641310195e-4,0.03978433627269944,0.08652751236359685,0.046743176090897405
W02000366,2021,0.05515721024898073,1.0426727464006576e-4,0.03442252420313898,0.075661788867248,0.04123926466410902
W02000367,2021,0.04698131725440845,1.0788167654977762e-4,0.02819248158792572,0.06649160573403709,0.03829912414611137
W02000368,2021,0.05713515394503517,1.1617590094876162e-4,0.037688435345804336,0.07977465088320321,0.04208621553739887
W02000369,2021,0.06723705451315017,1.4738414375941865e-4,0.040484384842141945,0.08827688274653939,0.04779249790439744
W02000370,2021,0.04246090026068594,1.3510387141031513e-4,0.022425522718957397,0.06700924204609071,0.044583719327133314
W02000371,2021,0.052957683710501545,1.254029533696662e-4,0.03024807390567932,0.07742659215662309,0.04717851825094377
W02000372,2021,0.054939487183267854,1.088246167355982e-4,0.034880278149764264,0.07587141652642612,0.04099113837666186
W02000373,2021,0.06079162971448015,1.35142655457801e-4,0.04079990581532825,0.08595728349623234,0.045157377680904096
W02000374,2021,0.049467300167426516,1.2272648406095926e-4,0.027515265106346214,0.07121633628169985,0.043701071175353635
W02000375,2021,0.06381286413671328,1.4298705856010215e-4,0.040536354472661594,0.08570293720007643,0.04516658272741484
W02000376,2021,0.05443208899659809,1.0980700593767444e-4,0.03579406840840561,0.07472033447371533,0.03892626606530972
W02000377,2021,0.06282695963854601,1.5006807044052844e-4,0.04081858367378481,0.08642293228897746,0.04560434861519265
W02000378,2021,0.051529282277343984,1.0869157791961733e-4,0.035019863578524726,0.07182663376333584,0.03680677018481111
W02000379,2021,0.06682301825207287,1.7583486341947495e-4,0.0424818580579174,0.09356691997310597,0.05108506191518857
W02000380,2021,0.05253011972753214,1.047131534698886e-4,0.03428980399994891,0.07597390799356007,0.041684103993611166
W02000381,2021,0.059230007467446194,1.3536892191323794e-4,0.03879507846965467,0.0849639500564911,0.04616887158683643
W02000382,2021,0.060068171602625835,1.4103582466488637e-4,0.03589744232029002,0.08443248846062813,0.048535046140338114
W02000383,2021,0.06060606840377447,1.2410440939055893e-4,0.039518999083914375,0.08432748984312999,0.04480849075921561
W02000384,2021,0.05183385695639318,9.295928651680173e-5,0.03450770333422899,0.07195998232363202,0.03745227898940302
W02000385,2021,0.05649779342476417,1.0680630808799313e-4,0.036534938342536266,0.07627103665988956,0.039736098317353294
W02000386,2021,0.04696655628198097,1.3200436261321454e-4,0.025052421922247322,0.07016508026648019,0.045112658344232864
W02000387,2021,0.054774985918381085,1.1090175127885353e-4,0.036026428781501904,0.07693523566912008,0.04090880688761818
W02000388,2021,0.053238744746111885,1.1799538806537486e-4,0.035222285656896,0.07445668264993949,0.039234396993043485
W02000389,2021,0.060048702729153774,1.1175445424675103e-4,0.03763753640757958,0.08034487025907816,0.04270733385149858
W02000390,2021,0.05206126973223962,1.2309890716981776e-4,0.03259890024974378,0.0760737088078332,0.043474808558089426
W02000391,2021,0.08980142750646403,3.4969756410995346e-4,0.05209179094825059,0.12238002119262031,0.07028823024436973
W02000392,2021,0.05272279402567109,1.27336363290057e-4,0.032992426492359075,0.07824618354407052,0.045253757051711446
W02000393,2021,0.06120827615032705,1.239653092666353e-4,0.04147902751154213,0.08422883749312775,0.04274980998158562
W02000394,2021,0.09505297694919754,4.6266902486620856e-4,0.050642959133072346,0.13298415638129252,0.08234119724822017
W02000395,2021,0.0612500825990183,1.2936863501789136e-4,0.040369892835872695,0.08598795614617252,0.04561806331029983
W02000396,2021,0.08099644783843071,2.517338463501235e-4,0.04937115469835801,0.10992654965307755,0.06055539495471954
W02000397,2021,0.05566259527656498,1.2034846162572771e-4,0.036174940071069264,0.07866110591978774,0.04248616584871848
W02000398,2021,0.10037771481810305,5.357480072961404e-4,0.052481957414035385,0.1402066677109015,0.08772471029686613
W02000399,2021,0.08254053813555536,3.003656239965784e-4,0.0466579129277077,0.11615608862933054,0.06949817570162284
W02000400,2021,0.0640908652029791,1.3772857436877687e-4,0.04124260447893832,0.08909053478925266,0.04784793031031434
W02000401,2021,0.05816267075495055,1.1596549989216418e-4,0.038976154717086584,0.08114601212758213,0.042169857410495545
W02000402,2021,0.08304926597665793,2.950203772774983e-4,0.05059068030542793,0.11748809041336912,0.06689741010794119
W02000403,2021,0.06853857764643934,1.8189271837115698e-4,0.04228886883074302,0.0954113546782776,0.05312248584753458
W02000404,2021,0.06752164169335428,1.6290497897816872e-4,0.04426973341036399,0.094808924151211,0.05053919074084701
W02000405,2021,0.06680267010050117,1.4841590630188138e-4,0.038826197503588414,0.08771757497597635,0.048891377472387934
W02000406,2021,0.06557399435459843,1.3681918876231236e-4,0.04437742102147249,0.08877170727862255,0.044394286257150056
W02000407,2021,0.059837049926942894,1.550625334160168e-4,0.035864443171815495,0.0858560386846641,0.049991595512848604
W02000408,2021,0.07165479940271198,1.6439366129878487e-4,0.04591343240108132,0.09563060793472901,0.04971717553364769
W02000409,2021,0.059279971880421306,1.233487608660022e-4,0.039363436273902416,0.08245353575563935,0.043090099481736935
W02000410,2021,0.07368206071074,1.906449772796648e-4,0.047108534111675315,0.10093791666393279,0.05382938255225747
W02000411,2021,0.06219503723675555,1.567729350610615e-4,0.040011819272919434,0.09048168796611711,0.050469868693197674
W02000412,2021,0.06673511538345105,1.2296595540259555e-4,0.04477320102672622,0.08707257744248387,0.04229937641575765
W02000414,2021,0.04271961177531566,9.968517525000856e-5,0.02379194798340667,0.06179214333798931,0.03800019535458264
W02000415,2021,0.05915305058267108,1.1454364956131749e-4,0.04018410670750563,0.08160815028528878,0.041424043577783155
W02000416,2021,0.04307926472996852,8.6407079261756e-5,0.025548793830123956,0.06126936411617356,0.0357205702860496
W02000417,2021,0.05191266446912901,9.651003996265605e-5,0.03278704267410763,0.0722125425715461,0.039425499897438473
W02000418,2021,0.04552501759526162,1.1345401709475351e-4,0.02560004601881239,0.06553095022026832,0.03993090420145593
W02000419,2021,0.04792591185488564,1.192879770405792e-4,0.02435332351176904,0.06741589235833298,0.04306256884656394
W02000421,2021,0.04471435351146156,9.95431558199717e-5,0.023817672467670067,0.06467632788141885,0.04085865541374878
W02000422,2021,0.07970144204701844,2.4614655543052263e-4,0.046593078949345224,0.10906064406070169,0.06246756511135647
W02000423,2021,0.07656209137415074,2.4082177784530694e-4,0.04661535576414737,0.10800590163773341,0.06139054587358604
W02000424,2021,0.04270138976931617,1.2430174403850705e-4,0.020420165012696383,0.06508628576975951,0.04466612075706313
W02000425,2021,0.05412178821567871,1.0712701236786286e-4,0.03520050045998088,0.07640853685796309,0.041208036397982206
W02000426,2021,0.045765168412347235,1.1365139781657368e-4,0.024230030436261193,0.06614679264671455,0.04191676221045336
W02000427,2021,0.052284251563093874,1.1728751103245983e-4,0.032231049741796886,0.07470949025762189,0.042478440515825
W02000428,2021,0.049740133080157276,1.215190404852684e-4,0.028999503379688835,0.07002839463772416,0.04102889125803533
W02000001,2023,0.04836742749240037,1.244365684967591e-4,0.02728984886738619,0.07024807113102739,0.0429582222636412
W02000002,2023,0.041656125241199625,1.3230691092356117e-4,0.021047387818112672,0.06760116955357368,0.046553781735461
W02000003,2023,0.0580576671020736,1.808524399642053e-4,0.034952597843045316,0.08941406887508552,0.0544614710320402
W02000004,2023,0.045582665014409,1.3494399832486578e-4,0.022062772783583758,0.06783278533618206,0.0457700125525983
W02000005,2023,0.04157303544722687,1.6564634575597738e-4,0.017775771163696226,0.06837043797476436,0.05059466681106813
W02000006,2023,0.051122131580117226,1.3217320752859795e-4,0.029614681405704668,0.07178563600596424,0.042170954600259575
W02000007,2023,0.053734978490397045,1.3061379611251098e-4,0.0341642313143282,0.08000713955225727,0.045842908237929074
W02000008,2023,0.0468067096459067,1.646479146389293e-4,0.022820654788489055,0.07250895307021583,0.04968829828172678
W02000009,2023,0.04777081153257436,1.235732275954809e-4,0.027141155971157495,0.07093506093309039,0.043793904961932896
W02000010,2023,0.08467859439570566,4.306309263683655e-4,0.04019926343989247,0.12366213244201617,0.0834628690021237
W02000011,2023,0.059019766052753046,1.567148536644569e-4,0.034586654616673686,0.08042965676963049,0.0458430021529568
W02000012,2023,0.053753464414565195,1.4097914914050917e-4,0.030505976685569324,0.07610736220859148,0.04560138552302215
W02000013,2023,0.05171661241337689,1.37714591357886e-4,0.02823238956717987,0.07417106324699659,0.045938673679816716
W02000014,2023,0.05302556227168841,1.3333113283863879e-4,0.0325304667371801,0.07422682238040357,0.041696355643223465
W02000015,2023,0.05224214113797624,1.5088880399600333e-4,0.026993360489919627,0.07669177104983252,0.04969841055991289
W02000016,2023,0.04909097027970869,1.511583637513114e-4,0.022870628729822505,0.07322028576993127,0.05034965704010876
W02000017,2023,0.04967875918236377,1.466464051737998e-4,0.026322088243802888,0.07298187360679721,0.046659785362994324
W02000018,2023,0.04591594365542272,1.3788078187130647e-4,0.021591899461806417,0.06691739218205747,0.045325492720251055
W02000019,2023,0.04162209841420282,1.5329442026667265e-4,0.017929193288311173,0.06601727540840893,0.048088082120097755
W02000020,2023,0.04283387206040154,1.6455836330156432e-4,0.016484011490042846,0.06856833746169777,0.052084325971654924
W02000021,2023,0.047818524281588226,1.7335015898993028e-4,0.01721101927009397,0.07286824975868272,0.055657230488588755
W02000022,2023,0.03978137171839338,1.5155862635118998e-4,0.013728051844690992,0.06364058312557433,0.04991253128088334
W02000023,2023,0.04277746149835338,2.368722335120147e-4,0.009975677860473191,0.07060244507847672,0.06062676721800353
W02000024,2023,0.04793972517632619,1.2604647952741118e-4,0.025671767375922666,0.06895458370096418,0.04328281632504151
W02000025,2023,0.04497246896727536,1.2767692539336335e-4,0.020959169209212522,0.06467312869303103,0.04371395948381851
W02000026,2023,0.038304071490818235,1.5659171900525673e-4,0.014315396267414137,0.06257534414361336,0.04825994787619922
W02000027,2023,0.0440746913793865,1.8548598844069728e-4,0.01674786374142802,0.06962446429158976,0.052876600550161745
W02000028,2023,0.04378637210058649,1.6059004275117245e-4,0.0161156677235415,0.06625225148439887,0.05013658376085736
W02000029,2023,0.03839589348057072,1.62256518040041e-4,0.014118341667430909,0.06348695805258572,0.049368616385154815
W02000030,2023,0.036954139135244334,1.7856512965467892e-4,0.01216811220141632,0.06239717109035453,0.05022905888893821
W02000031,2023,0.045700084531582946,1.4142368326186338e-4,0.01908014623610635,0.06931043095952494,0.05023028472341859
W02000032,2023,0.041736818797484844,1.6275168194733336e-4,0.016298352566187405,0.06666591773162539,0.050367565165437986
W02000033,2023,0.050753242475132805,1.4464547009703855e-4,0.027239519882608376,0.0743934297878161,0.04715390990520772
W02000034,2023,0.04742061847701735,1.273319544588248e-4,0.0241485699336884,0.06949927468064976,0.04535070474696136
W02000035,2023,0.051602639945760885,1.3352595058377088e-4,0.02816071247896396,0.07382456247974602,0.04566385000078206
W02000036,2023,0.03998144177727363,1.2336978621442594e-4,0.016784645499188344,0.0610077201106011,0.044223074611412755
W02000037,2023,0.05230321344997805,1.1908724079204076e-4,0.031107803109452298,0.07401370893798032,0.04290590582852802
W02000038,2023,0.0454338998556809,1.1772628387908432e-4,0.023944241723011864,0.06670328060794098,0.042759038884929115
W02000039,2023,0.047729989760481775,1.6786302819142457e-4,0.021751960827438386,0.07306774524497207,0.05131578441753369
W02000040,2023,0.04663514362973734,1.2151227975950079e-4,0.02492349000413481,0.06712721766030583,0.04220372765617102
W02000041,2023,0.04689648725160436,1.2815687730011681e-4,0.02250141253831613,0.0684066191312763,0.04590520659296017
W02000042,2023,0.03988233173806625,1.3808542165860796e-4,0.013970142992693658,0.06058321033943566,0.046613067346742004
W02000043,2023,0.04637024358849305,1.305055973118401e-4,0.02390492205821529,0.06781067261581497,0.04390575055759968
W02000044,2023,0.04279370020382386,1.3259281773746434e-4,0.0206479802244193,0.0654041918356012,0.0447562116111819
W02000045,2023,0.04823390179615615,1.412655152907263e-4,0.023627458454297687,0.07197353460512972,0.04834607615083203
W02000047,2023,0.06091306669747346,1.71049174303882e-4,0.03655805484720431,0.08775553187425203,0.051197477027047716
W02000049,2023,0.04968419829630403,1.2398587478723775e-4,0.02720386730222163,0.07227724306269948,0.045073375760477846
W02000050,2023,0.0489133454040547,1.1585859753909622e-4,0.026639175437255573,0.06872248745834655,0.04208331202109098
W02000051,2023,0.04348790472184477,1.2656589728278326e-4,0.021053437326258098,0.06457783518427099,0.04352439785801289
W02000052,2023,0.05320819424835258,1.3531192050019483e-4,0.03030398255874034,0.07583979457593022,0.04553581201718988
W02000053,2023,0.04743001662743111,1.2828458164324048e-4,0.02596074195063082,0.06888572724169051,0.04292498529105969
W02000054,2023,0.0455230619016577,1.2691258781938984e-4,0.02157321350124608,0.06790851295774017,0.04633529945649409
W02000055,2023,0.0491196870381995,1.3114377903740285e-4,0.02681661174738218,0.07284146139286421,0.04602484964548203
W02000056,2023,0.048400190079314766,1.2115871963072668e-4,0.02634988124520281,0.06907264363588964,0.04272276239068683
W02000057,2023,0.043602561596893144,1.1132148056464926e-4,0.02382652705415731,0.06329890661188248,0.03947237955772517
W02000058,2023,0.04630733441942487,1.3487296099044804e-4,0.023453926765898962,0.0702365362433223,0.04678260947742333
W02000059,2023,0.05071140332056842,1.2618175348639153e-4,0.02609004022921202,0.07221224586611133,0.04612220563689931
W02000060,2023,0.05387655180533125,1.2934699726561651e-4,0.030756949870967124,0.07498193255076609,0.04422498267979896
W02000061,2023,0.058165350783053904,1.385543981873803e-4,0.031158071708960754,0.0808799716562631,0.04972189994730234
W02000062,2023,0.050254336485810694,1.2907790860977662e-4,0.02771645728761454,0.07026200855291759,0.042545551265303044
W02000063,2023,0.044274603315099643,1.3528532013461304e-4,0.021534873582956936,0.06818820111496585,0.04665332753200891
W02000064,2023,0.05813261666075116,1.5075618540114888e-4,0.03196647344694689,0.08144753242163719,0.049481058974690295
W02000065,2023,0.05534916004333427,1.3860053426729312e-4,0.03237597920828071,0.0786034241228781,0.04622744491459739
W02000066,2023,0.0562269512135572,1.569587923267295e-4,0.030364031552502693,0.07998781743141598,0.04962378587891328
W02000067,2023,0.050919320497975734,1.3011693815715458e-4,0.0280165420376273,0.07215034897071979,0.04413380693309249
W02000068,2023,0.052340955635705615,1.299723112114205e-4,0.029858813456419782,0.07452733967437297,0.04466852621795319
W02000069,2023,0.04862368259629889,1.3441361656701722e-4,0.023467414777672134,0.07150204996858524,0.048034635190913104
W02000070,2023,0.04970455467122676,1.299939103199671e-4,0.028556548260031567,0.07256328101792148,0.04400673275788991
W02000071,2023,0.04544165627300713,1.4326162247957832e-4,0.01991133985793221,0.06769382974301513,0.04778248988508292
W02000072,2023,0.05811608579155975,1.4010475962439596e-4,0.03503034743843853,0.08014900431678293,0.0451186568783444
W02000073,2023,0.04921706623079967,1.3468073718547055e-4,0.025969416402960056,0.0729995916626541,0.047030175259694044
W02000074,2023,0.05225509532490041,1.380796488785725e-4,0.030544636949455944,0.07529640040657444,0.044751763457118496
W02000075,2023,0.05214020529487033,1.2215722141244533e-4,0.0295296525214225,0.07438236688372261,0.044852714362300115
W02000076,2023,0.047041619819513866,1.467764343129964e-4,0.02056349486019734,0.0716942122657796,0.05113071740558226
W02000077,2023,0.049283824199206704,1.3716690152448e-4,0.026818394504288356,0.07318602039495781,0.04636762589066945
W02000080,2023,0.05495405049624338,1.4786219180721571e-4,0.027940393218146134,0.0811136336414735,0.05317324042332737
W02000081,2023,0.05499485279401044,1.4035894173118255e-4,0.030770920515746963,0.07750295321101386,0.04673203269526689
W02000082,2023,0.05785590201616747,1.4706429834373123e-4,0.03156834371599268,0.08333053937318172,0.051762195657189036
W02000083,2023,0.05545643215397522,1.5037742177986238e-4,0.03093669266332883,0.07953420375496498,0.048597511091636146
W02000085,2023,0.048733633153227186,1.4754074372569668e-4,0.022833385412174736,0.07351232627488108,0.05067894086270634
W02000087,2023,0.062364065033579275,1.44911575244926e-4,0.039747650789919126,0.08753048298119151,0.047782832191272384
W02000088,2023,0.05949258660876758,1.4503379928194294e-4,0.03673085327403665,0.08435858064318871,0.047627727369152065
W02000089,2023,0.0611161079654603,1.8258169604928886e-4,0.03214071009506301,0.08715379354822145,0.05501308345315844
W02000090,2023,0.05180129061815231,1.2823874633802638e-4,0.03028193913317195,0.07488397595599784,0.04460203682282589
W02000091,2023,0.05116892287010646,1.35711742530452e-4,0.028231654378779364,0.07632725501235957,0.048095600633580204
W02000092,2023,0.055033979950359226,1.4343533312175988e-4,0.030800582677474587,0.07913115664877536,0.04833057397130078
W02000093,2023,0.05236805214545569,1.2501341085279392e-4,0.03177041920715945,0.07551566921293279,0.04374525000577334
W02000094,2023,0.05419738847712988,1.3187697428329175e-4,0.03173492491638895,0.07702104923740226,0.04528612432101331
W02000095,2023,0.04520211136915656,1.407957208726489e-4,0.02190899412092889,0.069493850632256,0.0475848565113271
W02000096,2023,0.04806788611965226,1.287743027429595e-4,0.02550069278140774,0.0703223577810015,0.044821664999593766
W02000097,2023,0.04473909880710057,1.2184044093646045e-4,0.025150791650214877,0.06867631347933355,0.043525521829118674
W02000098,2023,0.04688161573882064,1.198715624742968e-4,0.026599139661774712,0.0699863496066711,0.04338720994489639
W02000099,2023,0.05104874401447292,1.222727553397256e-4,0.028316825137283792,0.07451524179750157,0.04619841666021778
W02000100,2023,0.0461539615021063,1.0489846837532458e-4,0.02791617306757934,0.06728866699938602,0.039372493931806675
W02000101,2023,0.04606061961103044,1.390989941508433e-4,0.024519524569357666,0.07079838998851207,0.0462788654191544
W02000102,2023,0.04723862215497461,1.269559627950072e-4,0.025060135560147488,0.06991052517320716,0.04485038961305967
W02000103,2023,0.046217839348622156,1.1633546233195763e-4,0.025465313819358536,0.06883709352865583,0.043371779709297294
W02000104,2023,0.051064372441660226,1.1869141307144351e-4,0.030103221888425416,0.0739478854119496,0.04384466352352419
W02000105,2023,0.06211438937087149,1.2424432126013462e-4,0.04296030255110192,0.08455268186506547,0.04159237931396355
W02000106,2023,0.04521270671780076,1.2520508557596518e-4,0.024148498528657643,0.06821844424506696,0.04406994571640931
W02000107,2023,0.04356591526798754,1.2271314707428354e-4,0.022729535414126492,0.06748382336794899,0.0447542879538225
W02000108,2023,0.043548045056145075,1.2450615201369162e-4,0.02350745969618792,0.06654208686218333,0.043034627165995404
W02000109,2023,0.047535866994530586,1.2426650096257312e-4,0.029132898092783494,0.07163417915808354,0.042501281065300045
W02000110,2023,0.04636866368108836,1.1609778444664653e-4,0.02755362423073524,0.06922038310020265,0.04166675886946741
W02000111,2023,0.04576449254141015,1.2555999065492576e-4,0.025747317167478502,0.06838126749731377,0.04263395032983527
W02000113,2023,0.05358072435481384,1.3686834417321383e-4,0.032438913001991074,0.0798210241842163,0.047382111182225226
W02000114,2023,0.04370081036836677,1.3123156564445843e-4,0.023340756850957683,0.06746585810677053,0.04412510125581284
W02000116,2023,0.04813590787188534,1.334306985033069e-4,0.02609269237108467,0.0729645108453644,0.04687181847427973
W02000117,2023,0.08264234919888246,3.295079924220237e-4,0.04331663341445895,0.11464429117834254,0.0713276577638836
W02000118,2023,0.06037817712078109,1.47222651936947e-4,0.03601149081118479,0.08460637725844306,0.04859488644725826
W02000120,2023,0.04487430951926646,1.2260018702294113e-4,0.025140667433241025,0.06820445880760556,0.043063791374364536
W02000122,2023,0.04347283728273013,1.1028699643766249e-4,0.023620064078901597,0.06307876429556414,0.03945870021666254
W02000123,2023,0.04832212003584943,1.1141696174636903e-4,0.030373367228282544,0.06755655952903716,0.03718319230075462
W02000124,2023,0.04496881364910743,1.477705580580027e-4,0.020902775274705652,0.07172706865259589,0.05082429337789023
W02000125,2023,0.041181142391633445,1.1803550150564894e-4,0.020784015318895486,0.06324045953795439,0.042456444219058906
W02000126,2023,0.04766217322075126,1.1485957881133196e-4,0.028022897131164598,0.06857464463726812,0.04055174750610352
W02000127,2023,0.045795563078242986,1.3620377006154182e-4,0.023692923038876393,0.07023214338385461,0.04653922034497822
W02000128,2023,0.04785901877631435,1.2831176088969843e-4,0.02712576621217964,0.07159690679528471,0.04447114058310507
W02000129,2023,0.04761961628708582,1.167677708488564e-4,0.028307111226573305,0.06926938584095686,0.04096227461438356
W02000130,2023,0.06059717877425359,1.443292802905354e-4,0.038763669688990296,0.08434000764121433,0.04557633795222403
W02000131,2023,0.05277783182697646,1.3027201086253083e-4,0.031167158349544106,0.07684338576723232,0.04567622741768822
W02000132,2023,0.04759727258118594,1.2507511881883524e-4,0.02731812406142073,0.07253974943990948,0.045221625378488756
W02000133,2023,0.04690957087704248,1.2677573770458414e-4,0.026413900889706868,0.07107320267513746,0.044659301785430594
W02000134,2023,0.0494027770172091,1.3735924999359932e-4,0.02985053663506521,0.07444117177654808,0.04459063514148287
W02000135,2023,0.05321652395547968,1.1986519163913053e-4,0.03204289078429923,0.07341172982069605,0.04136883903639682
W02000136,2023,0.04207609259709092,1.5794904383675544e-4,0.017959372677911672,0.06758175803924886,0.04962238536133719
W02000137,2023,0.0556519517974627,1.1392123168351555e-4,0.0352377147490559,0.07591248375367216,0.04067476900461626
W02000138,2023,0.055460008781989055,1.8318515245997237e-4,0.026323534059220013,0.08210975521060992,0.05578622115138991
W02000139,2023,0.04397066489404994,1.5195912656763933e-4,0.022728879917570458,0.07157201867766091,0.04884313876009046
W02000140,2023,0.053475034289123015,1.6896690440475518e-4,0.0295573306348789,0.07665552802474654,0.04709819738986764
W02000141,2023,0.04336082214558563,1.6560774182252202e-4,0.016639012022903084,0.06648454854999827,0.04984553652709519
W02000142,2023,0.04908253756674054,1.2808877045572415e-4,0.02918506410782497,0.07239272144552661,0.04320765733770164
W02000143,2023,0.04541377794688288,1.1020676052843604e-4,0.025142574635679538,0.06609133085418023,0.04094875621850069
W02000144,2023,0.04547696802783569,1.2566342837624385e-4,0.025223058755900266,0.06800582716613185,0.042782768410231584
W02000145,2023,0.04540128302239376,1.2658957759596284e-4,0.022966110545265164,0.06677220906256642,0.04380609851730126
W02000146,2023,0.0466885463422638,1.1800208364514134e-4,0.026272633280273152,0.0679349161463612,0.04166228286608804
W02000147,2023,0.05703858236635173,1.1897494999710079e-4,0.03638615959085903,0.077311071478375,0.04092491188751597
W02000148,2023,0.05648347584128194,1.3952687644638273e-4,0.034236085645436495,0.07936926426496854,0.04513317861953205
W02000149,2023,0.04770547234966597,1.2145986247374529e-4,0.02748860601261749,0.07006603042676818,0.04257742441415069
W02000151,2023,0.05055220382516386,1.1850486692459983e-4,0.02818943777304324,0.07154258539341153,0.04335314762036829
W02000152,2023,0.04835675847250288,1.2481464732566955e-4,0.02794288729961416,0.07112242358451196,0.0431795362848978
W02000153,2023,0.047228025088701685,1.2846857615325145e-4,0.028781945417266218,0.07285982385401177,0.04407787843674555
W02000154,2023,0.049991076196625246,1.1701603232762226e-4,0.030853273293624757,0.06689692889075947,0.03604365559713472
W02000156,2023,0.05320026760749491,1.2192557259243009e-4,0.032974860254241456,0.07310197554728894,0.04012711529304748
W02000157,2023,0.051710958382811485,1.3098381843679857e-4,0.03164064944265274,0.0768938840828514,0.04525323464019866
W02000158,2023,0.05374844886799462,1.1492099808609795e-4,0.03120040124328763,0.07539762886934033,0.0441972276260527
W02000159,2023,0.05112936225269717,1.4282838280393675e-4,0.028592662901327105,0.07833186088206391,0.04973919798073681
W02000160,2023,0.04864546436377064,1.31784847973917e-4,0.029434117816612503,0.07262425953942164,0.04319014172280914
W02000161,2023,0.05403425800703462,1.2109289193201174e-4,0.03325736467578385,0.07737038862572287,0.044113023949939024
W02000162,2023,0.046848883925071305,1.4112207315433213e-4,0.023663547691228123,0.06880241073021706,0.04513886303898894
W02000163,2023,0.053026299031518,1.316245947343178e-4,0.031743989919644805,0.07693673470772336,0.045192744788078554
W02000164,2023,0.0521360341836351,1.235172698685201e-4,0.03292117210030793,0.07952861685184526,0.04660744475153733
W02000165,2023,0.056457653301721686,1.2613478699048447e-4,0.0367483706968674,0.08083012823539437,0.04408175753852697
W02000166,2023,0.05796612485536503,1.461647582441141e-4,0.0342358922872791,0.08205607146166391,0.04782017917438481
W02000167,2023,0.058148497395589846,1.4945962285396335e-4,0.03542931407705087,0.08230066429733886,0.04687135022028799
W02000168,2023,0.05431143503966917,1.2538070731477066e-4,0.03264826754961638,0.07636738149753199,0.043719113947915604
W02000169,2023,0.052791317769403504,1.1285397624014309e-4,0.03279161153033268,0.0732571459625055,0.04046553443217282
W02000170,2023,0.05159655202930915,1.2825815132880405e-4,0.029124294400035482,0.07440738776100064,0.04528309336096516
W02000171,2023,0.056258856347275434,1.2887499480009455e-4,0.03460207443933633,0.07914822068296694,0.04454614624363061
W02000172,2023,0.054739261828205175,1.4390519017374172e-4,0.03360029172212732,0.07713460441244588,0.04353431269031856
W02000173,2023,0.05956649427651244,1.4181761803129216e-4,0.03596196650072664,0.08273476006045126,0.04677279355972462
W02000174,2023,0.051490628489781975,1.375207093216215e-4,0.029291927449461606,0.07400816036765023,0.04471623291818863
W02000175,2023,0.055162160996034874,1.6062233932052282e-4,0.027188586575106248,0.07761109979415703,0.05042251321905079
W02000176,2023,0.050574121246569625,1.2939796568049882e-4,0.030477760265916476,0.07550744280715843,0.045029682541241955
W02000177,2023,0.057242855079826405,1.3146194847843046e-4,0.033747415889825674,0.08174506472813138,0.047997648838305706
W02000178,2023,0.0642167602193615,1.7696399048661737e-4,0.03841175067915697,0.08816920642683848,0.04975745574768151
W02000179,2023,0.04985725133641958,1.3808073792968064e-4,0.025678320542881168,0.0731583802965885,0.04748005975370733
W02000180,2023,0.05904221173138133,1.2969341523910567e-4,0.03595939764551486,0.08014805299597111,0.04418865535045625
W02000181,2023,0.05647929965391759,1.5291353756636235e-4,0.031933664020050545,0.0799133501927876,0.047979686172737054
W02000182,2023,0.05686235586625386,1.2596300398045191e-4,0.033316521062593196,0.07723180078911789,0.04391527972652469
W02000183,2023,0.06496050280547508,1.485472275059677e-4,0.04060375786822898,0.0869142846745849,0.04631052680635592
W02000184,2023,0.053057451354350235,1.293291736993314e-4,0.0302693213311619,0.07495456803655479,0.04468524670539289
W02000185,2023,0.0471013403100215,1.3832127428334436e-4,0.024587606392001367,0.07222547445441263,0.047637868062411264
W02000186,2023,0.06488683256107114,1.8544776656966746e-4,0.035293761278141864,0.09042498235269146,0.0551312210745496
W02000188,2023,0.06309463510949445,1.787660531610136e-4,0.03508383034050795,0.08883773695723389,0.05375390661672594
W02000189,2023,0.04904668604038314,1.3022736271596126e-4,0.025631737332588472,0.07233906285331934,0.04670732552073087
W02000191,2023,0.06809150823866583,2.0066150687498486e-4,0.0365186145752268,0.09341752124092942,0.05689890666570262
W02000192,2023,0.06964591456993922,2.1913341289104597e-4,0.03783356097295116,0.0965911711254813,0.058757610152530136
W02000193,2023,0.07935319067478495,2.7933281108095227e-4,0.04357319410356367,0.11121941596021229,0.06764622185664862
W02000194,2023,0.056132205173773535,1.579788377036837e-4,0.03187600029627904,0.08061246896337704,0.048736468667098
W02000195,2023,0.03984317799790661,1.8631487183491452e-4,0.012276231068508947,0.06746767970322119,0.055191448634712245
W02000196,2023,0.04529930673259835,1.7941051618796143e-4,0.01913422232968357,0.07273303845183093,0.05359881612214736
W02000197,2023,0.03978816102544345,1.8557031041521938e-4,0.014917905153369,0.06829864790014098,0.05338074274677198
W02000198,2023,0.04174506517649612,1.6799120501170521e-4,0.014997481524582797,0.06828357708691338,0.053286095562330577
W02000200,2023,0.05139816337972829,1.051979118808266e-4,0.033112742309160975,0.07229735020880092,0.03918460789963994
W02000201,2023,0.05087662133008675,1.1789799280025089e-4,0.030085907116490486,0.07189912277589158,0.0418132156594011
W02000202,2023,0.052803056428831936,1.1410495558748728e-4,0.03158004253243776,0.07470005605029631,0.043120013517858546
W02000204,2023,0.048204338442389597,1.2016066154545995e-4,0.02722092499287445,0.0715182614769039,0.044297336484029455
W02000205,2023,0.04822191472216834,1.3340103851168365e-4,0.02631691068077604,0.07352257613895612,0.04720566545818008
W02000206,2023,0.051724947252609954,1.3342125298282238e-4,0.028490185515916304,0.07521398764059,0.04672380212467369
W02000207,2023,0.04918547193558881,1.3244828881217344e-4,0.028092868620436955,0.07339832962921758,0.04530546100878062
W02000208,2023,0.06794834182525791,1.6897383961133637e-4,0.03991363235511352,0.09062855868683863,0.050714926331725106
W02000210,2023,0.05855937219181855,1.4110274734029058e-4,0.03649047042824509,0.08292343082262177,0.04643296039437668
W02000211,2023,0.05767309881494691,1.307212836930786e-4,0.0358594638125549,0.0798795619046744,0.04402009809211951
W02000212,2023,0.055037683854240196,1.1914685525290916e-4,0.03564066441171959,0.07549894426653497,0.03985827985481538
W02000213,2023,0.05226566941187422,0.00012543083543749509,0.033419446719857054,0.07905513872457726,0.0456356920047202
W02000214,2023,0.05471430479431816,1.4440047864086922e-4,0.031988578341024684,0.07879394220148406,0.04680536386045937
W02000215,2023,0.05685127627034237,1.4652146392099875e-4,0.03378944549049096,0.08363312448312608,0.04984367899263512
W02000216,2023,0.05517476239729748,1.2493383176349172e-4,0.03438403370516961,0.07623379703924324,0.04184976333407363
W02000217,2023,0.05576146104334556,1.3146264510155816e-4,0.03434383727515106,0.07657760130774782,0.042233764032596766
W02000218,2023,0.0575141395243248,1.470427309515601e-4,0.031802101085489906,0.0809074029680455,0.04910530188255559
W02000219,2023,0.05463005624912397,1.1397353473648442e-4,0.03526427781832102,0.07584902823402812,0.040584750415707097
W02000220,2023,0.057288721403991445,1.2047769086895232e-4,0.039264400271131095,0.07880916602545343,0.039544765754322336
W02000221,2023,0.05935783940471256,1.252081649093736e-4,0.03873660799355822,0.08246938650368701,0.04373277851012879
W02000222,2023,0.05119760680131407,1.2486803791110995e-4,0.028372624753640628,0.07260198513617289,0.04422936038253226
W02000223,2023,0.056272899820385004,1.2341564802829488e-4,0.03485683853685705,0.07894922174180208,0.044092383204945025
W02000224,2023,0.05950181407900481,1.3798379772608015e-4,0.03811629005632562,0.08286793606394052,0.0447516460076149
W02000225,2023,0.05601055930584226,1.2207825583722493e-4,0.03436045026073026,0.07978119314048054,0.04542074287975029
W02000226,2023,0.05438106702314691,1.2568628609739771e-4,0.03339450519388286,0.08003608311735963,0.04664157792347677
W02000227,2023,0.05801476819686785,1.1997589293602299e-4,0.03756040778881521,0.08166819775016945,0.04410778996135424
W02000228,2023,0.06723610090808965,1.5783677948161487e-4,0.042717689929928644,0.09235516063496502,0.04963747070503637
W02000229,2023,0.054248403388515706,1.4021712498577435e-4,0.03328631660752198,0.07834054295428414,0.045054226346762156
W02000230,2023,0.05053652742789323,1.28435866294723e-4,0.030862565083027673,0.07415020078466922,0.04328763570164154
W02000231,2023,0.055470375920485,1.2118934042766037e-4,0.03391791511226396,0.07695404649075462,0.043036131378490654
W02000232,2023,0.05651837698819549,1.1847609830629187e-4,0.03560512179575555,0.07799822642645264,0.04239310463069709
W02000233,2023,0.05870801118381297,1.5512845252367588e-4,0.0341726712739298,0.0872090128505851,0.05303634157665531
W02000234,2023,0.05772354264002587,1.4013377926255942e-4,0.035303618900377046,0.08202274565741677,0.04671912675703972
W02000235,2023,0.04050130001328469,1.7293265203281993e-4,0.013531304867648433,0.06888020583964512,0.055348900971996684
W02000236,2023,0.04624669313947514,1.5542594672037253e-4,0.021121465247664672,0.07267151301904412,0.05155004777137945
W02000237,2023,0.04951691342120029,1.2099982520818812e-4,0.027491599818343197,0.07124887195159046,0.04375727213324727
W02000238,2023,0.04297524036456246,1.4595095865421867e-4,0.01857427532243402,0.06513343827713176,0.04655916295469774
W02000239,2023,0.05156257728382045,1.259706564417904e-4,0.030472297720443083,0.07461275073188703,0.044140453011443946
W02000240,2023,0.05497588607703861,1.3624333372800763e-4,0.03339857953441497,0.07820767565599374,0.04480909612157877
W02000241,2023,0.051288870344809195,1.598967350561017e-4,0.027814669361461868,0.07630719752492687,0.048492528163465005
W02000242,2023,0.04918798146330786,1.3537344187270422e-4,0.027487103261460238,0.07334202154547556,0.04585491828401532
W02000243,2023,0.06133815126741976,1.311524333877908e-4,0.03896861096219831,0.0834351689226904,0.04446655796049209
W02000244,2023,0.050370060828342535,1.4594433451793973e-4,0.02657098639196731,0.07419398248027964,0.04762299608831233
W02000245,2023,0.06148649705765269,1.3384160129561296e-4,0.04015530581675045,0.08417406485305903,0.044018759036308586
W02000246,2023,0.04625213088572688,1.3842582226309644e-4,0.023969569731897435,0.06946499774688324,0.0454954280149858
W02000247,2023,0.051839932635744025,1.3544962777806756e-4,0.030704644670200114,0.07562500721146936,0.04492036254126925
W02000248,2023,0.06444583475241043,1.345073537117712e-4,0.042069794441712605,0.08814863657451907,0.04607884213280647
W02000249,2023,0.057503747480479726,1.2367775018398472e-4,0.03631737160004779,0.07981515836845357,0.04349778676840578
W02000250,2023,0.05774620025116902,1.2777633490503154e-4,0.03688484561016848,0.08048691409505526,0.043602068484886784
W02000251,2023,0.060286049308921015,1.2785965080019406e-4,0.03960475043183102,0.08292067197095869,0.043315921539127666
W02000252,2023,0.05420049072039726,1.2123665857196549e-4,0.03234290160214208,0.07888086405897653,0.04653796245683445
W02000253,2023,0.055881901917981446,1.2756061902682747e-4,0.03549395004420247,0.07852936107052706,0.04303541102632459
W02000254,2023,0.05577466452322302,1.2151987192998294e-4,0.0348787059876494,0.07947346976639846,0.04459476377874906
W02000255,2023,0.054527100705961305,1.1340791677585447e-4,0.036845727724577594,0.07772431599551008,0.040878588270932485
W02000256,2023,0.05813322442952193,1.406770818582741e-4,0.033532462215384445,0.08224022608008028,0.04870776386469583
W02000257,2023,0.055599557158998024,1.1283005519758915e-4,0.036545401126877604,0.07788736853043268,0.04134196740355508
W02000258,2023,0.05468637904883211,1.1662268550092494e-4,0.03309667381342683,0.07697047632862188,0.04387380251519504
W02000259,2023,0.05826868085361857,1.2681899546426997e-4,0.03653580384168319,0.08024894421569659,0.0437131403740134
W02000260,2023,0.05406003413239835,1.2194366871840856e-4,0.03415664709670725,0.07580783485685352,0.04165118776014627
W02000261,2023,0.054168624238611816,1.26468095578903e-4,0.03414361012094818,0.07543309199571951,0.041289481874771335
W02000262,2023,0.055446011069891485,1.3821899704793733e-4,0.03122506499523914,0.07911636494223809,0.04789129994699895
W02000263,2023,0.05988201332187522,1.3414919347887817e-4,0.03721552322789333,0.08288776554751666,0.04567224231962333
W02000264,2023,0.060031591606029396,1.1677627342612917e-4,0.04030819017772734,0.081715034615635,0.04140684443790765
W02000265,2023,0.05827013931607572,1.2512907026532302e-4,0.038789222749929624,0.08201755742509219,0.043228334675162565
W02000266,2023,0.059025531216575826,1.1989922185678866e-4,0.03981752729614431,0.08144077288665709,0.04162324559051278
W02000267,2023,0.058603758844872775,1.2971393126569167e-4,0.03762098966973801,0.08255323909984291,0.044932249430104904
W02000268,2023,0.05567197418897129,1.1679762504087069e-4,0.035909331527439574,0.07848953505248704,0.04258020352504747
W02000269,2023,0.05704375494343554,1.3354147827350973e-4,0.03679398463932451,0.08017992234687661,0.0433859377075521
W02000270,2023,0.056907665904948286,1.1823787695737208e-4,0.03458374793842229,0.07838959849922907,0.043805850560806776
W02000271,2023,0.05692412283488162,1.1668532588111529e-4,0.03607722777389508,0.07800780951945457,0.04193058174555949
W02000272,2023,0.05743049136129424,1.0935784930434781e-4,0.03801297387516571,0.07893454547948425,0.040921571604318543
W02000273,2023,0.07526051230637215,1.929525869061455e-4,0.04272862404703556,0.1004186039477495,0.057689979900713936
W02000274,2023,0.058766419216981024,1.3239602132310163e-4,0.037449228441852625,0.08311143734048487,0.04566220889863225
W02000275,2023,0.05658865630675577,1.1897989685977323e-4,0.03563770592230464,0.07723318388299766,0.04159547796069302
W02000276,2023,0.05394193448828942,1.318782837768476e-4,0.033982903388608834,0.08114403573401474,0.04716113234540591
W02000277,2023,0.05476869341496197,1.1272195595540386e-4,0.03589047023137734,0.07679630500308077,0.040905834771703425
W02000278,2023,0.0582548826882913,1.1936766609614354e-4,0.037168402843502674,0.08079025985112502,0.04362185700762235
W02000279,2023,0.05998851065924119,1.3185053972495527e-4,0.03987591643028501,0.08408113332150251,0.044205216891217494
W02000280,2023,0.06172186088209319,1.3205857354696145e-4,0.04145387207066892,0.08538664072181107,0.04393276865114215
W02000281,2023,0.05254568638980701,1.1117685693373124e-4,0.03355273514015676,0.07549615579571131,0.04194342065555455
W02000282,2023,0.05656903762723408,1.2165832849558675e-4,0.036530155166797036,0.07725845221299532,0.040728297046198285
W02000284,2023,0.05865470479910132,1.1573673644037379e-4,0.04015087553693094,0.08185363412225147,0.04170275858532053
W02000285,2023,0.053045443931184974,1.1364939579319059e-4,0.03352534603974834,0.07507604171908278,0.041550695679334435
W02000286,2023,0.0581453501264251,1.3068723201942103e-4,0.03801442135255343,0.08152655110110821,0.04351212974855478
W02000287,2023,0.057579930881329476,1.137033840217859e-4,0.03920684681023486,0.07802836196109,0.03882151515085514
W02000288,2023,0.05645657746869504,1.0029997601323575e-4,0.03814948151783068,0.07576214673024799,0.03761266521241731
W02000289,2023,0.057881997101655536,1.1424044933157507e-4,0.037759650661139,0.08192588388611378,0.04416623322497478
W02000290,2023,0.05621337209848238,1.2113317779905539e-4,0.03673415303370115,0.07955677730119146,0.042822624267490304
W02000291,2023,0.056359191746535135,1.1839848986074782e-4,0.03306004440974132,0.07602774178589752,0.0429676973761562
W02000292,2023,0.05752852822315472,1.1959388072071326e-4,0.03499007368964617,0.07693231324470112,0.04194223955505495
W02000293,2023,0.05662549567192788,1.2115910129184641e-4,0.03646120245182774,0.07976881237150138,0.04330760991967364
W02000294,2023,0.0521008453707308,1.1234545492723123e-4,0.03174942504545196,0.07488253727695969,0.04313311223150773
W02000295,2023,0.05587820155735055,1.2840034366809908e-4,0.03466118966657981,0.07868162121139964,0.044020431544819834
W02000296,2023,0.055663619291118314,1.0510411598626404e-4,0.03684148843308631,0.07630257478219782,0.03946108634911151
W02000297,2023,0.05568483705613663,1.1521982738911508e-4,0.034744997702296665,0.07680892054367046,0.042063922841373794
W02000298,2023,0.055680439372762354,1.1735446815267165e-4,0.0334995181831166,0.07611446609864397,0.042614947915527376
W02000299,2023,0.05365468763717729,1.237813281032588e-4,0.03278029445027333,0.07348311300230632,0.040702818552033
W02000300,2023,0.05412027933092451,1.0285811219183084e-4,0.03350080900227553,0.07358709992892701,0.040086290926651474
W02000301,2023,0.06013605625335132,1.129272171469092e-4,0.04153720190101453,0.0796214406841,0.03808423878308547
W02000302,2023,0.054730999041910304,1.0877760796918962e-4,0.03480399677221938,0.0768217364150911,0.04201773964287172
W02000303,2023,0.05846789458743982,1.2058028434085547e-4,0.03928808841015935,0.08293460663238562,0.043646518222226274
W02000304,2023,0.05701244464654286,1.1001282109719473e-4,0.03730109104097105,0.0750830061342863,0.03778191509331525
W02000305,2023,0.0560723682340346,1.342930671025677e-4,0.03176619505905816,0.07901952015597424,0.047253325096916085
W02000306,2023,0.052977363822359944,1.1444137833818444e-4,0.033629316694455395,0.07425609706734229,0.040626780372886896
W02000307,2023,0.061471786251073635,1.2192074111153642e-4,0.03869633839246125,0.08159980797405661,0.04290346958159536
W02000308,2023,0.05853268430476798,1.183071638545061e-4,0.03596017916147666,0.08233347993727937,0.046373300775802706
W02000309,2023,0.054191860693291224,1.2356864957147466e-4,0.03337818829905888,0.07758937426705786,0.04421118596799899
W02000310,2023,0.055703211945379694,0.00010721029930202451,0.03692963072095855,0.07396088893202274,0.03703125821106419
W02000311,2023,0.0574054823404741,1.2990745880304562e-4,0.03667039445664118,0.08254473606259471,0.045874341605953536
W02000312,2023,0.05444690731381263,1.2195596086627934e-4,0.034193640326737405,0.07698209686670203,0.042788456539964624
W02000313,2023,0.05632985633381636,1.1431726979680958e-4,0.037432581268895176,0.08032098781600001,0.04288840654710484
W02000314,2023,0.05250220545034024,1.0554439844275496e-4,0.03144965443830591,0.07301735802572781,0.0415677035874219
W02000315,2023,0.053927356930923404,1.0852826617779182e-4,0.03382862832458797,0.07601155045807623,0.04218292213348826
W02000316,2023,0.05495843695156844,1.2544330649776793e-4,0.036385748455242374,0.07928719105013851,0.04290144259489614
W02000317,2023,0.056136756123598544,1.1894829972068836e-4,0.03584825813370153,0.07874088332766642,0.04289262519396489
W02000318,2023,0.0562053765938286,1.209481215762736e-4,0.03725654749094531,0.08176125955385374,0.04450471206290843
W02000319,2023,0.0561391452772535,1.0303557283128958e-4,0.037617755977432485,0.07794730909481004,0.040329553117377556
W02000320,2023,0.058271437085794936,1.2618974651113838e-4,0.03672354206314281,0.08136332570802879,0.04463978364488598
W02000321,2023,0.05590912405320125,1.1524997960320851e-4,0.036921129759216326,0.0788717051084506,0.04195057534923427
W02000322,2023,0.05651459407130949,1.1681964268477731e-4,0.03712970814298702,0.07981633637718141,0.04268662823419439
W02000323,2023,0.05610129375668293,1.1145321272186212e-4,0.03661139152720705,0.07804125411119825,0.0414298625839912
W02000324,2023,0.05612042382200012,1.2490750519875458e-4,0.03373035129357536,0.07693207144721942,0.04320172015364406
W02000325,2023,0.05886639824230118,1.4471418559161488e-4,0.03448775866902079,0.08062190611226747,0.046134147443246676
W02000326,2023,0.05383428637499921,1.237357633898932e-4,0.030975162800012,0.07778883645055297,0.04681367365054097
W02000327,2023,0.04631885292608971,1.2862713746520968e-4,0.025201673694504892,0.06911316998813441,0.04391149629362952
W02000328,2023,0.0544508438455688,1.1913943448848156e-4,0.03350689210637477,0.07754528830527507,0.044038396198900306
W02000329,2023,0.05691340279939079,1.1760909905312783e-4,0.03725334354860865,0.07827942126358321,0.04102607771497456
W02000330,2023,0.045847499735034034,1.1309458219748091e-4,0.025507686304288738,0.06514270199050323,0.0396350156862145
W02000331,2023,0.06084104511613255,1.3325216451380735e-4,0.03731762670161376,0.08260816902012896,0.0452905423185152
W02000332,2023,0.05593970501529993,1.1847614435603567e-4,0.03426313252632516,0.07612952475408799,0.04186639222776283
W02000333,2023,0.056743886814267265,1.1071114780983134e-4,0.03639141246136558,0.07649938152227417,0.04010796906090859
W02000334,2023,0.0544730056500378,1.0578489356549277e-4,0.03623673594817438,0.07483333116322827,0.03859659521505389
W02000335,2023,0.05160093595770689,1.269017481239577e-4,0.028376188769290663,0.07396669530033756,0.0455905065310469
W02000336,2023,0.044986703129420005,1.3074475410749313e-4,0.022494844590139406,0.06940438801169435,0.04690954342155494
W02000337,2023,0.05334188985993088,1.5344089482249428e-4,0.03151539606434724,0.08069016649062705,0.04917477042627981
W02000338,2023,0.044443496233080665,1.2301566148830887e-4,0.021921069099390456,0.06573338895125082,0.04381231985186036
W02000339,2023,0.04742924468795862,1.3702703395375288e-4,0.02532308677491612,0.06792165984664116,0.042598573071725036
W02000340,2023,0.04396328029182576,1.3506624608647155e-4,0.02320675956236951,0.06882232126592652,0.04561556170355702
W02000341,2023,0.045778215316236895,1.2493487560824926e-4,0.024536545005944526,0.06809202804361411,0.04355548303766958
W02000342,2023,0.04511898084358962,1.2003139736410843e-4,0.023619386938236953,0.06739035483932221,0.043770967901085256
W02000343,2023,0.054005318574074715,1.3816718925637817e-4,0.031826446453661825,0.07650106231476156,0.044674615861099734
W02000344,2023,0.04801753343210905,1.342281713293498e-4,0.025197251604538364,0.07255249994770921,0.04735524834317084
W02000345,2023,0.050434397978043444,1.3238228267680322e-4,0.030632865209826048,0.07394728799603678,0.043314422786210734
W02000346,2023,0.052127327117308504,1.40223617353458e-4,0.027365979913237144,0.07443844306855561,0.04707246315531847
W02000347,2023,0.04955416257458581,1.243836115938642e-4,0.028102003841317516,0.07101865843620168,0.04291665459488417
W02000348,2023,0.05065100376358364,1.2477520256083975e-4,0.029077924733603478,0.07438796085429242,0.04531003612068894
W02000349,2023,0.06073817583849877,1.377541062832936e-4,0.03823053805235825,0.08430619574474411,0.04607565769238586
W02000350,2023,0.05577102603234179,1.1672721918462204e-4,0.0334405773962738,0.07637248705836747,0.04293190966209367
W02000351,2023,0.05550447261808886,1.8677699388146534e-4,0.031175316393281454,0.08137048508957528,0.050195168696293826
W02000352,2023,0.06014610253254767,1.7010587361363422e-4,0.035742313905440776,0.0833121897388078,0.047569875833367026
W02000353,2023,0.06074248529266727,1.643334255919489e-4,0.034013003095345905,0.08338109580766082,0.04936809271231491
W02000354,2023,0.04938373503467965,1.5584485126437538e-4,0.025097527919224517,0.07245886561284111,0.04736133769361659
W02000355,2023,0.05565896269089284,1.259142408366099e-4,0.03385164302878696,0.078231885610641,0.04438024258185404
W02000356,2023,0.05999128421511026,1.6340756700946294e-4,0.035036072754760464,0.0848785737293315,0.04984250097457103
W02000357,2023,0.06313384910434747,1.952393280051505e-4,0.03387580926907339,0.09119954566645641,0.05732373639738302
W02000358,2023,0.05304132198223767,1.098830747213431e-4,0.03425776641260411,0.07438100350034921,0.040123237087745095
W02000359,2023,0.06970337399311327,2.2463708443783796e-4,0.03771806869691029,0.0964677504258073,0.05874968172889701
W02000360,2023,0.06105336654930097,1.4466503275952807e-4,0.03790141145318551,0.08494715770201738,0.04704574624883187
W02000361,2023,0.060507582573161994,1.5841691524202137e-4,0.033590322517991475,0.0844664277093228,0.05087610519133133
W02000362,2023,0.05620029744226361,1.2906172351710973e-4,0.033199332120149416,0.07663567057505144,0.043436338454902024
W02000363,2023,0.05180357543585283,1.4077407157394664e-4,0.02734936392359027,0.07432242403556097,0.0469730601119707
W02000364,2023,0.07048676180509886,1.9678952572186302e-4,0.04091125749894947,0.0954617744418487,0.054550516942899224
W02000365,2023,0.06451320681871285,1.6207283837902384e-4,0.0393277359115468,0.08918499478512906,0.049857258873582264
W02000366,2023,0.056828457017821056,1.1580916520337484e-4,0.03463680985995668,0.07773004461489022,0.04309323475493354
W02000367,2023,0.04865256402324877,1.2331923981628878e-4,0.02784986139251928,0.07238608915194132,0.04453622775942204
W02000368,2023,0.058806400713875495,1.3332040551391813e-4,0.03796596140732013,0.0837138615151588,0.04574790010783868
W02000369,2023,0.06890830128199049,1.5464393362755216e-4,0.04434865796329163,0.09141474852523007,0.047066090561938445
W02000370,2023,0.04413214702952627,1.5215281461420098e-4,0.023250941752889887,0.07013332131892569,0.0468823795660358
W02000371,2023,0.054628930479341864,1.4677686727958012e-4,0.032275102631561074,0.08018573447357913,0.047910631842018055
W02000372,2023,0.05661073395210818,1.2884811455107743e-4,0.035146430210962344,0.08046337603413664,0.0453169458231743
W02000373,2023,0.062462876483320474,1.4401182844792182e-4,0.04035784298275036,0.08731378374882393,0.04695594076607357
W02000374,2023,0.05113854693626684,1.2541576777304317e-4,0.029844720731007714,0.07457941553508714,0.04473469480407942
W02000375,2023,0.0654841109055536,1.5125757535334935e-4,0.04314110395403997,0.0895346256504168,0.046393521696376824
W02000376,2023,0.05610333576543841,1.3051763430893163e-4,0.03618153301245807,0.0797558046914108,0.04357427167895273
W02000377,2023,0.06449820640738632,1.5352282881995644e-4,0.04184040411720962,0.09076995748832781,0.048929553371118185
W02000378,2023,0.0532005290461843,1.1850159188858885e-4,0.03472821187781269,0.07500539992185914,0.04027718804404645
W02000379,2023,0.0684942650209132,1.8095802887331959e-4,0.04318322367505382,0.09499862903785604,0.05181540536280222
W02000380,2023,0.05420136649637246,1.2617353141719452e-4,0.034657265771652436,0.07762461284661167,0.04296734707495923
W02000381,2023,0.06090125423628652,1.493329803756635e-4,0.04024567767653963,0.09013006088963724,0.049884383213097606
W02000382,2023,0.061739418371466154,1.548242155991635e-4,0.038314970769839876,0.08910030159574478,0.050785330825904904
W02000383,2023,0.0622773151726148,1.3388490867550007e-4,0.04051643518473444,0.0853435328061175,0.044827097621383066
W02000384,2023,0.0535051037252335,1.1194586958704899e-4,0.033907763470722455,0.07520023615857166,0.041292472687849205
W02000385,2023,0.05816904019360449,1.2597220222850138e-4,0.03772686707523561,0.08049315242283922,0.042766285347603614
W02000386,2023,0.04863780305082129,1.4697409050671198e-4,0.027787861471524185,0.07319183079568896,0.045403969324164774
W02000387,2023,0.05644623268722141,1.3566728166886343e-4,0.03507158821381586,0.07957915522393777,0.04450756701012191
W02000388,2023,0.05490999151495221,1.1923535945124029e-4,0.034821415181195456,0.07680995343056549,0.04198853824937003
W02000389,2023,0.0617199494979941,1.2736332370845665e-4,0.039358910673618304,0.08278307479468967,0.04342416412107137
W02000390,2023,0.05373251650107994,1.3251813125459417e-4,0.03193099276769458,0.08369498066463595,0.051763987896941366
W02000391,2023,0.09147267427530435,3.647453433688561e-4,0.051152272593148126,0.1231255291575919,0.07197325656444377
W02000392,2023,0.054394040794511406,1.4895656687080198e-4,0.035296952004707394,0.08187033432705065,0.04657338232234326
W02000393,2023,0.06287952291916737,1.400773632058469e-4,0.04285554034651594,0.08607756148623752,0.04322202113972158
W02000394,2023,0.09672422371803785,4.869712438728413e-4,0.04807757922697517,0.1368745922472142,0.08879701302023904
W02000395,2023,0.06292132936785862,1.489541760449248e-4,0.04101663551009877,0.0905177276144741,0.04950109210437533
W02000396,2023,0.08266769460727103,2.681312327233281e-4,0.04913274165935699,0.11263054985313545,0.06349780819377845
W02000397,2023,0.05733384204540531,1.4195033777840825e-4,0.03563231955481214,0.08242213088208987,0.046789811327277726
W02000398,2023,0.10204896158694338,5.510380537264694e-4,0.05339942178262781,0.14536951701434206,0.09197009523171425
W02000399,2023,0.08421178490439568,3.071721759624355e-4,0.04582618167824622,0.11756671029949406,0.07174052862124784
W02000400,2023,0.06576211197181941,1.5550442117628964e-4,0.04122408563895119,0.08919663246501329,0.0479725468260621
W02000401,2023,0.05983391752379088,1.317592360426347e-4,0.039418877371909904,0.08367611728523663,0.04425723991332673
W02000402,2023,0.08472051274549826,3.059669358912062e-4,0.046163917404322484,0.11866980619907164,0.07250588879474915
W02000403,2023,0.07020982441527966,1.9123220931339472e-4,0.042596333118571014,0.0983166667773171,0.05572033365874608
W02000404,2023,0.0691928884621946,1.8096994817887795e-4,0.04388502312567173,0.09601355370058416,0.05212853057491243
W02000405,2023,0.0684739168693415,1.608505904674143e-4,0.042816494795045575,0.09322455619228524,0.05040806139723967
W02000406,2023,0.06724524112343876,1.612332576356942e-4,0.042010882509761094,0.09218774659869096,0.050176864088929865
W02000407,2023,0.06150829669578322,1.6095904693006407e-4,0.03712225681696554,0.08828409218568434,0.051161835368718794
W02000408,2023,0.0733260461715523,1.7862406177038257e-4,0.04572924954269093,0.09796500166405504,0.05223575212136411
W02000409,2023,0.060951218649261625,1.32897176169225e-4,0.040151734586542594,0.08491831628874458,0.044766581702201984
W02000410,2023,0.07535330747958033,2.0013657762105196e-4,0.045118327738598946,0.10212082728318068,0.05700249954458174
W02000411,2023,0.06386628400559587,1.5654646100801155e-4,0.03962938367407745,0.09131845405149762,0.05168907037742017
W02000412,2023,0.06840636215229136,1.3809932985404236e-4,0.04390496717624251,0.09197640715709998,0.04807143998085747
W02000414,2023,0.04439085854415598,1.2204068499262702e-4,0.023930382728519044,0.06843498694485516,0.04450460421633611
W02000415,2023,0.060824297351511396,1.345388524468615e-4,0.03903158909357841,0.08393113191150278,0.044899542817924375
W02000416,2023,0.04475051149880884,1.1037312597405319e-4,0.024172585965299198,0.06674962773639585,0.042577041771096655
W02000417,2023,0.05358391123796934,1.1112536182713674e-4,0.03422046611682665,0.07442522047530939,0.04020475435848274
W02000418,2023,0.047196264364101945,1.350359118061308e-4,0.022925969482058182,0.06766743562511437,0.04474146614305619
W02000419,2023,0.04959715862372596,1.234887334338433e-4,0.026047737681351754,0.0708351930378792,0.04478745535652745
W02000421,2023,0.046385600280301885,1.1323515898303055e-4,0.026087974141261027,0.0668020055159681,0.04071403137470707
W02000422,2023,0.08137268881585875,2.5753870066740254e-4,0.04767468929140956,0.10875888221668363,0.06108419292527407
W02000423,2023,0.07823333814299105,2.4896830837155785e-4,0.047159807690233264,0.1083460094782836,0.061186201788050336
W02000424,2023,0.0443726365381565,1.564068872207973e-4,0.020896398386704422,0.07042653979639757,0.04953014140969315
W02000425,2023,0.05579303498451903,1.2611105898046275e-4,0.03522179367841194,0.07684555865624884,0.0416237649778369
W02000426,2023,0.047436415181187554,1.426705771815025e-4,0.024932673437327767,0.07200656285973397,0.04707388942240621
W02000427,2023,0.05395549833193419,1.2311250023197334e-4,0.033791820275770545,0.07558305983038283,0.04179123955461228
W02000428,2023,0.051411379848997595,1.3823126199516582e-4,0.02794407570942678,0.0768620657167449,0.04891799000731813
W02000001,2025,0.03258395901534874,5.4922255329257195e-5,0.017091458072203053,0.046335823280986926,0.029244365208783873
W02000002,2025,0.025872656764148,6.953676106865812e-5,0.008841836648865387,0.043188643214027864,0.03434680656516248
W02000003,2025,0.04227419862502197,1.2579701155582333e-4,0.022897749602373427,0.07197554704332254,0.04907779744094912
W02000004,2025,0.029799196537357374,6.803680631161735e-5,0.013183469323774642,0.04862597177241114,0.0354425024486365
W02000005,2025,0.025789566970175242,1.1087653922330238e-4,0.006401417191440544,0.04951778410747159,0.043116366916031046
W02000006,2025,0.0353386631030656,5.5109325472714634e-5,0.01827116249059925,0.04839363285403199,0.03012247036343274
W02000007,2025,0.037951510013345416,6.938314525663091e-5,0.023409330508813525,0.05779024090678902,0.034380910397975493
W02000008,2025,0.03102324116885507,9.998044229984423e-5,0.012157499242986095,0.05156682280469897,0.03940932356171288
W02000009,2025,0.031987343055522734,5.2702341750436975e-5,0.01640448883379495,0.04622356030667201,0.02981907147287706
W02000010,2025,0.06889512591865403,3.504224625960141e-4,0.025976691627657138,0.10072112802354224,0.0747444363958851
W02000011,2025,0.04323629757570142,8.405505961887889e-5,0.023294233660978884,0.06325918760263591,0.03996495394165703
W02000012,2025,0.037969995937513566,6.679907192759078e-5,0.01943668434743725,0.053558195266854416,0.03412151091941717
W02000013,2025,0.03593314393632526,7.634603715963488e-5,0.01765588172645055,0.054083729513094786,0.036427847786644235
W02000014,2025,0.037242093794636784,6.428226083106068e-5,0.02259518976164484,0.05239598637894684,0.029800796617302
W02000015,2025,0.03645867266092461,7.195096705074505e-5,0.019064227675864416,0.05215800146021107,0.03309377378434666
W02000016,2025,0.03330750180265706,7.74613451621064e-5,0.016252069927779278,0.05144995498745457,0.03519788505967529
W02000017,2025,0.033895290705312144,7.959331515293444e-5,0.014689113933566977,0.05091245468547166,0.036223340751904684
W02000018,2025,0.03013247517837109,5.039540139232307e-5,0.01470202312775605,0.041715833525925124,0.027013810398169073
W02000019,2025,0.02583862993715119,7.119016359161225e-5,0.00798984076267126,0.04116572339575664,0.03317588263308538
W02000020,2025,0.027050403583349914,9.20232715719649e-5,0.006434367292334143,0.045048512872919416,0.03861414558058528
W02000021,2025,0.032035055804536604,1.0953218984304254e-4,0.008441445797371796,0.055205129024326505,0.046763683226954705
W02000022,2025,0.02399790324134175,7.336090664473835e-5,0.005592200076819477,0.039044490397941535,0.033452290321122055
W02000023,2025,0.026993993021301756,1.5850012259480367e-4,7.172187913511867e-5,0.05224078810752465,0.052169066228389536
W02000024,2025,0.03215625669927456,6.282322061835924e-5,0.01748106225578567,0.05153249873422685,0.03405143647844118
W02000025,2025,0.029189000490223726,5.7684452620565274e-5,0.011887421563257837,0.046027782498827455,0.034140360935569616
W02000026,2025,0.022520603013766603,8.06568825724321e-5,0.005499519985573236,0.039359178919877794,0.03385965893430456
W02000027,2025,0.02829122290233487,1.2180515926172164e-4,0.0035546708933835622,0.05181778892931513,0.048263118035931564
W02000028,2025,0.028002903623534862,8.707482917287027e-5,0.007989921359633086,0.047265160578491255,0.03927523921885817
W02000029,2025,0.022612425003519097,9.229011835911979e-5,0.0034264281343295237,0.042959716902683145,0.039533288768353624
W02000030,2025,0.021170670658192704,1.0370493638464174e-4,0.002231198865637182,0.04164293535124797,0.039411736485610784
W02000031,2025,0.02991661605453132,7.34674984841226e-5,0.010839121083549074,0.04883127314587337,0.0379921520623243
W02000032,2025,0.025953350320433218,9.292396646627815e-5,0.005567111397210904,0.04709158509674714,0.04152447369953624
W02000033,2025,0.034969773998081176,7.125346485973988e-5,0.016258474887907513,0.05160712765588356,0.035348652767976045
W02000034,2025,0.03163714999996572,5.66260130209412e-5,0.016756114808675338,0.04818818451904447,0.03143206971036913
W02000035,2025,0.035819171468709256,6.456344276115382e-5,0.0196573482632076,0.05407239225382437,0.03441504399061677
W02000036,2025,0.024197973300222,5.41596311794235e-5,0.009228666990307124,0.039279394810035194,0.03005072781972807
W02000037,2025,0.03651974497292642,5.689314296345794e-5,0.022062554035818697,0.05171796146566246,0.029655407429843763
W02000038,2025,0.029650431378629268,5.452294891068489e-5,0.014802900934793879,0.04460126321245553,0.02979836227766165
W02000039,2025,0.031946521283430146,8.855114956793235e-5,0.01221119658732555,0.05028835550298148,0.03807715891565593
W02000040,2025,0.030851675152685713,6.181850332740545e-5,0.014990429016752611,0.048905113259580135,0.03391468424282752
W02000041,2025,0.031113018774552734,5.578611951681714e-5,0.014236827063353375,0.045483843416516505,0.03124701635316313
W02000042,2025,0.024098863261014618,4.9476533240741566e-5,0.008389998817120447,0.03631891624220295,0.027928917425082505
W02000043,2025,0.030586775111441422,5.6216547695325655e-5,0.014781641799135672,0.04601784773039794,0.031236205931262265
W02000044,2025,0.02701023172677223,6.639855646034536e-5,0.010679009255517442,0.04680954218634151,0.036130532930824064
W02000045,2025,0.03245043331910452,6.858415956164236e-5,0.014930764600636838,0.049313492480937374,0.034382727880300536
W02000047,2025,0.045129598220421833,1.0547945492287828e-4,0.024708951708033236,0.061630721051250253,0.03692176934321702
W02000049,2025,0.0339007298192524,6.152124676868593e-5,0.018267297057518436,0.051201975822421815,0.03293467876490338
W02000050,2025,0.033129876927003074,6.239332653229106e-5,0.017707753792514727,0.05088443182474377,0.03317667803222904
W02000051,2025,0.027704436244793147,5.3492675884879066e-5,0.011929309272560317,0.04197213985140308,0.03004283057884276
W02000052,2025,0.03742472577130095,7.312235782110186e-5,0.021057615211949703,0.053670708776495116,0.03261309356454541
W02000053,2025,0.03164654815037948,5.796293943668124e-5,0.017649620704501476,0.04818772950998572,0.030538108805484243
W02000054,2025,0.029739593424606078,6.279616466664851e-5,0.013307220137533937,0.048364095891419656,0.03505687575388572
W02000055,2025,0.03333621856114787,5.770879128005156e-5,0.017214612058952153,0.04901218919842739,0.03179757713947524
W02000056,2025,0.03261672160226314,4.733077225694896e-5,0.01904387060326086,0.04526211293697085,0.02621824233370999
W02000057,2025,0.027819093119841515,5.2493628075420605e-5,0.013765605847877505,0.04246903426482531,0.028703428416947806
W02000058,2025,0.030523865942373243,6.311287220020376e-5,0.014024570246758752,0.04732495484449549,0.03330038459773674
W02000059,2025,0.03492793484351679,5.9938243424685155e-5,0.018047142689113477,0.05093889777585857,0.03289175508674509
W02000060,2025,0.03809308332827962,7.120874097326827e-5,0.018982348169707716,0.05468231638256209,0.03569996821285437
W02000061,2025,0.042381882306002275,7.4826414240937e-5,0.024384310038001414,0.06021631020573476,0.035832000167733344
W02000062,2025,0.03447086800875907,6.547760757153778e-5,0.013317712018276997,0.04849539993520975,0.03517768791693275
W02000063,2025,0.028491134838048014,6.653181610882855e-5,0.010727591483537236,0.0480368215290731,0.037309230045535866
W02000064,2025,0.04234914818369954,8.424885949610748e-5,0.02403248151851417,0.06030295663480545,0.03627047511629128
W02000065,2025,0.03956569156628264,6.671423871395374e-5,0.02303373142867847,0.05727450843123379,0.03424077700255532
W02000066,2025,0.04044348273650557,9.261907547640041e-5,0.019130372987227126,0.06095390688305845,0.04182353389583132
W02000067,2025,0.035135852020924105,6.389464442081251e-5,0.019504679143820286,0.05092426655103405,0.03141958740721376
W02000068,2025,0.036557487158653985,6.133347445255239e-5,0.019196726629897458,0.052325811587337734,0.033129084957440276
W02000069,2025,0.03284021411924726,6.021931269280227e-5,0.016313158957180843,0.047216352497447274,0.03090319354026643
W02000070,2025,0.03392108619417513,6.415731655498596e-5,0.02135026616712435,0.0517549720730951,0.030404705905970754
W02000071,2025,0.029658187795955502,6.135774362123137e-5,0.011719391034063453,0.043801891281784106,0.03208250024772065
W02000072,2025,0.042332617314508124,6.665095044032038e-5,0.027439650459267984,0.06127761796382714,0.033837967504559155
W02000073,2025,0.033433597753748046,6.796321714199961e-5,0.014911009643950843,0.04802860372345918,0.03311759407950833
W02000074,2025,0.03647162684784878,6.154332917024776e-5,0.019901273081246694,0.05062006759837705,0.030718794517130353
W02000075,2025,0.0363567368178187,5.3215287154869115e-5,0.02029233090586842,0.05062970727089189,0.03033737636502347
W02000076,2025,0.03125815134246224,6.483813172589864e-5,0.012839490419466259,0.04617102884906414,0.03333153842959788
W02000077,2025,0.033500355722155074,5.8216959491434336e-5,0.018090544751660158,0.04878147985971174,0.030690935108051584
W02000080,2025,0.03917058201919175,7.874106137818741e-5,0.021381185617238282,0.057142703876229356,0.03576151825899107
W02000081,2025,0.03921138431695881,6.801761945986061e-5,0.021880877249239115,0.05580785864886319,0.03392698139962407
W02000082,2025,0.04207243353911585,7.05882731536897e-5,0.026022126702739026,0.05660576735068891,0.030583640647949883
W02000083,2025,0.03967296367692359,7.478246678578798e-5,0.022254399613176747,0.05890430928579335,0.0366499096726166
W02000085,2025,0.03295016467617556,7.42845623048984e-5,0.01583150969759213,0.051834428564751026,0.036002918867158895
W02000087,2025,0.046580596556527645,9.019278273329647e-5,0.027910976979712676,0.06891523266775235,0.04100425568803967
W02000088,2025,0.043709118131715956,7.082713583929197e-5,0.028682691367004135,0.06118732276392916,0.03250463139692503
W02000089,2025,0.04533263948840867,1.1366854460616036e-4,0.0221604704952319,0.06960809376208948,0.047447623266857586
W02000090,2025,0.03601782214110068,5.139409926723127e-5,0.020982416767732822,0.049361034595732795,0.028378617827999972
W02000091,2025,0.03538545439305483,5.597844185207299e-5,0.019496052754630903,0.050877159136704736,0.03138110638207384
W02000092,2025,0.039250511473307596,7.054318238196236e-5,0.022419996623985305,0.05677820717528223,0.034358210551296925
W02000093,2025,0.03658458366840406,4.947910724371818e-5,0.022341946543596586,0.04902591197999927,0.026683965436402682
W02000094,2025,0.038413920000078254,5.051030302119648e-5,0.02226727719174064,0.05229095540225828,0.030023678210517643
W02000095,2025,0.029418642892104937,7.230172455132575e-5,0.012401159948403007,0.04815040049028892,0.03574924054188591
W02000096,2025,0.03228441764260063,5.3541766155703104e-5,0.01925808827146299,0.04747918513724134,0.028221096865778353
W02000097,2025,0.028955630330048943,5.0502076623532814e-5,0.01528339229206366,0.0444319663725434,0.029148574080479744
W02000098,2025,0.03109814726176901,5.851037278578994e-5,0.018020582694597467,0.048119334242755135,0.03009875154815767
W02000099,2025,0.035265275537421294,6.75086539243497e-5,0.01966041025606339,0.05412039587502934,0.03445998561896595
W02000100,2025,0.030370493025054675,4.126951799121737e-5,0.017890810448663953,0.044544238409169434,0.02665342796050548
W02000101,2025,0.03027715113397881,7.092206129507117e-5,0.014900620777598926,0.0507265801757328,0.03582595939813387
W02000102,2025,0.03145515367792298,5.3811654746655985e-5,0.018139200146387598,0.04611019709822067,0.027970996951833076
W02000103,2025,0.03043437087157053,5.2161048237582634e-5,0.017105349551823787,0.04735462659099717,0.030249277039173385
W02000104,2025,0.0352809039646086,6.150931089579875e-5,0.02231887038166673,0.05197418677500081,0.02965531639333408
W02000105,2025,0.04633092089381987,7.940970102878609e-5,0.029460759628450125,0.06519916393895787,0.035738404310507746
W02000106,2025,0.02942923824074913,5.8407130651359115e-5,0.016082724969694855,0.044553356476404994,0.02847063150671014
W02000107,2025,0.027782446790935913,5.994566076395758e-5,0.014183888106413656,0.0433505841373357,0.02916669603092205
W02000108,2025,0.02776457657909345,6.09955694401267e-5,0.014397560021556146,0.04605502593511665,0.0316574659135605
W02000109,2025,0.03175239851747896,7.115102530262882e-5,0.017881305786222587,0.05367495245009547,0.035793646663872886
W02000110,2025,0.030585195204036728,4.886189396099072e-5,0.017172801764950646,0.04583637572747862,0.028663573962527972
W02000111,2025,0.029981024064358524,5.664202158880815e-5,0.016403101089548205,0.046060418540028486,0.02965731745048028
W02000113,2025,0.03779725587776221,8.064762200034975e-5,0.02394571327754961,0.05949818903409606,0.03555247575654645
W02000114,2025,0.027917341891315135,6.335497179342454e-5,0.013416520609635675,0.044772610400968,0.03135608979133232
W02000116,2025,0.03235243939483371,6.477090973427029e-5,0.018190461388535296,0.05062888633453167,0.03243842494599637
W02000117,2025,0.06685888072183083,2.553833813466856e-4,0.03155635010291287,0.09461222775304162,0.06305587765012875
W02000118,2025,0.04459470864372947,6.849452595851995e-5,0.02663110439381327,0.05855912200042583,0.03192801760661256
W02000120,2025,0.029090841042214828,5.68754139576993e-5,0.016094680943199945,0.04579397418970266,0.029699293246502712
W02000122,2025,0.027689368805678505,4.685508745932567e-5,0.015461549310744643,0.043672468556965806,0.028210919246221162
W02000123,2025,0.0325386515587978,4.8683633607499734e-5,0.02075225238249439,0.047445090744956675,0.026692838362462286
W02000124,2025,0.029185345172055805,7.552532419995466e-5,0.009749675458469137,0.049009939691366966,0.03926026423289783
W02000125,2025,0.025397673914581816,4.036358522982292e-5,0.011289503499437,0.03742678700332801,0.02613728350389101
W02000126,2025,0.03187870474369964,5.095542386355911e-5,0.019359347436765942,0.04825248063760726,0.028893133200841317
W02000127,2025,0.030012094601191357,6.736597957287585e-5,0.015487227035216461,0.04999130064711116,0.0345040736118947
W02000128,2025,0.03207555029926272,7.916548563916299e-5,0.01622863870812078,0.05149911071604593,0.03527047200792515
W02000129,2025,0.03183614781003419,5.7319447461969134e-5,0.018656615557782055,0.04936327855340172,0.030706662995619662
W02000130,2025,0.044813710297201964,8.277753159862478e-5,0.028085051361376213,0.06287417045085877,0.03478911908948256
W02000131,2025,0.03699436334992483,7.31685609106576e-5,0.020994075883035493,0.0562721676679738,0.035278091784938306
W02000132,2025,0.03181380410413431,6.791052690069252e-5,0.018200801011569158,0.05040941826780233,0.032208617256233175
W02000133,2025,0.03112610239999085,7.96217464487312e-5,0.014707414698141151,0.05241505558556068,0.03770764088741953
W02000134,2025,0.03361930854015747,7.163278884700899e-5,0.019019039202745468,0.053040768752562584,0.034021729549817116
W02000135,2025,0.037433055478428054,6.411675306407558e-5,0.023365256159674806,0.05417006594976688,0.030804809790092074
W02000136,2025,0.026292624120039288,7.6641072913453e-5,0.007833112686801973,0.04544796184170545,0.03761484915490348
W02000137,2025,0.03986848332041107,6.613256767000136e-5,0.023608684814692183,0.05679574380027253,0.033187058985580345
W02000138,2025,0.039676540304937426,1.0277516467007932e-4,0.017777865040522207,0.059054684348984844,0.04127681930846264
W02000139,2025,0.02818719641699831,7.711303288186083e-5,0.013430570533935024,0.04882800842178968,0.035397437887854655
W02000140,2025,0.03769156581207139,8.867782085983578e-5,0.02066862855114608,0.05776459997627327,0.03709597142512719
W02000141,2025,0.027577353668533998,9.3623221013965e-5,0.0091217431725652,0.05105024327999412,0.04192850010742892
W02000142,2025,0.03329906908968891,6.195410992504947e-5,0.02093267645952073,0.05185195056843518,0.03091927410891445
W02000143,2025,0.029630309469831254,4.638282709995351e-5,0.017196599512891604,0.044784239835686815,0.02758764032279521
W02000144,2025,0.029693499550784062,6.230883100534849e-5,0.014783329069931468,0.04682972725273124,0.03204639818279977
W02000145,2025,0.029617814545342132,5.948658077757142e-5,0.013818368917298443,0.04551474883228336,0.03169637991498492
W02000146,2025,0.03090507786521217,6.233494070818647e-5,0.018542606078142704,0.05047117270373253,0.03192856662558983
W02000147,2025,0.04125511388930011,5.8712534792176746e-5,0.02569209142837141,0.057488132062018305,0.031796040633646896
W02000148,2025,0.040700007364230316,8.031071733627885e-5,0.024583944922478045,0.060465351084014074,0.035881406161536025
W02000149,2025,0.031922003872614346,5.6878738836145334e-05,0.01817360969147639,0.0487317610296569,0.03055815133818051
W02000151,2025,0.03476873534811223,4.609185501708416e-5,0.02033109171053208,0.0494015967960178,0.02907050508548572
W02000152,2025,0.03257328999545125,6.695157064701216e-5,0.01912145193342737,0.05013110439363795,0.03100965246021058
W02000153,2025,0.031444556611650055,6.275532043543016e-5,0.018119282554839477,0.04984032675766012,0.03172104420282064
W02000154,2025,0.03420760771957362,5.241354680296641e-5,0.019987845452767494,0.04961506847049616,0.029627223017728667
W02000156,2025,0.03741679913044328,5.587325244888978e-5,0.0237948995060257,0.05417712524172386,0.030382225735698164
W02000157,2025,0.035927489905759856,6.288505176094212e-5,0.02284141076106007,0.05434506840601727,0.0315036576449572
W02000158,2025,0.03796498039094299,5.0021477711350865e-5,0.02449742149983029,0.053086946333822244,0.028589524833991953
W02000159,2025,0.035345893775645544,6.996337818410581e-5,0.02100930704714546,0.05397125853337589,0.032961951486230434
W02000160,2025,0.032861995886719016,6.202487216632413e-5,0.01974138228266043,0.05145234710046019,0.03171096481779976
W02000161,2025,0.03825078952998299,6.69373381219968e-5,0.022450469548932775,0.0570821457385997,0.03463167618966693
W02000162,2025,0.031065415448019676,8.343445959757204e-5,0.014340667018821033,0.05234955865624562,0.03800889163742459
W02000163,2025,0.03724283055446637,6.38466438619675e-5,0.022714016913779236,0.05312049240130966,0.03040647548753042
W02000164,2025,0.03635256570658347,5.953194676658005e-5,0.021406927748650013,0.053630531207919524,0.032223603459269515
W02000165,2025,0.04067418482467006,7.424814563550954e-5,0.024737236202773516,0.06042677935805881,0.035689543155285296
W02000166,2025,0.0421826563783134,8.137444168173124e-5,0.023716003421017276,0.06004703446249619,0.03633103104147892
W02000167,2025,0.04236502891853822,9.289353436713024e-5,0.018440503510618482,0.06279294793251788,0.0443524444218994
W02000168,2025,0.03852796656261754,4.89924136161842e-5,0.025554376686282,0.051735358010770074,0.026180981324488074
W02000169,2025,0.037007849292351874,4.7419572202015304e-5,0.024158890937003588,0.05189881572050489,0.027739924783501305
W02000170,2025,0.03581308355225753,5.7416307426031986e-5,0.017567003781825994,0.04963978958894934,0.03207278580712335
W02000171,2025,0.040475387870223804,5.270723496073065e-5,0.025683067117318614,0.05619150353595029,0.030508436418631674
W02000172,2025,0.038955793351153546,6.712518091728845e-5,0.02265778694449594,0.05403989201220463,0.03138210506770869
W02000173,2025,0.04378302579946081,7.205749590773411e-5,0.0251579778782725,0.05988944372676476,0.03473146584849226
W02000174,2025,0.035707160012730346,6.0011986737271046e-5,0.020930471129986934,0.051472423770837994,0.03054195264085106
W02000175,2025,0.039378692518983245,9.073542183254783e-5,0.01966779226350258,0.05711565011522213,0.03744785785171954
W02000176,2025,0.034790652769517996,6.329649115856415e-5,0.019562293962621255,0.054733114159123894,0.03517082019650264
W02000177,2025,0.041459386602774775,6.134418606889697e-5,0.027268986008387557,0.057663922958069255,0.0303949369496817
W02000178,2025,0.04843329174230988,9.878543658576976e-5,0.027796971125995176,0.06610786875049474,0.03831089762449956
W02000179,2025,0.034073782859367956,6.554757518087942e-5,0.016235497495583506,0.04951644086697158,0.03328094337138807
W02000180,2025,0.0432587432543297,6.446483662912007e-5,0.028299628237441112,0.05843399527267956,0.03013436703523845
W02000181,2025,0.04069583117686596,7.429889191478012e-5,0.02369550497942156,0.05620512781879469,0.03250962283937313
W02000182,2025,0.04107888738920223,6.277021530395367e-5,0.025909450127604004,0.057199900359677064,0.03129045023207306
W02000183,2025,0.049177034328423457,9.530420576742294e-5,0.028824939225420367,0.06767700461988665,0.038852065394466284
W02000184,2025,0.037273982877298606,5.783288342825728e-5,0.02212228170552323,0.0522471219016394,0.030124840196116172
W02000185,2025,0.03131787183296987,7.56128900597378e-5,0.014057921142983758,0.04904575054683459,0.03498782940385083
W02000186,2025,0.04910336408401951,1.116860941517757e-4,0.02719201731142436,0.07156923371653677,0.04437721640511241
W02000188,2025,0.04731116663244282,1.0544498361008227e-4,0.026794271636057722,0.06767799960964455,0.040883727973586824
W02000189,2025,0.03326321756333151,6.574318870547059e-5,0.01645681204708336,0.050461485021266544,0.034004672974183185
W02000191,2025,0.0523080397616142,1.329628948925857e-4,0.02683192048846926,0.07237265988265848,0.04554073939418922
W02000192,2025,0.053862446092887595,1.471896619958901e-4,0.027444591742180183,0.07415315760650654,0.046708565864326354
W02000193,2025,0.06356972219773332,2.184619433858361e-4,0.03284933407783483,0.09139681962622209,0.05854748554838726
W02000194,2025,0.040348736696721905,8.438108050231693e-5,0.021722062128964537,0.06001407353530698,0.03829201140634245
W02000195,2025,0.024059709520854986,1.1988987257829773e-4,0.004104136179287565,0.04740310817062031,0.043298971991332744
W02000196,2025,0.02951583825554672,1.1495043499989138e-4,0.010832862743614417,0.05407158173344196,0.04323871898982754
W02000197,2025,0.024004692548391823,1.112618405098625e-4,4.6247666185607664e-4,0.0447637725821624,0.04430129592030633
W02000198,2025,0.025961596699444492,1.1875558854779177e-4,0.00495640474127022,0.051509505828063296,0.04655310108679307
W02000200,2025,0.035614694902676665,4.6484785119738466e-5,0.024732209379856582,0.05122830752704992,0.026496098147193337
W02000201,2025,0.035093152853035124,5.322377115039795e-5,0.02164126429270611,0.04996852989330392,0.028327265600597812
W02000202,2025,0.03701958795178031,5.072093483791688e-5,0.02199750144968915,0.052221714440601294,0.030224212990912144
W02000204,2025,0.03242086996533797,5.8329296332408214e-5,0.0176205402517339,0.051323892166507235,0.03370335191477333
W02000205,2025,0.03243844624511671,5.703850944317043e-5,0.0161515425716559,0.04759213980401804,0.03144059723236214
W02000206,2025,0.035941478775558325,7.17075408323396e-5,0.020120979897714546,0.05415463241304645,0.03403365251533191
W02000207,2025,0.03340200345853718,6.0706942478088816e-5,0.02006410843143585,0.051538109322872803,0.031474000891436954
W02000208,2025,0.05216487334820629,1.0043642907155118e-4,0.029529139399744705,0.07071788354906419,0.04118874414931949
W02000210,2025,0.04277590371476692,8.611298043871271e-5,0.02560231667630916,0.06214370717418964,0.03654139049788048
W02000211,2025,0.04188963033789528,6.819856459379718e-5,0.025609998142041117,0.05893137840656151,0.033321380264520396
W02000212,2025,0.03925421537718857,6.189402823644518e-5,0.02551087837803743,0.055836525273064014,0.030325646895026585
W02000213,2025,0.036482200934822594,6.800090143948519e-5,0.023608818203778,0.05811466638123243,0.03450584817745443
W02000214,2025,0.03893083631726653,8.636999415391272e-5,0.02428095846065085,0.062296672446806534,0.038015713986155684
W02000215,2025,0.04106780779329074,9.182297994284161e-5,0.021915071526089153,0.061893655745648486,0.039978584219559334
W02000216,2025,0.03939129392024586,5.962394928056449e-5,0.02621728747229765,0.05700173241003,0.03078444493773235
W02000217,2025,0.03997799256629393,6.45852548257882e-5,0.02355402616060375,0.05841584828302571,0.03486182212242196
W02000218,2025,0.04173067104727317,6.661606797272328e-5,0.024780442879829535,0.0569852852144485,0.03220484233461896
W02000219,2025,0.03884658777207234,4.593560956824536e-5,0.0254563775964887,0.05346463680898171,0.02800825921249301
W02000220,2025,0.041505252926939816,6.253313993269975e-5,0.028072291075428114,0.060112797423513525,0.03204050634808541
W02000221,2025,0.04357437092766093,5.6963332979790635e-5,0.03083624368621294,0.05818521177077032,0.027348968084557383
W02000222,2025,0.03541413832426245,5.2743074119365084e-5,0.020497764014715182,0.04928109295230969,0.028783328937594506
W02000223,2025,0.040489431343333375,5.4528900744262656e-5,0.026612299335211365,0.057280167196914464,0.0306678678617031
W02000224,2025,0.04371834560195318,7.459595871700135e-5,0.02905110621659309,0.05969844416428773,0.03064733794769464
W02000225,2025,0.04022709082879063,6.923912732254639e-5,0.02630429228662623,0.05905962234399662,0.03275533005737039
W02000226,2025,0.038597598546095284,6.821406288100529e-5,0.0238269574928446,0.056024157497894425,0.032197200005049824
W02000227,2025,0.04223129971981622,6.280495974145421e-5,0.029896695570177413,0.05963993732840142,0.029743241758224008
W02000228,2025,0.05145263243103802,9.14565535852158e-5,0.0327759325887238,0.07223926948796289,0.03946333689923909
W02000229,2025,0.038464934911464084,7.010540113572084e-5,0.023172393697615895,0.05581688439772646,0.032644490700110565
W02000230,2025,0.0347530589508416,5.964641626574028e-5,0.02024666797963985,0.05386454446886079,0.03361787648922094
W02000231,2025,0.03968690744343338,5.308460219627692e-5,0.026813050849671338,0.05600527371091736,0.029192222861246023
W02000232,2025,0.040734908511143864,5.912778042536183e-5,0.02539021097533305,0.05791847733018636,0.032528266354853314
W02000233,2025,0.04292454270676134,8.873087714273559e-5,0.025784838423787752,0.06222567270242864,0.036440834278640886
W02000234,2025,0.04194007416297424,8.69645365307858e-5,0.025150695437121458,0.06406534399868989,0.038914648561568434
W02000235,2025,0.02471783153623306,9.709485991231542e-5,0.0067468775528907,0.048517784322013265,0.04177090676912257
W02000236,2025,0.030463224662423512,7.514805226348833e-5,0.014928948122216424,0.04929670850339279,0.034367760381176365
W02000237,2025,0.03373344494414866,5.478554472364543e-5,0.01983198887847582,0.04985973059441726,0.03002774171594144
W02000238,2025,0.027191771887510832,8.666454962126229e-5,0.009650019575946796,0.04783268293561889,0.03818266335967209
W02000239,2025,0.03577910880676882,6.292135456935125e-5,0.02224580639980374,0.05268568996195607,0.030439883562152333
W02000240,2025,0.039192417599986984,7.611770072060193e-5,0.022211242180244894,0.058815206541304586,0.03660396436105969
W02000241,2025,0.035505401867757566,1.0170677380093556e-4,0.02133393925117016,0.06108085407826994,0.039746914827099786
W02000242,2025,0.033404512986256234,8.479670979430853e-5,0.01892246026989558,0.054803596370929665,0.035881136101034085
W02000243,2025,0.04555468279036813,7.703346796393483e-5,0.02958081675618853,0.06525888586886465,0.03567806911267612
W02000244,2025,0.034586592351290905,1.0240617551315872e-4,0.019654613722417835,0.057216483881825715,0.03756187015940788
W02000245,2025,0.04570302858060106,7.196586925874267e-5,0.030567920193330878,0.06597308946428541,0.03540516927095454
W02000246,2025,0.030468662408675254,8.117247143687481e-5,0.014375762603234303,0.050284354113223184,0.03590859150998888
W02000247,2025,0.036056464158692396,7.083771702870137e-5,0.022352704534871627,0.05403643333307179,0.03168372879820016
W02000248,2025,0.048662366275358804,9.522022853679867e-5,0.032384360804787314,0.069578457058521,0.03719409625373369
W02000249,2025,0.0417202790034281,6.53416271094842e-5,0.028929096523844313,0.062484427724092226,0.03355533120024791
W02000250,2025,0.04196273177411739,6.0554317743902285e-5,0.02899744217402713,0.05909256410827898,0.030095121934251852
W02000251,2025,0.044502580831869386,7.722114587437649e-5,0.031022108100211828,0.06678135283585165,0.03575924473563982
W02000252,2025,0.03841702224334563,5.212733941171536e-5,0.025668972275002186,0.05666699163070784,0.030998019355705654
W02000253,2025,0.040098433440929816,5.810154194294848e-5,0.026698186620545766,0.05651804481697934,0.029819858196433575
W02000254,2025,0.0399911960461714,5.158602890326826e-5,0.027329841494399862,0.05521456528846431,0.027884723794064446
W02000255,2025,0.038743632228909676,5.4645469347083255e-5,0.02593236480592185,0.058118807524429036,0.03218644271850719
W02000256,2025,0.0423497559524703,6.840922042792764e-5,0.02509787845887354,0.060860717321433666,0.035762838862560126
W02000257,2025,0.0398160886819464,4.5127564691735893e-5,0.027908327021098592,0.05299072947971299,0.0250824024586144
W02000258,2025,0.03890291057178048,5.118333468547207e-5,0.02519339665602153,0.053783716649876745,0.028590319993855216
W02000259,2025,0.04248521237656694,6.011379890062646e-5,0.028172234157601027,0.06097522944929269,0.032802995291691665
W02000260,2025,0.03827656565534672,5.43551877778069e-5,0.026278642953863538,0.05503951060891725,0.02876086765505371
W02000261,2025,0.03838515576156019,5.987290368375611e-5,0.02566249188983133,0.056431383184135375,0.030768891294304046
W02000262,2025,0.039662542592839856,7.728244568712709e-5,0.020651616311588593,0.056670547996997805,0.03601893168540921
W02000263,2025,0.04409854484482359,6.430437191270144e-5,0.02906271472868094,0.060036493516136866,0.030973778787455927
W02000264,2025,0.044248123128977766,6.668093435988148e-5,0.030734108236200257,0.06370759976678023,0.03297349153057997
W02000265,2025,0.04248667083902409,6.783740605007115e-5,0.028418394812158437,0.05988252436914189,0.03146412955698345
W02000266,2025,0.0432420627395242,5.3618144675444057e-5,0.030839261957653765,0.06075522681065411,0.029915964853000344
W02000267,2025,0.042820290367821146,7.081606244584202e-5,0.02786113321742418,0.06265266861903374,0.03479153540160956
W02000268,2025,0.03988850571191966,4.8197529196375116e-5,0.027405018733177175,0.05506078374670276,0.027655765013525582
W02000269,2025,0.04126028646638392,6.773178472003829e-5,0.02686109450110869,0.06112243024064675,0.03426133573953806
W02000270,2025,0.04112419742789666,6.19919911092324e-5,0.026554592740111654,0.06119346369566162,0.03463887095554997
W02000271,2025,0.041140654357829994,6.353416592684474e-5,0.027291762427554878,0.06290437104669697,0.03561260861914209
W02000272,2025,0.04164702288424261,5.091796679111103e-5,0.0302115662717733,0.05931734279621777,0.029105776524444467
W02000273,2025,0.05947704382932052,1.2880485544186298e-4,0.036994664480016363,0.0814003632133566,0.044405698733340236
W02000274,2025,0.042982950739929394,6.489052422039662e-5,0.027254164134287415,0.06168909506611601,0.03443493093182859
W02000275,2025,0.04080518782970414,4.914404083463291e-5,0.029008450272496204,0.05712433778515679,0.028115887512660587
W02000276,2025,0.03815846601123779,6.985114643299876e-5,0.025244348368200976,0.057852441303980574,0.0326080929357796
W02000277,2025,0.03898522493791034,5.6504040572841825e-5,0.025766697111664932,0.05699587728098142,0.031229180169316487
W02000278,2025,0.04247141421123967,6.896606846752507e-5,0.02919722203997123,0.06619173900268174,0.036994516962710514
W02000279,2025,0.04420504218218956,6.79428067759434e-5,0.030291410163060035,0.06208508383659062,0.03179367367353059
W02000280,2025,0.04593839240504156,7.084968934763769e-5,0.030166490280536994,0.06478719181710688,0.03462070153656988
W02000281,2025,0.03676221791275538,4.904100593830044e-5,0.025443761635101633,0.05334034617642615,0.027896584541324515
W02000282,2025,0.04078556915018245,5.9702223481564504e-5,0.02699073777918745,0.057908304062885,0.030917566283697545
W02000284,2025,0.04287123632204969,4.7567319249165854e-5,0.030953166250305114,0.05665920111483871,0.025706034864533593
W02000285,2025,0.037261975454133345,5.1612798257161814e-5,0.023521347016279354,0.053421591041529284,0.02990024402524993
W02000286,2025,0.04236188164937347,6.042790931892755e-5,0.027596896809482185,0.05731669367367907,0.029719796864196887
W02000287,2025,0.04179646240427785,6.200719147593247e-5,0.027979127092756427,0.05941665824838634,0.031437531155629916
W02000288,2025,0.04067310899164341,4.412674678440629e-5,0.02867098582059259,0.0570628824902991,0.028391896669706512
W02000289,2025,0.042098528624603906,6.227876619203792e-5,0.029711175026845102,0.06046884777148307,0.03075767274463797
W02000290,2025,0.04042990362143075,5.1739429824656106e-5,0.026483731212207047,0.05661126220100003,0.030127530988792985
W02000291,2025,0.040575723269483506,5.989088768235021e-5,0.024105131108105502,0.05693954193736809,0.032834410829262584
W02000292,2025,0.04174505974610309,5.6509791240339054e-5,0.02654274211198615,0.05852188719273666,0.03197914508075051
W02000293,2025,0.04084202719487625,7.126632857718489e-5,0.024137436300625682,0.059607732056071026,0.035470295755445344
W02000294,2025,0.03631737689367917,5.435456701791848e-5,0.022576248068644444,0.05146074398617321,0.028884495917528764
W02000295,2025,0.04009473308029892,6.408443224886373e-5,0.02455147963950903,0.05778993796870027,0.03323845832919124
W02000296,2025,0.039880150814066685,5.6960332909847256e-05,0.025597757593993173,0.05742974793155729,0.03183199033756412
W02000297,2025,0.039901368579085,4.897829091375298e-5,0.02500323048499266,0.053899877044332634,0.028896646559339975
W02000298,2025,0.03989697089571073,5.6449834062536553e-5,0.02576431777266385,0.05572521826892224,0.029960900496258387
W02000299,2025,0.03787121916012566,6.90414966946627e-5,0.02321450473991611,0.05697102525799172,0.03375652051807561
W02000300,2025,0.03833681085387288,4.367037529669545e-5,0.02570867289034266,0.05212693578210094,0.02641826289175828
W02000301,2025,0.04435258777629969,5.60353763814195e-5,0.028055562904000603,0.058972524064040854,0.03091696116004025
W02000302,2025,0.038947530564858675,5.544063032085135e-5,0.024979080661339588,0.057749578791978104,0.032770498130638516
W02000303,2025,0.04268442611038819,5.932651914073668e-5,0.028390379372568386,0.061725878928337974,0.03333549955576959
W02000304,2025,0.04122897616949124,5.777510821749576e-5,0.026772626233145927,0.05854394357360208,0.03177131734045615
W02000305,2025,0.04028889975698297,6.4989860603086e-5,0.02495696671221695,0.0591757075759538,0.03421874086373685
W02000306,2025,0.037193895345308314,5.820773488852641e-5,0.023519873998481114,0.05439218726589982,0.030872313267418704
W02000307,2025,0.045688317774022005,6.452064497337798e-5,0.029570387951730087,0.061470041882068005,0.03189965393033792
W02000308,2025,0.042749215827716354,5.592507039808068e-5,0.028602684408943504,0.05933564273851855,0.03073295832957505
W02000309,2025,0.038408392216239595,5.5162716350438066e-5,0.025671654517796093,0.054571395810127196,0.028899741292331103
W02000310,2025,0.039919743468328064,4.383256218762358e-5,0.027130407751148652,0.05475169376575486,0.027621286014606207
W02000311,2025,0.04162201386342247,5.945931833010115e-5,0.028613388372514238,0.05913039137787745,0.03051700300536321
W02000312,2025,0.03866343883676101,5.964765418989983e-5,0.025936014799213467,0.058081854735910675,0.03214583993669721
W02000313,2025,0.04054638785676473,5.3112197620336886e-5,0.026613874752545615,0.0581759161389684,0.03156204138642278
W02000314,2025,0.03671873697328861,5.009378577338517e-5,0.02231879731339695,0.05343777923352472,0.03111898192012777
W02000315,2025,0.038143888453871774,4.641704507731912e-5,0.02529682135785595,0.05342958105410517,0.028132759696249218
W02000316,2025,0.03917496847451682,5.639971953783715e-5,0.024507564231408943,0.058397525037232126,0.03388996080582318
W02000317,2025,0.040353287646546915,5.176489637739788e-5,0.02651496687390946,0.05741242275487682,0.03089745588096736
W02000318,2025,0.04042190811677697,5.943317352878382e-5,0.026639483085158233,0.05886847163614002,0.03222898855098179
W02000319,2025,0.04035567680020187,4.695189775181544e-5,0.02762556834557522,0.056094258757644885,0.028468690412069664
W02000320,2025,0.04248796860874331,6.257950827275572e-5,0.028103898812329796,0.06001160893957176,0.031907710127241966
W02000321,2025,0.040125655576149624,5.7804539985889564e-5,0.024949315115655832,0.05649278775367768,0.03154347263802185
W02000322,2025,0.04073112559425786,4.7383528184964567e-5,0.02804868937705875,0.05501633308545075,0.026967643708392
W02000323,2025,0.040317825279631306,5.604805468320574e-5,0.025053805935309738,0.056816668330155834,0.031762862394846096
W02000324,2025,0.040336955344948494,5.8255354822107565e-5,0.025896457399975738,0.056061853185819174,0.030165395785843437
W02000325,2025,0.04308292976524955,7.399281635909003e-5,0.02471621207918776,0.059268259413169114,0.03455204733398136
W02000326,2025,0.03805081789794758,5.632949327620651e-5,0.023385199811039602,0.05478518604410367,0.03139998623306407
W02000327,2025,0.030535384449038087,6.0583100981400426e-5,0.015919376014396074,0.04746587104717622,0.03154649503278015
W02000328,2025,0.03866737536851717,6.014109251923192e-5,0.025238140279080203,0.054535334845767856,0.029297194566687654
W02000329,2025,0.04112993432233916,6.24096442932564e-5,0.02524639850027829,0.05645825402887804,0.031211855528599747
W02000330,2025,0.030064031257982404,4.190082613591623e-5,0.015549903460269241,0.04260121594434005,0.027051312484070805
W02000331,2025,0.04505757663908092,7.936912805445486e-5,0.02750186923575859,0.06254631049934217,0.03504444126358358
W02000332,2025,0.0401562365382483,6.233149176922515e-5,0.022434892215132105,0.054487980503881414,0.03205308828874931
W02000333,2025,0.040960418337215636,5.5817267348861275e-5,0.02851385512720351,0.0548796261162514,0.02636577098904789
W02000334,2025,0.03868953717298617,4.789600144629102e-5,0.02657586834010284,0.053667785241236,0.02709191690113316
W02000335,2025,0.03581746748065526,5.5464782052349525e-5,0.021867466813133958,0.05400791723496752,0.03214045042183356
W02000336,2025,0.02920323465236838,6.036622314979562e-5,0.014708085565528422,0.04582919159125287,0.03112110602572445
W02000337,2025,0.03755842138287925,8.906879784387884e-5,0.022887439622307125,0.057595945753246905,0.03470850613093978
W02000338,2025,0.02866002775602904,5.294645436535897e-5,0.014101941535728552,0.04439422671237678,0.030292285176648226
W02000339,2025,0.031645776210907,7.908987742127659e-5,0.01419367034681391,0.050897223358815163,0.036703553012001254
W02000340,2025,0.02817981181477413,6.95292247483268e-5,0.013081294267809313,0.04677209390723466,0.03369079963942535
W02000341,2025,0.029994746839185266,5.9050146167761616e-5,0.015460611384499067,0.04721745165814793,0.03175684027364886
W02000342,2025,0.02933551236653799,5.6860146311532904e-5,0.014977756788848232,0.044136326218758334,0.029158569429910103
W02000343,2025,0.038221850097023086,6.731509578894178e-5,0.021261752021139002,0.0549394431978024,0.033677691176663395
W02000344,2025,0.03223406495505743,5.814970596827579e-5,0.015269658723370098,0.04706971801215816,0.03180005928878806
W02000345,2025,0.034650929500991814,6.150966083893221e-5,0.019310538631692575,0.04973005544815929,0.030419516816466714
W02000346,2025,0.036343858640256875,5.3614148024447e-5,0.01861832119693712,0.04808947418558074,0.02947115298864362
W02000347,2025,0.033770694097534186,6.262631151993552e-5,0.01818872066481793,0.05162697607720638,0.03343825541238845
W02000348,2025,0.03486753528653202,6.68780869809102e-5,0.01837894418220361,0.051460446454711366,0.03308150227250775
W02000349,2025,0.04495470736144714,7.47603569247558e-5,0.0262530931892632,0.062053578148258626,0.035800484958995425
W02000350,2025,0.03998755755529016,5.619777631449471e-5,0.022599181749452982,0.053949265204195095,0.03135008345474211
W02000351,2025,0.03972100414103723,1.1183330478093565e-4,0.022168262695982443,0.06345009163267196,0.04128182893668951
W02000352,2025,0.04436263405549605,9.323138350431712e-5,0.02348447715822506,0.06286310888490966,0.0393786317266846
W02000353,2025,0.04495901681561565,1.0208059361844285e-4,0.02413420748705098,0.06463399906468556,0.04049979157763458
W02000354,2025,0.033600266557628024,8.423965012827362e-5,0.013317904221953895,0.05293330485821558,0.03961540063626169
W02000355,2025,0.03987549421384121,4.838751456272046e-5,0.025114345386328493,0.05470229172094149,0.029587946334612994
W02000356,2025,0.04420781573805863,9.51999684508128e-5,0.024109465764398694,0.06629914704748104,0.04218968128308234
W02000357,2025,0.04735038062729584,1.220785756031897e-4,0.0229618754338463,0.0677996698728212,0.0448377944389749
W02000358,2025,0.03725785350518604,5.2586998203204726e-5,0.02430374933823374,0.053865984522915356,0.029562235184681616
W02000359,2025,0.05391990551606164,1.4463079911698924e-4,0.030957212417985557,0.0763037679641379,0.04534655554615234
W02000360,2025,0.04526989807224934,8.322515185298101e-5,0.02684507605836462,0.06483592905989127,0.03799085300152665
W02000361,2025,0.04472411409611037,8.880203431110721e-5,0.021671393665328102,0.06438675128695073,0.04271535762162263
W02000362,2025,0.04041682896521198,6.259738419143703e-5,0.025036263143868358,0.05697079069554699,0.03193452755167863
W02000363,2025,0.0360201069588012,7.997393238072136e-5,0.018571361620635357,0.05755457179374599,0.038983210173110634
W02000364,2025,0.05470329332804723,1.4948148914566755e-4,0.028275056052572297,0.07816947773918939,0.04989442168661709
W02000365,2025,0.04872973834166123,1.1121604475203895e-4,0.027569368570838346,0.0698880090877717,0.04231864051693335
W02000366,2025,0.04104498854076943,6.670568602377862e-5,0.0263182757326708,0.0613229900294463,0.0350047142967755
W02000367,2025,0.032869095546197144,6.46943467651792e-5,0.017429587895982156,0.04851554834444674,0.031085960448464584
W02000368,2025,0.043022932236823866,7.907310098523098e-5,0.02679895175108983,0.06343720467982594,0.03663825292873611
W02000369,2025,0.05312483280493886,9.631003510191967e-5,0.03356542192828715,0.0725026603484821,0.038937238420194954
W02000370,2025,0.028348678552474638,9.598127867199824e-5,0.012377021930104086,0.05271879803662442,0.04034177610652034
W02000371,2025,0.03884546200229024,7.863053389233451e-5,0.02312279406161393,0.0605567779881094,0.03743398392649547
W02000372,2025,0.04082726547505655,6.6918283547066e-5,0.028623797598626773,0.05879242315607485,0.03016862555744808
W02000373,2025,0.046679408006268845,7.996824646729443e-5,0.030691249982847706,0.06814084520257666,0.037449595219728946
W02000374,2025,0.03535507845921521,6.939477587512004e-5,0.020795217621512832,0.055013652826620504,0.03421843520510767
W02000375,2025,0.04970064242850197,9.574913861796033e-5,0.032279601332230394,0.0677272961374928,0.03544769480526241
W02000376,2025,0.04031986728838678,6.472369483107058e-5,0.028198114404910754,0.059521005073661495,0.03132289066875074
W02000377,2025,0.0487147379303347,9.988305155486631e-5,0.030065596839353958,0.07197622440866909,0.04191062756931513
W02000378,2025,0.037417060569132674,5.861393588670195e-5,0.025372130044260862,0.05555327368059705,0.03018114363633619
W02000379,2025,0.05271079654386157,1.3105655121415125e-4,0.029968873462751608,0.0801991067719548,0.05023023330920319
W02000380,2025,0.038417898019320836,5.8739036198382475e-5,0.02565250466665392,0.05704380360527133,0.03139129893861741
W02000381,2025,0.04511778575923489,8.657042157979459e-5,0.029978155872264333,0.0696494851823971,0.03967132931013276
W02000382,2025,0.045955949894414524,9.38176636501301e-5,0.028040554726633787,0.06820043041120175,0.040159875684567956
W02000383,2025,0.04649384669556317,8.892902838022497e-5,0.029644226821803572,0.06702493610584026,0.03738070928403669
W02000384,2025,0.03772163524818187,5.721015286979108e-5,0.0263340185801249,0.05602549621496226,0.029691477634837357
W02000385,2025,0.04238557171655286,7.157705878059051e-5,0.028602509888849294,0.06081261681602604,0.03221010692717674
W02000386,2025,0.03285433457376966,8.763994879437212e-5,0.017553966727412877,0.05272804515379978,0.0351740784263869
W02000387,2025,0.04066276421016978,7.332149852960819e-5,0.02621571102206835,0.05950233964415278,0.03328662862208443
W02000388,2025,0.03912652303790058,6.847724167255053e-5,0.025334894761718844,0.05844573020552965,0.033110835443810806
W02000389,2025,0.04593648102094247,6.996572393896307e-5,0.03117523920179951,0.06496993389446123,0.03379469469266172
W02000390,2025,0.03794904802402832,7.631744916052738e-5,0.023152645022677124,0.05931058084159846,0.036157935818921336
W02000391,2025,0.07568920579825272,3.069351230487562e-4,0.04151269001335175,0.10526208681141391,0.06374939679806216
W02000392,2025,0.03861057231745978,8.674286103834454e-5,0.023945351078877117,0.06354027136461099,0.03959492028573387
W02000393,2025,0.04709605444211574,7.835119414023909e-5,0.03198707264702178,0.06569977915276648,0.0337127065057447
W02000394,2025,0.08094075524098622,4.1936783878152744e-4,0.036207563841371755,0.11575627625576931,0.07954871241439757
W02000395,2025,0.04713786089080699,9.34333223157226e-5,0.03146876431100433,0.06994233690443874,0.03847357259343441
W02000396,2025,0.0668842261302194,2.181368475882308e-4,0.03687566214284595,0.09538929915452973,0.058513637011683786
W02000397,2025,0.04155037356835368,8.689863084113502e-5,0.024543618379969184,0.06569583645031642,0.04115221807034723
W02000398,2025,0.08626549310989175,4.898119753593256e-4,0.04378144902419246,0.12213245828272906,0.07835100925853661
W02000399,2025,0.06842831642734405,2.493698010509154e-4,0.03509253818407041,0.1010083389492509,0.0659158007651805
W02000400,2025,0.04997864349476779,9.245038994650881e-5,0.032870807747626504,0.07133710476055857,0.03846629701293207
W02000401,2025,0.04405044904673925,7.353536935153987e-5,0.029028920105105688,0.06327284581977376,0.03424392571466807
W02000402,2025,0.06893704426844663,2.4851671289819106e-4,0.034391763565949224,0.10064847289518877,0.06625670932923955
W02000403,2025,0.05442635593822803,1.3055980624748556e-4,0.031973146311749426,0.07519421948341462,0.043221073171665195
W02000404,2025,0.053409419985142974,1.249064164654625e-4,0.03259430037461012,0.07804175678975427,0.045447456415144145
W02000405,2025,0.05269044839228987,1.0330230313204453e-4,0.032210948486261125,0.07118519729643794,0.03897424881017681
W02000406,2025,0.05146177264638713,1.0076173262570356e-4,0.03149747013264771,0.07292753869171728,0.04143006855906957
W02000407,2025,0.04572482821873159,1.0246076119360205e-4,0.02741190884617951,0.0683670272429842,0.040955118396804685
W02000408,2025,0.05754257769450068,1.3389028014255394e-4,0.03332905442303112,0.08213242277900584,0.04880336835597472
W02000409,2025,0.04516775017221,7.56827827265145e-5,0.030603903918795295,0.06456791367248509,0.033964009753689794
W02000410,2025,0.0595698390025287,1.4739092731292974e-4,0.03387385442285552,0.08313989729292161,0.049266042870066085
W02000411,2025,0.048082815528544244,1.0711974572564077e-4,0.03116421979496054,0.07577563958847071,0.044611419793510174
W02000412,2025,0.052622893675239736,8.60888435918449e-5,0.03414076554176146,0.07321207310093852,0.039071307559177065
W02000414,2025,0.028607390067104357,4.7206430367474204e-5,0.015199332689291271,0.043369592880434515,0.028170260191143243
W02000415,2025,0.045040828874459767,6.984263785129807e-5,0.029231853620368634,0.06430447779156889,0.03507262417120026
W02000416,2025,0.028967043021757215,3.101636790290698e-5,0.01702102247804875,0.03956976538493898,0.022548742906890233
W02000417,2025,0.03780044276091771,4.5962913641190066e-5,0.025225745769908957,0.05225944708776715,0.02703370131785819
W02000418,2025,0.031412795887050315,5.948269105235342e-5,0.01614029149596296,0.04857332293168959,0.03243303143572663
W02000419,2025,0.03381369014667433,6.082583040899669e-5,0.016390543865772343,0.047369127475150354,0.03097858360937801
W02000421,2025,0.030602131803250252,5.0301536178364794e-5,0.0175957722788384,0.047028682293786775,0.029432910014948375
W02000422,2025,0.06558922033880712,2.0077764681170567e-4,0.03758911540217891,0.0901095466244014,0.0525204312222225
W02000423,2025,0.06244986966593943,1.9082556301556328e-4,0.034813391879168584,0.08939794827928704,0.05458455640011846
W02000424,2025,0.02858916806110487,7.306462246662859e-5,0.009908219707558074,0.04560628264505117,0.0356980629374931
W02000425,2025,0.040009566507467405,6.315315712037682e-5,0.023955948684073008,0.05679154893362632,0.032835600249553315
W02000426,2025,0.03165294670413593,7.374732430683343e-5,0.01375162015032376,0.0464872967259952,0.03273567657567144
W02000427,2025,0.038172029854882564,5.689435137051494e-5,0.02342406776684892,0.05356476819951737,0.030140700432668446
W02000428,2025,0.035627911371945965,6.759554907591567e-5,0.019941033974734942,0.0529862094208467,0.033045175446111755
