area_id,time_id,shallow_mrp_estimate,shallow_mrp_variance,shallow_mrp_lower,shallow_mrp_upper,shallow_mrp_ci_width
W02000001,2021,0.024923967297238194,7.65873570603865e-5,0.011502149996495983,0.04404509063091318,0.03254294063441719
W02000002,2021,0.019640154441005135,4.028379273077035e-5,0.008413527922816293,0.032794438840021915,0.024380910917205623
W02000003,2021,0.04089069927470006,3.82677660336199e-4,0.01442617413069995,0.08966993053503314,0.07524375640433319
W02000004,2021,0.03252575351915583,1.368309906150555e-4,0.016548198310835795,0.061735901482786404,0.04518770317195061
W02000005,2021,0.018441629378384197,4.509133140381224e-5,0.007763798181755105,0.03280696508755154,0.025043166905796437
W02000006,2021,0.025834408502245186,5.894539732834425e-5,0.013453317678016243,0.04297357388828196,0.02952025621026572
W02000007,2021,0.030797419512907816,1.0346465094646109e-4,0.015639885669685653,0.05041548078759124,0.03477559511790559
W02000008,2021,0.019709057599645474,6.772335453465897e-5,0.007898641846878683,0.03742315052987224,0.029524508682993555
W02000009,2021,0.0235420797882811,6.327472697470329e-5,0.012074256798173342,0.04121552810669139,0.02914127130851805
W02000010,2021,0.03316201356591437,2.5240275317008266e-4,0.010984513624721567,0.0753145454007309,0.06433003177600934
W02000011,2021,0.025542398924756557,8.825629937571255e-5,0.011377806132471035,0.0480793866652231,0.03670158053275206
W02000012,2021,0.02402244993105214,6.406439014132424e-5,0.01060956664892454,0.039875899224228684,0.029266332575304144
W02000013,2021,0.024956180085014087,7.752890906818575e-5,0.010401209463682785,0.04317787021280164,0.03277666074911885
W02000014,2021,0.025419104142691298,5.0442290061739855e-5,0.013888622748587015,0.03979783110798318,0.02590920835939616
W02000015,2021,0.023919641158700097,1.0590193237904841e-4,0.009803548222499684,0.04533080188334576,0.03552725366084608
W02000016,2021,0.023770343368088954,6.397893995656202e-5,0.01123719281565496,0.040424458646900766,0.029187265831245805
W02000017,2021,0.024038950383527536,7.31327945961992e-5,0.011775560646502956,0.0484759399961347,0.036700379349631745
W02000018,2021,0.0244887750143148,4.876460592722287e-5,0.01414819431478892,0.039690000286469365,0.025541805971680445
W02000019,2021,0.022036391902242967,5.380248705540778e-5,0.01129357618104308,0.038419593723771205,0.027126017542728125
W02000020,2021,0.02378237267995147,6.974076592032455e-5,0.011234324738646344,0.04215686423517875,0.030922539496532404
W02000021,2021,0.024361080220342477,1.1426875924113518e-4,0.00941639321383756,0.05107218987753634,0.04165579666369878
W02000022,2021,0.020140109604104575,3.9892764325338504e-5,0.00809091420636299,0.03367696505572815,0.025586050849365157
W02000023,2021,0.022630254767710745,1.393364967694469e-4,0.006440694355586337,0.05035131931768058,0.04391062496209425
W02000024,2021,0.02612104913702493,5.064226970260778e-5,0.014768734335461827,0.0426188194741525,0.02785008513869067
W02000025,2021,0.023655023165949828,5.196162525244564e-5,0.012632056715619056,0.0398079978482134,0.027175941132594344
W02000026,2021,0.024237606631703254,6.336381893931061e-5,0.012575636835882939,0.043653116310249165,0.031077479474366225
W02000027,2021,0.017544199506607894,9.031644425940417e-5,0.004344962219499123,0.03697079038606345,0.03262582816656433
W02000028,2021,0.01790146773532793,6.0809909551567675e-5,0.006684563670243953,0.03516653406950217,0.028481970399258212
W02000029,2021,0.018047335368583623,4.487694077762373e-5,0.006881314742841324,0.0314989557095107,0.02461764096666938
W02000030,2021,0.018236961289091566,5.1656580944853246e-5,0.00649936968506229,0.034770614780718884,0.028271245095656594
W02000031,2021,0.020991783703197927,6.615460211139361e-5,0.009197090302757446,0.040439951596331875,0.03124286129357443
W02000032,2021,0.018120108199011175,4.7048442403329886e-5,0.007280524689920317,0.032717058359756586,0.025436533669836267
W02000033,2021,0.023312818873038686,7.017233693815899e-5,0.0098632879618656,0.0417386305807311,0.0318753426188655
W02000034,2021,0.024796797625598162,7.844800762983838e-5,0.011962516263601806,0.046326747754130815,0.03436423149052901
W02000035,2021,0.022676005109944188,5.5936786277105614e-5,0.010299164846172172,0.03841255013140217,0.028113385285229997
W02000036,2021,0.020637772232094457,4.5808531276341394e-5,0.011011147273440096,0.034464899912305724,0.02345375263886563
W02000037,2021,0.021937154753639384,4.6309462111874916e-5,0.010538150121837134,0.03569930199676492,0.02516115187492779
W02000038,2021,0.02093271549466958,4.777746148125713e-5,0.009865222221700531,0.03689908993647766,0.02703386771477713
W02000039,2021,0.021042897608355895,5.828644296415734e-5,0.009278319236470788,0.0385920447101588,0.02931372547368801
W02000040,2021,0.02319077886047707,5.1970577769428396e-5,0.011649243615678463,0.03960608311528763,0.027956839499609164
W02000041,2021,0.023011329538521565,3.393580234526919e-5,0.01410030924647757,0.03655784528860259,0.022457536042125022
W02000042,2021,0.023708552551326957,8.765450581381181e-5,0.010495320657956277,0.045009313473593646,0.03451399281563737
W02000043,2021,0.02818816391249546,1.1522133895124312e-4,0.013631857737759285,0.05588826490079035,0.04225640716303107
W02000044,2021,0.026107118450408254,8.314679943911263e-5,0.013184964694913625,0.046340252403677014,0.03315528770876339
W02000045,2021,0.024075467862587154,7.977901844460237e-5,0.010613346868585258,0.04733855191154711,0.03672520504296185
W02000047,2021,0.02453680623039256,1.2158674364092726e-4,0.008837941163504719,0.052236403821372554,0.043398462657867835
W02000049,2021,0.027158753138517226,6.438651042032149e-5,0.014347859853684707,0.0455520756405052,0.031204215786820495
W02000050,2021,0.021902140036436504,4.534933970728292e-5,0.010430856734827399,0.03789722227121821,0.02746636553639081
W02000051,2021,0.024735193174950064,6.196533445522901e-5,0.013519406472943387,0.04278499471940592,0.02926558824646253
W02000052,2021,0.027516642835527533,7.953918636992368e-5,0.014006093595332135,0.04803467595986614,0.034028582364534
W02000053,2021,0.025423528186057927,5.685155690128519e-5,0.012492893097583193,0.042760525084990494,0.0302676319874073
W02000054,2021,0.025892522701565314,4.746121456395108e-5,0.014707481105982995,0.04140989570967448,0.026702414603691486
W02000055,2021,0.03188321850504013,1.0722070012553819e-4,0.014649168740534992,0.05580878737195376,0.041159618631418766
W02000056,2021,0.02647422530168086,5.667646315131173e-5,0.014527938055621019,0.045214087309220885,0.030686149253599866
W02000057,2021,0.025043474588724947,4.524963679875594e-5,0.013811798121223904,0.038737141780632804,0.024925343659408898
W02000058,2021,0.026748427014340544,9.017089197237927e-5,0.01330286624786883,0.04815296889102269,0.03485010264315386
W02000059,2021,0.02688471043487263,7.287162188193314e-5,0.013659777781606127,0.04682176536701929,0.033161987585413166
W02000060,2021,0.02670127267003933,8.18366475682226e-5,0.011052510564460868,0.04526227491425154,0.03420976434979067
W02000061,2021,0.02862303312131974,1.1137267203429471e-4,0.012252228058029987,0.054099623365197004,0.04184739530716702
W02000062,2021,0.025532022957849183,6.547365375635526e-5,0.012808469082243566,0.042458670147599305,0.02965020106535574
W02000063,2021,0.0233879837987447,4.658208885485323e-5,0.012191761782466311,0.038098735437542386,0.025906973655076077
W02000064,2021,0.02669692913055065,1.302128988520378e-4,0.011356765364327823,0.054251373122079144,0.04289460775775132
W02000065,2021,0.027390384694091052,1.1867546657644778e-4,0.012115657419374716,0.0574173164404365,0.045301659021061785
W02000066,2021,0.026590478596966803,9.0904180685219007e-05,0.010965566369442181,0.046552274010908515,0.035586707641466334
W02000067,2021,0.02493324835753319,7.262368873018322e-5,0.011309862529104164,0.042884998382942394,0.031575135853838227
W02000068,2021,0.02933006737975414,1.3010697198349088e-4,0.01471008088376372,0.058003263866628164,0.04329318298286444
W02000069,2021,0.024081570048646153,5.654612629083133e-5,0.012224870924954216,0.041878857405958314,0.029653986481004098
W02000070,2021,0.026472790174940006,7.720891265719308e-5,0.011754910807825973,0.04551532794674088,0.03376041713891491
W02000071,2021,0.024918271111220674,6.971322883119805e-5,0.012247930815354247,0.0429686202457418,0.030720689430387554
W02000072,2021,0.027661195748435737,8.286292403695967e-5,0.013885130179774951,0.04833843238767682,0.03445330220790187
W02000073,2021,0.02390229131246854,6.235323790268292e-5,0.011755506247953799,0.04029462594857639,0.028539119700622593
W02000074,2021,0.026904033410801532,6.411165035615724e-5,0.01362240300713497,0.0451624429683606,0.031540039961225626
W02000075,2021,0.025928712124378354,6.952993908023129e-5,0.013098191194578456,0.04602383629324578,0.03292564509866733
W02000076,2021,0.025071310490095037,5.153761461507482e-5,0.014214019675201157,0.042258569319322085,0.02804454964412093
W02000077,2021,0.025023701561213245,4.814102480364987e-5,0.01382534114820057,0.04153220909970955,0.02770686795150898
W02000080,2021,0.02684244139002678,8.29535314033188e-5,0.01125382476234652,0.04800221443526233,0.036748389672915806
W02000081,2021,0.02728441678178494,7.835430866812692e-5,0.012885382319859761,0.046561859830525486,0.03367647751066573
W02000082,2021,0.028641350757584314,1.0265970631400358e-4,0.013960068415324208,0.05281639377388044,0.03885632535855624
W02000083,2021,0.027226716269739968,6.866424911141206e-5,0.014237032265481508,0.04475566448995563,0.030518632224474124
W02000085,2021,0.025465450670647902,7.660478285154498e-5,0.01216190315250836,0.044652799317865685,0.03249089616535732
W02000087,2021,0.03820143579824088,2.4776266589622174e-4,0.01623731930508386,0.07585131208442256,0.059613992779338695
W02000088,2021,0.02852666442620019,9.471608562131977e-5,0.01216954996485806,0.050581813377564816,0.03841226341270676
W02000089,2021,0.03400557435984352,3.190808156203578e-4,0.011522743567699414,0.07523107911378143,0.06370833554608202
W02000090,2021,0.026523201237290444,5.741337893805365e-5,0.014834234087876328,0.04343194184946354,0.028597707761587217
W02000091,2021,0.02705312934242716,7.84677271022337e-5,0.013352305313710174,0.04667747102026401,0.03332516570655383
W02000092,2021,0.026949068258995616,6.757839738457191e-5,0.013430866163037201,0.04468316233026521,0.03125229616722801
W02000093,2021,0.02739972550942712,5.4524863194702336e-5,0.014245719044045577,0.04237701017471181,0.02813129113066623
W02000094,2021,0.0273762431793752,7.335225096345961e-5,0.013558518017852912,0.045991239051942565,0.03243272103408965
W02000095,2021,0.024908485107274926,7.206270741211684e-5,0.011529026839360962,0.0454120179956665,0.03388299115630554
W02000096,2021,0.028241920655758184,8.051255027594396e-5,0.015258493992979759,0.0486200325732697,0.033361538580289944
W02000097,2021,0.028495407376559975,7.17622962122039e-5,0.016674321248707324,0.047917311102264784,0.03124298985355746
W02000098,2021,0.024928429842231606,5.65196782927999e-5,0.013511764284040648,0.04190567548903225,0.0283939112049916
W02000099,2021,0.02506890415299949,7.124141101089904e-5,0.01118644933568466,0.04464363746359119,0.03345718812790653
W02000100,2021,0.030338797222844605,6.975845670456417e-5,0.017627356650169276,0.04890951272558052,0.031282156075411245
W02000101,2021,0.026081666679762264,6.438013824225841e-5,0.013606910043596045,0.04585181313761101,0.03224490309401497
W02000102,2021,0.029315242255997014,8.324043764695035e-5,0.015792498570983308,0.048794313958109216,0.033001815387125905
W02000103,2021,0.029723416505318165,7.981259135165687e-5,0.017062174611176005,0.051653389185166654,0.03459121457399065
W02000104,2021,0.03372135774057877,1.1168707936534073e-4,0.01719226831795065,0.05944364874601277,0.04225138042806212
W02000105,2021,0.03604856754841467,1.5870252384284146e-4,0.017050169221211744,0.0650991911415253,0.04804902192031356
W02000106,2021,0.027889384702975938,5.987425291694011e-5,0.01640216886242068,0.044109843216714156,0.027707674354293475
W02000107,2021,0.03012981133865649,8.214809030826625e-5,0.01598786471935031,0.04964768074716534,0.03365981602781504
W02000108,2021,0.03029053804083316,7.313606483172225e-5,0.01740663826518838,0.04845887719658739,0.03105223893139901
W02000109,2021,0.03952064323337511,2.097695675631555e-4,0.020911648095207125,0.07144359190846303,0.0505319438132559
W02000110,2021,0.027273405477471577,5.5037541004440575e-5,0.014795747984679124,0.042709628011685624,0.0279138800270065
W02000111,2021,0.024803730015976293,4.825589059607431e-5,0.013486728185051346,0.04012506601962747,0.02663833783457612
W02000113,2021,0.03269180395448812,1.7987623139296507e-4,0.014636967400909301,0.06625407178716318,0.05161710438625388
W02000114,2021,0.022894376292533124,4.2612246926112076e-5,0.011917606704018719,0.03638801941423138,0.02447041271021266
W02000116,2021,0.028407458303208684,8.541201325870489e-5,0.01433881847524306,0.05181160977142654,0.037472791296183486
W02000117,2021,0.04813672968271737,3.287858775390556e-4,0.022801315176659353,0.09694031582812065,0.0741390006514613
W02000118,2021,0.042613099744914035,1.973029204543663e-4,0.021656224556255585,0.0754815138206057,0.05382528926435011
W02000120,2021,0.028020019547268116,8.857317059481815e-5,0.014286780368739808,0.048476314911758855,0.03418953454301905
W02000122,2021,0.0280316884728857,6.866407917039796e-5,0.015120634239472994,0.044562501920673694,0.0294418676812007
W02000123,2021,0.0316539930869315,7.740023207000325e-5,0.017733780300838546,0.05307819111655785,0.035344410815719304
W02000124,2021,0.02613405100774029,7.02291708050832e-5,0.013428853376759153,0.04649350489584879,0.03306465151908963
W02000125,2021,0.027228566502585125,5.0702111997336505e-5,0.01589239548558394,0.04265570493309161,0.026763309447507665
W02000126,2021,0.028137626678690325,6.47335667025425e-5,0.015586976722619827,0.04606230298189909,0.030475326259279262
W02000127,2021,0.027263452388879398,9.37998890170456e-5,0.01227730520782263,0.04992552170258795,0.03764821649476532
W02000128,2021,0.02930567693262392,9.213265615272213e-5,0.013657700106039592,0.05370912312270539,0.040051423016665796
W02000129,2021,0.030133663300280195,7.667150312058426e-5,0.016083898760484355,0.0503722215056699,0.03428832274518554
W02000130,2021,0.03787683232225724,1.959184978538722e-4,0.01720591356913842,0.06810060906097641,0.05089469549183799
W02000131,2021,0.033264944552608824,1.1970254185738012e-4,0.01731519389220387,0.06034973720177075,0.04303454330956688
W02000132,2021,0.026100377490022485,7.792825590496079e-5,0.012820877743513695,0.04608374660206595,0.03326286885855225
W02000133,2021,0.034238988934575554,1.4962065145402006e-4,0.016221728456668607,0.06371864172518331,0.0474969132685147
W02000134,2021,0.033351932849829534,1.4837375002966341e-4,0.016098298501089195,0.0602116310840836,0.04411333258299441
W02000135,2021,0.03599635879678659,1.7828242062278862e-4,0.01633180159034723,0.06568961519533487,0.04935781360498764
W02000136,2021,0.02530178661561191,7.579624588195808e-5,0.0125577980356487,0.04832218275433242,0.03576438471868372
W02000137,2021,0.038831584630172195,2.2932625267941932e-4,0.01734391971638995,0.07363705439051399,0.05629313467412404
W02000138,2021,0.02463762694247432,1.1848326576126267e-4,0.008711252316315244,0.05100481735690841,0.04229356504059317
W02000139,2021,0.02289504445216065,7.915565380538332e-5,0.008969807981392137,0.04169260985210479,0.03272280187071265
W02000140,2021,0.022767545257706526,9.461439959255087e-5,0.007817302106024703,0.04604605502277867,0.03822875291675397
W02000141,2021,0.023233036956709474,9.50095060609968e-5,0.009412936842374021,0.04802163569563472,0.0386086988532607
W02000142,2021,0.028651816349060617,7.93961787991418e-5,0.017053152516304404,0.0489035156860562,0.031850363169751796
W02000143,2021,0.026263597514388056,4.5781948114830414e-5,0.013994110023062455,0.04104602127891026,0.027051911255847803
W02000144,2021,0.025973620806435428,5.951465828221954e-5,0.014299327395831223,0.042025362758041244,0.027726035362210022
W02000145,2021,0.023226650896637394,4.295807350803909e-5,0.011014502241860163,0.03746490110315165,0.026450398861291486
W02000146,2021,0.02535525403700319,5.811833542449899e-5,0.013321295538514761,0.044437673186308195,0.031116377647793434
W02000147,2021,0.03099879028649409,9.507686945802476e-5,0.01638474909184067,0.05325188012838136,0.03686713103654069
W02000148,2021,0.03221799164189589,1.4755854576355867e-4,0.015424929585916018,0.06504513392687769,0.04962020434096168
W02000149,2021,0.027587775809086702,8.235012539482977e-5,0.014034793722586682,0.04891155174699141,0.03487675802440473
W02000151,2021,0.024315952631327412,5.141568137041035e-5,0.011799945946482527,0.04013652394216335,0.02833657799568082
W02000152,2021,0.02560578807341744,5.529603378997482e-5,0.013322906598984465,0.043373934023357916,0.03005102742437345
W02000153,2021,0.0254078622812818,6.723463725009753e-5,0.012343813684542366,0.0458972016793865,0.03355338799484413
W02000154,2021,0.02565815516667878,6.837526500254986e-5,0.01231942819884977,0.04579023890638636,0.03347081070753659
W02000156,2021,0.025685528002557943,7.29790627181028e-5,0.01190084738241859,0.04599120760820166,0.03409036022578307
W02000157,2021,0.025742172806758775,7.273737201984876e-5,0.013297973303961066,0.04294325783659983,0.029645284532638764
W02000158,2021,0.027135175531432788,7.444333736560596e-5,0.014812303208460297,0.04622299737341437,0.031410694164954074
W02000159,2021,0.02961956094024908,9.171900497667091e-5,0.015286704299391843,0.052867589566666776,0.03758088526727493
W02000160,2021,0.025685612987807138,7.74150214549646e-5,0.013047901833547822,0.04956391518063209,0.03651601334708427
W02000161,2021,0.02644704408922763,9.496214073764265e-5,0.012201729920288826,0.05133103673129283,0.039129306811004
W02000162,2021,0.025302554320076845,8.489448828886699e-5,0.011031185457114265,0.049816816195145386,0.038785630738031124
W02000163,2021,0.028197710485233226,1.0407665282352325e-4,0.014520181831588267,0.0495675430518598,0.035047361220271536
W02000164,2021,0.02543868763887798,6.61201417863997e-5,0.012562790319398772,0.04578604023787234,0.03322324991847357
W02000165,2021,0.02959845282880452,1.4227233921759535e-4,0.013324283014650447,0.06304569346855339,0.049721410453902944
W02000166,2021,0.028396761621997533,1.0698043278348464e-4,0.014116646259196147,0.05343821670196825,0.039321570442772104
W02000167,2021,0.029807007609444644,1.4192867017594408e-4,0.012415441366082264,0.05903986490031089,0.04662442353422863
W02000168,2021,0.027561244066783647,8.691456076697333e-5,0.012138660723329496,0.04687618788717189,0.034737527163842395
W02000169,2021,0.02673128821280688,6.24761545315969e-5,0.014620888836908742,0.04705596636229832,0.03243507752538958
W02000170,2021,0.02333151238032296,6.680558516033277e-5,0.011251402595216434,0.04457942144147479,0.033328018846258356
W02000171,2021,0.023563024443956315,4.9331346540852735e-5,0.012870205346886581,0.04170627398901673,0.02883606864213015
W02000172,2021,0.023057751177549282,7.02660608640032e-5,0.00926526603679276,0.04264891779002253,0.03338365175322977
W02000173,2021,0.02534790587474047,6.462691127592446e-5,0.011326717712246108,0.04430921635760601,0.0329824986453599
W02000174,2021,0.021585906930241837,5.28536454154414e-5,0.010201318397385604,0.036247526276511635,0.02604620787912603
W02000175,2021,0.022065877127627944,6.079944117692238e-5,0.008400324841430221,0.03811652975469779,0.029716204913267565
W02000176,2021,0.02131659569574012,4.0732239891371066e-5,0.010943786093560889,0.0361083064563766,0.025164520362815714
W02000177,2021,0.022407799663316935,6.662391450719094e-5,0.010147026362084751,0.04006997250830788,0.029922946146223126
W02000178,2021,0.024932922682578545,8.2049394316276625e-05,0.010733132176230283,0.04536733971211882,0.03463420753588854
W02000179,2021,0.02156128047859232,5.4875339574467584e-5,0.010281197055894444,0.038594331473742305,0.02831313441784786
W02000180,2021,0.023236077084422768,5.365498940429004e-5,0.0106833781479699,0.03997162523259061,0.02928824708462071
W02000181,2021,0.022465150156724907,6.863662880279237e-5,0.011175870277695973,0.040187094618559016,0.02901122434086304
W02000182,2021,0.023780864856395353,7.317642064518504e-5,0.009765985372700924,0.04360375577320619,0.033837770400505264
W02000183,2021,0.02539711075154757,7.623932864979562e-5,0.012200665274239193,0.04613117156839246,0.03393050629415326
W02000184,2021,0.023981339203970085,5.6630412122604535e-5,0.01245773833033264,0.04073534846703754,0.0282776101367049
W02000185,2021,0.023173944952263617,7.249260092206987e-5,0.01002979942670007,0.04412726702114339,0.03409746759444332
W02000186,2021,0.024302980112551432,7.437036185134967e-5,0.011250405629362421,0.04359147248312797,0.032341066853765546
W02000188,2021,0.027173556174935772,1.1132564867112031e-4,0.010878837331156618,0.05186436802221193,0.04098553069105531
W02000189,2021,0.0249424862244211,6.226720359588347e-5,0.011861198260929979,0.041283163667971204,0.029421965407041225
W02000191,2021,0.03247541876118779,1.3199090880917339e-4,0.0155856058749081,0.059848159802461165,0.044262553927553065
W02000192,2021,0.027482299295718937,1.1593137758739005e-4,0.012040122728204285,0.054413986596065014,0.042373863867860725
W02000193,2021,0.03438792440743154,1.6685471320778937e-4,0.015104767952562638,0.06359589603272256,0.04849112808015992
W02000194,2021,0.02747671435748235,8.791324138078908e-5,0.012739659852734203,0.05000847402450634,0.037268814171772136
W02000195,2021,0.02234971652001119,6.210170839784069e-5,0.009520108852007228,0.03915676895017426,0.029636660098167032
W02000196,2021,0.028306500493765763,1.5303991553723405e-4,0.011867561798153951,0.058604533515808535,0.046736971717654584
W02000197,2021,0.02074985491801281,6.158374594178845e-5,0.010093162443191495,0.03972037952766218,0.029627217084470685
W02000198,2021,0.02687921580807579,1.1627090282933424e-4,0.011180470532089391,0.05259138545268775,0.04141091492059836
W02000200,2021,0.024400461588875842,5.124846849350097e-5,0.011476081921354488,0.03944831256807308,0.027972230646718593
W02000201,2021,0.023155543756795523,4.254176365417161e-5,0.012099739526064562,0.036161692610544534,0.024061953084479972
W02000202,2021,0.02503152937182039,5.108859984777867e-5,0.01439476732330224,0.04172272878652492,0.02732796146322268
W02000204,2021,0.022802164791679295,5.346567261276937e-5,0.011488707454052503,0.04094193221298431,0.029453224758931806
W02000205,2021,0.021355934142918493,4.626401150309477e-5,0.010668910948424377,0.03493391658823671,0.024265005639812334
W02000206,2021,0.01991555409759105,5.40421365314933e-5,0.008921510270576583,0.03558320000231153,0.026661689731734946
W02000207,2021,0.01932686732064231,3.2755415884967734e-5,0.009787054598553262,0.030934862200437445,0.021147807601884182
W02000208,2021,0.027727350531213085,8.903633224479464e-5,0.014023450972931877,0.052272730759344674,0.03824927978641279
W02000210,2021,0.02101384621036199,5.738323768992543e-5,0.00900804496110367,0.037335450460107875,0.028327405499004206
W02000211,2021,0.022443535835272595,6.705505471755781e-5,0.009839585038777684,0.04038452524257612,0.03054494020379844
W02000212,2021,0.02251033109687286,5.135004489942447e-5,0.011810130553026977,0.03823318455136028,0.026423053998333303
W02000213,2021,0.020195743805398278,4.9625707829674756e-5,0.009330347862515093,0.03669925348792022,0.027368905625405126
W02000214,2021,0.020026063461708345,7.000523767426936e-5,0.007672844676450825,0.03894157548531224,0.03126873080886142
W02000215,2021,0.019897130546943535,7.755616478198126e-5,0.00670391659504345,0.03791240828888459,0.031208491693841142
W02000216,2021,0.020998759446276487,5.1121377700077886e-5,0.009477383849655574,0.0375230788833095,0.02804569503365393
W02000217,2021,0.022672394554208438,4.798786117638008e-5,0.0115885798793577,0.0364690392461328,0.024880459366775104
W02000218,2021,0.024585133757765682,6.276541593019172e-5,0.012345134701853295,0.04107703803440898,0.028731903332555684
W02000219,2021,0.02247358252466507,5.629212191172161e-5,0.010574262102570583,0.03934038845922773,0.028766126356657144
W02000220,2021,0.024857696104044123,5.4238913507919555e-5,0.012479355390844132,0.03883128949379104,0.02635193410294691
W02000221,2021,0.024073876348232517,4.764473290977926e-5,0.011320606246713643,0.039998541121074316,0.028677934874360673
W02000222,2021,0.023953816874019984,6.0134245685872556e-5,0.010818867414054556,0.038966048232193996,0.02814718081813944
W02000223,2021,0.02337591698513137,5.001005755646973e-5,0.012495428565467192,0.038153900394157864,0.025658471828690674
W02000224,2021,0.02523915662461988,6.644797245330818e-5,0.013189311582673788,0.04193901746533242,0.028749705882658634
W02000225,2021,0.025959229198421137,7.787453566051241e-5,0.012249415483174132,0.048128774925956685,0.03587935944278255
W02000226,2021,0.023846203161956705,5.1643334571190854e-5,0.011863874124805704,0.03899666183278455,0.027132787707978848
W02000227,2021,0.027088118026103884,6.800408316839237e-5,0.01445632497478099,0.04518696747064585,0.03073064249586486
W02000228,2021,0.03004113855903678,8.141195985048566e-5,0.015206587377793577,0.048078906489537915,0.03287231911174434
W02000229,2021,0.028038705028366775,1.039314484462803e-4,0.013164185911700977,0.05312495328145682,0.039960767369755845
W02000230,2021,0.025669635747357325,6.311811358896885e-5,0.013003512293853573,0.04622204310976938,0.0332185308159158
W02000231,2021,0.029548994314234234,1.2064245381005795e-4,0.012706997598397236,0.0536828028830119,0.04097580528461467
W02000232,2021,0.02476999152168425,6.171600102921402e-5,0.012920133089603788,0.04074718174107246,0.02782704865146867
W02000233,2021,0.025323858726521556,8.825384762991704e-5,0.01096278624830041,0.04391347897050518,0.03295069272220477
W02000234,2021,0.027065530654988266,1.1068003336976893e-4,0.011006694953877436,0.052038972469918385,0.04103227751604095
W02000235,2021,0.020985861480488983,6.772259116998284e-5,0.007886985771135576,0.04279419158515877,0.03490720581402319
W02000236,2021,0.02237752864893504,7.70752971698864e-5,0.008769178581673163,0.042453940789073163,0.0336847622074
W02000237,2021,0.026503781932117436,7.21421038746972e-5,0.014481001175344187,0.045751644899839114,0.03127064372449492
W02000238,2021,0.025482958572227002,5.390161267640698e-5,0.01377067944510552,0.04405042009611261,0.03027974065100709
W02000239,2021,0.02785810113600599,6.686377570383323e-5,0.014246932730881557,0.048675444130075254,0.0344285113991937
W02000240,2021,0.03453353028501578,1.5062658727954707e-4,0.016211030112555796,0.06489033341569575,0.04867930330313995
W02000241,2021,0.03170593217401255,1.4596656737243013e-4,0.013539450806385715,0.058677269256388595,0.04513781845000288
W02000242,2021,0.03093337347525495,1.0668499650052654e-4,0.015788453964088622,0.05717076538518552,0.0413823114210969
W02000243,2021,0.0339297202893863,1.1261701332599551e-4,0.01670641261454102,0.0591950977418811,0.04248868512734008
W02000244,2021,0.0301409143153889,8.72416919057601e-5,0.014699531550981717,0.04947984758359322,0.0347803160326115
W02000245,2021,0.03409530757782528,1.0866163849560825e-4,0.017367267021967604,0.05734548941769432,0.03997822239572672
W02000246,2021,0.02915809011184739,9.489076317937672e-5,0.014400028413975037,0.04933650237072723,0.034936473956752194
W02000247,2021,0.02710659319011057,8.714613344003801e-5,0.013401376419473823,0.04974251287554586,0.03634113645607204
W02000248,2021,0.03627433403585569,1.6070234688472066e-4,0.01705981614545357,0.06576708574910985,0.048707269603656275
W02000249,2021,0.038665202028219575,1.682441760817869e-4,0.01797404645448599,0.06730112335121781,0.04932707689673182
W02000250,2021,0.02843051365467335,8.677228669437842e-5,0.014862892521197244,0.05013472902599214,0.0352718365047949
W02000251,2021,0.035728599684226293,1.2339040762397198e-4,0.020907006720324414,0.06080515910474853,0.03989815238442411
W02000252,2021,0.024925210857340938,4.474237831487064e-5,0.014220274545840211,0.041968744061742544,0.027748469515902333
W02000253,2021,0.026302745336041374,7.828478805852726e-5,0.01296831510448353,0.0475447061512287,0.034576391046745175
W02000254,2021,0.02606199496193659,6.675288286015253e-5,0.01318743861744164,0.04605381508276163,0.03286637646531999
W02000255,2021,0.025820998986250707,5.883024023314518e-5,0.01327863053591825,0.042503667719720806,0.029225037183802555
W02000256,2021,0.02593150713916489,5.27561505869718e-5,0.013520079756926123,0.04267529044322618,0.02915521068630006
W02000257,2021,0.02584598613998008,6.029625919169745e-5,0.013872268454006107,0.043860283584845214,0.029988015130839107
W02000258,2021,0.026564099528229964,6.735330423151818e-5,0.014031128584114797,0.04504084793730744,0.031009719353192647
W02000259,2021,0.026715375134863408,8.608612152386854e-5,0.012750129061165294,0.04762943163024452,0.03487930256907923
W02000260,2021,0.027729019346422912,5.8122822359485396e-5,0.015184200201066483,0.04359790341994176,0.028413703218875278
W02000261,2021,0.02425993520482098,6.084847893166422e-5,0.011943895438369455,0.04170058902391182,0.029756693585542365
W02000262,2021,0.024282534116563583,7.45153314007607e-5,0.011614271317759231,0.045206499780677756,0.033592228462918525
W02000263,2021,0.027107371062891544,5.655224569082176e-5,0.013070703697672166,0.042692114541975267,0.0296214108443031
W02000264,2021,0.028000876786645174,6.63282220164295e-5,0.014722816119040583,0.045067284006314774,0.03034446788727419
W02000265,2021,0.025069104459342198,5.8937017699836275e-5,0.012500380632890312,0.04050404211835652,0.02800366148546621
W02000266,2021,0.02693375906321838,6.026741354584057e-5,0.014385409577829713,0.042538268406065394,0.02815285882823568
W02000267,2021,0.026661819659335423,9.6265034975579e-5,0.012275435808707416,0.048986193588302855,0.03671075777959544
W02000268,2021,0.02766126605111979,6.636533561562601e-5,0.014655637218942804,0.04462795928071561,0.029972322061772808
W02000269,2021,0.02584182887752567,5.643539895841396e-5,0.013759254358136255,0.043006303956232374,0.02924704959809612
W02000270,2021,0.02754967120204444,6.152876067198121e-5,0.015211773623944883,0.04472182440627722,0.029510050782332337
W02000271,2021,0.028675491604908638,1.0099734068941142e-4,0.013481273811724129,0.051540905375511495,0.03805963156378737
W02000272,2021,0.029247410119334887,7.423901153074911e-5,0.015556183615804554,0.05242604237735043,0.03686985876154587
W02000273,2021,0.03626758048041358,1.2744123104611025e-4,0.017269686378896733,0.060910761661434665,0.04364107528253793
W02000274,2021,0.030428060426367434,8.134623137792461e-5,0.01631183665313008,0.0510027526857764,0.03469091603264632
W02000275,2021,0.026520923200786937,5.587438052046592e-5,0.014641851768758912,0.0427875394153141,0.02814568764655519
W02000276,2021,0.02985152155490926,8.86242592148532e-5,0.016712291549051787,0.05590821112934727,0.03919591958029548
W02000277,2021,0.028622706313173173,6.786788484874287e-5,0.016740350239897596,0.04637079530398156,0.029630445064083966
W02000278,2021,0.032517939041133,9.230197230556596e-5,0.017827717334415114,0.05330783568730724,0.03548011835289212
W02000279,2021,0.02755283411600684,6.32332795270905e-5,0.013237589106947365,0.043819322868642464,0.0305817337616951
W02000280,2021,0.02825892046240756,6.90287742175529e-5,0.014726456113734878,0.04417668263774567,0.029450226524010793
W02000281,2021,0.028062106085573014,5.248243983344175e-5,0.015871112840843568,0.04473085537713695,0.02885974253629338
W02000282,2021,0.030797124769389117,9.255884400500207e-5,0.015413988741442345,0.05375846999553882,0.03834448125409648
W02000284,2021,0.030631612295711937,7.903038934552127e-5,0.01729452885584476,0.05025970028078948,0.03296517142494472
W02000285,2021,0.026217465736308992,5.529139269500295e-5,0.014335875822367252,0.042158718264727654,0.027822842442360402
W02000286,2021,0.026763476306435583,7.04375366938771e-5,0.011400638778516277,0.04426807390430303,0.032867435125786756
W02000287,2021,0.030832479471350295,7.651843742087627e-5,0.01761054107604155,0.05238234879295344,0.03477180771691189
W02000288,2021,0.028888327455838296,5.994332396152019e-5,0.017637745076770576,0.04675533854537085,0.029117593468600277
W02000289,2021,0.030826466134267608,7.847787781996341e-5,0.016933443538791705,0.05017503963294007,0.03324159609414837
W02000290,2021,0.02848180554343596,6.695695950501734e-5,0.016792488461663015,0.04810164393770003,0.031309155476037014
W02000291,2021,0.02728880588487196,6.062210192695923e-5,0.015476991467514772,0.045332812666353306,0.029855821198838534
W02000292,2021,0.0263768525166456,6.177141542543979e-5,0.013297188213821476,0.04351234646639411,0.030215158252572635
W02000293,2021,0.02716212586220705,1.0003744954393439e-4,0.013068365824984697,0.05186902894793679,0.03880066312295209
W02000294,2021,0.024438386932909978,5.3509610999802875e-5,0.013200839069169384,0.04058721391312227,0.027386374843952885
W02000295,2021,0.024385020989211616,5.411443357197841e-5,0.01290668265160325,0.040635500754619434,0.027728818103016185
W02000296,2021,0.026338656196167824,5.377563070652313e-5,0.014648440908414396,0.04235432256225745,0.02770588165384305
W02000297,2021,0.027204741596605526,5.9548381042362607e-5,0.014891852012095204,0.04581304387203457,0.030921191859939363
W02000298,2021,0.024376215284759268,5.180835732304371e-5,0.011114940213772791,0.04082251600185321,0.029707575788080417
W02000299,2021,0.02457920023911446,7.558748312672929e-5,0.010539528337506644,0.04445220071639884,0.0339126723788922
W02000300,2021,0.02479423729897134,5.432930669691237e-5,0.01247037300687242,0.04090034683324731,0.02842997382637489
W02000301,2021,0.027427184914359363,5.274685869823652e-5,0.016434326955260495,0.045290073674272166,0.02885574671901167
W02000302,2021,0.027387065613056188,5.189363853462142e-5,0.015307662644303138,0.04205850573929686,0.026750843094993725
W02000303,2021,0.023994240178142983,5.1022694620335515e-5,0.012297484924323318,0.03963959476368062,0.027342109839357302
W02000304,2021,0.024536858496209242,4.832536828738472e-5,0.011717029732713633,0.040152372131674295,0.028435342398960662
W02000305,2021,0.02310400150565878,7.412201586541336e-5,0.009810234056658373,0.040132345566458935,0.03032211150980056
W02000306,2021,0.023378282091748734,4.882946527507975e-5,0.011724635530462447,0.03966270967588476,0.027938074145422313
W02000307,2021,0.029939656305653282,7.4823583651253e-5,0.016479586389160215,0.047728524083204195,0.03124893769404398
W02000308,2021,0.026946016736048784,6.650960328277687e-5,0.013903414023851653,0.04451673748461426,0.030613323460762606
W02000309,2021,0.025341574247838488,5.4084482777179324e-5,0.013471853535709092,0.041496691861030194,0.0280248383253211
W02000310,2021,0.02550028207022512,4.411179411864115e-5,0.013303435403506971,0.039341492050372115,0.02603805664686514
W02000311,2021,0.028497217527617715,7.729557525147242e-5,0.014351627301054055,0.04831348761863295,0.0339618603175789
W02000312,2021,0.02643930671128312,6.0468100929205577e-5,0.013866672560942216,0.0447740721565747,0.030907399595632486
W02000313,2021,0.02834801435052797,6.93702611030151e-5,0.014792683952465847,0.049297303755738625,0.03450461980327278
W02000314,2021,0.02441293164126025,5.0879988700787255e-5,0.012161494959507775,0.03926637193528508,0.027104876975777306
W02000315,2021,0.025391910547476297,7.435685450719415e-5,0.012162257326696384,0.045792369332070065,0.03363011200537368
W02000316,2021,0.025198625726560703,4.9776610317072534e-5,0.014357966800193965,0.04125740033563759,0.02689943353544362
W02000317,2021,0.024083257326980367,5.068127218317693e-5,0.012150518841317497,0.03926029813549896,0.02710977929418146
W02000318,2021,0.025574451905690306,5.5967899484909964e-5,0.012841337405188329,0.04147381201030921,0.028632474605120882
W02000319,2021,0.025625615613571257,5.7636144616330706e-5,0.01355197388216554,0.041939867961992366,0.028387894079826826
W02000320,2021,0.025187184899599646,4.3701584321760804e-5,0.014325288554172078,0.041377960164058716,0.027052671609886638
W02000321,2021,0.023031312018228993,5.292657196524331e-5,0.012100711979566772,0.03910620304364285,0.02700549106407608
W02000322,2021,0.0232666009447091,3.885830635965985e-5,0.012625216184262182,0.03687165409380366,0.02424643790954148
W02000323,2021,0.02492567848838234,6.347507892001516e-5,0.012905032698419923,0.044949197796101306,0.03204416509768138
W02000324,2021,0.023068991521269046,4.416748444543029e-5,0.010864986640188609,0.035147647856856735,0.024282661216668125
W02000325,2021,0.024332490691102666,6.120490049614365e-5,0.011228012971660236,0.03920051760001215,0.027972504628351914
W02000326,2021,0.02186610928242872,3.972141577687347e-5,0.011321429998462846,0.03655539168932577,0.02523396169086292
W02000327,2021,0.021551509767336368,4.52850799331994e-5,0.01119585012492717,0.037665754879945924,0.026469904755018755
W02000328,2021,0.021906568840888662,5.199405214101163e-5,0.010003242112168824,0.03760898223837963,0.027605740126210802
W02000329,2021,0.02232884528826214,5.141127487484957e-5,0.010651762424316423,0.03719600891086046,0.026544246486544035
W02000330,2021,0.021718591203183313,4.8868948609466694e-5,0.01057157597135486,0.037829454911244745,0.027257878939889884
W02000331,2021,0.027101720118171344,7.633253393213188e-5,0.012878942972276992,0.046872849253427384,0.03399390628115039
W02000332,2021,0.022767259300651866,5.103767480835244e-5,0.0114326481098082,0.039851142630805594,0.028418494520997394
W02000333,2021,0.025155766607447193,6.8340706934207e-5,0.011587156679400697,0.04295320651700682,0.03136604983760612
W02000334,2021,0.02365863105544747,5.174573529929928e-5,0.012539827891574208,0.04220125901636683,0.029661431124792623
W02000335,2021,0.021278615947101294,3.717551277780765e-5,0.011480964668101784,0.036077429350170574,0.02459646468206879
W02000336,2021,0.02238398400159512,4.2365848131466125e-5,0.01181171419412631,0.03631806533150864,0.024506351137382327
W02000337,2021,0.026774807864203345,1.1203001441617577e-4,0.01124121051954964,0.05285548377043829,0.04161427325088865
W02000338,2021,0.02332459480358371,4.627291645297691e-5,0.012861299554038332,0.039188307246126514,0.02632700769208818
W02000339,2021,0.01947760655796184,5.44211087265441e-5,0.008299705836393837,0.038117210509226215,0.029817504672832378
W02000340,2021,0.020932834948455513,4.280586433913766e-5,0.01054956096284167,0.0355945207903908,0.02504495982754913
W02000341,2021,0.020032502332362805,3.3512535778672595e-5,0.011031799169735346,0.03153352598619865,0.020501726816463305
W02000342,2021,0.02392926169541863,6.110061878497909e-5,0.011805900425392727,0.04016737907657614,0.02836147865118341
W02000343,2021,0.023558273191630424,6.815561475264969e-5,0.010158331224339668,0.04352964621634603,0.033371314992006365
W02000344,2021,0.02321756892636692,4.631593481372815e-5,0.011793255059245413,0.03800692744296583,0.026213672383720413
W02000345,2021,0.023402604726787644,8.644709105247155e-5,0.009498632844703602,0.04522305719831135,0.035724424353607745
W02000346,2021,0.024458362774113934,8.491380807143254e-5,0.011701885946407824,0.04571067845807994,0.03400879251167212
W02000347,2021,0.02314061927701205,5.6315397875110156e-5,0.011365494462553472,0.03980179146591109,0.02843629700335762
W02000348,2021,0.02095036844334639,5.948618837910719e-5,0.00850951476709575,0.03812547711640918,0.029615962349313428
W02000349,2021,0.022752751747022282,5.432540235619334e-5,0.010661906168650884,0.039379753367400454,0.02871784719874957
W02000350,2021,0.02223852342754084,4.781742313687179e-5,0.010996895425978483,0.038196891340274985,0.027199995914296504
W02000351,2021,0.01860953428963819,7.491317827943491e-5,0.005717224941964239,0.038512649103146966,0.032795424161182724
W02000352,2021,0.022916991170074712,6.793763976192514e-5,0.009148595606773773,0.04032014393837002,0.03117154833159625
W02000353,2021,0.019713235458029735,6.786424275237059e-5,0.006390482114056219,0.03766727734301118,0.03127679522895496
W02000354,2021,0.018500781554578554,5.33313491063033e-5,0.006361307810470191,0.033495195842631394,0.027133888032161203
W02000355,2021,0.023001146036570844,5.1726343136700456e-5,0.011488549519145597,0.04046023674626157,0.028971687227115975
W02000356,2021,0.022077639987826057,6.159806353335948e-5,0.008430399921941051,0.03856962184957009,0.030139221927629044
W02000357,2021,0.020307951267999183,7.536767848037826e-5,0.007318569336186284,0.040953517971947115,0.03363494863576083
W02000358,2021,0.023438454640849912,7.634046895814619e-5,0.010280368264651178,0.04409274209397966,0.03381237382932849
W02000359,2021,0.02105434653123234,7.836262430705437e-5,0.008589685706326301,0.04240064763701239,0.033810961930686084
W02000360,2021,0.02564817029522361,1.0724931998162077e-4,0.01021147312299089,0.0492416887436099,0.03903021562061901
W02000361,2021,0.02059225402344696,5.800661265149512e-5,0.008387964598490177,0.03703614445491904,0.02864817985642886
W02000362,2021,0.023033178289895644,6.715661297429012e-5,0.009610401072140604,0.042874943658363356,0.03326454258622275
W02000363,2021,0.022016525190456056,8.579411693125024e-5,0.0077806440625317295,0.04124756975935252,0.03346692569682079
W02000364,2021,0.027081640907091604,1.203461275197395e-4,0.009961971634910898,0.05219844125176077,0.042236469616849875
W02000365,2021,0.02764876105279935,1.0181673356075975e-4,0.011566890653971302,0.051435979776712895,0.03986908912274159
W02000366,2021,0.025098887310181322,5.0995616965226475e-5,0.012265917941989184,0.03847257875901966,0.026206660817030478
W02000367,2021,0.028302927981821904,7.81938001799012e-5,0.015228260771239593,0.04946337310438686,0.034235112333147265
W02000368,2021,0.033888852055769796,1.5746181755174293e-4,0.016297449695255272,0.06648861858289229,0.050191168887637014
W02000369,2021,0.030192382058929674,9.763643212779775e-5,0.016128062355261142,0.053466717091498736,0.0373386547362376
W02000370,2021,0.03181450683826855,1.3340687863896823e-4,0.015496791432506391,0.058788447040917235,0.04329165560841085
W02000371,2021,0.03202937886744497,9.456210673022045e-5,0.017277023484168885,0.055342024409192274,0.03806500092502339
W02000372,2021,0.03847188165858199,1.5219345815396912e-4,0.02131357500723888,0.0667922367733858,0.04547866176614693
W02000373,2021,0.03470841758230342,1.3338720398671335e-4,0.017741598251083845,0.062381669271691906,0.04464007102060806
W02000374,2021,0.03513555043170135,1.1955030290046296e-4,0.019181370777291824,0.060722903874971174,0.04154153309767935
W02000375,2021,0.04173924528098303,2.4263518304884973e-4,0.019459712344233784,0.08812679860902678,0.068667086264793
W02000376,2021,0.03271446917963587,8.954329307174456e-5,0.018069385489017604,0.05399016861843218,0.035920783129414574
W02000377,2021,0.03172053118539486,1.2144465555312003e-4,0.015535157789218384,0.053288879023704286,0.0377537212344859
W02000378,2021,0.03251333545355281,1.2281953377683754e-4,0.01621691489310286,0.060497005490468894,0.04428009059736603
W02000379,2021,0.039441334937450105,2.4195624010707982e-4,0.01669994678272143,0.07817676704802104,0.06147682026529961
W02000380,2021,0.029794746078441268,8.160907741696563e-5,0.015472486569089025,0.048373240841290674,0.03290075427220165
W02000381,2021,0.038668083799376037,1.810455761263312e-4,0.019500167369983605,0.07167681278466834,0.05217664541468473
W02000382,2021,0.03665767546600988,2.0156658478360734e-4,0.017653815099194274,0.07134161798935716,0.05368780289016289
W02000383,2021,0.03350436033246748,1.2601423277931427e-4,0.015320271141010604,0.060643960680197756,0.045323689539187154
W02000384,2021,0.03019335390948704,6.83943507467114e-5,0.015415257208832758,0.048376190204274194,0.032960932995441436
W02000385,2021,0.038424501896514744,1.1089748377912339e-4,0.02251319631898524,0.062374510508038314,0.039861314189053074
W02000386,2021,0.030142149305655234,1.0183222468377577e-4,0.013206570358452584,0.051876445682852906,0.03866987532440032
W02000387,2021,0.03141003862837158,1.0515440253219456e-4,0.017082602577712172,0.054938250583748564,0.03785564800603639
W02000388,2021,0.033881720615642,1.3779701104838705e-4,0.018070659098202997,0.0656401219336846,0.0475694628354816
W02000389,2021,0.033214539248439416,8.441336990567146e-5,0.018356260671347997,0.05230874746342608,0.03395248679207808
W02000390,2021,0.03473021743702107,1.2955823564195934e-4,0.015519614651955326,0.06068346066307586,0.045163846011120536
W02000391,2021,0.048458379370499786,2.2793273968094274e-4,0.02509173317983177,0.08082291325794082,0.05573118007810905
W02000392,2021,0.03727181954584037,1.2489265367993303e-4,0.020595945020193553,0.06385796423224542,0.04326201921205187
W02000393,2021,0.036579737312017496,1.43951735363031e-4,0.018792856644993028,0.06743404902722502,0.048641192382231996
W02000394,2021,0.05105511804257727,2.6964334263040204e-4,0.025267909726630264,0.0922129106523045,0.06694500092567424
W02000395,2021,0.03730963582429084,1.4853821348788867e-4,0.01909800707046222,0.06829093909184983,0.04919293202138761
W02000396,2021,0.04566717182246521,2.0236320278161347e-4,0.024148719575133308,0.07582798958711447,0.05167927001198116
W02000397,2021,0.03708065866331385,1.3947523997073508e-4,0.019000134008352116,0.06396280937797887,0.04496267536962675
W02000398,2021,0.062451370385117284,4.169445551458405e-4,0.03267019227208154,0.11254590492180327,0.07987571264972174
W02000399,2021,0.04942649986032001,3.0158070505097395e-4,0.025912418239224935,0.09097253788722348,0.06506011964799854
W02000400,2021,0.03984604323174541,1.2470354785780796e-4,0.02179275491929062,0.07009604484680897,0.048303289927518346
W02000401,2021,0.0462793253389439,2.547103358924307e-4,0.022100817419936056,0.08833711814584183,0.06623630072590578
W02000402,2021,0.04621676078116238,2.7192249244676096e-4,0.023292172721011445,0.08787101175321782,0.06457883903220638
W02000403,2021,0.038368629250032565,1.660780544372367e-4,0.019921181456621206,0.07448031512205724,0.054559133665436035
W02000404,2021,0.04252017829370566,1.9456311044436245e-4,0.022700103654552023,0.07075442071267438,0.04805431705812235
W02000405,2021,0.03904553298673432,1.9431357613718478e-4,0.018663839060153457,0.07479466155389049,0.056130822493737034
W02000406,2021,0.05086889600278451,3.3904629658369957e-4,0.02585394601181841,0.09738646584554467,0.07153251983372626
W02000407,2021,0.03476556942953488,2.0328498481928523e-4,0.015273273137485601,0.07232644169201244,0.057053168554526835
W02000408,2021,0.04493246579190121,2.3816840453816835e-4,0.020803154718303626,0.07977318430856536,0.058970029590261736
W02000409,2021,0.036162773499812506,1.6131929749793302e-4,0.017747125770489983,0.06555005739655181,0.047802931626061834
W02000410,2021,0.056694869925687806,4.6429649785043216e-4,0.02883511799751887,0.1130231766884362,0.08418805869091733
W02000411,2021,0.03709133417419352,2.4257003245690124e-4,0.016164450561548426,0.07732860023235971,0.06116414967081128
W02000412,2021,0.045135001470858485,1.9804747738607812e-4,0.02551059021927065,0.08104058671427938,0.055529996495008734
W02000414,2021,0.0252258272071886,4.684902472086574e-5,0.014561893815897838,0.04053068297742085,0.025968789161523013
W02000415,2021,0.030005674956520026,7.703623360412991e-5,0.016209804113271525,0.05142032693529358,0.035210522822022056
W02000416,2021,0.023829084070912093,3.558813221773588e-5,0.013577440995574234,0.03572154692341239,0.022144105927838154
W02000417,2021,0.02391596081584224,4.8563905089199906e-5,0.012468672787678978,0.037831666822365634,0.025362994034686656
W02000418,2021,0.02757448413422196,7.20970568544809e-5,0.015036018983438749,0.04679590391700364,0.031759884933564894
W02000419,2021,0.02189279982200242,6.892478739736737e-5,0.00930473542865415,0.04033460616257889,0.03102987073392474
W02000421,2021,0.029936792003850465,6.174795695772475e-5,0.017394702807906746,0.049662422710019874,0.03226771990211313
W02000422,2021,0.05224479216175333,3.22504941421913e-4,0.028163095674608334,0.09747507468353403,0.06931197900892569
W02000423,2021,0.04644495084964185,1.8579224271634683e-4,0.026066106631466246,0.08425962181048274,0.0581935151790165
W02000424,2021,0.02558414272425032,5.985935618680689e-5,0.012515855515633579,0.04259949164129351,0.03008363612565993
W02000425,2021,0.035140322752666285,1.1884665079063185e-4,0.01762968878046573,0.060996025685763074,0.04336633690529734
W02000426,2021,0.026094569429898053,1.0833910409349375e-4,0.011498623921291154,0.05349284284474175,0.041994218923450594
W02000427,2021,0.02280916194935476,3.525356039504825e-5,0.01307979201995308,0.0349573529788763,0.021877560958923216
W02000428,2021,0.024200486312457112,5.9419689564730804e-5,0.011625181678765162,0.04178296195734243,0.030157780278577268
W02000001,2023,0.034687424335283344,1.3501765783787735e-4,0.01704642752813941,0.06367179751593918,0.04662536998779977
W02000002,2023,0.02753934102765288,6.678917853350746e-5,0.013561656482195681,0.04492421166204498,0.0313625551798493
W02000003,2023,0.05784201449292669,7.104401725416952e-4,0.020745440423829597,0.12184986871991865,0.10110442829608905
W02000004,2023,0.046062207798074926,2.671682762197099e-4,0.022686390007841298,0.08488333092359171,0.06219694091575041
W02000005,2023,0.025812527270186614,7.472606242214951e-5,0.011798935254207523,0.04467923638376442,0.032880301129556894
W02000006,2023,0.03703996897643715,1.1442940344767894e-4,0.018824032732708662,0.06209940603789131,0.04327537330518265
W02000007,2023,0.043355846125639294,0.00018044050515752968,0.022518831000334597,0.07352759152904478,0.05100876052871019
W02000008,2023,0.02767230936425721,1.2150140577151948e-4,0.012062059649080518,0.052837226374648105,0.04077516672556759
W02000009,2023,0.03289436878670858,1.0899058137415964e-4,0.018222153270231505,0.05810284437211458,0.03988069110188308
W02000010,2023,0.045625397543794605,4.3554691501515184e-4,0.015376822888095984,0.10131513807302239,0.08593831518492641
W02000011,2023,0.0359835467642112,1.5758866008390925e-4,0.016623905259163227,0.06316056570864487,0.04653666044948164
W02000012,2023,0.033733317633598624,1.0300101088102079e-4,0.016418940397203517,0.05984383397336385,0.043424893576160334
W02000013,2023,0.03517177095362831,1.462535225436353e-4,0.014687235978198904,0.06012902704208814,0.045441791063889236
W02000014,2023,0.03581751659564279,1.020146714911918e-4,0.020291728394897998,0.06017024566703853,0.039878517272140535
W02000015,2023,0.03413067739100292,1.9257448059666467e-4,0.014685949512668025,0.06716202871909972,0.0524760792064317
W02000016,2023,0.033511359198943075,1.2452077673657126e-4,0.01734186609867462,0.0585246295241795,0.04118276342550488
W02000017,2023,0.03432065616998769,1.3912173422489594e-4,0.017057082819035757,0.0635210622791264,0.04646397946009065
W02000018,2023,0.03523442410607305,9.875315877552838e-5,0.020798759133463733,0.05639613030391412,0.035597371170450386
W02000019,2023,0.031378098473299795,9.603699460113405e-5,0.0167764273100123,0.05323470912054295,0.03645828181053065
W02000020,2023,0.033595382354063945,1.4800358026696752e-4,0.017086404103284002,0.06410619793684785,0.04701979383356385
W02000021,2023,0.03489281527399976,2.2212029166579164e-4,0.013860887819332736,0.07121419497715609,0.05735330715782335
W02000022,2023,0.028747052013022155,7.12518618173453e-5,0.013569872456073044,0.047957177572561974,0.03438730511648893
W02000023,2023,0.032088411376213336,2.7282980993484455e-4,0.00967204931465529,0.07129383945148413,0.061621790136828836
W02000024,2023,0.03670168129139031,8.768211544618545e-5,0.022783484676271053,0.05650059751856312,0.03371711284229207
W02000025,2023,0.033370239199240696,9.03560133457509e-5,0.018368998554277025,0.05454261179643306,0.03617361324215604
W02000026,2023,0.03412605831626936,1.0876396412452939e-4,0.019549011705516504,0.06256473525812829,0.04301572355261179
W02000027,2023,0.025097564846921647,1.6947525019356353e-4,0.007392669687575698,0.05239445145784039,0.0450017817702647
W02000028,2023,0.02542888608309769,1.1250636862879735e-4,0.009677619212601726,0.04653314732624419,0.03685552811364246
W02000029,2023,0.025056212439496402,7.89113363792072e-5,0.010551680324609788,0.046389757136419824,0.03583807681181003
W02000030,2023,0.025857793912468927,9.770675055861948e-5,0.009607081592413282,0.04543757237853148,0.0358304907861182
W02000031,2023,0.02985603080364249,1.2760802248999606e-4,0.013852262869941335,0.061820734959716454,0.047968472089775116
W02000032,2023,0.02558873376074393,9.541004638051509e-5,0.010234394215800892,0.04635281786892756,0.03611842365312667
W02000033,2023,0.03327113788978937,1.2172440708111218e-4,0.01450804193797778,0.0563144637889848,0.041806421851007025
W02000034,2023,0.034696095690753916,1.447343224213946e-4,0.0166698082786951,0.06530262486037594,0.04863281658168084
W02000035,2023,0.032216384708714185,9.844947593615742e-5,0.016095001935452605,0.05461996699104522,0.03852496505559261
W02000036,2023,0.029546825805298244,8.373851068343473e-5,0.01586638072698071,0.05052152746069755,0.03465514673371684
W02000037,2023,0.030576055988700016,7.585793447033343e-5,0.01487554828243247,0.049261306632741184,0.034385758350308715
W02000038,2023,0.029273692610636053,8.14199201793387e-5,0.014545875237830762,0.05004045339796156,0.035494578160130796
W02000039,2023,0.02960815643804335,1.0266224978044156e-4,0.014032104791558572,0.053109490627362414,0.03907738583580384
W02000040,2023,0.032640169455269166,9.376665773007872e-5,0.017069318001739393,0.05463735075100838,0.03756803274926899
W02000041,2023,0.03290538528958139,6.51073203226005e-5,0.01988768187389233,0.051402267195118825,0.031514585321226495
W02000042,2023,0.03355459565810239,1.707225453842124e-4,0.015795743204874955,0.06558455744032606,0.049788814235451104
W02000043,2023,0.039310308347320466,1.9355798464227317e-4,0.020084405872483717,0.07458744479149537,0.054503038919011655
W02000044,2023,0.0367067333960713,1.3869088329086129e-4,0.01827544414655086,0.060764482997238196,0.04248903885068733
W02000045,2023,0.034681252503887906,1.583415510389119e-4,0.015919793701196075,0.06316774109237554,0.04724794739117946
W02000047,2023,0.034652265903033636,2.1323526368891748e-4,0.013253365764778305,0.06994286620789952,0.05668950044312122
W02000049,2023,0.03818935272261501,1.0339988181497041e-4,0.02251691599358322,0.058592909225425996,0.036075993231842775
W02000050,2023,0.03105140491804912,8.209819077826563e-5,0.016355583261972943,0.05275500022733289,0.03639941696535995
W02000051,2023,0.03482991049901455,1.0228795265321215e-4,0.019696206665386476,0.0582198978864938,0.038523691221107326
W02000052,2023,0.03829746487152583,1.46381134417874e-4,0.019844415861417143,0.06610846192279018,0.04626404606137304
W02000053,2023,0.03577593585681339,1.0254033378633301e-4,0.01939680409270063,0.059307918803903695,0.039911114711203066
W02000054,2023,0.03630226230169731,8.688498534247535e-5,0.02163110888319157,0.05837241455079294,0.03674130566760137
W02000055,2023,0.044246215439354836,2.063995530134102e-4,0.02138699581555314,0.08028098681981351,0.05889399100426036
W02000056,2023,0.03728153484497481,1.0825804070755037e-4,0.021671329130833174,0.06335708796281758,0.04168575883198441
W02000057,2023,0.035243797964470316,8.537171956275322e-5,0.021515423145641657,0.0553158892167742,0.033800466071132546
W02000058,2023,0.03743832582889894,1.4516918407563915e-4,0.02024151079812565,0.06729514872761624,0.04705363792949059
W02000059,2023,0.03831445875108832,1.5223452937456188e-4,0.019648824652248327,0.06756670097817664,0.04791787632592832
W02000060,2023,0.037580021930194905,1.4885046659190198e-4,0.01644388075248025,0.06243246872549002,0.04598858797300977
W02000061,2023,0.04102483176985672,2.027201511324541e-4,0.01825325873407587,0.07256152833327065,0.054308269599194776
W02000062,2023,0.03591420178943887,1.1874427061765861e-4,0.018811573190021906,0.05951115276674193,0.040699579576720026
W02000063,2023,0.03285793822909484,7.826280272405592e-5,0.016687310508295708,0.052517219982962035,0.03582990947466633
W02000064,2023,0.038031587693284664,2.408961601748385e-4,0.01601301424579312,0.0758876930447702,0.05987467879897707
W02000065,2023,0.038097356841094325,1.9378839403929587e-4,0.017646250348164534,0.07046192438850857,0.052815674040344034
W02000066,2023,0.03751245520879243,1.6899341118777132e-4,0.0151749209760599,0.06420162656690341,0.04902670559084351
W02000067,2023,0.035161460681068665,1.1928672481920277e-4,0.01660902138365055,0.05950268151844729,0.042893660134796736
W02000068,2023,0.041420641401276326,2.9400212494172035e-4,0.02029541434032835,0.07965124418353345,0.0593558298432051
W02000069,2023,0.03357053361887953,9.552156559758854e-5,0.018012526513631742,0.054968723717279455,0.03695619720364771
W02000070,2023,0.037072324166572065,1.4433859782018516e-4,0.017070732226329398,0.06438093916539153,0.047310206939062134
W02000071,2023,0.034945249915451115,1.0747399203319736e-4,0.018563038225479753,0.05664505236907494,0.03808201414359519
W02000072,2023,0.03896858230981703,1.536223752584226e-4,0.020330459253364873,0.0682354813040695,0.04790502205070463
W02000073,2023,0.033559133735336935,9.09692827936654e-5,0.017344716197557328,0.05239467816847579,0.03504996197091846
W02000074,2023,0.03785615681503949,1.22368426397946e-4,0.02026839163037788,0.06344595557188001,0.043177563941502135
W02000075,2023,0.03654921991108663,1.238603107313997e-4,0.01793269700772091,0.06300858577113758,0.045075888763416665
W02000076,2023,0.035302455775140656,8.689364851368188e-5,0.019643829088311436,0.056478112619685786,0.03683428353137435
W02000077,2023,0.03523639874681341,8.335004348790954e-5,0.019268277689821745,0.056078012526001336,0.036809734836179595
W02000080,2023,0.03788600395877401,1.4626399096345115e-4,0.01832996072105634,0.06669961732355612,0.048369656602499776
W02000081,2023,0.03900685562474879,1.4808898235924256e-4,0.019819129329694006,0.06796739406148196,0.04814826473178795
W02000082,2023,0.0407817309861874,1.8661103489578366e-4,0.02147762623822374,0.07446211533178512,0.052984489093561384
W02000083,2023,0.038143139334641106,1.1945746631753404e-4,0.02085747943322401,0.061549161499399985,0.040691682066175974
W02000085,2023,0.035646687385198904,1.2341350608308655e-4,0.018895945409796985,0.06134543512250576,0.042449489712708774
W02000087,2023,0.05398800919880721,4.5415454393617953e-4,0.02283421639954112,0.10503850149156187,0.08220428509202074
W02000088,2023,0.04028603462445553,1.7946195956257264e-4,0.019421291306329563,0.07031214388864673,0.05089085258231717
W02000089,2023,0.04752902132119789,5.730892418328997e-4,0.016724139523108632,0.10866166887649673,0.09193752935338809
W02000090,2023,0.03733538783374177,1.0411264151907493e-4,0.019869614564625694,0.06339968511113693,0.043530070546511236
W02000091,2023,0.03801543163594453,1.3480545207538314e-4,0.02018429564860555,0.06711376173224845,0.0469294660836429
W02000092,2023,0.03800106671356479,1.2514229748466843e-4,0.020020066101037137,0.06402039600764445,0.04400032990660731
W02000093,2023,0.038429781661448274,9.871736132985594e-5,0.02113490583579546,0.060426623014044056,0.0392917171782486
W02000094,2023,0.0386060293907558,1.3220547853847072e-4,0.01899239033669633,0.0653548125838655,0.04636242224716917
W02000095,2023,0.03496869110965013,1.363636339430644e-4,0.017124296459454395,0.061001095464841504,0.04387679900538711
W02000096,2023,0.03971441953927292,1.5265109630537604e-4,0.021560121487156948,0.0704900861419043,0.04892996465474735
W02000097,2023,0.03999484586235108,1.2253106082194464e-4,0.02316344350905645,0.06362331211660903,0.04045986860755258
W02000098,2023,0.03489779882735458,9.274566004378656e-5,0.01899290409900079,0.05725330763385712,0.03826040353485633
W02000099,2023,0.03523245914169446,1.3551755830175442e-4,0.016980411570491488,0.06257250205004383,0.045592090479552344
W02000100,2023,0.04267039831534837,1.1998380987827293e-4,0.02677786913266022,0.06866544988571643,0.041887580753056215
W02000101,2023,0.03614494170418121,1.0823549064913643e-4,0.019978771363092195,0.058853374271096694,0.0388746029080045
W02000102,2023,0.04160050770214801,1.6694290017569565e-4,0.024127227101360962,0.07426870908421505,0.05014148198285409
W02000103,2023,0.041570557802519614,1.348370351642545e-4,0.02663813213720373,0.07100212940860037,0.044363997271396644
W02000104,2023,0.047644464975474816,1.8195889501092325e-4,0.02726249921448164,0.0789213016478793,0.05165880243339767
W02000105,2023,0.050168144655890645,2.615608856311058e-4,0.025516863754384632,0.08586655864803483,0.0603496948936502
W02000106,2023,0.03870190191249447,9.101267477391767e-5,0.02320151829109697,0.059153825632332915,0.035952307341235945
W02000107,2023,0.04225717173777858,1.4856616015117592e-4,0.02365250933181704,0.07122629926582272,0.04757378993400568
W02000108,2023,0.04279265078213424,1.467491709193617e-4,0.026353692840256692,0.06950172134498861,0.043148028504731914
W02000109,2023,0.055268405045487475,3.3828721222533404e-4,0.02871512179607231,0.1032016091772133,0.074486487381141
W02000110,2023,0.03811841105062729,9.150208023234234e-5,0.02060807612667006,0.0564976549415126,0.03588957881484254
W02000111,2023,0.03484299198497776,8.186162553964219e-5,0.021078104850392104,0.05335731524049296,0.03227921039010086
W02000113,2023,0.04611346242487559,3.3045347621107765e-4,0.02092497043209766,0.08922318931106771,0.06829821887897004
W02000114,2023,0.0323174494817586,7.570664335407811e-5,0.017340460850963343,0.05062781906685217,0.033287358215888824
W02000116,2023,0.03995830039510407,1.4550751424048924e-4,0.02134942006086018,0.06744566515651486,0.04609624509565468
W02000117,2023,0.06607816012887899,5.491118013437775e-4,0.03232019480160462,0.11783424269732405,0.085514047895719425
W02000118,2023,0.058791621109900834,3.38135448719294e-4,0.031544530060945826,0.10328198860171017,0.07173745854076435
W02000120,2023,0.039673354418723265,1.626971230925129e-4,0.022347598587623717,0.0671822233725326,0.044834624784908884
W02000122,2023,0.039779052963551886,1.2775628542736097e-4,0.02169830117076968,0.06577314319949502,0.044074842028725345
W02000123,2023,0.04338143772895217,1.2791819807616452e-4,0.02663526303441087,0.07053315594737133,0.043897892912960465
W02000124,2023,0.03702331198079761,1.339506349679016e-4,0.01894298084202074,0.06801159739220272,0.04906861655018198
W02000125,2023,0.03838887846774483,9.054296622176413e-5,0.023354472029625,0.0588996594356586,0.0355451874060336
W02000126,2023,0.03975642576865763,1.1087111621951181e-4,0.023054666671455094,0.06470950339140838,0.041654836719953285
W02000127,2023,0.038264096270346284,1.7764688349407995e-4,0.019229227500051904,0.07176227641432784,0.05253304891427593
W02000128,2023,0.04122137898205214,1.7093926595486073e-4,0.020052819070152873,0.07196517304144356,0.051912353971290695
W02000129,2023,0.042591255646376,1.32304386806679e-4,0.025818853950807266,0.07057368807272349,0.04475483412191622
W02000130,2023,0.052638815367262386,3.3206946325211136e-4,0.02435025599672129,0.08990586360451383,0.06555560760779254
W02000131,2023,0.046990689304384874,2.1402869631541636e-4,0.02593360498192232,0.07933658224097472,0.053402977259052395
W02000132,2023,0.03675279773639741,1.3892241106556606e-4,0.01983120850775572,0.06511740790083126,0.045286199393075544
W02000133,2023,0.047992016943507534,2.524241578836545e-4,0.025015313438639636,0.08899365434746337,0.06397834090882373
W02000134,2023,0.047051264031820556,2.5903037291033303e-4,0.02343901753849005,0.08557872429553619,0.06213970675704614
W02000135,2023,0.05071224433165034,3.047634943815319e-4,0.024946505859692186,0.08667415487947375,0.06172764901978156
W02000136,2023,0.03567218982784756,1.3548592361799913e-4,0.01958980945943347,0.06200067779957033,0.04241086834013686
W02000137,2023,0.054593472492172654,3.8921518513195886e-4,0.026194985758705547,0.10115712217004974,0.0749621364113442
W02000138,2023,0.03469224304873619,2.146650542257275e-4,0.014691118199908915,0.0678131381979119,0.05312201999800299
W02000139,2023,0.03226526860126201,1.3231750697765638e-4,0.01405326145296881,0.05749776117930841,0.0434444997263396
W02000140,2023,0.03201260764216597,1.6302425101125147e-4,0.01185900654513036,0.060008750808275065,0.04814974426314471
W02000141,2023,0.03249358198224143,1.5259548874347394e-4,0.014310505609452583,0.05964848416469247,0.04533797855523988
W02000142,2023,0.040270441779389946,1.3019586282101388e-4,0.025063658343205522,0.0625983977912719,0.03753473944806637
W02000143,2023,0.037215853853080655,8.25570149882448e-5,0.02214874342840025,0.058036528729158,0.03588778530075775
W02000144,2023,0.036531636668715194,9.959435657619531e-5,0.021461459501217545,0.059069352036586836,0.037607892535369294
W02000145,2023,0.032832867572876547,6.920067795108411e-5,0.016561130216784674,0.049812902907804074,0.0332517726910194
W02000146,2023,0.03531261130746719,9.220289887785317e-5,0.01992186894028445,0.057566745541673715,0.037644876601389266
W02000147,2023,0.04330946987942236,1.371877472082843e-4,0.02484221893932882,0.07319147048778818,0.04834925154845936
W02000148,2023,0.04495248145793612,2.3694152348804315e-4,0.02332110890818534,0.07987682115670822,0.05655571224852288
W02000149,2023,0.03881746213598571,1.3515982454714382e-4,0.020525420634999833,0.06625635059690341,0.045730929961903574
W02000151,2023,0.03414992525667309,7.93372345738767e-5,0.01753090260957798,0.05198559531077662,0.03445469270119864
W02000152,2023,0.03582322604046587,8.978632511773448e-5,0.018928409610135085,0.056817750704451025,0.03788934109431594
W02000153,2023,0.03604500960740487,1.221670757347031e-4,0.019535259508028306,0.06143271517580079,0.04189745566777248
W02000154,2023,0.03656609670467247,1.2415515858451505e-4,0.018972111860327368,0.06475595937071088,0.045783847510383516
W02000156,2023,0.03608239739852817,1.1636936807441957e-4,0.019063931997959756,0.060485502421718566,0.04142157042375881
W02000157,2023,0.03627280408020464,1.1591971486157961e-4,0.020921003668056555,0.05969471182805587,0.038773708159999316
W02000158,2023,0.03801794046827821,1.3103753681574978e-4,0.021417022407579738,0.06366296589698694,0.0422459434894072
W02000159,2023,0.041200742882722595,1.5087504078058124e-4,0.0227528269941351,0.07053859768701817,0.047785770692883076
W02000160,2023,0.03651885311103225,1.308662689257379e-4,0.019261761749790746,0.06353991107549711,0.04427814932570637
W02000161,2023,0.0367589868376528,1.4933611379036005e-4,0.017472084385615178,0.06776366690181507,0.05029158251619989
W02000162,2023,0.03525692963655097,1.4343191174829526e-4,0.014782409415566727,0.06917142232131937,0.05438901290575264
W02000163,2023,0.03987709789689957,1.7671593978025747e-4,0.02122827472237048,0.07108131321058911,0.04985303848821863
W02000164,2023,0.035660186919109514,1.1140384014419215e-4,0.018013311255579426,0.05944984824656557,0.04143653699098615
W02000165,2023,0.0415466834375761,2.282578090586161e-4,0.020500837818681165,0.0783011129133023,0.057800275094621135
W02000166,2023,0.03985002059370508,1.7289316705571505e-4,0.020630178153562127,0.06957632902641375,0.048946150872851625
W02000167,2023,0.041903264676949686,2.2768652762158607e-4,0.019259223365903026,0.08342015138309955,0.06416092801719653
W02000168,2023,0.03945105994517482,1.619465239524527e-4,0.020843532761788783,0.06669004195554767,0.04584650919375889
W02000169,2023,0.03804199575653304,1.0846068454335093e-4,0.02221060609311342,0.0651947484639267,0.04298414237081328
W02000170,2023,0.033105131584575516,1.2626310190650797e-4,0.01733243173623044,0.062050679130085176,0.044718247393854736
W02000171,2023,0.03341912572318959,9.053476197407991e-5,0.01851105758230283,0.054063425775092634,0.035552368192789806
W02000172,2023,0.032935629959762645,1.404057552833397e-4,0.014283906129564938,0.0597009046027083,0.04541699847314336
W02000173,2023,0.03611866623060848,0.00012887903935586472,0.017919141288798894,0.06084320503096468,0.042924063742165786
W02000174,2023,0.030597230217139584,9.250849853409986e-5,0.014560054406738973,0.052666234801135865,0.038106180394396894
W02000175,2023,0.0313263671151297,1.1683866313943884e-4,0.012708690993401786,0.053754175443848994,0.04104548445044721
W02000176,2023,0.03040492055775059,8.139593872662309e-5,0.016915608524788524,0.052063892156376274,0.03514828363158775
W02000177,2023,0.032031424451800045,1.2757091633655267e-4,0.014536853349495782,0.05433288137796592,0.03979602802847014
W02000178,2023,0.03542942744526504,1.5440262008338112e-4,0.015329598838124809,0.06262695982011814,0.04729736098199333
W02000179,2023,0.030930201283060118,1.0480929075458025e-4,0.014921147777165283,0.052442356306553195,0.03752120852938791
W02000180,2023,0.03325561934892587,1.0340975206938099e-4,0.0167611028004098,0.054547406462809825,0.037786303662400024
W02000181,2023,0.03215029486938199,1.3362030852729305e-4,0.015852742250481774,0.05809815298991204,0.042245410739430264
W02000182,2023,0.03391781433320048,1.522041253532429e-4,0.015063988144590383,0.059703232843129714,0.04463924469853933
W02000183,2023,0.03656724033795746,1.5592950820170307e-4,0.017203845426758117,0.06413972444459373,0.046935879017835615
W02000184,2023,0.03438201845156411,1.1004017354986945e-4,0.018421998947764077,0.05949053305574038,0.041068534107976305
W02000185,2023,0.03280122535417572,1.3971500797187107e-4,0.014174128432507458,0.05950568908366169,0.045331560651154235
W02000186,2023,0.03510846999360517,1.4791969350443063e-4,0.016577767391928944,0.06182283561663943,0.045245068224710486
W02000188,2023,0.039259274226853956,2.312914177802312e-4,0.017569348868794542,0.07299817918427146,0.055428830315476914
W02000189,2023,0.03549552861811854,1.3536138181996868e-4,0.01650876262903462,0.06223606043608009,0.04572729780704547
W02000191,2023,0.04584388591573062,2.667193316916528e-4,0.02396549785036777,0.0825437321793725,0.058578234329004726
W02000192,2023,0.039376162166373165,2.248646357591148e-4,0.01821688912006071,0.07452348808792364,0.05630659896786293
W02000193,2023,0.04695789604811912,3.0362392222396217e-4,0.022250861047129276,0.08719435162595765,0.06494349057882837
W02000194,2023,0.03913577239903553,1.7544204712989235e-4,0.018286384484832774,0.0747768192626489,0.05649043477781612
W02000195,2023,0.032149725514871774,1.3384067043155826e-4,0.014800538759946073,0.05980805358201713,0.045007514822071056
W02000196,2023,0.04039692189705217,3.46976857029911e-4,0.01654878550643213,0.08265476187956976,0.06610597637313763
W02000197,2023,0.03001416289831391,1.3310280180713104e-4,0.014719188897765013,0.05599574405190999,0.04127655515414498
W02000198,2023,0.03860628030886079,2.660840274015866e-4,0.016515708174824686,0.07593840656262107,0.05942269838779639
W02000200,2023,0.03445627370662706,9.397119320215338e-5,0.01899557431040886,0.05575014638470056,0.0367545720742917
W02000201,2023,0.032660080982845334,7.380739941431744e-5,0.018078417415645583,0.05171238227509483,0.03363396485944925
W02000202,2023,0.03576083450189161,9.380197224959707e-5,0.02186075716570035,0.057142752871087575,0.035281995705387224
W02000204,2023,0.03171067934394167,9.610134632615462e-5,0.016104950386506944,0.05473704304036617,0.038632092653859224
W02000205,2023,0.029910844021474807,7.783094030643256e-5,0.014770684209590317,0.049375993012750974,0.03460530880316066
W02000206,2023,0.028357180340411327,9.852409196839053e-5,0.012542898058563363,0.05253837877189531,0.03999548071333195
W02000207,2023,0.027302833492896614,6.202403768696537e-5,0.014161405698831932,0.04607250300081176,0.03191109730197983
W02000208,2023,0.039759786848964716,1.6388846893069815e-4,0.020159942310811405,0.07127900197355125,0.051119059662739844
W02000210,2023,0.02974123459582119,1.041242868246477e-4,0.012989902805112506,0.05182802229964832,0.03883811949453582
W02000211,2023,0.03197533651724732,1.2168396409587644e-4,0.014138505019250423,0.056723344642463674,0.04258483962321325
W02000212,2023,0.031921084742774414,8.816537135506776e-5,0.01721686454753453,0.05308844497624443,0.0358715804287099
W02000213,2023,0.028991233497665893,9.962134467838084e-5,0.013514735667703138,0.048448407977993366,0.03493367231029023
W02000214,2023,0.02864719767335923,1.384494211745118e-4,0.0109528723616994,0.0551074338848425,0.0441545615231431
W02000215,2023,0.028160342328009645,1.3946105665755965e-4,0.010770614781302706,0.05417973992107461,0.0434091251397719
W02000216,2023,0.029553980508501408,9.627299093546917e-5,0.015202309274511917,0.052368383436207214,0.037166074161695296
W02000217,2023,0.03214803847789968,8.380597797752053e-5,0.017663860383672715,0.05132752817095526,0.033663667787282546
W02000218,2023,0.034714100947769465,1.1335155730585502e-4,0.017961112838070024,0.05974812316303068,0.041787010324960655
W02000219,2023,0.03165512489619784,1.043080131594868e-4,0.01508297032098391,0.0538036162534698,0.03872064593248589
W02000220,2023,0.035109220872334174,1.0933895803412746e-4,0.018357399915220594,0.05504960468703529,0.0366922047718147
W02000221,2023,0.033888603503321395,8.252052355126343e-5,0.018015403016810108,0.05166185035748501,0.0336464473406749
W02000222,2023,0.03358198208062731,1.0620086484634923e-4,0.016910900159193356,0.05719097584688549,0.04028007568769214
W02000223,2023,0.03302019587808359,8.230560941849633e-5,0.018845114760685986,0.05391295747009836,0.03506784270941238
W02000224,2023,0.03540939999369224,1.0740040001627803e-4,0.018628512065459495,0.057557690975779785,0.038929178910320286
W02000225,2023,0.03643008628920298,1.514268509422909e-4,0.01684599864288066,0.06767447056312387,0.05082847192024321
W02000226,2023,0.03344533525488681,9.312164806486947e-5,0.01705137439680527,0.05618741804597674,0.03913604364917147
W02000227,2023,0.03834387991146492,1.3227351360912452e-4,0.019657651651064593,0.0655286563442009,0.045871004693136305
W02000228,2023,0.04257128921871895,1.4797395411407385e-4,0.023348807157737628,0.06621582821497554,0.042867021057237914
W02000229,2023,0.039777749785230805,2.190939139242845e-4,0.018882171482295644,0.07549477930612102,0.05661260782382537
W02000230,2023,0.03648167623672136,1.235989952518133e-4,0.020470283588803376,0.06441290428341002,0.04394262069460665
W02000231,2023,0.042162695679706604,2.451615617622502e-4,0.01961245133965038,0.0833200086282671,0.06370755728861673
W02000232,2023,0.03484326208516956,1.0390936419333537e-4,0.018941505736330452,0.05719604574295595,0.038254540006625495
W02000233,2023,0.0357359731483183,1.5376027191962957e-4,0.017270181184680725,0.06155272970779005,0.044282548523109325
W02000234,2023,0.037859547595801735,2.0246598245820207e-4,0.016372141734839515,0.07070140325185373,0.05432926151701421
W02000235,2023,0.02955801206242782,1.2177527874779368e-4,0.011816097108375253,0.058869522970977334,0.04705342586260208
W02000236,2023,0.03137109895103037,1.4588483302605963e-4,0.01231008180007449,0.059544601469171995,0.0472345196690975
W02000237,2023,0.037494748611571316,1.3683360334087262e-4,0.02011140492382156,0.06374902376699565,0.04363761884317409
W02000238,2023,0.03606414375915154,1.033948367649754e-4,0.020261173856593657,0.06233763859477022,0.04207646473817656
W02000239,2023,0.039804755655663646,1.0278301453090666e-4,0.02224355465386882,0.0635724204803961,0.041328865826527283
W02000240,2023,0.04878642232366948,2.604798837892784e-4,0.0244545000545835,0.08631484962864666,0.06186034957406316
W02000241,2023,0.044588198746341595,2.602853964806191e-4,0.020990383334764794,0.0853169765466222,0.06432659321185741
W02000242,2023,0.04392687599440484,1.868604418821438e-4,0.023093856339374646,0.07458104810217,0.051487191762795356
W02000243,2023,0.04763054663500075,2.013345580902974e-4,0.026116515182519506,0.07553173498837276,0.049415219805853255
W02000244,2023,0.04290051948999597,1.5587214626047692e-4,0.024594151312504045,0.06845298454077516,0.04385883322827111
W02000245,2023,0.04769734996663116,1.7168462927236687e-4,0.02825329206833172,0.07784101155655739,0.049587719488225664
W02000246,2023,0.04065559407931082,1.706276118349078e-4,0.020642195107714548,0.0681939439531373,0.04755174884542275
W02000247,2023,0.037980744993649396,1.5708191369996925e-4,0.019170064045040167,0.0681232149873155,0.04895315094227533
W02000248,2023,0.05109869874884693,2.8753853780541603e-4,0.02608817194458614,0.09271776398342864,0.0666295920388425
W02000249,2023,0.053952227849354065,2.8287081822929823e-4,0.029297199879363446,0.09340862347203852,0.06411142359267508
W02000250,2023,0.0395201101978713,1.324054533362156e-4,0.022132731194141463,0.06399466712302836,0.041861935928886894
W02000251,2023,0.050439297076495644,2.177456714679939e-4,0.03137998508986524,0.08683349932523057,0.055453514235365334
W02000252,2023,0.0352132273964338,7.626780620000757e-5,0.021275737589895975,0.05699493619994711,0.035719198610051135
W02000253,2023,0.03703678090677292,1.3909964555837954e-4,0.01867811210739543,0.06982472119221231,0.05114660908481688
W02000254,2023,0.03707752573948041,1.1367855301463713e-4,0.02170926486276728,0.06463116179156095,0.04292189692879367
W02000255,2023,0.036951080098756216,1.0705405556848446e-4,0.020771199750532987,0.05948625909959365,0.038715059349060665
W02000256,2023,0.03674388535348458,9.526437701454586e-5,0.02159128240460533,0.05745837095938723,0.0358670885547819
W02000257,2023,0.036527641359831234,9.938092371593795e-5,0.02042423686635034,0.0572412966839763,0.036817059817625966
W02000258,2023,0.036966995639475746,1.1142409429674657e-4,0.02041150995654533,0.06192138534358664,0.04150987538704131
W02000259,2023,0.03782967523292793,1.3676329872740274e-4,0.01988296820216877,0.06984223257531788,0.04995926437314911
W02000260,2023,0.039179423937008497,9.695173733301977e-5,0.025149842293835798,0.06023180134194556,0.03508195904810976
W02000261,2023,0.03459856786790782,1.1522448951137343e-4,0.017820572862924156,0.05717446055472229,0.03935388769179814
W02000262,2023,0.03467657814085346,1.4418287371543116e-4,0.01688732916468496,0.06315610785533632,0.04626877869065136
W02000263,2023,0.0380264895291436,1.0072099888371234e-4,0.020722577871711105,0.059454930418761556,0.03873235254705045
W02000264,2023,0.039260773292321874,1.1940463077069044e-4,0.022924840753922787,0.0659763606512486,0.04305151989732581
W02000265,2023,0.035401635291455076,1.0869113740039326e-4,0.018813025975086238,0.05982231185629989,0.04100928588121365
W02000266,2023,0.038292120928326394,9.760021814276293e-5,0.019509432003321798,0.05856779503316413,0.039058363029842336
W02000267,2023,0.03779761021894681,1.8143199564804875e-4,0.01677515366355063,0.07138640068516808,0.054611247021617446
W02000268,2023,0.03937637838361922,1.228500023350283e-4,0.02339900647878975,0.06521593019988726,0.041816923721097514
W02000269,2023,0.036488188008011305,1.0207582967214417e-4,0.020943151046588192,0.05967799530045005,0.03873484425386186
W02000270,2023,0.038948892312727586,1.1127606211044093e-4,0.02178634193528268,0.06225368449224526,0.040467342556962584
W02000271,2023,0.040451595664885216,1.7666116227665215e-4,0.019930270011516926,0.07241891030252881,0.052488640291011884
W02000272,2023,0.041094910139383795,1.1547908821970548e-4,0.024857271015757833,0.06932432438719913,0.044467053371441294
W02000273,2023,0.050437845281057374,2.402900362197603e-4,0.02345291571615795,0.0840519030584096,0.060598987342251644
W02000274,2023,0.042873708602464075,1.561280286775184e-4,0.024266118811615493,0.0717593245739164,0.04749320576230091
W02000275,2023,0.03796848967230014,1.0751573592877082e-4,0.020925059840700498,0.06277425352651894,0.041849193685818444
W02000276,2023,0.04272499435272332,1.685302890029575e-4,0.02529106173152769,0.08104138802914689,0.055750326297619196
W02000277,2023,0.04046644105730838,1.2456138318799344e-4,0.022214281909185812,0.06487079252250352,0.04265651061331771
W02000278,2023,0.04588548649167944,1.764626466183477e-4,0.02844062317648275,0.07538139861465623,0.04694077543817348
W02000279,2023,0.03907844805087285,1.17294381528435e-4,0.021264573813755065,0.061736540527170695,0.04047196671341563
W02000280,2023,0.04035803244449961,1.3730102600106696e-4,0.02311593982469334,0.06714819959879134,0.044032259774098
W02000281,2023,0.03992023016314287,1.079446511712548e-4,0.024173904608497495,0.06331471203816938,0.03914080742967188
W02000282,2023,0.04366438494506903,1.483408787260752e-4,0.023845061007692195,0.07090496160086,0.04705990059316781
W02000284,2023,0.043377245662951466,1.4638365473173778e-4,0.026345722435791315,0.06999927255573121,0.0436535501199399
W02000285,2023,0.03706700810137823,9.618541453375766e-5,0.02160896740013169,0.05952280846767585,0.03791384106754416
W02000286,2023,0.038082175052086956,1.2601120057545027e-4,0.018194420159955316,0.060044652393572366,0.04185023223361705
W02000287,2023,0.04362235292565343,1.4117682495114566e-4,0.025555028487140807,0.07197051736347591,0.046415488876335106
W02000288,2023,0.04104322519345832,1.1697788904640076e-4,0.024051733839884296,0.0684312644494113,0.04437953060952701
W02000289,2023,0.04341749232359793,1.442665246505848e-4,0.026115956677908336,0.07314660410179108,0.04703064742388274
W02000290,2023,0.04007923852130622,1.1671635366100796e-4,0.023888527907918997,0.06984072676775777,0.04595219885983877
W02000291,2023,0.038540841511800615,1.0461199574467682e-4,0.022096476149000892,0.06464799211687976,0.042551515967878865
W02000292,2023,0.037050506537679946,9.891193679669766e-5,0.02013474756253817,0.05940990773722911,0.03927516017469094
W02000293,2023,0.037663142673407195,1.6055102998797848e-4,0.019556892111349616,0.0697601098334687,0.05020321772211908
W02000294,2023,0.03454915555677091,8.89412000313624e-5,0.02009873216802959,0.058066599498028004,0.03796786732999841
W02000295,2023,0.03450802158588305,8.997484959953472e-5,0.01831138574839505,0.05300348790425268,0.034692102155857635
W02000296,2023,0.03684122676005628,8.797829989813043e-5,0.02140725022688362,0.05765841781927378,0.03625116759239016
W02000297,2023,0.03799632016006403,1.0195257521416885e-4,0.022113931511080667,0.05847037188255361,0.03635644037147294
W02000298,2023,0.034204421295337045,9.778627694220138e-5,0.017463794363687127,0.05810980841417557,0.04064601405048844
W02000299,2023,0.03480583963406872,1.4087130869019988e-4,0.01602791287588484,0.06697284161715167,0.050944928741266826
W02000300,2023,0.035014761705155835,9.595708594322495e-5,0.020380357293462454,0.05559684281374335,0.035216485520280894
W02000301,2023,0.03855668574375167,9.250922234191984e-5,0.024100551513525206,0.06364857365514208,0.03954802214161687
W02000302,2023,0.03887453477752177,9.949277768957837e-5,0.022716096564831666,0.05963391888995408,0.03691782232512241
W02000303,2023,0.033767293634040255,8.74803134745361e-5,0.018579699077627302,0.056616498172737326,0.03803679909511003
W02000304,2023,0.03446791813798712,8.049973525958811e-5,0.01963477971351118,0.05500629428542633,0.035371514571915154
W02000305,2023,0.03297693517849487,1.402244351728508e-4,0.014693040911719168,0.05694024430454135,0.04224720339282218
W02000306,2023,0.033441135015800504,9.2381516207157215e-05,0.017771031127126392,0.05595641551118723,0.038185384384060835
W02000307,2023,0.04235442098050471,1.3302691692824225e-4,0.022630550624756364,0.06714975774401197,0.044519207119255604
W02000308,2023,0.03816856400962687,1.2378095428742055e-4,0.021036832071648155,0.06282536700744709,0.04178853493579894
W02000309,2023,0.03572009489524724,9.139084265557314e-5,0.01908147969761615,0.056490362935865374,0.03740888323824922
W02000310,2023,0.03527640634692025,7.552193916731039e-5,0.020034148722396988,0.05325581925193888,0.03322167052954189
W02000311,2023,0.04003721118547575,1.5107906874117842e-4,0.02215393297491567,0.06751734604255943,0.045363413067643764
W02000312,2023,0.03723477873219382,1.1295197861604003e-4,0.01945726553749331,0.05971593706134669,0.04025867152385337
W02000313,2023,0.03966517971127969,1.1961693199480612e-4,0.02283882241431741,0.06425656170647957,0.041417739292162165
W02000314,2023,0.03431052784384819,8.676306592421122e-5,0.018569537067037466,0.05443913711694289,0.03586960004990543
W02000315,2023,0.03595061799645118,1.2940140717969512e-4,0.01799643720436827,0.0620451084805816,0.04404867127621333
W02000316,2023,0.03580800741233501,9.72204567192233e-5,0.020986925709659536,0.06154934246005732,0.04056241675039778
W02000317,2023,0.03381046510467607,7.998635793407657e-5,0.01931764383648322,0.052805774805067825,0.033488130968584606
W02000318,2023,0.0361495734662105,1.0410814399230995e-4,0.019615371014861376,0.05841509661804645,0.03879972560318507
W02000319,2023,0.03626669852025858,1.1167388273236739e-4,0.019678630786703403,0.058138580677938534,0.038459949891235135
W02000320,2023,0.035425244831076744,8.55288557186015e-5,0.021521154653370796,0.05679346728523499,0.03527231263186419
W02000321,2023,0.03278822845789102,1.0061013966707119e-4,0.01771720750140128,0.05636318992574132,0.03864598242434004
W02000322,2023,0.03277540592609345,6.472879306674842e-5,0.018577629556290873,0.0500305153247184,0.03145288576842753
W02000323,2023,0.03541629029560506,1.1890359624567692e-4,0.019039121122430135,0.06038314155471082,0.041344020432280686
W02000324,2023,0.032464779037929783,7.737078883633465e-5,0.016623155200328588,0.051167433071527435,0.03454427787119885
W02000325,2023,0.034431710566215766,1.1871409685793323e-4,0.016762247118527956,0.05765630731901333,0.040894060200485374
W02000326,2023,0.0312196289734227,7.213563294807615e-5,0.01684653839947358,0.0507859134694218,0.03393937506994822
W02000327,2023,0.030278869616058728,7.983432844761117e-5,0.017138688529782883,0.049406170810917846,0.03226748228113496
W02000328,2023,0.030780340251311253,9.3675911390859e-5,0.014040210528465553,0.0538229235285697,0.03978271300010414
W02000329,2023,0.0318343335270583,9.386287012049581e-5,0.015616756005356948,0.05208280472864213,0.03646604872328518
W02000330,2023,0.03126257986385328,9.046021371444409e-5,0.017137607162521884,0.05433752045589477,0.03719991329337288
W02000331,2023,0.03861857071958042,1.525865403633338e-4,0.01945036940654765,0.06393316956397227,0.04448280015742462
W02000332,2023,0.03241504326787745,9.154392325094531e-5,0.017083400238182524,0.05394743162203568,0.03686403138385315
W02000333,2023,0.03563726470975782,1.319529111805067e-4,0.017291099078886152,0.062105265447197563,0.04481416636831141
W02000334,2023,0.03333041190303537,1.0515444948275903e-4,0.01832241148553341,0.05432247636246251,0.036000064876929104
W02000335,2023,0.03043951880134123,6.93007216214587e-5,0.017046085974073952,0.048796095315528434,0.031750009341454485
W02000336,2023,0.031738096490413016,7.791655923772494e-5,0.016591340616518558,0.05165599078549561,0.03506465016897706
W02000337,2023,0.03806067043816774,2.1452839754321012e-4,0.017291450416671947,0.07572886514910607,0.05843741473243412
W02000338,2023,0.03275117000900194,7.77047408060018e-5,0.018838742849145804,0.05402164205287113,0.03518289920372533
W02000339,2023,0.027682111550630068,1.1808345338604578e-4,0.011910431505913699,0.05024762209873532,0.03833719059282162
W02000340,2023,0.029815318928190563,7.489000253064968e-5,0.0153951247787796,0.04934461441973842,0.03394948964095882
W02000341,2023,0.028377110326425564,5.611422278660022e-5,0.01668576966671175,0.04393083220644769,0.027245062539735937
W02000342,2023,0.03376023294942237,1.2320369482327317e-4,0.01821473071320262,0.059674408496829326,0.041459677783626706
W02000343,2023,0.03314735822846959,1.285712376154302e-4,0.01622927264821538,0.059792894725585216,0.043563622077369836
W02000344,2023,0.03281926700949766,8.777780650805383e-5,0.01680012809511399,0.0554495079745086,0.03864937987939461
W02000345,2023,0.033077664090367484,1.620677636198076e-4,0.014870011171341024,0.06564792049100282,0.05077790931966179
W02000346,2023,0.03485319169474471,1.7550637259984372e-4,0.01724046271544854,0.06450276633601773,0.04726230362056919
W02000347,2023,0.032810047383964626,1.1525146395597428e-4,0.016774634653966874,0.05605664969258615,0.03928201503861928
W02000348,2023,0.029651392192674604,1.167889411384827e-4,0.01297476094074305,0.0557305471579405,0.04275578621719745
W02000349,2023,0.032199062931605044,9.621339722523832e-5,0.016119451081927735,0.05438255715711549,0.03826310607518776
W02000350,2023,0.03202095345221617,9.208838838633246e-5,0.016286966287954938,0.054117269113056435,0.0378303028251015
W02000351,2023,0.026355433711614782,1.4186303639848833e-4,0.008626864034568972,0.05440497222817724,0.045778108193608266
W02000352,2023,0.033206338806391074,1.4466658698105415e-4,0.01321468361781429,0.06081245866529894,0.04759777504748465
W02000353,2023,0.02809672152533508,1.2857309143857884e-4,0.010288972187830089,0.05239989567614238,0.04211092348831229
W02000354,2023,0.026272918969699743,1.0937746539085627e-4,0.010255305025718258,0.04908525028666433,0.03882994526094607
W02000355,2023,0.03294097970687091,9.625586519633006e-5,0.0180290148683774,0.05417356973132921,0.03614455486295181
W02000356,2023,0.03200186587518055,1.3310816503279838e-4,0.013256722944012903,0.058683855712706706,0.045427132768693805
W02000357,2023,0.02919086294906223,1.5417785362076207e-4,0.011182196015897242,0.05577876818223794,0.0445965721663407
W02000358,2023,0.03357913583889315,1.4390299812053835e-4,0.01424844671650062,0.061282984972450966,0.047034538255950345
W02000359,2023,0.030248008788719697,1.4884419044558885e-4,0.01312078793788089,0.05833312416541368,0.04521233622753279
W02000360,2023,0.03632507123444033,2.043013556731482e-4,0.014261592977523512,0.06709067558958687,0.05282908261206336
W02000361,2023,0.02927727494190511,1.0837164415231983e-4,0.01342285426841651,0.050602004321988844,0.037179150053572335
W02000362,2023,0.03268977537191716,1.2139176709814036e-4,0.013472797553633582,0.05799805303773668,0.044525255484103105
W02000363,2023,0.031651985228601576,1.8226657405200124e-4,0.0113488279958637,0.062417809327818964,0.05106898133195527
W02000364,2023,0.03848437276346355,2.281633734983769e-4,0.014644747691874935,0.07083362059282916,0.05618887290095423
W02000365,2023,0.03979476553077193,2.1720873030232378e-4,0.01630513083288445,0.07556662211598236,0.05926149128309791
W02000366,2023,0.03549592156662185,9.770679729708342e-5,0.01899467775803283,0.05813613195638779,0.039141454198354964
W02000367,2023,0.04024924679057577,1.38379241023665e-4,0.022520509695718716,0.06758751781673773,0.04506700812101902
W02000368,2023,0.04806608689707069,3.0551743358926085e-4,0.023815092049661472,0.08947698455800435,0.06566189250834287
W02000369,2023,0.04290623742156377,1.7237131972648194e-4,0.022990664546886655,0.0749364812641128,0.051945816717226145
W02000370,2023,0.04496924454412357,2.459174730238581e-4,0.023173500862471556,0.08315489363293335,0.0599813927704618
W02000371,2023,0.04537438715204306,1.8769280557284483e-4,0.025365263542648273,0.08069886238421294,0.05533359884156466
W02000372,2023,0.05415417188240293,2.877619039310609e-4,0.031193056146152875,0.09317517928049304,0.061982123134340164
W02000373,2023,0.04994841585090522,2.5843648323235785e-4,0.025622004081389926,0.08866315803074112,0.0630411539493512
W02000374,2023,0.05003190626326581,2.4047985802520377e-4,0.028188177383733,0.08529955330331032,0.05711137591957732
W02000375,2023,0.05909235640796086,4.163511266705753e-4,0.031062560435178535,0.11718542490342554,0.086122864468247
W02000376,2023,0.04618540482827356,1.6284126281882234e-4,0.02511950525221733,0.07470290216234039,0.04958339691012306
W02000377,2023,0.04609474030206211,2.490812747953743e-4,0.02188051839647638,0.08146735046017597,0.059586832063699594
W02000378,2023,0.04682612853570965,2.2801206971772368e-4,0.02553771105941815,0.08274921023628841,0.05721149917687026
W02000379,2023,0.057151186081630494,4.642275992182299e-4,0.02453442339518732,0.10757290861393039,0.08303848521874307
W02000380,2023,0.042653574581867054,1.4643581637492967e-4,0.024499770902824958,0.07283531645664046,0.0483355455538155
W02000381,2023,0.05546510673139043,3.478967401253832e-4,0.028990532832377673,0.09866012346704675,0.06966959063466907
W02000382,2023,0.05247120065368906,4.097047619753568e-4,0.025069139277759188,0.10855211992075975,0.08348298064300055
W02000383,2023,0.04779745053544902,2.4258640046996485e-4,0.024214325262749137,0.08578188539681443,0.061567560134065294
W02000384,2023,0.04305384330619619,1.3297941576073913e-4,0.022419693566045756,0.06587391518843991,0.04345422162239415
W02000385,2023,0.050241259268082025,1.7356790420106064e-4,0.029649547882693757,0.08154728959253654,0.051897741709842786
W02000386,2023,0.042809788678119826,2.1030743311029686e-4,0.020291764437981197,0.07605624849860937,0.05576448406062817
W02000387,2023,0.04356302308303109,1.9201603304629586e-4,0.02404030866191091,0.07424898077675354,0.05020867211484263
W02000388,2023,0.04846378391681702,2.7991976728389327e-4,0.025607123517496187,0.09065597954731941,0.06504885602982322
W02000389,2023,0.047604778865894926,1.4882127301321177e-4,0.02802886156520567,0.07656823356250275,0.04853937199729708
W02000390,2023,0.04596256547830077,2.1755828749061654e-4,0.022187639706987818,0.08113556273926945,0.05894792303228163
W02000391,2023,0.06382478287255382,3.9197842229801196e-4,0.03602839686520795,0.10971745650218953,0.07368905963698158
W02000392,2023,0.051762538501690256,2.3156019688489666e-4,0.028867815946655762,0.09098654683232893,0.06211873088567317
W02000393,2023,0.052416402698515045,2.9998958936923437e-4,0.027518023661401644,0.08885460921311847,0.061336585551716824
W02000394,2023,0.0728005649528994,4.844489918139774e-4,0.038613335197520283,0.12228012737996377,0.0836667921824435
W02000395,2023,0.05289675077077817,2.763769944276833e-4,0.027412192919959825,0.09449231406856243,0.0670801211486026
W02000396,2023,0.06356928185999006,3.4757655300408105e-4,0.03547558531540777,0.10770314471330608,0.07222755939789831
W02000397,2023,0.0529635646534637,2.6042997644950286e-4,0.029686087397842488,0.08748903350684292,0.057802946109000435
W02000398,2023,0.08554726646876869,6.724083520868275e-4,0.044701790532236454,0.14407431154923728,0.09937252101700082
W02000399,2023,0.07166414002522087,5.70382002888824e-4,0.03633476353195858,0.12719419701554693,0.09085943348358835
W02000400,2023,0.056022300839182956,2.280155114315834e-4,0.033923310911434745,0.09227510448170004,0.05835179357026529
W02000401,2023,0.06529155741457252,4.986140401524883e-4,0.030722571927278407,0.1191513639708375,0.08842879204355909
W02000402,2023,0.0678607369724401,5.587099406875474e-4,0.03488912048218856,0.12684024148400738,0.09195112100181882
W02000403,2023,0.054985886281464266,3.06955304058042e-4,0.030153975478934576,0.09873305219536377,0.0685790767164292
W02000404,2023,0.06072041033137966,3.371763039854512e-4,0.0336044110267361,0.10203685675411958,0.06843244572738348
W02000405,2023,0.056375572360557284,4.089463657926457e-4,0.025952157844328076,0.10872632100784754,0.08277416316351946
W02000406,2023,0.07210904209471092,7.1271415269018e-4,0.03661934657304823,0.14108876583338315,0.10446941926033491
W02000407,2023,0.0491560556357599,3.79916485872615e-4,0.022104112047469086,0.10425281789577089,0.0821487058483018
W02000408,2023,0.06401166197179131,4.325345847561555e-4,0.031096693171804073,0.105855245762149,0.07475855259034492
W02000409,2023,0.05185901861910215,3.0506699012799456e-4,0.02512242640006921,0.09325285305278484,0.06813042665271563
W02000410,2023,0.07973921066572413,8.15873132073374e-4,0.04287765357542385,0.16363379583980164,0.1207561422643778
W02000411,2023,0.052835321677594804,4.3146499832898556e-4,0.024566395305349202,0.10036770067925305,0.07580130537390384
W02000412,2023,0.06430551339528899,4.123075703564383e-4,0.035370490421230694,0.11503593315115984,0.07966544272992915
W02000414,2023,0.03552811346714742,8.765223557061248e-5,0.021928799911065274,0.06055921972438042,0.03863041981331515
W02000415,2023,0.0426743660695678,1.426147008327903e-4,0.024114806303841094,0.07292640288721232,0.048811596583371225
W02000416,2023,0.03368383334909137,5.990089692632811e-5,0.020658030206150667,0.05351991456910217,0.0328618843629515
W02000417,2023,0.033764874106023926,9.03577719215165e-5,0.01809682779105827,0.055150205460241714,0.03705337766918344
W02000418,2023,0.038917623525459855,1.1555102177699719e-4,0.022006440011897624,0.06510190685168885,0.04309546683979122
W02000419,2023,0.03137342275006079,1.3574513664327934e-4,0.014206822257054373,0.062257553952231495,0.048050731695177124
W02000421,2023,0.04215842091817272,1.195448227808611e-4,0.025376303122755153,0.06971018460186004,0.044333881479104886
W02000422,2023,0.07227586003833308,5.608181920744997e-4,0.03694390799377734,0.1264478922734499,0.08950398427967257
W02000423,2023,0.06722976111357239,3.5466675952681737e-4,0.039322280411314,0.11196584139595236,0.07264356098463837
W02000424,2023,0.03604896101863585,1.148829921044447e-4,0.018459253591730104,0.0608808263694868,0.0424215727777567
W02000425,2023,0.04971285992267937,2.1996703395025174e-4,0.027433179593774205,0.08097398677925141,0.053540807185477206
W02000426,2023,0.03621215528535345,1.7764684129842106e-4,0.017000916778138114,0.06524696428936155,0.04824604751122344
W02000427,2023,0.03206194966726593,6.206201825429364e-5,0.01842649125205531,0.04905030096995355,0.030623809717898243
W02000428,2023,0.033852120348624934,1.1438693517793738e-4,0.017455650254468165,0.05760342369518115,0.040147773440712985
W02000001,2025,0.040134566499447945,1.6800294947019617e-4,0.020386991236169327,0.07152687131874919,0.05113988008257986
W02000002,2025,0.03193122698902987,8.454821319149076e-5,0.01383707825115685,0.05186568349084694,0.038028605239690094
W02000003,2025,0.0665936988007569,9.377935122814529e-4,0.024813307644890217,0.13703419253229335,0.11222088488740313
W02000004,2025,0.05303246681866673,3.099916807231894e-4,0.02605328663502314,0.09495439383587716,0.06890110720085402
W02000005,2025,0.029625356774991847,9.740372572753917e-5,0.013484214494741315,0.051079033877417426,0.037594819382676115
W02000006,2025,0.043103500045017874,1.496525462462122e-4,0.02167430204582827,0.07152704717875122,0.04985274513292295
W02000007,2025,0.04973932657323179,2.1463136298863263e-4,0.027238362717896362,0.08248129367595838,0.05524293095806202
W02000008,2025,0.03199518836729518,1.5782943719953554e-4,0.013853880565900298,0.06289944079850597,0.04904556023260567
W02000009,2025,0.03815009346010825,1.4399540026990447e-4,0.020721060956593894,0.0676140515693191,0.046892990612725206
W02000010,2025,0.05204385488881669,5.320816215827343e-4,0.01777152544000106,0.10706732922493674,0.08929580378493568
W02000011,2025,0.04163783529942995,1.9989918417892468e-4,0.01800232755649876,0.06963903268388846,0.0516367051273897
W02000012,2025,0.0388895503276217,1.326664790670418e-4,0.018959534114664202,0.0651731242152958,0.04621359010063159
W02000013,2025,0.0405825026480199,1.9543853243495085e-4,0.016891905267442622,0.06690549412842495,0.050013588860982325
W02000014,2025,0.041559037998562934,1.3526181405374815e-4,0.022899838254405794,0.0718766547827843,0.0489768165283785
W02000015,2025,0.03981448429248113,2.5901215604217954e-4,0.01722457281542549,0.08030571916711753,0.06308114635169204
W02000016,2025,0.038896461102647516,1.5955272904286441e-4,0.019651831369599193,0.0658764772156557,0.04622464584605651
W02000017,2025,0.03985118413806414,1.840334946886005e-4,0.020424442211886544,0.07307174764533006,0.052647305433443516
W02000018,2025,0.04089614026836551,1.2173941673752808e-4,0.02373443349028841,0.06471013799764687,0.04097570450735846
W02000019,2025,0.036639371249520346,1.2933531825384627e-4,0.020151313990130128,0.06332523562347919,0.043173921633349065
W02000020,2025,0.039081991747351955,1.8221679274724105e-4,0.020338500894163912,0.07114980829859298,0.05081130740442907
W02000021,2025,0.040376869549530466,2.8330711965382635e-4,0.015871777300487565,0.08003607672471322,0.06416429942422565
W02000022,2025,0.03373071583051968,1.0237875103669578e-4,0.015653136465666923,0.05549870129520336,0.03984556482953644
W02000023,2025,0.0377365117522832,3.739002460408905e-4,0.011479335712571748,0.0839398958465703,0.07246056013399856
W02000024,2025,0.042606433207592186,1.0371697739983211e-4,0.02623440066391205,0.06397232788429223,0.037737927220380184
W02000025,2025,0.03876780390339263,1.171172807993882e-4,0.020333171357443655,0.06328273397332804,0.04294956261588438
W02000026,2025,0.03950231220599565,1.3431338155835053e-4,0.021944926964129072,0.06901575717798505,0.04707083021385598
W02000027,2025,0.0292034874827192,2.2487745256397068e-4,0.00877980642519208,0.06115192463551751,0.05237211821032543
W02000028,2025,0.029390348966235717,1.428718654509558e-4,0.011084776301722584,0.05234144980173132,0.041256673500008736
W02000029,2025,0.028996836665182636,1.0003594391285111e-4,0.012222442497775153,0.05244784853201767,0.04022540603424252
W02000030,2025,0.03015652806454829,1.335682340464702e-4,0.011651930185776887,0.05560933332675097,0.043957403140974086
W02000031,2025,0.03417434412866636,1.5439811010562157e-4,0.015946153822157975,0.0666703920809163,0.050724238258758325
W02000032,2025,0.029704289997354145,1.155903502087913e-4,0.012017576685173597,0.05459300609133523,0.04257542940616163
W02000033,2025,0.03816363653927065,1.528044284919326e-4,0.017574144196587448,0.06482579673021072,0.04725165253362327
W02000034,2025,0.03978879411235165,1.643217447198879e-4,0.021285746630252747,0.06967189398521112,0.04838614735495837
W02000035,2025,0.03729623343704703,1.22853497155275e-4,0.018111277972180193,0.061279053226360486,0.04316777525418029
W02000036,2025,0.03464230117427561,1.0940657761576716e-4,0.01895695999977117,0.058106760667816615,0.039149800668045444
W02000037,2025,0.0354752397562989,1.0279563420326073e-4,0.017588464702499234,0.058799354462979486,0.04121088976048025
W02000038,2025,0.03352580431741405,1.0852527486508292e-4,0.016635066483309986,0.058175174802606366,0.04154010831929638
W02000039,2025,0.034373715893996064,1.4443799317800558e-4,0.015485289002196267,0.061237341807522175,0.045752052805325905
W02000040,2025,0.03763635976762963,1.1799739265220681e-4,0.02132938817554585,0.0643807840029317,0.04305139582738586
W02000041,2025,0.03769797919921571,8.441030928051943e-5,0.022186331849458375,0.059212692608593194,0.03702636075913482
W02000042,2025,0.03868106692072891,2.0358383139825655e-4,0.018094339853041173,0.06990013884381857,0.0518057989907774
W02000043,2025,0.0449149408423059,2.2990647366808153e-4,0.023456381668180936,0.0816427017326234,0.058186320064442465
W02000044,2025,0.041886288998686065,1.7137975564497155e-4,0.02203552677468374,0.06951788094701694,0.0474823541723332
W02000045,2025,0.04045254164042402,2.0185420009853327e-4,0.01810794263946813,0.07236448587810587,0.05425654323863774
W02000047,2025,0.040539524774109666,3.1111408366108113e-4,0.015591132649776351,0.08136628018012121,0.06577514753034486
W02000049,2025,0.04458200715029845,1.285190234446204e-4,0.025915373590958427,0.06973726905809052,0.043821895467132096
W02000050,2025,0.035869467594923654,1.0595194137313292e-4,0.01942343517094021,0.05859872555120258,0.03917529038026237
W02000051,2025,0.04016223055277869,1.3241489675545895e-4,0.02319953442564559,0.06834885562780986,0.04514932120216427
W02000052,2025,0.044488911247694274,1.8758322691839172e-4,0.024088012585597895,0.07974786264529848,0.05565985005970059
W02000053,2025,0.041819605853708176,1.291024817849777e-4,0.023057523098271332,0.06746519861779679,0.04440767551952546
W02000054,2025,0.04173544593507919,1.0189621252311619e-4,0.026432213655267784,0.06590098614129644,0.03946877248602866
W02000055,2025,0.05086613709281621,2.5495791209821135e-4,0.02562036876487062,0.09444680672121027,0.06882643795633965
W02000056,2025,0.04281178165314948,1.1725536995622288e-4,0.025377373471630656,0.06879103299826742,0.043413659526636755
W02000057,2025,0.04081701830122295,1.0334746813148618e-4,0.025278431509126086,0.06134165726889542,0.036063225759769335
W02000058,2025,0.043081710507654476,1.7983253451386882e-4,0.02330078624962376,0.07259699044875877,0.04929620419913501
W02000059,2025,0.0440883621465041,1.8016862773259233e-4,0.022961866015519004,0.07728932114908744,0.054327455133568445
W02000060,2025,0.04343032239091866,1.8475296097818222e-4,0.01860124540309189,0.07324004597654205,0.05463880057345016
W02000061,2025,0.04749999438474937,2.6026987768834104e-4,0.02187222048853372,0.08622423039248561,0.06435200990395189
W02000062,2025,0.041152654263195684,1.421924198380828e-4,0.021721656731353393,0.06794353936437522,0.04622188263302183
W02000063,2025,0.037744094665000845,1.0030006469195219e-4,0.020388022541595906,0.06133329107826079,0.040945268536664886
W02000064,2025,0.04401041152047055,2.9222776607796397e-4,0.018833668056656643,0.08446612220209558,0.06563245414543895
W02000065,2025,0.04352842203491974,2.364425475807918e-4,0.0212873320517813,0.0795620760057133,0.058274743953932
W02000066,2025,0.04419453911211522,2.222600376057558e-4,0.018469853942163612,0.07496224079298125,0.05649238685081764
W02000067,2025,0.04046313778499774,1.4387273585513138e-4,0.019765961002438385,0.0700819669623817,0.050316005959943316
W02000068,2025,0.04781331840842001,3.3554809509394717e-4,0.025281013308244015,0.0873777281738891,0.06209671486564508
W02000069,2025,0.03909060752077805,1.086757194385803e-4,0.020538957342795122,0.06413139667327865,0.043592439330483526
W02000070,2025,0.04278232455811367,1.8728161692611867e-4,0.02010786879744029,0.07279588715321642,0.05268801835577613
W02000071,2025,0.0402615477587418,1.4383191422106585e-4,0.02085222255145877,0.0701463451531178,0.049294122601659024
W02000072,2025,0.04502531088092149,1.804820624513831e-4,0.023489484089821766,0.08026266430449464,0.05677318021467287
W02000073,2025,0.03889049431783037,1.2051737394488139e-4,0.019247521041824592,0.062361324838208755,0.04311380379638416
W02000074,2025,0.043832458482623474,1.5045096744955693e-4,0.02500514095252912,0.07301307749576202,0.048007936543232904
W02000075,2025,0.04234684356576312,1.538673069819141e-4,0.022520562625500597,0.06831122558199047,0.045790662956489876
W02000076,2025,0.04060413071185078,1.1788069810149996e-4,0.022874727575206737,0.06423502457156097,0.041360296996354226
W02000077,2025,0.04056557415508497,1.0667176991849469e-4,0.02399063730574004,0.06258975863843508,0.03859912133269504
W02000080,2025,0.0442718068438742,1.9366654408079395e-4,0.02181647351211296,0.07366412286768456,0.0518476493555716
W02000081,2025,0.04499510552475235,1.8873448630798908e-4,0.022980384578357136,0.07886614526614898,0.055885760687791844
W02000082,2025,0.04754717706577319,2.586796966667965e-4,0.023263274047955723,0.08330469644030197,0.06004142239234625
W02000083,2025,0.04425364367756649,1.63334191707115e-4,0.024908470314574264,0.07146598435659146,0.046557514042017197
W02000085,2025,0.04220400894058278,1.767494167377467e-4,0.021201690803740333,0.07367137904091312,0.05246968823717278
W02000087,2025,0.06285574419324065,5.509024592713854e-4,0.0272213114704503,0.11343744862150819,0.08621613715105789
W02000088,2025,0.04718280447979462,2.4119343342554023e-4,0.02159266932577295,0.08406716481192093,0.06247449548614799
W02000089,2025,0.055167904646693695,7.068796986018639e-4,0.020632672927707863,0.12460556942565158,0.10397289649794372
W02000090,2025,0.04317036690548135,1.2244896596419746e-4,0.023547763767714128,0.07293421532777042,0.04938645156005629
W02000091,2025,0.04409337945902497,1.7567018516504346e-4,0.02329817091636161,0.07362322489827197,0.05032505398191036
W02000092,2025,0.044363818915589305,1.598973687493849e-4,0.02332582766190991,0.07187040056196188,0.04854457290005197
W02000093,2025,0.044841237371389064,1.308667190480041e-4,0.02467031881868162,0.0696026026341193,0.04493228381543768
W02000094,2025,0.04490350291111061,1.5412076543050345e-4,0.02227414292395438,0.07257273483668415,0.05029859191272977
W02000095,2025,0.04047895102977515,1.8299797031835757e-4,0.019289217794850207,0.07167547058175044,0.052386252786900234
W02000096,2025,0.046092664286173715,1.8407294569889403e-4,0.027060047552377328,0.07936771159762197,0.052307664045244645
W02000097,2025,0.046226983608890666,1.4069368304395663e-4,0.028017933963427777,0.07705520275274721,0.04903726878931944
W02000098,2025,0.040568507102349716,1.2043091985805135e-4,0.02314950918169342,0.06440606520048855,0.04125655601879513
W02000099,2025,0.04081678571119692,1.7819738737209087e-4,0.02011900970246584,0.07151629056005408,0.05139728085758824
W02000100,2025,0.049150628688789014,1.446999780128336e-4,0.030955330644647547,0.0778417848565327,0.046886454211885156
W02000101,2025,0.041915563164270954,1.3475253485890654e-4,0.023561174932911627,0.06653072278845082,0.04296954785553919
W02000102,2025,0.04781008250681151,2.1018677906656585e-4,0.02764936291227465,0.08656490950108767,0.05891554658881302
W02000103,2025,0.048204485836071266,1.6775773715602585e-4,0.029846503457846237,0.08143116547706256,0.05158466201921632
W02000104,2025,0.05536468807630781,2.4517781427118353e-4,0.030853134229369323,0.09325971348451877,0.06240657925514945
W02000105,2025,0.058058882412343846,3.4159996198680656e-4,0.028921211474024808,0.09555696769853683,0.06663575622451202
W02000106,2025,0.04454052673802944,1.1621855861216305e-4,0.028740054106710905,0.07017721382780878,0.04143715972109788
W02000107,2025,0.048401852506940665,1.665836011284978e-4,0.028904750233444215,0.07872768453697769,0.049822934303533475
W02000108,2025,0.04870806914639734,1.459588466259354e-4,0.03067504188909466,0.07705203958949577,0.046376997700401115
W02000109,2025,0.06451596752739211,4.325661815983806e-4,0.036210558584556705,0.10988102773517383,0.07367046915061712
W02000110,2025,0.043728295315602767,1.1056876846922059e-4,0.024616244680836646,0.06626549322526358,0.041649248544426934
W02000111,2025,0.04023091623173698,9.481394973951654e-5,0.024958148343459906,0.059491062895733755,0.03453291455227385
W02000113,2025,0.052588722127199915,4.3917073581758114e-4,0.025304446575579818,0.1055241084252283,0.08021966184964849
W02000114,2025,0.03716582753750942,8.332467525549759e-5,0.020535810292439817,0.05609105746456067,0.03555524717212085
W02000116,2025,0.04582820372442042,1.89644644380522e-4,0.024655440956252255,0.07853907392343738,0.053883632967185124
W02000117,2025,0.0767025441673834,7.507791113389719e-4,0.03907251660113342,0.14549534376706655,0.10642282716593313
W02000118,2025,0.0681146073728086,4.576914058571538e-4,0.03674881977738131,0.1213030944433646,0.08455427466598328
W02000120,2025,0.04570956103374197,1.9796866874929558e-4,0.024882417433165653,0.07769742425698722,0.05281500682382157
W02000122,2025,0.04569334745170325,1.5821904789549863e-4,0.02527404198025361,0.07375521424471773,0.04848117226446412
W02000123,2025,0.05019360523479565,1.657429711607288e-4,0.030650780292082444,0.08294094611288352,0.05229016582080108
W02000124,2025,0.04311006737346116,1.728818776097518e-4,0.02154267175730176,0.07817879876861544,0.05663612701131368
W02000125,2025,0.044612112081384304,1.0910281679474459e-4,0.02791118742841317,0.06879713153401276,0.04088594410559959
W02000126,2025,0.045874758424576154,1.4541064928331028e-4,0.027449777733669863,0.07568828661410038,0.04823850888043051
W02000127,2025,0.04425409091562137,2.313395185827305e-4,0.020903081697013322,0.08187885158529265,0.060975769888279324
W02000128,2025,0.04749476680754159,2.0967374800404625e-4,0.02478895083994055,0.08206200722401745,0.0572730563840769
W02000129,2025,0.049474319255458435,1.6203617862561037e-4,0.027263293995967157,0.0780507301475247,0.05078743615155754
W02000130,2025,0.061284400721625616,4.1153275082914673e-4,0.029521544275368655,0.1056484468119735,0.07612690253660484
W02000131,2025,0.0543448895627501,2.6713571790745467e-4,0.028909430116412095,0.08880414367908243,0.059894713562670336
W02000132,2025,0.042593249582152035,1.8272678716218358e-4,0.02098196245987085,0.07249508013964456,0.051513117679773714
W02000133,2025,0.05566609535571331,3.143980466511574e-4,0.027995590193925515,0.09885821065178774,0.07086262045786222
W02000134,2025,0.05406056073647793,3.279988162706962e-4,0.026976683255463037,0.09793962690663074,0.0709629436511677
W02000135,2025,0.05867145199988549,3.794214867594902e-4,0.028840722894689523,0.09914269178272861,0.07030196888803908
W02000136,2025,0.041258244751600115,1.685533591594191e-4,0.021745091265016905,0.07107513969036094,0.04933004842534404
W02000137,2025,0.06294715353598769,5.02852263095939e-4,0.02917609907135134,0.11965122723051369,0.09047512815916235
W02000138,2025,0.03994598749597484,2.732551467117803e-4,0.015396213276583321,0.07804691513238957,0.06265070185580625
W02000139,2025,0.03729025466155561,1.7069588349908935e-4,0.01722722103997227,0.06696501691537712,0.049737795875404854
W02000140,2025,0.0366808932255127,2.0275799291637677e-4,0.013972821722313608,0.0672497870543256,0.053276965332012
W02000141,2025,0.03751457521772899,2.0693742424241344e-4,0.016360865947822892,0.06647970569754749,0.0501188397497246
W02000142,2025,0.0464024343360724,1.690409644598254e-4,0.028343604171806758,0.07068872130595855,0.04234511713415179
W02000143,2025,0.042727085622091904,1.1369408981017865e-4,0.023607662934564996,0.06663169941121704,0.04302403647665204
W02000144,2025,0.04230672637059441,1.2980129909483768e-4,0.024479505460743983,0.0666412931222502,0.04216178766150622
W02000145,2025,0.03840319366374045,9.622096057381301e-5,0.020409256239132364,0.058495060055047524,0.038085803815915156
W02000146,2025,0.040750836318840536,1.2196349010849609e-4,0.023409499807497167,0.06627529975102085,0.042865799943523686
W02000147,2025,0.049950719260543605,1.8349930789313018e-4,0.028697844733061167,0.07821805266796081,0.04952020793489964
W02000148,2025,0.05242343958217669,3.150979671677374e-4,0.027481615914400653,0.0995482093511931,0.07206659343679245
W02000149,2025,0.045199892948038056,1.615735689049295e-4,0.025794154053066884,0.07120626084351528,0.045412106790448395
W02000151,2025,0.039776154777816916,1.0868643798850429e-4,0.02022720421066721,0.06094756171463553,0.04072035750396832
W02000152,2025,0.04139818006850047,1.1473058773000994e-4,0.023284286717735442,0.06511662800723346,0.04183234128949802
W02000153,2025,0.041364002592020006,1.5477110525200495e-4,0.021843827239816448,0.07023073319223773,0.04838690595242128
W02000154,2025,0.0427272177686704,1.6760918390590593e-4,0.022157239822272107,0.07444911563322897,0.05229187581095686
W02000156,2025,0.04185464611920879,1.4912851403208003e-4,0.022162932927475544,0.06865049129979503,0.046487558372319486
W02000157,2025,0.04234956579578809,1.4757087325073198e-4,0.024420889840991365,0.0708951320805902,0.04647424223959884
W02000158,2025,0.04401365274820644,1.611742260878855e-4,0.02506294398629482,0.07112315488824836,0.04606021090195354
W02000159,2025,0.04758610075192017,1.8473954365093783e-4,0.026381064387763845,0.0796838266032387,0.05330276221547485
W02000160,2025,0.042661817430436975,1.6794128085683308e-4,0.02390285477421692,0.07295289978618963,0.04905004501197271
W02000161,2025,0.043087838375109794,2.0071905696593818e-4,0.021872759256568022,0.07750890908266939,0.055636149826101364
W02000162,2025,0.040933490821394684,2.0026110403333018e-4,0.01816912667724276,0.07788518283580831,0.05971605615856555
W02000163,2025,0.04684759758083702,2.2555175831995321e-4,0.02493614862531987,0.0783670863285888,0.05343093770326893
W02000164,2025,0.04142060716570222,1.4241095958738927e-4,0.021042831284554097,0.06931903327588379,0.04827620199132969
W02000165,2025,0.048131780247129975,2.970301328822459e-4,0.022112711160113027,0.08928498977459354,0.06717227861448051
W02000166,2025,0.046566363294174545,2.3128191646894946e-4,0.0245511804922703,0.08440906197672979,0.05985788148445949
W02000167,2025,0.04803076739742906,2.7838101111099316e-4,0.020689687053578334,0.09122496974835867,0.07053528269478034
W02000168,2025,0.04568650154535762,2.0652564722263228e-4,0.023614239329621246,0.07620254978597377,0.052588310456352524
W02000169,2025,0.04448784335369383,1.4023113248744183e-4,0.025765662697938205,0.07235010288694924,0.046584440189011034
W02000170,2025,0.03890409066622933,1.6578457133203342e-4,0.020108612989449503,0.07291372613289909,0.052805113143449586
W02000171,2025,0.03898786150462546,1.1962692361723385e-4,0.02153126830919941,0.0652507273787083,0.04371945906950889
W02000172,2025,0.03876771930057333,1.8666954054254677e-4,0.016573413737255772,0.07023946577246543,0.05366605203520965
W02000173,2025,0.0420006354441091,1.648787190544477e-4,0.020999108302601995,0.07133686889305238,0.050337760590450385
W02000174,2025,0.036063734370783036,1.2211537967346344e-4,0.01753635352296802,0.06051722381911437,0.04298087029614635
W02000175,2025,0.03636159650770241,1.4993496199185898e-4,0.01549819899361596,0.05976997594531139,0.04427177695169543
W02000176,2025,0.03598732980268916,1.1233983626302898e-4,0.01928946302554661,0.061151764162445395,0.04186230113689879
W02000177,2025,0.03743467267335612,1.6938641588497782e-4,0.016763441934231703,0.06418180773372309,0.04741836579949139
W02000178,2025,0.04205033829185743,2.2187241684333274e-4,0.018763213841354952,0.07496410420889169,0.056200890367536734
W02000179,2025,0.036382447421533244,1.408909072894327e-4,0.01785281029342081,0.06364619097948587,0.04579338068606506
W02000180,2025,0.038892647795202545,1.3903106074404696e-4,0.020275095654675952,0.06469503716567165,0.0444199415109957
W02000181,2025,0.0378066499656723,1.8366990913416727e-4,0.01994899950325953,0.06922223410609933,0.049273234602839805
W02000182,2025,0.03966797507527756,1.9914210870818994e-4,0.018971673399748177,0.07169550511874112,0.05272383171899295
W02000183,2025,0.04326521129997624,2.1917330805674504e-4,0.020724742442563653,0.0765840965265514,0.05585935408398775
W02000184,2025,0.040103856420612496,1.531056111629758e-4,0.021738389319007657,0.06709991001542201,0.04536152069641435
W02000185,2025,0.038368287838330434,1.854376348874603e-4,0.01581365379244768,0.07085218022382293,0.05503852643137525
W02000186,2025,0.041394627162942135,2.0486065824019254e-4,0.019400098579859762,0.07522067184334091,0.05582057326348115
W02000188,2025,0.046095554155354344,3.1897472331880017e-4,0.020595728130747483,0.08716655309103508,0.0665708249602876
W02000189,2025,0.04196375295493198,1.7304766106038128e-4,0.018831617422947526,0.07114366426768376,0.05231204684473623
W02000191,2025,0.05285695341644645,3.268376399607827e-4,0.026663937506734514,0.09025375848594444,0.06358982097920993
W02000192,2025,0.04547096357888259,2.951278466311202e-4,0.02089254209209017,0.08074086971155453,0.05984832761946436
W02000193,2025,0.05442025908425416,4.0503948535662744e-4,0.02655601814081571,0.10366528349244535,0.07710926535162964
W02000194,2025,0.04494460288360367,2.2928933546599898e-4,0.021426163551086258,0.07962893771537698,0.05820277416429072
W02000195,2025,0.0375457422490376,1.6546917741078657e-4,0.0171693148103784,0.0679313887811128,0.050762073970734393
W02000196,2025,0.0470540325283481,4.3621576690724967e-4,0.0189273816694243,0.09974587809268687,0.08081849642326257
W02000197,2025,0.03498321680505258,1.7999466092791653e-4,0.01707824606907466,0.06378113896833669,0.04670289289926203
W02000198,2025,0.04490709472816321,3.3304455437001187e-4,0.019927534549310337,0.08753417737429628,0.06760664282498594
W02000200,2025,0.040241135497865586,1.1703782625185578e-4,0.02138115969079917,0.06267985971804296,0.04129870002724379
W02000201,2025,0.03809990562117035,9.261214070266693e-5,0.021662716075426462,0.06050473112633116,0.0388420150509047
W02000202,2025,0.04125705333082542,1.149968100624873e-4,0.02472047918869622,0.06548127342942592,0.0407607942407297
W02000204,2025,0.03675844041404071,1.214936826446852e-4,0.019160445108768038,0.06268591266178469,0.04352546755301666
W02000205,2025,0.03464461011383186,1.0522044356609297e-4,0.015901051423125912,0.06009467287308325,0.04419362144995734
W02000206,2025,0.03361212183778815,1.3602801787056818e-4,0.014891526854825032,0.05908523795275779,0.044193711097932756
W02000207,2025,0.03171265664344229,8.361575926846789e-5,0.015880195610887632,0.052185120540907966,0.036304924930020334
W02000208,2025,0.046958630900422224,2.380919833145722e-4,0.023363959325166127,0.08621684827769596,0.06285288895252983
W02000210,2025,0.03449569742196123,1.365893666588073e-4,0.015172728549569373,0.06197898452511173,0.04680625597554236
W02000211,2025,0.0369627304440732,1.5096323195744392e-4,0.016226764593559463,0.06438139566011628,0.04815463106655681
W02000212,2025,0.03685934956894205,1.1286654595419137e-4,0.019943158499544665,0.06044606112061758,0.040502902621072916
W02000213,2025,0.03404381079575087,1.2381929556342256e-4,0.016307727806989036,0.05588604550093319,0.039578317693944154
W02000214,2025,0.03333949914810131,1.6997777071843173e-4,0.01333621274543947,0.06204663217475567,0.0487104194293162
W02000215,2025,0.0327467831558354,1.7157586934177176e-4,0.012227056097400331,0.06115470510868708,0.048927649011286746
W02000216,2025,0.034419326101056476,1.2252722203973796e-4,0.017491518593580814,0.05916326925333361,0.041671750659752795
W02000217,2025,0.037636709287031826,1.0945546929769433e-4,0.020749146312002885,0.06048539040876634,0.039736244096763455
W02000218,2025,0.0402199763005952,1.3225097978066642e-4,0.020624766157412794,0.06422702084020761,0.043602254682794814
W02000219,2025,0.036840811888160296,1.2953220081509385e-4,0.017208950713015574,0.060376209236356365,0.04316725852334079
W02000220,2025,0.04058614881797552,1.2514305232755907e-4,0.02142864707100195,0.06334025564237852,0.041911608571376574
W02000221,2025,0.03924730233481452,9.943388972766967e-5,0.020692973260643087,0.059380808584319225,0.03868783532367614
W02000222,2025,0.03890652685841626,1.3844583555015815e-4,0.019825308082667584,0.06316059130622007,0.043335283223552484
W02000223,2025,0.03791449503261029,1.0281829607349186e-4,0.02058084156682906,0.06012016426884678,0.039539322702017723
W02000224,2025,0.04100495955280947,1.3735067716742088e-4,0.021757319903415534,0.06472344885495628,0.04296612895154074
W02000225,2025,0.04246662927545998,1.950017740708709e-4,0.019125002851004196,0.07382194862142763,0.05469694577042343
W02000226,2025,0.03882121703284444,1.1588599813851023e-4,0.01841196073064453,0.06337133325595425,0.04495937252530972
W02000227,2025,0.04453498839619813,1.7719686432031542e-4,0.02285930689481011,0.07627237338091039,0.05341306648610028
W02000228,2025,0.04950054689452042,1.9712505016021263e-4,0.027295385521778976,0.07762658869380196,0.050331203172022984
W02000229,2025,0.046290561222487224,2.750290186279148e-4,0.0215282655990885,0.08475256518397345,0.06322429958488496
W02000230,2025,0.04235171537517594,1.6017501997430382e-4,0.022569279885828637,0.07253288631227128,0.049963606426442646
W02000231,2025,0.04873840495565923,3.016104740670282e-4,0.023063559329054427,0.09238684290622234,0.06932328357716791
W02000232,2025,0.0404772685030768,1.3615577638959514e-4,0.02247189601070506,0.06550308286040758,0.04303118684970252
W02000233,2025,0.04168532433863369,2.1919932069250147e-4,0.020225100821807084,0.07117460579750856,0.05094950497570148
W02000234,2025,0.0438954583296498,0.00026604570720198324,0.019214937576414556,0.08216877026124489,0.06295383268483033
W02000235,2025,0.034272033491103124,1.618974969900968e-4,0.013651865949042745,0.06817776365629681,0.054525897707254065
W02000236,2025,0.036334672650711275,1.9788891944472127e-4,0.013986735964333958,0.06719740990797943,0.05321067394364547
W02000237,2025,0.04364748638430998,1.7678211294074454e-4,0.023474893972875728,0.07250662176163515,0.04903172778875942
W02000238,2025,0.042250205327251135,1.327128956408142e-4,0.023361355687116548,0.06994953497098096,0.04658817928386441
W02000239,2025,0.046151815687515335,1.4245485318843703e-4,0.02640498034634397,0.07524517183778526,0.04884019149144129
W02000240,2025,0.056808831007456595,3.4517175139383704e-4,0.027942372561824108,0.09718074599997381,0.0692383734381497
W02000241,2025,0.05142942557772197,3.2820036335402217e-4,0.024822230753957453,0.09650898573161307,0.07168675497765561
W02000242,2025,0.05119103626143137,2.4897479908524356e-4,0.02797724755759814,0.09184342611529701,0.06386617855769887
W02000243,2025,0.05527970665858457,2.585659054591495e-4,0.030135605432831787,0.09039101904745422,0.06025541361462244
W02000244,2025,0.0500991539426142,2.133687328211672e-4,0.028213682090546192,0.07780925463160863,0.04959557254106244
W02000245,2025,0.05473968847861874,2.2078953430404642e-4,0.030506252474644807,0.08937089878787935,0.05886464631323454
W02000246,2025,0.04725585465142362,2.3049120603204658e-4,0.025168459210227558,0.07754458082467075,0.05237612161444319
W02000247,2025,0.044575252737928846,2.0474256373296536e-4,0.022980380936942997,0.07722453143196731,0.05424415049502431
W02000248,2025,0.059478061181345146,3.7819996640301156e-4,0.031042879935508142,0.1050696048410151,0.07402672490550696
W02000249,2025,0.06251638208526047,3.697704508274531e-4,0.034644116024000096,0.1082228154231585,0.0735786993991584
W02000250,2025,0.0451860813329325,1.822386480908217e-4,0.025300410877346625,0.07375062742770597,0.048450216550359346
W02000251,2025,0.05851976109621002,2.834422747310306e-4,0.03499460198264235,0.09989988216562705,0.06490528018298469
W02000252,2025,0.04168072004894674,1.0049897025318262e-4,0.025229415618650174,0.06373255745819874,0.03850314183954856
W02000253,2025,0.04298729141343884,1.7554403546525188e-4,0.02112951090219137,0.07564049360265264,0.05451098270046127
W02000254,2025,0.042963972482431716,1.5017608386420496e-4,0.023574756880736104,0.07323123802229616,0.04965648114156005
W02000255,2025,0.04300540147884479,1.3397459176150587e-4,0.023125580205068493,0.0686597509438332,0.0455341707387647
W02000256,2025,0.04273921490626912,1.2007304450499676e-4,0.024778284234808164,0.06720124684756432,0.04242296261275615
W02000257,2025,0.0425389468852284,1.3403949745107355e-4,0.023813270260386862,0.06653600259756125,0.042722732337174385
W02000258,2025,0.043162264764274205,1.5328499160988332e-4,0.024616090547869333,0.07306751163183633,0.048451421083967
W02000259,2025,0.044254437646498265,1.8668514189267794e-4,0.02266333096489627,0.0765379275132923,0.053874596548396034
W02000260,2025,0.04557810084440002,1.3326538544678523e-4,0.027624364669082184,0.07344151727168843,0.04581715260260625
W02000261,2025,0.040116123923250945,1.4551319602972102e-4,0.021141741265518963,0.06332191254415696,0.042180171278638004
W02000262,2025,0.04031122476243295,1.8214826241591683e-4,0.021184250006137807,0.07177246566061193,0.05058821565447413
W02000263,2025,0.04416652229477428,1.2232169318159003e-4,0.022885968290327394,0.06642930436101258,0.04354333607068518
W02000264,2025,0.04606365164384858,1.626830983175144e-4,0.025318406253184086,0.07538333616325882,0.05006492991007473
W02000265,2025,0.041057116825503406,1.457745044977826e-4,0.02186455034580533,0.06813197239485291,0.04626742204904759
W02000266,2025,0.044345182814139406,1.220719229604353e-4,0.024841597017061616,0.06932223413872352,0.0444806371216619
W02000267,2025,0.04434207692469214,2.3524423521474326e-4,0.020995528048391353,0.0837058501526941,0.06271032210430275
W02000268,2025,0.045966079857911575,1.5085324549415224e-4,0.026294450154445356,0.07197593298981267,0.04568148283536731
W02000269,2025,0.0422804129977873,1.2066279541532362e-4,0.02497633924486105,0.06578480169129715,0.0408084624464361
W02000270,2025,0.04502241667763673,1.4047314288968412e-4,0.026204345421891376,0.07252467553004763,0.046320330108156255
W02000271,2025,0.04727380861010963,2.24556414398674e-4,0.023874307659906675,0.08229738004639234,0.05842307238648566
W02000272,2025,0.047892609034373035,1.4675547316290636e-4,0.02896141592353716,0.07764164342855095,0.048680227505013794
W02000273,2025,0.05748097377573591,2.921535510881843e-4,0.027186481864962087,0.09512213160421733,0.06793564973925524
W02000274,2025,0.049487136694752736,1.8823069219207387e-4,0.028080972992194947,0.08374323872400657,0.05566226573181163
W02000275,2025,0.04396891935756498,1.429558949558867e-4,0.024435168791914326,0.0712382609145843,0.04680309212266997
W02000276,2025,0.049554221431830144,2.040787519746497e-4,0.03023987632321383,0.08442408466379595,0.054184208340582116
W02000277,2025,0.046451292960877015,1.3909681691714028e-4,0.025314552056109937,0.07323951828364594,0.047924966227536
W02000278,2025,0.052613218357109595,0.00021240673663713229,0.030873985983509385,0.08577831068386774,0.05490432470035835
W02000279,2025,0.045435914688018886,1.4100375512287108e-4,0.024595084538537093,0.0727028957445249,0.04810781120598781
W02000280,2025,0.04649566880592651,1.6418400170398932e-4,0.025706715839525475,0.0760362543772791,0.05032953853775362
W02000281,2025,0.046406012789668966,1.346945812903759e-4,0.028312282020177763,0.07244291748869242,0.04413063546851465
W02000282,2025,0.050315496887841156,1.821387788411017e-4,0.029007998919717087,0.07555972079467835,0.04655172187496126
W02000284,2025,0.049848332619050834,1.651614382542819e-4,0.03234045144504717,0.07817273145955794,0.04583228001451077
W02000285,2025,0.04316427501354812,1.2136176264260526e-4,0.024994184135876153,0.0689168362484912,0.04392265211261504
W02000286,2025,0.04422920489349685,1.6388514708522085e-4,0.022280116396686006,0.06901502707486233,0.046734910678176325
W02000287,2025,0.05041510766480669,1.640647836882006e-4,0.0286940776983534,0.08368418449218297,0.05499010679382957
W02000288,2025,0.047463008116439144,1.2582882342458137e-4,0.0295426620854026,0.07256082352422819,0.043018161438825586
W02000289,2025,0.04990564046335423,1.7587050913237952e-4,0.030308698440413808,0.08001684469780486,0.04970814625739105
W02000290,2025,0.04627088906675807,1.5154776003599722e-4,0.027965515764914867,0.07491109406564513,0.04694557830073026
W02000291,2025,0.04505967317890967,1.3698727116284812e-4,0.025752400124293,0.0694622772636396,0.0437098771393466
W02000292,2025,0.043379105417392594,1.2890471230073383e-4,0.023749628426407023,0.06935629464092928,0.04560666621452226
W02000293,2025,0.04363429259548577,1.988211345093369e-4,0.021494333872685154,0.07814467673616235,0.0566503428634772
W02000294,2025,0.04020070876071497,1.1711461044406908e-4,0.023245011243877484,0.06689520505675833,0.04365019381288085
W02000295,2025,0.04030162484192392,1.1659051323424626e-4,0.022181871773621364,0.06290292320394014,0.040721051430318775
W02000296,2025,0.04294805001486604,1.1770293838602074e-4,0.02388008652480595,0.06666049953398125,0.042780413009175296
W02000297,2025,0.044096481328236854,1.3998290849405367e-4,0.025055937036610028,0.06794880800171343,0.042892870965103407
W02000298,2025,0.03974138135044204,1.2110516529564051e-4,0.019799579395275803,0.06503310486014745,0.045233525464871645
W02000299,2025,0.0406111937751984,1.897058187970607e-4,0.01890593383211782,0.07727474578881366,0.05836881195669584
W02000300,2025,0.040604314077574505,1.2219620884677243e-4,0.02261715580440722,0.06594105099180603,0.043323895187398806
W02000301,2025,0.04499822199103223,1.1035455508274859e-4,0.027711906511962797,0.06811798803126128,0.040406081519298476
W02000302,2025,0.04481520434706875,1.227237344473183e-4,0.025024360933721262,0.06878470421072666,0.0437603432770054
W02000303,2025,0.039432155998510736,1.1422644056564058e-4,0.021550582960678757,0.0653125519826507,0.043761969021971936
W02000304,2025,0.04010878242173028,1.0443242568881951e-4,0.021943246697830418,0.06019027729742456,0.03824703059959414
W02000305,2025,0.038259773359092634,1.576904878182306e-4,0.01802736810493225,0.06334197712033598,0.04531460901540374
W02000306,2025,0.03887417296571491,1.1405360838622756e-4,0.020132248462672513,0.06296739624565677,0.04283514778298425
W02000307,2025,0.04920136841636847,1.7823071610280401e-4,0.025923414696371647,0.07741991581377144,0.0514965011173998
W02000308,2025,0.044723832620073393,1.553746923404921e-4,0.023420003322271763,0.07057354149077141,0.047153538168499654
W02000309,2025,0.041958029053487306,1.2525125463343808e-4,0.02243065188432533,0.06434752765199786,0.04191687576767253
W02000310,2025,0.040766178770774694,1.0615197715648375e-4,0.023702087228849814,0.0612255300027108,0.03752344277386098
W02000311,2025,0.0467706270981473,1.803106236681358e-4,0.024593441929556294,0.0715491308965425,0.0469556889669862
W02000312,2025,0.04351642001712068,1.4803324736173843e-4,0.023022697555870393,0.07080029422998403,0.04777759667411364
W02000313,2025,0.04608143728004881,0.00014425207737198616,0.026523714529215228,0.07087016702988133,0.0443464525006661
W02000314,2025,0.03984092825731349,1.0497454644577172e-4,0.022683116748044112,0.06285207809348893,0.040168961345444815
W02000315,2025,0.04195726614679709,1.6003215637521587e-4,0.021535928126660227,0.07128401179911939,0.04974808367245916
W02000316,2025,0.041331032651568816,1.1335225157743271e-4,0.025595765457669485,0.06751842680507902,0.04192266134740954
W02000317,2025,0.03896404587242871,9.658526628412086e-5,0.02150491654151079,0.05924076996007921,0.037735853418568416
W02000318,2025,0.042375669818977266,1.3615109353905323e-4,0.022891855552427225,0.06809170616864278,0.04519985061621556
W02000319,2025,0.04199940736310893,1.3596558223889313e-4,0.022464557110005674,0.06513108674405257,0.0426665296340469
W02000320,2025,0.040887623302531394,1.0726415911073119e-4,0.02404606271710934,0.06442632733534454,0.0403802646182352
W02000321,2025,0.038076757897634136,1.3077367114553283e-4,0.020331455871457745,0.0635244310427654,0.04319297517130765
W02000322,2025,0.03884705530754967,9.242315130790374e-5,0.02249220319643308,0.06030002427921904,0.03780782108278596
W02000323,2025,0.04155627945474671,1.4460514820026845e-4,0.02152076275907982,0.06771308958022193,0.04619232682114211
W02000324,2025,0.03824957224772678,1.0571341883499912e-4,0.020371950184932715,0.05915492709267937,0.03878297690774665
W02000325,2025,0.03994998135553954,1.4239029599327034e-4,0.019826557270598042,0.06479593141497461,0.04496937414437657
W02000326,2025,0.036205291832875325,9.236204142366461e-5,0.02008308459947894,0.057063152007336256,0.036980067407857316
W02000327,2025,0.03506327331048298,1.0186018642185345e-4,0.019512327050143167,0.05653744237466217,0.037025115324519006
W02000328,2025,0.03560211134993345,1.1855700662078859e-4,0.017252912450085266,0.06076336513046872,0.04351045268038345
W02000329,2025,0.037225031701502216,1.258275625108721e-4,0.018451692787953444,0.06247906140035976,0.04402736861240632
W02000330,2025,0.036332592671171365,1.0359440792791299e-4,0.019166242446212275,0.0586753219020419,0.03950907945582963
W02000331,2025,0.04501992436110456,1.8684069696581372e-4,0.023539111544986766,0.072616919946069,0.04907780840108224
W02000332,2025,0.038016993656693844,1.1206794859469884e-4,0.020011556169438248,0.060289279110315154,0.040277722940876906
W02000333,2025,0.04111804456259946,1.5525863885080052e-4,0.0199347285638867,0.06892298381845322,0.048988255254566515
W02000334,2025,0.038715218152675944,1.2642290257702902e-4,0.020506266953131853,0.061794745623938496,0.04128847867080664
W02000335,2025,0.035736845234680355,8.256627019129652e-5,0.019908630711521456,0.05466522517422176,0.0347565944627003
W02000336,2025,0.03700495763890106,8.908759552336368e-5,0.020639270784067354,0.05558845885925885,0.0349491880751915
W02000337,2025,0.04358673850255761,2.3532392682814148e-4,0.02111250386266592,0.07910046531389144,0.05798796145122552
W02000338,2025,0.037811122014108106,9.330297942495348e-5,0.022072764667140206,0.05904865501511672,0.03697589034797651
W02000339,2025,0.031950329237846235,1.5233599281549423e-4,0.013858992226861253,0.06105316972995049,0.04719417750308924
W02000340,2025,0.034270805780739114,9.846516618527648e-5,0.017243161693782004,0.058770203034483603,0.0415270413407016
W02000341,2025,0.032932429871296985,7.435805797588554e-5,0.019170620350888505,0.05168968294642137,0.03251906259553287
W02000342,2025,0.03854727305614571,1.3873551804250965e-4,0.02093315654420886,0.06402330282861929,0.04309014628441043
W02000343,2025,0.038639608704743166,1.6820668236458198e-4,0.01862609655637907,0.06855026062269337,0.0499241640663143
W02000344,2025,0.03794658783689376,1.0564658644039663e-4,0.02150341926345958,0.06231730463120598,0.0408138853677464
W02000345,2025,0.038293790530681736,1.9555359212163718e-4,0.017370664413439915,0.07469728347182186,0.05732661905838195
W02000346,2025,0.040063370210940044,2.038353287978955e-4,0.019622561351517177,0.07562666711530233,0.05600410576378516
W02000347,2025,0.037896391434677726,1.330523405465371e-4,0.01964842634535913,0.06281293186333187,0.04316450551797274
W02000348,2025,0.03448416040158491,1.3695422888999146e-4,0.015494546245877221,0.059490851244320686,0.04399630499844347
W02000349,2025,0.037718905441385044,1.2568106422358854e-4,0.01970335751911212,0.0609329198949274,0.04122956237581528
W02000350,2025,0.03739261301974441,1.1445776089622114e-4,0.020390724037435574,0.06316526275708739,0.04277453871965182
W02000351,2025,0.03109857313378015,1.9620411519192827e-4,0.010524725784183732,0.06454580945460098,0.05402108367041725
W02000352,2025,0.03818129204942636,1.7248167678820357e-4,0.015736363908861066,0.0661571821120554,0.050420818203194336
W02000353,2025,0.03289944928514063,1.7785994702301802e-4,0.011504130969078317,0.06257238405245516,0.05106825308337684
W02000354,2025,0.030471178160770475,1.347949749192614e-4,0.01244884437982508,0.05584946020494888,0.0434006158251238
W02000355,2025,0.03848033859483035,1.1660382329770522e-4,0.020305722845737145,0.0628098114704471,0.04250408862470996
W02000356,2025,0.037435483468620426,1.6293117611007049e-4,0.015530589338980834,0.06652008035728696,0.050989491018306125
W02000357,2025,0.03378477565891775,1.9221223483551966e-4,0.012834581373323398,0.0662807428370022,0.053446161463678796
W02000358,2025,0.039224595422784544,1.7690476980583908e-4,0.01781853830827732,0.07128243564265963,0.05346389733438231
W02000359,2025,0.03533876903498593,1.9677371229911736e-4,0.01561895574331136,0.06940084908080536,0.053781893337494
W02000360,2025,0.0426337612423256,2.599809419694917e-4,0.017050396622827122,0.07346855979666411,0.056418163173836994
W02000361,2025,0.03433795745008439,1.4328169493681695e-4,0.01549350380578566,0.05867428119989847,0.04318077739411281
W02000362,2025,0.03849132673245861,1.5855746720646295e-4,0.017920493171957055,0.06328673253403139,0.04536623936207433
W02000363,2025,0.03710807720849525,2.3475004046783716e-4,0.013648220662365568,0.06828939556070848,0.054641174898342915
W02000364,2025,0.044860165827335326,2.885115739304192e-4,0.01555189888349378,0.0799554210501549,0.06440352216666112
W02000365,2025,0.046460489154708684,2.5732171112687155e-4,0.019315971556989678,0.08274403288279375,0.06342806132580407
W02000366,2025,0.041227865889017556,1.2194278344144474e-4,0.02220564499974199,0.06488744814500418,0.04268180314526218
W02000367,2025,0.04736897265420411,0.00019325053009747021,0.02689358601358124,0.07911426717260346,0.05222068115902222
W02000368,2025,0.055563339669849283,3.9768878945540534e-4,0.02796980208781595,0.10041125030970394,0.07244144822188799
W02000369,2025,0.04991790174642449,2.237162602471974e-4,0.027124720464026086,0.08702789277018387,0.059903172306157784
W02000370,2025,0.05213698241847953,2.980835277542021e-4,0.027276498561616576,0.09386625109662994,0.06658975253501337
W02000371,2025,0.05364423276296846,2.5036188810065703e-4,0.031097491142732477,0.09387374343518319,0.06277625229245071
W02000372,2025,0.06291802104687083,3.288508929070825e-4,0.034985566597777525,0.1054319441882387,0.07044637759046118
W02000373,2025,0.058293823953035694,3.1422659757735866e-4,0.03039886869302188,0.09456279942391663,0.06416393073089474
W02000374,2025,0.05816996353740086,3.1616167176215184e-4,0.03445945368922973,0.10161317381230013,0.0671537201230704
W02000375,2025,0.06818253776017186,5.051149434328815e-4,0.036547501525007284,0.12928611518959782,0.09273861366459053
W02000376,2025,0.05389098134307627,2.0763961358129818e-4,0.02992188200462513,0.08463976024621292,0.05471787824158779
W02000377,2025,0.05330257637929194,3.133707346307267e-4,0.025883378757312208,0.09266540179875403,0.06678202304144182
W02000378,2025,0.054490918463407576,2.8566392731692075e-4,0.028021415772894312,0.09533753770357076,0.06731612193067645
W02000379,2025,0.06636176317538328,5.972499220303666e-4,0.029876426594035298,0.12964943419435648,0.09977300760032118
W02000380,2025,0.04965488271383148,1.7476416131395e-4,0.03003716991190648,0.07929360920618095,0.049256439294274465
W02000381,2025,0.06484585093462256,4.1759942867996755e-4,0.03342315504926014,0.11378891470952246,0.08036575966026233
W02000382,2025,0.06116709803421735,4.770519099500592e-4,0.02918430075551657,0.11156422903735308,0.08237992828183652
W02000383,2025,0.05629776544137508,2.974385148409586e-4,0.02942793405463413,0.09456117402364975,0.06513323996901561
W02000384,2025,0.050480803420210545,1.7469327115972503e-4,0.02665009911340769,0.076924967463668,0.050274868350260314
W02000385,2025,0.06027776165457687,2.307677335011542e-4,0.038887088572970886,0.09670932371216034,0.05782223513918946
W02000386,2025,0.04953769882523732,2.5464476314956844e-4,0.024364626054503624,0.08526669389753233,0.06090206784302871
W02000387,2025,0.05143427617779433,2.2840046128697888e-4,0.029419960864640195,0.0862022142603753,0.05678225339573511
W02000388,2025,0.056532627936898935,3.275530113066931e-4,0.03031782586140561,0.10454231879208506,0.07422449293067945
W02000389,2025,0.05583038882214474,1.9355193976413706e-4,0.03170814647195736,0.08670337086366495,0.054995224391707585
W02000390,2025,0.053320478811902564,2.719852463322569e-4,0.027564852046208885,0.09007467830329843,0.06250982625708955
W02000391,2025,0.07625476555992478,5.302429446741021e-4,0.045273779892500546,0.12647441906616427,0.08120063917366373
W02000392,2025,0.059850193761164454,2.6868324936151714e-4,0.03508407386420062,0.10173287926069388,0.06664880539649326
W02000393,2025,0.06097458294477169,3.8275217483867586e-4,0.03277486769171009,0.1088517628616512,0.07607689516994111
W02000394,2025,0.08384180397634144,6.185448512644819e-4,0.042081885260450175,0.14176643075843057,0.09968454549798039
W02000395,2025,0.061417991036412295,3.4433932802563e-4,0.03151765308758216,0.1070382191927397,0.07552056610515753
W02000396,2025,0.0745060616513853,4.4964061490126826e-4,0.04247553347340981,0.12428476258982568,0.08180922911641587
W02000397,2025,0.061844015229297444,3.4465577229989106e-4,0.033775667021311684,0.10286680391680467,0.06909113689549298
W02000398,2025,0.09768746056308081,8.844498634087667e-4,0.0525708455012556,0.16450599609023414,0.11193515058897854
W02000399,2025,0.08253946637700733,7.384043425577397e-4,0.04217818861826583,0.14176088849793197,0.09958269987966614
W02000400,2025,0.06486236126587851,2.705929589279048e-4,0.03868454958216975,0.10587574191655891,0.06719119233438917
W02000401,2025,0.07585655054870692,6.341090940394216e-4,0.037842272806304186,0.13208981302042944,0.09424754021412525
W02000402,2025,0.07804778497331132,7.022010490194223e-4,0.039162436927017055,0.14751134868385432,0.10834891175683727
W02000403,2025,0.06423218711706227,3.819579732816774e-4,0.03554617815756002,0.11141046089756855,0.07586428274000853
W02000404,2025,0.07059347270106338,4.418997218197509e-4,0.03862476717496478,0.11872113447212865,0.08009636729716386
W02000405,2025,0.06627273951365459,5.225805347835548e-4,0.032479253955281485,0.12344547489097735,0.09096622093569587
W02000406,2025,0.08309320512612885,8.126187874038456e-4,0.04284014738413242,0.15755248393100038,0.11471233654686797
W02000407,2025,0.0575639377304774,4.902727857979837e-4,0.02442797664869779,0.11560731371546226,0.09117933706676447
W02000408,2025,0.07514448853081004,5.748512230581843e-4,0.03607818286121124,0.13233778825632836,0.09625960539511712
W02000409,2025,0.060262399919604255,3.828496386009049e-4,0.029263202009831346,0.10524851021304829,0.07598530820321694
W02000410,2025,0.09254258213863421,0.0010131377187302503,0.05200108979879219,0.1849847203530041,0.1329836305542119
W02000411,2025,0.0615677936216346,5.740716667382586e-4,0.029727775763389502,0.11443362624077338,0.08470585047738388
W02000412,2025,0.0743227351711601,5.222260269410786e-4,0.042181765328406604,0.13639632885483932,0.09421456352643272
W02000414,2025,0.04095612588743739,1.0989466227777283e-4,0.02594654229905231,0.06896483022466535,0.04301828792561303
W02000415,2025,0.04975593243949368,1.7654387797710815e-4,0.02926235052658368,0.08437284753464684,0.05511049700806316
W02000416,2025,0.03924833027064402,7.522385837076412e-5,0.024771156061781353,0.055380755297175385,0.030609599235394032
W02000417,2025,0.03948984457628423,1.2007054641870655e-4,0.022151472772191705,0.06254144454982684,0.040389971777635134
W02000418,2025,0.04480864910742101,1.4070383921855627e-4,0.026055947476599395,0.0735745742312161,0.04751862675461671
W02000419,2025,0.03655606092521808,1.767591090163973e-4,0.016603484385582384,0.06922418343245945,0.052620699046877065
W02000421,2025,0.04843954512875984,1.4472671914900434e-4,0.030255265025286273,0.08031065488060349,0.05005538985531721
W02000422,2025,0.08441907818054085,6.967028527253462e-4,0.046437098927261514,0.14259084676377085,0.09615374783650933
W02000423,2025,0.07851111346077583,5.009603987435636e-4,0.04421930271910655,0.12547511515762683,0.08125581243852029
W02000424,2025,0.04173435956291349,1.4112284480930783e-4,0.02227035747057063,0.06648793277191356,0.04421757530134293
W02000425,2025,0.0575420934864759,2.7764942394894164e-4,0.030765678455625892,0.09627022629147813,0.06550454783585224
W02000426,2025,0.042192864772962455,2.3777917780494633e-4,0.020476152577069754,0.07693865894078422,0.05646250636371447
W02000427,2025,0.03743409870152298,8.089150279377409e-5,0.02173542151469238,0.05578341982216774,0.03404799830747536
W02000428,2025,0.03878117803475364,1.541090790606831e-4,0.019139628125532264,0.06934193083662166,0.05020230271108939
